year,sector_abbr,nerc_region_ID,nerc_region_abbr,nerc_region_desc,scenario,load_multiplier,sector
2014,ind,5-13,PJMD,PJM / Dominion,AEO2026 Counterfactual Baseline case,1.0,Industrial
2014,ind,5-10,PJME,PJM / East,AEO2026 Counterfactual Baseline case,1.0,Industrial
2014,ind,5-11,PJMW,PJM / West,AEO2026 Counterfactual Baseline case,1.0,Industrial
2014,ind,5-16,SRCE,SERC Reliability Corporation / Central,AEO2026 Counterfactual Baseline case,1.0,Industrial
2014,ind,5-14,SRCA,SERC Reliability Corporation / East,AEO2026 Counterfactual Baseline case,1.0,Industrial
2014,ind,5-15,SRSE,SERC Reliability Corporation / Southeastern,AEO2026 Counterfactual Baseline case,1.0,Industrial
2014,ind,5-18,SPPC,Southwest Power Pool / Central,AEO2026 Counterfactual Baseline case,1.0,Industrial
2014,ind,5-19,SPPN,Southwest Power Pool / North,AEO2026 Counterfactual Baseline case,1.0,Industrial
2014,ind,5-17,SPPS,Southwest Power Pool / South,AEO2026 Counterfactual Baseline case,1.0,Industrial
2014,ind,5-1,TRE,Texas Reliability Entity,AEO2026 Counterfactual Baseline case,1.0,Industrial
2014,ind,5-25,BASN,Western Electricity Coordinating Council / Basin,AEO2026 Counterfactual Baseline case,1.0,Industrial
2014,ind,5-21,CANO,Western Electricity Coordinating Council / California North,AEO2026 Counterfactual Baseline case,1.0,Industrial
2014,ind,5-22,CASO,Western Electricity Coordinating Council / California South,AEO2026 Counterfactual Baseline case,1.0,Industrial
2014,ind,5-24,RMRG,Western Electricity Coordinating Council / Rockies,AEO2026 Counterfactual Baseline case,1.0,Industrial
2014,ind,5-12,PJMC,PJM / Commonwealth Edison,AEO2026 Counterfactual Baseline case,1.0,Industrial
2014,ind,5-20,SRSG,Western Electricity Coordinating Council / Southwest,AEO2026 Counterfactual Baseline case,1.0,Industrial
2014,res,5-2,FRCC,Florida Reliability Coordinating Council,AEO2026 Counterfactual Baseline case,1.0,Residential
2014,res,5-4,MISC,Midcontinent / Central,AEO2026 Counterfactual Baseline case,1.0,Residential
2014,res,5-5,MISE,Midcontinent / East,AEO2026 Counterfactual Baseline case,1.0,Residential
2014,res,5-6,MISS,Midcontinent / South,AEO2026 Counterfactual Baseline case,1.0,Residential
2014,res,5-3,MISW,Midcontinent / West,AEO2026 Counterfactual Baseline case,1.0,Residential
2014,res,5-8,NYCW,Northeast Power Coordinating Council / New York City and Long Island,AEO2026 Counterfactual Baseline case,1.0,Residential
2014,res,5-7,ISNE,Northeast Power Coordinating Council / New England,AEO2026 Counterfactual Baseline case,1.0,Residential
2014,res,5-9,NYUP,Northeast Power Coordinating Council / Upstate New York,AEO2026 Counterfactual Baseline case,1.0,Residential
2014,res,5-12,PJMC,PJM / Commonwealth Edison,AEO2026 Counterfactual Baseline case,1.0,Residential
2014,res,5-13,PJMD,PJM / Dominion,AEO2026 Counterfactual Baseline case,1.0,Residential
2014,res,5-10,PJME,PJM / East,AEO2026 Counterfactual Baseline case,1.0,Residential
2014,res,5-11,PJMW,PJM / West,AEO2026 Counterfactual Baseline case,1.0,Residential
2014,res,5-16,SRCE,SERC Reliability Corporation / Central,AEO2026 Counterfactual Baseline case,1.0,Residential
2014,res,5-14,SRCA,SERC Reliability Corporation / East,AEO2026 Counterfactual Baseline case,1.0,Residential
2014,ind,5-23,NWPP,Western Electricity Coordinating Council / Northwest Power Pool Area,AEO2026 Counterfactual Baseline case,1.0,Industrial
2014,ind,5-9,NYUP,Northeast Power Coordinating Council / Upstate New York,AEO2026 Counterfactual Baseline case,1.0,Industrial
2014,ind,5-7,ISNE,Northeast Power Coordinating Council / New England,AEO2026 Counterfactual Baseline case,1.0,Industrial
2014,ind,5-8,NYCW,Northeast Power Coordinating Council / New York City and Long Island,AEO2026 Counterfactual Baseline case,1.0,Industrial
2014,com,5-2,FRCC,Florida Reliability Coordinating Council,AEO2026 Counterfactual Baseline case,1.0,Commercial
2014,com,5-4,MISC,Midcontinent / Central,AEO2026 Counterfactual Baseline case,1.0,Commercial
2014,com,5-5,MISE,Midcontinent / East,AEO2026 Counterfactual Baseline case,1.0,Commercial
2014,com,5-6,MISS,Midcontinent / South,AEO2026 Counterfactual Baseline case,1.0,Commercial
2014,com,5-3,MISW,Midcontinent / West,AEO2026 Counterfactual Baseline case,1.0,Commercial
2014,com,5-8,NYCW,Northeast Power Coordinating Council / New York City and Long Island,AEO2026 Counterfactual Baseline case,1.0,Commercial
2014,com,5-7,ISNE,Northeast Power Coordinating Council / New England,AEO2026 Counterfactual Baseline case,1.0,Commercial
2014,com,5-9,NYUP,Northeast Power Coordinating Council / Upstate New York,AEO2026 Counterfactual Baseline case,1.0,Commercial
2014,com,5-12,PJMC,PJM / Commonwealth Edison,AEO2026 Counterfactual Baseline case,1.0,Commercial
2014,com,5-13,PJMD,PJM / Dominion,AEO2026 Counterfactual Baseline case,1.0,Commercial
2014,com,5-10,PJME,PJM / East,AEO2026 Counterfactual Baseline case,1.0,Commercial
2014,com,5-11,PJMW,PJM / West,AEO2026 Counterfactual Baseline case,1.0,Commercial
2014,com,5-16,SRCE,SERC Reliability Corporation / Central,AEO2026 Counterfactual Baseline case,1.0,Commercial
2014,com,5-14,SRCA,SERC Reliability Corporation / East,AEO2026 Counterfactual Baseline case,1.0,Commercial
2014,com,5-15,SRSE,SERC Reliability Corporation / Southeastern,AEO2026 Counterfactual Baseline case,1.0,Commercial
2014,com,5-18,SPPC,Southwest Power Pool / Central,AEO2026 Counterfactual Baseline case,1.0,Commercial
2014,ind,5-3,MISW,Midcontinent / West,AEO2026 Counterfactual Baseline case,1.0,Industrial
2014,ind,5-6,MISS,Midcontinent / South,AEO2026 Counterfactual Baseline case,1.0,Industrial
2014,ind,5-5,MISE,Midcontinent / East,AEO2026 Counterfactual Baseline case,1.0,Industrial
2014,ind,5-4,MISC,Midcontinent / Central,AEO2026 Counterfactual Baseline case,1.0,Industrial
2014,ind,5-2,FRCC,Florida Reliability Coordinating Council,AEO2026 Counterfactual Baseline case,1.0,Industrial
2014,com,5-23,NWPP,Western Electricity Coordinating Council / Northwest Power Pool Area,AEO2026 Counterfactual Baseline case,1.0,Commercial
2014,res,5-15,SRSE,SERC Reliability Corporation / Southeastern,AEO2026 Counterfactual Baseline case,1.0,Residential
2014,com,5-20,SRSG,Western Electricity Coordinating Council / Southwest,AEO2026 Counterfactual Baseline case,1.0,Commercial
2014,com,5-22,CASO,Western Electricity Coordinating Council / California South,AEO2026 Counterfactual Baseline case,1.0,Commercial
2014,com,5-21,CANO,Western Electricity Coordinating Council / California North,AEO2026 Counterfactual Baseline case,1.0,Commercial
2014,com,5-25,BASN,Western Electricity Coordinating Council / Basin,AEO2026 Counterfactual Baseline case,1.0,Commercial
2014,com,5-1,TRE,Texas Reliability Entity,AEO2026 Counterfactual Baseline case,1.0,Commercial
2014,com,5-17,SPPS,Southwest Power Pool / South,AEO2026 Counterfactual Baseline case,1.0,Commercial
2014,com,5-19,SPPN,Southwest Power Pool / North,AEO2026 Counterfactual Baseline case,1.0,Commercial
2014,com,5-24,RMRG,Western Electricity Coordinating Council / Rockies,AEO2026 Counterfactual Baseline case,1.0,Commercial
2014,res,5-18,SPPC,Southwest Power Pool / Central,AEO2026 Counterfactual Baseline case,1.0,Residential
2014,res,5-17,SPPS,Southwest Power Pool / South,AEO2026 Counterfactual Baseline case,1.0,Residential
2014,trans,5-23,NWPP,Western Electricity Coordinating Council / Northwest Power Pool Area,AEO2026 Counterfactual Baseline case,1.0,Transportation
2014,res,5-1,TRE,Texas Reliability Entity,AEO2026 Counterfactual Baseline case,1.0,Residential
2014,res,5-25,BASN,Western Electricity Coordinating Council / Basin,AEO2026 Counterfactual Baseline case,1.0,Residential
2014,res,5-21,CANO,Western Electricity Coordinating Council / California North,AEO2026 Counterfactual Baseline case,1.0,Residential
2014,res,5-22,CASO,Western Electricity Coordinating Council / California South,AEO2026 Counterfactual Baseline case,1.0,Residential
2014,res,5-24,RMRG,Western Electricity Coordinating Council / Rockies,AEO2026 Counterfactual Baseline case,1.0,Residential
2014,res,5-20,SRSG,Western Electricity Coordinating Council / Southwest,AEO2026 Counterfactual Baseline case,1.0,Residential
2014,res,5-23,NWPP,Western Electricity Coordinating Council / Northwest Power Pool Area,AEO2026 Counterfactual Baseline case,1.0,Residential
2014,trans,5-2,FRCC,Florida Reliability Coordinating Council,AEO2026 Counterfactual Baseline case,1.0,Transportation
2014,trans,5-4,MISC,Midcontinent / Central,AEO2026 Counterfactual Baseline case,1.0,Transportation
2014,trans,5-5,MISE,Midcontinent / East,AEO2026 Counterfactual Baseline case,1.0,Transportation
2014,trans,5-6,MISS,Midcontinent / South,AEO2026 Counterfactual Baseline case,1.0,Transportation
2014,trans,5-3,MISW,Midcontinent / West,AEO2026 Counterfactual Baseline case,1.0,Transportation
2014,trans,5-8,NYCW,Northeast Power Coordinating Council / New York City and Long Island,AEO2026 Counterfactual Baseline case,1.0,Transportation
2014,trans,5-7,ISNE,Northeast Power Coordinating Council / New England,AEO2026 Counterfactual Baseline case,1.0,Transportation
2014,trans,5-9,NYUP,Northeast Power Coordinating Council / Upstate New York,AEO2026 Counterfactual Baseline case,1.0,Transportation
2014,trans,5-12,PJMC,PJM / Commonwealth Edison,AEO2026 Counterfactual Baseline case,1.0,Transportation
2014,trans,5-13,PJMD,PJM / Dominion,AEO2026 Counterfactual Baseline case,1.0,Transportation
2014,trans,5-20,SRSG,Western Electricity Coordinating Council / Southwest,AEO2026 Counterfactual Baseline case,1.0,Transportation
2014,trans,5-24,RMRG,Western Electricity Coordinating Council / Rockies,AEO2026 Counterfactual Baseline case,1.0,Transportation
2014,trans,5-22,CASO,Western Electricity Coordinating Council / California South,AEO2026 Counterfactual Baseline case,1.0,Transportation
2014,trans,5-21,CANO,Western Electricity Coordinating Council / California North,AEO2026 Counterfactual Baseline case,1.0,Transportation
2014,trans,5-25,BASN,Western Electricity Coordinating Council / Basin,AEO2026 Counterfactual Baseline case,1.0,Transportation
2014,trans,5-1,TRE,Texas Reliability Entity,AEO2026 Counterfactual Baseline case,1.0,Transportation
2014,res,5-19,SPPN,Southwest Power Pool / North,AEO2026 Counterfactual Baseline case,1.0,Residential
2014,trans,5-17,SPPS,Southwest Power Pool / South,AEO2026 Counterfactual Baseline case,1.0,Transportation
2014,trans,5-18,SPPC,Southwest Power Pool / Central,AEO2026 Counterfactual Baseline case,1.0,Transportation
2014,trans,5-15,SRSE,SERC Reliability Corporation / Southeastern,AEO2026 Counterfactual Baseline case,1.0,Transportation
2014,trans,5-14,SRCA,SERC Reliability Corporation / East,AEO2026 Counterfactual Baseline case,1.0,Transportation
2014,trans,5-16,SRCE,SERC Reliability Corporation / Central,AEO2026 Counterfactual Baseline case,1.0,Transportation
2014,trans,5-11,PJMW,PJM / West,AEO2026 Counterfactual Baseline case,1.0,Transportation
2014,trans,5-10,PJME,PJM / East,AEO2026 Counterfactual Baseline case,1.0,Transportation
2014,trans,5-19,SPPN,Southwest Power Pool / North,AEO2026 Counterfactual Baseline case,1.0,Transportation
2015,ind,5-10,PJME,PJM / East,AEO2026 Counterfactual Baseline case,1.0,Industrial
2015,ind,5-11,PJMW,PJM / West,AEO2026 Counterfactual Baseline case,1.0,Industrial
2015,ind,5-16,SRCE,SERC Reliability Corporation / Central,AEO2026 Counterfactual Baseline case,1.0,Industrial
2015,ind,5-14,SRCA,SERC Reliability Corporation / East,AEO2026 Counterfactual Baseline case,1.0,Industrial
2015,ind,5-15,SRSE,SERC Reliability Corporation / Southeastern,AEO2026 Counterfactual Baseline case,1.0,Industrial
2015,ind,5-18,SPPC,Southwest Power Pool / Central,AEO2026 Counterfactual Baseline case,1.0,Industrial
2015,ind,5-19,SPPN,Southwest Power Pool / North,AEO2026 Counterfactual Baseline case,1.0,Industrial
2015,ind,5-17,SPPS,Southwest Power Pool / South,AEO2026 Counterfactual Baseline case,1.0,Industrial
2015,ind,5-1,TRE,Texas Reliability Entity,AEO2026 Counterfactual Baseline case,1.0,Industrial
2015,ind,5-25,BASN,Western Electricity Coordinating Council / Basin,AEO2026 Counterfactual Baseline case,1.0,Industrial
2015,ind,5-21,CANO,Western Electricity Coordinating Council / California North,AEO2026 Counterfactual Baseline case,1.0,Industrial
2015,ind,5-22,CASO,Western Electricity Coordinating Council / California South,AEO2026 Counterfactual Baseline case,1.0,Industrial
2015,ind,5-24,RMRG,Western Electricity Coordinating Council / Rockies,AEO2026 Counterfactual Baseline case,1.0,Industrial
2015,ind,5-20,SRSG,Western Electricity Coordinating Council / Southwest,AEO2026 Counterfactual Baseline case,1.0,Industrial
2015,ind,5-13,PJMD,PJM / Dominion,AEO2026 Counterfactual Baseline case,1.0,Industrial
2015,ind,5-23,NWPP,Western Electricity Coordinating Council / Northwest Power Pool Area,AEO2026 Counterfactual Baseline case,1.0,Industrial
2015,res,5-4,MISC,Midcontinent / Central,AEO2026 Counterfactual Baseline case,1.0,Residential
2015,res,5-5,MISE,Midcontinent / East,AEO2026 Counterfactual Baseline case,1.0,Residential
2015,res,5-6,MISS,Midcontinent / South,AEO2026 Counterfactual Baseline case,1.0,Residential
2015,res,5-3,MISW,Midcontinent / West,AEO2026 Counterfactual Baseline case,1.0,Residential
2015,res,5-8,NYCW,Northeast Power Coordinating Council / New York City and Long Island,AEO2026 Counterfactual Baseline case,1.0,Residential
2015,res,5-7,ISNE,Northeast Power Coordinating Council / New England,AEO2026 Counterfactual Baseline case,1.0,Residential
2015,res,5-9,NYUP,Northeast Power Coordinating Council / Upstate New York,AEO2026 Counterfactual Baseline case,1.0,Residential
2015,res,5-12,PJMC,PJM / Commonwealth Edison,AEO2026 Counterfactual Baseline case,1.0,Residential
2015,res,5-13,PJMD,PJM / Dominion,AEO2026 Counterfactual Baseline case,1.0,Residential
2015,res,5-10,PJME,PJM / East,AEO2026 Counterfactual Baseline case,1.0,Residential
2015,res,5-11,PJMW,PJM / West,AEO2026 Counterfactual Baseline case,1.0,Residential
2015,res,5-16,SRCE,SERC Reliability Corporation / Central,AEO2026 Counterfactual Baseline case,1.0,Residential
2015,res,5-14,SRCA,SERC Reliability Corporation / East,AEO2026 Counterfactual Baseline case,1.0,Residential
2015,res,5-15,SRSE,SERC Reliability Corporation / Southeastern,AEO2026 Counterfactual Baseline case,1.0,Residential
2015,res,5-2,FRCC,Florida Reliability Coordinating Council,AEO2026 Counterfactual Baseline case,1.0,Residential
2015,ind,5-12,PJMC,PJM / Commonwealth Edison,AEO2026 Counterfactual Baseline case,1.0,Industrial
2015,ind,5-9,NYUP,Northeast Power Coordinating Council / Upstate New York,AEO2026 Counterfactual Baseline case,1.0,Industrial
2015,ind,5-7,ISNE,Northeast Power Coordinating Council / New England,AEO2026 Counterfactual Baseline case,1.0,Industrial
2015,com,5-2,FRCC,Florida Reliability Coordinating Council,AEO2026 Counterfactual Baseline case,1.0,Commercial
2015,com,5-5,MISE,Midcontinent / East,AEO2026 Counterfactual Baseline case,1.0,Commercial
2015,com,5-6,MISS,Midcontinent / South,AEO2026 Counterfactual Baseline case,1.0,Commercial
2015,com,5-3,MISW,Midcontinent / West,AEO2026 Counterfactual Baseline case,1.0,Commercial
2015,com,5-8,NYCW,Northeast Power Coordinating Council / New York City and Long Island,AEO2026 Counterfactual Baseline case,1.0,Commercial
2015,com,5-7,ISNE,Northeast Power Coordinating Council / New England,AEO2026 Counterfactual Baseline case,1.0,Commercial
2015,com,5-9,NYUP,Northeast Power Coordinating Council / Upstate New York,AEO2026 Counterfactual Baseline case,1.0,Commercial
2015,com,5-12,PJMC,PJM / Commonwealth Edison,AEO2026 Counterfactual Baseline case,1.0,Commercial
2015,com,5-13,PJMD,PJM / Dominion,AEO2026 Counterfactual Baseline case,1.0,Commercial
2015,com,5-10,PJME,PJM / East,AEO2026 Counterfactual Baseline case,1.0,Commercial
2015,com,5-11,PJMW,PJM / West,AEO2026 Counterfactual Baseline case,1.0,Commercial
2015,com,5-16,SRCE,SERC Reliability Corporation / Central,AEO2026 Counterfactual Baseline case,1.0,Commercial
2015,com,5-14,SRCA,SERC Reliability Corporation / East,AEO2026 Counterfactual Baseline case,1.0,Commercial
2015,com,5-15,SRSE,SERC Reliability Corporation / Southeastern,AEO2026 Counterfactual Baseline case,1.0,Commercial
2015,com,5-18,SPPC,Southwest Power Pool / Central,AEO2026 Counterfactual Baseline case,1.0,Commercial
2015,com,5-19,SPPN,Southwest Power Pool / North,AEO2026 Counterfactual Baseline case,1.0,Commercial
2015,ind,5-8,NYCW,Northeast Power Coordinating Council / New York City and Long Island,AEO2026 Counterfactual Baseline case,1.0,Industrial
2015,ind,5-3,MISW,Midcontinent / West,AEO2026 Counterfactual Baseline case,1.0,Industrial
2015,ind,5-6,MISS,Midcontinent / South,AEO2026 Counterfactual Baseline case,1.0,Industrial
2015,ind,5-5,MISE,Midcontinent / East,AEO2026 Counterfactual Baseline case,1.0,Industrial
2015,ind,5-4,MISC,Midcontinent / Central,AEO2026 Counterfactual Baseline case,1.0,Industrial
2015,ind,5-2,FRCC,Florida Reliability Coordinating Council,AEO2026 Counterfactual Baseline case,1.0,Industrial
2015,res,5-18,SPPC,Southwest Power Pool / Central,AEO2026 Counterfactual Baseline case,1.0,Residential
2015,com,5-23,NWPP,Western Electricity Coordinating Council / Northwest Power Pool Area,AEO2026 Counterfactual Baseline case,1.0,Commercial
2015,com,5-24,RMRG,Western Electricity Coordinating Council / Rockies,AEO2026 Counterfactual Baseline case,1.0,Commercial
2015,com,5-22,CASO,Western Electricity Coordinating Council / California South,AEO2026 Counterfactual Baseline case,1.0,Commercial
2015,com,5-21,CANO,Western Electricity Coordinating Council / California North,AEO2026 Counterfactual Baseline case,1.0,Commercial
2015,com,5-25,BASN,Western Electricity Coordinating Council / Basin,AEO2026 Counterfactual Baseline case,1.0,Commercial
2015,com,5-1,TRE,Texas Reliability Entity,AEO2026 Counterfactual Baseline case,1.0,Commercial
2015,com,5-17,SPPS,Southwest Power Pool / South,AEO2026 Counterfactual Baseline case,1.0,Commercial
2015,com,5-20,SRSG,Western Electricity Coordinating Council / Southwest,AEO2026 Counterfactual Baseline case,1.0,Commercial
2015,res,5-19,SPPN,Southwest Power Pool / North,AEO2026 Counterfactual Baseline case,1.0,Residential
2015,res,5-1,TRE,Texas Reliability Entity,AEO2026 Counterfactual Baseline case,1.0,Residential
2015,res,5-25,BASN,Western Electricity Coordinating Council / Basin,AEO2026 Counterfactual Baseline case,1.0,Residential
2015,res,5-21,CANO,Western Electricity Coordinating Council / California North,AEO2026 Counterfactual Baseline case,1.0,Residential
2015,res,5-22,CASO,Western Electricity Coordinating Council / California South,AEO2026 Counterfactual Baseline case,1.0,Residential
2015,res,5-24,RMRG,Western Electricity Coordinating Council / Rockies,AEO2026 Counterfactual Baseline case,1.0,Residential
2015,res,5-20,SRSG,Western Electricity Coordinating Council / Southwest,AEO2026 Counterfactual Baseline case,1.0,Residential
2015,res,5-23,NWPP,Western Electricity Coordinating Council / Northwest Power Pool Area,AEO2026 Counterfactual Baseline case,1.0,Residential
2015,trans,5-2,FRCC,Florida Reliability Coordinating Council,AEO2026 Counterfactual Baseline case,1.0,Transportation
2015,trans,5-4,MISC,Midcontinent / Central,AEO2026 Counterfactual Baseline case,1.0,Transportation
2015,trans,5-5,MISE,Midcontinent / East,AEO2026 Counterfactual Baseline case,1.0,Transportation
2015,trans,5-6,MISS,Midcontinent / South,AEO2026 Counterfactual Baseline case,1.0,Transportation
2015,trans,5-3,MISW,Midcontinent / West,AEO2026 Counterfactual Baseline case,1.0,Transportation
2015,trans,5-8,NYCW,Northeast Power Coordinating Council / New York City and Long Island,AEO2026 Counterfactual Baseline case,1.0,Transportation
2015,trans,5-7,ISNE,Northeast Power Coordinating Council / New England,AEO2026 Counterfactual Baseline case,1.0,Transportation
2015,trans,5-9,NYUP,Northeast Power Coordinating Council / Upstate New York,AEO2026 Counterfactual Baseline case,1.0,Transportation
2015,trans,5-12,PJMC,PJM / Commonwealth Edison,AEO2026 Counterfactual Baseline case,1.0,Transportation
2015,trans,5-13,PJMD,PJM / Dominion,AEO2026 Counterfactual Baseline case,1.0,Transportation
2015,trans,5-10,PJME,PJM / East,AEO2026 Counterfactual Baseline case,1.0,Transportation
2015,trans,5-23,NWPP,Western Electricity Coordinating Council / Northwest Power Pool Area,AEO2026 Counterfactual Baseline case,1.0,Transportation
2015,trans,5-20,SRSG,Western Electricity Coordinating Council / Southwest,AEO2026 Counterfactual Baseline case,1.0,Transportation
2015,trans,5-24,RMRG,Western Electricity Coordinating Council / Rockies,AEO2026 Counterfactual Baseline case,1.0,Transportation
2015,trans,5-22,CASO,Western Electricity Coordinating Council / California South,AEO2026 Counterfactual Baseline case,1.0,Transportation
2015,trans,5-21,CANO,Western Electricity Coordinating Council / California North,AEO2026 Counterfactual Baseline case,1.0,Transportation
2015,trans,5-25,BASN,Western Electricity Coordinating Council / Basin,AEO2026 Counterfactual Baseline case,1.0,Transportation
2015,res,5-17,SPPS,Southwest Power Pool / South,AEO2026 Counterfactual Baseline case,1.0,Residential
2015,trans,5-1,TRE,Texas Reliability Entity,AEO2026 Counterfactual Baseline case,1.0,Transportation
2015,trans,5-19,SPPN,Southwest Power Pool / North,AEO2026 Counterfactual Baseline case,1.0,Transportation
2015,trans,5-18,SPPC,Southwest Power Pool / Central,AEO2026 Counterfactual Baseline case,1.0,Transportation
2015,trans,5-15,SRSE,SERC Reliability Corporation / Southeastern,AEO2026 Counterfactual Baseline case,1.0,Transportation
2015,trans,5-14,SRCA,SERC Reliability Corporation / East,AEO2026 Counterfactual Baseline case,1.0,Transportation
2015,trans,5-16,SRCE,SERC Reliability Corporation / Central,AEO2026 Counterfactual Baseline case,1.0,Transportation
2015,trans,5-11,PJMW,PJM / West,AEO2026 Counterfactual Baseline case,1.0,Transportation
2015,trans,5-17,SPPS,Southwest Power Pool / South,AEO2026 Counterfactual Baseline case,1.0,Transportation
2015,com,5-4,MISC,Midcontinent / Central,AEO2026 Counterfactual Baseline case,1.0,Commercial
2016,ind,5-11,PJMW,PJM / West,AEO2026 Counterfactual Baseline case,1.0,Industrial
2016,ind,5-16,SRCE,SERC Reliability Corporation / Central,AEO2026 Counterfactual Baseline case,1.0,Industrial
2016,ind,5-14,SRCA,SERC Reliability Corporation / East,AEO2026 Counterfactual Baseline case,1.0,Industrial
2016,ind,5-15,SRSE,SERC Reliability Corporation / Southeastern,AEO2026 Counterfactual Baseline case,1.0,Industrial
2016,ind,5-18,SPPC,Southwest Power Pool / Central,AEO2026 Counterfactual Baseline case,1.0,Industrial
2016,ind,5-19,SPPN,Southwest Power Pool / North,AEO2026 Counterfactual Baseline case,1.0,Industrial
2016,ind,5-17,SPPS,Southwest Power Pool / South,AEO2026 Counterfactual Baseline case,1.0,Industrial
2016,ind,5-1,TRE,Texas Reliability Entity,AEO2026 Counterfactual Baseline case,1.0,Industrial
2016,ind,5-25,BASN,Western Electricity Coordinating Council / Basin,AEO2026 Counterfactual Baseline case,1.0,Industrial
2016,ind,5-21,CANO,Western Electricity Coordinating Council / California North,AEO2026 Counterfactual Baseline case,1.0,Industrial
2016,ind,5-22,CASO,Western Electricity Coordinating Council / California South,AEO2026 Counterfactual Baseline case,1.0,Industrial
2016,ind,5-24,RMRG,Western Electricity Coordinating Council / Rockies,AEO2026 Counterfactual Baseline case,1.0,Industrial
2016,ind,5-20,SRSG,Western Electricity Coordinating Council / Southwest,AEO2026 Counterfactual Baseline case,1.0,Industrial
2016,ind,5-23,NWPP,Western Electricity Coordinating Council / Northwest Power Pool Area,AEO2026 Counterfactual Baseline case,1.0,Industrial
2016,ind,5-10,PJME,PJM / East,AEO2026 Counterfactual Baseline case,1.0,Industrial
2016,res,5-2,FRCC,Florida Reliability Coordinating Council,AEO2026 Counterfactual Baseline case,1.0,Residential
2016,res,5-5,MISE,Midcontinent / East,AEO2026 Counterfactual Baseline case,1.0,Residential
2016,res,5-6,MISS,Midcontinent / South,AEO2026 Counterfactual Baseline case,1.0,Residential
2016,res,5-3,MISW,Midcontinent / West,AEO2026 Counterfactual Baseline case,1.0,Residential
2016,res,5-8,NYCW,Northeast Power Coordinating Council / New York City and Long Island,AEO2026 Counterfactual Baseline case,1.0,Residential
2016,res,5-7,ISNE,Northeast Power Coordinating Council / New England,AEO2026 Counterfactual Baseline case,1.0,Residential
2016,res,5-9,NYUP,Northeast Power Coordinating Council / Upstate New York,AEO2026 Counterfactual Baseline case,1.0,Residential
2016,res,5-12,PJMC,PJM / Commonwealth Edison,AEO2026 Counterfactual Baseline case,1.0,Residential
2016,res,5-13,PJMD,PJM / Dominion,AEO2026 Counterfactual Baseline case,1.0,Residential
2016,res,5-10,PJME,PJM / East,AEO2026 Counterfactual Baseline case,1.0,Residential
2016,res,5-11,PJMW,PJM / West,AEO2026 Counterfactual Baseline case,1.0,Residential
2016,res,5-16,SRCE,SERC Reliability Corporation / Central,AEO2026 Counterfactual Baseline case,1.0,Residential
2016,res,5-14,SRCA,SERC Reliability Corporation / East,AEO2026 Counterfactual Baseline case,1.0,Residential
2016,res,5-15,SRSE,SERC Reliability Corporation / Southeastern,AEO2026 Counterfactual Baseline case,1.0,Residential
2016,res,5-18,SPPC,Southwest Power Pool / Central,AEO2026 Counterfactual Baseline case,1.0,Residential
2016,res,5-4,MISC,Midcontinent / Central,AEO2026 Counterfactual Baseline case,1.0,Residential
2016,ind,5-13,PJMD,PJM / Dominion,AEO2026 Counterfactual Baseline case,1.0,Industrial
2016,ind,5-12,PJMC,PJM / Commonwealth Edison,AEO2026 Counterfactual Baseline case,1.0,Industrial
2016,ind,5-9,NYUP,Northeast Power Coordinating Council / Upstate New York,AEO2026 Counterfactual Baseline case,1.0,Industrial
2016,com,5-5,MISE,Midcontinent / East,AEO2026 Counterfactual Baseline case,1.0,Commercial
2016,com,5-6,MISS,Midcontinent / South,AEO2026 Counterfactual Baseline case,1.0,Commercial
2016,com,5-3,MISW,Midcontinent / West,AEO2026 Counterfactual Baseline case,1.0,Commercial
2016,com,5-8,NYCW,Northeast Power Coordinating Council / New York City and Long Island,AEO2026 Counterfactual Baseline case,1.0,Commercial
2016,com,5-7,ISNE,Northeast Power Coordinating Council / New England,AEO2026 Counterfactual Baseline case,1.0,Commercial
2016,com,5-9,NYUP,Northeast Power Coordinating Council / Upstate New York,AEO2026 Counterfactual Baseline case,1.0,Commercial
2016,com,5-12,PJMC,PJM / Commonwealth Edison,AEO2026 Counterfactual Baseline case,1.0,Commercial
2016,com,5-13,PJMD,PJM / Dominion,AEO2026 Counterfactual Baseline case,1.0,Commercial
2016,com,5-10,PJME,PJM / East,AEO2026 Counterfactual Baseline case,1.0,Commercial
2016,com,5-11,PJMW,PJM / West,AEO2026 Counterfactual Baseline case,1.0,Commercial
2016,com,5-16,SRCE,SERC Reliability Corporation / Central,AEO2026 Counterfactual Baseline case,1.0,Commercial
2016,com,5-14,SRCA,SERC Reliability Corporation / East,AEO2026 Counterfactual Baseline case,1.0,Commercial
2016,com,5-15,SRSE,SERC Reliability Corporation / Southeastern,AEO2026 Counterfactual Baseline case,1.0,Commercial
2016,com,5-18,SPPC,Southwest Power Pool / Central,AEO2026 Counterfactual Baseline case,1.0,Commercial
2016,com,5-19,SPPN,Southwest Power Pool / North,AEO2026 Counterfactual Baseline case,1.0,Commercial
2016,com,5-17,SPPS,Southwest Power Pool / South,AEO2026 Counterfactual Baseline case,1.0,Commercial
2016,ind,5-7,ISNE,Northeast Power Coordinating Council / New England,AEO2026 Counterfactual Baseline case,1.0,Industrial
2016,ind,5-8,NYCW,Northeast Power Coordinating Council / New York City and Long Island,AEO2026 Counterfactual Baseline case,1.0,Industrial
2016,ind,5-3,MISW,Midcontinent / West,AEO2026 Counterfactual Baseline case,1.0,Industrial
2016,ind,5-6,MISS,Midcontinent / South,AEO2026 Counterfactual Baseline case,1.0,Industrial
2016,ind,5-5,MISE,Midcontinent / East,AEO2026 Counterfactual Baseline case,1.0,Industrial
2016,ind,5-4,MISC,Midcontinent / Central,AEO2026 Counterfactual Baseline case,1.0,Industrial
2016,res,5-19,SPPN,Southwest Power Pool / North,AEO2026 Counterfactual Baseline case,1.0,Residential
2016,ind,5-2,FRCC,Florida Reliability Coordinating Council,AEO2026 Counterfactual Baseline case,1.0,Industrial
2016,com,5-20,SRSG,Western Electricity Coordinating Council / Southwest,AEO2026 Counterfactual Baseline case,1.0,Commercial
2016,com,5-24,RMRG,Western Electricity Coordinating Council / Rockies,AEO2026 Counterfactual Baseline case,1.0,Commercial
2016,com,5-22,CASO,Western Electricity Coordinating Council / California South,AEO2026 Counterfactual Baseline case,1.0,Commercial
2016,com,5-21,CANO,Western Electricity Coordinating Council / California North,AEO2026 Counterfactual Baseline case,1.0,Commercial
2016,com,5-25,BASN,Western Electricity Coordinating Council / Basin,AEO2026 Counterfactual Baseline case,1.0,Commercial
2016,com,5-1,TRE,Texas Reliability Entity,AEO2026 Counterfactual Baseline case,1.0,Commercial
2016,com,5-23,NWPP,Western Electricity Coordinating Council / Northwest Power Pool Area,AEO2026 Counterfactual Baseline case,1.0,Commercial
2016,res,5-17,SPPS,Southwest Power Pool / South,AEO2026 Counterfactual Baseline case,1.0,Residential
2016,res,5-25,BASN,Western Electricity Coordinating Council / Basin,AEO2026 Counterfactual Baseline case,1.0,Residential
2016,res,5-21,CANO,Western Electricity Coordinating Council / California North,AEO2026 Counterfactual Baseline case,1.0,Residential
2016,res,5-22,CASO,Western Electricity Coordinating Council / California South,AEO2026 Counterfactual Baseline case,1.0,Residential
2016,res,5-24,RMRG,Western Electricity Coordinating Council / Rockies,AEO2026 Counterfactual Baseline case,1.0,Residential
2016,res,5-20,SRSG,Western Electricity Coordinating Council / Southwest,AEO2026 Counterfactual Baseline case,1.0,Residential
2016,res,5-23,NWPP,Western Electricity Coordinating Council / Northwest Power Pool Area,AEO2026 Counterfactual Baseline case,1.0,Residential
2016,trans,5-2,FRCC,Florida Reliability Coordinating Council,AEO2026 Counterfactual Baseline case,1.0,Transportation
2016,trans,5-4,MISC,Midcontinent / Central,AEO2026 Counterfactual Baseline case,1.0,Transportation
2016,trans,5-5,MISE,Midcontinent / East,AEO2026 Counterfactual Baseline case,1.0,Transportation
2016,trans,5-6,MISS,Midcontinent / South,AEO2026 Counterfactual Baseline case,1.0,Transportation
2016,trans,5-3,MISW,Midcontinent / West,AEO2026 Counterfactual Baseline case,1.0,Transportation
2016,trans,5-8,NYCW,Northeast Power Coordinating Council / New York City and Long Island,AEO2026 Counterfactual Baseline case,1.0,Transportation
2016,trans,5-7,ISNE,Northeast Power Coordinating Council / New England,AEO2026 Counterfactual Baseline case,1.0,Transportation
2016,trans,5-9,NYUP,Northeast Power Coordinating Council / Upstate New York,AEO2026 Counterfactual Baseline case,1.0,Transportation
2016,trans,5-12,PJMC,PJM / Commonwealth Edison,AEO2026 Counterfactual Baseline case,1.0,Transportation
2016,trans,5-13,PJMD,PJM / Dominion,AEO2026 Counterfactual Baseline case,1.0,Transportation
2016,trans,5-10,PJME,PJM / East,AEO2026 Counterfactual Baseline case,1.0,Transportation
2016,trans,5-11,PJMW,PJM / West,AEO2026 Counterfactual Baseline case,1.0,Transportation
2016,trans,5-23,NWPP,Western Electricity Coordinating Council / Northwest Power Pool Area,AEO2026 Counterfactual Baseline case,1.0,Transportation
2016,trans,5-20,SRSG,Western Electricity Coordinating Council / Southwest,AEO2026 Counterfactual Baseline case,1.0,Transportation
2016,trans,5-24,RMRG,Western Electricity Coordinating Council / Rockies,AEO2026 Counterfactual Baseline case,1.0,Transportation
2016,trans,5-22,CASO,Western Electricity Coordinating Council / California South,AEO2026 Counterfactual Baseline case,1.0,Transportation
2016,trans,5-21,CANO,Western Electricity Coordinating Council / California North,AEO2026 Counterfactual Baseline case,1.0,Transportation
2016,res,5-1,TRE,Texas Reliability Entity,AEO2026 Counterfactual Baseline case,1.0,Residential
2016,trans,5-25,BASN,Western Electricity Coordinating Council / Basin,AEO2026 Counterfactual Baseline case,1.0,Transportation
2016,trans,5-17,SPPS,Southwest Power Pool / South,AEO2026 Counterfactual Baseline case,1.0,Transportation
2016,trans,5-19,SPPN,Southwest Power Pool / North,AEO2026 Counterfactual Baseline case,1.0,Transportation
2016,trans,5-18,SPPC,Southwest Power Pool / Central,AEO2026 Counterfactual Baseline case,1.0,Transportation
2016,trans,5-15,SRSE,SERC Reliability Corporation / Southeastern,AEO2026 Counterfactual Baseline case,1.0,Transportation
2016,trans,5-14,SRCA,SERC Reliability Corporation / East,AEO2026 Counterfactual Baseline case,1.0,Transportation
2016,trans,5-16,SRCE,SERC Reliability Corporation / Central,AEO2026 Counterfactual Baseline case,1.0,Transportation
2016,trans,5-1,TRE,Texas Reliability Entity,AEO2026 Counterfactual Baseline case,1.0,Transportation
2016,com,5-4,MISC,Midcontinent / Central,AEO2026 Counterfactual Baseline case,1.0,Commercial
2016,com,5-2,FRCC,Florida Reliability Coordinating Council,AEO2026 Counterfactual Baseline case,1.0,Commercial
2017,ind,5-11,PJMW,PJM / West,AEO2026 Counterfactual Baseline case,1.0,Industrial
2017,ind,5-16,SRCE,SERC Reliability Corporation / Central,AEO2026 Counterfactual Baseline case,1.0,Industrial
2017,ind,5-14,SRCA,SERC Reliability Corporation / East,AEO2026 Counterfactual Baseline case,1.0,Industrial
2017,ind,5-15,SRSE,SERC Reliability Corporation / Southeastern,AEO2026 Counterfactual Baseline case,1.0,Industrial
2017,ind,5-18,SPPC,Southwest Power Pool / Central,AEO2026 Counterfactual Baseline case,1.0,Industrial
2017,ind,5-19,SPPN,Southwest Power Pool / North,AEO2026 Counterfactual Baseline case,1.0,Industrial
2017,ind,5-17,SPPS,Southwest Power Pool / South,AEO2026 Counterfactual Baseline case,1.0,Industrial
2017,ind,5-1,TRE,Texas Reliability Entity,AEO2026 Counterfactual Baseline case,1.0,Industrial
2017,ind,5-25,BASN,Western Electricity Coordinating Council / Basin,AEO2026 Counterfactual Baseline case,1.0,Industrial
2017,ind,5-21,CANO,Western Electricity Coordinating Council / California North,AEO2026 Counterfactual Baseline case,1.0,Industrial
2017,ind,5-22,CASO,Western Electricity Coordinating Council / California South,AEO2026 Counterfactual Baseline case,1.0,Industrial
2017,ind,5-24,RMRG,Western Electricity Coordinating Council / Rockies,AEO2026 Counterfactual Baseline case,1.0,Industrial
2017,ind,5-20,SRSG,Western Electricity Coordinating Council / Southwest,AEO2026 Counterfactual Baseline case,1.0,Industrial
2017,ind,5-23,NWPP,Western Electricity Coordinating Council / Northwest Power Pool Area,AEO2026 Counterfactual Baseline case,1.0,Industrial
2017,ind,5-10,PJME,PJM / East,AEO2026 Counterfactual Baseline case,1.0,Industrial
2017,res,5-2,FRCC,Florida Reliability Coordinating Council,AEO2026 Counterfactual Baseline case,1.0,Residential
2017,res,5-5,MISE,Midcontinent / East,AEO2026 Counterfactual Baseline case,1.0,Residential
2017,res,5-6,MISS,Midcontinent / South,AEO2026 Counterfactual Baseline case,1.0,Residential
2017,res,5-3,MISW,Midcontinent / West,AEO2026 Counterfactual Baseline case,1.0,Residential
2017,res,5-8,NYCW,Northeast Power Coordinating Council / New York City and Long Island,AEO2026 Counterfactual Baseline case,1.0,Residential
2017,res,5-7,ISNE,Northeast Power Coordinating Council / New England,AEO2026 Counterfactual Baseline case,1.0,Residential
2017,res,5-9,NYUP,Northeast Power Coordinating Council / Upstate New York,AEO2026 Counterfactual Baseline case,1.0,Residential
2017,res,5-12,PJMC,PJM / Commonwealth Edison,AEO2026 Counterfactual Baseline case,1.0,Residential
2017,res,5-13,PJMD,PJM / Dominion,AEO2026 Counterfactual Baseline case,1.0,Residential
2017,res,5-10,PJME,PJM / East,AEO2026 Counterfactual Baseline case,1.0,Residential
2017,res,5-11,PJMW,PJM / West,AEO2026 Counterfactual Baseline case,1.0,Residential
2017,res,5-16,SRCE,SERC Reliability Corporation / Central,AEO2026 Counterfactual Baseline case,1.0,Residential
2017,res,5-14,SRCA,SERC Reliability Corporation / East,AEO2026 Counterfactual Baseline case,1.0,Residential
2017,res,5-15,SRSE,SERC Reliability Corporation / Southeastern,AEO2026 Counterfactual Baseline case,1.0,Residential
2017,res,5-18,SPPC,Southwest Power Pool / Central,AEO2026 Counterfactual Baseline case,1.0,Residential
2017,res,5-4,MISC,Midcontinent / Central,AEO2026 Counterfactual Baseline case,1.0,Residential
2017,ind,5-13,PJMD,PJM / Dominion,AEO2026 Counterfactual Baseline case,1.0,Industrial
2017,ind,5-12,PJMC,PJM / Commonwealth Edison,AEO2026 Counterfactual Baseline case,1.0,Industrial
2017,ind,5-9,NYUP,Northeast Power Coordinating Council / Upstate New York,AEO2026 Counterfactual Baseline case,1.0,Industrial
2017,com,5-4,MISC,Midcontinent / Central,AEO2026 Counterfactual Baseline case,1.0,Commercial
2017,com,5-5,MISE,Midcontinent / East,AEO2026 Counterfactual Baseline case,1.0,Commercial
2017,com,5-6,MISS,Midcontinent / South,AEO2026 Counterfactual Baseline case,1.0,Commercial
2017,com,5-3,MISW,Midcontinent / West,AEO2026 Counterfactual Baseline case,1.0,Commercial
2017,com,5-8,NYCW,Northeast Power Coordinating Council / New York City and Long Island,AEO2026 Counterfactual Baseline case,1.0,Commercial
2017,com,5-7,ISNE,Northeast Power Coordinating Council / New England,AEO2026 Counterfactual Baseline case,1.0,Commercial
2017,com,5-9,NYUP,Northeast Power Coordinating Council / Upstate New York,AEO2026 Counterfactual Baseline case,1.0,Commercial
2017,com,5-12,PJMC,PJM / Commonwealth Edison,AEO2026 Counterfactual Baseline case,1.0,Commercial
2017,com,5-13,PJMD,PJM / Dominion,AEO2026 Counterfactual Baseline case,1.0,Commercial
2017,com,5-10,PJME,PJM / East,AEO2026 Counterfactual Baseline case,1.0,Commercial
2017,com,5-11,PJMW,PJM / West,AEO2026 Counterfactual Baseline case,1.0,Commercial
2017,com,5-16,SRCE,SERC Reliability Corporation / Central,AEO2026 Counterfactual Baseline case,1.0,Commercial
2017,com,5-14,SRCA,SERC Reliability Corporation / East,AEO2026 Counterfactual Baseline case,1.0,Commercial
2017,com,5-15,SRSE,SERC Reliability Corporation / Southeastern,AEO2026 Counterfactual Baseline case,1.0,Commercial
2017,com,5-18,SPPC,Southwest Power Pool / Central,AEO2026 Counterfactual Baseline case,1.0,Commercial
2017,com,5-19,SPPN,Southwest Power Pool / North,AEO2026 Counterfactual Baseline case,1.0,Commercial
2017,com,5-17,SPPS,Southwest Power Pool / South,AEO2026 Counterfactual Baseline case,1.0,Commercial
2017,ind,5-7,ISNE,Northeast Power Coordinating Council / New England,AEO2026 Counterfactual Baseline case,1.0,Industrial
2017,ind,5-8,NYCW,Northeast Power Coordinating Council / New York City and Long Island,AEO2026 Counterfactual Baseline case,1.0,Industrial
2017,ind,5-3,MISW,Midcontinent / West,AEO2026 Counterfactual Baseline case,1.0,Industrial
2017,ind,5-6,MISS,Midcontinent / South,AEO2026 Counterfactual Baseline case,1.0,Industrial
2017,ind,5-5,MISE,Midcontinent / East,AEO2026 Counterfactual Baseline case,1.0,Industrial
2017,ind,5-4,MISC,Midcontinent / Central,AEO2026 Counterfactual Baseline case,1.0,Industrial
2017,res,5-19,SPPN,Southwest Power Pool / North,AEO2026 Counterfactual Baseline case,1.0,Residential
2017,ind,5-2,FRCC,Florida Reliability Coordinating Council,AEO2026 Counterfactual Baseline case,1.0,Industrial
2017,com,5-20,SRSG,Western Electricity Coordinating Council / Southwest,AEO2026 Counterfactual Baseline case,1.0,Commercial
2017,com,5-24,RMRG,Western Electricity Coordinating Council / Rockies,AEO2026 Counterfactual Baseline case,1.0,Commercial
2017,com,5-22,CASO,Western Electricity Coordinating Council / California South,AEO2026 Counterfactual Baseline case,1.0,Commercial
2017,com,5-21,CANO,Western Electricity Coordinating Council / California North,AEO2026 Counterfactual Baseline case,1.0,Commercial
2017,com,5-25,BASN,Western Electricity Coordinating Council / Basin,AEO2026 Counterfactual Baseline case,1.0,Commercial
2017,com,5-1,TRE,Texas Reliability Entity,AEO2026 Counterfactual Baseline case,1.0,Commercial
2017,com,5-23,NWPP,Western Electricity Coordinating Council / Northwest Power Pool Area,AEO2026 Counterfactual Baseline case,1.0,Commercial
2017,res,5-17,SPPS,Southwest Power Pool / South,AEO2026 Counterfactual Baseline case,1.0,Residential
2017,res,5-25,BASN,Western Electricity Coordinating Council / Basin,AEO2026 Counterfactual Baseline case,1.0,Residential
2017,res,5-21,CANO,Western Electricity Coordinating Council / California North,AEO2026 Counterfactual Baseline case,1.0,Residential
2017,res,5-22,CASO,Western Electricity Coordinating Council / California South,AEO2026 Counterfactual Baseline case,1.0,Residential
2017,res,5-24,RMRG,Western Electricity Coordinating Council / Rockies,AEO2026 Counterfactual Baseline case,1.0,Residential
2017,res,5-20,SRSG,Western Electricity Coordinating Council / Southwest,AEO2026 Counterfactual Baseline case,1.0,Residential
2017,res,5-23,NWPP,Western Electricity Coordinating Council / Northwest Power Pool Area,AEO2026 Counterfactual Baseline case,1.0,Residential
2017,trans,5-2,FRCC,Florida Reliability Coordinating Council,AEO2026 Counterfactual Baseline case,1.0,Transportation
2017,trans,5-4,MISC,Midcontinent / Central,AEO2026 Counterfactual Baseline case,1.0,Transportation
2017,trans,5-5,MISE,Midcontinent / East,AEO2026 Counterfactual Baseline case,1.0,Transportation
2017,trans,5-6,MISS,Midcontinent / South,AEO2026 Counterfactual Baseline case,1.0,Transportation
2017,trans,5-3,MISW,Midcontinent / West,AEO2026 Counterfactual Baseline case,1.0,Transportation
2017,trans,5-8,NYCW,Northeast Power Coordinating Council / New York City and Long Island,AEO2026 Counterfactual Baseline case,1.0,Transportation
2017,trans,5-7,ISNE,Northeast Power Coordinating Council / New England,AEO2026 Counterfactual Baseline case,1.0,Transportation
2017,trans,5-9,NYUP,Northeast Power Coordinating Council / Upstate New York,AEO2026 Counterfactual Baseline case,1.0,Transportation
2017,trans,5-12,PJMC,PJM / Commonwealth Edison,AEO2026 Counterfactual Baseline case,1.0,Transportation
2017,trans,5-13,PJMD,PJM / Dominion,AEO2026 Counterfactual Baseline case,1.0,Transportation
2017,trans,5-10,PJME,PJM / East,AEO2026 Counterfactual Baseline case,1.0,Transportation
2017,trans,5-11,PJMW,PJM / West,AEO2026 Counterfactual Baseline case,1.0,Transportation
2017,trans,5-23,NWPP,Western Electricity Coordinating Council / Northwest Power Pool Area,AEO2026 Counterfactual Baseline case,1.0,Transportation
2017,trans,5-20,SRSG,Western Electricity Coordinating Council / Southwest,AEO2026 Counterfactual Baseline case,1.0,Transportation
2017,trans,5-24,RMRG,Western Electricity Coordinating Council / Rockies,AEO2026 Counterfactual Baseline case,1.0,Transportation
2017,trans,5-22,CASO,Western Electricity Coordinating Council / California South,AEO2026 Counterfactual Baseline case,1.0,Transportation
2017,trans,5-21,CANO,Western Electricity Coordinating Council / California North,AEO2026 Counterfactual Baseline case,1.0,Transportation
2017,res,5-1,TRE,Texas Reliability Entity,AEO2026 Counterfactual Baseline case,1.0,Residential
2017,trans,5-25,BASN,Western Electricity Coordinating Council / Basin,AEO2026 Counterfactual Baseline case,1.0,Transportation
2017,trans,5-17,SPPS,Southwest Power Pool / South,AEO2026 Counterfactual Baseline case,1.0,Transportation
2017,trans,5-19,SPPN,Southwest Power Pool / North,AEO2026 Counterfactual Baseline case,1.0,Transportation
2017,trans,5-18,SPPC,Southwest Power Pool / Central,AEO2026 Counterfactual Baseline case,1.0,Transportation
2017,trans,5-15,SRSE,SERC Reliability Corporation / Southeastern,AEO2026 Counterfactual Baseline case,1.0,Transportation
2017,trans,5-14,SRCA,SERC Reliability Corporation / East,AEO2026 Counterfactual Baseline case,1.0,Transportation
2017,trans,5-16,SRCE,SERC Reliability Corporation / Central,AEO2026 Counterfactual Baseline case,1.0,Transportation
2017,trans,5-1,TRE,Texas Reliability Entity,AEO2026 Counterfactual Baseline case,1.0,Transportation
2017,com,5-2,FRCC,Florida Reliability Coordinating Council,AEO2026 Counterfactual Baseline case,1.0,Commercial
2018,com,5-2,FRCC,Florida Reliability Coordinating Council,AEO2026 Counterfactual Baseline case,1.0,Commercial
2018,ind,5-10,PJME,PJM / East,AEO2026 Counterfactual Baseline case,1.0,Industrial
2018,ind,5-11,PJMW,PJM / West,AEO2026 Counterfactual Baseline case,1.0,Industrial
2018,ind,5-16,SRCE,SERC Reliability Corporation / Central,AEO2026 Counterfactual Baseline case,1.0,Industrial
2018,ind,5-14,SRCA,SERC Reliability Corporation / East,AEO2026 Counterfactual Baseline case,1.0,Industrial
2018,ind,5-15,SRSE,SERC Reliability Corporation / Southeastern,AEO2026 Counterfactual Baseline case,1.0,Industrial
2018,ind,5-18,SPPC,Southwest Power Pool / Central,AEO2026 Counterfactual Baseline case,1.0,Industrial
2018,ind,5-19,SPPN,Southwest Power Pool / North,AEO2026 Counterfactual Baseline case,1.0,Industrial
2018,ind,5-17,SPPS,Southwest Power Pool / South,AEO2026 Counterfactual Baseline case,1.0,Industrial
2018,ind,5-1,TRE,Texas Reliability Entity,AEO2026 Counterfactual Baseline case,1.0,Industrial
2018,ind,5-25,BASN,Western Electricity Coordinating Council / Basin,AEO2026 Counterfactual Baseline case,1.0,Industrial
2018,ind,5-21,CANO,Western Electricity Coordinating Council / California North,AEO2026 Counterfactual Baseline case,1.0,Industrial
2018,ind,5-22,CASO,Western Electricity Coordinating Council / California South,AEO2026 Counterfactual Baseline case,1.0,Industrial
2018,ind,5-24,RMRG,Western Electricity Coordinating Council / Rockies,AEO2026 Counterfactual Baseline case,1.0,Industrial
2018,ind,5-20,SRSG,Western Electricity Coordinating Council / Southwest,AEO2026 Counterfactual Baseline case,1.0,Industrial
2018,ind,5-13,PJMD,PJM / Dominion,AEO2026 Counterfactual Baseline case,1.0,Industrial
2018,ind,5-23,NWPP,Western Electricity Coordinating Council / Northwest Power Pool Area,AEO2026 Counterfactual Baseline case,1.0,Industrial
2018,res,5-4,MISC,Midcontinent / Central,AEO2026 Counterfactual Baseline case,1.0,Residential
2018,res,5-5,MISE,Midcontinent / East,AEO2026 Counterfactual Baseline case,1.0,Residential
2018,res,5-6,MISS,Midcontinent / South,AEO2026 Counterfactual Baseline case,1.0,Residential
2018,res,5-3,MISW,Midcontinent / West,AEO2026 Counterfactual Baseline case,1.0,Residential
2018,res,5-8,NYCW,Northeast Power Coordinating Council / New York City and Long Island,AEO2026 Counterfactual Baseline case,1.0,Residential
2018,res,5-7,ISNE,Northeast Power Coordinating Council / New England,AEO2026 Counterfactual Baseline case,1.0,Residential
2018,res,5-9,NYUP,Northeast Power Coordinating Council / Upstate New York,AEO2026 Counterfactual Baseline case,1.0,Residential
2018,res,5-12,PJMC,PJM / Commonwealth Edison,AEO2026 Counterfactual Baseline case,1.0,Residential
2018,res,5-13,PJMD,PJM / Dominion,AEO2026 Counterfactual Baseline case,1.0,Residential
2018,res,5-10,PJME,PJM / East,AEO2026 Counterfactual Baseline case,1.0,Residential
2018,res,5-11,PJMW,PJM / West,AEO2026 Counterfactual Baseline case,1.0,Residential
2018,res,5-16,SRCE,SERC Reliability Corporation / Central,AEO2026 Counterfactual Baseline case,1.0,Residential
2018,res,5-14,SRCA,SERC Reliability Corporation / East,AEO2026 Counterfactual Baseline case,1.0,Residential
2018,res,5-15,SRSE,SERC Reliability Corporation / Southeastern,AEO2026 Counterfactual Baseline case,1.0,Residential
2018,res,5-2,FRCC,Florida Reliability Coordinating Council,AEO2026 Counterfactual Baseline case,1.0,Residential
2018,ind,5-12,PJMC,PJM / Commonwealth Edison,AEO2026 Counterfactual Baseline case,1.0,Industrial
2018,ind,5-9,NYUP,Northeast Power Coordinating Council / Upstate New York,AEO2026 Counterfactual Baseline case,1.0,Industrial
2018,ind,5-7,ISNE,Northeast Power Coordinating Council / New England,AEO2026 Counterfactual Baseline case,1.0,Industrial
2018,com,5-4,MISC,Midcontinent / Central,AEO2026 Counterfactual Baseline case,1.0,Commercial
2018,com,5-5,MISE,Midcontinent / East,AEO2026 Counterfactual Baseline case,1.0,Commercial
2018,com,5-6,MISS,Midcontinent / South,AEO2026 Counterfactual Baseline case,1.0,Commercial
2018,com,5-3,MISW,Midcontinent / West,AEO2026 Counterfactual Baseline case,1.0,Commercial
2018,com,5-8,NYCW,Northeast Power Coordinating Council / New York City and Long Island,AEO2026 Counterfactual Baseline case,1.0,Commercial
2018,com,5-7,ISNE,Northeast Power Coordinating Council / New England,AEO2026 Counterfactual Baseline case,1.0,Commercial
2018,com,5-9,NYUP,Northeast Power Coordinating Council / Upstate New York,AEO2026 Counterfactual Baseline case,1.0,Commercial
2018,com,5-12,PJMC,PJM / Commonwealth Edison,AEO2026 Counterfactual Baseline case,1.0,Commercial
2018,com,5-13,PJMD,PJM / Dominion,AEO2026 Counterfactual Baseline case,1.0,Commercial
2018,com,5-10,PJME,PJM / East,AEO2026 Counterfactual Baseline case,1.0,Commercial
2018,com,5-11,PJMW,PJM / West,AEO2026 Counterfactual Baseline case,1.0,Commercial
2018,com,5-16,SRCE,SERC Reliability Corporation / Central,AEO2026 Counterfactual Baseline case,1.0,Commercial
2018,com,5-14,SRCA,SERC Reliability Corporation / East,AEO2026 Counterfactual Baseline case,1.0,Commercial
2018,com,5-15,SRSE,SERC Reliability Corporation / Southeastern,AEO2026 Counterfactual Baseline case,1.0,Commercial
2018,com,5-18,SPPC,Southwest Power Pool / Central,AEO2026 Counterfactual Baseline case,1.0,Commercial
2018,com,5-19,SPPN,Southwest Power Pool / North,AEO2026 Counterfactual Baseline case,1.0,Commercial
2018,ind,5-8,NYCW,Northeast Power Coordinating Council / New York City and Long Island,AEO2026 Counterfactual Baseline case,1.0,Industrial
2018,ind,5-3,MISW,Midcontinent / West,AEO2026 Counterfactual Baseline case,1.0,Industrial
2018,ind,5-6,MISS,Midcontinent / South,AEO2026 Counterfactual Baseline case,1.0,Industrial
2018,ind,5-5,MISE,Midcontinent / East,AEO2026 Counterfactual Baseline case,1.0,Industrial
2018,ind,5-4,MISC,Midcontinent / Central,AEO2026 Counterfactual Baseline case,1.0,Industrial
2018,ind,5-2,FRCC,Florida Reliability Coordinating Council,AEO2026 Counterfactual Baseline case,1.0,Industrial
2018,res,5-18,SPPC,Southwest Power Pool / Central,AEO2026 Counterfactual Baseline case,1.0,Residential
2018,com,5-23,NWPP,Western Electricity Coordinating Council / Northwest Power Pool Area,AEO2026 Counterfactual Baseline case,1.0,Commercial
2018,com,5-24,RMRG,Western Electricity Coordinating Council / Rockies,AEO2026 Counterfactual Baseline case,1.0,Commercial
2018,com,5-22,CASO,Western Electricity Coordinating Council / California South,AEO2026 Counterfactual Baseline case,1.0,Commercial
2018,com,5-21,CANO,Western Electricity Coordinating Council / California North,AEO2026 Counterfactual Baseline case,1.0,Commercial
2018,com,5-25,BASN,Western Electricity Coordinating Council / Basin,AEO2026 Counterfactual Baseline case,1.0,Commercial
2018,com,5-1,TRE,Texas Reliability Entity,AEO2026 Counterfactual Baseline case,1.0,Commercial
2018,com,5-17,SPPS,Southwest Power Pool / South,AEO2026 Counterfactual Baseline case,1.0,Commercial
2018,com,5-20,SRSG,Western Electricity Coordinating Council / Southwest,AEO2026 Counterfactual Baseline case,1.0,Commercial
2018,res,5-19,SPPN,Southwest Power Pool / North,AEO2026 Counterfactual Baseline case,1.0,Residential
2018,res,5-1,TRE,Texas Reliability Entity,AEO2026 Counterfactual Baseline case,1.0,Residential
2018,res,5-25,BASN,Western Electricity Coordinating Council / Basin,AEO2026 Counterfactual Baseline case,1.0,Residential
2018,res,5-21,CANO,Western Electricity Coordinating Council / California North,AEO2026 Counterfactual Baseline case,1.0,Residential
2018,res,5-22,CASO,Western Electricity Coordinating Council / California South,AEO2026 Counterfactual Baseline case,1.0,Residential
2018,res,5-24,RMRG,Western Electricity Coordinating Council / Rockies,AEO2026 Counterfactual Baseline case,1.0,Residential
2018,res,5-20,SRSG,Western Electricity Coordinating Council / Southwest,AEO2026 Counterfactual Baseline case,1.0,Residential
2018,res,5-23,NWPP,Western Electricity Coordinating Council / Northwest Power Pool Area,AEO2026 Counterfactual Baseline case,1.0,Residential
2018,trans,5-2,FRCC,Florida Reliability Coordinating Council,AEO2026 Counterfactual Baseline case,1.0,Transportation
2018,trans,5-4,MISC,Midcontinent / Central,AEO2026 Counterfactual Baseline case,1.0,Transportation
2018,trans,5-5,MISE,Midcontinent / East,AEO2026 Counterfactual Baseline case,1.0,Transportation
2018,trans,5-6,MISS,Midcontinent / South,AEO2026 Counterfactual Baseline case,1.0,Transportation
2018,trans,5-3,MISW,Midcontinent / West,AEO2026 Counterfactual Baseline case,1.0,Transportation
2018,trans,5-8,NYCW,Northeast Power Coordinating Council / New York City and Long Island,AEO2026 Counterfactual Baseline case,1.0,Transportation
2018,trans,5-7,ISNE,Northeast Power Coordinating Council / New England,AEO2026 Counterfactual Baseline case,1.0,Transportation
2018,trans,5-9,NYUP,Northeast Power Coordinating Council / Upstate New York,AEO2026 Counterfactual Baseline case,1.0,Transportation
2018,trans,5-12,PJMC,PJM / Commonwealth Edison,AEO2026 Counterfactual Baseline case,1.0,Transportation
2018,trans,5-13,PJMD,PJM / Dominion,AEO2026 Counterfactual Baseline case,1.0,Transportation
2018,trans,5-10,PJME,PJM / East,AEO2026 Counterfactual Baseline case,1.0,Transportation
2018,trans,5-23,NWPP,Western Electricity Coordinating Council / Northwest Power Pool Area,AEO2026 Counterfactual Baseline case,1.0,Transportation
2018,trans,5-20,SRSG,Western Electricity Coordinating Council / Southwest,AEO2026 Counterfactual Baseline case,1.0,Transportation
2018,trans,5-24,RMRG,Western Electricity Coordinating Council / Rockies,AEO2026 Counterfactual Baseline case,1.0,Transportation
2018,trans,5-22,CASO,Western Electricity Coordinating Council / California South,AEO2026 Counterfactual Baseline case,1.0,Transportation
2018,trans,5-21,CANO,Western Electricity Coordinating Council / California North,AEO2026 Counterfactual Baseline case,1.0,Transportation
2018,trans,5-25,BASN,Western Electricity Coordinating Council / Basin,AEO2026 Counterfactual Baseline case,1.0,Transportation
2018,res,5-17,SPPS,Southwest Power Pool / South,AEO2026 Counterfactual Baseline case,1.0,Residential
2018,trans,5-1,TRE,Texas Reliability Entity,AEO2026 Counterfactual Baseline case,1.0,Transportation
2018,trans,5-19,SPPN,Southwest Power Pool / North,AEO2026 Counterfactual Baseline case,1.0,Transportation
2018,trans,5-18,SPPC,Southwest Power Pool / Central,AEO2026 Counterfactual Baseline case,1.0,Transportation
2018,trans,5-15,SRSE,SERC Reliability Corporation / Southeastern,AEO2026 Counterfactual Baseline case,1.0,Transportation
2018,trans,5-14,SRCA,SERC Reliability Corporation / East,AEO2026 Counterfactual Baseline case,1.0,Transportation
2018,trans,5-16,SRCE,SERC Reliability Corporation / Central,AEO2026 Counterfactual Baseline case,1.0,Transportation
2018,trans,5-11,PJMW,PJM / West,AEO2026 Counterfactual Baseline case,1.0,Transportation
2018,trans,5-17,SPPS,Southwest Power Pool / South,AEO2026 Counterfactual Baseline case,1.0,Transportation
2019,com,5-4,MISC,Midcontinent / Central,AEO2026 Counterfactual Baseline case,1.0,Commercial
2019,trans,5-23,NWPP,Western Electricity Coordinating Council / Northwest Power Pool Area,AEO2026 Counterfactual Baseline case,1.0,Transportation
2019,trans,5-20,SRSG,Western Electricity Coordinating Council / Southwest,AEO2026 Counterfactual Baseline case,1.0,Transportation
2019,trans,5-24,RMRG,Western Electricity Coordinating Council / Rockies,AEO2026 Counterfactual Baseline case,1.0,Transportation
2019,trans,5-22,CASO,Western Electricity Coordinating Council / California South,AEO2026 Counterfactual Baseline case,1.0,Transportation
2019,trans,5-21,CANO,Western Electricity Coordinating Council / California North,AEO2026 Counterfactual Baseline case,1.0,Transportation
2019,trans,5-25,BASN,Western Electricity Coordinating Council / Basin,AEO2026 Counterfactual Baseline case,1.0,Transportation
2019,trans,5-1,TRE,Texas Reliability Entity,AEO2026 Counterfactual Baseline case,1.0,Transportation
2019,trans,5-17,SPPS,Southwest Power Pool / South,AEO2026 Counterfactual Baseline case,1.0,Transportation
2019,trans,5-19,SPPN,Southwest Power Pool / North,AEO2026 Counterfactual Baseline case,1.0,Transportation
2019,trans,5-18,SPPC,Southwest Power Pool / Central,AEO2026 Counterfactual Baseline case,1.0,Transportation
2019,trans,5-15,SRSE,SERC Reliability Corporation / Southeastern,AEO2026 Counterfactual Baseline case,1.0,Transportation
2019,trans,5-14,SRCA,SERC Reliability Corporation / East,AEO2026 Counterfactual Baseline case,1.0,Transportation
2019,trans,5-16,SRCE,SERC Reliability Corporation / Central,AEO2026 Counterfactual Baseline case,1.0,Transportation
2019,trans,5-11,PJMW,PJM / West,AEO2026 Counterfactual Baseline case,1.0,Transportation
2019,trans,5-10,PJME,PJM / East,AEO2026 Counterfactual Baseline case,1.0,Transportation
2019,trans,5-12,PJMC,PJM / Commonwealth Edison,AEO2026 Counterfactual Baseline case,1.0,Transportation
2019,trans,5-9,NYUP,Northeast Power Coordinating Council / Upstate New York,AEO2026 Counterfactual Baseline case,1.0,Transportation
2019,trans,5-7,ISNE,Northeast Power Coordinating Council / New England,AEO2026 Counterfactual Baseline case,1.0,Transportation
2019,trans,5-8,NYCW,Northeast Power Coordinating Council / New York City and Long Island,AEO2026 Counterfactual Baseline case,1.0,Transportation
2019,trans,5-3,MISW,Midcontinent / West,AEO2026 Counterfactual Baseline case,1.0,Transportation
2019,trans,5-6,MISS,Midcontinent / South,AEO2026 Counterfactual Baseline case,1.0,Transportation
2019,trans,5-5,MISE,Midcontinent / East,AEO2026 Counterfactual Baseline case,1.0,Transportation
2019,trans,5-4,MISC,Midcontinent / Central,AEO2026 Counterfactual Baseline case,1.0,Transportation
2019,trans,5-2,FRCC,Florida Reliability Coordinating Council,AEO2026 Counterfactual Baseline case,1.0,Transportation
2019,res,5-23,NWPP,Western Electricity Coordinating Council / Northwest Power Pool Area,AEO2026 Counterfactual Baseline case,1.0,Residential
2019,res,5-20,SRSG,Western Electricity Coordinating Council / Southwest,AEO2026 Counterfactual Baseline case,1.0,Residential
2019,res,5-24,RMRG,Western Electricity Coordinating Council / Rockies,AEO2026 Counterfactual Baseline case,1.0,Residential
2019,res,5-22,CASO,Western Electricity Coordinating Council / California South,AEO2026 Counterfactual Baseline case,1.0,Residential
2019,res,5-21,CANO,Western Electricity Coordinating Council / California North,AEO2026 Counterfactual Baseline case,1.0,Residential
2019,trans,5-13,PJMD,PJM / Dominion,AEO2026 Counterfactual Baseline case,1.0,Transportation
2019,res,5-25,BASN,Western Electricity Coordinating Council / Basin,AEO2026 Counterfactual Baseline case,1.0,Residential
2019,res,5-1,TRE,Texas Reliability Entity,AEO2026 Counterfactual Baseline case,1.0,Residential
2019,res,5-19,SPPN,Southwest Power Pool / North,AEO2026 Counterfactual Baseline case,1.0,Residential
2019,ind,5-8,NYCW,Northeast Power Coordinating Council / New York City and Long Island,AEO2026 Counterfactual Baseline case,1.0,Industrial
2019,ind,5-3,MISW,Midcontinent / West,AEO2026 Counterfactual Baseline case,1.0,Industrial
2019,ind,5-6,MISS,Midcontinent / South,AEO2026 Counterfactual Baseline case,1.0,Industrial
2019,ind,5-5,MISE,Midcontinent / East,AEO2026 Counterfactual Baseline case,1.0,Industrial
2019,ind,5-4,MISC,Midcontinent / Central,AEO2026 Counterfactual Baseline case,1.0,Industrial
2019,ind,5-2,FRCC,Florida Reliability Coordinating Council,AEO2026 Counterfactual Baseline case,1.0,Industrial
2019,com,5-23,NWPP,Western Electricity Coordinating Council / Northwest Power Pool Area,AEO2026 Counterfactual Baseline case,1.0,Commercial
2019,com,5-20,SRSG,Western Electricity Coordinating Council / Southwest,AEO2026 Counterfactual Baseline case,1.0,Commercial
2019,com,5-24,RMRG,Western Electricity Coordinating Council / Rockies,AEO2026 Counterfactual Baseline case,1.0,Commercial
2019,com,5-22,CASO,Western Electricity Coordinating Council / California South,AEO2026 Counterfactual Baseline case,1.0,Commercial
2019,com,5-21,CANO,Western Electricity Coordinating Council / California North,AEO2026 Counterfactual Baseline case,1.0,Commercial
2019,com,5-25,BASN,Western Electricity Coordinating Council / Basin,AEO2026 Counterfactual Baseline case,1.0,Commercial
2019,com,5-1,TRE,Texas Reliability Entity,AEO2026 Counterfactual Baseline case,1.0,Commercial
2019,com,5-17,SPPS,Southwest Power Pool / South,AEO2026 Counterfactual Baseline case,1.0,Commercial
2019,ind,5-7,ISNE,Northeast Power Coordinating Council / New England,AEO2026 Counterfactual Baseline case,1.0,Industrial
2019,com,5-19,SPPN,Southwest Power Pool / North,AEO2026 Counterfactual Baseline case,1.0,Commercial
2019,com,5-15,SRSE,SERC Reliability Corporation / Southeastern,AEO2026 Counterfactual Baseline case,1.0,Commercial
2019,com,5-14,SRCA,SERC Reliability Corporation / East,AEO2026 Counterfactual Baseline case,1.0,Commercial
2019,com,5-16,SRCE,SERC Reliability Corporation / Central,AEO2026 Counterfactual Baseline case,1.0,Commercial
2019,com,5-11,PJMW,PJM / West,AEO2026 Counterfactual Baseline case,1.0,Commercial
2019,com,5-10,PJME,PJM / East,AEO2026 Counterfactual Baseline case,1.0,Commercial
2019,com,5-13,PJMD,PJM / Dominion,AEO2026 Counterfactual Baseline case,1.0,Commercial
2019,com,5-12,PJMC,PJM / Commonwealth Edison,AEO2026 Counterfactual Baseline case,1.0,Commercial
2019,com,5-9,NYUP,Northeast Power Coordinating Council / Upstate New York,AEO2026 Counterfactual Baseline case,1.0,Commercial
2019,com,5-7,ISNE,Northeast Power Coordinating Council / New England,AEO2026 Counterfactual Baseline case,1.0,Commercial
2019,com,5-8,NYCW,Northeast Power Coordinating Council / New York City and Long Island,AEO2026 Counterfactual Baseline case,1.0,Commercial
2019,com,5-3,MISW,Midcontinent / West,AEO2026 Counterfactual Baseline case,1.0,Commercial
2019,com,5-6,MISS,Midcontinent / South,AEO2026 Counterfactual Baseline case,1.0,Commercial
2019,com,5-5,MISE,Midcontinent / East,AEO2026 Counterfactual Baseline case,1.0,Commercial
2019,com,5-2,FRCC,Florida Reliability Coordinating Council,AEO2026 Counterfactual Baseline case,1.0,Commercial
2019,com,5-18,SPPC,Southwest Power Pool / Central,AEO2026 Counterfactual Baseline case,1.0,Commercial
2019,ind,5-9,NYUP,Northeast Power Coordinating Council / Upstate New York,AEO2026 Counterfactual Baseline case,1.0,Industrial
2019,ind,5-12,PJMC,PJM / Commonwealth Edison,AEO2026 Counterfactual Baseline case,1.0,Industrial
2019,ind,5-13,PJMD,PJM / Dominion,AEO2026 Counterfactual Baseline case,1.0,Industrial
2019,res,5-18,SPPC,Southwest Power Pool / Central,AEO2026 Counterfactual Baseline case,1.0,Residential
2019,res,5-15,SRSE,SERC Reliability Corporation / Southeastern,AEO2026 Counterfactual Baseline case,1.0,Residential
2019,res,5-14,SRCA,SERC Reliability Corporation / East,AEO2026 Counterfactual Baseline case,1.0,Residential
2019,res,5-16,SRCE,SERC Reliability Corporation / Central,AEO2026 Counterfactual Baseline case,1.0,Residential
2019,res,5-11,PJMW,PJM / West,AEO2026 Counterfactual Baseline case,1.0,Residential
2019,res,5-10,PJME,PJM / East,AEO2026 Counterfactual Baseline case,1.0,Residential
2019,res,5-13,PJMD,PJM / Dominion,AEO2026 Counterfactual Baseline case,1.0,Residential
2019,res,5-12,PJMC,PJM / Commonwealth Edison,AEO2026 Counterfactual Baseline case,1.0,Residential
2019,res,5-9,NYUP,Northeast Power Coordinating Council / Upstate New York,AEO2026 Counterfactual Baseline case,1.0,Residential
2019,res,5-7,ISNE,Northeast Power Coordinating Council / New England,AEO2026 Counterfactual Baseline case,1.0,Residential
2019,res,5-8,NYCW,Northeast Power Coordinating Council / New York City and Long Island,AEO2026 Counterfactual Baseline case,1.0,Residential
2019,res,5-3,MISW,Midcontinent / West,AEO2026 Counterfactual Baseline case,1.0,Residential
2019,res,5-6,MISS,Midcontinent / South,AEO2026 Counterfactual Baseline case,1.0,Residential
2019,res,5-5,MISE,Midcontinent / East,AEO2026 Counterfactual Baseline case,1.0,Residential
2019,res,5-4,MISC,Midcontinent / Central,AEO2026 Counterfactual Baseline case,1.0,Residential
2019,res,5-2,FRCC,Florida Reliability Coordinating Council,AEO2026 Counterfactual Baseline case,1.0,Residential
2019,ind,5-23,NWPP,Western Electricity Coordinating Council / Northwest Power Pool Area,AEO2026 Counterfactual Baseline case,1.0,Industrial
2019,ind,5-10,PJME,PJM / East,AEO2026 Counterfactual Baseline case,1.0,Industrial
2019,ind,5-11,PJMW,PJM / West,AEO2026 Counterfactual Baseline case,1.0,Industrial
2019,ind,5-16,SRCE,SERC Reliability Corporation / Central,AEO2026 Counterfactual Baseline case,1.0,Industrial
2019,ind,5-14,SRCA,SERC Reliability Corporation / East,AEO2026 Counterfactual Baseline case,1.0,Industrial
2019,ind,5-15,SRSE,SERC Reliability Corporation / Southeastern,AEO2026 Counterfactual Baseline case,1.0,Industrial
2019,ind,5-18,SPPC,Southwest Power Pool / Central,AEO2026 Counterfactual Baseline case,1.0,Industrial
2019,res,5-17,SPPS,Southwest Power Pool / South,AEO2026 Counterfactual Baseline case,1.0,Residential
2019,ind,5-19,SPPN,Southwest Power Pool / North,AEO2026 Counterfactual Baseline case,1.0,Industrial
2019,ind,5-1,TRE,Texas Reliability Entity,AEO2026 Counterfactual Baseline case,1.0,Industrial
2019,ind,5-25,BASN,Western Electricity Coordinating Council / Basin,AEO2026 Counterfactual Baseline case,1.0,Industrial
2019,ind,5-21,CANO,Western Electricity Coordinating Council / California North,AEO2026 Counterfactual Baseline case,1.0,Industrial
2019,ind,5-22,CASO,Western Electricity Coordinating Council / California South,AEO2026 Counterfactual Baseline case,1.0,Industrial
2019,ind,5-24,RMRG,Western Electricity Coordinating Council / Rockies,AEO2026 Counterfactual Baseline case,1.0,Industrial
2019,ind,5-20,SRSG,Western Electricity Coordinating Council / Southwest,AEO2026 Counterfactual Baseline case,1.0,Industrial
2019,ind,5-17,SPPS,Southwest Power Pool / South,AEO2026 Counterfactual Baseline case,1.0,Industrial
2020,ind,5-13,PJMD,PJM / Dominion,AEO2026 Counterfactual Baseline case,1.0,Industrial
2020,ind,5-10,PJME,PJM / East,AEO2026 Counterfactual Baseline case,1.0,Industrial
2020,ind,5-11,PJMW,PJM / West,AEO2026 Counterfactual Baseline case,1.0,Industrial
2020,ind,5-16,SRCE,SERC Reliability Corporation / Central,AEO2026 Counterfactual Baseline case,1.0,Industrial
2020,ind,5-14,SRCA,SERC Reliability Corporation / East,AEO2026 Counterfactual Baseline case,1.0,Industrial
2020,ind,5-15,SRSE,SERC Reliability Corporation / Southeastern,AEO2026 Counterfactual Baseline case,1.0,Industrial
2020,ind,5-18,SPPC,Southwest Power Pool / Central,AEO2026 Counterfactual Baseline case,1.0,Industrial
2020,ind,5-19,SPPN,Southwest Power Pool / North,AEO2026 Counterfactual Baseline case,1.0,Industrial
2020,ind,5-17,SPPS,Southwest Power Pool / South,AEO2026 Counterfactual Baseline case,1.0,Industrial
2020,ind,5-1,TRE,Texas Reliability Entity,AEO2026 Counterfactual Baseline case,1.0,Industrial
2020,ind,5-25,BASN,Western Electricity Coordinating Council / Basin,AEO2026 Counterfactual Baseline case,1.0,Industrial
2020,ind,5-21,CANO,Western Electricity Coordinating Council / California North,AEO2026 Counterfactual Baseline case,1.0,Industrial
2020,ind,5-22,CASO,Western Electricity Coordinating Council / California South,AEO2026 Counterfactual Baseline case,1.0,Industrial
2020,ind,5-24,RMRG,Western Electricity Coordinating Council / Rockies,AEO2026 Counterfactual Baseline case,1.0,Industrial
2020,ind,5-12,PJMC,PJM / Commonwealth Edison,AEO2026 Counterfactual Baseline case,1.0,Industrial
2020,ind,5-20,SRSG,Western Electricity Coordinating Council / Southwest,AEO2026 Counterfactual Baseline case,1.0,Industrial
2020,res,5-2,FRCC,Florida Reliability Coordinating Council,AEO2026 Counterfactual Baseline case,1.0,Residential
2020,res,5-4,MISC,Midcontinent / Central,AEO2026 Counterfactual Baseline case,1.0,Residential
2020,res,5-5,MISE,Midcontinent / East,AEO2026 Counterfactual Baseline case,1.0,Residential
2020,res,5-6,MISS,Midcontinent / South,AEO2026 Counterfactual Baseline case,1.0,Residential
2020,res,5-3,MISW,Midcontinent / West,AEO2026 Counterfactual Baseline case,1.0,Residential
2020,res,5-8,NYCW,Northeast Power Coordinating Council / New York City and Long Island,AEO2026 Counterfactual Baseline case,1.0,Residential
2020,res,5-7,ISNE,Northeast Power Coordinating Council / New England,AEO2026 Counterfactual Baseline case,1.0,Residential
2020,res,5-9,NYUP,Northeast Power Coordinating Council / Upstate New York,AEO2026 Counterfactual Baseline case,1.0,Residential
2020,res,5-12,PJMC,PJM / Commonwealth Edison,AEO2026 Counterfactual Baseline case,1.0,Residential
2020,res,5-13,PJMD,PJM / Dominion,AEO2026 Counterfactual Baseline case,1.0,Residential
2020,res,5-10,PJME,PJM / East,AEO2026 Counterfactual Baseline case,1.0,Residential
2020,res,5-11,PJMW,PJM / West,AEO2026 Counterfactual Baseline case,1.0,Residential
2020,res,5-16,SRCE,SERC Reliability Corporation / Central,AEO2026 Counterfactual Baseline case,1.0,Residential
2020,res,5-14,SRCA,SERC Reliability Corporation / East,AEO2026 Counterfactual Baseline case,1.0,Residential
2020,ind,5-23,NWPP,Western Electricity Coordinating Council / Northwest Power Pool Area,AEO2026 Counterfactual Baseline case,1.0,Industrial
2020,ind,5-9,NYUP,Northeast Power Coordinating Council / Upstate New York,AEO2026 Counterfactual Baseline case,1.0,Industrial
2020,ind,5-7,ISNE,Northeast Power Coordinating Council / New England,AEO2026 Counterfactual Baseline case,1.0,Industrial
2020,ind,5-8,NYCW,Northeast Power Coordinating Council / New York City and Long Island,AEO2026 Counterfactual Baseline case,1.0,Industrial
2020,com,5-2,FRCC,Florida Reliability Coordinating Council,AEO2026 Counterfactual Baseline case,1.0,Commercial
2020,com,5-4,MISC,Midcontinent / Central,AEO2026 Counterfactual Baseline case,1.0,Commercial
2020,com,5-5,MISE,Midcontinent / East,AEO2026 Counterfactual Baseline case,1.0,Commercial
2020,com,5-6,MISS,Midcontinent / South,AEO2026 Counterfactual Baseline case,1.0,Commercial
2020,com,5-3,MISW,Midcontinent / West,AEO2026 Counterfactual Baseline case,1.0,Commercial
2020,com,5-8,NYCW,Northeast Power Coordinating Council / New York City and Long Island,AEO2026 Counterfactual Baseline case,1.0,Commercial
2020,com,5-7,ISNE,Northeast Power Coordinating Council / New England,AEO2026 Counterfactual Baseline case,1.0,Commercial
2020,com,5-9,NYUP,Northeast Power Coordinating Council / Upstate New York,AEO2026 Counterfactual Baseline case,1.0,Commercial
2020,com,5-12,PJMC,PJM / Commonwealth Edison,AEO2026 Counterfactual Baseline case,1.0,Commercial
2020,com,5-13,PJMD,PJM / Dominion,AEO2026 Counterfactual Baseline case,1.0,Commercial
2020,com,5-10,PJME,PJM / East,AEO2026 Counterfactual Baseline case,1.0,Commercial
2020,com,5-11,PJMW,PJM / West,AEO2026 Counterfactual Baseline case,1.0,Commercial
2020,com,5-16,SRCE,SERC Reliability Corporation / Central,AEO2026 Counterfactual Baseline case,1.0,Commercial
2020,com,5-14,SRCA,SERC Reliability Corporation / East,AEO2026 Counterfactual Baseline case,1.0,Commercial
2020,com,5-15,SRSE,SERC Reliability Corporation / Southeastern,AEO2026 Counterfactual Baseline case,1.0,Commercial
2020,com,5-18,SPPC,Southwest Power Pool / Central,AEO2026 Counterfactual Baseline case,1.0,Commercial
2020,ind,5-3,MISW,Midcontinent / West,AEO2026 Counterfactual Baseline case,1.0,Industrial
2020,ind,5-6,MISS,Midcontinent / South,AEO2026 Counterfactual Baseline case,1.0,Industrial
2020,ind,5-5,MISE,Midcontinent / East,AEO2026 Counterfactual Baseline case,1.0,Industrial
2020,ind,5-4,MISC,Midcontinent / Central,AEO2026 Counterfactual Baseline case,1.0,Industrial
2020,ind,5-2,FRCC,Florida Reliability Coordinating Council,AEO2026 Counterfactual Baseline case,1.0,Industrial
2020,com,5-23,NWPP,Western Electricity Coordinating Council / Northwest Power Pool Area,AEO2026 Counterfactual Baseline case,1.0,Commercial
2020,res,5-15,SRSE,SERC Reliability Corporation / Southeastern,AEO2026 Counterfactual Baseline case,1.0,Residential
2020,com,5-20,SRSG,Western Electricity Coordinating Council / Southwest,AEO2026 Counterfactual Baseline case,1.0,Commercial
2020,com,5-22,CASO,Western Electricity Coordinating Council / California South,AEO2026 Counterfactual Baseline case,1.0,Commercial
2020,com,5-21,CANO,Western Electricity Coordinating Council / California North,AEO2026 Counterfactual Baseline case,1.0,Commercial
2020,com,5-25,BASN,Western Electricity Coordinating Council / Basin,AEO2026 Counterfactual Baseline case,1.0,Commercial
2020,com,5-1,TRE,Texas Reliability Entity,AEO2026 Counterfactual Baseline case,1.0,Commercial
2020,com,5-17,SPPS,Southwest Power Pool / South,AEO2026 Counterfactual Baseline case,1.0,Commercial
2020,com,5-19,SPPN,Southwest Power Pool / North,AEO2026 Counterfactual Baseline case,1.0,Commercial
2020,com,5-24,RMRG,Western Electricity Coordinating Council / Rockies,AEO2026 Counterfactual Baseline case,1.0,Commercial
2020,res,5-18,SPPC,Southwest Power Pool / Central,AEO2026 Counterfactual Baseline case,1.0,Residential
2020,res,5-19,SPPN,Southwest Power Pool / North,AEO2026 Counterfactual Baseline case,1.0,Residential
2020,res,5-17,SPPS,Southwest Power Pool / South,AEO2026 Counterfactual Baseline case,1.0,Residential
2020,trans,5-23,NWPP,Western Electricity Coordinating Council / Northwest Power Pool Area,AEO2026 Counterfactual Baseline case,1.0,Transportation
2020,res,5-1,TRE,Texas Reliability Entity,AEO2026 Counterfactual Baseline case,1.0,Residential
2020,res,5-25,BASN,Western Electricity Coordinating Council / Basin,AEO2026 Counterfactual Baseline case,1.0,Residential
2020,res,5-21,CANO,Western Electricity Coordinating Council / California North,AEO2026 Counterfactual Baseline case,1.0,Residential
2020,res,5-22,CASO,Western Electricity Coordinating Council / California South,AEO2026 Counterfactual Baseline case,1.0,Residential
2020,res,5-24,RMRG,Western Electricity Coordinating Council / Rockies,AEO2026 Counterfactual Baseline case,1.0,Residential
2020,res,5-20,SRSG,Western Electricity Coordinating Council / Southwest,AEO2026 Counterfactual Baseline case,1.0,Residential
2020,res,5-23,NWPP,Western Electricity Coordinating Council / Northwest Power Pool Area,AEO2026 Counterfactual Baseline case,1.0,Residential
2020,trans,5-2,FRCC,Florida Reliability Coordinating Council,AEO2026 Counterfactual Baseline case,1.0,Transportation
2020,trans,5-4,MISC,Midcontinent / Central,AEO2026 Counterfactual Baseline case,1.0,Transportation
2020,trans,5-5,MISE,Midcontinent / East,AEO2026 Counterfactual Baseline case,1.0,Transportation
2020,trans,5-6,MISS,Midcontinent / South,AEO2026 Counterfactual Baseline case,1.0,Transportation
2020,trans,5-3,MISW,Midcontinent / West,AEO2026 Counterfactual Baseline case,1.0,Transportation
2020,trans,5-8,NYCW,Northeast Power Coordinating Council / New York City and Long Island,AEO2026 Counterfactual Baseline case,1.0,Transportation
2020,trans,5-7,ISNE,Northeast Power Coordinating Council / New England,AEO2026 Counterfactual Baseline case,1.0,Transportation
2020,trans,5-9,NYUP,Northeast Power Coordinating Council / Upstate New York,AEO2026 Counterfactual Baseline case,1.0,Transportation
2020,trans,5-12,PJMC,PJM / Commonwealth Edison,AEO2026 Counterfactual Baseline case,1.0,Transportation
2020,trans,5-13,PJMD,PJM / Dominion,AEO2026 Counterfactual Baseline case,1.0,Transportation
2020,trans,5-20,SRSG,Western Electricity Coordinating Council / Southwest,AEO2026 Counterfactual Baseline case,1.0,Transportation
2020,trans,5-24,RMRG,Western Electricity Coordinating Council / Rockies,AEO2026 Counterfactual Baseline case,1.0,Transportation
2020,trans,5-22,CASO,Western Electricity Coordinating Council / California South,AEO2026 Counterfactual Baseline case,1.0,Transportation
2020,trans,5-21,CANO,Western Electricity Coordinating Council / California North,AEO2026 Counterfactual Baseline case,1.0,Transportation
2020,trans,5-25,BASN,Western Electricity Coordinating Council / Basin,AEO2026 Counterfactual Baseline case,1.0,Transportation
2020,trans,5-1,TRE,Texas Reliability Entity,AEO2026 Counterfactual Baseline case,1.0,Transportation
2020,trans,5-17,SPPS,Southwest Power Pool / South,AEO2026 Counterfactual Baseline case,1.0,Transportation
2020,trans,5-18,SPPC,Southwest Power Pool / Central,AEO2026 Counterfactual Baseline case,1.0,Transportation
2020,trans,5-15,SRSE,SERC Reliability Corporation / Southeastern,AEO2026 Counterfactual Baseline case,1.0,Transportation
2020,trans,5-14,SRCA,SERC Reliability Corporation / East,AEO2026 Counterfactual Baseline case,1.0,Transportation
2020,trans,5-16,SRCE,SERC Reliability Corporation / Central,AEO2026 Counterfactual Baseline case,1.0,Transportation
2020,trans,5-11,PJMW,PJM / West,AEO2026 Counterfactual Baseline case,1.0,Transportation
2020,trans,5-10,PJME,PJM / East,AEO2026 Counterfactual Baseline case,1.0,Transportation
2020,trans,5-19,SPPN,Southwest Power Pool / North,AEO2026 Counterfactual Baseline case,1.0,Transportation
2021,ind,5-13,PJMD,PJM / Dominion,AEO2026 Counterfactual Baseline case,1.0,Industrial
2021,ind,5-10,PJME,PJM / East,AEO2026 Counterfactual Baseline case,1.0,Industrial
2021,ind,5-11,PJMW,PJM / West,AEO2026 Counterfactual Baseline case,1.0,Industrial
2021,ind,5-16,SRCE,SERC Reliability Corporation / Central,AEO2026 Counterfactual Baseline case,1.0,Industrial
2021,ind,5-14,SRCA,SERC Reliability Corporation / East,AEO2026 Counterfactual Baseline case,1.0,Industrial
2021,ind,5-15,SRSE,SERC Reliability Corporation / Southeastern,AEO2026 Counterfactual Baseline case,1.0,Industrial
2021,ind,5-18,SPPC,Southwest Power Pool / Central,AEO2026 Counterfactual Baseline case,1.0,Industrial
2021,ind,5-19,SPPN,Southwest Power Pool / North,AEO2026 Counterfactual Baseline case,1.0,Industrial
2021,ind,5-17,SPPS,Southwest Power Pool / South,AEO2026 Counterfactual Baseline case,1.0,Industrial
2021,ind,5-1,TRE,Texas Reliability Entity,AEO2026 Counterfactual Baseline case,1.0,Industrial
2021,ind,5-25,BASN,Western Electricity Coordinating Council / Basin,AEO2026 Counterfactual Baseline case,1.0,Industrial
2021,ind,5-21,CANO,Western Electricity Coordinating Council / California North,AEO2026 Counterfactual Baseline case,1.0,Industrial
2021,ind,5-22,CASO,Western Electricity Coordinating Council / California South,AEO2026 Counterfactual Baseline case,1.0,Industrial
2021,ind,5-24,RMRG,Western Electricity Coordinating Council / Rockies,AEO2026 Counterfactual Baseline case,1.0,Industrial
2021,ind,5-12,PJMC,PJM / Commonwealth Edison,AEO2026 Counterfactual Baseline case,1.0,Industrial
2021,ind,5-20,SRSG,Western Electricity Coordinating Council / Southwest,AEO2026 Counterfactual Baseline case,1.0,Industrial
2021,res,5-2,FRCC,Florida Reliability Coordinating Council,AEO2026 Counterfactual Baseline case,1.0,Residential
2021,res,5-4,MISC,Midcontinent / Central,AEO2026 Counterfactual Baseline case,1.0,Residential
2021,res,5-5,MISE,Midcontinent / East,AEO2026 Counterfactual Baseline case,1.0,Residential
2021,res,5-6,MISS,Midcontinent / South,AEO2026 Counterfactual Baseline case,1.0,Residential
2021,res,5-3,MISW,Midcontinent / West,AEO2026 Counterfactual Baseline case,1.0,Residential
2021,res,5-8,NYCW,Northeast Power Coordinating Council / New York City and Long Island,AEO2026 Counterfactual Baseline case,1.0,Residential
2021,res,5-7,ISNE,Northeast Power Coordinating Council / New England,AEO2026 Counterfactual Baseline case,1.0,Residential
2021,res,5-9,NYUP,Northeast Power Coordinating Council / Upstate New York,AEO2026 Counterfactual Baseline case,1.0,Residential
2021,res,5-12,PJMC,PJM / Commonwealth Edison,AEO2026 Counterfactual Baseline case,1.0,Residential
2021,res,5-13,PJMD,PJM / Dominion,AEO2026 Counterfactual Baseline case,1.0,Residential
2021,res,5-10,PJME,PJM / East,AEO2026 Counterfactual Baseline case,1.0,Residential
2021,res,5-11,PJMW,PJM / West,AEO2026 Counterfactual Baseline case,1.0,Residential
2021,res,5-16,SRCE,SERC Reliability Corporation / Central,AEO2026 Counterfactual Baseline case,1.0,Residential
2021,res,5-14,SRCA,SERC Reliability Corporation / East,AEO2026 Counterfactual Baseline case,1.0,Residential
2021,ind,5-23,NWPP,Western Electricity Coordinating Council / Northwest Power Pool Area,AEO2026 Counterfactual Baseline case,1.0,Industrial
2021,ind,5-9,NYUP,Northeast Power Coordinating Council / Upstate New York,AEO2026 Counterfactual Baseline case,1.0,Industrial
2021,ind,5-7,ISNE,Northeast Power Coordinating Council / New England,AEO2026 Counterfactual Baseline case,1.0,Industrial
2021,ind,5-8,NYCW,Northeast Power Coordinating Council / New York City and Long Island,AEO2026 Counterfactual Baseline case,1.0,Industrial
2021,com,5-2,FRCC,Florida Reliability Coordinating Council,AEO2026 Counterfactual Baseline case,1.0,Commercial
2021,com,5-4,MISC,Midcontinent / Central,AEO2026 Counterfactual Baseline case,1.0,Commercial
2021,com,5-5,MISE,Midcontinent / East,AEO2026 Counterfactual Baseline case,1.0,Commercial
2021,com,5-6,MISS,Midcontinent / South,AEO2026 Counterfactual Baseline case,1.0,Commercial
2021,com,5-3,MISW,Midcontinent / West,AEO2026 Counterfactual Baseline case,1.0,Commercial
2021,com,5-8,NYCW,Northeast Power Coordinating Council / New York City and Long Island,AEO2026 Counterfactual Baseline case,1.0,Commercial
2021,com,5-7,ISNE,Northeast Power Coordinating Council / New England,AEO2026 Counterfactual Baseline case,1.0,Commercial
2021,com,5-9,NYUP,Northeast Power Coordinating Council / Upstate New York,AEO2026 Counterfactual Baseline case,1.0,Commercial
2021,com,5-12,PJMC,PJM / Commonwealth Edison,AEO2026 Counterfactual Baseline case,1.0,Commercial
2021,com,5-13,PJMD,PJM / Dominion,AEO2026 Counterfactual Baseline case,1.0,Commercial
2021,com,5-10,PJME,PJM / East,AEO2026 Counterfactual Baseline case,1.0,Commercial
2021,com,5-11,PJMW,PJM / West,AEO2026 Counterfactual Baseline case,1.0,Commercial
2021,com,5-16,SRCE,SERC Reliability Corporation / Central,AEO2026 Counterfactual Baseline case,1.0,Commercial
2021,com,5-14,SRCA,SERC Reliability Corporation / East,AEO2026 Counterfactual Baseline case,1.0,Commercial
2021,com,5-15,SRSE,SERC Reliability Corporation / Southeastern,AEO2026 Counterfactual Baseline case,1.0,Commercial
2021,com,5-18,SPPC,Southwest Power Pool / Central,AEO2026 Counterfactual Baseline case,1.0,Commercial
2021,ind,5-3,MISW,Midcontinent / West,AEO2026 Counterfactual Baseline case,1.0,Industrial
2021,ind,5-6,MISS,Midcontinent / South,AEO2026 Counterfactual Baseline case,1.0,Industrial
2021,ind,5-5,MISE,Midcontinent / East,AEO2026 Counterfactual Baseline case,1.0,Industrial
2021,ind,5-4,MISC,Midcontinent / Central,AEO2026 Counterfactual Baseline case,1.0,Industrial
2021,ind,5-2,FRCC,Florida Reliability Coordinating Council,AEO2026 Counterfactual Baseline case,1.0,Industrial
2021,com,5-23,NWPP,Western Electricity Coordinating Council / Northwest Power Pool Area,AEO2026 Counterfactual Baseline case,1.0,Commercial
2021,res,5-15,SRSE,SERC Reliability Corporation / Southeastern,AEO2026 Counterfactual Baseline case,1.0,Residential
2021,com,5-20,SRSG,Western Electricity Coordinating Council / Southwest,AEO2026 Counterfactual Baseline case,1.0,Commercial
2021,com,5-22,CASO,Western Electricity Coordinating Council / California South,AEO2026 Counterfactual Baseline case,1.0,Commercial
2021,com,5-21,CANO,Western Electricity Coordinating Council / California North,AEO2026 Counterfactual Baseline case,1.0,Commercial
2021,com,5-25,BASN,Western Electricity Coordinating Council / Basin,AEO2026 Counterfactual Baseline case,1.0,Commercial
2021,com,5-1,TRE,Texas Reliability Entity,AEO2026 Counterfactual Baseline case,1.0,Commercial
2021,com,5-17,SPPS,Southwest Power Pool / South,AEO2026 Counterfactual Baseline case,1.0,Commercial
2021,com,5-19,SPPN,Southwest Power Pool / North,AEO2026 Counterfactual Baseline case,1.0,Commercial
2021,com,5-24,RMRG,Western Electricity Coordinating Council / Rockies,AEO2026 Counterfactual Baseline case,1.0,Commercial
2021,res,5-18,SPPC,Southwest Power Pool / Central,AEO2026 Counterfactual Baseline case,1.0,Residential
2021,res,5-17,SPPS,Southwest Power Pool / South,AEO2026 Counterfactual Baseline case,1.0,Residential
2021,trans,5-23,NWPP,Western Electricity Coordinating Council / Northwest Power Pool Area,AEO2026 Counterfactual Baseline case,1.0,Transportation
2021,res,5-1,TRE,Texas Reliability Entity,AEO2026 Counterfactual Baseline case,1.0,Residential
2021,res,5-25,BASN,Western Electricity Coordinating Council / Basin,AEO2026 Counterfactual Baseline case,1.0,Residential
2021,res,5-21,CANO,Western Electricity Coordinating Council / California North,AEO2026 Counterfactual Baseline case,1.0,Residential
2021,res,5-22,CASO,Western Electricity Coordinating Council / California South,AEO2026 Counterfactual Baseline case,1.0,Residential
2021,res,5-24,RMRG,Western Electricity Coordinating Council / Rockies,AEO2026 Counterfactual Baseline case,1.0,Residential
2021,res,5-20,SRSG,Western Electricity Coordinating Council / Southwest,AEO2026 Counterfactual Baseline case,1.0,Residential
2021,res,5-23,NWPP,Western Electricity Coordinating Council / Northwest Power Pool Area,AEO2026 Counterfactual Baseline case,1.0,Residential
2021,trans,5-2,FRCC,Florida Reliability Coordinating Council,AEO2026 Counterfactual Baseline case,1.0,Transportation
2021,trans,5-4,MISC,Midcontinent / Central,AEO2026 Counterfactual Baseline case,1.0,Transportation
2021,trans,5-5,MISE,Midcontinent / East,AEO2026 Counterfactual Baseline case,1.0,Transportation
2021,trans,5-6,MISS,Midcontinent / South,AEO2026 Counterfactual Baseline case,1.0,Transportation
2021,trans,5-3,MISW,Midcontinent / West,AEO2026 Counterfactual Baseline case,1.0,Transportation
2021,trans,5-8,NYCW,Northeast Power Coordinating Council / New York City and Long Island,AEO2026 Counterfactual Baseline case,1.0,Transportation
2021,trans,5-7,ISNE,Northeast Power Coordinating Council / New England,AEO2026 Counterfactual Baseline case,1.0,Transportation
2021,trans,5-9,NYUP,Northeast Power Coordinating Council / Upstate New York,AEO2026 Counterfactual Baseline case,1.0,Transportation
2021,trans,5-12,PJMC,PJM / Commonwealth Edison,AEO2026 Counterfactual Baseline case,1.0,Transportation
2021,trans,5-13,PJMD,PJM / Dominion,AEO2026 Counterfactual Baseline case,1.0,Transportation
2021,trans,5-20,SRSG,Western Electricity Coordinating Council / Southwest,AEO2026 Counterfactual Baseline case,1.0,Transportation
2021,trans,5-24,RMRG,Western Electricity Coordinating Council / Rockies,AEO2026 Counterfactual Baseline case,1.0,Transportation
2021,trans,5-22,CASO,Western Electricity Coordinating Council / California South,AEO2026 Counterfactual Baseline case,1.0,Transportation
2021,trans,5-21,CANO,Western Electricity Coordinating Council / California North,AEO2026 Counterfactual Baseline case,1.0,Transportation
2021,trans,5-25,BASN,Western Electricity Coordinating Council / Basin,AEO2026 Counterfactual Baseline case,1.0,Transportation
2021,trans,5-1,TRE,Texas Reliability Entity,AEO2026 Counterfactual Baseline case,1.0,Transportation
2021,res,5-19,SPPN,Southwest Power Pool / North,AEO2026 Counterfactual Baseline case,1.0,Residential
2021,trans,5-17,SPPS,Southwest Power Pool / South,AEO2026 Counterfactual Baseline case,1.0,Transportation
2021,trans,5-18,SPPC,Southwest Power Pool / Central,AEO2026 Counterfactual Baseline case,1.0,Transportation
2021,trans,5-15,SRSE,SERC Reliability Corporation / Southeastern,AEO2026 Counterfactual Baseline case,1.0,Transportation
2021,trans,5-14,SRCA,SERC Reliability Corporation / East,AEO2026 Counterfactual Baseline case,1.0,Transportation
2021,trans,5-16,SRCE,SERC Reliability Corporation / Central,AEO2026 Counterfactual Baseline case,1.0,Transportation
2021,trans,5-11,PJMW,PJM / West,AEO2026 Counterfactual Baseline case,1.0,Transportation
2021,trans,5-10,PJME,PJM / East,AEO2026 Counterfactual Baseline case,1.0,Transportation
2021,trans,5-19,SPPN,Southwest Power Pool / North,AEO2026 Counterfactual Baseline case,1.0,Transportation
2022,ind,5-13,PJMD,PJM / Dominion,AEO2026 Counterfactual Baseline case,1.0,Industrial
2022,ind,5-10,PJME,PJM / East,AEO2026 Counterfactual Baseline case,1.0,Industrial
2022,ind,5-11,PJMW,PJM / West,AEO2026 Counterfactual Baseline case,1.0,Industrial
2022,ind,5-16,SRCE,SERC Reliability Corporation / Central,AEO2026 Counterfactual Baseline case,1.0,Industrial
2022,ind,5-14,SRCA,SERC Reliability Corporation / East,AEO2026 Counterfactual Baseline case,1.0,Industrial
2022,ind,5-15,SRSE,SERC Reliability Corporation / Southeastern,AEO2026 Counterfactual Baseline case,1.0,Industrial
2022,ind,5-18,SPPC,Southwest Power Pool / Central,AEO2026 Counterfactual Baseline case,1.0,Industrial
2022,ind,5-19,SPPN,Southwest Power Pool / North,AEO2026 Counterfactual Baseline case,1.0,Industrial
2022,ind,5-17,SPPS,Southwest Power Pool / South,AEO2026 Counterfactual Baseline case,1.0,Industrial
2022,ind,5-1,TRE,Texas Reliability Entity,AEO2026 Counterfactual Baseline case,1.0,Industrial
2022,ind,5-25,BASN,Western Electricity Coordinating Council / Basin,AEO2026 Counterfactual Baseline case,1.0,Industrial
2022,ind,5-21,CANO,Western Electricity Coordinating Council / California North,AEO2026 Counterfactual Baseline case,1.0,Industrial
2022,ind,5-22,CASO,Western Electricity Coordinating Council / California South,AEO2026 Counterfactual Baseline case,1.0,Industrial
2022,ind,5-24,RMRG,Western Electricity Coordinating Council / Rockies,AEO2026 Counterfactual Baseline case,1.0,Industrial
2022,ind,5-12,PJMC,PJM / Commonwealth Edison,AEO2026 Counterfactual Baseline case,1.0,Industrial
2022,ind,5-20,SRSG,Western Electricity Coordinating Council / Southwest,AEO2026 Counterfactual Baseline case,1.0,Industrial
2022,res,5-2,FRCC,Florida Reliability Coordinating Council,AEO2026 Counterfactual Baseline case,1.0,Residential
2022,res,5-4,MISC,Midcontinent / Central,AEO2026 Counterfactual Baseline case,1.0,Residential
2022,res,5-5,MISE,Midcontinent / East,AEO2026 Counterfactual Baseline case,1.0,Residential
2022,res,5-6,MISS,Midcontinent / South,AEO2026 Counterfactual Baseline case,1.0,Residential
2022,res,5-3,MISW,Midcontinent / West,AEO2026 Counterfactual Baseline case,1.0,Residential
2022,res,5-8,NYCW,Northeast Power Coordinating Council / New York City and Long Island,AEO2026 Counterfactual Baseline case,1.0,Residential
2022,res,5-7,ISNE,Northeast Power Coordinating Council / New England,AEO2026 Counterfactual Baseline case,1.0,Residential
2022,res,5-9,NYUP,Northeast Power Coordinating Council / Upstate New York,AEO2026 Counterfactual Baseline case,1.0,Residential
2022,res,5-12,PJMC,PJM / Commonwealth Edison,AEO2026 Counterfactual Baseline case,1.0,Residential
2022,res,5-13,PJMD,PJM / Dominion,AEO2026 Counterfactual Baseline case,1.0,Residential
2022,res,5-10,PJME,PJM / East,AEO2026 Counterfactual Baseline case,1.0,Residential
2022,res,5-11,PJMW,PJM / West,AEO2026 Counterfactual Baseline case,1.0,Residential
2022,res,5-16,SRCE,SERC Reliability Corporation / Central,AEO2026 Counterfactual Baseline case,1.0,Residential
2022,res,5-14,SRCA,SERC Reliability Corporation / East,AEO2026 Counterfactual Baseline case,1.0,Residential
2022,ind,5-23,NWPP,Western Electricity Coordinating Council / Northwest Power Pool Area,AEO2026 Counterfactual Baseline case,1.0,Industrial
2022,ind,5-9,NYUP,Northeast Power Coordinating Council / Upstate New York,AEO2026 Counterfactual Baseline case,1.0,Industrial
2022,ind,5-7,ISNE,Northeast Power Coordinating Council / New England,AEO2026 Counterfactual Baseline case,1.0,Industrial
2022,ind,5-8,NYCW,Northeast Power Coordinating Council / New York City and Long Island,AEO2026 Counterfactual Baseline case,1.0,Industrial
2022,com,5-2,FRCC,Florida Reliability Coordinating Council,AEO2026 Counterfactual Baseline case,1.0,Commercial
2022,com,5-4,MISC,Midcontinent / Central,AEO2026 Counterfactual Baseline case,1.0,Commercial
2022,com,5-5,MISE,Midcontinent / East,AEO2026 Counterfactual Baseline case,1.0,Commercial
2022,com,5-6,MISS,Midcontinent / South,AEO2026 Counterfactual Baseline case,1.0,Commercial
2022,com,5-3,MISW,Midcontinent / West,AEO2026 Counterfactual Baseline case,1.0,Commercial
2022,com,5-8,NYCW,Northeast Power Coordinating Council / New York City and Long Island,AEO2026 Counterfactual Baseline case,1.0,Commercial
2022,com,5-7,ISNE,Northeast Power Coordinating Council / New England,AEO2026 Counterfactual Baseline case,1.0,Commercial
2022,com,5-9,NYUP,Northeast Power Coordinating Council / Upstate New York,AEO2026 Counterfactual Baseline case,1.0,Commercial
2022,com,5-12,PJMC,PJM / Commonwealth Edison,AEO2026 Counterfactual Baseline case,1.0,Commercial
2022,com,5-13,PJMD,PJM / Dominion,AEO2026 Counterfactual Baseline case,1.0,Commercial
2022,com,5-10,PJME,PJM / East,AEO2026 Counterfactual Baseline case,1.0,Commercial
2022,com,5-11,PJMW,PJM / West,AEO2026 Counterfactual Baseline case,1.0,Commercial
2022,com,5-16,SRCE,SERC Reliability Corporation / Central,AEO2026 Counterfactual Baseline case,1.0,Commercial
2022,com,5-14,SRCA,SERC Reliability Corporation / East,AEO2026 Counterfactual Baseline case,1.0,Commercial
2022,com,5-15,SRSE,SERC Reliability Corporation / Southeastern,AEO2026 Counterfactual Baseline case,1.0,Commercial
2022,com,5-18,SPPC,Southwest Power Pool / Central,AEO2026 Counterfactual Baseline case,1.0,Commercial
2022,ind,5-3,MISW,Midcontinent / West,AEO2026 Counterfactual Baseline case,1.0,Industrial
2022,ind,5-6,MISS,Midcontinent / South,AEO2026 Counterfactual Baseline case,1.0,Industrial
2022,ind,5-5,MISE,Midcontinent / East,AEO2026 Counterfactual Baseline case,1.0,Industrial
2022,ind,5-4,MISC,Midcontinent / Central,AEO2026 Counterfactual Baseline case,1.0,Industrial
2022,ind,5-2,FRCC,Florida Reliability Coordinating Council,AEO2026 Counterfactual Baseline case,1.0,Industrial
2022,com,5-23,NWPP,Western Electricity Coordinating Council / Northwest Power Pool Area,AEO2026 Counterfactual Baseline case,1.0,Commercial
2022,res,5-15,SRSE,SERC Reliability Corporation / Southeastern,AEO2026 Counterfactual Baseline case,1.0,Residential
2022,com,5-20,SRSG,Western Electricity Coordinating Council / Southwest,AEO2026 Counterfactual Baseline case,1.0,Commercial
2022,com,5-22,CASO,Western Electricity Coordinating Council / California South,AEO2026 Counterfactual Baseline case,1.0,Commercial
2022,com,5-21,CANO,Western Electricity Coordinating Council / California North,AEO2026 Counterfactual Baseline case,1.0,Commercial
2022,com,5-25,BASN,Western Electricity Coordinating Council / Basin,AEO2026 Counterfactual Baseline case,1.0,Commercial
2022,com,5-1,TRE,Texas Reliability Entity,AEO2026 Counterfactual Baseline case,1.0,Commercial
2022,com,5-17,SPPS,Southwest Power Pool / South,AEO2026 Counterfactual Baseline case,1.0,Commercial
2022,com,5-19,SPPN,Southwest Power Pool / North,AEO2026 Counterfactual Baseline case,1.0,Commercial
2022,com,5-24,RMRG,Western Electricity Coordinating Council / Rockies,AEO2026 Counterfactual Baseline case,1.0,Commercial
2022,res,5-18,SPPC,Southwest Power Pool / Central,AEO2026 Counterfactual Baseline case,1.0,Residential
2022,res,5-17,SPPS,Southwest Power Pool / South,AEO2026 Counterfactual Baseline case,1.0,Residential
2022,trans,5-23,NWPP,Western Electricity Coordinating Council / Northwest Power Pool Area,AEO2026 Counterfactual Baseline case,1.0,Transportation
2022,res,5-1,TRE,Texas Reliability Entity,AEO2026 Counterfactual Baseline case,1.0,Residential
2022,res,5-25,BASN,Western Electricity Coordinating Council / Basin,AEO2026 Counterfactual Baseline case,1.0,Residential
2022,res,5-21,CANO,Western Electricity Coordinating Council / California North,AEO2026 Counterfactual Baseline case,1.0,Residential
2022,res,5-22,CASO,Western Electricity Coordinating Council / California South,AEO2026 Counterfactual Baseline case,1.0,Residential
2022,res,5-24,RMRG,Western Electricity Coordinating Council / Rockies,AEO2026 Counterfactual Baseline case,1.0,Residential
2022,res,5-20,SRSG,Western Electricity Coordinating Council / Southwest,AEO2026 Counterfactual Baseline case,1.0,Residential
2022,res,5-23,NWPP,Western Electricity Coordinating Council / Northwest Power Pool Area,AEO2026 Counterfactual Baseline case,1.0,Residential
2022,trans,5-2,FRCC,Florida Reliability Coordinating Council,AEO2026 Counterfactual Baseline case,1.0,Transportation
2022,trans,5-4,MISC,Midcontinent / Central,AEO2026 Counterfactual Baseline case,1.0,Transportation
2022,trans,5-5,MISE,Midcontinent / East,AEO2026 Counterfactual Baseline case,1.0,Transportation
2022,trans,5-6,MISS,Midcontinent / South,AEO2026 Counterfactual Baseline case,1.0,Transportation
2022,trans,5-3,MISW,Midcontinent / West,AEO2026 Counterfactual Baseline case,1.0,Transportation
2022,trans,5-8,NYCW,Northeast Power Coordinating Council / New York City and Long Island,AEO2026 Counterfactual Baseline case,1.0,Transportation
2022,trans,5-7,ISNE,Northeast Power Coordinating Council / New England,AEO2026 Counterfactual Baseline case,1.0,Transportation
2022,trans,5-9,NYUP,Northeast Power Coordinating Council / Upstate New York,AEO2026 Counterfactual Baseline case,1.0,Transportation
2022,trans,5-12,PJMC,PJM / Commonwealth Edison,AEO2026 Counterfactual Baseline case,1.0,Transportation
2022,trans,5-13,PJMD,PJM / Dominion,AEO2026 Counterfactual Baseline case,1.0,Transportation
2022,trans,5-20,SRSG,Western Electricity Coordinating Council / Southwest,AEO2026 Counterfactual Baseline case,1.0,Transportation
2022,trans,5-24,RMRG,Western Electricity Coordinating Council / Rockies,AEO2026 Counterfactual Baseline case,1.0,Transportation
2022,trans,5-22,CASO,Western Electricity Coordinating Council / California South,AEO2026 Counterfactual Baseline case,1.0,Transportation
2022,trans,5-21,CANO,Western Electricity Coordinating Council / California North,AEO2026 Counterfactual Baseline case,1.0,Transportation
2022,trans,5-25,BASN,Western Electricity Coordinating Council / Basin,AEO2026 Counterfactual Baseline case,1.0,Transportation
2022,trans,5-1,TRE,Texas Reliability Entity,AEO2026 Counterfactual Baseline case,1.0,Transportation
2022,res,5-19,SPPN,Southwest Power Pool / North,AEO2026 Counterfactual Baseline case,1.0,Residential
2022,trans,5-17,SPPS,Southwest Power Pool / South,AEO2026 Counterfactual Baseline case,1.0,Transportation
2022,trans,5-18,SPPC,Southwest Power Pool / Central,AEO2026 Counterfactual Baseline case,1.0,Transportation
2022,trans,5-15,SRSE,SERC Reliability Corporation / Southeastern,AEO2026 Counterfactual Baseline case,1.0,Transportation
2022,trans,5-14,SRCA,SERC Reliability Corporation / East,AEO2026 Counterfactual Baseline case,1.0,Transportation
2022,trans,5-16,SRCE,SERC Reliability Corporation / Central,AEO2026 Counterfactual Baseline case,1.0,Transportation
2022,trans,5-11,PJMW,PJM / West,AEO2026 Counterfactual Baseline case,1.0,Transportation
2022,trans,5-10,PJME,PJM / East,AEO2026 Counterfactual Baseline case,1.0,Transportation
2022,trans,5-19,SPPN,Southwest Power Pool / North,AEO2026 Counterfactual Baseline case,1.0,Transportation
2023,ind,5-10,PJME,PJM / East,AEO2026 Counterfactual Baseline case,1.0,Industrial
2023,ind,5-11,PJMW,PJM / West,AEO2026 Counterfactual Baseline case,1.0,Industrial
2023,ind,5-16,SRCE,SERC Reliability Corporation / Central,AEO2026 Counterfactual Baseline case,1.0,Industrial
2023,ind,5-14,SRCA,SERC Reliability Corporation / East,AEO2026 Counterfactual Baseline case,1.0,Industrial
2023,ind,5-15,SRSE,SERC Reliability Corporation / Southeastern,AEO2026 Counterfactual Baseline case,1.0,Industrial
2023,ind,5-18,SPPC,Southwest Power Pool / Central,AEO2026 Counterfactual Baseline case,1.0,Industrial
2023,ind,5-19,SPPN,Southwest Power Pool / North,AEO2026 Counterfactual Baseline case,1.0,Industrial
2023,ind,5-17,SPPS,Southwest Power Pool / South,AEO2026 Counterfactual Baseline case,1.0,Industrial
2023,ind,5-1,TRE,Texas Reliability Entity,AEO2026 Counterfactual Baseline case,1.0,Industrial
2023,ind,5-25,BASN,Western Electricity Coordinating Council / Basin,AEO2026 Counterfactual Baseline case,1.0,Industrial
2023,ind,5-21,CANO,Western Electricity Coordinating Council / California North,AEO2026 Counterfactual Baseline case,1.0,Industrial
2023,ind,5-22,CASO,Western Electricity Coordinating Council / California South,AEO2026 Counterfactual Baseline case,1.0,Industrial
2023,ind,5-24,RMRG,Western Electricity Coordinating Council / Rockies,AEO2026 Counterfactual Baseline case,1.0,Industrial
2023,ind,5-20,SRSG,Western Electricity Coordinating Council / Southwest,AEO2026 Counterfactual Baseline case,1.0,Industrial
2023,ind,5-13,PJMD,PJM / Dominion,AEO2026 Counterfactual Baseline case,1.0,Industrial
2023,ind,5-23,NWPP,Western Electricity Coordinating Council / Northwest Power Pool Area,AEO2026 Counterfactual Baseline case,1.0,Industrial
2023,res,5-4,MISC,Midcontinent / Central,AEO2026 Counterfactual Baseline case,1.0,Residential
2023,res,5-5,MISE,Midcontinent / East,AEO2026 Counterfactual Baseline case,1.0,Residential
2023,res,5-6,MISS,Midcontinent / South,AEO2026 Counterfactual Baseline case,1.0,Residential
2023,res,5-3,MISW,Midcontinent / West,AEO2026 Counterfactual Baseline case,1.0,Residential
2023,res,5-8,NYCW,Northeast Power Coordinating Council / New York City and Long Island,AEO2026 Counterfactual Baseline case,1.0,Residential
2023,res,5-7,ISNE,Northeast Power Coordinating Council / New England,AEO2026 Counterfactual Baseline case,1.0,Residential
2023,res,5-9,NYUP,Northeast Power Coordinating Council / Upstate New York,AEO2026 Counterfactual Baseline case,1.0,Residential
2023,res,5-12,PJMC,PJM / Commonwealth Edison,AEO2026 Counterfactual Baseline case,1.0,Residential
2023,res,5-13,PJMD,PJM / Dominion,AEO2026 Counterfactual Baseline case,1.0,Residential
2023,res,5-10,PJME,PJM / East,AEO2026 Counterfactual Baseline case,1.0,Residential
2023,res,5-11,PJMW,PJM / West,AEO2026 Counterfactual Baseline case,1.0,Residential
2023,res,5-16,SRCE,SERC Reliability Corporation / Central,AEO2026 Counterfactual Baseline case,1.0,Residential
2023,res,5-14,SRCA,SERC Reliability Corporation / East,AEO2026 Counterfactual Baseline case,1.0,Residential
2023,res,5-15,SRSE,SERC Reliability Corporation / Southeastern,AEO2026 Counterfactual Baseline case,1.0,Residential
2023,res,5-2,FRCC,Florida Reliability Coordinating Council,AEO2026 Counterfactual Baseline case,1.0,Residential
2023,ind,5-12,PJMC,PJM / Commonwealth Edison,AEO2026 Counterfactual Baseline case,1.0,Industrial
2023,ind,5-9,NYUP,Northeast Power Coordinating Council / Upstate New York,AEO2026 Counterfactual Baseline case,1.0,Industrial
2023,ind,5-7,ISNE,Northeast Power Coordinating Council / New England,AEO2026 Counterfactual Baseline case,1.0,Industrial
2023,com,5-2,FRCC,Florida Reliability Coordinating Council,AEO2026 Counterfactual Baseline case,1.0,Commercial
2023,com,5-4,MISC,Midcontinent / Central,AEO2026 Counterfactual Baseline case,1.0,Commercial
2023,com,5-5,MISE,Midcontinent / East,AEO2026 Counterfactual Baseline case,1.0,Commercial
2023,com,5-6,MISS,Midcontinent / South,AEO2026 Counterfactual Baseline case,1.0,Commercial
2023,com,5-3,MISW,Midcontinent / West,AEO2026 Counterfactual Baseline case,1.0,Commercial
2023,com,5-8,NYCW,Northeast Power Coordinating Council / New York City and Long Island,AEO2026 Counterfactual Baseline case,1.0,Commercial
2023,com,5-7,ISNE,Northeast Power Coordinating Council / New England,AEO2026 Counterfactual Baseline case,1.0,Commercial
2023,com,5-9,NYUP,Northeast Power Coordinating Council / Upstate New York,AEO2026 Counterfactual Baseline case,1.0,Commercial
2023,com,5-12,PJMC,PJM / Commonwealth Edison,AEO2026 Counterfactual Baseline case,1.0,Commercial
2023,com,5-13,PJMD,PJM / Dominion,AEO2026 Counterfactual Baseline case,1.0,Commercial
2023,com,5-10,PJME,PJM / East,AEO2026 Counterfactual Baseline case,1.0,Commercial
2023,com,5-11,PJMW,PJM / West,AEO2026 Counterfactual Baseline case,1.0,Commercial
2023,com,5-16,SRCE,SERC Reliability Corporation / Central,AEO2026 Counterfactual Baseline case,1.0,Commercial
2023,com,5-14,SRCA,SERC Reliability Corporation / East,AEO2026 Counterfactual Baseline case,1.0,Commercial
2023,com,5-15,SRSE,SERC Reliability Corporation / Southeastern,AEO2026 Counterfactual Baseline case,1.0,Commercial
2023,com,5-18,SPPC,Southwest Power Pool / Central,AEO2026 Counterfactual Baseline case,1.0,Commercial
2023,com,5-19,SPPN,Southwest Power Pool / North,AEO2026 Counterfactual Baseline case,1.0,Commercial
2023,ind,5-8,NYCW,Northeast Power Coordinating Council / New York City and Long Island,AEO2026 Counterfactual Baseline case,1.0,Industrial
2023,ind,5-3,MISW,Midcontinent / West,AEO2026 Counterfactual Baseline case,1.0,Industrial
2023,ind,5-6,MISS,Midcontinent / South,AEO2026 Counterfactual Baseline case,1.0,Industrial
2023,ind,5-5,MISE,Midcontinent / East,AEO2026 Counterfactual Baseline case,1.0,Industrial
2023,ind,5-4,MISC,Midcontinent / Central,AEO2026 Counterfactual Baseline case,1.0,Industrial
2023,ind,5-2,FRCC,Florida Reliability Coordinating Council,AEO2026 Counterfactual Baseline case,1.0,Industrial
2023,res,5-18,SPPC,Southwest Power Pool / Central,AEO2026 Counterfactual Baseline case,1.0,Residential
2023,com,5-23,NWPP,Western Electricity Coordinating Council / Northwest Power Pool Area,AEO2026 Counterfactual Baseline case,1.0,Commercial
2023,com,5-24,RMRG,Western Electricity Coordinating Council / Rockies,AEO2026 Counterfactual Baseline case,1.0,Commercial
2023,com,5-22,CASO,Western Electricity Coordinating Council / California South,AEO2026 Counterfactual Baseline case,1.0,Commercial
2023,com,5-21,CANO,Western Electricity Coordinating Council / California North,AEO2026 Counterfactual Baseline case,1.0,Commercial
2023,com,5-25,BASN,Western Electricity Coordinating Council / Basin,AEO2026 Counterfactual Baseline case,1.0,Commercial
2023,com,5-1,TRE,Texas Reliability Entity,AEO2026 Counterfactual Baseline case,1.0,Commercial
2023,com,5-17,SPPS,Southwest Power Pool / South,AEO2026 Counterfactual Baseline case,1.0,Commercial
2023,com,5-20,SRSG,Western Electricity Coordinating Council / Southwest,AEO2026 Counterfactual Baseline case,1.0,Commercial
2023,res,5-19,SPPN,Southwest Power Pool / North,AEO2026 Counterfactual Baseline case,1.0,Residential
2023,res,5-1,TRE,Texas Reliability Entity,AEO2026 Counterfactual Baseline case,1.0,Residential
2023,res,5-25,BASN,Western Electricity Coordinating Council / Basin,AEO2026 Counterfactual Baseline case,1.0,Residential
2023,res,5-21,CANO,Western Electricity Coordinating Council / California North,AEO2026 Counterfactual Baseline case,1.0,Residential
2023,res,5-22,CASO,Western Electricity Coordinating Council / California South,AEO2026 Counterfactual Baseline case,1.0,Residential
2023,res,5-24,RMRG,Western Electricity Coordinating Council / Rockies,AEO2026 Counterfactual Baseline case,1.0,Residential
2023,res,5-20,SRSG,Western Electricity Coordinating Council / Southwest,AEO2026 Counterfactual Baseline case,1.0,Residential
2023,res,5-23,NWPP,Western Electricity Coordinating Council / Northwest Power Pool Area,AEO2026 Counterfactual Baseline case,1.0,Residential
2023,trans,5-2,FRCC,Florida Reliability Coordinating Council,AEO2026 Counterfactual Baseline case,1.0,Transportation
2023,trans,5-4,MISC,Midcontinent / Central,AEO2026 Counterfactual Baseline case,1.0,Transportation
2023,trans,5-5,MISE,Midcontinent / East,AEO2026 Counterfactual Baseline case,1.0,Transportation
2023,trans,5-6,MISS,Midcontinent / South,AEO2026 Counterfactual Baseline case,1.0,Transportation
2023,trans,5-3,MISW,Midcontinent / West,AEO2026 Counterfactual Baseline case,1.0,Transportation
2023,trans,5-8,NYCW,Northeast Power Coordinating Council / New York City and Long Island,AEO2026 Counterfactual Baseline case,1.0,Transportation
2023,trans,5-7,ISNE,Northeast Power Coordinating Council / New England,AEO2026 Counterfactual Baseline case,1.0,Transportation
2023,trans,5-9,NYUP,Northeast Power Coordinating Council / Upstate New York,AEO2026 Counterfactual Baseline case,1.0,Transportation
2023,trans,5-12,PJMC,PJM / Commonwealth Edison,AEO2026 Counterfactual Baseline case,1.0,Transportation
2023,trans,5-13,PJMD,PJM / Dominion,AEO2026 Counterfactual Baseline case,1.0,Transportation
2023,trans,5-10,PJME,PJM / East,AEO2026 Counterfactual Baseline case,1.0,Transportation
2023,trans,5-23,NWPP,Western Electricity Coordinating Council / Northwest Power Pool Area,AEO2026 Counterfactual Baseline case,1.0,Transportation
2023,trans,5-20,SRSG,Western Electricity Coordinating Council / Southwest,AEO2026 Counterfactual Baseline case,1.0,Transportation
2023,trans,5-24,RMRG,Western Electricity Coordinating Council / Rockies,AEO2026 Counterfactual Baseline case,1.0,Transportation
2023,trans,5-22,CASO,Western Electricity Coordinating Council / California South,AEO2026 Counterfactual Baseline case,1.0,Transportation
2023,trans,5-21,CANO,Western Electricity Coordinating Council / California North,AEO2026 Counterfactual Baseline case,1.0,Transportation
2023,trans,5-25,BASN,Western Electricity Coordinating Council / Basin,AEO2026 Counterfactual Baseline case,1.0,Transportation
2023,res,5-17,SPPS,Southwest Power Pool / South,AEO2026 Counterfactual Baseline case,1.0,Residential
2023,trans,5-1,TRE,Texas Reliability Entity,AEO2026 Counterfactual Baseline case,1.0,Transportation
2023,trans,5-19,SPPN,Southwest Power Pool / North,AEO2026 Counterfactual Baseline case,1.0,Transportation
2023,trans,5-18,SPPC,Southwest Power Pool / Central,AEO2026 Counterfactual Baseline case,1.0,Transportation
2023,trans,5-15,SRSE,SERC Reliability Corporation / Southeastern,AEO2026 Counterfactual Baseline case,1.0,Transportation
2023,trans,5-14,SRCA,SERC Reliability Corporation / East,AEO2026 Counterfactual Baseline case,1.0,Transportation
2023,trans,5-16,SRCE,SERC Reliability Corporation / Central,AEO2026 Counterfactual Baseline case,1.0,Transportation
2023,trans,5-11,PJMW,PJM / West,AEO2026 Counterfactual Baseline case,1.0,Transportation
2023,trans,5-17,SPPS,Southwest Power Pool / South,AEO2026 Counterfactual Baseline case,1.0,Transportation
2024,com,5-2,FRCC,Florida Reliability Coordinating Council,AEO2026 Counterfactual Baseline case,1.0,Commercial
2024,ind,5-10,PJME,PJM / East,AEO2026 Counterfactual Baseline case,1.0,Industrial
2024,ind,5-11,PJMW,PJM / West,AEO2026 Counterfactual Baseline case,1.0,Industrial
2024,ind,5-16,SRCE,SERC Reliability Corporation / Central,AEO2026 Counterfactual Baseline case,1.0,Industrial
2024,ind,5-14,SRCA,SERC Reliability Corporation / East,AEO2026 Counterfactual Baseline case,1.0,Industrial
2024,ind,5-15,SRSE,SERC Reliability Corporation / Southeastern,AEO2026 Counterfactual Baseline case,1.0,Industrial
2024,ind,5-18,SPPC,Southwest Power Pool / Central,AEO2026 Counterfactual Baseline case,1.0,Industrial
2024,ind,5-19,SPPN,Southwest Power Pool / North,AEO2026 Counterfactual Baseline case,1.0,Industrial
2024,ind,5-17,SPPS,Southwest Power Pool / South,AEO2026 Counterfactual Baseline case,1.0,Industrial
2024,ind,5-1,TRE,Texas Reliability Entity,AEO2026 Counterfactual Baseline case,1.0,Industrial
2024,ind,5-25,BASN,Western Electricity Coordinating Council / Basin,AEO2026 Counterfactual Baseline case,1.0,Industrial
2024,ind,5-21,CANO,Western Electricity Coordinating Council / California North,AEO2026 Counterfactual Baseline case,1.0,Industrial
2024,ind,5-22,CASO,Western Electricity Coordinating Council / California South,AEO2026 Counterfactual Baseline case,1.0,Industrial
2024,ind,5-24,RMRG,Western Electricity Coordinating Council / Rockies,AEO2026 Counterfactual Baseline case,1.0,Industrial
2024,ind,5-20,SRSG,Western Electricity Coordinating Council / Southwest,AEO2026 Counterfactual Baseline case,1.0,Industrial
2024,ind,5-13,PJMD,PJM / Dominion,AEO2026 Counterfactual Baseline case,1.0,Industrial
2024,ind,5-23,NWPP,Western Electricity Coordinating Council / Northwest Power Pool Area,AEO2026 Counterfactual Baseline case,1.0,Industrial
2024,res,5-4,MISC,Midcontinent / Central,AEO2026 Counterfactual Baseline case,1.0,Residential
2024,res,5-5,MISE,Midcontinent / East,AEO2026 Counterfactual Baseline case,1.0,Residential
2024,res,5-6,MISS,Midcontinent / South,AEO2026 Counterfactual Baseline case,1.0,Residential
2024,res,5-3,MISW,Midcontinent / West,AEO2026 Counterfactual Baseline case,1.0,Residential
2024,res,5-8,NYCW,Northeast Power Coordinating Council / New York City and Long Island,AEO2026 Counterfactual Baseline case,1.0,Residential
2024,res,5-7,ISNE,Northeast Power Coordinating Council / New England,AEO2026 Counterfactual Baseline case,1.0,Residential
2024,res,5-9,NYUP,Northeast Power Coordinating Council / Upstate New York,AEO2026 Counterfactual Baseline case,1.0,Residential
2024,res,5-12,PJMC,PJM / Commonwealth Edison,AEO2026 Counterfactual Baseline case,1.0,Residential
2024,res,5-13,PJMD,PJM / Dominion,AEO2026 Counterfactual Baseline case,1.0,Residential
2024,res,5-10,PJME,PJM / East,AEO2026 Counterfactual Baseline case,1.0,Residential
2024,res,5-11,PJMW,PJM / West,AEO2026 Counterfactual Baseline case,1.0,Residential
2024,res,5-16,SRCE,SERC Reliability Corporation / Central,AEO2026 Counterfactual Baseline case,1.0,Residential
2024,res,5-14,SRCA,SERC Reliability Corporation / East,AEO2026 Counterfactual Baseline case,1.0,Residential
2024,res,5-15,SRSE,SERC Reliability Corporation / Southeastern,AEO2026 Counterfactual Baseline case,1.0,Residential
2024,res,5-2,FRCC,Florida Reliability Coordinating Council,AEO2026 Counterfactual Baseline case,1.0,Residential
2024,res,5-18,SPPC,Southwest Power Pool / Central,AEO2026 Counterfactual Baseline case,1.0,Residential
2024,ind,5-12,PJMC,PJM / Commonwealth Edison,AEO2026 Counterfactual Baseline case,1.0,Industrial
2024,ind,5-7,ISNE,Northeast Power Coordinating Council / New England,AEO2026 Counterfactual Baseline case,1.0,Industrial
2024,com,5-5,MISE,Midcontinent / East,AEO2026 Counterfactual Baseline case,1.0,Commercial
2024,com,5-6,MISS,Midcontinent / South,AEO2026 Counterfactual Baseline case,1.0,Commercial
2024,com,5-3,MISW,Midcontinent / West,AEO2026 Counterfactual Baseline case,1.0,Commercial
2024,com,5-8,NYCW,Northeast Power Coordinating Council / New York City and Long Island,AEO2026 Counterfactual Baseline case,1.0,Commercial
2024,com,5-7,ISNE,Northeast Power Coordinating Council / New England,AEO2026 Counterfactual Baseline case,1.0,Commercial
2024,com,5-9,NYUP,Northeast Power Coordinating Council / Upstate New York,AEO2026 Counterfactual Baseline case,1.0,Commercial
2024,com,5-12,PJMC,PJM / Commonwealth Edison,AEO2026 Counterfactual Baseline case,1.0,Commercial
2024,com,5-13,PJMD,PJM / Dominion,AEO2026 Counterfactual Baseline case,1.0,Commercial
2024,com,5-10,PJME,PJM / East,AEO2026 Counterfactual Baseline case,1.0,Commercial
2024,com,5-11,PJMW,PJM / West,AEO2026 Counterfactual Baseline case,1.0,Commercial
2024,com,5-16,SRCE,SERC Reliability Corporation / Central,AEO2026 Counterfactual Baseline case,1.0,Commercial
2024,com,5-14,SRCA,SERC Reliability Corporation / East,AEO2026 Counterfactual Baseline case,1.0,Commercial
2024,com,5-15,SRSE,SERC Reliability Corporation / Southeastern,AEO2026 Counterfactual Baseline case,1.0,Commercial
2024,ind,5-9,NYUP,Northeast Power Coordinating Council / Upstate New York,AEO2026 Counterfactual Baseline case,1.0,Industrial
2024,com,5-18,SPPC,Southwest Power Pool / Central,AEO2026 Counterfactual Baseline case,1.0,Commercial
2024,com,5-17,SPPS,Southwest Power Pool / South,AEO2026 Counterfactual Baseline case,1.0,Commercial
2024,com,5-1,TRE,Texas Reliability Entity,AEO2026 Counterfactual Baseline case,1.0,Commercial
2024,com,5-25,BASN,Western Electricity Coordinating Council / Basin,AEO2026 Counterfactual Baseline case,1.0,Commercial
2024,com,5-21,CANO,Western Electricity Coordinating Council / California North,AEO2026 Counterfactual Baseline case,1.0,Commercial
2024,com,5-22,CASO,Western Electricity Coordinating Council / California South,AEO2026 Counterfactual Baseline case,1.0,Commercial
2024,com,5-24,RMRG,Western Electricity Coordinating Council / Rockies,AEO2026 Counterfactual Baseline case,1.0,Commercial
2024,com,5-20,SRSG,Western Electricity Coordinating Council / Southwest,AEO2026 Counterfactual Baseline case,1.0,Commercial
2024,com,5-23,NWPP,Western Electricity Coordinating Council / Northwest Power Pool Area,AEO2026 Counterfactual Baseline case,1.0,Commercial
2024,ind,5-2,FRCC,Florida Reliability Coordinating Council,AEO2026 Counterfactual Baseline case,1.0,Industrial
2024,ind,5-4,MISC,Midcontinent / Central,AEO2026 Counterfactual Baseline case,1.0,Industrial
2024,ind,5-5,MISE,Midcontinent / East,AEO2026 Counterfactual Baseline case,1.0,Industrial
2024,ind,5-6,MISS,Midcontinent / South,AEO2026 Counterfactual Baseline case,1.0,Industrial
2024,ind,5-3,MISW,Midcontinent / West,AEO2026 Counterfactual Baseline case,1.0,Industrial
2024,ind,5-8,NYCW,Northeast Power Coordinating Council / New York City and Long Island,AEO2026 Counterfactual Baseline case,1.0,Industrial
2024,com,5-19,SPPN,Southwest Power Pool / North,AEO2026 Counterfactual Baseline case,1.0,Commercial
2024,res,5-19,SPPN,Southwest Power Pool / North,AEO2026 Counterfactual Baseline case,1.0,Residential
2024,res,5-17,SPPS,Southwest Power Pool / South,AEO2026 Counterfactual Baseline case,1.0,Residential
2024,res,5-1,TRE,Texas Reliability Entity,AEO2026 Counterfactual Baseline case,1.0,Residential
2024,res,5-25,BASN,Western Electricity Coordinating Council / Basin,AEO2026 Counterfactual Baseline case,1.0,Residential
2024,res,5-21,CANO,Western Electricity Coordinating Council / California North,AEO2026 Counterfactual Baseline case,1.0,Residential
2024,res,5-22,CASO,Western Electricity Coordinating Council / California South,AEO2026 Counterfactual Baseline case,1.0,Residential
2024,res,5-24,RMRG,Western Electricity Coordinating Council / Rockies,AEO2026 Counterfactual Baseline case,1.0,Residential
2024,res,5-20,SRSG,Western Electricity Coordinating Council / Southwest,AEO2026 Counterfactual Baseline case,1.0,Residential
2024,res,5-23,NWPP,Western Electricity Coordinating Council / Northwest Power Pool Area,AEO2026 Counterfactual Baseline case,1.0,Residential
2024,trans,5-2,FRCC,Florida Reliability Coordinating Council,AEO2026 Counterfactual Baseline case,1.0,Transportation
2024,trans,5-4,MISC,Midcontinent / Central,AEO2026 Counterfactual Baseline case,1.0,Transportation
2024,trans,5-5,MISE,Midcontinent / East,AEO2026 Counterfactual Baseline case,1.0,Transportation
2024,trans,5-6,MISS,Midcontinent / South,AEO2026 Counterfactual Baseline case,1.0,Transportation
2024,trans,5-3,MISW,Midcontinent / West,AEO2026 Counterfactual Baseline case,1.0,Transportation
2024,trans,5-8,NYCW,Northeast Power Coordinating Council / New York City and Long Island,AEO2026 Counterfactual Baseline case,1.0,Transportation
2024,trans,5-7,ISNE,Northeast Power Coordinating Council / New England,AEO2026 Counterfactual Baseline case,1.0,Transportation
2024,trans,5-9,NYUP,Northeast Power Coordinating Council / Upstate New York,AEO2026 Counterfactual Baseline case,1.0,Transportation
2024,trans,5-12,PJMC,PJM / Commonwealth Edison,AEO2026 Counterfactual Baseline case,1.0,Transportation
2024,trans,5-13,PJMD,PJM / Dominion,AEO2026 Counterfactual Baseline case,1.0,Transportation
2024,trans,5-10,PJME,PJM / East,AEO2026 Counterfactual Baseline case,1.0,Transportation
2024,trans,5-23,NWPP,Western Electricity Coordinating Council / Northwest Power Pool Area,AEO2026 Counterfactual Baseline case,1.0,Transportation
2024,trans,5-20,SRSG,Western Electricity Coordinating Council / Southwest,AEO2026 Counterfactual Baseline case,1.0,Transportation
2024,trans,5-24,RMRG,Western Electricity Coordinating Council / Rockies,AEO2026 Counterfactual Baseline case,1.0,Transportation
2024,trans,5-22,CASO,Western Electricity Coordinating Council / California South,AEO2026 Counterfactual Baseline case,1.0,Transportation
2024,trans,5-21,CANO,Western Electricity Coordinating Council / California North,AEO2026 Counterfactual Baseline case,1.0,Transportation
2024,trans,5-25,BASN,Western Electricity Coordinating Council / Basin,AEO2026 Counterfactual Baseline case,1.0,Transportation
2024,trans,5-1,TRE,Texas Reliability Entity,AEO2026 Counterfactual Baseline case,1.0,Transportation
2024,trans,5-19,SPPN,Southwest Power Pool / North,AEO2026 Counterfactual Baseline case,1.0,Transportation
2024,trans,5-18,SPPC,Southwest Power Pool / Central,AEO2026 Counterfactual Baseline case,1.0,Transportation
2024,trans,5-15,SRSE,SERC Reliability Corporation / Southeastern,AEO2026 Counterfactual Baseline case,1.0,Transportation
2024,trans,5-14,SRCA,SERC Reliability Corporation / East,AEO2026 Counterfactual Baseline case,1.0,Transportation
2024,trans,5-16,SRCE,SERC Reliability Corporation / Central,AEO2026 Counterfactual Baseline case,1.0,Transportation
2024,trans,5-11,PJMW,PJM / West,AEO2026 Counterfactual Baseline case,1.0,Transportation
2024,trans,5-17,SPPS,Southwest Power Pool / South,AEO2026 Counterfactual Baseline case,1.0,Transportation
2024,com,5-4,MISC,Midcontinent / Central,AEO2026 Counterfactual Baseline case,1.0,Commercial
2025,com,5-2,FRCC,Florida Reliability Coordinating Council,AEO2026 Counterfactual Baseline case,1.0,Commercial
2025,ind,5-20,SRSG,Western Electricity Coordinating Council / Southwest,AEO2026 Counterfactual Baseline case,1.0,Industrial
2025,ind,5-23,NWPP,Western Electricity Coordinating Council / Northwest Power Pool Area,AEO2026 Counterfactual Baseline case,1.0,Industrial
2025,res,5-2,FRCC,Florida Reliability Coordinating Council,AEO2026 Counterfactual Baseline case,1.0,Residential
2025,res,5-4,MISC,Midcontinent / Central,AEO2026 Counterfactual Baseline case,1.0,Residential
2025,res,5-5,MISE,Midcontinent / East,AEO2026 Counterfactual Baseline case,1.0,Residential
2025,res,5-6,MISS,Midcontinent / South,AEO2026 Counterfactual Baseline case,1.0,Residential
2025,res,5-3,MISW,Midcontinent / West,AEO2026 Counterfactual Baseline case,1.0,Residential
2025,res,5-8,NYCW,Northeast Power Coordinating Council / New York City and Long Island,AEO2026 Counterfactual Baseline case,1.0,Residential
2025,res,5-7,ISNE,Northeast Power Coordinating Council / New England,AEO2026 Counterfactual Baseline case,1.0,Residential
2025,res,5-9,NYUP,Northeast Power Coordinating Council / Upstate New York,AEO2026 Counterfactual Baseline case,1.0,Residential
2025,res,5-12,PJMC,PJM / Commonwealth Edison,AEO2026 Counterfactual Baseline case,1.0,Residential
2025,res,5-13,PJMD,PJM / Dominion,AEO2026 Counterfactual Baseline case,1.0,Residential
2025,res,5-10,PJME,PJM / East,AEO2026 Counterfactual Baseline case,1.0,Residential
2025,res,5-11,PJMW,PJM / West,AEO2026 Counterfactual Baseline case,1.0,Residential
2025,res,5-16,SRCE,SERC Reliability Corporation / Central,AEO2026 Counterfactual Baseline case,1.0,Residential
2025,ind,5-24,RMRG,Western Electricity Coordinating Council / Rockies,AEO2026 Counterfactual Baseline case,1.0,Industrial
2025,res,5-14,SRCA,SERC Reliability Corporation / East,AEO2026 Counterfactual Baseline case,1.0,Residential
2025,ind,5-22,CASO,Western Electricity Coordinating Council / California South,AEO2026 Counterfactual Baseline case,1.0,Industrial
2025,ind,5-25,BASN,Western Electricity Coordinating Council / Basin,AEO2026 Counterfactual Baseline case,1.0,Industrial
2025,ind,5-3,MISW,Midcontinent / West,AEO2026 Counterfactual Baseline case,1.0,Industrial
2025,ind,5-8,NYCW,Northeast Power Coordinating Council / New York City and Long Island,AEO2026 Counterfactual Baseline case,1.0,Industrial
2025,ind,5-7,ISNE,Northeast Power Coordinating Council / New England,AEO2026 Counterfactual Baseline case,1.0,Industrial
2025,ind,5-9,NYUP,Northeast Power Coordinating Council / Upstate New York,AEO2026 Counterfactual Baseline case,1.0,Industrial
2025,ind,5-12,PJMC,PJM / Commonwealth Edison,AEO2026 Counterfactual Baseline case,1.0,Industrial
2025,ind,5-13,PJMD,PJM / Dominion,AEO2026 Counterfactual Baseline case,1.0,Industrial
2025,ind,5-10,PJME,PJM / East,AEO2026 Counterfactual Baseline case,1.0,Industrial
2025,ind,5-11,PJMW,PJM / West,AEO2026 Counterfactual Baseline case,1.0,Industrial
2025,ind,5-16,SRCE,SERC Reliability Corporation / Central,AEO2026 Counterfactual Baseline case,1.0,Industrial
2025,ind,5-14,SRCA,SERC Reliability Corporation / East,AEO2026 Counterfactual Baseline case,1.0,Industrial
2025,ind,5-15,SRSE,SERC Reliability Corporation / Southeastern,AEO2026 Counterfactual Baseline case,1.0,Industrial
2025,ind,5-18,SPPC,Southwest Power Pool / Central,AEO2026 Counterfactual Baseline case,1.0,Industrial
2025,ind,5-19,SPPN,Southwest Power Pool / North,AEO2026 Counterfactual Baseline case,1.0,Industrial
2025,ind,5-17,SPPS,Southwest Power Pool / South,AEO2026 Counterfactual Baseline case,1.0,Industrial
2025,ind,5-1,TRE,Texas Reliability Entity,AEO2026 Counterfactual Baseline case,1.0,Industrial
2025,ind,5-21,CANO,Western Electricity Coordinating Council / California North,AEO2026 Counterfactual Baseline case,1.0,Industrial
2025,ind,5-6,MISS,Midcontinent / South,AEO2026 Counterfactual Baseline case,1.0,Industrial
2025,res,5-15,SRSE,SERC Reliability Corporation / Southeastern,AEO2026 Counterfactual Baseline case,1.0,Residential
2025,res,5-19,SPPN,Southwest Power Pool / North,AEO2026 Counterfactual Baseline case,1.0,Residential
2025,trans,5-16,SRCE,SERC Reliability Corporation / Central,AEO2026 Counterfactual Baseline case,1.0,Transportation
2025,trans,5-14,SRCA,SERC Reliability Corporation / East,AEO2026 Counterfactual Baseline case,1.0,Transportation
2025,trans,5-15,SRSE,SERC Reliability Corporation / Southeastern,AEO2026 Counterfactual Baseline case,1.0,Transportation
2025,trans,5-18,SPPC,Southwest Power Pool / Central,AEO2026 Counterfactual Baseline case,1.0,Transportation
2025,trans,5-19,SPPN,Southwest Power Pool / North,AEO2026 Counterfactual Baseline case,1.0,Transportation
2025,trans,5-17,SPPS,Southwest Power Pool / South,AEO2026 Counterfactual Baseline case,1.0,Transportation
2025,trans,5-1,TRE,Texas Reliability Entity,AEO2026 Counterfactual Baseline case,1.0,Transportation
2025,trans,5-25,BASN,Western Electricity Coordinating Council / Basin,AEO2026 Counterfactual Baseline case,1.0,Transportation
2025,trans,5-21,CANO,Western Electricity Coordinating Council / California North,AEO2026 Counterfactual Baseline case,1.0,Transportation
2025,trans,5-22,CASO,Western Electricity Coordinating Council / California South,AEO2026 Counterfactual Baseline case,1.0,Transportation
2025,trans,5-24,RMRG,Western Electricity Coordinating Council / Rockies,AEO2026 Counterfactual Baseline case,1.0,Transportation
2025,trans,5-20,SRSG,Western Electricity Coordinating Council / Southwest,AEO2026 Counterfactual Baseline case,1.0,Transportation
2025,trans,5-23,NWPP,Western Electricity Coordinating Council / Northwest Power Pool Area,AEO2026 Counterfactual Baseline case,1.0,Transportation
2025,trans,5-11,PJMW,PJM / West,AEO2026 Counterfactual Baseline case,1.0,Transportation
2025,res,5-18,SPPC,Southwest Power Pool / Central,AEO2026 Counterfactual Baseline case,1.0,Residential
2025,trans,5-10,PJME,PJM / East,AEO2026 Counterfactual Baseline case,1.0,Transportation
2025,trans,5-12,PJMC,PJM / Commonwealth Edison,AEO2026 Counterfactual Baseline case,1.0,Transportation
2025,res,5-17,SPPS,Southwest Power Pool / South,AEO2026 Counterfactual Baseline case,1.0,Residential
2025,res,5-1,TRE,Texas Reliability Entity,AEO2026 Counterfactual Baseline case,1.0,Residential
2025,res,5-21,CANO,Western Electricity Coordinating Council / California North,AEO2026 Counterfactual Baseline case,1.0,Residential
2025,res,5-22,CASO,Western Electricity Coordinating Council / California South,AEO2026 Counterfactual Baseline case,1.0,Residential
2025,res,5-24,RMRG,Western Electricity Coordinating Council / Rockies,AEO2026 Counterfactual Baseline case,1.0,Residential
2025,res,5-20,SRSG,Western Electricity Coordinating Council / Southwest,AEO2026 Counterfactual Baseline case,1.0,Residential
2025,res,5-23,NWPP,Western Electricity Coordinating Council / Northwest Power Pool Area,AEO2026 Counterfactual Baseline case,1.0,Residential
2025,trans,5-2,FRCC,Florida Reliability Coordinating Council,AEO2026 Counterfactual Baseline case,1.0,Transportation
2025,trans,5-4,MISC,Midcontinent / Central,AEO2026 Counterfactual Baseline case,1.0,Transportation
2025,trans,5-5,MISE,Midcontinent / East,AEO2026 Counterfactual Baseline case,1.0,Transportation
2025,trans,5-6,MISS,Midcontinent / South,AEO2026 Counterfactual Baseline case,1.0,Transportation
2025,trans,5-3,MISW,Midcontinent / West,AEO2026 Counterfactual Baseline case,1.0,Transportation
2025,trans,5-8,NYCW,Northeast Power Coordinating Council / New York City and Long Island,AEO2026 Counterfactual Baseline case,1.0,Transportation
2025,trans,5-7,ISNE,Northeast Power Coordinating Council / New England,AEO2026 Counterfactual Baseline case,1.0,Transportation
2025,trans,5-9,NYUP,Northeast Power Coordinating Council / Upstate New York,AEO2026 Counterfactual Baseline case,1.0,Transportation
2025,trans,5-13,PJMD,PJM / Dominion,AEO2026 Counterfactual Baseline case,1.0,Transportation
2025,ind,5-5,MISE,Midcontinent / East,AEO2026 Counterfactual Baseline case,1.0,Industrial
2025,res,5-25,BASN,Western Electricity Coordinating Council / Basin,AEO2026 Counterfactual Baseline case,1.0,Residential
2025,ind,5-2,FRCC,Florida Reliability Coordinating Council,AEO2026 Counterfactual Baseline case,1.0,Industrial
2025,ind,5-4,MISC,Midcontinent / Central,AEO2026 Counterfactual Baseline case,1.0,Industrial
2025,com,5-13,PJMD,PJM / Dominion,AEO2026 Counterfactual Baseline case,1.0,Commercial
2025,com,5-10,PJME,PJM / East,AEO2026 Counterfactual Baseline case,1.0,Commercial
2025,com,5-11,PJMW,PJM / West,AEO2026 Counterfactual Baseline case,1.0,Commercial
2025,com,5-16,SRCE,SERC Reliability Corporation / Central,AEO2026 Counterfactual Baseline case,1.0,Commercial
2025,com,5-14,SRCA,SERC Reliability Corporation / East,AEO2026 Counterfactual Baseline case,1.0,Commercial
2025,com,5-15,SRSE,SERC Reliability Corporation / Southeastern,AEO2026 Counterfactual Baseline case,1.0,Commercial
2025,com,5-19,SPPN,Southwest Power Pool / North,AEO2026 Counterfactual Baseline case,1.0,Commercial
2025,com,5-17,SPPS,Southwest Power Pool / South,AEO2026 Counterfactual Baseline case,1.0,Commercial
2025,com,5-1,TRE,Texas Reliability Entity,AEO2026 Counterfactual Baseline case,1.0,Commercial
2025,com,5-25,BASN,Western Electricity Coordinating Council / Basin,AEO2026 Counterfactual Baseline case,1.0,Commercial
2025,com,5-21,CANO,Western Electricity Coordinating Council / California North,AEO2026 Counterfactual Baseline case,1.0,Commercial
2025,com,5-22,CASO,Western Electricity Coordinating Council / California South,AEO2026 Counterfactual Baseline case,1.0,Commercial
2025,com,5-24,RMRG,Western Electricity Coordinating Council / Rockies,AEO2026 Counterfactual Baseline case,1.0,Commercial
2025,com,5-23,NWPP,Western Electricity Coordinating Council / Northwest Power Pool Area,AEO2026 Counterfactual Baseline case,1.0,Commercial
2025,com,5-12,PJMC,PJM / Commonwealth Edison,AEO2026 Counterfactual Baseline case,1.0,Commercial
2025,com,5-9,NYUP,Northeast Power Coordinating Council / Upstate New York,AEO2026 Counterfactual Baseline case,1.0,Commercial
2025,com,5-18,SPPC,Southwest Power Pool / Central,AEO2026 Counterfactual Baseline case,1.0,Commercial
2025,com,5-20,SRSG,Western Electricity Coordinating Council / Southwest,AEO2026 Counterfactual Baseline case,1.0,Commercial
2025,com,5-7,ISNE,Northeast Power Coordinating Council / New England,AEO2026 Counterfactual Baseline case,1.0,Commercial
2025,com,5-4,MISC,Midcontinent / Central,AEO2026 Counterfactual Baseline case,1.0,Commercial
2025,com,5-5,MISE,Midcontinent / East,AEO2026 Counterfactual Baseline case,1.0,Commercial
2025,com,5-6,MISS,Midcontinent / South,AEO2026 Counterfactual Baseline case,1.0,Commercial
2025,com,5-3,MISW,Midcontinent / West,AEO2026 Counterfactual Baseline case,1.0,Commercial
2025,com,5-8,NYCW,Northeast Power Coordinating Council / New York City and Long Island,AEO2026 Counterfactual Baseline case,1.0,Commercial
2026,res,5-12,PJMC,PJM / Commonwealth Edison,AEO2026 Counterfactual Baseline case,0.9898558158578638,Residential
2026,res,5-9,NYUP,Northeast Power Coordinating Council / Upstate New York,AEO2026 Counterfactual Baseline case,1.014304659234155,Residential
2026,res,5-7,ISNE,Northeast Power Coordinating Council / New England,AEO2026 Counterfactual Baseline case,1.0207762620000909,Residential
2026,res,5-8,NYCW,Northeast Power Coordinating Council / New York City and Long Island,AEO2026 Counterfactual Baseline case,1.0143046638718023,Residential
2026,res,5-3,MISW,Midcontinent / West,AEO2026 Counterfactual Baseline case,1.0043621882380678,Residential
2026,res,5-6,MISS,Midcontinent / South,AEO2026 Counterfactual Baseline case,1.0049818141313704,Residential
2026,res,5-5,MISE,Midcontinent / East,AEO2026 Counterfactual Baseline case,0.9898560963267431,Residential
2026,res,5-4,MISC,Midcontinent / Central,AEO2026 Counterfactual Baseline case,0.9980472523170019,Residential
2026,res,5-2,FRCC,Florida Reliability Coordinating Council,AEO2026 Counterfactual Baseline case,0.9970709874732142,Residential
2026,ind,5-23,NWPP,Western Electricity Coordinating Council / Northwest Power Pool Area,AEO2026 Counterfactual Baseline case,1.0342296618816513,Industrial
2026,ind,5-20,SRSG,Western Electricity Coordinating Council / Southwest,AEO2026 Counterfactual Baseline case,1.0329932944236024,Industrial
2026,ind,5-24,RMRG,Western Electricity Coordinating Council / Rockies,AEO2026 Counterfactual Baseline case,1.0321732131128498,Industrial
2026,ind,5-22,CASO,Western Electricity Coordinating Council / California South,AEO2026 Counterfactual Baseline case,1.0326042736698087,Industrial
2026,ind,5-21,CANO,Western Electricity Coordinating Council / California North,AEO2026 Counterfactual Baseline case,1.0326043502005107,Industrial
2026,ind,5-25,BASN,Western Electricity Coordinating Council / Basin,AEO2026 Counterfactual Baseline case,1.0548626904113068,Industrial
2026,ind,5-1,TRE,Texas Reliability Entity,AEO2026 Counterfactual Baseline case,1.0378729866230347,Industrial
2026,ind,5-17,SPPS,Southwest Power Pool / South,AEO2026 Counterfactual Baseline case,1.0371964367013018,Industrial
2026,res,5-13,PJMD,PJM / Dominion,AEO2026 Counterfactual Baseline case,0.9970708559316924,Residential
2026,ind,5-19,SPPN,Southwest Power Pool / North,AEO2026 Counterfactual Baseline case,1.0256232626833324,Industrial
2026,res,5-10,PJME,PJM / East,AEO2026 Counterfactual Baseline case,1.0088427516187466,Residential
2026,res,5-16,SRCE,SERC Reliability Corporation / Central,AEO2026 Counterfactual Baseline case,0.9912171263207182,Residential
2026,trans,5-3,MISW,Midcontinent / West,AEO2026 Counterfactual Baseline case,1.0197721921993086,Transportation
2026,trans,5-6,MISS,Midcontinent / South,AEO2026 Counterfactual Baseline case,1.0784050440772959,Transportation
2026,trans,5-5,MISE,Midcontinent / East,AEO2026 Counterfactual Baseline case,1.0159926211165098,Transportation
2026,trans,5-4,MISC,Midcontinent / Central,AEO2026 Counterfactual Baseline case,1.0169986635044543,Transportation
2026,trans,5-2,FRCC,Florida Reliability Coordinating Council,AEO2026 Counterfactual Baseline case,1.052138026586465,Transportation
2026,res,5-23,NWPP,Western Electricity Coordinating Council / Northwest Power Pool Area,AEO2026 Counterfactual Baseline case,1.0397046732465143,Residential
2026,res,5-20,SRSG,Western Electricity Coordinating Council / Southwest,AEO2026 Counterfactual Baseline case,1.0327860124498547,Residential
2026,res,5-24,RMRG,Western Electricity Coordinating Council / Rockies,AEO2026 Counterfactual Baseline case,1.0326233525088564,Residential
2026,res,5-22,CASO,Western Electricity Coordinating Council / California South,AEO2026 Counterfactual Baseline case,1.0405854588455885,Residential
2026,res,5-21,CANO,Western Electricity Coordinating Council / California North,AEO2026 Counterfactual Baseline case,1.0405857000836134,Residential
2026,res,5-25,BASN,Western Electricity Coordinating Council / Basin,AEO2026 Counterfactual Baseline case,1.0339606154201344,Residential
2026,res,5-1,TRE,Texas Reliability Entity,AEO2026 Counterfactual Baseline case,1.0078811648444213,Residential
2026,res,5-17,SPPS,Southwest Power Pool / South,AEO2026 Counterfactual Baseline case,1.0088042934522201,Residential
2026,res,5-19,SPPN,Southwest Power Pool / North,AEO2026 Counterfactual Baseline case,1.0129613865864227,Residential
2026,res,5-18,SPPC,Southwest Power Pool / Central,AEO2026 Counterfactual Baseline case,1.0126170938717396,Residential
2026,res,5-15,SRSE,SERC Reliability Corporation / Southeastern,AEO2026 Counterfactual Baseline case,0.9952603375862654,Residential
2026,res,5-14,SRCA,SERC Reliability Corporation / East,AEO2026 Counterfactual Baseline case,0.9970709535771531,Residential
2026,res,5-11,PJMW,PJM / West,AEO2026 Counterfactual Baseline case,0.9946518946632326,Residential
2026,trans,5-8,NYCW,Northeast Power Coordinating Council / New York City and Long Island,AEO2026 Counterfactual Baseline case,1.0334507747744415,Transportation
2026,ind,5-18,SPPC,Southwest Power Pool / Central,AEO2026 Counterfactual Baseline case,1.025525971109799,Industrial
2026,ind,5-14,SRCA,SERC Reliability Corporation / East,AEO2026 Counterfactual Baseline case,1.0392777423689372,Industrial
2026,com,5-19,SPPN,Southwest Power Pool / North,AEO2026 Counterfactual Baseline case,1.0194114806390793,Commercial
2026,com,5-18,SPPC,Southwest Power Pool / Central,AEO2026 Counterfactual Baseline case,1.0194851561035554,Commercial
2026,com,5-15,SRSE,SERC Reliability Corporation / Southeastern,AEO2026 Counterfactual Baseline case,1.012631099116158,Commercial
2026,com,5-14,SRCA,SERC Reliability Corporation / East,AEO2026 Counterfactual Baseline case,1.0176968767171726,Commercial
2026,com,5-16,SRCE,SERC Reliability Corporation / Central,AEO2026 Counterfactual Baseline case,0.99859975309065,Commercial
2026,com,5-11,PJMW,PJM / West,AEO2026 Counterfactual Baseline case,1.045087236679246,Commercial
2026,com,5-10,PJME,PJM / East,AEO2026 Counterfactual Baseline case,1.0212091683551692,Commercial
2026,com,5-13,PJMD,PJM / Dominion,AEO2026 Counterfactual Baseline case,1.0176970740297298,Commercial
2026,com,5-12,PJMC,PJM / Commonwealth Edison,AEO2026 Counterfactual Baseline case,1.0610797200110638,Commercial
2026,com,5-9,NYUP,Northeast Power Coordinating Council / Upstate New York,AEO2026 Counterfactual Baseline case,1.0233229397203356,Commercial
2026,com,5-7,ISNE,Northeast Power Coordinating Council / New England,AEO2026 Counterfactual Baseline case,1.0038241740437428,Commercial
2026,com,5-8,NYCW,Northeast Power Coordinating Council / New York City and Long Island,AEO2026 Counterfactual Baseline case,1.0233229463480427,Commercial
2026,com,5-3,MISW,Midcontinent / West,AEO2026 Counterfactual Baseline case,1.0347165623802423,Commercial
2026,com,5-6,MISS,Midcontinent / South,AEO2026 Counterfactual Baseline case,1.1409195676138324,Commercial
2026,com,5-5,MISE,Midcontinent / East,AEO2026 Counterfactual Baseline case,1.061079763650169,Commercial
2026,com,5-4,MISC,Midcontinent / Central,AEO2026 Counterfactual Baseline case,1.0458740046423394,Commercial
2026,com,5-2,FRCC,Florida Reliability Coordinating Council,AEO2026 Counterfactual Baseline case,1.0176969580805588,Commercial
2026,com,5-17,SPPS,Southwest Power Pool / South,AEO2026 Counterfactual Baseline case,1.156239741620736,Commercial
2026,ind,5-15,SRSE,SERC Reliability Corporation / Southeastern,AEO2026 Counterfactual Baseline case,1.038802430724136,Industrial
2026,com,5-1,TRE,Texas Reliability Entity,AEO2026 Counterfactual Baseline case,1.1666438676486217,Commercial
2026,com,5-21,CANO,Western Electricity Coordinating Council / California North,AEO2026 Counterfactual Baseline case,1.0103292538918696,Commercial
2026,ind,5-16,SRCE,SERC Reliability Corporation / Central,AEO2026 Counterfactual Baseline case,1.0382528791784693,Industrial
2026,ind,5-11,PJMW,PJM / West,AEO2026 Counterfactual Baseline case,1.0283090809719195,Industrial
2026,ind,5-10,PJME,PJM / East,AEO2026 Counterfactual Baseline case,1.016962533857851,Industrial
2026,ind,5-13,PJMD,PJM / Dominion,AEO2026 Counterfactual Baseline case,1.0392779056100598,Industrial
2026,ind,5-12,PJMC,PJM / Commonwealth Edison,AEO2026 Counterfactual Baseline case,1.026586225269686,Industrial
2026,ind,5-9,NYUP,Northeast Power Coordinating Council / Upstate New York,AEO2026 Counterfactual Baseline case,1.014673650433445,Industrial
2026,ind,5-7,ISNE,Northeast Power Coordinating Council / New England,AEO2026 Counterfactual Baseline case,1.0149577402466234,Industrial
2026,ind,5-8,NYCW,Northeast Power Coordinating Council / New York City and Long Island,AEO2026 Counterfactual Baseline case,1.0146718679877103,Industrial
2026,ind,5-3,MISW,Midcontinent / West,AEO2026 Counterfactual Baseline case,1.0258803328111272,Industrial
2026,ind,5-6,MISS,Midcontinent / South,AEO2026 Counterfactual Baseline case,1.0399842512840731,Industrial
2026,ind,5-5,MISE,Midcontinent / East,AEO2026 Counterfactual Baseline case,1.0265861833397378,Industrial
2026,ind,5-4,MISC,Midcontinent / Central,AEO2026 Counterfactual Baseline case,1.0276161878355297,Industrial
2026,ind,5-2,FRCC,Florida Reliability Coordinating Council,AEO2026 Counterfactual Baseline case,1.0392777636203214,Industrial
2026,com,5-23,NWPP,Western Electricity Coordinating Council / Northwest Power Pool Area,AEO2026 Counterfactual Baseline case,1.0119990322864745,Commercial
2026,com,5-20,SRSG,Western Electricity Coordinating Council / Southwest,AEO2026 Counterfactual Baseline case,1.0330154258424504,Commercial
2026,com,5-24,RMRG,Western Electricity Coordinating Council / Rockies,AEO2026 Counterfactual Baseline case,1.023184704948399,Commercial
2026,com,5-22,CASO,Western Electricity Coordinating Council / California South,AEO2026 Counterfactual Baseline case,1.0103292572294689,Commercial
2026,com,5-25,BASN,Western Electricity Coordinating Council / Basin,AEO2026 Counterfactual Baseline case,1.023368898268519,Commercial
2026,trans,5-7,ISNE,Northeast Power Coordinating Council / New England,AEO2026 Counterfactual Baseline case,1.0351673750807981,Transportation
2026,trans,5-12,PJMC,PJM / Commonwealth Edison,AEO2026 Counterfactual Baseline case,1.015989017012147,Transportation
2026,trans,5-9,NYUP,Northeast Power Coordinating Council / Upstate New York,AEO2026 Counterfactual Baseline case,1.0334500928049197,Transportation
2026,trans,5-25,BASN,Western Electricity Coordinating Council / Basin,AEO2026 Counterfactual Baseline case,1.0515441433058041,Transportation
2026,trans,5-20,SRSG,Western Electricity Coordinating Council / Southwest,AEO2026 Counterfactual Baseline case,1.0457829270372672,Transportation
2026,trans,5-24,RMRG,Western Electricity Coordinating Council / Rockies,AEO2026 Counterfactual Baseline case,1.0522909366840003,Transportation
2026,trans,5-22,CASO,Western Electricity Coordinating Council / California South,AEO2026 Counterfactual Baseline case,1.010579273693534,Transportation
2026,trans,5-21,CANO,Western Electricity Coordinating Council / California North,AEO2026 Counterfactual Baseline case,1.0105780207144226,Transportation
2026,trans,5-1,TRE,Texas Reliability Entity,AEO2026 Counterfactual Baseline case,1.0789678271334093,Transportation
2026,trans,5-23,NWPP,Western Electricity Coordinating Council / Northwest Power Pool Area,AEO2026 Counterfactual Baseline case,1.012419404084125,Transportation
2026,trans,5-19,SPPN,Southwest Power Pool / North,AEO2026 Counterfactual Baseline case,1.0382337457225586,Transportation
2026,trans,5-17,SPPS,Southwest Power Pool / South,AEO2026 Counterfactual Baseline case,1.073311056225483,Transportation
2026,trans,5-15,SRSE,SERC Reliability Corporation / Southeastern,AEO2026 Counterfactual Baseline case,1.0518548558938157,Transportation
2026,trans,5-14,SRCA,SERC Reliability Corporation / East,AEO2026 Counterfactual Baseline case,1.0521349466082073,Transportation
2026,trans,5-16,SRCE,SERC Reliability Corporation / Central,AEO2026 Counterfactual Baseline case,1.0295096516529842,Transportation
2026,trans,5-11,PJMW,PJM / West,AEO2026 Counterfactual Baseline case,1.0267657929352492,Transportation
2026,trans,5-10,PJME,PJM / East,AEO2026 Counterfactual Baseline case,1.0341808877321899,Transportation
2026,trans,5-13,PJMD,PJM / Dominion,AEO2026 Counterfactual Baseline case,1.0521392410734287,Transportation
2026,trans,5-18,SPPC,Southwest Power Pool / Central,AEO2026 Counterfactual Baseline case,1.0375918912898197,Transportation
2027,com,5-4,MISC,Midcontinent / Central,AEO2026 Counterfactual Baseline case,1.0486912009075513,Commercial
2027,com,5-2,FRCC,Florida Reliability Coordinating Council,AEO2026 Counterfactual Baseline case,1.0368887207247377,Commercial
2027,com,5-5,MISE,Midcontinent / East,AEO2026 Counterfactual Baseline case,1.0624300430671934,Commercial
2027,com,5-6,MISS,Midcontinent / South,AEO2026 Counterfactual Baseline case,1.155587548244852,Commercial
2027,com,5-3,MISW,Midcontinent / West,AEO2026 Counterfactual Baseline case,1.0383300589197602,Commercial
2027,com,5-8,NYCW,Northeast Power Coordinating Council / New York City and Long Island,AEO2026 Counterfactual Baseline case,1.024522384214756,Commercial
2027,com,5-7,ISNE,Northeast Power Coordinating Council / New England,AEO2026 Counterfactual Baseline case,0.9920277360487687,Commercial
2027,com,5-9,NYUP,Northeast Power Coordinating Council / Upstate New York,AEO2026 Counterfactual Baseline case,1.0245223950651414,Commercial
2027,com,5-12,PJMC,PJM / Commonwealth Edison,AEO2026 Counterfactual Baseline case,1.0624299793422582,Commercial
2027,com,5-13,PJMD,PJM / Dominion,AEO2026 Counterfactual Baseline case,1.0368888456431429,Commercial
2027,com,5-10,PJME,PJM / East,AEO2026 Counterfactual Baseline case,1.0291687613445486,Commercial
2027,com,5-16,SRCE,SERC Reliability Corporation / Central,AEO2026 Counterfactual Baseline case,1.0157336559515542,Commercial
2027,com,5-14,SRCA,SERC Reliability Corporation / East,AEO2026 Counterfactual Baseline case,1.0368887276813326,Commercial
2027,com,5-18,SPPC,Southwest Power Pool / Central,AEO2026 Counterfactual Baseline case,1.024437081623727,Commercial
2027,com,5-19,SPPN,Southwest Power Pool / North,AEO2026 Counterfactual Baseline case,1.024883007595893,Commercial
2027,com,5-17,SPPS,Southwest Power Pool / South,AEO2026 Counterfactual Baseline case,1.1711282907415197,Commercial
2027,com,5-1,TRE,Texas Reliability Entity,AEO2026 Counterfactual Baseline case,1.1808711861835586,Commercial
2027,com,5-25,BASN,Western Electricity Coordinating Council / Basin,AEO2026 Counterfactual Baseline case,1.0465783424487685,Commercial
2027,com,5-21,CANO,Western Electricity Coordinating Council / California North,AEO2026 Counterfactual Baseline case,1.0165967640519402,Commercial
2027,com,5-22,CASO,Western Electricity Coordinating Council / California South,AEO2026 Counterfactual Baseline case,1.0165966958596857,Commercial
2027,com,5-24,RMRG,Western Electricity Coordinating Council / Rockies,AEO2026 Counterfactual Baseline case,1.0453052788167898,Commercial
2027,com,5-15,SRSE,SERC Reliability Corporation / Southeastern,AEO2026 Counterfactual Baseline case,1.031277062610977,Commercial
2027,com,5-11,PJMW,PJM / West,AEO2026 Counterfactual Baseline case,1.050606572493733,Commercial
2027,com,5-23,NWPP,Western Electricity Coordinating Council / Northwest Power Pool Area,AEO2026 Counterfactual Baseline case,1.0204361091728154,Commercial
2027,trans,5-1,TRE,Texas Reliability Entity,AEO2026 Counterfactual Baseline case,1.1654011224826677,Transportation
2027,trans,5-17,SPPS,Southwest Power Pool / South,AEO2026 Counterfactual Baseline case,1.1485689379630974,Transportation
2027,trans,5-19,SPPN,Southwest Power Pool / North,AEO2026 Counterfactual Baseline case,1.0697551987365097,Transportation
2027,trans,5-18,SPPC,Southwest Power Pool / Central,AEO2026 Counterfactual Baseline case,1.0690020049008688,Transportation
2027,trans,5-15,SRSE,SERC Reliability Corporation / Southeastern,AEO2026 Counterfactual Baseline case,1.0898043070324368,Transportation
2027,trans,5-14,SRCA,SERC Reliability Corporation / East,AEO2026 Counterfactual Baseline case,1.090285062383077,Transportation
2027,trans,5-16,SRCE,SERC Reliability Corporation / Central,AEO2026 Counterfactual Baseline case,1.0519192367428447,Transportation
2027,trans,5-11,PJMW,PJM / West,AEO2026 Counterfactual Baseline case,1.040237961344642,Transportation
2027,trans,5-10,PJME,PJM / East,AEO2026 Counterfactual Baseline case,1.0559923844036136,Transportation
2027,trans,5-25,BASN,Western Electricity Coordinating Council / Basin,AEO2026 Counterfactual Baseline case,1.0854804001395835,Transportation
2027,trans,5-13,PJMD,PJM / Dominion,AEO2026 Counterfactual Baseline case,1.090282693427714,Transportation
2027,trans,5-9,NYUP,Northeast Power Coordinating Council / Upstate New York,AEO2026 Counterfactual Baseline case,1.0545968676551116,Transportation
2027,trans,5-7,ISNE,Northeast Power Coordinating Council / New England,AEO2026 Counterfactual Baseline case,1.0694729007110257,Transportation
2027,trans,5-8,NYCW,Northeast Power Coordinating Council / New York City and Long Island,AEO2026 Counterfactual Baseline case,1.0545963990789633,Transportation
2027,trans,5-3,MISW,Midcontinent / West,AEO2026 Counterfactual Baseline case,1.0267269758025048,Transportation
2027,trans,5-6,MISS,Midcontinent / South,AEO2026 Counterfactual Baseline case,1.1642244147352445,Transportation
2027,trans,5-5,MISE,Midcontinent / East,AEO2026 Counterfactual Baseline case,1.0177667788955869,Transportation
2027,trans,5-4,MISC,Midcontinent / Central,AEO2026 Counterfactual Baseline case,1.020160875776816,Transportation
2027,trans,5-2,FRCC,Florida Reliability Coordinating Council,AEO2026 Counterfactual Baseline case,1.090285844629272,Transportation
2027,res,5-23,NWPP,Western Electricity Coordinating Council / Northwest Power Pool Area,AEO2026 Counterfactual Baseline case,0.9798213027357949,Residential
2027,trans,5-12,PJMC,PJM / Commonwealth Edison,AEO2026 Counterfactual Baseline case,1.0177690544921152,Transportation
2027,trans,5-21,CANO,Western Electricity Coordinating Council / California North,AEO2026 Counterfactual Baseline case,1.0290426870422371,Transportation
2027,trans,5-22,CASO,Western Electricity Coordinating Council / California South,AEO2026 Counterfactual Baseline case,1.0290451727192205,Transportation
2027,trans,5-24,RMRG,Western Electricity Coordinating Council / Rockies,AEO2026 Counterfactual Baseline case,1.086548976722387,Transportation
2027,trans,5-23,NWPP,Western Electricity Coordinating Council / Northwest Power Pool Area,AEO2026 Counterfactual Baseline case,1.0315768362698086,Transportation
2027,trans,5-20,SRSG,Western Electricity Coordinating Council / Southwest,AEO2026 Counterfactual Baseline case,1.0783231607031905,Transportation
2027,res,5-20,SRSG,Western Electricity Coordinating Council / Southwest,AEO2026 Counterfactual Baseline case,1.0242299236522716,Residential
2027,res,5-24,RMRG,Western Electricity Coordinating Council / Rockies,AEO2026 Counterfactual Baseline case,1.0240899194526765,Residential
2027,res,5-22,CASO,Western Electricity Coordinating Council / California South,AEO2026 Counterfactual Baseline case,0.972591389498632,Residential
2027,res,5-21,CANO,Western Electricity Coordinating Council / California North,AEO2026 Counterfactual Baseline case,0.9725892834394863,Residential
2027,ind,5-21,CANO,Western Electricity Coordinating Council / California North,AEO2026 Counterfactual Baseline case,1.0063921689697295,Industrial
2027,ind,5-25,BASN,Western Electricity Coordinating Council / Basin,AEO2026 Counterfactual Baseline case,1.0470280384673742,Industrial
2027,ind,5-1,TRE,Texas Reliability Entity,AEO2026 Counterfactual Baseline case,1.0249872684473054,Industrial
2027,ind,5-17,SPPS,Southwest Power Pool / South,AEO2026 Counterfactual Baseline case,1.0256345819273232,Industrial
2027,ind,5-19,SPPN,Southwest Power Pool / North,AEO2026 Counterfactual Baseline case,0.9848674698868938,Industrial
2027,ind,5-18,SPPC,Southwest Power Pool / Central,AEO2026 Counterfactual Baseline case,0.9842496900572255,Industrial
2027,ind,5-15,SRSE,SERC Reliability Corporation / Southeastern,AEO2026 Counterfactual Baseline case,1.0427154121114497,Industrial
2027,ind,5-14,SRCA,SERC Reliability Corporation / East,AEO2026 Counterfactual Baseline case,1.0341830186120426,Industrial
2027,ind,5-16,SRCE,SERC Reliability Corporation / Central,AEO2026 Counterfactual Baseline case,1.052580337562302,Industrial
2027,ind,5-11,PJMW,PJM / West,AEO2026 Counterfactual Baseline case,1.0255448418715352,Industrial
2027,ind,5-10,PJME,PJM / East,AEO2026 Counterfactual Baseline case,1.0057032896430502,Industrial
2027,ind,5-13,PJMD,PJM / Dominion,AEO2026 Counterfactual Baseline case,1.0341831402125883,Industrial
2027,ind,5-12,PJMC,PJM / Commonwealth Edison,AEO2026 Counterfactual Baseline case,1.0247116041402804,Industrial
2027,ind,5-9,NYUP,Northeast Power Coordinating Council / Upstate New York,AEO2026 Counterfactual Baseline case,1.0027819918170415,Industrial
2027,ind,5-7,ISNE,Northeast Power Coordinating Council / New England,AEO2026 Counterfactual Baseline case,0.9996438255320542,Industrial
2027,ind,5-8,NYCW,Northeast Power Coordinating Council / New York City and Long Island,AEO2026 Counterfactual Baseline case,1.0027833396623744,Industrial
2027,ind,5-3,MISW,Midcontinent / West,AEO2026 Counterfactual Baseline case,0.9977739579165461,Industrial
2027,ind,5-6,MISS,Midcontinent / South,AEO2026 Counterfactual Baseline case,1.026915554566258,Industrial
2027,ind,5-5,MISE,Midcontinent / East,AEO2026 Counterfactual Baseline case,1.0247115994351381,Industrial
2027,ind,5-4,MISC,Midcontinent / Central,AEO2026 Counterfactual Baseline case,1.0218039912924681,Industrial
2027,ind,5-2,FRCC,Florida Reliability Coordinating Council,AEO2026 Counterfactual Baseline case,1.0341830307245663,Industrial
2027,ind,5-22,CASO,Western Electricity Coordinating Council / California South,AEO2026 Counterfactual Baseline case,1.0063921911183897,Industrial
2027,com,5-20,SRSG,Western Electricity Coordinating Council / Southwest,AEO2026 Counterfactual Baseline case,1.054624795830653,Commercial
2027,ind,5-24,RMRG,Western Electricity Coordinating Council / Rockies,AEO2026 Counterfactual Baseline case,1.0263653775249657,Industrial
2027,ind,5-23,NWPP,Western Electricity Coordinating Council / Northwest Power Pool Area,AEO2026 Counterfactual Baseline case,1.009767774865346,Industrial
2027,res,5-25,BASN,Western Electricity Coordinating Council / Basin,AEO2026 Counterfactual Baseline case,1.0269776096364847,Residential
2027,res,5-1,TRE,Texas Reliability Entity,AEO2026 Counterfactual Baseline case,1.0079138287859106,Residential
2027,res,5-17,SPPS,Southwest Power Pool / South,AEO2026 Counterfactual Baseline case,1.0086068769115109,Residential
2027,res,5-19,SPPN,Southwest Power Pool / North,AEO2026 Counterfactual Baseline case,0.9725322641206655,Residential
2027,res,5-18,SPPC,Southwest Power Pool / Central,AEO2026 Counterfactual Baseline case,0.971681382615101,Residential
2027,res,5-15,SRSE,SERC Reliability Corporation / Southeastern,AEO2026 Counterfactual Baseline case,0.9779126853230905,Residential
2027,res,5-14,SRCA,SERC Reliability Corporation / East,AEO2026 Counterfactual Baseline case,0.9854202141461974,Residential
2027,res,5-16,SRCE,SERC Reliability Corporation / Central,AEO2026 Counterfactual Baseline case,0.9611496525867158,Residential
2027,res,5-11,PJMW,PJM / West,AEO2026 Counterfactual Baseline case,0.993280398274077,Residential
2027,res,5-10,PJME,PJM / East,AEO2026 Counterfactual Baseline case,0.992202141370292,Residential
2027,res,5-13,PJMD,PJM / Dominion,AEO2026 Counterfactual Baseline case,0.9854201967778129,Residential
2027,res,5-12,PJMC,PJM / Commonwealth Edison,AEO2026 Counterfactual Baseline case,1.0020083218967795,Residential
2027,res,5-9,NYUP,Northeast Power Coordinating Council / Upstate New York,AEO2026 Counterfactual Baseline case,0.9953487231605467,Residential
2027,res,5-7,ISNE,Northeast Power Coordinating Council / New England,AEO2026 Counterfactual Baseline case,0.953488315634815,Residential
2027,res,5-8,NYCW,Northeast Power Coordinating Council / New York City and Long Island,AEO2026 Counterfactual Baseline case,0.9953487628056678,Residential
2027,res,5-3,MISW,Midcontinent / West,AEO2026 Counterfactual Baseline case,0.9826592992346019,Residential
2027,res,5-6,MISS,Midcontinent / South,AEO2026 Counterfactual Baseline case,0.9997566294194015,Residential
2027,res,5-5,MISE,Midcontinent / East,AEO2026 Counterfactual Baseline case,1.002008183194021,Residential
2027,res,5-4,MISC,Midcontinent / Central,AEO2026 Counterfactual Baseline case,0.9902296446714669,Residential
2027,res,5-2,FRCC,Florida Reliability Coordinating Council,AEO2026 Counterfactual Baseline case,0.9854201383021638,Residential
2027,ind,5-20,SRSG,Western Electricity Coordinating Council / Southwest,AEO2026 Counterfactual Baseline case,1.0277577525988908,Industrial
2028,trans,5-24,RMRG,Western Electricity Coordinating Council / Rockies,AEO2026 Counterfactual Baseline case,1.1406476666592273,Transportation
2028,trans,5-20,SRSG,Western Electricity Coordinating Council / Southwest,AEO2026 Counterfactual Baseline case,1.1313426653509253,Transportation
2028,com,5-20,SRSG,Western Electricity Coordinating Council / Southwest,AEO2026 Counterfactual Baseline case,1.0804604821165724,Commercial
2028,trans,5-23,NWPP,Western Electricity Coordinating Council / Northwest Power Pool Area,AEO2026 Counterfactual Baseline case,1.0755072229506037,Transportation
2028,com,5-4,MISC,Midcontinent / Central,AEO2026 Counterfactual Baseline case,1.0566134271969043,Commercial
2028,com,5-5,MISE,Midcontinent / East,AEO2026 Counterfactual Baseline case,1.07158423661117,Commercial
2028,com,5-6,MISS,Midcontinent / South,AEO2026 Counterfactual Baseline case,1.167917488542147,Commercial
2028,com,5-3,MISW,Midcontinent / West,AEO2026 Counterfactual Baseline case,1.0451068590606978,Commercial
2028,com,5-8,NYCW,Northeast Power Coordinating Council / New York City and Long Island,AEO2026 Counterfactual Baseline case,1.037222359039531,Commercial
2028,com,5-7,ISNE,Northeast Power Coordinating Council / New England,AEO2026 Counterfactual Baseline case,0.9972318203553195,Commercial
2028,com,5-2,FRCC,Florida Reliability Coordinating Council,AEO2026 Counterfactual Baseline case,1.058208054533044,Commercial
2028,com,5-9,NYUP,Northeast Power Coordinating Council / Upstate New York,AEO2026 Counterfactual Baseline case,1.0372223559767515,Commercial
2028,com,5-12,PJMC,PJM / Commonwealth Edison,AEO2026 Counterfactual Baseline case,1.0715843513803847,Commercial
2028,com,5-13,PJMD,PJM / Dominion,AEO2026 Counterfactual Baseline case,1.058208110199127,Commercial
2028,com,5-10,PJME,PJM / East,AEO2026 Counterfactual Baseline case,1.0451069501312755,Commercial
2028,ind,5-7,ISNE,Northeast Power Coordinating Council / New England,AEO2026 Counterfactual Baseline case,0.9840812170385663,Industrial
2028,ind,5-9,NYUP,Northeast Power Coordinating Council / Upstate New York,AEO2026 Counterfactual Baseline case,0.9876607289052509,Industrial
2028,ind,5-12,PJMC,PJM / Commonwealth Edison,AEO2026 Counterfactual Baseline case,1.0147709830982226,Industrial
2028,ind,5-13,PJMD,PJM / Dominion,AEO2026 Counterfactual Baseline case,1.028779807837141,Industrial
2028,ind,5-10,PJME,PJM / East,AEO2026 Counterfactual Baseline case,0.9914862762786995,Industrial
2028,ind,5-11,PJMW,PJM / West,AEO2026 Counterfactual Baseline case,1.0161243370173585,Industrial
2028,ind,5-14,SRCA,SERC Reliability Corporation / East,AEO2026 Counterfactual Baseline case,1.0287798978746954,Industrial
2028,ind,5-15,SRSE,SERC Reliability Corporation / Southeastern,AEO2026 Counterfactual Baseline case,1.0373644012326126,Industrial
2028,ind,5-18,SPPC,Southwest Power Pool / Central,AEO2026 Counterfactual Baseline case,0.9747296843930559,Industrial
2028,ind,5-19,SPPN,Southwest Power Pool / North,AEO2026 Counterfactual Baseline case,0.9754503435865283,Industrial
2028,ind,5-17,SPPS,Southwest Power Pool / South,AEO2026 Counterfactual Baseline case,1.0216625874327427,Industrial
2028,ind,5-1,TRE,Texas Reliability Entity,AEO2026 Counterfactual Baseline case,1.0207027366537633,Industrial
2028,ind,5-25,BASN,Western Electricity Coordinating Council / Basin,AEO2026 Counterfactual Baseline case,1.045102228323924,Industrial
2028,ind,5-21,CANO,Western Electricity Coordinating Council / California North,AEO2026 Counterfactual Baseline case,1.0028734341465748,Industrial
2028,ind,5-22,CASO,Western Electricity Coordinating Council / California South,AEO2026 Counterfactual Baseline case,1.0028733019850269,Industrial
2028,ind,5-8,NYCW,Northeast Power Coordinating Council / New York City and Long Island,AEO2026 Counterfactual Baseline case,0.9876583698691614,Industrial
2028,ind,5-3,MISW,Midcontinent / West,AEO2026 Counterfactual Baseline case,0.9881132531489548,Industrial
2028,ind,5-5,MISE,Midcontinent / East,AEO2026 Counterfactual Baseline case,1.0147709320695104,Industrial
2028,com,5-11,PJMW,PJM / West,AEO2026 Counterfactual Baseline case,1.0625683258978367,Commercial
2028,com,5-16,SRCE,SERC Reliability Corporation / Central,AEO2026 Counterfactual Baseline case,1.028274648983828,Commercial
2028,com,5-14,SRCA,SERC Reliability Corporation / East,AEO2026 Counterfactual Baseline case,1.0582079656920984,Commercial
2028,com,5-15,SRSE,SERC Reliability Corporation / Southeastern,AEO2026 Counterfactual Baseline case,1.0502677808237875,Commercial
2028,com,5-18,SPPC,Southwest Power Pool / Central,AEO2026 Counterfactual Baseline case,1.0298344864932414,Commercial
2028,com,5-19,SPPN,Southwest Power Pool / North,AEO2026 Counterfactual Baseline case,1.030916846707695,Commercial
2028,com,5-17,SPPS,Southwest Power Pool / South,AEO2026 Counterfactual Baseline case,1.1845578601900144,Commercial
2028,com,5-1,TRE,Texas Reliability Entity,AEO2026 Counterfactual Baseline case,1.1931819572991487,Commercial
2028,com,5-25,BASN,Western Electricity Coordinating Council / Basin,AEO2026 Counterfactual Baseline case,1.0742064397414908,Commercial
2028,com,5-21,CANO,Western Electricity Coordinating Council / California North,AEO2026 Counterfactual Baseline case,1.0320389795442013,Commercial
2028,com,5-22,CASO,Western Electricity Coordinating Council / California South,AEO2026 Counterfactual Baseline case,1.032038859907934,Commercial
2028,com,5-24,RMRG,Western Electricity Coordinating Council / Rockies,AEO2026 Counterfactual Baseline case,1.0715538216173304,Commercial
2028,com,5-23,NWPP,Western Electricity Coordinating Council / Northwest Power Pool Area,AEO2026 Counterfactual Baseline case,1.0374386748580449,Commercial
2028,ind,5-2,FRCC,Florida Reliability Coordinating Council,AEO2026 Counterfactual Baseline case,1.028779679511372,Industrial
2028,ind,5-4,MISC,Midcontinent / Central,AEO2026 Counterfactual Baseline case,1.0123972443156384,Industrial
2028,ind,5-6,MISS,Midcontinent / South,AEO2026 Counterfactual Baseline case,1.0230010427135943,Industrial
2028,ind,5-24,RMRG,Western Electricity Coordinating Council / Rockies,AEO2026 Counterfactual Baseline case,1.0238642702748946,Industrial
2028,ind,5-20,SRSG,Western Electricity Coordinating Council / Southwest,AEO2026 Counterfactual Baseline case,1.0255921089918074,Industrial
2028,ind,5-16,SRCE,SERC Reliability Corporation / Central,AEO2026 Counterfactual Baseline case,1.0472896480522722,Industrial
2028,res,5-2,FRCC,Florida Reliability Coordinating Council,AEO2026 Counterfactual Baseline case,0.9991413212458284,Residential
2028,ind,5-23,NWPP,Western Electricity Coordinating Council / Northwest Power Pool Area,AEO2026 Counterfactual Baseline case,1.00774053667687,Industrial
2028,res,5-21,CANO,Western Electricity Coordinating Council / California North,AEO2026 Counterfactual Baseline case,1.0034096953915892,Residential
2028,res,5-22,CASO,Western Electricity Coordinating Council / California South,AEO2026 Counterfactual Baseline case,1.0034113758540395,Residential
2028,res,5-24,RMRG,Western Electricity Coordinating Council / Rockies,AEO2026 Counterfactual Baseline case,1.048797417115116,Residential
2028,res,5-20,SRSG,Western Electricity Coordinating Council / Southwest,AEO2026 Counterfactual Baseline case,1.0492810193512478,Residential
2028,trans,5-2,FRCC,Florida Reliability Coordinating Council,AEO2026 Counterfactual Baseline case,1.1203571896239288,Transportation
2028,res,5-25,BASN,Western Electricity Coordinating Council / Basin,AEO2026 Counterfactual Baseline case,1.0526652616383114,Residential
2028,trans,5-4,MISC,Midcontinent / Central,AEO2026 Counterfactual Baseline case,1.0128757342749068,Transportation
2028,trans,5-6,MISS,Midcontinent / South,AEO2026 Counterfactual Baseline case,1.229493840854691,Transportation
2028,trans,5-3,MISW,Midcontinent / West,AEO2026 Counterfactual Baseline case,1.024156281715101,Transportation
2028,trans,5-8,NYCW,Northeast Power Coordinating Council / New York City and Long Island,AEO2026 Counterfactual Baseline case,1.0686600887129836,Transportation
2028,trans,5-7,ISNE,Northeast Power Coordinating Council / New England,AEO2026 Counterfactual Baseline case,1.1210389203376883,Transportation
2028,trans,5-9,NYUP,Northeast Power Coordinating Council / Upstate New York,AEO2026 Counterfactual Baseline case,1.0686600322313373,Transportation
2028,trans,5-12,PJMC,PJM / Commonwealth Edison,AEO2026 Counterfactual Baseline case,1.0087540259645351,Transportation
2028,trans,5-5,MISE,Midcontinent / East,AEO2026 Counterfactual Baseline case,1.0087548638132298,Transportation
2028,res,5-1,TRE,Texas Reliability Entity,AEO2026 Counterfactual Baseline case,1.018538944224156,Residential
2028,res,5-17,SPPS,Southwest Power Pool / South,AEO2026 Counterfactual Baseline case,1.0197646678973595,Residential
2028,res,5-19,SPPN,Southwest Power Pool / North,AEO2026 Counterfactual Baseline case,0.9828596840154897,Residential
2028,res,5-4,MISC,Midcontinent / Central,AEO2026 Counterfactual Baseline case,1.0027390300051386,Residential
2028,res,5-5,MISE,Midcontinent / East,AEO2026 Counterfactual Baseline case,1.016073228908793,Residential
2028,res,5-6,MISS,Midcontinent / South,AEO2026 Counterfactual Baseline case,1.0099632134718466,Residential
2028,res,5-3,MISW,Midcontinent / West,AEO2026 Counterfactual Baseline case,0.9941846564309157,Residential
2028,res,5-8,NYCW,Northeast Power Coordinating Council / New York City and Long Island,AEO2026 Counterfactual Baseline case,1.0072974223364404,Residential
2028,res,5-7,ISNE,Northeast Power Coordinating Council / New England,AEO2026 Counterfactual Baseline case,0.9688334877345781,Residential
2028,res,5-9,NYUP,Northeast Power Coordinating Council / Upstate New York,AEO2026 Counterfactual Baseline case,1.0072974121745908,Residential
2028,res,5-12,PJMC,PJM / Commonwealth Edison,AEO2026 Counterfactual Baseline case,1.0160734729682488,Residential
2028,res,5-13,PJMD,PJM / Dominion,AEO2026 Counterfactual Baseline case,0.9991412718387869,Residential
2028,res,5-10,PJME,PJM / East,AEO2026 Counterfactual Baseline case,1.0047124999685555,Residential
2028,res,5-11,PJMW,PJM / West,AEO2026 Counterfactual Baseline case,1.0063868216563878,Residential
2028,res,5-16,SRCE,SERC Reliability Corporation / Central,AEO2026 Counterfactual Baseline case,0.9694368956049592,Residential
2028,res,5-14,SRCA,SERC Reliability Corporation / East,AEO2026 Counterfactual Baseline case,0.9991415072346519,Residential
2028,res,5-15,SRSE,SERC Reliability Corporation / Southeastern,AEO2026 Counterfactual Baseline case,0.9899530485276625,Residential
2028,res,5-18,SPPC,Southwest Power Pool / Central,AEO2026 Counterfactual Baseline case,0.9817614572128672,Residential
2028,trans,5-13,PJMD,PJM / Dominion,AEO2026 Counterfactual Baseline case,1.120353030778191,Transportation
2028,trans,5-10,PJME,PJM / East,AEO2026 Counterfactual Baseline case,1.0706823892580692,Transportation
2028,res,5-23,NWPP,Western Electricity Coordinating Council / Northwest Power Pool Area,AEO2026 Counterfactual Baseline case,1.0099589704264507,Residential
2028,trans,5-16,SRCE,SERC Reliability Corporation / Central,AEO2026 Counterfactual Baseline case,1.0707787885511428,Transportation
2028,trans,5-11,PJMW,PJM / West,AEO2026 Counterfactual Baseline case,1.044859454384467,Transportation
2028,trans,5-14,SRCA,SERC Reliability Corporation / East,AEO2026 Counterfactual Baseline case,1.120357524399735,Transportation
2028,trans,5-15,SRSE,SERC Reliability Corporation / Southeastern,AEO2026 Counterfactual Baseline case,1.1197322023879077,Transportation
2028,trans,5-18,SPPC,Southwest Power Pool / Central,AEO2026 Counterfactual Baseline case,1.0967921586099354,Transportation
2028,trans,5-17,SPPS,Southwest Power Pool / South,AEO2026 Counterfactual Baseline case,1.211942466947552,Transportation
2028,trans,5-1,TRE,Texas Reliability Entity,AEO2026 Counterfactual Baseline case,1.2311313219523106,Transportation
2028,trans,5-25,BASN,Western Electricity Coordinating Council / Basin,AEO2026 Counterfactual Baseline case,1.1399761544724905,Transportation
2028,trans,5-21,CANO,Western Electricity Coordinating Council / California North,AEO2026 Counterfactual Baseline case,1.0724754818228026,Transportation
2028,trans,5-19,SPPN,Southwest Power Pool / North,AEO2026 Counterfactual Baseline case,1.098775993682548,Transportation
2028,trans,5-22,CASO,Western Electricity Coordinating Council / California South,AEO2026 Counterfactual Baseline case,1.0724782993799824,Transportation
2029,trans,5-23,NWPP,Western Electricity Coordinating Council / Northwest Power Pool Area,AEO2026 Counterfactual Baseline case,1.1137951471829595,Transportation
2029,trans,5-20,SRSG,Western Electricity Coordinating Council / Southwest,AEO2026 Counterfactual Baseline case,1.188431222055724,Transportation
2029,trans,5-22,CASO,Western Electricity Coordinating Council / California South,AEO2026 Counterfactual Baseline case,1.1097147918511958,Transportation
2029,trans,5-24,RMRG,Western Electricity Coordinating Council / Rockies,AEO2026 Counterfactual Baseline case,1.201062334010311,Transportation
2029,ind,5-25,BASN,Western Electricity Coordinating Council / Basin,AEO2026 Counterfactual Baseline case,1.0289095456105053,Industrial
2029,ind,5-21,CANO,Western Electricity Coordinating Council / California North,AEO2026 Counterfactual Baseline case,0.9994966315982164,Industrial
2029,ind,5-22,CASO,Western Electricity Coordinating Council / California South,AEO2026 Counterfactual Baseline case,0.9994966323334346,Industrial
2029,ind,5-24,RMRG,Western Electricity Coordinating Council / Rockies,AEO2026 Counterfactual Baseline case,1.0194819008826275,Industrial
2029,ind,5-20,SRSG,Western Electricity Coordinating Council / Southwest,AEO2026 Counterfactual Baseline case,1.0217713652025875,Industrial
2029,ind,5-23,NWPP,Western Electricity Coordinating Council / Northwest Power Pool Area,AEO2026 Counterfactual Baseline case,1.0030951676129838,Industrial
2029,ind,5-1,TRE,Texas Reliability Entity,AEO2026 Counterfactual Baseline case,1.019549054528216,Industrial
2029,res,5-2,FRCC,Florida Reliability Coordinating Council,AEO2026 Counterfactual Baseline case,1.0115237268316817,Residential
2029,res,5-5,MISE,Midcontinent / East,AEO2026 Counterfactual Baseline case,1.028932890279803,Residential
2029,res,5-6,MISS,Midcontinent / South,AEO2026 Counterfactual Baseline case,1.0161805620499578,Residential
2029,res,5-3,MISW,Midcontinent / West,AEO2026 Counterfactual Baseline case,1.0044493748655985,Residential
2029,res,5-8,NYCW,Northeast Power Coordinating Council / New York City and Long Island,AEO2026 Counterfactual Baseline case,1.023903099069085,Residential
2029,res,5-7,ISNE,Northeast Power Coordinating Council / New England,AEO2026 Counterfactual Baseline case,0.9853540461500362,Residential
2029,res,5-9,NYUP,Northeast Power Coordinating Council / Upstate New York,AEO2026 Counterfactual Baseline case,1.023903098259512,Residential
2029,res,5-4,MISC,Midcontinent / Central,AEO2026 Counterfactual Baseline case,1.0138914655793534,Residential
2029,ind,5-17,SPPS,Southwest Power Pool / South,AEO2026 Counterfactual Baseline case,1.0201309755139838,Industrial
2029,ind,5-19,SPPN,Southwest Power Pool / North,AEO2026 Counterfactual Baseline case,0.9668733926275694,Industrial
2029,ind,5-18,SPPC,Southwest Power Pool / Central,AEO2026 Counterfactual Baseline case,0.9660901883505781,Industrial
2029,ind,5-2,FRCC,Florida Reliability Coordinating Council,AEO2026 Counterfactual Baseline case,1.0246431208147717,Industrial
2029,ind,5-4,MISC,Midcontinent / Central,AEO2026 Counterfactual Baseline case,1.0039144618694025,Industrial
2029,ind,5-5,MISE,Midcontinent / East,AEO2026 Counterfactual Baseline case,1.0057615277204535,Industrial
2029,ind,5-6,MISS,Midcontinent / South,AEO2026 Counterfactual Baseline case,1.0214440277387165,Industrial
2029,ind,5-3,MISW,Midcontinent / West,AEO2026 Counterfactual Baseline case,0.9793502119379058,Industrial
2029,ind,5-8,NYCW,Northeast Power Coordinating Council / New York City and Long Island,AEO2026 Counterfactual Baseline case,0.974751441295267,Industrial
2029,ind,5-7,ISNE,Northeast Power Coordinating Council / New England,AEO2026 Counterfactual Baseline case,0.9709269696828393,Industrial
2029,ind,5-9,NYUP,Northeast Power Coordinating Council / Upstate New York,AEO2026 Counterfactual Baseline case,0.9747504003561985,Industrial
2029,ind,5-12,PJMC,PJM / Commonwealth Edison,AEO2026 Counterfactual Baseline case,1.0057615932218193,Industrial
2029,ind,5-13,PJMD,PJM / Dominion,AEO2026 Counterfactual Baseline case,1.02464320248313,Industrial
2029,ind,5-10,PJME,PJM / East,AEO2026 Counterfactual Baseline case,0.9793921546516255,Industrial
2029,ind,5-11,PJMW,PJM / West,AEO2026 Counterfactual Baseline case,1.0078854838881646,Industrial
2029,ind,5-16,SRCE,SERC Reliability Corporation / Central,AEO2026 Counterfactual Baseline case,1.0429460971283853,Industrial
2029,ind,5-14,SRCA,SERC Reliability Corporation / East,AEO2026 Counterfactual Baseline case,1.0246430961082902,Industrial
2029,ind,5-15,SRSE,SERC Reliability Corporation / Southeastern,AEO2026 Counterfactual Baseline case,1.0331317623575376,Industrial
2029,res,5-12,PJMC,PJM / Commonwealth Edison,AEO2026 Counterfactual Baseline case,1.028933191639146,Residential
2029,res,5-13,PJMD,PJM / Dominion,AEO2026 Counterfactual Baseline case,1.0115236481190322,Residential
2029,res,5-10,PJME,PJM / East,AEO2026 Counterfactual Baseline case,1.019979774100802,Residential
2029,res,5-11,PJMW,PJM / West,AEO2026 Counterfactual Baseline case,1.0184207088721198,Residential
2029,trans,5-7,ISNE,Northeast Power Coordinating Council / New England,AEO2026 Counterfactual Baseline case,1.163868920533563,Transportation
2029,trans,5-9,NYUP,Northeast Power Coordinating Council / Upstate New York,AEO2026 Counterfactual Baseline case,1.080476888518334,Transportation
2029,trans,5-12,PJMC,PJM / Commonwealth Edison,AEO2026 Counterfactual Baseline case,0.9923578449540374,Transportation
2029,trans,5-13,PJMD,PJM / Dominion,AEO2026 Counterfactual Baseline case,1.1415348774696474,Transportation
2029,trans,5-10,PJME,PJM / East,AEO2026 Counterfactual Baseline case,1.0828656116749387,Transportation
2029,trans,5-11,PJMW,PJM / West,AEO2026 Counterfactual Baseline case,1.0444124873835061,Transportation
2029,trans,5-16,SRCE,SERC Reliability Corporation / Central,AEO2026 Counterfactual Baseline case,1.085422675837586,Transportation
2029,trans,5-14,SRCA,SERC Reliability Corporation / East,AEO2026 Counterfactual Baseline case,1.1415305486133602,Transportation
2029,trans,5-15,SRSE,SERC Reliability Corporation / Southeastern,AEO2026 Counterfactual Baseline case,1.1408205769746294,Transportation
2029,trans,5-18,SPPC,Southwest Power Pool / Central,AEO2026 Counterfactual Baseline case,1.1235241701938072,Transportation
2029,trans,5-19,SPPN,Southwest Power Pool / North,AEO2026 Counterfactual Baseline case,1.127138720715978,Transportation
2029,trans,5-17,SPPS,Southwest Power Pool / South,AEO2026 Counterfactual Baseline case,1.2724393433096033,Transportation
2029,trans,5-1,TRE,Texas Reliability Entity,AEO2026 Counterfactual Baseline case,1.291387554713043,Transportation
2029,trans,5-25,BASN,Western Electricity Coordinating Council / Basin,AEO2026 Counterfactual Baseline case,1.2006804699313713,Transportation
2029,trans,5-21,CANO,Western Electricity Coordinating Council / California North,AEO2026 Counterfactual Baseline case,1.1097131144126053,Transportation
2029,trans,5-8,NYCW,Northeast Power Coordinating Council / New York City and Long Island,AEO2026 Counterfactual Baseline case,1.0804782116843445,Transportation
2029,com,5-23,NWPP,Western Electricity Coordinating Council / Northwest Power Pool Area,AEO2026 Counterfactual Baseline case,1.0583042665065059,Commercial
2029,trans,5-3,MISW,Midcontinent / West,AEO2026 Counterfactual Baseline case,1.0153159790017052,Transportation
2029,trans,5-5,MISE,Midcontinent / East,AEO2026 Counterfactual Baseline case,0.9923590250196569,Transportation
2029,res,5-16,SRCE,SERC Reliability Corporation / Central,AEO2026 Counterfactual Baseline case,0.9710170200436279,Residential
2029,res,5-14,SRCA,SERC Reliability Corporation / East,AEO2026 Counterfactual Baseline case,1.0115237621326032,Residential
2029,res,5-15,SRSE,SERC Reliability Corporation / Southeastern,AEO2026 Counterfactual Baseline case,0.9989939400304466,Residential
2029,res,5-18,SPPC,Southwest Power Pool / Central,AEO2026 Counterfactual Baseline case,0.9905470292416978,Residential
2029,res,5-19,SPPN,Southwest Power Pool / North,AEO2026 Counterfactual Baseline case,0.9919370246066025,Residential
2029,res,5-17,SPPS,Southwest Power Pool / South,AEO2026 Counterfactual Baseline case,1.027686990960522,Residential
2029,res,5-1,TRE,Texas Reliability Entity,AEO2026 Counterfactual Baseline case,1.0257601884155607,Residential
2029,res,5-25,BASN,Western Electricity Coordinating Council / Basin,AEO2026 Counterfactual Baseline case,1.0796608468535398,Residential
2029,res,5-21,CANO,Western Electricity Coordinating Council / California North,AEO2026 Counterfactual Baseline case,1.0318215332305816,Residential
2029,res,5-22,CASO,Western Electricity Coordinating Council / California South,AEO2026 Counterfactual Baseline case,1.0318232920100965,Residential
2029,res,5-24,RMRG,Western Electricity Coordinating Council / Rockies,AEO2026 Counterfactual Baseline case,1.0746861698986894,Residential
2029,res,5-20,SRSG,Western Electricity Coordinating Council / Southwest,AEO2026 Counterfactual Baseline case,1.07527084822483,Residential
2029,res,5-23,NWPP,Western Electricity Coordinating Council / Northwest Power Pool Area,AEO2026 Counterfactual Baseline case,1.03818269769588,Residential
2029,trans,5-2,FRCC,Florida Reliability Coordinating Council,AEO2026 Counterfactual Baseline case,1.1415325867946287,Transportation
2029,trans,5-4,MISC,Midcontinent / Central,AEO2026 Counterfactual Baseline case,0.9985075208893899,Transportation
2029,trans,5-6,MISS,Midcontinent / South,AEO2026 Counterfactual Baseline case,1.2893338782182266,Transportation
2029,com,5-20,SRSG,Western Electricity Coordinating Council / Southwest,AEO2026 Counterfactual Baseline case,1.1085583954661276,Commercial
2029,com,5-22,CASO,Western Electricity Coordinating Council / California South,AEO2026 Counterfactual Baseline case,1.0515432716670825,Commercial
2029,com,5-7,ISNE,Northeast Power Coordinating Council / New England,AEO2026 Counterfactual Baseline case,1.0007666418536052,Commercial
2029,com,5-9,NYUP,Northeast Power Coordinating Council / Upstate New York,AEO2026 Counterfactual Baseline case,1.0521350893741857,Commercial
2029,com,5-12,PJMC,PJM / Commonwealth Edison,AEO2026 Counterfactual Baseline case,1.076221007979331,Commercial
2029,com,5-13,PJMD,PJM / Dominion,AEO2026 Counterfactual Baseline case,1.0809706916458317,Commercial
2029,com,5-10,PJME,PJM / East,AEO2026 Counterfactual Baseline case,1.0629690880527851,Commercial
2029,com,5-11,PJMW,PJM / West,AEO2026 Counterfactual Baseline case,1.0718257469508174,Commercial
2029,com,5-16,SRCE,SERC Reliability Corporation / Central,AEO2026 Counterfactual Baseline case,1.0357629709699834,Commercial
2029,com,5-14,SRCA,SERC Reliability Corporation / East,AEO2026 Counterfactual Baseline case,1.0809706352687345,Commercial
2029,com,5-15,SRSE,SERC Reliability Corporation / Southeastern,AEO2026 Counterfactual Baseline case,1.0689787215800741,Commercial
2029,com,5-18,SPPC,Southwest Power Pool / Central,AEO2026 Counterfactual Baseline case,1.0347112990231813,Commercial
2029,com,5-19,SPPN,Southwest Power Pool / North,AEO2026 Counterfactual Baseline case,1.0365193246242532,Commercial
2029,com,5-17,SPPS,Southwest Power Pool / South,AEO2026 Counterfactual Baseline case,1.1962471459723405,Commercial
2029,com,5-1,TRE,Texas Reliability Entity,AEO2026 Counterfactual Baseline case,1.2034201582751776,Commercial
2029,com,5-25,BASN,Western Electricity Coordinating Council / Basin,AEO2026 Counterfactual Baseline case,1.1043410473898687,Commercial
2029,com,5-21,CANO,Western Electricity Coordinating Council / California North,AEO2026 Counterfactual Baseline case,1.0515431900699639,Commercial
2029,com,5-8,NYCW,Northeast Power Coordinating Council / New York City and Long Island,AEO2026 Counterfactual Baseline case,1.0521350414559596,Commercial
2029,com,5-24,RMRG,Western Electricity Coordinating Council / Rockies,AEO2026 Counterfactual Baseline case,1.1001011636139977,Commercial
2029,com,5-3,MISW,Midcontinent / West,AEO2026 Counterfactual Baseline case,1.0498888004044178,Commercial
2029,com,5-5,MISE,Midcontinent / East,AEO2026 Counterfactual Baseline case,1.0762208993682871,Commercial
2029,com,5-2,FRCC,Florida Reliability Coordinating Council,AEO2026 Counterfactual Baseline case,1.0809707250244436,Commercial
2029,com,5-4,MISC,Midcontinent / Central,AEO2026 Counterfactual Baseline case,1.0613700457261717,Commercial
2029,com,5-6,MISS,Midcontinent / South,AEO2026 Counterfactual Baseline case,1.177707490293013,Commercial
2030,ind,5-13,PJMD,PJM / Dominion,AEO2026 Counterfactual Baseline case,1.02704912098677,Industrial
2030,trans,5-18,SPPC,Southwest Power Pool / Central,AEO2026 Counterfactual Baseline case,1.1488638895076855,Transportation
2030,trans,5-19,SPPN,Southwest Power Pool / North,AEO2026 Counterfactual Baseline case,1.154053698341669,Transportation
2030,trans,5-17,SPPS,Southwest Power Pool / South,AEO2026 Counterfactual Baseline case,1.3304373093127997,Transportation
2030,trans,5-1,TRE,Texas Reliability Entity,AEO2026 Counterfactual Baseline case,1.3487577077498165,Transportation
2030,trans,5-25,BASN,Western Electricity Coordinating Council / Basin,AEO2026 Counterfactual Baseline case,1.2602942887053623,Transportation
2030,trans,5-21,CANO,Western Electricity Coordinating Council / California North,AEO2026 Counterfactual Baseline case,1.1442927016239908,Transportation
2030,trans,5-22,CASO,Western Electricity Coordinating Council / California South,AEO2026 Counterfactual Baseline case,1.1442905225863595,Transportation
2030,trans,5-15,SRSE,SERC Reliability Corporation / Southeastern,AEO2026 Counterfactual Baseline case,1.154451035516177,Transportation
2030,trans,5-24,RMRG,Western Electricity Coordinating Council / Rockies,AEO2026 Counterfactual Baseline case,1.2604280581159193,Transportation
2030,trans,5-23,NWPP,Western Electricity Coordinating Council / Northwest Power Pool Area,AEO2026 Counterfactual Baseline case,1.149496818070248,Transportation
2030,trans,5-20,SRSG,Western Electricity Coordinating Council / Southwest,AEO2026 Counterfactual Baseline case,1.2441674890050314,Transportation
2030,trans,5-14,SRCA,SERC Reliability Corporation / East,AEO2026 Counterfactual Baseline case,1.1551914998525623,Transportation
2030,trans,5-11,PJMW,PJM / West,AEO2026 Counterfactual Baseline case,1.042104777324198,Transportation
2030,res,5-21,CANO,Western Electricity Coordinating Council / California North,AEO2026 Counterfactual Baseline case,1.0560585453026616,Residential
2030,res,5-22,CASO,Western Electricity Coordinating Council / California South,AEO2026 Counterfactual Baseline case,1.0560604331739973,Residential
2030,res,5-24,RMRG,Western Electricity Coordinating Council / Rockies,AEO2026 Counterfactual Baseline case,1.1008750140776309,Residential
2030,res,5-20,SRSG,Western Electricity Coordinating Council / Southwest,AEO2026 Counterfactual Baseline case,1.1014743255275907,Residential
2030,res,5-23,NWPP,Western Electricity Coordinating Council / Northwest Power Pool Area,AEO2026 Counterfactual Baseline case,1.0628369020236559,Residential
2030,trans,5-2,FRCC,Florida Reliability Coordinating Council,AEO2026 Counterfactual Baseline case,1.1551933157892516,Transportation
2030,trans,5-4,MISC,Midcontinent / Central,AEO2026 Counterfactual Baseline case,0.9793144522318057,Transportation
2030,trans,5-16,SRCE,SERC Reliability Corporation / Central,AEO2026 Counterfactual Baseline case,1.0962946527623698,Transportation
2030,trans,5-5,MISE,Midcontinent / East,AEO2026 Counterfactual Baseline case,0.9709683272514668,Transportation
2030,trans,5-3,MISW,Midcontinent / West,AEO2026 Counterfactual Baseline case,1.0021018901556327,Transportation
2030,trans,5-8,NYCW,Northeast Power Coordinating Council / New York City and Long Island,AEO2026 Counterfactual Baseline case,1.094330753320572,Transportation
2030,trans,5-7,ISNE,Northeast Power Coordinating Council / New England,AEO2026 Counterfactual Baseline case,1.200763912013006,Transportation
2030,trans,5-9,NYUP,Northeast Power Coordinating Council / Upstate New York,AEO2026 Counterfactual Baseline case,1.094330640451499,Transportation
2030,trans,5-12,PJMC,PJM / Commonwealth Edison,AEO2026 Counterfactual Baseline case,0.9709660748868555,Transportation
2030,trans,5-13,PJMD,PJM / Dominion,AEO2026 Counterfactual Baseline case,1.1551901796514494,Transportation
2030,trans,5-10,PJME,PJM / East,AEO2026 Counterfactual Baseline case,1.0967113633768395,Transportation
2030,trans,5-6,MISS,Midcontinent / South,AEO2026 Counterfactual Baseline case,1.346313269893164,Transportation
2030,res,5-25,BASN,Western Electricity Coordinating Council / Basin,AEO2026 Counterfactual Baseline case,1.1070364085939939,Residential
2030,res,5-1,TRE,Texas Reliability Entity,AEO2026 Counterfactual Baseline case,1.0329604367333194,Residential
2030,res,5-19,SPPN,Southwest Power Pool / North,AEO2026 Counterfactual Baseline case,0.9994807186944761,Residential
2030,com,5-13,PJMD,PJM / Dominion,AEO2026 Counterfactual Baseline case,1.1018012018098347,Commercial
2030,com,5-10,PJME,PJM / East,AEO2026 Counterfactual Baseline case,1.0772093172735884,Commercial
2030,com,5-11,PJMW,PJM / West,AEO2026 Counterfactual Baseline case,1.076709036613649,Commercial
2030,com,5-16,SRCE,SERC Reliability Corporation / Central,AEO2026 Counterfactual Baseline case,1.0398632524826827,Commercial
2030,com,5-14,SRCA,SERC Reliability Corporation / East,AEO2026 Counterfactual Baseline case,1.1018011046635827,Commercial
2030,com,5-15,SRSE,SERC Reliability Corporation / Southeastern,AEO2026 Counterfactual Baseline case,1.0853709972171266,Commercial
2030,com,5-18,SPPC,Southwest Power Pool / Central,AEO2026 Counterfactual Baseline case,1.039998233811676,Commercial
2030,com,5-12,PJMC,PJM / Commonwealth Edison,AEO2026 Counterfactual Baseline case,1.075752323171205,Commercial
2030,com,5-19,SPPN,Southwest Power Pool / North,AEO2026 Counterfactual Baseline case,1.0425871917030742,Commercial
2030,com,5-1,TRE,Texas Reliability Entity,AEO2026 Counterfactual Baseline case,1.2153894044315166,Commercial
2030,com,5-25,BASN,Western Electricity Coordinating Council / Basin,AEO2026 Counterfactual Baseline case,1.1368613040226334,Commercial
2030,com,5-21,CANO,Western Electricity Coordinating Council / California North,AEO2026 Counterfactual Baseline case,1.0746824111904922,Commercial
2030,com,5-22,CASO,Western Electricity Coordinating Council / California South,AEO2026 Counterfactual Baseline case,1.0746823975121158,Commercial
2030,com,5-24,RMRG,Western Electricity Coordinating Council / Rockies,AEO2026 Counterfactual Baseline case,1.1308965978415568,Commercial
2030,com,5-20,SRSG,Western Electricity Coordinating Council / Southwest,AEO2026 Counterfactual Baseline case,1.139064429523886,Commercial
2030,com,5-23,NWPP,Western Electricity Coordinating Council / Northwest Power Pool Area,AEO2026 Counterfactual Baseline case,1.0826447403030113,Commercial
2030,com,5-17,SPPS,Southwest Power Pool / South,AEO2026 Counterfactual Baseline case,1.2097143600090274,Commercial
2030,ind,5-2,FRCC,Florida Reliability Coordinating Council,AEO2026 Counterfactual Baseline case,1.027049197272231,Industrial
2030,com,5-9,NYUP,Northeast Power Coordinating Council / Upstate New York,AEO2026 Counterfactual Baseline case,1.0624092410118222,Commercial
2030,com,5-8,NYCW,Northeast Power Coordinating Council / New York City and Long Island,AEO2026 Counterfactual Baseline case,1.0624091603419898,Commercial
2030,com,5-7,ISNE,Northeast Power Coordinating Council / New England,AEO2026 Counterfactual Baseline case,1.003430496414276,Commercial
2030,com,5-2,FRCC,Florida Reliability Coordinating Council,AEO2026 Counterfactual Baseline case,1.1018011728105976,Commercial
2030,com,5-4,MISC,Midcontinent / Central,AEO2026 Counterfactual Baseline case,1.0629253420021323,Commercial
2030,com,5-5,MISE,Midcontinent / East,AEO2026 Counterfactual Baseline case,1.0757523154199542,Commercial
2030,com,5-6,MISS,Midcontinent / South,AEO2026 Counterfactual Baseline case,1.1884433562183603,Commercial
2030,com,5-3,MISW,Midcontinent / West,AEO2026 Counterfactual Baseline case,1.0530436028021395,Commercial
2030,ind,5-4,MISC,Midcontinent / Central,AEO2026 Counterfactual Baseline case,1.0031010715600703,Industrial
2030,ind,5-5,MISE,Midcontinent / East,AEO2026 Counterfactual Baseline case,1.0046813005738755,Industrial
2030,ind,5-6,MISS,Midcontinent / South,AEO2026 Counterfactual Baseline case,1.0231236786808353,Industrial
2030,res,5-2,FRCC,Florida Reliability Coordinating Council,AEO2026 Counterfactual Baseline case,1.0223056909894763,Residential
2030,res,5-4,MISC,Midcontinent / Central,AEO2026 Counterfactual Baseline case,1.0224754772359288,Residential
2030,res,5-5,MISE,Midcontinent / East,AEO2026 Counterfactual Baseline case,1.038711546508082,Residential
2030,res,5-6,MISS,Midcontinent / South,AEO2026 Counterfactual Baseline case,1.021597013224778,Residential
2030,res,5-3,MISW,Midcontinent / West,AEO2026 Counterfactual Baseline case,1.0125989537933757,Residential
2030,res,5-8,NYCW,Northeast Power Coordinating Council / New York City and Long Island,AEO2026 Counterfactual Baseline case,1.03988514555158,Residential
2030,res,5-7,ISNE,Northeast Power Coordinating Council / New England,AEO2026 Counterfactual Baseline case,1.0002088421518482,Residential
2030,ind,5-23,NWPP,Western Electricity Coordinating Council / Northwest Power Pool Area,AEO2026 Counterfactual Baseline case,1.004566469091654,Industrial
2030,res,5-9,NYUP,Northeast Power Coordinating Council / Upstate New York,AEO2026 Counterfactual Baseline case,1.0398850605116685,Residential
2030,res,5-13,PJMD,PJM / Dominion,AEO2026 Counterfactual Baseline case,1.022305685360201,Residential
2030,res,5-10,PJME,PJM / East,AEO2026 Counterfactual Baseline case,1.0343136023650574,Residential
2030,res,5-11,PJMW,PJM / West,AEO2026 Counterfactual Baseline case,1.02785230109742,Residential
2030,res,5-16,SRCE,SERC Reliability Corporation / Central,AEO2026 Counterfactual Baseline case,0.9681144729280331,Residential
2030,res,5-14,SRCA,SERC Reliability Corporation / East,AEO2026 Counterfactual Baseline case,1.022305803546094,Residential
2030,res,5-15,SRSE,SERC Reliability Corporation / Southeastern,AEO2026 Counterfactual Baseline case,1.0055428687996832,Residential
2030,res,5-18,SPPC,Southwest Power Pool / Central,AEO2026 Counterfactual Baseline case,0.9977690893923818,Residential
2030,res,5-12,PJMC,PJM / Commonwealth Edison,AEO2026 Counterfactual Baseline case,1.0387119986028708,Residential
2030,ind,5-20,SRSG,Western Electricity Coordinating Council / Southwest,AEO2026 Counterfactual Baseline case,1.024338935850003,Industrial
2030,ind,5-24,RMRG,Western Electricity Coordinating Council / Rockies,AEO2026 Counterfactual Baseline case,1.0218698417787657,Industrial
2030,ind,5-22,CASO,Western Electricity Coordinating Council / California South,AEO2026 Counterfactual Baseline case,1.000792271575237,Industrial
2030,ind,5-3,MISW,Midcontinent / West,AEO2026 Counterfactual Baseline case,0.977904649093593,Industrial
2030,ind,5-8,NYCW,Northeast Power Coordinating Council / New York City and Long Island,AEO2026 Counterfactual Baseline case,0.9654779576759761,Industrial
2030,ind,5-7,ISNE,Northeast Power Coordinating Council / New England,AEO2026 Counterfactual Baseline case,0.9609370860960005,Industrial
2030,ind,5-9,NYUP,Northeast Power Coordinating Council / Upstate New York,AEO2026 Counterfactual Baseline case,0.9654783387043928,Industrial
2030,ind,5-12,PJMC,PJM / Commonwealth Edison,AEO2026 Counterfactual Baseline case,1.0046812071450408,Industrial
2030,ind,5-10,PJME,PJM / East,AEO2026 Counterfactual Baseline case,0.9712066027948838,Industrial
2030,ind,5-11,PJMW,PJM / West,AEO2026 Counterfactual Baseline case,1.00659426423437,Industrial
2030,ind,5-16,SRCE,SERC Reliability Corporation / Central,AEO2026 Counterfactual Baseline case,1.0452596095540414,Industrial
2030,ind,5-14,SRCA,SERC Reliability Corporation / East,AEO2026 Counterfactual Baseline case,1.027049079996678,Industrial
2030,ind,5-15,SRSE,SERC Reliability Corporation / Southeastern,AEO2026 Counterfactual Baseline case,1.0354948737513874,Industrial
2030,ind,5-18,SPPC,Southwest Power Pool / Central,AEO2026 Counterfactual Baseline case,0.9644614008182556,Industrial
2030,ind,5-19,SPPN,Southwest Power Pool / North,AEO2026 Counterfactual Baseline case,0.9653034251980901,Industrial
2030,ind,5-17,SPPS,Southwest Power Pool / South,AEO2026 Counterfactual Baseline case,1.0221482474818555,Industrial
2030,ind,5-1,TRE,Texas Reliability Entity,AEO2026 Counterfactual Baseline case,1.021459188703364,Industrial
2030,ind,5-25,BASN,Western Electricity Coordinating Council / Basin,AEO2026 Counterfactual Baseline case,1.033097832433353,Industrial
2030,ind,5-21,CANO,Western Electricity Coordinating Council / California North,AEO2026 Counterfactual Baseline case,1.0007922463109633,Industrial
2030,res,5-17,SPPS,Southwest Power Pool / South,AEO2026 Counterfactual Baseline case,1.0356040414361116,Residential
2031,com,5-2,FRCC,Florida Reliability Coordinating Council,AEO2026 Counterfactual Baseline case,1.1225157197941478,Commercial
2031,com,5-4,MISC,Midcontinent / Central,AEO2026 Counterfactual Baseline case,1.0631901957452001,Commercial
2031,com,5-5,MISE,Midcontinent / East,AEO2026 Counterfactual Baseline case,1.0714564041431986,Commercial
2031,com,5-6,MISS,Midcontinent / South,AEO2026 Counterfactual Baseline case,1.2008478057656733,Commercial
2031,com,5-8,NYCW,Northeast Power Coordinating Council / New York City and Long Island,AEO2026 Counterfactual Baseline case,1.0646712686423296,Commercial
2031,com,5-7,ISNE,Northeast Power Coordinating Council / New England,AEO2026 Counterfactual Baseline case,1.0098542745349006,Commercial
2031,com,5-9,NYUP,Northeast Power Coordinating Council / Upstate New York,AEO2026 Counterfactual Baseline case,1.0646713803112995,Commercial
2031,com,5-12,PJMC,PJM / Commonwealth Edison,AEO2026 Counterfactual Baseline case,1.07145643239245,Commercial
2031,com,5-13,PJMD,PJM / Dominion,AEO2026 Counterfactual Baseline case,1.122515823592163,Commercial
2031,com,5-10,PJME,PJM / East,AEO2026 Counterfactual Baseline case,1.0864043482967134,Commercial
2031,com,5-3,MISW,Midcontinent / West,AEO2026 Counterfactual Baseline case,1.0568912818287526,Commercial
2031,com,5-11,PJMW,PJM / West,AEO2026 Counterfactual Baseline case,1.0783372436055154,Commercial
2031,com,5-16,SRCE,SERC Reliability Corporation / Central,AEO2026 Counterfactual Baseline case,1.0463686032430208,Commercial
2031,com,5-14,SRCA,SERC Reliability Corporation / East,AEO2026 Counterfactual Baseline case,1.1225156917113865,Commercial
2031,com,5-15,SRSE,SERC Reliability Corporation / Southeastern,AEO2026 Counterfactual Baseline case,1.1023163759327894,Commercial
2031,ind,5-13,PJMD,PJM / Dominion,AEO2026 Counterfactual Baseline case,1.030228881096694,Industrial
2031,ind,5-10,PJME,PJM / East,AEO2026 Counterfactual Baseline case,0.9623111172489469,Industrial
2031,ind,5-11,PJMW,PJM / West,AEO2026 Counterfactual Baseline case,1.0066325013203714,Industrial
2031,ind,5-16,SRCE,SERC Reliability Corporation / Central,AEO2026 Counterfactual Baseline case,1.0463210045474973,Industrial
2031,ind,5-14,SRCA,SERC Reliability Corporation / East,AEO2026 Counterfactual Baseline case,1.0302288661708776,Industrial
2031,ind,5-15,SRSE,SERC Reliability Corporation / Southeastern,AEO2026 Counterfactual Baseline case,1.0376920980302553,Industrial
2031,ind,5-18,SPPC,Southwest Power Pool / Central,AEO2026 Counterfactual Baseline case,0.9644459869595366,Industrial
2031,ind,5-19,SPPN,Southwest Power Pool / North,AEO2026 Counterfactual Baseline case,0.9653647959912782,Industrial
2031,ind,5-17,SPPS,Southwest Power Pool / South,AEO2026 Counterfactual Baseline case,1.0202413580035303,Industrial
2031,ind,5-1,TRE,Texas Reliability Entity,AEO2026 Counterfactual Baseline case,1.0184068614234023,Industrial
2031,ind,5-25,BASN,Western Electricity Coordinating Council / Basin,AEO2026 Counterfactual Baseline case,1.0321077411565227,Industrial
2031,ind,5-21,CANO,Western Electricity Coordinating Council / California North,AEO2026 Counterfactual Baseline case,1.0064780058156326,Industrial
2031,ind,5-22,CASO,Western Electricity Coordinating Council / California South,AEO2026 Counterfactual Baseline case,1.006478049817369,Industrial
2031,ind,5-24,RMRG,Western Electricity Coordinating Council / Rockies,AEO2026 Counterfactual Baseline case,1.0270796992503688,Industrial
2031,ind,5-20,SRSG,Western Electricity Coordinating Council / Southwest,AEO2026 Counterfactual Baseline case,1.029531170372644,Industrial
2031,ind,5-12,PJMC,PJM / Commonwealth Edison,AEO2026 Counterfactual Baseline case,1.005978425121195,Industrial
2031,ind,5-9,NYUP,Northeast Power Coordinating Council / Upstate New York,AEO2026 Counterfactual Baseline case,0.957883983873009,Industrial
2031,ind,5-8,NYCW,Northeast Power Coordinating Council / New York City and Long Island,AEO2026 Counterfactual Baseline case,0.9553457382538751,Industrial
2031,com,5-18,SPPC,Southwest Power Pool / Central,AEO2026 Counterfactual Baseline case,1.0486207318851144,Commercial
2031,com,5-19,SPPN,Southwest Power Pool / North,AEO2026 Counterfactual Baseline case,1.0520653416365353,Commercial
2031,com,5-17,SPPS,Southwest Power Pool / South,AEO2026 Counterfactual Baseline case,1.2250252658385712,Commercial
2031,com,5-1,TRE,Texas Reliability Entity,AEO2026 Counterfactual Baseline case,1.2288891371015767,Commercial
2031,com,5-25,BASN,Western Electricity Coordinating Council / Basin,AEO2026 Counterfactual Baseline case,1.175193726068043,Commercial
2031,com,5-21,CANO,Western Electricity Coordinating Council / California North,AEO2026 Counterfactual Baseline case,1.0988958328626186,Commercial
2031,com,5-22,CASO,Western Electricity Coordinating Council / California South,AEO2026 Counterfactual Baseline case,1.0988956728672055,Commercial
2031,com,5-24,RMRG,Western Electricity Coordinating Council / Rockies,AEO2026 Counterfactual Baseline case,1.167371748567832,Commercial
2031,com,5-20,SRSG,Western Electricity Coordinating Council / Southwest,AEO2026 Counterfactual Baseline case,1.1748069588673387,Commercial
2031,com,5-23,NWPP,Western Electricity Coordinating Council / Northwest Power Pool Area,AEO2026 Counterfactual Baseline case,1.108666066013394,Commercial
2031,ind,5-2,FRCC,Florida Reliability Coordinating Council,AEO2026 Counterfactual Baseline case,1.0302287403841857,Industrial
2031,ind,5-4,MISC,Midcontinent / Central,AEO2026 Counterfactual Baseline case,1.0041865042218419,Industrial
2031,ind,5-5,MISE,Midcontinent / East,AEO2026 Counterfactual Baseline case,1.00597849033868,Industrial
2031,ind,5-6,MISS,Midcontinent / South,AEO2026 Counterfactual Baseline case,1.0200041583342196,Industrial
2031,ind,5-3,MISW,Midcontinent / West,AEO2026 Counterfactual Baseline case,0.978328081567133,Industrial
2031,ind,5-7,ISNE,Northeast Power Coordinating Council / New England,AEO2026 Counterfactual Baseline case,0.9498758350009375,Industrial
2031,ind,5-23,NWPP,Western Electricity Coordinating Council / Northwest Power Pool Area,AEO2026 Counterfactual Baseline case,1.0101755945985071,Industrial
2031,res,5-2,FRCC,Florida Reliability Coordinating Council,AEO2026 Counterfactual Baseline case,1.03170130250396,Residential
2031,res,5-5,MISE,Midcontinent / East,AEO2026 Counterfactual Baseline case,1.046010426434402,Residential
2031,trans,5-23,NWPP,Western Electricity Coordinating Council / Northwest Power Pool Area,AEO2026 Counterfactual Baseline case,1.1744583535384376,Transportation
2031,res,5-4,MISC,Midcontinent / Central,AEO2026 Counterfactual Baseline case,1.0290986354904168,Residential
2031,res,5-24,RMRG,Western Electricity Coordinating Council / Rockies,AEO2026 Counterfactual Baseline case,1.1291305238724358,Residential
2031,res,5-20,SRSG,Western Electricity Coordinating Council / Southwest,AEO2026 Counterfactual Baseline case,1.1298384855414243,Residential
2031,res,5-23,NWPP,Western Electricity Coordinating Council / Northwest Power Pool Area,AEO2026 Counterfactual Baseline case,1.0927451358632727,Residential
2031,trans,5-2,FRCC,Florida Reliability Coordinating Council,AEO2026 Counterfactual Baseline case,1.1625432441908108,Transportation
2031,trans,5-4,MISC,Midcontinent / Central,AEO2026 Counterfactual Baseline case,0.9625533091558806,Transportation
2031,trans,5-5,MISE,Midcontinent / East,AEO2026 Counterfactual Baseline case,0.9524102336646438,Transportation
2031,res,5-22,CASO,Western Electricity Coordinating Council / California South,AEO2026 Counterfactual Baseline case,1.0860044264191042,Residential
2031,trans,5-6,MISS,Midcontinent / South,AEO2026 Counterfactual Baseline case,1.4014244847918735,Transportation
2031,trans,5-8,NYCW,Northeast Power Coordinating Council / New York City and Long Island,AEO2026 Counterfactual Baseline case,1.1025239121254433,Transportation
2031,trans,5-7,ISNE,Northeast Power Coordinating Council / New England,AEO2026 Counterfactual Baseline case,1.2258202260396058,Transportation
2031,trans,5-9,NYUP,Northeast Power Coordinating Council / Upstate New York,AEO2026 Counterfactual Baseline case,1.1025224468241468,Transportation
2031,trans,5-12,PJMC,PJM / Commonwealth Edison,AEO2026 Counterfactual Baseline case,0.952408792654344,Transportation
2031,trans,5-13,PJMD,PJM / Dominion,AEO2026 Counterfactual Baseline case,1.1625375207203978,Transportation
2031,trans,5-10,PJME,PJM / East,AEO2026 Counterfactual Baseline case,1.1048708536211154,Transportation
2031,trans,5-3,MISW,Midcontinent / West,AEO2026 Counterfactual Baseline case,0.9902323928061779,Transportation
2031,res,5-21,CANO,Western Electricity Coordinating Council / California North,AEO2026 Counterfactual Baseline case,1.0860025482899922,Residential
2031,res,5-25,BASN,Western Electricity Coordinating Council / Basin,AEO2026 Counterfactual Baseline case,1.136711049750352,Residential
2031,res,5-1,TRE,Texas Reliability Entity,AEO2026 Counterfactual Baseline case,1.0378103439276354,Residential
2031,res,5-6,MISS,Midcontinent / South,AEO2026 Counterfactual Baseline case,1.0248487664421915,Residential
2031,res,5-3,MISW,Midcontinent / West,AEO2026 Counterfactual Baseline case,1.019144980831581,Residential
2031,res,5-8,NYCW,Northeast Power Coordinating Council / New York City and Long Island,AEO2026 Counterfactual Baseline case,1.0538789915531295,Residential
2031,res,5-7,ISNE,Northeast Power Coordinating Council / New England,AEO2026 Counterfactual Baseline case,1.0170987696023333,Residential
2031,res,5-9,NYUP,Northeast Power Coordinating Council / Upstate New York,AEO2026 Counterfactual Baseline case,1.0538788962154,Residential
2031,res,5-12,PJMC,PJM / Commonwealth Edison,AEO2026 Counterfactual Baseline case,1.0460106539688687,Residential
2031,res,5-13,PJMD,PJM / Dominion,AEO2026 Counterfactual Baseline case,1.0317012864696666,Residential
2031,res,5-10,PJME,PJM / East,AEO2026 Counterfactual Baseline case,1.0468501361720688,Residential
2031,res,5-11,PJMW,PJM / West,AEO2026 Counterfactual Baseline case,1.0352268519289887,Residential
2031,res,5-16,SRCE,SERC Reliability Corporation / Central,AEO2026 Counterfactual Baseline case,0.963932348882967,Residential
2031,res,5-14,SRCA,SERC Reliability Corporation / East,AEO2026 Counterfactual Baseline case,1.0317013855084585,Residential
2031,res,5-15,SRSE,SERC Reliability Corporation / Southeastern,AEO2026 Counterfactual Baseline case,1.0107384473627063,Residential
2031,res,5-18,SPPC,Southwest Power Pool / Central,AEO2026 Counterfactual Baseline case,1.0038853392927163,Residential
2031,res,5-19,SPPN,Southwest Power Pool / North,AEO2026 Counterfactual Baseline case,1.0059738116572061,Residential
2031,res,5-17,SPPS,Southwest Power Pool / South,AEO2026 Counterfactual Baseline case,1.0413344389625123,Residential
2031,trans,5-11,PJMW,PJM / West,AEO2026 Counterfactual Baseline case,1.0379824784077285,Transportation
2031,trans,5-16,SRCE,SERC Reliability Corporation / Central,AEO2026 Counterfactual Baseline case,1.103838473485689,Transportation
2031,trans,5-14,SRCA,SERC Reliability Corporation / East,AEO2026 Counterfactual Baseline case,1.1625392160180212,Transportation
2031,trans,5-15,SRSE,SERC Reliability Corporation / Southeastern,AEO2026 Counterfactual Baseline case,1.161798973075892,Transportation
2031,trans,5-18,SPPC,Southwest Power Pool / Central,AEO2026 Counterfactual Baseline case,1.168523056359991,Transportation
2031,trans,5-19,SPPN,Southwest Power Pool / North,AEO2026 Counterfactual Baseline case,1.1751776783364043,Transportation
2031,trans,5-17,SPPS,Southwest Power Pool / South,AEO2026 Counterfactual Baseline case,1.384948423652477,Transportation
2031,trans,5-1,TRE,Texas Reliability Entity,AEO2026 Counterfactual Baseline case,1.4042428566864398,Transportation
2031,trans,5-25,BASN,Western Electricity Coordinating Council / Basin,AEO2026 Counterfactual Baseline case,1.3104280562987087,Transportation
2031,trans,5-21,CANO,Western Electricity Coordinating Council / California North,AEO2026 Counterfactual Baseline case,1.1680692924933131,Transportation
2031,trans,5-22,CASO,Western Electricity Coordinating Council / California South,AEO2026 Counterfactual Baseline case,1.1680708591674047,Transportation
2031,trans,5-24,RMRG,Western Electricity Coordinating Council / Rockies,AEO2026 Counterfactual Baseline case,1.3104425647778248,Transportation
2031,trans,5-20,SRSG,Western Electricity Coordinating Council / Southwest,AEO2026 Counterfactual Baseline case,1.290364630922359,Transportation
2032,com,5-22,CASO,Western Electricity Coordinating Council / California South,AEO2026 Counterfactual Baseline case,1.1302552490355682,Commercial
2032,com,5-24,RMRG,Western Electricity Coordinating Council / Rockies,AEO2026 Counterfactual Baseline case,1.2086129606717064,Commercial
2032,com,5-20,SRSG,Western Electricity Coordinating Council / Southwest,AEO2026 Counterfactual Baseline case,1.2158308381441139,Commercial
2032,com,5-23,NWPP,Western Electricity Coordinating Council / Northwest Power Pool Area,AEO2026 Counterfactual Baseline case,1.141547140875375,Commercial
2032,ind,5-2,FRCC,Florida Reliability Coordinating Council,AEO2026 Counterfactual Baseline case,1.0318682408944941,Industrial
2032,ind,5-4,MISC,Midcontinent / Central,AEO2026 Counterfactual Baseline case,1.0052625423159656,Industrial
2032,ind,5-5,MISE,Midcontinent / East,AEO2026 Counterfactual Baseline case,1.007006493064945,Industrial
2032,ind,5-6,MISS,Midcontinent / South,AEO2026 Counterfactual Baseline case,1.02009322334683,Industrial
2032,ind,5-3,MISW,Midcontinent / West,AEO2026 Counterfactual Baseline case,0.9796347403666589,Industrial
2032,ind,5-8,NYCW,Northeast Power Coordinating Council / New York City and Long Island,AEO2026 Counterfactual Baseline case,0.9453731832775227,Industrial
2032,ind,5-7,ISNE,Northeast Power Coordinating Council / New England,AEO2026 Counterfactual Baseline case,0.9393872410170121,Industrial
2032,ind,5-9,NYUP,Northeast Power Coordinating Council / Upstate New York,AEO2026 Counterfactual Baseline case,0.9499203518580025,Industrial
2032,ind,5-12,PJMC,PJM / Commonwealth Edison,AEO2026 Counterfactual Baseline case,1.0070065074027164,Industrial
2032,ind,5-13,PJMD,PJM / Dominion,AEO2026 Counterfactual Baseline case,1.031868353740526,Industrial
2032,ind,5-10,PJME,PJM / East,AEO2026 Counterfactual Baseline case,0.9534219012805121,Industrial
2032,ind,5-11,PJMW,PJM / West,AEO2026 Counterfactual Baseline case,1.0062161826105616,Industrial
2032,ind,5-16,SRCE,SERC Reliability Corporation / Central,AEO2026 Counterfactual Baseline case,1.0472455500587476,Industrial
2032,ind,5-14,SRCA,SERC Reliability Corporation / East,AEO2026 Counterfactual Baseline case,1.0318682586753545,Industrial
2032,ind,5-15,SRSE,SERC Reliability Corporation / Southeastern,AEO2026 Counterfactual Baseline case,1.0389999798439478,Industrial
2032,ind,5-18,SPPC,Southwest Power Pool / Central,AEO2026 Counterfactual Baseline case,0.9658924618552166,Industrial
2032,ind,5-19,SPPN,Southwest Power Pool / North,AEO2026 Counterfactual Baseline case,0.9668724361002443,Industrial
2032,ind,5-17,SPPS,Southwest Power Pool / South,AEO2026 Counterfactual Baseline case,1.02106093319567,Industrial
2032,ind,5-1,TRE,Texas Reliability Entity,AEO2026 Counterfactual Baseline case,1.0184460733385305,Industrial
2032,ind,5-25,BASN,Western Electricity Coordinating Council / Basin,AEO2026 Counterfactual Baseline case,1.038074423622412,Industrial
2032,ind,5-21,CANO,Western Electricity Coordinating Council / California North,AEO2026 Counterfactual Baseline case,1.012178771525012,Industrial
2032,ind,5-22,CASO,Western Electricity Coordinating Council / California South,AEO2026 Counterfactual Baseline case,1.0121787600071497,Industrial
2032,ind,5-24,RMRG,Western Electricity Coordinating Council / Rockies,AEO2026 Counterfactual Baseline case,1.0326983012571511,Industrial
2032,com,5-21,CANO,Western Electricity Coordinating Council / California North,AEO2026 Counterfactual Baseline case,1.1302552926023381,Commercial
2032,com,5-25,BASN,Western Electricity Coordinating Council / Basin,AEO2026 Counterfactual Baseline case,1.2184356585573117,Commercial
2032,com,5-1,TRE,Texas Reliability Entity,AEO2026 Counterfactual Baseline case,1.2507014542138901,Commercial
2032,com,5-17,SPPS,Southwest Power Pool / South,AEO2026 Counterfactual Baseline case,1.2484004484743592,Commercial
2032,com,5-2,FRCC,Florida Reliability Coordinating Council,AEO2026 Counterfactual Baseline case,1.1487709586835215,Commercial
2032,com,5-4,MISC,Midcontinent / Central,AEO2026 Counterfactual Baseline case,1.0757752605142596,Commercial
2032,com,5-5,MISE,Midcontinent / East,AEO2026 Counterfactual Baseline case,1.0846781073888383,Commercial
2032,com,5-3,MISW,Midcontinent / West,AEO2026 Counterfactual Baseline case,1.069052467674779,Commercial
2032,com,5-8,NYCW,Northeast Power Coordinating Council / New York City and Long Island,AEO2026 Counterfactual Baseline case,1.087429945967768,Commercial
2032,com,5-7,ISNE,Northeast Power Coordinating Council / New England,AEO2026 Counterfactual Baseline case,1.0223484531153095,Commercial
2032,com,5-9,NYUP,Northeast Power Coordinating Council / Upstate New York,AEO2026 Counterfactual Baseline case,1.087429892795534,Commercial
2032,com,5-12,PJMC,PJM / Commonwealth Edison,AEO2026 Counterfactual Baseline case,1.0846780919873698,Commercial
2032,com,5-13,PJMD,PJM / Dominion,AEO2026 Counterfactual Baseline case,1.1487710165426845,Commercial
2032,com,5-10,PJME,PJM / East,AEO2026 Counterfactual Baseline case,1.1104766473943999,Commercial
2032,com,5-11,PJMW,PJM / West,AEO2026 Counterfactual Baseline case,1.0947604097238994,Commercial
2032,com,5-16,SRCE,SERC Reliability Corporation / Central,AEO2026 Counterfactual Baseline case,1.0556655857079718,Commercial
2032,com,5-14,SRCA,SERC Reliability Corporation / East,AEO2026 Counterfactual Baseline case,1.14877101843989,Commercial
2032,com,5-15,SRSE,SERC Reliability Corporation / Southeastern,AEO2026 Counterfactual Baseline case,1.124073203431361,Commercial
2032,com,5-18,SPPC,Southwest Power Pool / Central,AEO2026 Counterfactual Baseline case,1.0601787349259575,Commercial
2032,com,5-19,SPPN,Southwest Power Pool / North,AEO2026 Counterfactual Baseline case,1.0645288218298483,Commercial
2032,com,5-6,MISS,Midcontinent / South,AEO2026 Counterfactual Baseline case,1.2207160003218296,Commercial
2032,ind,5-20,SRSG,Western Electricity Coordinating Council / Southwest,AEO2026 Counterfactual Baseline case,1.0351654828641177,Industrial
2032,ind,5-23,NWPP,Western Electricity Coordinating Council / Northwest Power Pool Area,AEO2026 Counterfactual Baseline case,1.0159146988910894,Industrial
2032,res,5-4,MISC,Midcontinent / Central,AEO2026 Counterfactual Baseline case,1.039178414238473,Residential
2032,trans,5-7,ISNE,Northeast Power Coordinating Council / New England,AEO2026 Counterfactual Baseline case,1.2479658394217774,Transportation
2032,trans,5-8,NYCW,Northeast Power Coordinating Council / New York City and Long Island,AEO2026 Counterfactual Baseline case,1.1140661555960385,Transportation
2032,trans,5-3,MISW,Midcontinent / West,AEO2026 Counterfactual Baseline case,0.9778065127684675,Transportation
2032,trans,5-6,MISS,Midcontinent / South,AEO2026 Counterfactual Baseline case,1.4542004787202991,Transportation
2032,trans,5-5,MISE,Midcontinent / East,AEO2026 Counterfactual Baseline case,0.933519485494244,Transportation
2032,trans,5-4,MISC,Midcontinent / Central,AEO2026 Counterfactual Baseline case,0.9453986620864219,Transportation
2032,trans,5-2,FRCC,Florida Reliability Coordinating Council,AEO2026 Counterfactual Baseline case,1.165702868584125,Transportation
2032,res,5-23,NWPP,Western Electricity Coordinating Council / Northwest Power Pool Area,AEO2026 Counterfactual Baseline case,1.1252090748964851,Residential
2032,res,5-20,SRSG,Western Electricity Coordinating Council / Southwest,AEO2026 Counterfactual Baseline case,1.1596074455327186,Residential
2032,res,5-24,RMRG,Western Electricity Coordinating Council / Rockies,AEO2026 Counterfactual Baseline case,1.158364301398747,Residential
2032,res,5-22,CASO,Western Electricity Coordinating Council / California South,AEO2026 Counterfactual Baseline case,1.118725344321434,Residential
2032,res,5-21,CANO,Western Electricity Coordinating Council / California North,AEO2026 Counterfactual Baseline case,1.1187235491384788,Residential
2032,res,5-25,BASN,Western Electricity Coordinating Council / Basin,AEO2026 Counterfactual Baseline case,1.1674989321029972,Residential
2032,res,5-1,TRE,Texas Reliability Entity,AEO2026 Counterfactual Baseline case,1.0482600593853462,Residential
2032,trans,5-9,NYUP,Northeast Power Coordinating Council / Upstate New York,AEO2026 Counterfactual Baseline case,1.114064855485766,Transportation
2032,res,5-17,SPPS,Southwest Power Pool / South,AEO2026 Counterfactual Baseline case,1.0525050154074966,Residential
2032,res,5-18,SPPC,Southwest Power Pool / Central,AEO2026 Counterfactual Baseline case,1.0091009555344719,Residential
2032,res,5-15,SRSE,SERC Reliability Corporation / Southeastern,AEO2026 Counterfactual Baseline case,1.0179689527641227,Residential
2032,res,5-14,SRCA,SERC Reliability Corporation / East,AEO2026 Counterfactual Baseline case,1.0436846300248979,Residential
2032,res,5-16,SRCE,SERC Reliability Corporation / Central,AEO2026 Counterfactual Baseline case,0.9605506984920479,Residential
2032,res,5-11,PJMW,PJM / West,AEO2026 Counterfactual Baseline case,1.0475436338111594,Residential
2032,res,5-10,PJME,PJM / East,AEO2026 Counterfactual Baseline case,1.0652673351156234,Residential
2032,res,5-13,PJMD,PJM / Dominion,AEO2026 Counterfactual Baseline case,1.0436845488145083,Residential
2032,res,5-12,PJMC,PJM / Commonwealth Edison,AEO2026 Counterfactual Baseline case,1.059384584308905,Residential
2032,res,5-9,NYUP,Northeast Power Coordinating Council / Upstate New York,AEO2026 Counterfactual Baseline case,1.0752813789124287,Residential
2032,res,5-7,ISNE,Northeast Power Coordinating Council / New England,AEO2026 Counterfactual Baseline case,1.0377154598810645,Residential
2032,res,5-8,NYCW,Northeast Power Coordinating Council / New York City and Long Island,AEO2026 Counterfactual Baseline case,1.0752814232755692,Residential
2032,res,5-3,MISW,Midcontinent / West,AEO2026 Counterfactual Baseline case,1.0273165919951368,Residential
2032,res,5-6,MISS,Midcontinent / South,AEO2026 Counterfactual Baseline case,1.0328650790832343,Residential
2032,res,5-5,MISE,Midcontinent / East,AEO2026 Counterfactual Baseline case,1.0593842561468996,Residential
2032,res,5-19,SPPN,Southwest Power Pool / North,AEO2026 Counterfactual Baseline case,1.0115910425268937,Residential
2032,trans,5-12,PJMC,PJM / Commonwealth Edison,AEO2026 Counterfactual Baseline case,0.9335174271411345,Transportation
2032,trans,5-13,PJMD,PJM / Dominion,AEO2026 Counterfactual Baseline case,1.1657004614488597,Transportation
2032,trans,5-10,PJME,PJM / East,AEO2026 Counterfactual Baseline case,1.11608534966422,Transportation
2032,trans,5-11,PJMW,PJM / West,AEO2026 Counterfactual Baseline case,1.034987313667595,Transportation
2032,trans,5-16,SRCE,SERC Reliability Corporation / Central,AEO2026 Counterfactual Baseline case,1.1093854004881296,Transportation
2032,trans,5-14,SRCA,SERC Reliability Corporation / East,AEO2026 Counterfactual Baseline case,1.1657006675786858,Transportation
2032,trans,5-15,SRSE,SERC Reliability Corporation / Southeastern,AEO2026 Counterfactual Baseline case,1.1649883491541966,Transportation
2032,trans,5-18,SPPC,Southwest Power Pool / Central,AEO2026 Counterfactual Baseline case,1.1865671641791045,Transportation
2032,trans,5-19,SPPN,Southwest Power Pool / North,AEO2026 Counterfactual Baseline case,1.1947222953408794,Transportation
2032,trans,5-17,SPPS,Southwest Power Pool / South,AEO2026 Counterfactual Baseline case,1.4375127124800233,Transportation
2032,trans,5-25,BASN,Western Electricity Coordinating Council / Basin,AEO2026 Counterfactual Baseline case,1.3601401651738978,Transportation
2032,trans,5-21,CANO,Western Electricity Coordinating Council / California North,AEO2026 Counterfactual Baseline case,1.1916625698882621,Transportation
2032,trans,5-22,CASO,Western Electricity Coordinating Council / California South,AEO2026 Counterfactual Baseline case,1.1916634189548272,Transportation
2032,trans,5-24,RMRG,Western Electricity Coordinating Council / Rockies,AEO2026 Counterfactual Baseline case,1.3600107126118686,Transportation
2032,trans,5-20,SRSG,Western Electricity Coordinating Council / Southwest,AEO2026 Counterfactual Baseline case,1.3361353751690361,Transportation
2032,trans,5-23,NWPP,Western Electricity Coordinating Council / Northwest Power Pool Area,AEO2026 Counterfactual Baseline case,1.1992223279872125,Transportation
2032,trans,5-1,TRE,Texas Reliability Entity,AEO2026 Counterfactual Baseline case,1.457385062673724,Transportation
2032,res,5-2,FRCC,Florida Reliability Coordinating Council,AEO2026 Counterfactual Baseline case,1.0436846051229245,Residential
2033,trans,5-20,SRSG,Western Electricity Coordinating Council / Southwest,AEO2026 Counterfactual Baseline case,1.3823812482487239,Transportation
2033,res,5-24,RMRG,Western Electricity Coordinating Council / Rockies,AEO2026 Counterfactual Baseline case,1.1857823401869378,Residential
2033,ind,5-12,PJMC,PJM / Commonwealth Edison,AEO2026 Counterfactual Baseline case,1.0111111848713805,Industrial
2033,ind,5-9,NYUP,Northeast Power Coordinating Council / Upstate New York,AEO2026 Counterfactual Baseline case,0.9436031298776787,Industrial
2033,ind,5-7,ISNE,Northeast Power Coordinating Council / New England,AEO2026 Counterfactual Baseline case,0.932220296388748,Industrial
2033,ind,5-8,NYCW,Northeast Power Coordinating Council / New York City and Long Island,AEO2026 Counterfactual Baseline case,0.9387881037042152,Industrial
2033,ind,5-3,MISW,Midcontinent / West,AEO2026 Counterfactual Baseline case,0.9831896720294334,Industrial
2033,ind,5-6,MISS,Midcontinent / South,AEO2026 Counterfactual Baseline case,1.0230691595531394,Industrial
2033,ind,5-5,MISE,Midcontinent / East,AEO2026 Counterfactual Baseline case,1.0111112297131255,Industrial
2033,ind,5-13,PJMD,PJM / Dominion,AEO2026 Counterfactual Baseline case,1.0357677199825754,Industrial
2033,ind,5-4,MISC,Midcontinent / Central,AEO2026 Counterfactual Baseline case,1.0091331682044684,Industrial
2033,com,5-23,NWPP,Western Electricity Coordinating Council / Northwest Power Pool Area,AEO2026 Counterfactual Baseline case,1.1787316970967394,Commercial
2033,com,5-20,SRSG,Western Electricity Coordinating Council / Southwest,AEO2026 Counterfactual Baseline case,1.2597641088595715,Commercial
2033,com,5-24,RMRG,Western Electricity Coordinating Council / Rockies,AEO2026 Counterfactual Baseline case,1.2523867675561244,Commercial
2033,com,5-22,CASO,Western Electricity Coordinating Council / California South,AEO2026 Counterfactual Baseline case,1.166160128050238,Commercial
2033,com,5-21,CANO,Western Electricity Coordinating Council / California North,AEO2026 Counterfactual Baseline case,1.1661600919325599,Commercial
2033,com,5-25,BASN,Western Electricity Coordinating Council / Basin,AEO2026 Counterfactual Baseline case,1.2643331618669422,Commercial
2033,com,5-1,TRE,Texas Reliability Entity,AEO2026 Counterfactual Baseline case,1.2772076615852572,Commercial
2033,ind,5-2,FRCC,Florida Reliability Coordinating Council,AEO2026 Counterfactual Baseline case,1.035767649494963,Industrial
2033,ind,5-10,PJME,PJM / East,AEO2026 Counterfactual Baseline case,0.9478124846992454,Industrial
2033,ind,5-11,PJMW,PJM / West,AEO2026 Counterfactual Baseline case,1.0086800250063408,Industrial
2033,ind,5-16,SRCE,SERC Reliability Corporation / Central,AEO2026 Counterfactual Baseline case,1.0502130812833914,Industrial
2033,res,5-3,MISW,Midcontinent / West,AEO2026 Counterfactual Baseline case,1.0371274732960851,Residential
2033,res,5-6,MISS,Midcontinent / South,AEO2026 Counterfactual Baseline case,1.045652508034739,Residential
2033,res,5-5,MISE,Midcontinent / East,AEO2026 Counterfactual Baseline case,1.0754594875087902,Residential
2033,res,5-4,MISC,Midcontinent / Central,AEO2026 Counterfactual Baseline case,1.051371552460531,Residential
2033,res,5-2,FRCC,Florida Reliability Coordinating Council,AEO2026 Counterfactual Baseline case,1.0580710332101964,Residential
2033,ind,5-23,NWPP,Western Electricity Coordinating Council / Northwest Power Pool Area,AEO2026 Counterfactual Baseline case,1.023023433500238,Industrial
2033,ind,5-20,SRSG,Western Electricity Coordinating Council / Southwest,AEO2026 Counterfactual Baseline case,1.0431010237744092,Industrial
2033,ind,5-24,RMRG,Western Electricity Coordinating Council / Rockies,AEO2026 Counterfactual Baseline case,1.040639523531336,Industrial
2033,ind,5-22,CASO,Western Electricity Coordinating Council / California South,AEO2026 Counterfactual Baseline case,1.0190831022907216,Industrial
2033,ind,5-21,CANO,Western Electricity Coordinating Council / California North,AEO2026 Counterfactual Baseline case,1.019083150023905,Industrial
2033,ind,5-25,BASN,Western Electricity Coordinating Council / Basin,AEO2026 Counterfactual Baseline case,1.0463945493665985,Industrial
2033,ind,5-1,TRE,Texas Reliability Entity,AEO2026 Counterfactual Baseline case,1.0214228772027838,Industrial
2033,ind,5-17,SPPS,Southwest Power Pool / South,AEO2026 Counterfactual Baseline case,1.0247429899388738,Industrial
2033,ind,5-19,SPPN,Southwest Power Pool / North,AEO2026 Counterfactual Baseline case,0.9702161878016672,Industrial
2033,ind,5-18,SPPC,Southwest Power Pool / Central,AEO2026 Counterfactual Baseline case,0.9691678221414602,Industrial
2033,ind,5-15,SRSE,SERC Reliability Corporation / Southeastern,AEO2026 Counterfactual Baseline case,1.0424672995292843,Industrial
2033,ind,5-14,SRCA,SERC Reliability Corporation / East,AEO2026 Counterfactual Baseline case,1.0357676243758214,Industrial
2033,com,5-17,SPPS,Southwest Power Pool / South,AEO2026 Counterfactual Baseline case,1.2763207800691414,Commercial
2033,res,5-8,NYCW,Northeast Power Coordinating Council / New York City and Long Island,AEO2026 Counterfactual Baseline case,1.0996985766772138,Residential
2033,com,5-19,SPPN,Southwest Power Pool / North,AEO2026 Counterfactual Baseline case,1.0780031594967379,Commercial
2033,com,5-15,SRSE,SERC Reliability Corporation / Southeastern,AEO2026 Counterfactual Baseline case,1.149142535006196,Commercial
2033,com,5-14,SRCA,SERC Reliability Corporation / East,AEO2026 Counterfactual Baseline case,1.1774729867672478,Commercial
2033,com,5-16,SRCE,SERC Reliability Corporation / Central,AEO2026 Counterfactual Baseline case,1.070672433211968,Commercial
2033,com,5-11,PJMW,PJM / West,AEO2026 Counterfactual Baseline case,1.1120400231180168,Commercial
2033,com,5-10,PJME,PJM / East,AEO2026 Counterfactual Baseline case,1.1365716666959722,Commercial
2033,com,5-13,PJMD,PJM / Dominion,AEO2026 Counterfactual Baseline case,1.1774732743266223,Commercial
2033,com,5-12,PJMC,PJM / Commonwealth Edison,AEO2026 Counterfactual Baseline case,1.097684645229521,Commercial
2033,com,5-9,NYUP,Northeast Power Coordinating Council / Upstate New York,AEO2026 Counterfactual Baseline case,1.1119557372085522,Commercial
2033,com,5-7,ISNE,Northeast Power Coordinating Council / New England,AEO2026 Counterfactual Baseline case,1.039433365640919,Commercial
2033,com,5-8,NYCW,Northeast Power Coordinating Council / New York City and Long Island,AEO2026 Counterfactual Baseline case,1.1119558503669307,Commercial
2033,com,5-3,MISW,Midcontinent / West,AEO2026 Counterfactual Baseline case,1.0817415411846447,Commercial
2033,com,5-6,MISS,Midcontinent / South,AEO2026 Counterfactual Baseline case,1.2454392149054732,Commercial
2033,com,5-5,MISE,Midcontinent / East,AEO2026 Counterfactual Baseline case,1.0976846759673906,Commercial
2033,com,5-4,MISC,Midcontinent / Central,AEO2026 Counterfactual Baseline case,1.0886391053183546,Commercial
2033,com,5-2,FRCC,Florida Reliability Coordinating Council,AEO2026 Counterfactual Baseline case,1.17747310889055,Commercial
2033,com,5-18,SPPC,Southwest Power Pool / Central,AEO2026 Counterfactual Baseline case,1.072703842709266,Commercial
2033,res,5-7,ISNE,Northeast Power Coordinating Council / New England,AEO2026 Counterfactual Baseline case,1.0609937085679906,Residential
2033,res,5-12,PJMC,PJM / Commonwealth Edison,AEO2026 Counterfactual Baseline case,1.0754598760984608,Residential
2033,res,5-9,NYUP,Northeast Power Coordinating Council / Upstate New York,AEO2026 Counterfactual Baseline case,1.0996985328735869,Residential
2033,trans,5-23,NWPP,Western Electricity Coordinating Council / Northwest Power Pool Area,AEO2026 Counterfactual Baseline case,1.2248034866526578,Transportation
2033,trans,5-22,CASO,Western Electricity Coordinating Council / California South,AEO2026 Counterfactual Baseline case,1.2160921169176262,Transportation
2033,res,5-23,NWPP,Western Electricity Coordinating Council / Northwest Power Pool Area,AEO2026 Counterfactual Baseline case,1.1548300267855434,Residential
2033,res,5-20,SRSG,Western Electricity Coordinating Council / Southwest,AEO2026 Counterfactual Baseline case,1.1877172295025917,Residential
2033,res,5-22,CASO,Western Electricity Coordinating Council / California South,AEO2026 Counterfactual Baseline case,1.148475077254908,Residential
2033,res,5-21,CANO,Western Electricity Coordinating Council / California North,AEO2026 Counterfactual Baseline case,1.1484732006208336,Residential
2033,res,5-25,BASN,Western Electricity Coordinating Council / Basin,AEO2026 Counterfactual Baseline case,1.1962804677737673,Residential
2033,res,5-1,TRE,Texas Reliability Entity,AEO2026 Counterfactual Baseline case,1.0638192849120576,Residential
2033,trans,5-2,FRCC,Florida Reliability Coordinating Council,AEO2026 Counterfactual Baseline case,1.1656057143581275,Transportation
2033,res,5-17,SPPS,Southwest Power Pool / South,AEO2026 Counterfactual Baseline case,1.0685330932714405,Residential
2033,res,5-18,SPPC,Southwest Power Pool / Central,AEO2026 Counterfactual Baseline case,1.0153549251072316,Residential
2033,res,5-15,SRSE,SERC Reliability Corporation / Southeastern,AEO2026 Counterfactual Baseline case,1.0278316743506057,Residential
2033,res,5-14,SRCA,SERC Reliability Corporation / East,AEO2026 Counterfactual Baseline case,1.058071157928234,Residential
2033,res,5-16,SRCE,SERC Reliability Corporation / Central,AEO2026 Counterfactual Baseline case,0.9603128650479501,Residential
2033,res,5-11,PJMW,PJM / West,AEO2026 Counterfactual Baseline case,1.0625854916288202,Residential
2033,res,5-10,PJME,PJM / East,AEO2026 Counterfactual Baseline case,1.0865053582662854,Residential
2033,res,5-13,PJMD,PJM / Dominion,AEO2026 Counterfactual Baseline case,1.0580711270699523,Residential
2033,res,5-19,SPPN,Southwest Power Pool / North,AEO2026 Counterfactual Baseline case,1.0181942277010303,Residential
2033,trans,5-4,MISC,Midcontinent / Central,AEO2026 Counterfactual Baseline case,0.930353338225545,Transportation
2033,trans,5-5,MISE,Midcontinent / East,AEO2026 Counterfactual Baseline case,0.9169270780831031,Transportation
2033,trans,5-6,MISS,Midcontinent / South,AEO2026 Counterfactual Baseline case,1.5084943662794095,Transportation
2033,trans,5-21,CANO,Western Electricity Coordinating Council / California North,AEO2026 Counterfactual Baseline case,1.2160932565638722,Transportation
2033,trans,5-25,BASN,Western Electricity Coordinating Council / Basin,AEO2026 Counterfactual Baseline case,1.410244852855647,Transportation
2033,trans,5-1,TRE,Texas Reliability Entity,AEO2026 Counterfactual Baseline case,1.5120714810594362,Transportation
2033,trans,5-17,SPPS,Southwest Power Pool / South,AEO2026 Counterfactual Baseline case,1.491355513584193,Transportation
2033,trans,5-19,SPPN,Southwest Power Pool / North,AEO2026 Counterfactual Baseline case,1.212555935772572,Transportation
2033,trans,5-18,SPPC,Southwest Power Pool / Central,AEO2026 Counterfactual Baseline case,1.2028291378926264,Transportation
2033,trans,5-15,SRSE,SERC Reliability Corporation / Southeastern,AEO2026 Counterfactual Baseline case,1.1649402335668084,Transportation
2033,trans,5-14,SRCA,SERC Reliability Corporation / East,AEO2026 Counterfactual Baseline case,1.1656039871028245,Transportation
2033,trans,5-16,SRCE,SERC Reliability Corporation / Central,AEO2026 Counterfactual Baseline case,1.1131573108497892,Transportation
2033,trans,5-11,PJMW,PJM / West,AEO2026 Counterfactual Baseline case,1.0330014684323483,Transportation
2033,trans,5-10,PJME,PJM / East,AEO2026 Counterfactual Baseline case,1.1275547452168457,Transportation
2033,trans,5-13,PJMD,PJM / Dominion,AEO2026 Counterfactual Baseline case,1.1656018995564716,Transportation
2033,trans,5-12,PJMC,PJM / Commonwealth Edison,AEO2026 Counterfactual Baseline case,0.9169228841827227,Transportation
2033,trans,5-9,NYUP,Northeast Power Coordinating Council / Upstate New York,AEO2026 Counterfactual Baseline case,1.126005278239165,Transportation
2033,trans,5-7,ISNE,Northeast Power Coordinating Council / New England,AEO2026 Counterfactual Baseline case,1.2684269288778327,Transportation
2033,trans,5-8,NYCW,Northeast Power Coordinating Council / New York City and Long Island,AEO2026 Counterfactual Baseline case,1.1260060354420391,Transportation
2033,trans,5-3,MISW,Midcontinent / West,AEO2026 Counterfactual Baseline case,0.9669570503474816,Transportation
2033,trans,5-24,RMRG,Western Electricity Coordinating Council / Rockies,AEO2026 Counterfactual Baseline case,1.409891311625416,Transportation
2034,trans,5-20,SRSG,Western Electricity Coordinating Council / Southwest,AEO2026 Counterfactual Baseline case,1.4345966887175177,Transportation
2034,trans,5-24,RMRG,Western Electricity Coordinating Council / Rockies,AEO2026 Counterfactual Baseline case,1.4664226571741024,Transportation
2034,trans,5-22,CASO,Western Electricity Coordinating Council / California South,AEO2026 Counterfactual Baseline case,1.2469831709477415,Transportation
2034,trans,5-21,CANO,Western Electricity Coordinating Council / California North,AEO2026 Counterfactual Baseline case,1.2469815769958257,Transportation
2034,trans,5-25,BASN,Western Electricity Coordinating Council / Basin,AEO2026 Counterfactual Baseline case,1.466398162149587,Transportation
2034,trans,5-1,TRE,Texas Reliability Entity,AEO2026 Counterfactual Baseline case,1.5646173015687068,Transportation
2034,trans,5-18,SPPC,Southwest Power Pool / Central,AEO2026 Counterfactual Baseline case,1.2473267988416128,Transportation
2034,trans,5-15,SRSE,SERC Reliability Corporation / Southeastern,AEO2026 Counterfactual Baseline case,1.1619020779060096,Transportation
2034,trans,5-14,SRCA,SERC Reliability Corporation / East,AEO2026 Counterfactual Baseline case,1.1625005438276768,Transportation
2034,trans,5-16,SRCE,SERC Reliability Corporation / Central,AEO2026 Counterfactual Baseline case,1.115154204570668,Transportation
2034,trans,5-11,PJMW,PJM / West,AEO2026 Counterfactual Baseline case,1.0300573162303677,Transportation
2034,trans,5-10,PJME,PJM / East,AEO2026 Counterfactual Baseline case,1.1408051902086118,Transportation
2034,trans,5-17,SPPS,Southwest Power Pool / South,AEO2026 Counterfactual Baseline case,1.5448205724248145,Transportation
2034,trans,5-13,PJMD,PJM / Dominion,AEO2026 Counterfactual Baseline case,1.1625016800322565,Transportation
2034,trans,5-12,PJMC,PJM / Commonwealth Edison,AEO2026 Counterfactual Baseline case,0.8966743053416786,Transportation
2034,trans,5-7,ISNE,Northeast Power Coordinating Council / New England,AEO2026 Counterfactual Baseline case,1.2923354161361722,Transportation
2034,res,5-11,PJMW,PJM / West,AEO2026 Counterfactual Baseline case,1.0807320475199103,Residential
2034,res,5-10,PJME,PJM / East,AEO2026 Counterfactual Baseline case,1.1089469645867245,Residential
2034,res,5-13,PJMD,PJM / Dominion,AEO2026 Counterfactual Baseline case,1.074877098582181,Residential
2034,res,5-12,PJMC,PJM / Commonwealth Edison,AEO2026 Counterfactual Baseline case,1.0953098741303589,Residential
2034,res,5-16,SRCE,SERC Reliability Corporation / Central,AEO2026 Counterfactual Baseline case,0.9640174540102311,Residential
2034,res,5-14,SRCA,SERC Reliability Corporation / East,AEO2026 Counterfactual Baseline case,1.0748771435803128,Residential
2034,res,5-15,SRSE,SERC Reliability Corporation / Southeastern,AEO2026 Counterfactual Baseline case,1.0405851360898455,Residential
2034,res,5-18,SPPC,Southwest Power Pool / Central,AEO2026 Counterfactual Baseline case,1.0259643670027407,Residential
2034,trans,5-8,NYCW,Northeast Power Coordinating Council / New York City and Long Island,AEO2026 Counterfactual Baseline case,1.1399233085812395,Transportation
2034,trans,5-3,MISW,Midcontinent / West,AEO2026 Counterfactual Baseline case,0.9580446239522746,Transportation
2034,trans,5-6,MISS,Midcontinent / South,AEO2026 Counterfactual Baseline case,1.5606865549652638,Transportation
2034,trans,5-5,MISE,Midcontinent / East,AEO2026 Counterfactual Baseline case,0.896675470252616,Transportation
2034,trans,5-4,MISC,Midcontinent / Central,AEO2026 Counterfactual Baseline case,0.913141969859721,Transportation
2034,trans,5-2,FRCC,Florida Reliability Coordinating Council,AEO2026 Counterfactual Baseline case,1.1625010032229857,Transportation
2034,res,5-23,NWPP,Western Electricity Coordinating Council / Northwest Power Pool Area,AEO2026 Counterfactual Baseline case,1.1795056757841667,Residential
2034,res,5-20,SRSG,Western Electricity Coordinating Council / Southwest,AEO2026 Counterfactual Baseline case,1.217337769831296,Residential
2034,res,5-24,RMRG,Western Electricity Coordinating Council / Rockies,AEO2026 Counterfactual Baseline case,1.2151578536274308,Residential
2034,res,5-22,CASO,Western Electricity Coordinating Council / California South,AEO2026 Counterfactual Baseline case,1.172254493594585,Residential
2034,res,5-21,CANO,Western Electricity Coordinating Council / California North,AEO2026 Counterfactual Baseline case,1.1722525138692907,Residential
2034,res,5-25,BASN,Western Electricity Coordinating Council / Basin,AEO2026 Counterfactual Baseline case,1.2267993822074363,Residential
2034,res,5-1,TRE,Texas Reliability Entity,AEO2026 Counterfactual Baseline case,1.081476036777138,Residential
2034,res,5-17,SPPS,Southwest Power Pool / South,AEO2026 Counterfactual Baseline case,1.0866482106489705,Residential
2034,res,5-19,SPPN,Southwest Power Pool / North,AEO2026 Counterfactual Baseline case,1.0291146648002156,Residential
2034,trans,5-9,NYUP,Northeast Power Coordinating Council / Upstate New York,AEO2026 Counterfactual Baseline case,1.1399227644550003,Transportation
2034,trans,5-19,SPPN,Southwest Power Pool / North,AEO2026 Counterfactual Baseline case,1.2575677809949986,Transportation
2034,res,5-7,ISNE,Northeast Power Coordinating Council / New England,AEO2026 Counterfactual Baseline case,1.0856572801787108,Residential
2034,res,5-9,NYUP,Northeast Power Coordinating Council / Upstate New York,AEO2026 Counterfactual Baseline case,1.1247547496320287,Residential
2034,ind,5-11,PJMW,PJM / West,AEO2026 Counterfactual Baseline case,1.0163179627130408,Industrial
2034,ind,5-10,PJME,PJM / East,AEO2026 Counterfactual Baseline case,0.9472585867195165,Industrial
2034,ind,5-13,PJMD,PJM / Dominion,AEO2026 Counterfactual Baseline case,1.0437596457996228,Industrial
2034,ind,5-12,PJMC,PJM / Commonwealth Edison,AEO2026 Counterfactual Baseline case,1.020753600908416,Industrial
2034,ind,5-9,NYUP,Northeast Power Coordinating Council / Upstate New York,AEO2026 Counterfactual Baseline case,0.9427074071589874,Industrial
2034,ind,5-7,ISNE,Northeast Power Coordinating Council / New England,AEO2026 Counterfactual Baseline case,0.9282140115794734,Industrial
2034,ind,5-8,NYCW,Northeast Power Coordinating Council / New York City and Long Island,AEO2026 Counterfactual Baseline case,0.9373597542030586,Industrial
2034,ind,5-3,MISW,Midcontinent / West,AEO2026 Counterfactual Baseline case,0.992630956445188,Industrial
2034,ind,5-6,MISS,Midcontinent / South,AEO2026 Counterfactual Baseline case,1.032437585348091,Industrial
2034,ind,5-5,MISE,Midcontinent / East,AEO2026 Counterfactual Baseline case,1.0207535734786921,Industrial
2034,ind,5-4,MISC,Midcontinent / Central,AEO2026 Counterfactual Baseline case,1.0185925375636267,Industrial
2034,com,5-23,NWPP,Western Electricity Coordinating Council / Northwest Power Pool Area,AEO2026 Counterfactual Baseline case,1.2176261860074367,Commercial
2034,com,5-20,SRSG,Western Electricity Coordinating Council / Southwest,AEO2026 Counterfactual Baseline case,1.3088537441214514,Commercial
2034,com,5-24,RMRG,Western Electricity Coordinating Council / Rockies,AEO2026 Counterfactual Baseline case,1.3018590646746244,Commercial
2034,ind,5-16,SRCE,SERC Reliability Corporation / Central,AEO2026 Counterfactual Baseline case,1.0584801548147575,Industrial
2034,ind,5-14,SRCA,SERC Reliability Corporation / East,AEO2026 Counterfactual Baseline case,1.043759519322085,Industrial
2034,ind,5-15,SRSE,SERC Reliability Corporation / Southeastern,AEO2026 Counterfactual Baseline case,1.0505868209232498,Industrial
2034,ind,5-18,SPPC,Southwest Power Pool / Central,AEO2026 Counterfactual Baseline case,0.9785061927012385,Industrial
2034,res,5-8,NYCW,Northeast Power Coordinating Council / New York City and Long Island,AEO2026 Counterfactual Baseline case,1.1247547465462624,Residential
2034,res,5-3,MISW,Midcontinent / West,AEO2026 Counterfactual Baseline case,1.0510846329074282,Residential
2034,res,5-6,MISS,Midcontinent / South,AEO2026 Counterfactual Baseline case,1.0608604971115718,Residential
2034,res,5-5,MISE,Midcontinent / East,AEO2026 Counterfactual Baseline case,1.095309312152432,Residential
2034,res,5-4,MISC,Midcontinent / Central,AEO2026 Counterfactual Baseline case,1.0675525252664775,Residential
2034,res,5-2,FRCC,Florida Reliability Coordinating Council,AEO2026 Counterfactual Baseline case,1.0748770800216303,Residential
2034,com,5-22,CASO,Western Electricity Coordinating Council / California South,AEO2026 Counterfactual Baseline case,1.2031900409110894,Commercial
2034,ind,5-23,NWPP,Western Electricity Coordinating Council / Northwest Power Pool Area,AEO2026 Counterfactual Baseline case,1.0604275104420269,Industrial
2034,ind,5-24,RMRG,Western Electricity Coordinating Council / Rockies,AEO2026 Counterfactual Baseline case,1.0770594652744931,Industrial
2034,ind,5-22,CASO,Western Electricity Coordinating Council / California South,AEO2026 Counterfactual Baseline case,1.0562717766719354,Industrial
2034,ind,5-21,CANO,Western Electricity Coordinating Council / California North,AEO2026 Counterfactual Baseline case,1.0562718110781832,Industrial
2034,ind,5-25,BASN,Western Electricity Coordinating Council / Basin,AEO2026 Counterfactual Baseline case,1.0862512192145928,Industrial
2034,ind,5-1,TRE,Texas Reliability Entity,AEO2026 Counterfactual Baseline case,1.0308578482894521,Industrial
2034,ind,5-17,SPPS,Southwest Power Pool / South,AEO2026 Counterfactual Baseline case,1.038029048594178,Industrial
2034,ind,5-19,SPPN,Southwest Power Pool / North,AEO2026 Counterfactual Baseline case,0.9799519907457129,Industrial
2034,ind,5-20,SRSG,Western Electricity Coordinating Council / Southwest,AEO2026 Counterfactual Baseline case,1.0801296953899913,Industrial
2034,com,5-21,CANO,Western Electricity Coordinating Council / California North,AEO2026 Counterfactual Baseline case,1.2031900146776187,Commercial
2034,com,5-25,BASN,Western Electricity Coordinating Council / Basin,AEO2026 Counterfactual Baseline case,1.3159247522100506,Commercial
2034,com,5-1,TRE,Texas Reliability Entity,AEO2026 Counterfactual Baseline case,1.3055223248069576,Commercial
2034,com,5-4,MISC,Midcontinent / Central,AEO2026 Counterfactual Baseline case,1.107714076340047,Commercial
2034,com,5-17,SPPS,Southwest Power Pool / South,AEO2026 Counterfactual Baseline case,1.306333821033781,Commercial
2034,com,5-19,SPPN,Southwest Power Pool / North,AEO2026 Counterfactual Baseline case,1.0968075812041986,Commercial
2034,com,5-18,SPPC,Southwest Power Pool / Central,AEO2026 Counterfactual Baseline case,1.0905427446733178,Commercial
2034,com,5-15,SRSE,SERC Reliability Corporation / Southeastern,AEO2026 Counterfactual Baseline case,1.1775742981375956,Commercial
2034,com,5-14,SRCA,SERC Reliability Corporation / East,AEO2026 Counterfactual Baseline case,1.2096959653195931,Commercial
2034,com,5-16,SRCE,SERC Reliability Corporation / Central,AEO2026 Counterfactual Baseline case,1.0886039427825085,Commercial
2034,com,5-11,PJMW,PJM / West,AEO2026 Counterfactual Baseline case,1.1350632067133237,Commercial
2034,com,5-2,FRCC,Florida Reliability Coordinating Council,AEO2026 Counterfactual Baseline case,1.2096960426427081,Commercial
2034,com,5-10,PJME,PJM / East,AEO2026 Counterfactual Baseline case,1.1671282008351507,Commercial
2034,com,5-12,PJMC,PJM / Commonwealth Edison,AEO2026 Counterfactual Baseline case,1.1174544253959502,Commercial
2034,com,5-9,NYUP,Northeast Power Coordinating Council / Upstate New York,AEO2026 Counterfactual Baseline case,1.1415094333651812,Commercial
2034,com,5-7,ISNE,Northeast Power Coordinating Council / New England,AEO2026 Counterfactual Baseline case,1.060639569721722,Commercial
2034,com,5-8,NYCW,Northeast Power Coordinating Council / New York City and Long Island,AEO2026 Counterfactual Baseline case,1.1415094994893134,Commercial
2034,com,5-3,MISW,Midcontinent / West,AEO2026 Counterfactual Baseline case,1.1002818676785076,Commercial
2034,com,5-6,MISS,Midcontinent / South,AEO2026 Counterfactual Baseline case,1.2721404281490316,Commercial
2034,com,5-5,MISE,Midcontinent / East,AEO2026 Counterfactual Baseline case,1.1174544494493923,Commercial
2034,com,5-13,PJMD,PJM / Dominion,AEO2026 Counterfactual Baseline case,1.2096961033736824,Commercial
2034,trans,5-23,NWPP,Western Electricity Coordinating Council / Northwest Power Pool Area,AEO2026 Counterfactual Baseline case,1.2568263318905393,Transportation
2034,ind,5-2,FRCC,Florida Reliability Coordinating Council,AEO2026 Counterfactual Baseline case,1.0437595284609689,Industrial
2035,res,5-14,SRCA,SERC Reliability Corporation / East,AEO2026 Counterfactual Baseline case,1.0931099069175103,Residential
2035,res,5-16,SRCE,SERC Reliability Corporation / Central,AEO2026 Counterfactual Baseline case,0.9700963819316293,Residential
2035,res,5-11,PJMW,PJM / West,AEO2026 Counterfactual Baseline case,1.1001511688459698,Residential
2035,res,5-10,PJME,PJM / East,AEO2026 Counterfactual Baseline case,1.1313808717558465,Residential
2035,res,5-13,PJMD,PJM / Dominion,AEO2026 Counterfactual Baseline case,1.0931098232634648,Residential
2035,res,5-12,PJMC,PJM / Commonwealth Edison,AEO2026 Counterfactual Baseline case,1.116609404109184,Residential
2035,res,5-9,NYUP,Northeast Power Coordinating Council / Upstate New York,AEO2026 Counterfactual Baseline case,1.1491379829851898,Residential
2035,res,5-7,ISNE,Northeast Power Coordinating Council / New England,AEO2026 Counterfactual Baseline case,1.1107838465819087,Residential
2035,res,5-8,NYCW,Northeast Power Coordinating Council / New York City and Long Island,AEO2026 Counterfactual Baseline case,1.1491380339882353,Residential
2035,res,5-3,MISW,Midcontinent / West,AEO2026 Counterfactual Baseline case,1.0673920173275981,Residential
2035,res,5-6,MISS,Midcontinent / South,AEO2026 Counterfactual Baseline case,1.0778566018740956,Residential
2035,res,5-5,MISE,Midcontinent / East,AEO2026 Counterfactual Baseline case,1.1166088512246972,Residential
2035,res,5-4,MISC,Midcontinent / Central,AEO2026 Counterfactual Baseline case,1.0857103285636691,Residential
2035,res,5-2,FRCC,Florida Reliability Coordinating Council,AEO2026 Counterfactual Baseline case,1.0931098706731674,Residential
2035,res,5-15,SRSE,SERC Reliability Corporation / Southeastern,AEO2026 Counterfactual Baseline case,1.0550583162062392,Residential
2035,ind,5-23,NWPP,Western Electricity Coordinating Council / Northwest Power Pool Area,AEO2026 Counterfactual Baseline case,1.0832017349283853,Industrial
2035,ind,5-24,RMRG,Western Electricity Coordinating Council / Rockies,AEO2026 Counterfactual Baseline case,1.0995105578554574,Industrial
2035,ind,5-22,CASO,Western Electricity Coordinating Council / California South,AEO2026 Counterfactual Baseline case,1.0789305680537422,Industrial
2035,ind,5-21,CANO,Western Electricity Coordinating Council / California North,AEO2026 Counterfactual Baseline case,1.0789306720794691,Industrial
2035,ind,5-25,BASN,Western Electricity Coordinating Council / Basin,AEO2026 Counterfactual Baseline case,1.108535796599231,Industrial
2035,ind,5-1,TRE,Texas Reliability Entity,AEO2026 Counterfactual Baseline case,1.0418796206877277,Industrial
2035,ind,5-17,SPPS,Southwest Power Pool / South,AEO2026 Counterfactual Baseline case,1.0506886966421964,Industrial
2035,ind,5-19,SPPN,Southwest Power Pool / North,AEO2026 Counterfactual Baseline case,0.9905026019264996,Industrial
2035,ind,5-18,SPPC,Southwest Power Pool / Central,AEO2026 Counterfactual Baseline case,0.9888797760801077,Industrial
2035,ind,5-15,SRSE,SERC Reliability Corporation / Southeastern,AEO2026 Counterfactual Baseline case,1.0601508098597727,Industrial
2035,ind,5-14,SRCA,SERC Reliability Corporation / East,AEO2026 Counterfactual Baseline case,1.0538502902760645,Industrial
2035,ind,5-16,SRCE,SERC Reliability Corporation / Central,AEO2026 Counterfactual Baseline case,1.0674350906491339,Industrial
2035,ind,5-11,PJMW,PJM / West,AEO2026 Counterfactual Baseline case,1.0253873790360304,Industrial
2035,ind,5-10,PJME,PJM / East,AEO2026 Counterfactual Baseline case,0.9481148532006151,Industrial
2035,ind,5-13,PJMD,PJM / Dominion,AEO2026 Counterfactual Baseline case,1.0538504022916295,Industrial
2035,ind,5-20,SRSG,Western Electricity Coordinating Council / Southwest,AEO2026 Counterfactual Baseline case,1.102873362903912,Industrial
2035,ind,5-12,PJMC,PJM / Commonwealth Edison,AEO2026 Counterfactual Baseline case,1.031711787570424,Industrial
2035,res,5-18,SPPC,Southwest Power Pool / Central,AEO2026 Counterfactual Baseline case,1.0394356423968023,Residential
2035,res,5-17,SPPS,Southwest Power Pool / South,AEO2026 Counterfactual Baseline case,1.106441459139053,Residential
2035,trans,5-24,RMRG,Western Electricity Coordinating Council / Rockies,AEO2026 Counterfactual Baseline case,1.5136474211618718,Transportation
2035,trans,5-22,CASO,Western Electricity Coordinating Council / California South,AEO2026 Counterfactual Baseline case,1.2696616474756421,Transportation
2035,trans,5-21,CANO,Western Electricity Coordinating Council / California North,AEO2026 Counterfactual Baseline case,1.269662453234233,Transportation
2035,trans,5-25,BASN,Western Electricity Coordinating Council / Basin,AEO2026 Counterfactual Baseline case,1.5132895195998604,Transportation
2035,trans,5-1,TRE,Texas Reliability Entity,AEO2026 Counterfactual Baseline case,1.6214443178308608,Transportation
2035,trans,5-17,SPPS,Southwest Power Pool / South,AEO2026 Counterfactual Baseline case,1.599680371930844,Transportation
2035,trans,5-19,SPPN,Southwest Power Pool / North,AEO2026 Counterfactual Baseline case,1.2928402211108188,Transportation
2035,trans,5-18,SPPC,Southwest Power Pool / Central,AEO2026 Counterfactual Baseline case,1.2820227222098461,Transportation
2035,trans,5-15,SRSE,SERC Reliability Corporation / Southeastern,AEO2026 Counterfactual Baseline case,1.1588982905219167,Transportation
2035,trans,5-14,SRCA,SERC Reliability Corporation / East,AEO2026 Counterfactual Baseline case,1.1594357727428735,Transportation
2035,trans,5-16,SRCE,SERC Reliability Corporation / Central,AEO2026 Counterfactual Baseline case,1.116929221211449,Transportation
2035,trans,5-11,PJMW,PJM / West,AEO2026 Counterfactual Baseline case,1.0301982080024097,Transportation
2035,trans,5-10,PJME,PJM / East,AEO2026 Counterfactual Baseline case,1.149255298365017,Transportation
2035,trans,5-13,PJMD,PJM / Dominion,AEO2026 Counterfactual Baseline case,1.159437301196183,Transportation
2035,res,5-19,SPPN,Southwest Power Pool / North,AEO2026 Counterfactual Baseline case,1.0428860628075765,Residential
2035,trans,5-12,PJMC,PJM / Commonwealth Edison,AEO2026 Counterfactual Baseline case,0.8882856829654069,Transportation
2035,trans,5-7,ISNE,Northeast Power Coordinating Council / New England,AEO2026 Counterfactual Baseline case,1.3080445811215793,Transportation
2035,trans,5-8,NYCW,Northeast Power Coordinating Council / New York City and Long Island,AEO2026 Counterfactual Baseline case,1.1488408437289044,Transportation
2035,trans,5-3,MISW,Midcontinent / West,AEO2026 Counterfactual Baseline case,0.9571997465367753,Transportation
2035,trans,5-6,MISS,Midcontinent / South,AEO2026 Counterfactual Baseline case,1.6171113316597583,Transportation
2035,trans,5-5,MISE,Midcontinent / East,AEO2026 Counterfactual Baseline case,0.8882885425697064,Transportation
2035,trans,5-4,MISC,Midcontinent / Central,AEO2026 Counterfactual Baseline case,0.9067750043427242,Transportation
2035,trans,5-2,FRCC,Florida Reliability Coordinating Council,AEO2026 Counterfactual Baseline case,1.1594385330556694,Transportation
2035,res,5-23,NWPP,Western Electricity Coordinating Council / Northwest Power Pool Area,AEO2026 Counterfactual Baseline case,1.200840682189751,Residential
2035,res,5-20,SRSG,Western Electricity Coordinating Council / Southwest,AEO2026 Counterfactual Baseline case,1.248796199277999,Residential
2035,res,5-24,RMRG,Western Electricity Coordinating Council / Rockies,AEO2026 Counterfactual Baseline case,1.246689868181108,Residential
2035,res,5-22,CASO,Western Electricity Coordinating Council / California South,AEO2026 Counterfactual Baseline case,1.1918660284506066,Residential
2035,res,5-21,CANO,Western Electricity Coordinating Council / California North,AEO2026 Counterfactual Baseline case,1.191863589537445,Residential
2035,res,5-25,BASN,Western Electricity Coordinating Council / Basin,AEO2026 Counterfactual Baseline case,1.259375878064326,Residential
2035,res,5-1,TRE,Texas Reliability Entity,AEO2026 Counterfactual Baseline case,1.1007951193196897,Residential
2035,trans,5-9,NYUP,Northeast Power Coordinating Council / Upstate New York,AEO2026 Counterfactual Baseline case,1.1488416619299522,Transportation
2035,ind,5-9,NYUP,Northeast Power Coordinating Council / Upstate New York,AEO2026 Counterfactual Baseline case,0.9391398846859663,Industrial
2035,ind,5-8,NYCW,Northeast Power Coordinating Council / New York City and Long Island,AEO2026 Counterfactual Baseline case,0.9372691338419581,Industrial
2035,ind,5-7,ISNE,Northeast Power Coordinating Council / New England,AEO2026 Counterfactual Baseline case,0.9280745843225692,Industrial
2035,ind,5-3,MISW,Midcontinent / West,AEO2026 Counterfactual Baseline case,1.0031963261873258,Industrial
2035,ind,5-6,MISS,Midcontinent / South,AEO2026 Counterfactual Baseline case,1.043341192810782,Industrial
2035,ind,5-5,MISE,Midcontinent / East,AEO2026 Counterfactual Baseline case,1.031711846127328,Industrial
2035,ind,5-4,MISC,Midcontinent / Central,AEO2026 Counterfactual Baseline case,1.0292627498606899,Industrial
2035,ind,5-2,FRCC,Florida Reliability Coordinating Council,AEO2026 Counterfactual Baseline case,1.0538502681003483,Industrial
2035,com,5-23,NWPP,Western Electricity Coordinating Council / Northwest Power Pool Area,AEO2026 Counterfactual Baseline case,1.2570150988231532,Commercial
2035,com,5-20,SRSG,Western Electricity Coordinating Council / Southwest,AEO2026 Counterfactual Baseline case,1.3594902106841367,Commercial
2035,com,5-24,RMRG,Western Electricity Coordinating Council / Rockies,AEO2026 Counterfactual Baseline case,1.3529993634809725,Commercial
2035,com,5-22,CASO,Western Electricity Coordinating Council / California South,AEO2026 Counterfactual Baseline case,1.2405464938941357,Commercial
2035,com,5-21,CANO,Western Electricity Coordinating Council / California North,AEO2026 Counterfactual Baseline case,1.2405464697171054,Commercial
2035,com,5-25,BASN,Western Electricity Coordinating Council / Basin,AEO2026 Counterfactual Baseline case,1.3691532530707051,Commercial
2035,com,5-1,TRE,Texas Reliability Entity,AEO2026 Counterfactual Baseline case,1.335249014540167,Commercial
2035,com,5-17,SPPS,Southwest Power Pool / South,AEO2026 Counterfactual Baseline case,1.337776005357805,Commercial
2035,com,5-19,SPPN,Southwest Power Pool / North,AEO2026 Counterfactual Baseline case,1.117593338004617,Commercial
2035,com,5-18,SPPC,Southwest Power Pool / Central,AEO2026 Counterfactual Baseline case,1.11037217420282,Commercial
2035,com,5-14,SRCA,SERC Reliability Corporation / East,AEO2026 Counterfactual Baseline case,1.2432280727902483,Commercial
2035,com,5-16,SRCE,SERC Reliability Corporation / Central,AEO2026 Counterfactual Baseline case,1.1073636078715436,Commercial
2035,com,5-11,PJMW,PJM / West,AEO2026 Counterfactual Baseline case,1.159359986077223,Commercial
2035,com,5-10,PJME,PJM / East,AEO2026 Counterfactual Baseline case,1.198744368643724,Commercial
2035,com,5-13,PJMD,PJM / Dominion,AEO2026 Counterfactual Baseline case,1.2432281462961405,Commercial
2035,com,5-12,PJMC,PJM / Commonwealth Edison,AEO2026 Counterfactual Baseline case,1.1385948909590047,Commercial
2035,com,5-9,NYUP,Northeast Power Coordinating Council / Upstate New York,AEO2026 Counterfactual Baseline case,1.1719723966094366,Commercial
2035,com,5-7,ISNE,Northeast Power Coordinating Council / New England,AEO2026 Counterfactual Baseline case,1.083726206807351,Commercial
2035,com,5-8,NYCW,Northeast Power Coordinating Council / New York City and Long Island,AEO2026 Counterfactual Baseline case,1.1719724193315486,Commercial
2035,com,5-3,MISW,Midcontinent / West,AEO2026 Counterfactual Baseline case,1.1205847105081252,Commercial
2035,com,5-6,MISS,Midcontinent / South,AEO2026 Counterfactual Baseline case,1.3001637018015897,Commercial
2035,com,5-5,MISE,Midcontinent / East,AEO2026 Counterfactual Baseline case,1.138594875563563,Commercial
2035,com,5-4,MISC,Midcontinent / Central,AEO2026 Counterfactual Baseline case,1.1283625730994153,Commercial
2035,com,5-2,FRCC,Florida Reliability Coordinating Council,AEO2026 Counterfactual Baseline case,1.243228151377197,Commercial
2035,com,5-15,SRSE,SERC Reliability Corporation / Southeastern,AEO2026 Counterfactual Baseline case,1.2071877457905964,Commercial
2035,trans,5-20,SRSG,Western Electricity Coordinating Council / Southwest,AEO2026 Counterfactual Baseline case,1.4779674232179623,Transportation
2035,trans,5-23,NWPP,Western Electricity Coordinating Council / Northwest Power Pool Area,AEO2026 Counterfactual Baseline case,1.280590527847124,Transportation
2036,trans,5-23,NWPP,Western Electricity Coordinating Council / Northwest Power Pool Area,AEO2026 Counterfactual Baseline case,1.30456126486946,Transportation
2036,trans,5-20,SRSG,Western Electricity Coordinating Council / Southwest,AEO2026 Counterfactual Baseline case,1.519559470292265,Transportation
2036,ind,5-5,MISE,Midcontinent / East,AEO2026 Counterfactual Baseline case,1.0439854546489618,Industrial
2036,ind,5-6,MISS,Midcontinent / South,AEO2026 Counterfactual Baseline case,1.0539102837339605,Industrial
2036,ind,5-3,MISW,Midcontinent / West,AEO2026 Counterfactual Baseline case,1.0159774147542544,Industrial
2036,ind,5-8,NYCW,Northeast Power Coordinating Council / New York City and Long Island,AEO2026 Counterfactual Baseline case,0.9386241240031761,Industrial
2036,ind,5-7,ISNE,Northeast Power Coordinating Council / New England,AEO2026 Counterfactual Baseline case,0.9289706094882629,Industrial
2036,ind,5-9,NYUP,Northeast Power Coordinating Council / Upstate New York,AEO2026 Counterfactual Baseline case,0.9386238921528941,Industrial
2036,ind,5-12,PJMC,PJM / Commonwealth Edison,AEO2026 Counterfactual Baseline case,1.0439854653448049,Industrial
2036,ind,5-13,PJMD,PJM / Dominion,AEO2026 Counterfactual Baseline case,1.0663771533229458,Industrial
2036,ind,5-10,PJME,PJM / East,AEO2026 Counterfactual Baseline case,0.9505096825307733,Industrial
2036,ind,5-11,PJMW,PJM / West,AEO2026 Counterfactual Baseline case,1.0361758686707578,Industrial
2036,ind,5-16,SRCE,SERC Reliability Corporation / Central,AEO2026 Counterfactual Baseline case,1.079881311292476,Industrial
2036,ind,5-14,SRCA,SERC Reliability Corporation / East,AEO2026 Counterfactual Baseline case,1.0663770569727113,Industrial
2036,ind,5-15,SRSE,SERC Reliability Corporation / Southeastern,AEO2026 Counterfactual Baseline case,1.0726401171236655,Industrial
2036,ind,5-18,SPPC,Southwest Power Pool / Central,AEO2026 Counterfactual Baseline case,1.0019157224407826,Industrial
2036,ind,5-19,SPPN,Southwest Power Pool / North,AEO2026 Counterfactual Baseline case,1.0037476740603295,Industrial
2036,ind,5-17,SPPS,Southwest Power Pool / South,AEO2026 Counterfactual Baseline case,1.0635170583034088,Industrial
2036,ind,5-1,TRE,Texas Reliability Entity,AEO2026 Counterfactual Baseline case,1.0523355095359574,Industrial
2036,ind,5-25,BASN,Western Electricity Coordinating Council / Basin,AEO2026 Counterfactual Baseline case,1.1370104175462472,Industrial
2036,ind,5-21,CANO,Western Electricity Coordinating Council / California North,AEO2026 Counterfactual Baseline case,1.106780324948354,Industrial
2036,ind,5-22,CASO,Western Electricity Coordinating Council / California South,AEO2026 Counterfactual Baseline case,1.1067801875306233,Industrial
2036,ind,5-24,RMRG,Western Electricity Coordinating Council / Rockies,AEO2026 Counterfactual Baseline case,1.1267936481622545,Industrial
2036,ind,5-4,MISC,Midcontinent / Central,AEO2026 Counterfactual Baseline case,1.0416612905306377,Industrial
2036,ind,5-20,SRSG,Western Electricity Coordinating Council / Southwest,AEO2026 Counterfactual Baseline case,1.1303506624276571,Industrial
2036,ind,5-2,FRCC,Florida Reliability Coordinating Council,AEO2026 Counterfactual Baseline case,1.0663770862150057,Industrial
2036,com,5-20,SRSG,Western Electricity Coordinating Council / Southwest,AEO2026 Counterfactual Baseline case,1.4103337555001008,Commercial
2036,com,5-5,MISE,Midcontinent / East,AEO2026 Counterfactual Baseline case,1.1598262245808677,Commercial
2036,com,5-6,MISS,Midcontinent / South,AEO2026 Counterfactual Baseline case,1.327597390315208,Commercial
2036,com,5-3,MISW,Midcontinent / West,AEO2026 Counterfactual Baseline case,1.141247214161967,Commercial
2036,com,5-8,NYCW,Northeast Power Coordinating Council / New York City and Long Island,AEO2026 Counterfactual Baseline case,1.198321519373961,Commercial
2036,com,5-7,ISNE,Northeast Power Coordinating Council / New England,AEO2026 Counterfactual Baseline case,1.1072623104469872,Commercial
2036,com,5-9,NYUP,Northeast Power Coordinating Council / Upstate New York,AEO2026 Counterfactual Baseline case,1.1983214270705327,Commercial
2036,com,5-12,PJMC,PJM / Commonwealth Edison,AEO2026 Counterfactual Baseline case,1.1598264001352339,Commercial
2036,com,5-13,PJMD,PJM / Dominion,AEO2026 Counterfactual Baseline case,1.2765323728031195,Commercial
2036,com,5-10,PJME,PJM / East,AEO2026 Counterfactual Baseline case,1.227706417670325,Commercial
2036,com,5-11,PJMW,PJM / West,AEO2026 Counterfactual Baseline case,1.1832167550945265,Commercial
2036,com,5-16,SRCE,SERC Reliability Corporation / Central,AEO2026 Counterfactual Baseline case,1.12635972205648,Commercial
2036,com,5-14,SRCA,SERC Reliability Corporation / East,AEO2026 Counterfactual Baseline case,1.276532238895952,Commercial
2036,com,5-15,SRSE,SERC Reliability Corporation / Southeastern,AEO2026 Counterfactual Baseline case,1.2366965738437556,Commercial
2036,com,5-18,SPPC,Southwest Power Pool / Central,AEO2026 Counterfactual Baseline case,1.1307167975340013,Commercial
2036,com,5-19,SPPN,Southwest Power Pool / North,AEO2026 Counterfactual Baseline case,1.138888323331474,Commercial
2036,com,5-17,SPPS,Southwest Power Pool / South,AEO2026 Counterfactual Baseline case,1.3685507538809647,Commercial
2036,com,5-1,TRE,Texas Reliability Entity,AEO2026 Counterfactual Baseline case,1.3642360719606088,Commercial
2036,com,5-25,BASN,Western Electricity Coordinating Council / Basin,AEO2026 Counterfactual Baseline case,1.4226373632365266,Commercial
2036,com,5-21,CANO,Western Electricity Coordinating Council / California North,AEO2026 Counterfactual Baseline case,1.2785690798796046,Commercial
2036,com,5-22,CASO,Western Electricity Coordinating Council / California South,AEO2026 Counterfactual Baseline case,1.2785691219480073,Commercial
2036,com,5-24,RMRG,Western Electricity Coordinating Council / Rockies,AEO2026 Counterfactual Baseline case,1.4044106119880133,Commercial
2036,com,5-23,NWPP,Western Electricity Coordinating Council / Northwest Power Pool Area,AEO2026 Counterfactual Baseline case,1.2970179034272422,Commercial
2036,com,5-4,MISC,Midcontinent / Central,AEO2026 Counterfactual Baseline case,1.1492494690941628,Commercial
2036,ind,5-23,NWPP,Western Electricity Coordinating Council / Northwest Power Pool Area,AEO2026 Counterfactual Baseline case,1.1111415910964695,Industrial
2036,res,5-4,MISC,Midcontinent / Central,AEO2026 Counterfactual Baseline case,1.1039847687472806,Residential
2036,trans,5-5,MISE,Midcontinent / East,AEO2026 Counterfactual Baseline case,0.8778653656176286,Transportation
2036,trans,5-6,MISS,Midcontinent / South,AEO2026 Counterfactual Baseline case,1.6662677330842433,Transportation
2036,trans,5-3,MISW,Midcontinent / West,AEO2026 Counterfactual Baseline case,0.9546702659818351,Transportation
2036,trans,5-8,NYCW,Northeast Power Coordinating Council / New York City and Long Island,AEO2026 Counterfactual Baseline case,1.1570309200812534,Transportation
2036,trans,5-7,ISNE,Northeast Power Coordinating Council / New England,AEO2026 Counterfactual Baseline case,1.3228683916714001,Transportation
2036,trans,5-9,NYUP,Northeast Power Coordinating Council / Upstate New York,AEO2026 Counterfactual Baseline case,1.1570308669033074,Transportation
2036,trans,5-12,PJMC,PJM / Commonwealth Edison,AEO2026 Counterfactual Baseline case,0.8778612405973827,Transportation
2036,trans,5-13,PJMD,PJM / Dominion,AEO2026 Counterfactual Baseline case,1.176461628063259,Transportation
2036,trans,5-10,PJME,PJM / East,AEO2026 Counterfactual Baseline case,1.1577909142125147,Transportation
2036,trans,5-11,PJMW,PJM / West,AEO2026 Counterfactual Baseline case,1.0304848498834607,Transportation
2036,trans,5-16,SRCE,SERC Reliability Corporation / Central,AEO2026 Counterfactual Baseline case,1.128244952296428,Transportation
2036,trans,5-14,SRCA,SERC Reliability Corporation / East,AEO2026 Counterfactual Baseline case,1.1764563705182558,Transportation
2036,trans,5-15,SRSE,SERC Reliability Corporation / Southeastern,AEO2026 Counterfactual Baseline case,1.1758487245932514,Transportation
2036,trans,5-18,SPPC,Southwest Power Pool / Central,AEO2026 Counterfactual Baseline case,1.31666295388728,Transportation
2036,trans,5-19,SPPN,Southwest Power Pool / North,AEO2026 Counterfactual Baseline case,1.3280468544353778,Transportation
2036,trans,5-17,SPPS,Southwest Power Pool / South,AEO2026 Counterfactual Baseline case,1.6483219526369315,Transportation
2036,trans,5-1,TRE,Texas Reliability Entity,AEO2026 Counterfactual Baseline case,1.6709656119873484,Transportation
2036,trans,5-25,BASN,Western Electricity Coordinating Council / Basin,AEO2026 Counterfactual Baseline case,1.5581598231941374,Transportation
2036,trans,5-21,CANO,Western Electricity Coordinating Council / California North,AEO2026 Counterfactual Baseline case,1.2926516294068142,Transportation
2036,trans,5-22,CASO,Western Electricity Coordinating Council / California South,AEO2026 Counterfactual Baseline case,1.292651904340124,Transportation
2036,trans,5-24,RMRG,Western Electricity Coordinating Council / Rockies,AEO2026 Counterfactual Baseline case,1.558818934541478,Transportation
2036,trans,5-4,MISC,Midcontinent / Central,AEO2026 Counterfactual Baseline case,0.8984653344252183,Transportation
2036,res,5-2,FRCC,Florida Reliability Coordinating Council,AEO2026 Counterfactual Baseline case,1.1108726586819602,Residential
2036,trans,5-2,FRCC,Florida Reliability Coordinating Council,AEO2026 Counterfactual Baseline case,1.176457418992384,Transportation
2036,res,5-20,SRSG,Western Electricity Coordinating Council / Southwest,AEO2026 Counterfactual Baseline case,1.279233673398153,Residential
2036,res,5-5,MISE,Midcontinent / East,AEO2026 Counterfactual Baseline case,1.137425737486532,Residential
2036,res,5-6,MISS,Midcontinent / South,AEO2026 Counterfactual Baseline case,1.0937292933593605,Residential
2036,res,5-3,MISW,Midcontinent / West,AEO2026 Counterfactual Baseline case,1.0842259168405302,Residential
2036,res,5-8,NYCW,Northeast Power Coordinating Council / New York City and Long Island,AEO2026 Counterfactual Baseline case,1.1703722349278367,Residential
2036,res,5-7,ISNE,Northeast Power Coordinating Council / New England,AEO2026 Counterfactual Baseline case,1.1343450619576658,Residential
2036,res,5-9,NYUP,Northeast Power Coordinating Council / Upstate New York,AEO2026 Counterfactual Baseline case,1.1703721378530594,Residential
2036,res,5-12,PJMC,PJM / Commonwealth Edison,AEO2026 Counterfactual Baseline case,1.1374265003156685,Residential
2036,res,5-13,PJMD,PJM / Dominion,AEO2026 Counterfactual Baseline case,1.110872545279867,Residential
2036,res,5-10,PJME,PJM / East,AEO2026 Counterfactual Baseline case,1.1515148289846977,Residential
2036,res,5-11,PJMW,PJM / West,AEO2026 Counterfactual Baseline case,1.118901966648935,Residential
2036,res,5-16,SRCE,SERC Reliability Corporation / Central,AEO2026 Counterfactual Baseline case,0.9771149980952598,Residential
2036,res,5-14,SRCA,SERC Reliability Corporation / East,AEO2026 Counterfactual Baseline case,1.1108725761202427,Residential
2036,res,5-15,SRSE,SERC Reliability Corporation / Southeastern,AEO2026 Counterfactual Baseline case,1.0694974919646878,Residential
2036,res,5-18,SPPC,Southwest Power Pool / Central,AEO2026 Counterfactual Baseline case,1.0540052068480115,Residential
2036,res,5-19,SPPN,Southwest Power Pool / North,AEO2026 Counterfactual Baseline case,1.0577267216369297,Residential
2036,res,5-17,SPPS,Southwest Power Pool / South,AEO2026 Counterfactual Baseline case,1.1246981443614563,Residential
2036,res,5-1,TRE,Texas Reliability Entity,AEO2026 Counterfactual Baseline case,1.11855423770362,Residential
2036,res,5-25,BASN,Western Electricity Coordinating Council / Basin,AEO2026 Counterfactual Baseline case,1.2910290196759064,Residential
2036,res,5-21,CANO,Western Electricity Coordinating Council / California North,AEO2026 Counterfactual Baseline case,1.2085454956748296,Residential
2036,res,5-22,CASO,Western Electricity Coordinating Council / California South,AEO2026 Counterfactual Baseline case,1.2085486088403015,Residential
2036,res,5-24,RMRG,Western Electricity Coordinating Council / Rockies,AEO2026 Counterfactual Baseline case,1.2774366388195681,Residential
2036,res,5-23,NWPP,Western Electricity Coordinating Council / Northwest Power Pool Area,AEO2026 Counterfactual Baseline case,1.2195132000109679,Residential
2036,com,5-2,FRCC,Florida Reliability Coordinating Council,AEO2026 Counterfactual Baseline case,1.276532489241786,Commercial
2037,ind,5-6,MISS,Midcontinent / South,AEO2026 Counterfactual Baseline case,1.0650917463274505,Industrial
2037,ind,5-3,MISW,Midcontinent / West,AEO2026 Counterfactual Baseline case,1.0323310662920704,Industrial
2037,ind,5-8,NYCW,Northeast Power Coordinating Council / New York City and Long Island,AEO2026 Counterfactual Baseline case,0.9411873856457348,Industrial
2037,ind,5-7,ISNE,Northeast Power Coordinating Council / New England,AEO2026 Counterfactual Baseline case,0.9311752533815905,Industrial
2037,ind,5-9,NYUP,Northeast Power Coordinating Council / Upstate New York,AEO2026 Counterfactual Baseline case,0.9411869309102611,Industrial
2037,ind,5-12,PJMC,PJM / Commonwealth Edison,AEO2026 Counterfactual Baseline case,1.0610819583351532,Industrial
2037,ind,5-13,PJMD,PJM / Dominion,AEO2026 Counterfactual Baseline case,1.0797655088187292,Industrial
2037,ind,5-10,PJME,PJM / East,AEO2026 Counterfactual Baseline case,0.9540799296920195,Industrial
2037,ind,5-11,PJMW,PJM / West,AEO2026 Counterfactual Baseline case,1.0501588725582138,Industrial
2037,ind,5-16,SRCE,SERC Reliability Corporation / Central,AEO2026 Counterfactual Baseline case,1.092822882797419,Industrial
2037,ind,5-14,SRCA,SERC Reliability Corporation / East,AEO2026 Counterfactual Baseline case,1.0797654055933918,Industrial
2037,ind,5-15,SRSE,SERC Reliability Corporation / Southeastern,AEO2026 Counterfactual Baseline case,1.0858212342407447,Industrial
2037,ind,5-18,SPPC,Southwest Power Pool / Central,AEO2026 Counterfactual Baseline case,1.017896506271069,Industrial
2037,ind,5-19,SPPN,Southwest Power Pool / North,AEO2026 Counterfactual Baseline case,1.0198966101092466,Industrial
2037,ind,5-17,SPPS,Southwest Power Pool / South,AEO2026 Counterfactual Baseline case,1.0768743320838206,Industrial
2037,ind,5-1,TRE,Texas Reliability Entity,AEO2026 Counterfactual Baseline case,1.0634112071173356,Industrial
2037,ind,5-25,BASN,Western Electricity Coordinating Council / Basin,AEO2026 Counterfactual Baseline case,1.1654126420796687,Industrial
2037,ind,5-21,CANO,Western Electricity Coordinating Council / California North,AEO2026 Counterfactual Baseline case,1.1341474080829315,Industrial
2037,ind,5-22,CASO,Western Electricity Coordinating Council / California South,AEO2026 Counterfactual Baseline case,1.1341472269543322,Industrial
2037,ind,5-24,RMRG,Western Electricity Coordinating Council / Rockies,AEO2026 Counterfactual Baseline case,1.1542415352198037,Industrial
2037,ind,5-20,SRSG,Western Electricity Coordinating Council / Southwest,AEO2026 Counterfactual Baseline case,1.1577623279480496,Industrial
2037,ind,5-5,MISE,Midcontinent / East,AEO2026 Counterfactual Baseline case,1.061081974549589,Industrial
2037,ind,5-4,MISC,Midcontinent / Central,AEO2026 Counterfactual Baseline case,1.0581763002809823,Industrial
2037,ind,5-2,FRCC,Florida Reliability Coordinating Council,AEO2026 Counterfactual Baseline case,1.0797654866665725,Industrial
2037,com,5-23,NWPP,Western Electricity Coordinating Council / Northwest Power Pool Area,AEO2026 Counterfactual Baseline case,1.3351595891244865,Commercial
2037,com,5-5,MISE,Midcontinent / East,AEO2026 Counterfactual Baseline case,1.1763213414805658,Commercial
2037,com,5-6,MISS,Midcontinent / South,AEO2026 Counterfactual Baseline case,1.3540461012409701,Commercial
2037,com,5-3,MISW,Midcontinent / West,AEO2026 Counterfactual Baseline case,1.1594221030069456,Commercial
2037,com,5-8,NYCW,Northeast Power Coordinating Council / New York City and Long Island,AEO2026 Counterfactual Baseline case,1.2224368379690775,Commercial
2037,com,5-7,ISNE,Northeast Power Coordinating Council / New England,AEO2026 Counterfactual Baseline case,1.127493468362609,Commercial
2037,com,5-9,NYUP,Northeast Power Coordinating Council / Upstate New York,AEO2026 Counterfactual Baseline case,1.2224368307315756,Commercial
2037,com,5-12,PJMC,PJM / Commonwealth Edison,AEO2026 Counterfactual Baseline case,1.1763212613981133,Commercial
2037,com,5-13,PJMD,PJM / Dominion,AEO2026 Counterfactual Baseline case,1.3094232250225164,Commercial
2037,com,5-10,PJME,PJM / East,AEO2026 Counterfactual Baseline case,1.2551188861280769,Commercial
2037,com,5-11,PJMW,PJM / West,AEO2026 Counterfactual Baseline case,1.2036020801624276,Commercial
2037,ind,5-23,NWPP,Western Electricity Coordinating Council / Northwest Power Pool Area,AEO2026 Counterfactual Baseline case,1.138657967994919,Industrial
2037,com,5-16,SRCE,SERC Reliability Corporation / Central,AEO2026 Counterfactual Baseline case,1.1438519404133154,Commercial
2037,com,5-15,SRSE,SERC Reliability Corporation / Southeastern,AEO2026 Counterfactual Baseline case,1.2655025703676477,Commercial
2037,com,5-18,SPPC,Southwest Power Pool / Central,AEO2026 Counterfactual Baseline case,1.1498903713577573,Commercial
2037,com,5-19,SPPN,Southwest Power Pool / North,AEO2026 Counterfactual Baseline case,1.1590118391804252,Commercial
2037,com,5-17,SPPS,Southwest Power Pool / South,AEO2026 Counterfactual Baseline case,1.398415666596812,Commercial
2037,com,5-1,TRE,Texas Reliability Entity,AEO2026 Counterfactual Baseline case,1.3923342386407596,Commercial
2037,com,5-25,BASN,Western Electricity Coordinating Council / Basin,AEO2026 Counterfactual Baseline case,1.4749421095046051,Commercial
2037,com,5-21,CANO,Western Electricity Coordinating Council / California North,AEO2026 Counterfactual Baseline case,1.3146309427741016,Commercial
2037,com,5-22,CASO,Western Electricity Coordinating Council / California South,AEO2026 Counterfactual Baseline case,1.3146310281414049,Commercial
2037,com,5-24,RMRG,Western Electricity Coordinating Council / Rockies,AEO2026 Counterfactual Baseline case,1.4546473398510975,Commercial
2037,com,5-20,SRSG,Western Electricity Coordinating Council / Southwest,AEO2026 Counterfactual Baseline case,1.459974875067886,Commercial
2037,com,5-14,SRCA,SERC Reliability Corporation / East,AEO2026 Counterfactual Baseline case,1.3094229073569643,Commercial
2037,com,5-2,FRCC,Florida Reliability Coordinating Council,AEO2026 Counterfactual Baseline case,1.30942313244093,Commercial
2037,res,5-2,FRCC,Florida Reliability Coordinating Council,AEO2026 Counterfactual Baseline case,1.12743443912415,Residential
2037,res,5-5,MISE,Midcontinent / East,AEO2026 Counterfactual Baseline case,1.156127509558941,Residential
2037,trans,5-3,MISW,Midcontinent / West,AEO2026 Counterfactual Baseline case,0.9603937953026876,Transportation
2037,trans,5-8,NYCW,Northeast Power Coordinating Council / New York City and Long Island,AEO2026 Counterfactual Baseline case,1.1631942839000422,Transportation
2037,trans,5-7,ISNE,Northeast Power Coordinating Council / New England,AEO2026 Counterfactual Baseline case,1.3325641979903236,Transportation
2037,trans,5-9,NYUP,Northeast Power Coordinating Council / Upstate New York,AEO2026 Counterfactual Baseline case,1.1631935818276653,Transportation
2037,trans,5-12,PJMC,PJM / Commonwealth Edison,AEO2026 Counterfactual Baseline case,0.8791819135663912,Transportation
2037,trans,5-13,PJMD,PJM / Dominion,AEO2026 Counterfactual Baseline case,1.186102773173245,Transportation
2037,trans,5-10,PJME,PJM / East,AEO2026 Counterfactual Baseline case,1.1640898003936602,Transportation
2037,trans,5-11,PJMW,PJM / West,AEO2026 Counterfactual Baseline case,1.0346751655174675,Transportation
2037,trans,5-16,SRCE,SERC Reliability Corporation / Central,AEO2026 Counterfactual Baseline case,1.1357887730197471,Transportation
2037,trans,5-14,SRCA,SERC Reliability Corporation / East,AEO2026 Counterfactual Baseline case,1.1861050820092136,Transportation
2037,trans,5-15,SRSE,SERC Reliability Corporation / Southeastern,AEO2026 Counterfactual Baseline case,1.185471842070895,Transportation
2037,trans,5-18,SPPC,Southwest Power Pool / Central,AEO2026 Counterfactual Baseline case,1.3431721987079528,Transportation
2037,trans,5-19,SPPN,Southwest Power Pool / North,AEO2026 Counterfactual Baseline case,1.3550276388523297,Transportation
2037,trans,5-17,SPPS,Southwest Power Pool / South,AEO2026 Counterfactual Baseline case,1.699404329507482,Transportation
2037,trans,5-1,TRE,Texas Reliability Entity,AEO2026 Counterfactual Baseline case,1.7257372282984909,Transportation
2037,trans,5-25,BASN,Western Electricity Coordinating Council / Basin,AEO2026 Counterfactual Baseline case,1.595207630568803,Transportation
2037,trans,5-21,CANO,Western Electricity Coordinating Council / California North,AEO2026 Counterfactual Baseline case,1.30953730012582,Transportation
2037,trans,5-22,CASO,Western Electricity Coordinating Council / California South,AEO2026 Counterfactual Baseline case,1.3095376439326838,Transportation
2037,trans,5-24,RMRG,Western Electricity Coordinating Council / Rockies,AEO2026 Counterfactual Baseline case,1.5961345325507175,Transportation
2037,trans,5-20,SRSG,Western Electricity Coordinating Council / Southwest,AEO2026 Counterfactual Baseline case,1.5538540258031504,Transportation
2037,trans,5-6,MISS,Midcontinent / South,AEO2026 Counterfactual Baseline case,1.720649191429739,Transportation
2037,trans,5-5,MISE,Midcontinent / East,AEO2026 Counterfactual Baseline case,0.8791808632890467,Transportation
2037,trans,5-4,MISC,Midcontinent / Central,AEO2026 Counterfactual Baseline case,0.9009646165463111,Transportation
2037,trans,5-2,FRCC,Florida Reliability Coordinating Council,AEO2026 Counterfactual Baseline case,1.1861052560436265,Transportation
2037,res,5-6,MISS,Midcontinent / South,AEO2026 Counterfactual Baseline case,1.1086819148266462,Residential
2037,res,5-3,MISW,Midcontinent / West,AEO2026 Counterfactual Baseline case,1.1001567190473973,Residential
2037,res,5-8,NYCW,Northeast Power Coordinating Council / New York City and Long Island,AEO2026 Counterfactual Baseline case,1.1892102156992983,Residential
2037,res,5-7,ISNE,Northeast Power Coordinating Council / New England,AEO2026 Counterfactual Baseline case,1.1562023482454324,Residential
2037,res,5-9,NYUP,Northeast Power Coordinating Council / Upstate New York,AEO2026 Counterfactual Baseline case,1.1892102808808516,Residential
2037,res,5-12,PJMC,PJM / Commonwealth Edison,AEO2026 Counterfactual Baseline case,1.1561282387073246,Residential
2037,res,5-13,PJMD,PJM / Dominion,AEO2026 Counterfactual Baseline case,1.1274343637395194,Residential
2037,res,5-10,PJME,PJM / East,AEO2026 Counterfactual Baseline case,1.1696314942246075,Residential
2037,res,5-11,PJMW,PJM / West,AEO2026 Counterfactual Baseline case,1.1359053665595042,Residential
2037,res,5-16,SRCE,SERC Reliability Corporation / Central,AEO2026 Counterfactual Baseline case,0.983982017767976,Residential
2037,res,5-4,MISC,Midcontinent / Central,AEO2026 Counterfactual Baseline case,1.1208686094090248,Residential
2037,res,5-14,SRCA,SERC Reliability Corporation / East,AEO2026 Counterfactual Baseline case,1.1274344487185386,Residential
2037,res,5-18,SPPC,Southwest Power Pool / Central,AEO2026 Counterfactual Baseline case,1.068360709567293,Residential
2037,res,5-19,SPPN,Southwest Power Pool / North,AEO2026 Counterfactual Baseline case,1.0723214938158756,Residential
2037,res,5-17,SPPS,Southwest Power Pool / South,AEO2026 Counterfactual Baseline case,1.1418288266437926,Residential
2037,res,5-1,TRE,Texas Reliability Entity,AEO2026 Counterfactual Baseline case,1.135229688441912,Residential
2037,res,5-25,BASN,Western Electricity Coordinating Council / Basin,AEO2026 Counterfactual Baseline case,1.3204088150269817,Residential
2037,res,5-21,CANO,Western Electricity Coordinating Council / California North,AEO2026 Counterfactual Baseline case,1.2228740294970615,Residential
2037,res,5-22,CASO,Western Electricity Coordinating Council / California South,AEO2026 Counterfactual Baseline case,1.2228774390495851,Residential
2037,res,5-24,RMRG,Western Electricity Coordinating Council / Rockies,AEO2026 Counterfactual Baseline case,1.30603462603075,Residential
2037,res,5-20,SRSG,Western Electricity Coordinating Council / Southwest,AEO2026 Counterfactual Baseline case,1.3074583948141034,Residential
2037,res,5-23,NWPP,Western Electricity Coordinating Council / Northwest Power Pool Area,AEO2026 Counterfactual Baseline case,1.2358430117253385,Residential
2037,res,5-15,SRSE,SERC Reliability Corporation / Southeastern,AEO2026 Counterfactual Baseline case,1.0830605194013032,Residential
2037,trans,5-23,NWPP,Western Electricity Coordinating Council / Northwest Power Pool Area,AEO2026 Counterfactual Baseline case,1.3223507366631346,Transportation
2037,com,5-4,MISC,Midcontinent / Central,AEO2026 Counterfactual Baseline case,1.166663743416332,Commercial
2038,trans,5-1,TRE,Texas Reliability Entity,AEO2026 Counterfactual Baseline case,1.7783149980297979,Transportation
2038,trans,5-17,SPPS,Southwest Power Pool / South,AEO2026 Counterfactual Baseline case,1.7484527095743134,Transportation
2038,trans,5-19,SPPN,Southwest Power Pool / North,AEO2026 Counterfactual Baseline case,1.3808897078178468,Transportation
2038,trans,5-18,SPPC,Southwest Power Pool / Central,AEO2026 Counterfactual Baseline case,1.3685119180218313,Transportation
2038,trans,5-15,SRSE,SERC Reliability Corporation / Southeastern,AEO2026 Counterfactual Baseline case,1.1928610215626567,Transportation
2038,trans,5-14,SRCA,SERC Reliability Corporation / East,AEO2026 Counterfactual Baseline case,1.1935108064601894,Transportation
2038,trans,5-16,SRCE,SERC Reliability Corporation / Central,AEO2026 Counterfactual Baseline case,1.142445085422676,Transportation
2038,trans,5-11,PJMW,PJM / West,AEO2026 Counterfactual Baseline case,1.0380796451470677,Transportation
2038,trans,5-10,PJME,PJM / East,AEO2026 Counterfactual Baseline case,1.1695455157980872,Transportation
2038,trans,5-13,PJMD,PJM / Dominion,AEO2026 Counterfactual Baseline case,1.1935128354464406,Transportation
2038,trans,5-12,PJMC,PJM / Commonwealth Edison,AEO2026 Counterfactual Baseline case,0.8799388209992223,Transportation
2038,trans,5-25,BASN,Western Electricity Coordinating Council / Basin,AEO2026 Counterfactual Baseline case,1.6308741421426078,Transportation
2038,trans,5-9,NYUP,Northeast Power Coordinating Council / Upstate New York,AEO2026 Counterfactual Baseline case,1.1685706741656339,Transportation
2038,trans,5-8,NYCW,Northeast Power Coordinating Council / New York City and Long Island,AEO2026 Counterfactual Baseline case,1.1685700810993258,Transportation
2038,trans,5-3,MISW,Midcontinent / West,AEO2026 Counterfactual Baseline case,0.9654579081041259,Transportation
2038,trans,5-6,MISS,Midcontinent / South,AEO2026 Counterfactual Baseline case,1.7728413801155938,Transportation
2038,trans,5-5,MISE,Midcontinent / East,AEO2026 Counterfactual Baseline case,0.8799419366545029,Transportation
2038,trans,5-4,MISC,Midcontinent / Central,AEO2026 Counterfactual Baseline case,0.9028754152176148,Transportation
2038,trans,5-2,FRCC,Florida Reliability Coordinating Council,AEO2026 Counterfactual Baseline case,1.1935100977033586,Transportation
2038,res,5-23,NWPP,Western Electricity Coordinating Council / Northwest Power Pool Area,AEO2026 Counterfactual Baseline case,1.2502325561724064,Residential
2038,res,5-20,SRSG,Western Electricity Coordinating Council / Southwest,AEO2026 Counterfactual Baseline case,1.3328374709232984,Residential
2038,res,5-24,RMRG,Western Electricity Coordinating Council / Rockies,AEO2026 Counterfactual Baseline case,1.3319912454491174,Residential
2038,res,5-22,CASO,Western Electricity Coordinating Council / California South,AEO2026 Counterfactual Baseline case,1.2353965473169182,Residential
2038,res,5-21,CANO,Western Electricity Coordinating Council / California North,AEO2026 Counterfactual Baseline case,1.2353924847834763,Residential
2038,trans,5-7,ISNE,Northeast Power Coordinating Council / New England,AEO2026 Counterfactual Baseline case,1.3408536227058154,Transportation
2038,trans,5-21,CANO,Western Electricity Coordinating Council / California North,AEO2026 Counterfactual Baseline case,1.3257563763925575,Transportation
2038,trans,5-24,RMRG,Western Electricity Coordinating Council / Rockies,AEO2026 Counterfactual Baseline case,1.6320441002521926,Transportation
2038,trans,5-22,CASO,Western Electricity Coordinating Council / California South,AEO2026 Counterfactual Baseline case,1.3257573073516387,Transportation
2038,trans,5-23,NWPP,Western Electricity Coordinating Council / Northwest Power Pool Area,AEO2026 Counterfactual Baseline case,1.339442758191299,Transportation
2038,trans,5-20,SRSG,Western Electricity Coordinating Council / Southwest,AEO2026 Counterfactual Baseline case,1.5868572055114945,Transportation
2038,res,5-25,BASN,Western Electricity Coordinating Council / Basin,AEO2026 Counterfactual Baseline case,1.3469991826466714,Residential
2038,res,5-1,TRE,Texas Reliability Entity,AEO2026 Counterfactual Baseline case,1.1474713731268786,Residential
2038,res,5-17,SPPS,Southwest Power Pool / South,AEO2026 Counterfactual Baseline case,1.1545839401146292,Residential
2038,res,5-19,SPPN,Southwest Power Pool / North,AEO2026 Counterfactual Baseline case,1.0866790470745629,Residential
2038,ind,5-16,SRCE,SERC Reliability Corporation / Central,AEO2026 Counterfactual Baseline case,1.103155608890377,Industrial
2038,ind,5-11,PJMW,PJM / West,AEO2026 Counterfactual Baseline case,1.0602175350433414,Industrial
2038,ind,5-10,PJME,PJM / East,AEO2026 Counterfactual Baseline case,0.9538248175979449,Industrial
2038,ind,5-13,PJMD,PJM / Dominion,AEO2026 Counterfactual Baseline case,1.0912008120200931,Industrial
2038,ind,5-12,PJMC,PJM / Commonwealth Edison,AEO2026 Counterfactual Baseline case,1.0734301262174084,Industrial
2038,ind,5-9,NYUP,Northeast Power Coordinating Council / Upstate New York,AEO2026 Counterfactual Baseline case,0.9397325947872622,Industrial
2038,ind,5-7,ISNE,Northeast Power Coordinating Council / New England,AEO2026 Counterfactual Baseline case,0.9295746178896149,Industrial
2038,ind,5-8,NYCW,Northeast Power Coordinating Council / New York City and Long Island,AEO2026 Counterfactual Baseline case,0.9397331446128353,Industrial
2038,ind,5-3,MISW,Midcontinent / West,AEO2026 Counterfactual Baseline case,1.0442736711714276,Industrial
2038,ind,5-6,MISS,Midcontinent / South,AEO2026 Counterfactual Baseline case,1.0700398638730502,Industrial
2038,ind,5-5,MISE,Midcontinent / East,AEO2026 Counterfactual Baseline case,1.073430104670231,Industrial
2038,ind,5-14,SRCA,SERC Reliability Corporation / East,AEO2026 Counterfactual Baseline case,1.0912007277612814,Industrial
2038,ind,5-4,MISC,Midcontinent / Central,AEO2026 Counterfactual Baseline case,1.0702317231727239,Industrial
2038,com,5-23,NWPP,Western Electricity Coordinating Council / Northwest Power Pool Area,AEO2026 Counterfactual Baseline case,1.3723820517985081,Commercial
2038,com,5-20,SRSG,Western Electricity Coordinating Council / Southwest,AEO2026 Counterfactual Baseline case,1.5070141296992603,Commercial
2038,com,5-24,RMRG,Western Electricity Coordinating Council / Rockies,AEO2026 Counterfactual Baseline case,1.5023008374873947,Commercial
2038,com,5-22,CASO,Western Electricity Coordinating Council / California South,AEO2026 Counterfactual Baseline case,1.3500263439946398,Commercial
2038,com,5-21,CANO,Western Electricity Coordinating Council / California North,AEO2026 Counterfactual Baseline case,1.350026376398274,Commercial
2038,com,5-25,BASN,Western Electricity Coordinating Council / Basin,AEO2026 Counterfactual Baseline case,1.5246051431170726,Commercial
2038,com,5-1,TRE,Texas Reliability Entity,AEO2026 Counterfactual Baseline case,1.4168085269211113,Commercial
2038,com,5-17,SPPS,Southwest Power Pool / South,AEO2026 Counterfactual Baseline case,1.4247272645005855,Commercial
2038,com,5-19,SPPN,Southwest Power Pool / North,AEO2026 Counterfactual Baseline case,1.1775425626064968,Commercial
2038,com,5-18,SPPC,Southwest Power Pool / Central,AEO2026 Counterfactual Baseline case,1.1675001020556932,Commercial
2038,com,5-15,SRSE,SERC Reliability Corporation / Southeastern,AEO2026 Counterfactual Baseline case,1.2926906681746502,Commercial
2038,ind,5-2,FRCC,Florida Reliability Coordinating Council,AEO2026 Counterfactual Baseline case,1.0912007679540885,Industrial
2038,com,5-14,SRCA,SERC Reliability Corporation / East,AEO2026 Counterfactual Baseline case,1.340928676662093,Commercial
2038,ind,5-15,SRSE,SERC Reliability Corporation / Southeastern,AEO2026 Counterfactual Baseline case,1.0967453027278071,Industrial
2038,ind,5-19,SPPN,Southwest Power Pool / North,AEO2026 Counterfactual Baseline case,1.0312216640736487,Industrial
2038,res,5-18,SPPC,Southwest Power Pool / Central,AEO2026 Counterfactual Baseline case,1.082516413542793,Residential
2038,res,5-15,SRSE,SERC Reliability Corporation / Southeastern,AEO2026 Counterfactual Baseline case,1.0955030509536026,Residential
2038,res,5-14,SRCA,SERC Reliability Corporation / East,AEO2026 Counterfactual Baseline case,1.1427131124877552,Residential
2038,res,5-16,SRCE,SERC Reliability Corporation / Central,AEO2026 Counterfactual Baseline case,0.9900919549922741,Residential
2038,res,5-11,PJMW,PJM / West,AEO2026 Counterfactual Baseline case,1.1502285368256366,Residential
2038,res,5-10,PJME,PJM / East,AEO2026 Counterfactual Baseline case,1.1832641565857969,Residential
2038,res,5-13,PJMD,PJM / Dominion,AEO2026 Counterfactual Baseline case,1.1427131357706162,Residential
2038,res,5-12,PJMC,PJM / Commonwealth Edison,AEO2026 Counterfactual Baseline case,1.172001538379652,Residential
2038,res,5-9,NYUP,Northeast Power Coordinating Council / Upstate New York,AEO2026 Counterfactual Baseline case,1.2020790891584419,Residential
2038,res,5-7,ISNE,Northeast Power Coordinating Council / New England,AEO2026 Counterfactual Baseline case,1.1760077280550827,Residential
2038,res,5-8,NYCW,Northeast Power Coordinating Council / New York City and Long Island,AEO2026 Counterfactual Baseline case,1.2020791175572938,Residential
2038,ind,5-18,SPPC,Southwest Power Pool / Central,AEO2026 Counterfactual Baseline case,1.029635373597494,Industrial
2038,res,5-3,MISW,Midcontinent / West,AEO2026 Counterfactual Baseline case,1.1149367744385021,Residential
2038,res,5-5,MISE,Midcontinent / East,AEO2026 Counterfactual Baseline case,1.1720008320346655,Residential
2038,res,5-4,MISC,Midcontinent / Central,AEO2026 Counterfactual Baseline case,1.1359130859583662,Residential
2038,res,5-2,FRCC,Florida Reliability Coordinating Council,AEO2026 Counterfactual Baseline case,1.1427130913214592,Residential
2038,ind,5-23,NWPP,Western Electricity Coordinating Council / Northwest Power Pool Area,AEO2026 Counterfactual Baseline case,1.1218510924947434,Industrial
2038,ind,5-20,SRSG,Western Electricity Coordinating Council / Southwest,AEO2026 Counterfactual Baseline case,1.1403477330344807,Industrial
2038,ind,5-24,RMRG,Western Electricity Coordinating Council / Rockies,AEO2026 Counterfactual Baseline case,1.1377668596490973,Industrial
2038,ind,5-22,CASO,Western Electricity Coordinating Council / California South,AEO2026 Counterfactual Baseline case,1.117680582509917,Industrial
2038,ind,5-21,CANO,Western Electricity Coordinating Council / California North,AEO2026 Counterfactual Baseline case,1.1176806220305582,Industrial
2038,ind,5-25,BASN,Western Electricity Coordinating Council / Basin,AEO2026 Counterfactual Baseline case,1.1465884548721013,Industrial
2038,ind,5-1,TRE,Texas Reliability Entity,AEO2026 Counterfactual Baseline case,1.0680349677357042,Industrial
2038,ind,5-17,SPPS,Southwest Power Pool / South,AEO2026 Counterfactual Baseline case,1.0784092270370256,Industrial
2038,res,5-6,MISS,Midcontinent / South,AEO2026 Counterfactual Baseline case,1.1198389603068406,Residential
2038,com,5-16,SRCE,SERC Reliability Corporation / Central,AEO2026 Counterfactual Baseline case,1.1590806860466687,Commercial
2038,com,5-11,PJMW,PJM / West,AEO2026 Counterfactual Baseline case,1.217488682292101,Commercial
2038,com,5-10,PJME,PJM / East,AEO2026 Counterfactual Baseline case,1.2729088171647291,Commercial
2038,com,5-13,PJMD,PJM / Dominion,AEO2026 Counterfactual Baseline case,1.3409289196171013,Commercial
2038,com,5-12,PJMC,PJM / Commonwealth Edison,AEO2026 Counterfactual Baseline case,1.1859213012620808,Commercial
2038,com,5-9,NYUP,Northeast Power Coordinating Council / Upstate New York,AEO2026 Counterfactual Baseline case,1.231972189015656,Commercial
2038,com,5-7,ISNE,Northeast Power Coordinating Council / New England,AEO2026 Counterfactual Baseline case,1.1456365879952684,Commercial
2038,com,5-8,NYCW,Northeast Power Coordinating Council / New York City and Long Island,AEO2026 Counterfactual Baseline case,1.231972119761493,Commercial
2038,com,5-3,MISW,Midcontinent / West,AEO2026 Counterfactual Baseline case,1.174067180819276,Commercial
2038,com,5-6,MISS,Midcontinent / South,AEO2026 Counterfactual Baseline case,1.3770772551423156,Commercial
2038,com,5-5,MISE,Midcontinent / East,AEO2026 Counterfactual Baseline case,1.1859212058608823,Commercial
2038,com,5-4,MISC,Midcontinent / Central,AEO2026 Counterfactual Baseline case,1.179071343286184,Commercial
2038,com,5-2,FRCC,Florida Reliability Coordinating Council,AEO2026 Counterfactual Baseline case,1.3409288208725245,Commercial
2039,com,5-2,FRCC,Florida Reliability Coordinating Council,AEO2026 Counterfactual Baseline case,1.3721988142635895,Commercial
2039,com,5-4,MISC,Midcontinent / Central,AEO2026 Counterfactual Baseline case,1.1965650537587553,Commercial
2039,trans,5-24,RMRG,Western Electricity Coordinating Council / Rockies,AEO2026 Counterfactual Baseline case,1.6648068382172427,Transportation
2039,trans,5-20,SRSG,Western Electricity Coordinating Council / Southwest,AEO2026 Counterfactual Baseline case,1.6169608810594156,Transportation
2039,trans,5-23,NWPP,Western Electricity Coordinating Council / Northwest Power Pool Area,AEO2026 Counterfactual Baseline case,1.354140100696253,Transportation
2039,trans,5-22,CASO,Western Electricity Coordinating Council / California South,AEO2026 Counterfactual Baseline case,1.339613817537644,Transportation
2039,trans,5-21,CANO,Western Electricity Coordinating Council / California North,AEO2026 Counterfactual Baseline case,1.3396132085690717,Transportation
2039,trans,5-1,TRE,Texas Reliability Entity,AEO2026 Counterfactual Baseline case,1.832500878603606,Transportation
2039,trans,5-6,MISS,Midcontinent / South,AEO2026 Counterfactual Baseline case,1.8266390332185183,Transportation
2039,trans,5-3,MISW,Midcontinent / West,AEO2026 Counterfactual Baseline case,0.9714287186197588,Transportation
2039,trans,5-8,NYCW,Northeast Power Coordinating Council / New York City and Long Island,AEO2026 Counterfactual Baseline case,1.1719330368014007,Transportation
2039,trans,5-7,ISNE,Northeast Power Coordinating Council / New England,AEO2026 Counterfactual Baseline case,1.346345954204454,Transportation
2039,trans,5-9,NYUP,Northeast Power Coordinating Council / Upstate New York,AEO2026 Counterfactual Baseline case,1.171932982751422,Transportation
2039,trans,5-12,PJMC,PJM / Commonwealth Edison,AEO2026 Counterfactual Baseline case,0.8826741278599356,Transportation
2039,trans,5-13,PJMD,PJM / Dominion,AEO2026 Counterfactual Baseline case,1.194498454370324,Transportation
2039,trans,5-10,PJME,PJM / East,AEO2026 Counterfactual Baseline case,1.172815914388401,Transportation
2039,trans,5-11,PJMW,PJM / West,AEO2026 Counterfactual Baseline case,1.0409885744060379,Transportation
2039,trans,5-16,SRCE,SERC Reliability Corporation / Central,AEO2026 Counterfactual Baseline case,1.1455513645440427,Transportation
2039,trans,5-14,SRCA,SERC Reliability Corporation / East,AEO2026 Counterfactual Baseline case,1.1945017813377676,Transportation
2039,trans,5-15,SRSE,SERC Reliability Corporation / Southeastern,AEO2026 Counterfactual Baseline case,1.1938851962084918,Transportation
2039,trans,5-18,SPPC,Southwest Power Pool / Central,AEO2026 Counterfactual Baseline case,1.3897304522165292,Transportation
2039,trans,5-19,SPPN,Southwest Power Pool / North,AEO2026 Counterfactual Baseline case,1.40260594893393,Transportation
2039,trans,5-17,SPPS,Southwest Power Pool / South,AEO2026 Counterfactual Baseline case,1.7981112886822606,Transportation
2039,trans,5-25,BASN,Western Electricity Coordinating Council / Basin,AEO2026 Counterfactual Baseline case,1.6634291031755264,Transportation
2039,trans,5-5,MISE,Midcontinent / East,AEO2026 Counterfactual Baseline case,0.8826787766375678,Transportation
2039,trans,5-4,MISC,Midcontinent / Central,AEO2026 Counterfactual Baseline case,0.9064772175368067,Transportation
2039,res,5-23,NWPP,Western Electricity Coordinating Council / Northwest Power Pool Area,AEO2026 Counterfactual Baseline case,1.2651382629186472,Residential
2039,com,5-22,CASO,Western Electricity Coordinating Council / California South,AEO2026 Counterfactual Baseline case,1.3859067082761005,Commercial
2039,com,5-24,RMRG,Western Electricity Coordinating Council / Rockies,AEO2026 Counterfactual Baseline case,1.5495935218097165,Commercial
2039,com,5-20,SRSG,Western Electricity Coordinating Council / Southwest,AEO2026 Counterfactual Baseline case,1.5539531259649104,Commercial
2039,com,5-23,NWPP,Western Electricity Coordinating Council / Northwest Power Pool Area,AEO2026 Counterfactual Baseline case,1.4100023462437266,Commercial
2039,ind,5-2,FRCC,Florida Reliability Coordinating Council,AEO2026 Counterfactual Baseline case,1.1041501144863584,Industrial
2039,ind,5-4,MISC,Midcontinent / Central,AEO2026 Counterfactual Baseline case,1.085138629409081,Industrial
2039,ind,5-5,MISE,Midcontinent / East,AEO2026 Counterfactual Baseline case,1.0887128439656086,Industrial
2039,ind,5-6,MISS,Midcontinent / South,AEO2026 Counterfactual Baseline case,1.0817078423340694,Industrial
2039,ind,5-3,MISW,Midcontinent / West,AEO2026 Counterfactual Baseline case,1.0591482476032057,Industrial
2039,ind,5-8,NYCW,Northeast Power Coordinating Council / New York City and Long Island,AEO2026 Counterfactual Baseline case,0.944225325370249,Industrial
2039,ind,5-7,ISNE,Northeast Power Coordinating Council / New England,AEO2026 Counterfactual Baseline case,0.9337725821061519,Industrial
2039,ind,5-9,NYUP,Northeast Power Coordinating Council / Upstate New York,AEO2026 Counterfactual Baseline case,0.9442246479547147,Industrial
2039,ind,5-12,PJMC,PJM / Commonwealth Edison,AEO2026 Counterfactual Baseline case,1.088712827007905,Industrial
2039,ind,5-13,PJMD,PJM / Dominion,AEO2026 Counterfactual Baseline case,1.1041502710499997,Industrial
2039,ind,5-10,PJME,PJM / East,AEO2026 Counterfactual Baseline case,0.9591037805296436,Industrial
2039,com,5-21,CANO,Western Electricity Coordinating Council / California North,AEO2026 Counterfactual Baseline case,1.3859067766177107,Commercial
2039,ind,5-11,PJMW,PJM / West,AEO2026 Counterfactual Baseline case,1.0732917839933889,Industrial
2039,com,5-25,BASN,Western Electricity Coordinating Council / Basin,AEO2026 Counterfactual Baseline case,1.574074276014544,Commercial
2039,com,5-17,SPPS,Southwest Power Pool / South,AEO2026 Counterfactual Baseline case,1.4515584447344472,Commercial
2039,com,5-5,MISE,Midcontinent / East,AEO2026 Counterfactual Baseline case,1.2049590567277044,Commercial
2039,com,5-6,MISS,Midcontinent / South,AEO2026 Counterfactual Baseline case,1.3998023510901547,Commercial
2039,com,5-3,MISW,Midcontinent / West,AEO2026 Counterfactual Baseline case,1.1905098210369673,Commercial
2039,com,5-8,NYCW,Northeast Power Coordinating Council / New York City and Long Island,AEO2026 Counterfactual Baseline case,1.2578882843726868,Commercial
2039,com,5-7,ISNE,Northeast Power Coordinating Council / New England,AEO2026 Counterfactual Baseline case,1.1629465820945089,Commercial
2039,com,5-9,NYUP,Northeast Power Coordinating Council / Upstate New York,AEO2026 Counterfactual Baseline case,1.2578882155593056,Commercial
2039,com,5-12,PJMC,PJM / Commonwealth Edison,AEO2026 Counterfactual Baseline case,1.2049591172902936,Commercial
2039,com,5-13,PJMD,PJM / Dominion,AEO2026 Counterfactual Baseline case,1.3721987881038864,Commercial
2039,com,5-10,PJME,PJM / East,AEO2026 Counterfactual Baseline case,1.3008363677101638,Commercial
2039,com,5-11,PJMW,PJM / West,AEO2026 Counterfactual Baseline case,1.2389699187814285,Commercial
2039,com,5-16,SRCE,SERC Reliability Corporation / Central,AEO2026 Counterfactual Baseline case,1.1691742887150496,Commercial
2039,com,5-14,SRCA,SERC Reliability Corporation / East,AEO2026 Counterfactual Baseline case,1.3721986871423506,Commercial
2039,com,5-15,SRSE,SERC Reliability Corporation / Southeastern,AEO2026 Counterfactual Baseline case,1.318343067414813,Commercial
2039,com,5-18,SPPC,Southwest Power Pool / Central,AEO2026 Counterfactual Baseline case,1.182441255493304,Commercial
2039,com,5-19,SPPN,Southwest Power Pool / North,AEO2026 Counterfactual Baseline case,1.1934720180938043,Commercial
2039,com,5-1,TRE,Texas Reliability Entity,AEO2026 Counterfactual Baseline case,1.441858570118237,Commercial
2039,trans,5-2,FRCC,Florida Reliability Coordinating Council,AEO2026 Counterfactual Baseline case,1.1945027604472473,Transportation
2039,ind,5-16,SRCE,SERC Reliability Corporation / Central,AEO2026 Counterfactual Baseline case,1.115607657624875,Industrial
2039,ind,5-15,SRSE,SERC Reliability Corporation / Southeastern,AEO2026 Counterfactual Baseline case,1.1094640852415125,Industrial
2039,res,5-13,PJMD,PJM / Dominion,AEO2026 Counterfactual Baseline case,1.1571784682879789,Residential
2039,res,5-10,PJME,PJM / East,AEO2026 Counterfactual Baseline case,1.1991937101897658,Residential
2039,res,5-11,PJMW,PJM / West,AEO2026 Counterfactual Baseline case,1.1657346973432998,Residential
2039,res,5-16,SRCE,SERC Reliability Corporation / Central,AEO2026 Counterfactual Baseline case,0.9945038942448045,Residential
2039,res,5-14,SRCA,SERC Reliability Corporation / East,AEO2026 Counterfactual Baseline case,1.15717847970776,Residential
2039,res,5-15,SRSE,SERC Reliability Corporation / Southeastern,AEO2026 Counterfactual Baseline case,1.10685861561572,Residential
2039,res,5-18,SPPC,Southwest Power Pool / Central,AEO2026 Counterfactual Baseline case,1.094645097495318,Residential
2039,res,5-19,SPPN,Southwest Power Pool / North,AEO2026 Counterfactual Baseline case,1.099010157255498,Residential
2039,res,5-17,SPPS,Southwest Power Pool / South,AEO2026 Counterfactual Baseline case,1.1678505398382912,Residential
2039,res,5-1,TRE,Texas Reliability Entity,AEO2026 Counterfactual Baseline case,1.1603110944902273,Residential
2039,res,5-25,BASN,Western Electricity Coordinating Council / Basin,AEO2026 Counterfactual Baseline case,1.3717768535390655,Residential
2039,res,5-21,CANO,Western Electricity Coordinating Council / California North,AEO2026 Counterfactual Baseline case,1.2487842865572942,Residential
2039,res,5-22,CASO,Western Electricity Coordinating Council / California South,AEO2026 Counterfactual Baseline case,1.2487887298215827,Residential
2039,res,5-24,RMRG,Western Electricity Coordinating Council / Rockies,AEO2026 Counterfactual Baseline case,1.35610031619645,Residential
2039,res,5-20,SRSG,Western Electricity Coordinating Council / Southwest,AEO2026 Counterfactual Baseline case,1.3566177964217059,Residential
2039,res,5-12,PJMC,PJM / Commonwealth Edison,AEO2026 Counterfactual Baseline case,1.1897892332710736,Residential
2039,ind,5-14,SRCA,SERC Reliability Corporation / East,AEO2026 Counterfactual Baseline case,1.1041501983330368,Industrial
2039,res,5-9,NYUP,Northeast Power Coordinating Council / Upstate New York,AEO2026 Counterfactual Baseline case,1.2186881636607032,Residential
2039,res,5-8,NYCW,Northeast Power Coordinating Council / New York City and Long Island,AEO2026 Counterfactual Baseline case,1.2186881320407716,Residential
2039,ind,5-18,SPPC,Southwest Power Pool / Central,AEO2026 Counterfactual Baseline case,1.0443053019044188,Industrial
2039,ind,5-19,SPPN,Southwest Power Pool / North,AEO2026 Counterfactual Baseline case,1.0459695554187254,Industrial
2039,ind,5-17,SPPS,Southwest Power Pool / South,AEO2026 Counterfactual Baseline case,1.091190614583285,Industrial
2039,ind,5-1,TRE,Texas Reliability Entity,AEO2026 Counterfactual Baseline case,1.0796558235748228,Industrial
2039,ind,5-25,BASN,Western Electricity Coordinating Council / Basin,AEO2026 Counterfactual Baseline case,1.1670310064199316,Industrial
2039,ind,5-21,CANO,Western Electricity Coordinating Council / California North,AEO2026 Counterfactual Baseline case,1.138592293341696,Industrial
2039,ind,5-22,CASO,Western Electricity Coordinating Council / California South,AEO2026 Counterfactual Baseline case,1.138592116429373,Industrial
2039,ind,5-24,RMRG,Western Electricity Coordinating Council / Rockies,AEO2026 Counterfactual Baseline case,1.1577580091244226,Industrial
2039,ind,5-20,SRSG,Western Electricity Coordinating Council / Southwest,AEO2026 Counterfactual Baseline case,1.1603579810367861,Industrial
2039,ind,5-23,NWPP,Western Electricity Coordinating Council / Northwest Power Pool Area,AEO2026 Counterfactual Baseline case,1.1426950474607886,Industrial
2039,res,5-2,FRCC,Florida Reliability Coordinating Council,AEO2026 Counterfactual Baseline case,1.1571785076184429,Residential
2039,res,5-4,MISC,Midcontinent / Central,AEO2026 Counterfactual Baseline case,1.1513794045312677,Residential
2039,res,5-5,MISE,Midcontinent / East,AEO2026 Counterfactual Baseline case,1.1897885612855084,Residential
2039,res,5-6,MISS,Midcontinent / South,AEO2026 Counterfactual Baseline case,1.1311941801136292,Residential
2039,res,5-3,MISW,Midcontinent / West,AEO2026 Counterfactual Baseline case,1.1291180705421333,Residential
2039,res,5-7,ISNE,Northeast Power Coordinating Council / New England,AEO2026 Counterfactual Baseline case,1.1942411105029693,Residential
2040,ind,5-18,SPPC,Southwest Power Pool / Central,AEO2026 Counterfactual Baseline case,1.05456709246181,Industrial
2040,ind,5-15,SRSE,SERC Reliability Corporation / Southeastern,AEO2026 Counterfactual Baseline case,1.1227260576764522,Industrial
2040,ind,5-14,SRCA,SERC Reliability Corporation / East,AEO2026 Counterfactual Baseline case,1.1178363491453438,Industrial
2040,ind,5-16,SRCE,SERC Reliability Corporation / Central,AEO2026 Counterfactual Baseline case,1.128379255433321,Industrial
2040,ind,5-11,PJMW,PJM / West,AEO2026 Counterfactual Baseline case,1.0835082002687746,Industrial
2040,ind,5-10,PJME,PJM / East,AEO2026 Counterfactual Baseline case,0.9621725894412808,Industrial
2040,ind,5-13,PJMD,PJM / Dominion,AEO2026 Counterfactual Baseline case,1.1178364286038878,Industrial
2040,ind,5-12,PJMC,PJM / Commonwealth Edison,AEO2026 Counterfactual Baseline case,1.0994118356116522,Industrial
2040,ind,5-9,NYUP,Northeast Power Coordinating Council / Upstate New York,AEO2026 Counterfactual Baseline case,0.9462043718685327,Industrial
2040,ind,5-7,ISNE,Northeast Power Coordinating Council / New England,AEO2026 Counterfactual Baseline case,0.9353083323329361,Industrial
2040,ind,5-8,NYCW,Northeast Power Coordinating Council / New York City and Long Island,AEO2026 Counterfactual Baseline case,0.9462060275485897,Industrial
2040,ind,5-3,MISW,Midcontinent / West,AEO2026 Counterfactual Baseline case,1.0695562898612097,Industrial
2040,ind,5-6,MISS,Midcontinent / South,AEO2026 Counterfactual Baseline case,1.0933460597653817,Industrial
2040,ind,5-5,MISE,Midcontinent / East,AEO2026 Counterfactual Baseline case,1.0994120107469239,Industrial
2040,ind,5-4,MISC,Midcontinent / Central,AEO2026 Counterfactual Baseline case,1.0959854659796777,Industrial
2040,ind,5-2,FRCC,Florida Reliability Coordinating Council,AEO2026 Counterfactual Baseline case,1.1178362788668044,Industrial
2040,com,5-23,NWPP,Western Electricity Coordinating Council / Northwest Power Pool Area,AEO2026 Counterfactual Baseline case,1.4445687196730415,Commercial
2040,com,5-20,SRSG,Western Electricity Coordinating Council / Southwest,AEO2026 Counterfactual Baseline case,1.6007647738518758,Commercial
2040,com,5-24,RMRG,Western Electricity Coordinating Council / Rockies,AEO2026 Counterfactual Baseline case,1.5967814665684472,Commercial
2040,com,5-22,CASO,Western Electricity Coordinating Council / California South,AEO2026 Counterfactual Baseline case,1.4182880546487804,Commercial
2040,com,5-21,CANO,Western Electricity Coordinating Council / California North,AEO2026 Counterfactual Baseline case,1.4182879833899626,Commercial
2040,com,5-25,BASN,Western Electricity Coordinating Council / Basin,AEO2026 Counterfactual Baseline case,1.62351878795128,Commercial
2040,com,5-1,TRE,Texas Reliability Entity,AEO2026 Counterfactual Baseline case,1.4681568538402388,Commercial
2040,com,5-17,SPPS,Southwest Power Pool / South,AEO2026 Counterfactual Baseline case,1.4795468983790296,Commercial
2040,com,5-19,SPPN,Southwest Power Pool / North,AEO2026 Counterfactual Baseline case,1.2078567173050077,Commercial
2040,com,5-18,SPPC,Southwest Power Pool / Central,AEO2026 Counterfactual Baseline case,1.1957955720325746,Commercial
2040,com,5-15,SRSE,SERC Reliability Corporation / Southeastern,AEO2026 Counterfactual Baseline case,1.3436128917694243,Commercial
2040,ind,5-19,SPPN,Southwest Power Pool / North,AEO2026 Counterfactual Baseline case,1.0563931780318119,Industrial
2040,com,5-14,SRCA,SERC Reliability Corporation / East,AEO2026 Counterfactual Baseline case,1.4023120288806137,Commercial
2040,ind,5-17,SPPS,Southwest Power Pool / South,AEO2026 Counterfactual Baseline case,1.1041632961482601,Industrial
2040,ind,5-25,BASN,Western Electricity Coordinating Council / Basin,AEO2026 Counterfactual Baseline case,1.1892546572113112,Industrial
2040,res,5-22,CASO,Western Electricity Coordinating Council / California South,AEO2026 Counterfactual Baseline case,1.2586333845040056,Residential
2040,res,5-21,CANO,Western Electricity Coordinating Council / California North,AEO2026 Counterfactual Baseline case,1.2586284270472854,Residential
2040,res,5-25,BASN,Western Electricity Coordinating Council / Basin,AEO2026 Counterfactual Baseline case,1.394214515114842,Residential
2040,res,5-1,TRE,Texas Reliability Entity,AEO2026 Counterfactual Baseline case,1.1732381568263712,Residential
2040,res,5-17,SPPS,Southwest Power Pool / South,AEO2026 Counterfactual Baseline case,1.1811188593759256,Residential
2040,res,5-19,SPPN,Southwest Power Pool / North,AEO2026 Counterfactual Baseline case,1.1094963651512464,Residential
2040,res,5-18,SPPC,Southwest Power Pool / Central,AEO2026 Counterfactual Baseline case,1.104938727216143,Residential
2040,res,5-15,SRSE,SERC Reliability Corporation / Southeastern,AEO2026 Counterfactual Baseline case,1.1161426609896397,Residential
2040,res,5-14,SRCA,SERC Reliability Corporation / East,AEO2026 Counterfactual Baseline case,1.1690588052193596,Residential
2040,res,5-16,SRCE,SERC Reliability Corporation / Central,AEO2026 Counterfactual Baseline case,0.9979910362659934,Residential
2040,res,5-11,PJMW,PJM / West,AEO2026 Counterfactual Baseline case,1.1792531448958288,Residential
2040,res,5-10,PJME,PJM / East,AEO2026 Counterfactual Baseline case,1.213406581737659,Residential
2040,res,5-13,PJMD,PJM / Dominion,AEO2026 Counterfactual Baseline case,1.1690586872109756,Residential
2040,res,5-12,PJMC,PJM / Commonwealth Edison,AEO2026 Counterfactual Baseline case,1.2054585504179496,Residential
2040,res,5-9,NYUP,Northeast Power Coordinating Council / Upstate New York,AEO2026 Counterfactual Baseline case,1.2339832609268626,Residential
2040,res,5-7,ISNE,Northeast Power Coordinating Council / New England,AEO2026 Counterfactual Baseline case,1.209406831576018,Residential
2040,res,5-8,NYCW,Northeast Power Coordinating Council / New York City and Long Island,AEO2026 Counterfactual Baseline case,1.2339832938244037,Residential
2040,res,5-3,MISW,Midcontinent / West,AEO2026 Counterfactual Baseline case,1.1413601858772828,Residential
2040,res,5-6,MISS,Midcontinent / South,AEO2026 Counterfactual Baseline case,1.142465644066721,Residential
2040,res,5-5,MISE,Midcontinent / East,AEO2026 Counterfactual Baseline case,1.2054577567731743,Residential
2040,res,5-4,MISC,Midcontinent / Central,AEO2026 Counterfactual Baseline case,1.1648544870407334,Residential
2040,res,5-2,FRCC,Florida Reliability Coordinating Council,AEO2026 Counterfactual Baseline case,1.169058703490379,Residential
2040,ind,5-23,NWPP,Western Electricity Coordinating Council / Northwest Power Pool Area,AEO2026 Counterfactual Baseline case,1.1648665187828844,Industrial
2040,ind,5-20,SRSG,Western Electricity Coordinating Council / Southwest,AEO2026 Counterfactual Baseline case,1.1820142314385855,Industrial
2040,ind,5-24,RMRG,Western Electricity Coordinating Council / Rockies,AEO2026 Counterfactual Baseline case,1.179054636687644,Industrial
2040,ind,5-22,CASO,Western Electricity Coordinating Council / California South,AEO2026 Counterfactual Baseline case,1.1607547133351515,Industrial
2040,ind,5-21,CANO,Western Electricity Coordinating Council / California North,AEO2026 Counterfactual Baseline case,1.1607546962476563,Industrial
2040,ind,5-1,TRE,Texas Reliability Entity,AEO2026 Counterfactual Baseline case,1.0912262952709304,Industrial
2040,res,5-24,RMRG,Western Electricity Coordinating Council / Rockies,AEO2026 Counterfactual Baseline case,1.3779094348751038,Residential
2040,com,5-16,SRCE,SERC Reliability Corporation / Central,AEO2026 Counterfactual Baseline case,1.181028804961837,Commercial
2040,com,5-10,PJME,PJM / East,AEO2026 Counterfactual Baseline case,1.3271942654976558,Commercial
2040,com,5-11,PJMW,PJM / West,AEO2026 Counterfactual Baseline case,1.2581161703980266,Commercial
2040,com,5-13,PJMD,PJM / Dominion,AEO2026 Counterfactual Baseline case,1.4023122201799156,Commercial
2040,com,5-12,PJMC,PJM / Commonwealth Edison,AEO2026 Counterfactual Baseline case,1.2208485475636448,Commercial
2040,com,5-9,NYUP,Northeast Power Coordinating Council / Upstate New York,AEO2026 Counterfactual Baseline case,1.2819859927362431,Commercial
2040,com,5-7,ISNE,Northeast Power Coordinating Council / New England,AEO2026 Counterfactual Baseline case,1.1807637370597304,Commercial
2040,com,5-8,NYCW,Northeast Power Coordinating Council / New York City and Long Island,AEO2026 Counterfactual Baseline case,1.2819860020457705,Commercial
2040,com,5-3,MISW,Midcontinent / West,AEO2026 Counterfactual Baseline case,1.2047864230185552,Commercial
2040,com,5-6,MISS,Midcontinent / South,AEO2026 Counterfactual Baseline case,1.4238593083311053,Commercial
2040,com,5-5,MISE,Midcontinent / East,AEO2026 Counterfactual Baseline case,1.2208484892896199,Commercial
2040,com,5-4,MISC,Midcontinent / Central,AEO2026 Counterfactual Baseline case,1.2115179331421781,Commercial
2040,com,5-2,FRCC,Florida Reliability Coordinating Council,AEO2026 Counterfactual Baseline case,1.4023121925712334,Commercial
2040,res,5-20,SRSG,Western Electricity Coordinating Council / Southwest,AEO2026 Counterfactual Baseline case,1.3781483349378492,Residential
2040,res,5-23,NWPP,Western Electricity Coordinating Council / Northwest Power Pool Area,AEO2026 Counterfactual Baseline case,1.2766571167156084,Residential
2040,trans,5-2,FRCC,Florida Reliability Coordinating Council,AEO2026 Counterfactual Baseline case,1.2029087130444331,Transportation
2040,trans,5-23,NWPP,Western Electricity Coordinating Council / Northwest Power Pool Area,AEO2026 Counterfactual Baseline case,1.3745068457886578,Transportation
2040,trans,5-20,SRSG,Western Electricity Coordinating Council / Southwest,AEO2026 Counterfactual Baseline case,1.6516940170315413,Transportation
2040,trans,5-24,RMRG,Western Electricity Coordinating Council / Rockies,AEO2026 Counterfactual Baseline case,1.702189390050662,Transportation
2040,trans,5-22,CASO,Western Electricity Coordinating Council / California South,AEO2026 Counterfactual Baseline case,1.3591922054915855,Transportation
2040,trans,5-21,CANO,Western Electricity Coordinating Council / California North,AEO2026 Counterfactual Baseline case,1.359190254389108,Transportation
2040,trans,5-25,BASN,Western Electricity Coordinating Council / Basin,AEO2026 Counterfactual Baseline case,1.7006513900197742,Transportation
2040,trans,5-1,TRE,Texas Reliability Entity,AEO2026 Counterfactual Baseline case,1.8818091779465171,Transportation
2040,trans,5-17,SPPS,Southwest Power Pool / South,AEO2026 Counterfactual Baseline case,1.8449513293621964,Transportation
2040,trans,5-19,SPPN,Southwest Power Pool / North,AEO2026 Counterfactual Baseline case,1.4292576993945776,Transportation
2040,trans,5-18,SPPC,Southwest Power Pool / Central,AEO2026 Counterfactual Baseline case,1.4157941635108042,Transportation
2040,trans,5-15,SRSE,SERC Reliability Corporation / Southeastern,AEO2026 Counterfactual Baseline case,1.2022710557247238,Transportation
2040,trans,5-14,SRCA,SERC Reliability Corporation / East,AEO2026 Counterfactual Baseline case,1.202908148713908,Transportation
2040,trans,5-16,SRCE,SERC Reliability Corporation / Central,AEO2026 Counterfactual Baseline case,1.1522076769469713,Transportation
2040,trans,5-11,PJMW,PJM / West,AEO2026 Counterfactual Baseline case,1.044014103752215,Transportation
2040,trans,5-10,PJME,PJM / East,AEO2026 Counterfactual Baseline case,1.1784973051547607,Transportation
2040,trans,5-13,PJMD,PJM / Dominion,AEO2026 Counterfactual Baseline case,1.2029120559114737,Transportation
2040,trans,5-12,PJMC,PJM / Commonwealth Edison,AEO2026 Counterfactual Baseline case,0.8822513037078025,Transportation
2040,trans,5-9,NYUP,Northeast Power Coordinating Council / Upstate New York,AEO2026 Counterfactual Baseline case,1.1775038793366952,Transportation
2040,trans,5-7,ISNE,Northeast Power Coordinating Council / New England,AEO2026 Counterfactual Baseline case,1.3557322782206727,Transportation
2040,trans,5-8,NYCW,Northeast Power Coordinating Council / New York City and Long Island,AEO2026 Counterfactual Baseline case,1.1775045697358646,Transportation
2040,trans,5-3,MISW,Midcontinent / West,AEO2026 Counterfactual Baseline case,0.9756428023141398,Transportation
2040,trans,5-6,MISS,Midcontinent / South,AEO2026 Counterfactual Baseline case,1.8755911028081036,Transportation
2040,trans,5-5,MISE,Midcontinent / East,AEO2026 Counterfactual Baseline case,0.8822553980766518,Transportation
2040,trans,5-4,MISC,Midcontinent / Central,AEO2026 Counterfactual Baseline case,0.9072961312530797,Transportation
2041,trans,5-20,SRSG,Western Electricity Coordinating Council / Southwest,AEO2026 Counterfactual Baseline case,1.6824190148995528,Transportation
2041,res,5-15,SRSE,SERC Reliability Corporation / Southeastern,AEO2026 Counterfactual Baseline case,1.1258960911541587,Residential
2041,res,5-14,SRCA,SERC Reliability Corporation / East,AEO2026 Counterfactual Baseline case,1.1808739305091007,Residential
2041,res,5-16,SRCE,SERC Reliability Corporation / Central,AEO2026 Counterfactual Baseline case,1.0031413214752158,Residential
2041,res,5-11,PJMW,PJM / West,AEO2026 Counterfactual Baseline case,1.1924913076446084,Residential
2041,res,5-10,PJME,PJM / East,AEO2026 Counterfactual Baseline case,1.226986750751563,Residential
2041,res,5-13,PJMD,PJM / Dominion,AEO2026 Counterfactual Baseline case,1.1808738299834987,Residential
2041,res,5-12,PJMC,PJM / Commonwealth Edison,AEO2026 Counterfactual Baseline case,1.2205330443626645,Residential
2041,res,5-9,NYUP,Northeast Power Coordinating Council / Upstate New York,AEO2026 Counterfactual Baseline case,1.2483823221968078,Residential
2041,res,5-7,ISNE,Northeast Power Coordinating Council / New England,AEO2026 Counterfactual Baseline case,1.2237328460150798,Residential
2041,res,5-8,NYCW,Northeast Power Coordinating Council / New York City and Long Island,AEO2026 Counterfactual Baseline case,1.2483824323264914,Residential
2041,res,5-3,MISW,Midcontinent / West,AEO2026 Counterfactual Baseline case,1.1540464459573114,Residential
2041,res,5-6,MISS,Midcontinent / South,AEO2026 Counterfactual Baseline case,1.1575941528267695,Residential
2041,res,5-5,MISE,Midcontinent / East,AEO2026 Counterfactual Baseline case,1.2205321928839223,Residential
2041,res,5-4,MISC,Midcontinent / Central,AEO2026 Counterfactual Baseline case,1.178368692051518,Residential
2041,res,5-2,FRCC,Florida Reliability Coordinating Council,AEO2026 Counterfactual Baseline case,1.1808738160776229,Residential
2041,ind,5-23,NWPP,Western Electricity Coordinating Council / Northwest Power Pool Area,AEO2026 Counterfactual Baseline case,1.1858475178580683,Industrial
2041,ind,5-20,SRSG,Western Electricity Coordinating Council / Southwest,AEO2026 Counterfactual Baseline case,1.2032765385684945,Industrial
2041,ind,5-24,RMRG,Western Electricity Coordinating Council / Rockies,AEO2026 Counterfactual Baseline case,1.2000775063368718,Industrial
2041,ind,5-22,CASO,Western Electricity Coordinating Council / California South,AEO2026 Counterfactual Baseline case,1.1815378617831584,Industrial
2041,ind,5-21,CANO,Western Electricity Coordinating Council / California North,AEO2026 Counterfactual Baseline case,1.181538052652606,Industrial
2041,ind,5-25,BASN,Western Electricity Coordinating Council / Basin,AEO2026 Counterfactual Baseline case,1.2114097348625408,Industrial
2041,ind,5-1,TRE,Texas Reliability Entity,AEO2026 Counterfactual Baseline case,1.098361737449688,Industrial
2041,ind,5-17,SPPS,Southwest Power Pool / South,AEO2026 Counterfactual Baseline case,1.1132772479070465,Industrial
2041,ind,5-19,SPPN,Southwest Power Pool / North,AEO2026 Counterfactual Baseline case,1.0639938972026206,Industrial
2041,ind,5-18,SPPC,Southwest Power Pool / Central,AEO2026 Counterfactual Baseline case,1.0619678901656984,Industrial
2041,ind,5-15,SRSE,SERC Reliability Corporation / Southeastern,AEO2026 Counterfactual Baseline case,1.134459438701987,Industrial
2041,ind,5-14,SRCA,SERC Reliability Corporation / East,AEO2026 Counterfactual Baseline case,1.1298723918112434,Industrial
2041,res,5-18,SPPC,Southwest Power Pool / Central,AEO2026 Counterfactual Baseline case,1.1162716065759701,Residential
2041,res,5-19,SPPN,Southwest Power Pool / North,AEO2026 Counterfactual Baseline case,1.1210107223433499,Residential
2041,res,5-17,SPPS,Southwest Power Pool / South,AEO2026 Counterfactual Baseline case,1.198564878601726,Residential
2041,res,5-1,TRE,Texas Reliability Entity,AEO2026 Counterfactual Baseline case,1.1904761414041376,Residential
2041,trans,5-22,CASO,Western Electricity Coordinating Council / California South,AEO2026 Counterfactual Baseline case,1.376070859167405,Transportation
2041,trans,5-21,CANO,Western Electricity Coordinating Council / California North,AEO2026 Counterfactual Baseline case,1.37606759267746,Transportation
2041,trans,5-25,BASN,Western Electricity Coordinating Council / Basin,AEO2026 Counterfactual Baseline case,1.7336425497266488,Transportation
2041,trans,5-1,TRE,Texas Reliability Entity,AEO2026 Counterfactual Baseline case,1.9260056017635971,Transportation
2041,trans,5-17,SPPS,Southwest Power Pool / South,AEO2026 Counterfactual Baseline case,1.8868226064216187,Transportation
2041,trans,5-19,SPPN,Southwest Power Pool / North,AEO2026 Counterfactual Baseline case,1.4526191102921822,Transportation
2041,trans,5-18,SPPC,Southwest Power Pool / Central,AEO2026 Counterfactual Baseline case,1.4386834484294941,Transportation
2041,trans,5-15,SRSE,SERC Reliability Corporation / Southeastern,AEO2026 Counterfactual Baseline case,1.2087391654007684,Transportation
2041,trans,5-14,SRCA,SERC Reliability Corporation / East,AEO2026 Counterfactual Baseline case,1.2093905746204083,Transportation
2041,trans,5-16,SRCE,SERC Reliability Corporation / Central,AEO2026 Counterfactual Baseline case,1.1577546039494122,Transportation
2041,trans,5-11,PJMW,PJM / West,AEO2026 Counterfactual Baseline case,1.0468938829893832,Transportation
2041,trans,5-10,PJME,PJM / East,AEO2026 Counterfactual Baseline case,1.182444188642955,Transportation
2041,trans,5-13,PJMD,PJM / Dominion,AEO2026 Counterfactual Baseline case,1.2093902602929978,Transportation
2041,ind,5-16,SRCE,SERC Reliability Corporation / Central,AEO2026 Counterfactual Baseline case,1.1397625871737656,Industrial
2041,trans,5-12,PJMC,PJM / Commonwealth Edison,AEO2026 Counterfactual Baseline case,0.8835824167793328,Transportation
2041,trans,5-7,ISNE,Northeast Power Coordinating Council / New England,AEO2026 Counterfactual Baseline case,1.3625565588701936,Transportation
2041,trans,5-8,NYCW,Northeast Power Coordinating Council / New York City and Long Island,AEO2026 Counterfactual Baseline case,1.1813483880314535,Transportation
2041,trans,5-3,MISW,Midcontinent / West,AEO2026 Counterfactual Baseline case,0.9807481286480415,Transportation
2041,trans,5-6,MISS,Midcontinent / South,AEO2026 Counterfactual Baseline case,1.9194932570494483,Transportation
2041,trans,5-5,MISE,Midcontinent / East,AEO2026 Counterfactual Baseline case,0.8835860164109595,Transportation
2041,trans,5-4,MISC,Midcontinent / Central,AEO2026 Counterfactual Baseline case,0.9096358847281454,Transportation
2041,trans,5-2,FRCC,Florida Reliability Coordinating Council,AEO2026 Counterfactual Baseline case,1.2093927016055792,Transportation
2041,res,5-23,NWPP,Western Electricity Coordinating Council / Northwest Power Pool Area,AEO2026 Counterfactual Baseline case,1.2862485899170932,Residential
2041,res,5-20,SRSG,Western Electricity Coordinating Council / Southwest,AEO2026 Counterfactual Baseline case,1.4003186683579592,Residential
2041,res,5-24,RMRG,Western Electricity Coordinating Council / Rockies,AEO2026 Counterfactual Baseline case,1.4003009734166147,Residential
2041,res,5-22,CASO,Western Electricity Coordinating Council / California South,AEO2026 Counterfactual Baseline case,1.266174199663663,Residential
2041,res,5-21,CANO,Western Electricity Coordinating Council / California North,AEO2026 Counterfactual Baseline case,1.2661687095621095,Residential
2041,res,5-25,BASN,Western Electricity Coordinating Council / Basin,AEO2026 Counterfactual Baseline case,1.417181283943197,Residential
2041,trans,5-9,NYUP,Northeast Power Coordinating Council / Upstate New York,AEO2026 Counterfactual Baseline case,1.1813474467916294,Transportation
2041,ind,5-11,PJMW,PJM / West,AEO2026 Counterfactual Baseline case,1.0916526057307048,Industrial
2041,ind,5-13,PJMD,PJM / Dominion,AEO2026 Counterfactual Baseline case,1.1298725951189552,Industrial
2041,com,5-4,MISC,Midcontinent / Central,AEO2026 Counterfactual Baseline case,1.2265269171438284,Commercial
2041,com,5-2,FRCC,Florida Reliability Coordinating Council,AEO2026 Counterfactual Baseline case,1.432288800478377,Commercial
2041,com,5-5,MISE,Midcontinent / East,AEO2026 Counterfactual Baseline case,1.236459019561448,Commercial
2041,com,5-6,MISS,Midcontinent / South,AEO2026 Counterfactual Baseline case,1.450893661511394,Commercial
2041,com,5-3,MISW,Midcontinent / West,AEO2026 Counterfactual Baseline case,1.2193692680259645,Commercial
2041,com,5-8,NYCW,Northeast Power Coordinating Council / New York City and Long Island,AEO2026 Counterfactual Baseline case,1.3045543531592638,Commercial
2041,ind,5-12,PJMC,PJM / Commonwealth Edison,AEO2026 Counterfactual Baseline case,1.1077507795781107,Industrial
2041,ind,5-9,NYUP,Northeast Power Coordinating Council / Upstate New York,AEO2026 Counterfactual Baseline case,0.9463469806814836,Industrial
2041,ind,5-7,ISNE,Northeast Power Coordinating Council / New England,AEO2026 Counterfactual Baseline case,0.9354434603622794,Industrial
2041,ind,5-8,NYCW,Northeast Power Coordinating Council / New York City and Long Island,AEO2026 Counterfactual Baseline case,0.9463484309731763,Industrial
2041,ind,5-3,MISW,Midcontinent / West,AEO2026 Counterfactual Baseline case,1.0772707920682467,Industrial
2041,ind,5-6,MISS,Midcontinent / South,AEO2026 Counterfactual Baseline case,1.1007229210676432,Industrial
2041,ind,5-5,MISE,Midcontinent / East,AEO2026 Counterfactual Baseline case,1.107750918374931,Industrial
2041,ind,5-4,MISC,Midcontinent / Central,AEO2026 Counterfactual Baseline case,1.1045004812355275,Industrial
2041,ind,5-2,FRCC,Florida Reliability Coordinating Council,AEO2026 Counterfactual Baseline case,1.129872454226647,Industrial
2041,com,5-23,NWPP,Western Electricity Coordinating Council / Northwest Power Pool Area,AEO2026 Counterfactual Baseline case,1.4761323846846233,Commercial
2041,com,5-20,SRSG,Western Electricity Coordinating Council / Southwest,AEO2026 Counterfactual Baseline case,1.6486077621621764,Commercial
2041,com,5-24,RMRG,Western Electricity Coordinating Council / Rockies,AEO2026 Counterfactual Baseline case,1.6451044534876236,Commercial
2041,com,5-22,CASO,Western Electricity Coordinating Council / California South,AEO2026 Counterfactual Baseline case,1.447058647976335,Commercial
2041,ind,5-10,PJME,PJM / East,AEO2026 Counterfactual Baseline case,0.9634217707709396,Industrial
2041,com,5-21,CANO,Western Electricity Coordinating Council / California North,AEO2026 Counterfactual Baseline case,1.4470585101414057,Commercial
2041,com,5-1,TRE,Texas Reliability Entity,AEO2026 Counterfactual Baseline case,1.4977978668855232,Commercial
2041,com,5-17,SPPS,Southwest Power Pool / South,AEO2026 Counterfactual Baseline case,1.5107200521272217,Commercial
2041,com,5-19,SPPN,Southwest Power Pool / North,AEO2026 Counterfactual Baseline case,1.2229051887261944,Commercial
2041,com,5-18,SPPC,Southwest Power Pool / Central,AEO2026 Counterfactual Baseline case,1.2098018786578635,Commercial
2041,com,5-15,SRSE,SERC Reliability Corporation / Southeastern,AEO2026 Counterfactual Baseline case,1.3690319316673527,Commercial
2041,com,5-14,SRCA,SERC Reliability Corporation / East,AEO2026 Counterfactual Baseline case,1.4322886373325177,Commercial
2041,com,5-16,SRCE,SERC Reliability Corporation / Central,AEO2026 Counterfactual Baseline case,1.1938237740169457,Commercial
2041,com,5-11,PJMW,PJM / West,AEO2026 Counterfactual Baseline case,1.2769407952128564,Commercial
2041,com,5-10,PJME,PJM / East,AEO2026 Counterfactual Baseline case,1.3525459702813873,Commercial
2041,com,5-13,PJMD,PJM / Dominion,AEO2026 Counterfactual Baseline case,1.4322888496776545,Commercial
2041,com,5-12,PJMC,PJM / Commonwealth Edison,AEO2026 Counterfactual Baseline case,1.2364590626249607,Commercial
2041,com,5-9,NYUP,Northeast Power Coordinating Council / Upstate New York,AEO2026 Counterfactual Baseline case,1.3045543796971257,Commercial
2041,com,5-7,ISNE,Northeast Power Coordinating Council / New England,AEO2026 Counterfactual Baseline case,1.1992270642214522,Commercial
2041,com,5-25,BASN,Western Electricity Coordinating Council / Basin,AEO2026 Counterfactual Baseline case,1.6741005781296918,Commercial
2041,trans,5-24,RMRG,Western Electricity Coordinating Council / Rockies,AEO2026 Counterfactual Baseline case,1.7353538509607875,Transportation
2041,trans,5-23,NWPP,Western Electricity Coordinating Council / Northwest Power Pool Area,AEO2026 Counterfactual Baseline case,1.3921077366092542,Transportation
2042,trans,5-23,NWPP,Western Electricity Coordinating Council / Northwest Power Pool Area,AEO2026 Counterfactual Baseline case,1.4135101803791974,Transportation
2042,trans,5-20,SRSG,Western Electricity Coordinating Council / Southwest,AEO2026 Counterfactual Baseline case,1.717542000170559,Transportation
2042,trans,5-22,CASO,Western Electricity Coordinating Council / California South,AEO2026 Counterfactual Baseline case,1.3967085916740478,Transportation
2042,com,5-7,ISNE,Northeast Power Coordinating Council / New England,AEO2026 Counterfactual Baseline case,1.2011407083341297,Commercial
2042,com,5-9,NYUP,Northeast Power Coordinating Council / Upstate New York,AEO2026 Counterfactual Baseline case,1.3223608311548645,Commercial
2042,com,5-12,PJMC,PJM / Commonwealth Edison,AEO2026 Counterfactual Baseline case,1.2510080248226705,Commercial
2042,com,5-13,PJMD,PJM / Dominion,AEO2026 Counterfactual Baseline case,1.4615437020679245,Commercial
2042,com,5-10,PJME,PJM / East,AEO2026 Counterfactual Baseline case,1.3746538162512127,Commercial
2042,com,5-11,PJMW,PJM / West,AEO2026 Counterfactual Baseline case,1.2944222287364733,Commercial
2042,com,5-16,SRCE,SERC Reliability Corporation / Central,AEO2026 Counterfactual Baseline case,1.206883274711298,Commercial
2042,com,5-14,SRCA,SERC Reliability Corporation / East,AEO2026 Counterfactual Baseline case,1.4615434248927817,Commercial
2042,com,5-15,SRSE,SERC Reliability Corporation / Southeastern,AEO2026 Counterfactual Baseline case,1.3939905562420716,Commercial
2042,com,5-18,SPPC,Southwest Power Pool / Central,AEO2026 Counterfactual Baseline case,1.2226067773311393,Commercial
2042,com,5-19,SPPN,Southwest Power Pool / North,AEO2026 Counterfactual Baseline case,1.2368025507364078,Commercial
2042,com,5-17,SPPS,Southwest Power Pool / South,AEO2026 Counterfactual Baseline case,1.5402059543663327,Commercial
2042,com,5-1,TRE,Texas Reliability Entity,AEO2026 Counterfactual Baseline case,1.5255790128443274,Commercial
2042,com,5-25,BASN,Western Electricity Coordinating Council / Basin,AEO2026 Counterfactual Baseline case,1.7251675460637728,Commercial
2042,com,5-21,CANO,Western Electricity Coordinating Council / California North,AEO2026 Counterfactual Baseline case,1.4725319128603578,Commercial
2042,com,5-22,CASO,Western Electricity Coordinating Council / California South,AEO2026 Counterfactual Baseline case,1.4725319335545253,Commercial
2042,com,5-24,RMRG,Western Electricity Coordinating Council / Rockies,AEO2026 Counterfactual Baseline case,1.6938266236599129,Commercial
2042,com,5-20,SRSG,Western Electricity Coordinating Council / Southwest,AEO2026 Counterfactual Baseline case,1.6965538992835092,Commercial
2042,com,5-23,NWPP,Western Electricity Coordinating Council / Northwest Power Pool Area,AEO2026 Counterfactual Baseline case,1.5048832116903095,Commercial
2042,ind,5-2,FRCC,Florida Reliability Coordinating Council,AEO2026 Counterfactual Baseline case,1.1394855397896575,Industrial
2042,ind,5-4,MISC,Midcontinent / Central,AEO2026 Counterfactual Baseline case,1.1105902736488715,Industrial
2042,ind,5-5,MISE,Midcontinent / East,AEO2026 Counterfactual Baseline case,1.113654135968512,Industrial
2042,ind,5-6,MISS,Midcontinent / South,AEO2026 Counterfactual Baseline case,1.10842108603847,Industrial
2042,ind,5-3,MISW,Midcontinent / West,AEO2026 Counterfactual Baseline case,1.0827461820264683,Industrial
2042,ind,5-8,NYCW,Northeast Power Coordinating Council / New York City and Long Island,AEO2026 Counterfactual Baseline case,0.9446482203887182,Industrial
2042,ind,5-7,ISNE,Northeast Power Coordinating Council / New England,AEO2026 Counterfactual Baseline case,0.9335475010078381,Industrial
2042,ind,5-9,NYUP,Northeast Power Coordinating Council / Upstate New York,AEO2026 Counterfactual Baseline case,0.9446475589938189,Industrial
2042,com,5-8,NYCW,Northeast Power Coordinating Council / New York City and Long Island,AEO2026 Counterfactual Baseline case,1.3223608161611335,Commercial
2042,ind,5-12,PJMC,PJM / Commonwealth Edison,AEO2026 Counterfactual Baseline case,1.1136540856880814,Industrial
2042,com,5-3,MISW,Midcontinent / West,AEO2026 Counterfactual Baseline case,1.2328028102012563,Commercial
2042,com,5-5,MISE,Midcontinent / East,AEO2026 Counterfactual Baseline case,1.251008089112119,Commercial
2042,com,5-2,FRCC,Florida Reliability Coordinating Council,AEO2026 Counterfactual Baseline case,1.4615435242868526,Commercial
2042,com,5-4,MISC,Midcontinent / Central,AEO2026 Counterfactual Baseline case,1.2404476349633813,Commercial
2042,com,5-6,MISS,Midcontinent / South,AEO2026 Counterfactual Baseline case,1.4763947959243013,Commercial
2042,ind,5-13,PJMD,PJM / Dominion,AEO2026 Counterfactual Baseline case,1.139485586388605,Industrial
2042,ind,5-10,PJME,PJM / East,AEO2026 Counterfactual Baseline case,0.962774895383356,Industrial
2042,ind,5-11,PJMW,PJM / West,AEO2026 Counterfactual Baseline case,1.0974259739776075,Industrial
2042,res,5-25,BASN,Western Electricity Coordinating Council / Basin,AEO2026 Counterfactual Baseline case,1.4410142093621157,Residential
2042,res,5-21,CANO,Western Electricity Coordinating Council / California North,AEO2026 Counterfactual Baseline case,1.2721789629422224,Residential
2042,res,5-22,CASO,Western Electricity Coordinating Council / California South,AEO2026 Counterfactual Baseline case,1.2721850906618504,Residential
2042,res,5-24,RMRG,Western Electricity Coordinating Council / Rockies,AEO2026 Counterfactual Baseline case,1.42356158872607,Residential
2042,res,5-20,SRSG,Western Electricity Coordinating Council / Southwest,AEO2026 Counterfactual Baseline case,1.4231923705108578,Residential
2042,res,5-23,NWPP,Western Electricity Coordinating Council / Northwest Power Pool Area,AEO2026 Counterfactual Baseline case,1.2946287585440195,Residential
2042,trans,5-2,FRCC,Florida Reliability Coordinating Council,AEO2026 Counterfactual Baseline case,1.2187744205595237,Transportation
2042,trans,5-4,MISC,Midcontinent / Central,AEO2026 Counterfactual Baseline case,0.9102846345553227,Transportation
2042,trans,5-5,MISE,Midcontinent / East,AEO2026 Counterfactual Baseline case,0.8830164714421079,Transportation
2042,trans,5-6,MISS,Midcontinent / South,AEO2026 Counterfactual Baseline case,1.960739097437095,Transportation
2042,trans,5-3,MISW,Midcontinent / West,AEO2026 Counterfactual Baseline case,0.9847252345307582,Transportation
2042,trans,5-8,NYCW,Northeast Power Coordinating Council / New York City and Long Island,AEO2026 Counterfactual Baseline case,1.185948948421322,Transportation
2042,trans,5-7,ISNE,Northeast Power Coordinating Council / New England,AEO2026 Counterfactual Baseline case,1.371594225608681,Transportation
2042,trans,5-9,NYUP,Northeast Power Coordinating Council / Upstate New York,AEO2026 Counterfactual Baseline case,1.185948021440733,Transportation
2042,trans,5-12,PJMC,PJM / Commonwealth Edison,AEO2026 Counterfactual Baseline case,0.8830134311918943,Transportation
2042,trans,5-13,PJMD,PJM / Dominion,AEO2026 Counterfactual Baseline case,1.21877156041396,Transportation
2042,trans,5-10,PJME,PJM / East,AEO2026 Counterfactual Baseline case,1.1872320781561942,Transportation
2042,trans,5-11,PJMW,PJM / West,AEO2026 Counterfactual Baseline case,1.0494639432449075,Transportation
2042,trans,5-16,SRCE,SERC Reliability Corporation / Central,AEO2026 Counterfactual Baseline case,1.1648546705125362,Transportation
2042,trans,5-14,SRCA,SERC Reliability Corporation / East,AEO2026 Counterfactual Baseline case,1.2187734148027478,Transportation
2042,trans,5-15,SRSE,SERC Reliability Corporation / Southeastern,AEO2026 Counterfactual Baseline case,1.2180942103201062,Transportation
2042,trans,5-18,SPPC,Southwest Power Pool / Central,AEO2026 Counterfactual Baseline case,1.4641345511249722,Transportation
2042,trans,5-19,SPPN,Southwest Power Pool / North,AEO2026 Counterfactual Baseline case,1.478612792840221,Transportation
2042,trans,5-17,SPPS,Southwest Power Pool / South,AEO2026 Counterfactual Baseline case,1.9276187708847885,Transportation
2042,trans,5-1,TRE,Texas Reliability Entity,AEO2026 Counterfactual Baseline case,1.9675395904109736,Transportation
2042,trans,5-25,BASN,Western Electricity Coordinating Council / Basin,AEO2026 Counterfactual Baseline case,1.7713010352448528,Transportation
2042,trans,5-21,CANO,Western Electricity Coordinating Council / California North,AEO2026 Counterfactual Baseline case,1.3967070234057977,Transportation
2042,res,5-1,TRE,Texas Reliability Entity,AEO2026 Counterfactual Baseline case,1.2069505224126398,Residential
2042,res,5-17,SPPS,Southwest Power Pool / South,AEO2026 Counterfactual Baseline case,1.2153055704367237,Residential
2042,res,5-19,SPPN,Southwest Power Pool / North,AEO2026 Counterfactual Baseline case,1.1331173744289682,Residential
2042,res,5-18,SPPC,Southwest Power Pool / Central,AEO2026 Counterfactual Baseline case,1.128190827246298,Residential
2042,ind,5-16,SRCE,SERC Reliability Corporation / Central,AEO2026 Counterfactual Baseline case,1.1484057201313003,Industrial
2042,ind,5-14,SRCA,SERC Reliability Corporation / East,AEO2026 Counterfactual Baseline case,1.1394856117228638,Industrial
2042,ind,5-15,SRSE,SERC Reliability Corporation / Southeastern,AEO2026 Counterfactual Baseline case,1.1436225516607785,Industrial
2042,ind,5-18,SPPC,Southwest Power Pool / Central,AEO2026 Counterfactual Baseline case,1.0672287022535965,Industrial
2042,ind,5-19,SPPN,Southwest Power Pool / North,AEO2026 Counterfactual Baseline case,1.0694241410891578,Industrial
2042,ind,5-17,SPPS,Southwest Power Pool / South,AEO2026 Counterfactual Baseline case,1.1222531022575901,Industrial
2042,ind,5-1,TRE,Texas Reliability Entity,AEO2026 Counterfactual Baseline case,1.1060037736364425,Industrial
2042,ind,5-25,BASN,Western Electricity Coordinating Council / Basin,AEO2026 Counterfactual Baseline case,1.2291848704549335,Industrial
2042,ind,5-21,CANO,Western Electricity Coordinating Council / California North,AEO2026 Counterfactual Baseline case,1.1991510349776002,Industrial
2042,ind,5-22,CASO,Western Electricity Coordinating Council / California South,AEO2026 Counterfactual Baseline case,1.1991507527970686,Industrial
2042,ind,5-24,RMRG,Western Electricity Coordinating Council / Rockies,AEO2026 Counterfactual Baseline case,1.2168837845557456,Industrial
2042,ind,5-20,SRSG,Western Electricity Coordinating Council / Southwest,AEO2026 Counterfactual Baseline case,1.2205043504343334,Industrial
2042,ind,5-23,NWPP,Western Electricity Coordinating Council / Northwest Power Pool Area,AEO2026 Counterfactual Baseline case,1.2034839781514255,Industrial
2042,res,5-2,FRCC,Florida Reliability Coordinating Council,AEO2026 Counterfactual Baseline case,1.192764666754611,Residential
2042,res,5-5,MISE,Midcontinent / East,AEO2026 Counterfactual Baseline case,1.235309773024714,Residential
2042,res,5-6,MISS,Midcontinent / South,AEO2026 Counterfactual Baseline case,1.172323792281271,Residential
2042,res,5-3,MISW,Midcontinent / West,AEO2026 Counterfactual Baseline case,1.166999501006505,Residential
2042,res,5-8,NYCW,Northeast Power Coordinating Council / New York City and Long Island,AEO2026 Counterfactual Baseline case,1.2602084498662904,Residential
2042,res,5-7,ISNE,Northeast Power Coordinating Council / New England,AEO2026 Counterfactual Baseline case,1.2339399241024438,Residential
2042,res,5-9,NYUP,Northeast Power Coordinating Council / Upstate New York,AEO2026 Counterfactual Baseline case,1.2602085909714635,Residential
2042,res,5-12,PJMC,PJM / Commonwealth Edison,AEO2026 Counterfactual Baseline case,1.2353105899909713,Residential
2042,res,5-13,PJMD,PJM / Dominion,AEO2026 Counterfactual Baseline case,1.192764610486219,Residential
2042,res,5-10,PJME,PJM / East,AEO2026 Counterfactual Baseline case,1.2388333052936848,Residential
2042,res,5-11,PJMW,PJM / West,AEO2026 Counterfactual Baseline case,1.2053942068904981,Residential
2042,res,5-16,SRCE,SERC Reliability Corporation / Central,AEO2026 Counterfactual Baseline case,1.0096161293757209,Residential
2042,res,5-14,SRCA,SERC Reliability Corporation / East,AEO2026 Counterfactual Baseline case,1.192764621732756,Residential
2042,res,5-15,SRSE,SERC Reliability Corporation / Southeastern,AEO2026 Counterfactual Baseline case,1.1361116383247896,Residential
2042,res,5-4,MISC,Midcontinent / Central,AEO2026 Counterfactual Baseline case,1.1919386445588966,Residential
2042,trans,5-24,RMRG,Western Electricity Coordinating Council / Rockies,AEO2026 Counterfactual Baseline case,1.773138125739282,Transportation
2043,res,5-19,SPPN,Southwest Power Pool / North,AEO2026 Counterfactual Baseline case,1.145488633054413,Residential
2043,trans,5-3,MISW,Midcontinent / West,AEO2026 Counterfactual Baseline case,0.9920560916176826,Transportation
2043,trans,5-6,MISS,Midcontinent / South,AEO2026 Counterfactual Baseline case,2.0057504816393252,Transportation
2043,trans,5-5,MISE,Midcontinent / East,AEO2026 Counterfactual Baseline case,0.8880415717425051,Transportation
2043,trans,5-4,MISC,Midcontinent / Central,AEO2026 Counterfactual Baseline case,0.9159284035436629,Transportation
2043,trans,5-2,FRCC,Florida Reliability Coordinating Council,AEO2026 Counterfactual Baseline case,1.2188546783983916,Transportation
2043,res,5-23,NWPP,Western Electricity Coordinating Council / Northwest Power Pool Area,AEO2026 Counterfactual Baseline case,1.3029899661648225,Residential
2043,trans,5-8,NYCW,Northeast Power Coordinating Council / New York City and Long Island,AEO2026 Counterfactual Baseline case,1.1881883501789363,Transportation
2043,res,5-20,SRSG,Western Electricity Coordinating Council / Southwest,AEO2026 Counterfactual Baseline case,1.445732239424852,Residential
2043,res,5-22,CASO,Western Electricity Coordinating Council / California South,AEO2026 Counterfactual Baseline case,1.2782167242892213,Residential
2043,res,5-21,CANO,Western Electricity Coordinating Council / California North,AEO2026 Counterfactual Baseline case,1.278210036021425,Residential
2043,res,5-25,BASN,Western Electricity Coordinating Council / Basin,AEO2026 Counterfactual Baseline case,1.464571509240301,Residential
2043,res,5-1,TRE,Texas Reliability Entity,AEO2026 Counterfactual Baseline case,1.2218802639898023,Residential
2043,res,5-17,SPPS,Southwest Power Pool / South,AEO2026 Counterfactual Baseline case,1.2305470596996761,Residential
2043,res,5-24,RMRG,Western Electricity Coordinating Council / Rockies,AEO2026 Counterfactual Baseline case,1.4465768306248883,Residential
2043,trans,5-7,ISNE,Northeast Power Coordinating Council / New England,AEO2026 Counterfactual Baseline case,1.376310892601806,Transportation
2043,trans,5-12,PJMC,PJM / Commonwealth Edison,AEO2026 Counterfactual Baseline case,0.8880403405561443,Transportation
2043,trans,5-21,CANO,Western Electricity Coordinating Council / California North,AEO2026 Counterfactual Baseline case,1.4120511944539342,Transportation
2043,trans,5-25,BASN,Western Electricity Coordinating Council / Basin,AEO2026 Counterfactual Baseline case,1.8028527393276725,Transportation
2043,trans,5-1,TRE,Texas Reliability Entity,AEO2026 Counterfactual Baseline case,2.0128755364806867,Transportation
2043,trans,5-17,SPPS,Southwest Power Pool / South,AEO2026 Counterfactual Baseline case,1.9701002469853262,Transportation
2043,trans,5-9,NYUP,Northeast Power Coordinating Council / Upstate New York,AEO2026 Counterfactual Baseline case,1.18818782623173,Transportation
2043,trans,5-19,SPPN,Southwest Power Pool / North,AEO2026 Counterfactual Baseline case,1.4974335351408266,Transportation
2043,trans,5-15,SRSE,SERC Reliability Corporation / Southeastern,AEO2026 Counterfactual Baseline case,1.2182041888055648,Transportation
2043,trans,5-14,SRCA,SERC Reliability Corporation / East,AEO2026 Counterfactual Baseline case,1.2188507591834365,Transportation
2043,trans,5-16,SRCE,SERC Reliability Corporation / Central,AEO2026 Counterfactual Baseline case,1.1675171954737076,Transportation
2043,trans,5-11,PJMW,PJM / West,AEO2026 Counterfactual Baseline case,1.0528295561787722,Transportation
2043,trans,5-10,PJME,PJM / East,AEO2026 Counterfactual Baseline case,1.1893881708227192,Transportation
2043,trans,5-13,PJMD,PJM / Dominion,AEO2026 Counterfactual Baseline case,1.2188522019622778,Transportation
2043,trans,5-18,SPPC,Southwest Power Pool / Central,AEO2026 Counterfactual Baseline case,1.4823457340164847,Transportation
2043,trans,5-22,CASO,Western Electricity Coordinating Council / California South,AEO2026 Counterfactual Baseline case,1.4120531443755537,Transportation
2043,res,5-18,SPPC,Southwest Power Pool / Central,AEO2026 Counterfactual Baseline case,1.1403813564507015,Residential
2043,res,5-15,SRSE,SERC Reliability Corporation / Southeastern,AEO2026 Counterfactual Baseline case,1.1460008746482848,Residential
2043,res,5-16,SRCE,SERC Reliability Corporation / Central,AEO2026 Counterfactual Baseline case,1.0160248550062816,Residential
2043,ind,5-10,PJME,PJM / East,AEO2026 Counterfactual Baseline case,0.9609899210783878,Industrial
2043,ind,5-13,PJMD,PJM / Dominion,AEO2026 Counterfactual Baseline case,1.146562329666714,Industrial
2043,ind,5-12,PJMC,PJM / Commonwealth Edison,AEO2026 Counterfactual Baseline case,1.1163707734637727,Industrial
2043,ind,5-9,NYUP,Northeast Power Coordinating Council / Upstate New York,AEO2026 Counterfactual Baseline case,0.941953484389997,Industrial
2043,ind,5-7,ISNE,Northeast Power Coordinating Council / New England,AEO2026 Counterfactual Baseline case,0.9304201105959754,Industrial
2043,ind,5-8,NYCW,Northeast Power Coordinating Council / New York City and Long Island,AEO2026 Counterfactual Baseline case,0.9419511858321539,Industrial
2043,ind,5-11,PJMW,PJM / West,AEO2026 Counterfactual Baseline case,1.1005788910862127,Industrial
2043,ind,5-3,MISW,Midcontinent / West,AEO2026 Counterfactual Baseline case,1.0855881828022713,Industrial
2043,ind,5-5,MISE,Midcontinent / East,AEO2026 Counterfactual Baseline case,1.1163707546408967,Industrial
2043,ind,5-4,MISC,Midcontinent / Central,AEO2026 Counterfactual Baseline case,1.1137850028066871,Industrial
2043,ind,5-2,FRCC,Florida Reliability Coordinating Council,AEO2026 Counterfactual Baseline case,1.1465622962324844,Industrial
2043,com,5-23,NWPP,Western Electricity Coordinating Council / Northwest Power Pool Area,AEO2026 Counterfactual Baseline case,1.5313137140558024,Commercial
2043,com,5-20,SRSG,Western Electricity Coordinating Council / Southwest,AEO2026 Counterfactual Baseline case,1.7431250916582361,Commercial
2043,com,5-24,RMRG,Western Electricity Coordinating Council / Rockies,AEO2026 Counterfactual Baseline case,1.7413446643256116,Commercial
2043,ind,5-6,MISS,Midcontinent / South,AEO2026 Counterfactual Baseline case,1.1150786027278652,Industrial
2043,ind,5-16,SRCE,SERC Reliability Corporation / Central,AEO2026 Counterfactual Baseline case,1.1555606241915137,Industrial
2043,ind,5-15,SRSE,SERC Reliability Corporation / Southeastern,AEO2026 Counterfactual Baseline case,1.1507356571076852,Industrial
2043,ind,5-23,NWPP,Western Electricity Coordinating Council / Northwest Power Pool Area,AEO2026 Counterfactual Baseline case,1.2176004016624775,Industrial
2043,ind,5-20,SRSG,Western Electricity Coordinating Council / Southwest,AEO2026 Counterfactual Baseline case,1.2348459835912209,Industrial
2043,ind,5-14,SRCA,SERC Reliability Corporation / East,AEO2026 Counterfactual Baseline case,1.146562225682336,Industrial
2043,ind,5-24,RMRG,Western Electricity Coordinating Council / Rockies,AEO2026 Counterfactual Baseline case,1.2308022181539857,Industrial
2043,ind,5-21,CANO,Western Electricity Coordinating Council / California North,AEO2026 Counterfactual Baseline case,1.2131459976351848,Industrial
2043,ind,5-25,BASN,Western Electricity Coordinating Council / Basin,AEO2026 Counterfactual Baseline case,1.2440210830590863,Industrial
2043,ind,5-1,TRE,Texas Reliability Entity,AEO2026 Counterfactual Baseline case,1.1126311223210412,Industrial
2043,ind,5-17,SPPS,Southwest Power Pool / South,AEO2026 Counterfactual Baseline case,1.1299619916230705,Industrial
2043,ind,5-19,SPPN,Southwest Power Pool / North,AEO2026 Counterfactual Baseline case,1.0724904998662583,Industrial
2043,ind,5-18,SPPC,Southwest Power Pool / Central,AEO2026 Counterfactual Baseline case,1.0701335653203763,Industrial
2043,ind,5-22,CASO,Western Electricity Coordinating Council / California South,AEO2026 Counterfactual Baseline case,1.2131458671223545,Industrial
2043,res,5-14,SRCA,SERC Reliability Corporation / East,AEO2026 Counterfactual Baseline case,1.2042127109581526,Residential
2043,res,5-11,PJMW,PJM / West,AEO2026 Counterfactual Baseline case,1.217870208458041,Residential
2043,res,5-10,PJME,PJM / East,AEO2026 Counterfactual Baseline case,1.249605818698403,Residential
2043,res,5-13,PJMD,PJM / Dominion,AEO2026 Counterfactual Baseline case,1.204212596140675,Residential
2043,res,5-12,PJMC,PJM / Commonwealth Edison,AEO2026 Counterfactual Baseline case,1.2498145574407964,Residential
2043,res,5-9,NYUP,Northeast Power Coordinating Council / Upstate New York,AEO2026 Counterfactual Baseline case,1.2706674693936648,Residential
2043,res,5-7,ISNE,Northeast Power Coordinating Council / New England,AEO2026 Counterfactual Baseline case,1.2431198052504648,Residential
2043,res,5-8,NYCW,Northeast Power Coordinating Council / New York City and Long Island,AEO2026 Counterfactual Baseline case,1.2706676584399792,Residential
2043,res,5-6,MISS,Midcontinent / South,AEO2026 Counterfactual Baseline case,1.1857656814968132,Residential
2043,res,5-5,MISE,Midcontinent / East,AEO2026 Counterfactual Baseline case,1.2498136332305676,Residential
2043,res,5-4,MISC,Midcontinent / Central,AEO2026 Counterfactual Baseline case,1.2054355904535252,Residential
2043,res,5-2,FRCC,Florida Reliability Coordinating Council,AEO2026 Counterfactual Baseline case,1.2042126554965484,Residential
2043,res,5-3,MISW,Midcontinent / West,AEO2026 Counterfactual Baseline case,1.1800274177936974,Residential
2043,trans,5-24,RMRG,Western Electricity Coordinating Council / Rockies,AEO2026 Counterfactual Baseline case,1.8047626486932844,Transportation
2043,trans,5-20,SRSG,Western Electricity Coordinating Council / Southwest,AEO2026 Counterfactual Baseline case,1.7468659771207191,Transportation
2043,com,5-22,CASO,Western Electricity Coordinating Council / California South,AEO2026 Counterfactual Baseline case,1.4955240540541699,Commercial
2043,com,5-21,CANO,Western Electricity Coordinating Council / California North,AEO2026 Counterfactual Baseline case,1.4955239397198494,Commercial
2043,com,5-1,TRE,Texas Reliability Entity,AEO2026 Counterfactual Baseline case,1.550998480443434,Commercial
2043,trans,5-23,NWPP,Western Electricity Coordinating Council / Northwest Power Pool Area,AEO2026 Counterfactual Baseline case,1.4295814699737186,Transportation
2043,com,5-25,BASN,Western Electricity Coordinating Council / Basin,AEO2026 Counterfactual Baseline case,1.7750126952716225,Commercial
2043,com,5-17,SPPS,Southwest Power Pool / South,AEO2026 Counterfactual Baseline case,1.5674134201949383,Commercial
2043,com,5-19,SPPN,Southwest Power Pool / North,AEO2026 Counterfactual Baseline case,1.2496266706668433,Commercial
2043,com,5-18,SPPC,Southwest Power Pool / Central,AEO2026 Counterfactual Baseline case,1.2343411659342263,Commercial
2043,com,5-15,SRSE,SERC Reliability Corporation / Southeastern,AEO2026 Counterfactual Baseline case,1.4177110764877658,Commercial
2043,com,5-14,SRCA,SERC Reliability Corporation / East,AEO2026 Counterfactual Baseline case,1.4895989484084304,Commercial
2043,com,5-16,SRCE,SERC Reliability Corporation / Central,AEO2026 Counterfactual Baseline case,1.2185971809401346,Commercial
2043,com,5-11,PJMW,PJM / West,AEO2026 Counterfactual Baseline case,1.3106216884025281,Commercial
2043,com,5-10,PJME,PJM / East,AEO2026 Counterfactual Baseline case,1.3950956989169365,Commercial
2043,com,5-13,PJMD,PJM / Dominion,AEO2026 Counterfactual Baseline case,1.4895992216952307,Commercial
2043,com,5-12,PJMC,PJM / Commonwealth Edison,AEO2026 Counterfactual Baseline case,1.2643766737586488,Commercial
2043,com,5-9,NYUP,Northeast Power Coordinating Council / Upstate New York,AEO2026 Counterfactual Baseline case,1.338220458012639,Commercial
2043,com,5-7,ISNE,Northeast Power Coordinating Council / New England,AEO2026 Counterfactual Baseline case,1.212798012070363,Commercial
2043,com,5-8,NYCW,Northeast Power Coordinating Council / New York City and Long Island,AEO2026 Counterfactual Baseline case,1.3382205226845407,Commercial
2043,com,5-3,MISW,Midcontinent / West,AEO2026 Counterfactual Baseline case,1.2451263604796499,Commercial
2043,com,5-6,MISS,Midcontinent / South,AEO2026 Counterfactual Baseline case,1.49968913172751,Commercial
2043,com,5-5,MISE,Midcontinent / East,AEO2026 Counterfactual Baseline case,1.2643766740520923,Commercial
2043,com,5-4,MISC,Midcontinent / Central,AEO2026 Counterfactual Baseline case,1.2532232920229038,Commercial
2043,com,5-2,FRCC,Florida Reliability Coordinating Council,AEO2026 Counterfactual Baseline case,1.4895989915590617,Commercial
2044,ind,5-22,CASO,Western Electricity Coordinating Council / California South,AEO2026 Counterfactual Baseline case,1.2275177203424803,Industrial
2044,ind,5-21,CANO,Western Electricity Coordinating Council / California North,AEO2026 Counterfactual Baseline case,1.2275177413649794,Industrial
2044,ind,5-25,BASN,Western Electricity Coordinating Council / Basin,AEO2026 Counterfactual Baseline case,1.2583010093769604,Industrial
2044,ind,5-1,TRE,Texas Reliability Entity,AEO2026 Counterfactual Baseline case,1.1196113430425882,Industrial
2044,ind,5-17,SPPS,Southwest Power Pool / South,AEO2026 Counterfactual Baseline case,1.1379030220637476,Industrial
2044,ind,5-19,SPPN,Southwest Power Pool / North,AEO2026 Counterfactual Baseline case,1.0729435494685897,Industrial
2044,ind,5-18,SPPC,Southwest Power Pool / Central,AEO2026 Counterfactual Baseline case,1.07039689952208,Industrial
2044,ind,5-15,SRSE,SERC Reliability Corporation / Southeastern,AEO2026 Counterfactual Baseline case,1.1578225646392293,Industrial
2044,ind,5-14,SRCA,SERC Reliability Corporation / East,AEO2026 Counterfactual Baseline case,1.1537541133612996,Industrial
2044,ind,5-16,SRCE,SERC Reliability Corporation / Central,AEO2026 Counterfactual Baseline case,1.1625263181657506,Industrial
2044,ind,5-11,PJMW,PJM / West,AEO2026 Counterfactual Baseline case,1.1021004624340998,Industrial
2044,ind,5-10,PJME,PJM / East,AEO2026 Counterfactual Baseline case,0.9572771796420761,Industrial
2044,ind,5-13,PJMD,PJM / Dominion,AEO2026 Counterfactual Baseline case,1.1537541178900066,Industrial
2044,ind,5-12,PJMC,PJM / Commonwealth Edison,AEO2026 Counterfactual Baseline case,1.116794269991702,Industrial
2044,ind,5-9,NYUP,Northeast Power Coordinating Council / Upstate New York,AEO2026 Counterfactual Baseline case,0.9371222686399113,Industrial
2044,ind,5-7,ISNE,Northeast Power Coordinating Council / New England,AEO2026 Counterfactual Baseline case,0.9254521877942283,Industrial
2044,ind,5-8,NYCW,Northeast Power Coordinating Council / New York City and Long Island,AEO2026 Counterfactual Baseline case,0.937122415162081,Industrial
2044,ind,5-3,MISW,Midcontinent / West,AEO2026 Counterfactual Baseline case,1.0859050736248292,Industrial
2044,ind,5-6,MISS,Midcontinent / South,AEO2026 Counterfactual Baseline case,1.122058013175208,Industrial
2044,ind,5-24,RMRG,Western Electricity Coordinating Council / Rockies,AEO2026 Counterfactual Baseline case,1.2439946022172288,Industrial
2044,ind,5-20,SRSG,Western Electricity Coordinating Council / Southwest,AEO2026 Counterfactual Baseline case,1.2487467456279935,Industrial
2044,ind,5-23,NWPP,Western Electricity Coordinating Council / Northwest Power Pool Area,AEO2026 Counterfactual Baseline case,1.2319587835440418,Industrial
2044,res,5-2,FRCC,Florida Reliability Coordinating Council,AEO2026 Counterfactual Baseline case,1.2147606845487975,Residential
2044,res,5-21,CANO,Western Electricity Coordinating Council / California North,AEO2026 Counterfactual Baseline case,1.2835940771172978,Residential
2044,res,5-25,BASN,Western Electricity Coordinating Council / Basin,AEO2026 Counterfactual Baseline case,1.487394849739069,Residential
2044,res,5-1,TRE,Texas Reliability Entity,AEO2026 Counterfactual Baseline case,1.2350959497796254,Residential
2044,res,5-17,SPPS,Southwest Power Pool / South,AEO2026 Counterfactual Baseline case,1.2441087885526285,Residential
2044,res,5-19,SPPN,Southwest Power Pool / North,AEO2026 Counterfactual Baseline case,1.1568652094526894,Residential
2044,res,5-18,SPPC,Southwest Power Pool / Central,AEO2026 Counterfactual Baseline case,1.1515724242972418,Residential
2044,res,5-15,SRSE,SERC Reliability Corporation / Southeastern,AEO2026 Counterfactual Baseline case,1.1550687668155326,Residential
2044,res,5-14,SRCA,SERC Reliability Corporation / East,AEO2026 Counterfactual Baseline case,1.2147607696886724,Residential
2044,res,5-16,SRCE,SERC Reliability Corporation / Central,AEO2026 Counterfactual Baseline case,1.02178804440554,Residential
2044,ind,5-5,MISE,Midcontinent / East,AEO2026 Counterfactual Baseline case,1.1167943219680976,Industrial
2044,res,5-11,PJMW,PJM / West,AEO2026 Counterfactual Baseline case,1.2288553914367333,Residential
2044,res,5-13,PJMD,PJM / Dominion,AEO2026 Counterfactual Baseline case,1.2147607450964466,Residential
2044,res,5-12,PJMC,PJM / Commonwealth Edison,AEO2026 Counterfactual Baseline case,1.2624646998527886,Residential
2044,res,5-9,NYUP,Northeast Power Coordinating Council / Upstate New York,AEO2026 Counterfactual Baseline case,1.27951746896738,Residential
2044,res,5-7,ISNE,Northeast Power Coordinating Council / New England,AEO2026 Counterfactual Baseline case,1.2514101720554873,Residential
2044,res,5-8,NYCW,Northeast Power Coordinating Council / New York City and Long Island,AEO2026 Counterfactual Baseline case,1.2795175419565457,Residential
2044,res,5-3,MISW,Midcontinent / West,AEO2026 Counterfactual Baseline case,1.1917464283210526,Residential
2044,res,5-6,MISS,Midcontinent / South,AEO2026 Counterfactual Baseline case,1.1976790822196277,Residential
2044,res,5-5,MISE,Midcontinent / East,AEO2026 Counterfactual Baseline case,1.2624637763936413,Residential
2044,res,5-4,MISC,Midcontinent / Central,AEO2026 Counterfactual Baseline case,1.2174116525556848,Residential
2044,res,5-10,PJME,PJM / East,AEO2026 Counterfactual Baseline case,1.2589940189790942,Residential
2044,ind,5-4,MISC,Midcontinent / Central,AEO2026 Counterfactual Baseline case,1.1148509741494468,Industrial
2044,com,5-23,NWPP,Western Electricity Coordinating Council / Northwest Power Pool Area,AEO2026 Counterfactual Baseline case,1.5557955001321062,Commercial
2044,com,5-2,FRCC,Florida Reliability Coordinating Council,AEO2026 Counterfactual Baseline case,1.5169972136046594,Commercial
2044,com,5-4,MISC,Midcontinent / Central,AEO2026 Counterfactual Baseline case,1.2635395877091304,Commercial
2044,com,5-5,MISE,Midcontinent / East,AEO2026 Counterfactual Baseline case,1.2748100028811618,Commercial
2044,com,5-6,MISS,Midcontinent / South,AEO2026 Counterfactual Baseline case,1.5214047591425972,Commercial
2044,com,5-20,SRSG,Western Electricity Coordinating Council / Southwest,AEO2026 Counterfactual Baseline case,1.787788336951911,Commercial
2044,com,5-24,RMRG,Western Electricity Coordinating Council / Rockies,AEO2026 Counterfactual Baseline case,1.7869615156304754,Commercial
2044,com,5-22,CASO,Western Electricity Coordinating Council / California South,AEO2026 Counterfactual Baseline case,1.5165628444875439,Commercial
2044,com,5-21,CANO,Western Electricity Coordinating Council / California North,AEO2026 Counterfactual Baseline case,1.5165627812080333,Commercial
2044,com,5-25,BASN,Western Electricity Coordinating Council / Basin,AEO2026 Counterfactual Baseline case,1.8229374663378648,Commercial
2044,com,5-1,TRE,Texas Reliability Entity,AEO2026 Counterfactual Baseline case,1.5746973561755488,Commercial
2044,com,5-17,SPPS,Southwest Power Pool / South,AEO2026 Counterfactual Baseline case,1.5928861208158636,Commercial
2044,com,5-19,SPPN,Southwest Power Pool / North,AEO2026 Counterfactual Baseline case,1.2608070129371494,Commercial
2044,com,5-18,SPPC,Southwest Power Pool / Central,AEO2026 Counterfactual Baseline case,1.2444396309332888,Commercial
2044,ind,5-2,FRCC,Florida Reliability Coordinating Council,AEO2026 Counterfactual Baseline case,1.1537540604102823,Industrial
2044,com,5-15,SRSE,SERC Reliability Corporation / Southeastern,AEO2026 Counterfactual Baseline case,1.4407386589168347,Commercial
2044,com,5-16,SRCE,SERC Reliability Corporation / Central,AEO2026 Counterfactual Baseline case,1.2295193172877221,Commercial
2044,com,5-11,PJMW,PJM / West,AEO2026 Counterfactual Baseline case,1.3243618920350795,Commercial
2044,com,5-10,PJME,PJM / East,AEO2026 Counterfactual Baseline case,1.4130967428221861,Commercial
2044,com,5-13,PJMD,PJM / Dominion,AEO2026 Counterfactual Baseline case,1.5169972642450897,Commercial
2044,com,5-12,PJMC,PJM / Commonwealth Edison,AEO2026 Counterfactual Baseline case,1.2748101754222434,Commercial
2044,com,5-9,NYUP,Northeast Power Coordinating Council / Upstate New York,AEO2026 Counterfactual Baseline case,1.3505662436816808,Commercial
2044,com,5-7,ISNE,Northeast Power Coordinating Council / New England,AEO2026 Counterfactual Baseline case,1.2237160459703198,Commercial
2044,com,5-8,NYCW,Northeast Power Coordinating Council / New York City and Long Island,AEO2026 Counterfactual Baseline case,1.3505662110303773,Commercial
2044,com,5-3,MISW,Midcontinent / West,AEO2026 Counterfactual Baseline case,1.25533458020507,Commercial
2044,com,5-14,SRCA,SERC Reliability Corporation / East,AEO2026 Counterfactual Baseline case,1.516997003836954,Commercial
2044,trans,5-20,SRSG,Western Electricity Coordinating Council / Southwest,AEO2026 Counterfactual Baseline case,1.7801737265938136,Transportation
2044,trans,5-23,NWPP,Western Electricity Coordinating Council / Northwest Power Pool Area,AEO2026 Counterfactual Baseline case,1.4496458868394428,Transportation
2044,res,5-22,CASO,Western Electricity Coordinating Council / California South,AEO2026 Counterfactual Baseline case,1.2836013824776038,Residential
2044,res,5-24,RMRG,Western Electricity Coordinating Council / Rockies,AEO2026 Counterfactual Baseline case,1.468841741949494,Residential
2044,res,5-23,NWPP,Western Electricity Coordinating Council / Northwest Power Pool Area,AEO2026 Counterfactual Baseline case,1.3106929458642271,Residential
2044,res,5-20,SRSG,Western Electricity Coordinating Council / Southwest,AEO2026 Counterfactual Baseline case,1.467488676946077,Residential
2044,trans,5-5,MISE,Midcontinent / East,AEO2026 Counterfactual Baseline case,0.8895284369266749,Transportation
2044,trans,5-6,MISS,Midcontinent / South,AEO2026 Counterfactual Baseline case,2.046733609667815,Transportation
2044,trans,5-3,MISW,Midcontinent / West,AEO2026 Counterfactual Baseline case,0.9970944459613313,Transportation
2044,trans,5-8,NYCW,Northeast Power Coordinating Council / New York City and Long Island,AEO2026 Counterfactual Baseline case,1.1918996230160563,Transportation
2044,trans,5-7,ISNE,Northeast Power Coordinating Council / New England,AEO2026 Counterfactual Baseline case,1.3836718704091824,Transportation
2044,trans,5-12,PJMC,PJM / Commonwealth Edison,AEO2026 Counterfactual Baseline case,0.8895228351142409,Transportation
2044,trans,5-13,PJMD,PJM / Dominion,AEO2026 Counterfactual Baseline case,1.2243537475919537,Transportation
2044,trans,5-10,PJME,PJM / East,AEO2026 Counterfactual Baseline case,1.1931683684320757,Transportation
2044,trans,5-11,PJMW,PJM / West,AEO2026 Counterfactual Baseline case,1.0556473916196116,Transportation
2044,trans,5-16,SRCE,SERC Reliability Corporation / Central,AEO2026 Counterfactual Baseline case,1.172620368315953,Transportation
2044,trans,5-4,MISC,Midcontinent / Central,AEO2026 Counterfactual Baseline case,0.9183638742063448,Transportation
2044,trans,5-14,SRCA,SERC Reliability Corporation / East,AEO2026 Counterfactual Baseline case,1.2243567122837378,Transportation
2044,trans,5-18,SPPC,Southwest Power Pool / Central,AEO2026 Counterfactual Baseline case,1.5041211851191802,Transportation
2044,trans,5-19,SPPN,Southwest Power Pool / North,AEO2026 Counterfactual Baseline case,1.519873650960779,Transportation
2044,trans,5-17,SPPS,Southwest Power Pool / South,AEO2026 Counterfactual Baseline case,2.0102862124073804,Transportation
2044,trans,5-1,TRE,Texas Reliability Entity,AEO2026 Counterfactual Baseline case,2.0541752308331294,Transportation
2044,trans,5-25,BASN,Western Electricity Coordinating Council / Basin,AEO2026 Counterfactual Baseline case,1.8385628707688728,Transportation
2044,trans,5-21,CANO,Western Electricity Coordinating Council / California North,AEO2026 Counterfactual Baseline case,1.4313824335696967,Transportation
2044,trans,5-22,CASO,Western Electricity Coordinating Council / California South,AEO2026 Counterfactual Baseline case,1.4313835252435783,Transportation
2044,trans,5-24,RMRG,Western Electricity Coordinating Council / Rockies,AEO2026 Counterfactual Baseline case,1.8405383087464013,Transportation
2044,trans,5-15,SRSE,SERC Reliability Corporation / Southeastern,AEO2026 Counterfactual Baseline case,1.2237031130785039,Transportation
2044,trans,5-2,FRCC,Florida Reliability Coordinating Council,AEO2026 Counterfactual Baseline case,1.2243586765059962,Transportation
2044,trans,5-9,NYUP,Northeast Power Coordinating Council / Upstate New York,AEO2026 Counterfactual Baseline case,1.1918987223227375,Transportation
2045,com,5-2,FRCC,Florida Reliability Coordinating Council,AEO2026 Counterfactual Baseline case,1.5443587765539524,Commercial
2045,com,5-7,ISNE,Northeast Power Coordinating Council / New England,AEO2026 Counterfactual Baseline case,1.2340258720061932,Commercial
2045,com,5-5,MISE,Midcontinent / East,AEO2026 Counterfactual Baseline case,1.2835261182591644,Commercial
2045,trans,5-6,MISS,Midcontinent / South,AEO2026 Counterfactual Baseline case,2.0910152373168316,Transportation
2045,trans,5-3,MISW,Midcontinent / West,AEO2026 Counterfactual Baseline case,1.0030549530938482,Transportation
2045,trans,5-8,NYCW,Northeast Power Coordinating Council / New York City and Long Island,AEO2026 Counterfactual Baseline case,1.1955831537804738,Transportation
2045,trans,5-7,ISNE,Northeast Power Coordinating Council / New England,AEO2026 Counterfactual Baseline case,1.3905823360037606,Transportation
2045,trans,5-9,NYUP,Northeast Power Coordinating Council / Upstate New York,AEO2026 Counterfactual Baseline case,1.1955823037211717,Transportation
2045,trans,5-12,PJMC,PJM / Commonwealth Edison,AEO2026 Counterfactual Baseline case,0.8924460638203467,Transportation
2045,trans,5-13,PJMD,PJM / Dominion,AEO2026 Counterfactual Baseline case,1.2273195645356392,Transportation
2045,trans,5-10,PJME,PJM / East,AEO2026 Counterfactual Baseline case,1.1968240928202223,Transportation
2045,trans,5-11,PJMW,PJM / West,AEO2026 Counterfactual Baseline case,1.0589304128250379,Transportation
2045,trans,5-16,SRCE,SERC Reliability Corporation / Central,AEO2026 Counterfactual Baseline case,1.1766141557577103,Transportation
2045,trans,5-14,SRCA,SERC Reliability Corporation / East,AEO2026 Counterfactual Baseline case,1.2273248028926798,Transportation
2045,trans,5-15,SRSE,SERC Reliability Corporation / Southeastern,AEO2026 Counterfactual Baseline case,1.2266862794965736,Transportation
2045,trans,5-18,SPPC,Southwest Power Pool / Central,AEO2026 Counterfactual Baseline case,1.524392960570283,Transportation
2045,trans,5-19,SPPN,Southwest Power Pool / North,AEO2026 Counterfactual Baseline case,1.540866017372993,Transportation
2045,trans,5-17,SPPS,Southwest Power Pool / South,AEO2026 Counterfactual Baseline case,2.0530582594798776,Transportation
2045,trans,5-1,TRE,Texas Reliability Entity,AEO2026 Counterfactual Baseline case,2.098776344796004,Transportation
2045,trans,5-25,BASN,Western Electricity Coordinating Council / Basin,AEO2026 Counterfactual Baseline case,1.8741276026520879,Transportation
2045,trans,5-21,CANO,Western Electricity Coordinating Council / California North,AEO2026 Counterfactual Baseline case,1.4506220159482723,Transportation
2045,trans,5-22,CASO,Western Electricity Coordinating Council / California South,AEO2026 Counterfactual Baseline case,1.450621789193977,Transportation
2045,trans,5-24,RMRG,Western Electricity Coordinating Council / Rockies,AEO2026 Counterfactual Baseline case,1.8761577432097665,Transportation
2045,trans,5-20,SRSG,Western Electricity Coordinating Council / Southwest,AEO2026 Counterfactual Baseline case,1.813408379323368,Transportation
2045,trans,5-23,NWPP,Western Electricity Coordinating Council / Northwest Power Pool Area,AEO2026 Counterfactual Baseline case,1.4696175098930178,Transportation
2045,trans,5-5,MISE,Midcontinent / East,AEO2026 Counterfactual Baseline case,0.8924467248644181,Transportation
2045,trans,5-4,MISC,Midcontinent / Central,AEO2026 Counterfactual Baseline case,0.9220932994423586,Transportation
2045,trans,5-2,FRCC,Florida Reliability Coordinating Council,AEO2026 Counterfactual Baseline case,1.227323992447315,Transportation
2045,ind,5-20,SRSG,Western Electricity Coordinating Council / Southwest,AEO2026 Counterfactual Baseline case,1.266471175741264,Industrial
2045,ind,5-23,NWPP,Western Electricity Coordinating Council / Northwest Power Pool Area,AEO2026 Counterfactual Baseline case,1.2497125977009715,Industrial
2045,res,5-2,FRCC,Florida Reliability Coordinating Council,AEO2026 Counterfactual Baseline case,1.225083639116679,Residential
2045,res,5-4,MISC,Midcontinent / Central,AEO2026 Counterfactual Baseline case,1.2277216585393047,Residential
2045,res,5-5,MISE,Midcontinent / East,AEO2026 Counterfactual Baseline case,1.2729622374930323,Residential
2045,res,5-6,MISS,Midcontinent / South,AEO2026 Counterfactual Baseline case,1.2083171445233258,Residential
2045,res,5-3,MISW,Midcontinent / West,AEO2026 Counterfactual Baseline case,1.20213575677357,Residential
2045,res,5-8,NYCW,Northeast Power Coordinating Council / New York City and Long Island,AEO2026 Counterfactual Baseline case,1.2867991303286683,Residential
2045,res,5-7,ISNE,Northeast Power Coordinating Council / New England,AEO2026 Counterfactual Baseline case,1.2583978772324544,Residential
2045,res,5-9,NYUP,Northeast Power Coordinating Council / Upstate New York,AEO2026 Counterfactual Baseline case,1.2867991413969067,Residential
2045,res,5-12,PJMC,PJM / Commonwealth Edison,AEO2026 Counterfactual Baseline case,1.2729633139281116,Residential
2045,res,5-13,PJMD,PJM / Dominion,AEO2026 Counterfactual Baseline case,1.2250836627993806,Residential
2045,res,5-10,PJME,PJM / East,AEO2026 Counterfactual Baseline case,1.26723955276621,Residential
2045,res,5-11,PJMW,PJM / West,AEO2026 Counterfactual Baseline case,1.2382875977473724,Residential
2045,res,5-16,SRCE,SERC Reliability Corporation / Central,AEO2026 Counterfactual Baseline case,1.0264815083099477,Residential
2045,res,5-14,SRCA,SERC Reliability Corporation / East,AEO2026 Counterfactual Baseline case,1.225083735216839,Residential
2045,res,5-15,SRSE,SERC Reliability Corporation / Southeastern,AEO2026 Counterfactual Baseline case,1.163650266731388,Residential
2045,res,5-18,SPPC,Southwest Power Pool / Central,AEO2026 Counterfactual Baseline case,1.161901360759215,Residential
2045,res,5-19,SPPN,Southwest Power Pool / North,AEO2026 Counterfactual Baseline case,1.167365020869366,Residential
2045,res,5-17,SPPS,Southwest Power Pool / South,AEO2026 Counterfactual Baseline case,1.2563364848622651,Residential
2045,res,5-1,TRE,Texas Reliability Entity,AEO2026 Counterfactual Baseline case,1.2469957567525518,Residential
2045,res,5-25,BASN,Western Electricity Coordinating Council / Basin,AEO2026 Counterfactual Baseline case,1.5083908467426759,Residential
2045,res,5-21,CANO,Western Electricity Coordinating Council / California North,AEO2026 Counterfactual Baseline case,1.2875623529399656,Residential
2045,res,5-22,CASO,Western Electricity Coordinating Council / California South,AEO2026 Counterfactual Baseline case,1.2875704286785188,Residential
2045,res,5-24,RMRG,Western Electricity Coordinating Council / Rockies,AEO2026 Counterfactual Baseline case,1.4893338314031088,Residential
2045,res,5-20,SRSG,Western Electricity Coordinating Council / Southwest,AEO2026 Counterfactual Baseline case,1.4874583467805438,Residential
2045,res,5-23,NWPP,Western Electricity Coordinating Council / Northwest Power Pool Area,AEO2026 Counterfactual Baseline case,1.3169252838147545,Residential
2045,ind,5-8,NYCW,Northeast Power Coordinating Council / New York City and Long Island,AEO2026 Counterfactual Baseline case,0.9352841164083266,Industrial
2045,ind,5-3,MISW,Midcontinent / West,AEO2026 Counterfactual Baseline case,1.0893071622883594,Industrial
2045,ind,5-6,MISS,Midcontinent / South,AEO2026 Counterfactual Baseline case,1.1320054321062913,Industrial
2045,ind,5-5,MISE,Midcontinent / East,AEO2026 Counterfactual Baseline case,1.120000371619645,Industrial
2045,ind,5-4,MISC,Midcontinent / Central,AEO2026 Counterfactual Baseline case,1.1187634194677016,Industrial
2045,ind,5-2,FRCC,Florida Reliability Coordinating Council,AEO2026 Counterfactual Baseline case,1.163718998905841,Industrial
2045,com,5-23,NWPP,Western Electricity Coordinating Council / Northwest Power Pool Area,AEO2026 Counterfactual Baseline case,1.5783813549081576,Commercial
2045,com,5-20,SRSG,Western Electricity Coordinating Council / Southwest,AEO2026 Counterfactual Baseline case,1.830814556392282,Commercial
2045,com,5-24,RMRG,Western Electricity Coordinating Council / Rockies,AEO2026 Counterfactual Baseline case,1.830926313982678,Commercial
2045,com,5-22,CASO,Western Electricity Coordinating Council / California South,AEO2026 Counterfactual Baseline case,1.535675228150012,Commercial
2045,com,5-21,CANO,Western Electricity Coordinating Council / California North,AEO2026 Counterfactual Baseline case,1.53567509815102,Commercial
2045,com,5-25,BASN,Western Electricity Coordinating Council / Basin,AEO2026 Counterfactual Baseline case,1.8691745798775243,Commercial
2045,com,5-1,TRE,Texas Reliability Entity,AEO2026 Counterfactual Baseline case,1.5975861621532457,Commercial
2045,com,5-17,SPPS,Southwest Power Pool / South,AEO2026 Counterfactual Baseline case,1.617484638077052,Commercial
2045,com,5-19,SPPN,Southwest Power Pool / North,AEO2026 Counterfactual Baseline case,1.2708066414651762,Commercial
2045,com,5-18,SPPC,Southwest Power Pool / Central,AEO2026 Counterfactual Baseline case,1.2533730114760586,Commercial
2045,com,5-15,SRSE,SERC Reliability Corporation / Southeastern,AEO2026 Counterfactual Baseline case,1.463509612207497,Commercial
2045,com,5-14,SRCA,SERC Reliability Corporation / East,AEO2026 Counterfactual Baseline case,1.544358678515028,Commercial
2045,com,5-16,SRCE,SERC Reliability Corporation / Central,AEO2026 Counterfactual Baseline case,1.2395748901418466,Commercial
2045,com,5-11,PJMW,PJM / West,AEO2026 Counterfactual Baseline case,1.3368401603625908,Commercial
2045,com,5-10,PJME,PJM / East,AEO2026 Counterfactual Baseline case,1.4305557051322173,Commercial
2045,com,5-13,PJMD,PJM / Dominion,AEO2026 Counterfactual Baseline case,1.5443588626948879,Commercial
2045,com,5-12,PJMC,PJM / Commonwealth Edison,AEO2026 Counterfactual Baseline case,1.2835262004809886,Commercial
2045,com,5-9,NYUP,Northeast Power Coordinating Council / Upstate New York,AEO2026 Counterfactual Baseline case,1.3620650720426368,Commercial
2045,com,5-8,NYCW,Northeast Power Coordinating Council / New York City and Long Island,AEO2026 Counterfactual Baseline case,1.3620650233343337,Commercial
2045,com,5-3,MISW,Midcontinent / West,AEO2026 Counterfactual Baseline case,1.2641732645730492,Commercial
2045,com,5-6,MISS,Midcontinent / South,AEO2026 Counterfactual Baseline case,1.542300108884443,Commercial
2045,ind,5-7,ISNE,Northeast Power Coordinating Council / New England,AEO2026 Counterfactual Baseline case,0.9234285083102416,Industrial
2045,ind,5-9,NYUP,Northeast Power Coordinating Council / Upstate New York,AEO2026 Counterfactual Baseline case,0.9352846557770444,Industrial
2045,ind,5-12,PJMC,PJM / Commonwealth Edison,AEO2026 Counterfactual Baseline case,1.120000314451675,Industrial
2045,ind,5-13,PJMD,PJM / Dominion,AEO2026 Counterfactual Baseline case,1.1637190645169586,Industrial
2045,com,5-4,MISC,Midcontinent / Central,AEO2026 Counterfactual Baseline case,1.272339696940646,Commercial
2045,ind,5-24,RMRG,Western Electricity Coordinating Council / Rockies,AEO2026 Counterfactual Baseline case,1.2610566962031473,Industrial
2045,ind,5-22,CASO,Western Electricity Coordinating Council / California South,AEO2026 Counterfactual Baseline case,1.2451966339876601,Industrial
2045,ind,5-21,CANO,Western Electricity Coordinating Council / California North,AEO2026 Counterfactual Baseline case,1.2451966425937335,Industrial
2045,ind,5-25,BASN,Western Electricity Coordinating Council / Basin,AEO2026 Counterfactual Baseline case,1.276498234357705,Industrial
2045,ind,5-1,TRE,Texas Reliability Entity,AEO2026 Counterfactual Baseline case,1.1295712750827778,Industrial
2045,ind,5-17,SPPS,Southwest Power Pool / South,AEO2026 Counterfactual Baseline case,1.148947608038365,Industrial
2045,ind,5-19,SPPN,Southwest Power Pool / North,AEO2026 Counterfactual Baseline case,1.0766428232462617,Industrial
2045,ind,5-18,SPPC,Southwest Power Pool / Central,AEO2026 Counterfactual Baseline case,1.0738972569768037,Industrial
2045,ind,5-15,SRSE,SERC Reliability Corporation / Southeastern,AEO2026 Counterfactual Baseline case,1.167685543268911,Industrial
2045,ind,5-14,SRCA,SERC Reliability Corporation / East,AEO2026 Counterfactual Baseline case,1.1637190158069617,Industrial
2045,ind,5-16,SRCE,SERC Reliability Corporation / Central,AEO2026 Counterfactual Baseline case,1.172271495208221,Industrial
2045,ind,5-11,PJMW,PJM / West,AEO2026 Counterfactual Baseline case,1.1064322343477981,Industrial
2045,ind,5-10,PJME,PJM / East,AEO2026 Counterfactual Baseline case,0.9565376253979476,Industrial
2046,com,5-4,MISC,Midcontinent / Central,AEO2026 Counterfactual Baseline case,1.2806916954997196,Commercial
2046,com,5-2,FRCC,Florida Reliability Coordinating Council,AEO2026 Counterfactual Baseline case,1.5694234284204716,Commercial
2046,trans,5-6,MISS,Midcontinent / South,AEO2026 Counterfactual Baseline case,2.1362893338782185,Transportation
2046,ind,5-8,NYCW,Northeast Power Coordinating Council / New York City and Long Island,AEO2026 Counterfactual Baseline case,0.9340758449269859,Industrial
2046,ind,5-7,ISNE,Northeast Power Coordinating Council / New England,AEO2026 Counterfactual Baseline case,0.9222708255409834,Industrial
2046,ind,5-9,NYUP,Northeast Power Coordinating Council / Upstate New York,AEO2026 Counterfactual Baseline case,0.9340742230339615,Industrial
2046,ind,5-12,PJMC,PJM / Commonwealth Edison,AEO2026 Counterfactual Baseline case,1.1260566537100931,Industrial
2046,ind,5-13,PJMD,PJM / Dominion,AEO2026 Counterfactual Baseline case,1.1745426573097872,Industrial
2046,ind,5-10,PJME,PJM / East,AEO2026 Counterfactual Baseline case,0.956446929775102,Industrial
2046,ind,5-11,PJMW,PJM / West,AEO2026 Counterfactual Baseline case,1.112714153961392,Industrial
2046,ind,5-16,SRCE,SERC Reliability Corporation / Central,AEO2026 Counterfactual Baseline case,1.1823615624551713,Industrial
2046,ind,5-14,SRCA,SERC Reliability Corporation / East,AEO2026 Counterfactual Baseline case,1.1745425594177814,Industrial
2046,ind,5-15,SRSE,SERC Reliability Corporation / Southeastern,AEO2026 Counterfactual Baseline case,1.178168918908769,Industrial
2046,ind,5-18,SPPC,Southwest Power Pool / Central,AEO2026 Counterfactual Baseline case,1.0795190243716255,Industrial
2046,ind,5-19,SPPN,Southwest Power Pool / North,AEO2026 Counterfactual Baseline case,1.0824500536822266,Industrial
2046,ind,5-17,SPPS,Southwest Power Pool / South,AEO2026 Counterfactual Baseline case,1.1597224316535217,Industrial
2046,ind,5-1,TRE,Texas Reliability Entity,AEO2026 Counterfactual Baseline case,1.1390490061645073,Industrial
2046,ind,5-25,BASN,Western Electricity Coordinating Council / Basin,AEO2026 Counterfactual Baseline case,1.2958355867889082,Industrial
2046,ind,5-3,MISW,Midcontinent / West,AEO2026 Counterfactual Baseline case,1.0950741076459587,Industrial
2046,ind,5-21,CANO,Western Electricity Coordinating Council / California North,AEO2026 Counterfactual Baseline case,1.2651823328395173,Industrial
2046,ind,5-6,MISS,Midcontinent / South,AEO2026 Counterfactual Baseline case,1.14151762163397,Industrial
2046,ind,5-4,MISC,Midcontinent / Central,AEO2026 Counterfactual Baseline case,1.125167745846953,Industrial
2046,com,5-11,PJMW,PJM / West,AEO2026 Counterfactual Baseline case,1.3488574272137452,Commercial
2046,com,5-16,SRCE,SERC Reliability Corporation / Central,AEO2026 Counterfactual Baseline case,1.2481239364846528,Commercial
2046,com,5-14,SRCA,SERC Reliability Corporation / East,AEO2026 Counterfactual Baseline case,1.5694233601127103,Commercial
2046,com,5-15,SRSE,SERC Reliability Corporation / Southeastern,AEO2026 Counterfactual Baseline case,1.4841931945942373,Commercial
2046,com,5-18,SPPC,Southwest Power Pool / Central,AEO2026 Counterfactual Baseline case,1.2610353029387873,Commercial
2046,com,5-19,SPPN,Southwest Power Pool / North,AEO2026 Counterfactual Baseline case,1.2795028287165418,Commercial
2046,com,5-17,SPPS,Southwest Power Pool / South,AEO2026 Counterfactual Baseline case,1.6406142836573758,Commercial
2046,com,5-1,TRE,Texas Reliability Entity,AEO2026 Counterfactual Baseline case,1.6190786770879517,Commercial
2046,com,5-25,BASN,Western Electricity Coordinating Council / Basin,AEO2026 Counterfactual Baseline case,1.9130134925704616,Commercial
2046,com,5-21,CANO,Western Electricity Coordinating Council / California North,AEO2026 Counterfactual Baseline case,1.5524075422768853,Commercial
2046,com,5-22,CASO,Western Electricity Coordinating Council / California South,AEO2026 Counterfactual Baseline case,1.5524077309252917,Commercial
2046,com,5-24,RMRG,Western Electricity Coordinating Council / Rockies,AEO2026 Counterfactual Baseline case,1.8725663875042016,Commercial
2046,com,5-20,SRSG,Western Electricity Coordinating Council / Southwest,AEO2026 Counterfactual Baseline case,1.8715156130146076,Commercial
2046,com,5-23,NWPP,Western Electricity Coordinating Council / Northwest Power Pool Area,AEO2026 Counterfactual Baseline case,1.5985848178773323,Commercial
2046,ind,5-2,FRCC,Florida Reliability Coordinating Council,AEO2026 Counterfactual Baseline case,1.1745424097730472,Industrial
2046,ind,5-5,MISE,Midcontinent / East,AEO2026 Counterfactual Baseline case,1.1260567044137344,Industrial
2046,com,5-10,PJME,PJM / East,AEO2026 Counterfactual Baseline case,1.4473566289715185,Commercial
2046,ind,5-22,CASO,Western Electricity Coordinating Council / California South,AEO2026 Counterfactual Baseline case,1.2651819479779727,Industrial
2046,ind,5-20,SRSG,Western Electricity Coordinating Council / Southwest,AEO2026 Counterfactual Baseline case,1.2853342676199102,Industrial
2046,res,5-14,SRCA,SERC Reliability Corporation / East,AEO2026 Counterfactual Baseline case,1.235292849069659,Residential
2046,res,5-15,SRSE,SERC Reliability Corporation / Southeastern,AEO2026 Counterfactual Baseline case,1.1722231572804445,Residential
2046,res,5-18,SPPC,Southwest Power Pool / Central,AEO2026 Counterfactual Baseline case,1.1723403092854936,Residential
2046,res,5-19,SPPN,Southwest Power Pool / North,AEO2026 Counterfactual Baseline case,1.1779743225717443,Residential
2046,res,5-17,SPPS,Southwest Power Pool / South,AEO2026 Counterfactual Baseline case,1.2683379351180266,Residential
2046,res,5-1,TRE,Texas Reliability Entity,AEO2026 Counterfactual Baseline case,1.258658685327083,Residential
2046,res,5-25,BASN,Western Electricity Coordinating Council / Basin,AEO2026 Counterfactual Baseline case,1.529453188394399,Residential
2046,res,5-21,CANO,Western Electricity Coordinating Council / California North,AEO2026 Counterfactual Baseline case,1.2922471197915044,Residential
2046,res,5-22,CASO,Western Electricity Coordinating Council / California South,AEO2026 Counterfactual Baseline case,1.2922555924156998,Residential
2046,res,5-24,RMRG,Western Electricity Coordinating Council / Rockies,AEO2026 Counterfactual Baseline case,1.509889949065723,Residential
2046,res,5-20,SRSG,Western Electricity Coordinating Council / Southwest,AEO2026 Counterfactual Baseline case,1.5074990174816123,Residential
2046,res,5-23,NWPP,Western Electricity Coordinating Council / Northwest Power Pool Area,AEO2026 Counterfactual Baseline case,1.323787791371482,Residential
2046,trans,5-2,FRCC,Florida Reliability Coordinating Council,AEO2026 Counterfactual Baseline case,1.228460274481809,Transportation
2046,trans,5-4,MISC,Midcontinent / Central,AEO2026 Counterfactual Baseline case,0.9266487285566911,Transportation
2046,trans,5-5,MISE,Midcontinent / East,AEO2026 Counterfactual Baseline case,0.8963125743432592,Transportation
2046,res,5-16,SRCE,SERC Reliability Corporation / Central,AEO2026 Counterfactual Baseline case,1.0314004101191674,Residential
2046,ind,5-24,RMRG,Western Electricity Coordinating Council / Rockies,AEO2026 Counterfactual Baseline case,1.2793250725009917,Industrial
2046,res,5-11,PJMW,PJM / West,AEO2026 Counterfactual Baseline case,1.2482399885238287,Residential
2046,res,5-13,PJMD,PJM / Dominion,AEO2026 Counterfactual Baseline case,1.2352928765632314,Residential
2046,ind,5-23,NWPP,Western Electricity Coordinating Council / Northwest Power Pool Area,AEO2026 Counterfactual Baseline case,1.2696046567013795,Industrial
2046,res,5-2,FRCC,Florida Reliability Coordinating Council,AEO2026 Counterfactual Baseline case,1.235292927724244,Residential
2046,res,5-4,MISC,Midcontinent / Central,AEO2026 Counterfactual Baseline case,1.2385123970770113,Residential
2046,res,5-5,MISE,Midcontinent / East,AEO2026 Counterfactual Baseline case,1.2841646378736093,Residential
2046,res,5-6,MISS,Midcontinent / South,AEO2026 Counterfactual Baseline case,1.2187991656832133,Residential
2046,res,5-3,MISW,Midcontinent / West,AEO2026 Counterfactual Baseline case,1.2128507823978978,Residential
2046,res,5-8,NYCW,Northeast Power Coordinating Council / New York City and Long Island,AEO2026 Counterfactual Baseline case,1.2951065479263164,Residential
2046,res,5-7,ISNE,Northeast Power Coordinating Council / New England,AEO2026 Counterfactual Baseline case,1.266132817439822,Residential
2046,res,5-9,NYUP,Northeast Power Coordinating Council / Upstate New York,AEO2026 Counterfactual Baseline case,1.2951063748080716,Residential
2046,res,5-12,PJMC,PJM / Commonwealth Edison,AEO2026 Counterfactual Baseline case,1.2841655716275682,Residential
2046,res,5-10,PJME,PJM / East,AEO2026 Counterfactual Baseline case,1.2761496910162873,Residential
2046,com,5-13,PJMD,PJM / Dominion,AEO2026 Counterfactual Baseline case,1.569423444547417,Commercial
2046,com,5-9,NYUP,Northeast Power Coordinating Council / Upstate New York,AEO2026 Counterfactual Baseline case,1.3738929808492206,Commercial
2046,trans,5-3,MISW,Midcontinent / West,AEO2026 Counterfactual Baseline case,1.009489415849694,Transportation
2046,com,5-12,PJMC,PJM / Commonwealth Edison,AEO2026 Counterfactual Baseline case,1.292254758346842,Commercial
2046,trans,5-15,SRSE,SERC Reliability Corporation / Southeastern,AEO2026 Counterfactual Baseline case,1.2278410535938908,Transportation
2046,trans,5-14,SRCA,SERC Reliability Corporation / East,AEO2026 Counterfactual Baseline case,1.228455964460257,Transportation
2046,trans,5-16,SRCE,SERC Reliability Corporation / Central,AEO2026 Counterfactual Baseline case,1.1794985577989796,Transportation
2046,trans,5-11,PJMW,PJM / West,AEO2026 Counterfactual Baseline case,1.0622413694680242,Transportation
2046,trans,5-10,PJME,PJM / East,AEO2026 Counterfactual Baseline case,1.1998412154647695,Transportation
2046,trans,5-13,PJMD,PJM / Dominion,AEO2026 Counterfactual Baseline case,1.2284575063841225,Transportation
2046,trans,5-12,PJMC,PJM / Commonwealth Edison,AEO2026 Counterfactual Baseline case,0.8963141218046762,Transportation
2046,trans,5-9,NYUP,Northeast Power Coordinating Council / Upstate New York,AEO2026 Counterfactual Baseline case,1.1986753674801676,Transportation
2046,trans,5-7,ISNE,Northeast Power Coordinating Council / New England,AEO2026 Counterfactual Baseline case,1.3965565196952185,Transportation
2046,trans,5-8,NYCW,Northeast Power Coordinating Council / New York City and Long Island,AEO2026 Counterfactual Baseline case,1.1986763948868278,Transportation
2046,com,5-5,MISE,Midcontinent / East,AEO2026 Counterfactual Baseline case,1.2922547169599747,Commercial
2046,com,5-6,MISS,Midcontinent / South,AEO2026 Counterfactual Baseline case,1.5617840186603427,Commercial
2046,com,5-3,MISW,Midcontinent / West,AEO2026 Counterfactual Baseline case,1.2722151322595445,Commercial
2046,com,5-8,NYCW,Northeast Power Coordinating Council / New York City and Long Island,AEO2026 Counterfactual Baseline case,1.3738930319438072,Commercial
2046,com,5-7,ISNE,Northeast Power Coordinating Council / New England,AEO2026 Counterfactual Baseline case,1.2436981922851846,Commercial
2046,trans,5-18,SPPC,Southwest Power Pool / Central,AEO2026 Counterfactual Baseline case,1.5429382936065938,Transportation
2046,trans,5-19,SPPN,Southwest Power Pool / North,AEO2026 Counterfactual Baseline case,1.5601474072124244,Transportation
2046,trans,5-1,TRE,Texas Reliability Entity,AEO2026 Counterfactual Baseline case,2.144378534382688,Transportation
2046,trans,5-23,NWPP,Western Electricity Coordinating Council / Northwest Power Pool Area,AEO2026 Counterfactual Baseline case,1.4888258290079444,Transportation
2046,trans,5-20,SRSG,Western Electricity Coordinating Council / Southwest,AEO2026 Counterfactual Baseline case,1.8458267850833912,Transportation
2046,trans,5-24,RMRG,Western Electricity Coordinating Council / Rockies,AEO2026 Counterfactual Baseline case,1.9108398241346218,Transportation
2046,trans,5-22,CASO,Western Electricity Coordinating Council / California South,AEO2026 Counterfactual Baseline case,1.4691018600531445,Transportation
2046,trans,5-21,CANO,Western Electricity Coordinating Council / California North,AEO2026 Counterfactual Baseline case,1.4690991809220668,Transportation
2046,trans,5-25,BASN,Western Electricity Coordinating Council / Basin,AEO2026 Counterfactual Baseline case,1.9088344771431895,Transportation
2046,trans,5-17,SPPS,Southwest Power Pool / South,AEO2026 Counterfactual Baseline case,2.0964114484962955,Transportation
2047,trans,5-23,NWPP,Western Electricity Coordinating Council / Northwest Power Pool Area,AEO2026 Counterfactual Baseline case,1.5077857001742132,Transportation
2047,trans,5-24,RMRG,Western Electricity Coordinating Council / Rockies,AEO2026 Counterfactual Baseline case,1.9452317718213672,Transportation
2047,res,5-1,TRE,Texas Reliability Entity,AEO2026 Counterfactual Baseline case,1.2686190134310231,Residential
2047,res,5-17,SPPS,Southwest Power Pool / South,AEO2026 Counterfactual Baseline case,1.2786608016786107,Residential
2047,res,5-19,SPPN,Southwest Power Pool / North,AEO2026 Counterfactual Baseline case,1.1881313974921128,Residential
2047,res,5-18,SPPC,Southwest Power Pool / Central,AEO2026 Counterfactual Baseline case,1.1823349618340364,Residential
2047,res,5-15,SRSE,SERC Reliability Corporation / Southeastern,AEO2026 Counterfactual Baseline case,1.1801384717879553,Residential
2047,res,5-14,SRCA,SERC Reliability Corporation / East,AEO2026 Counterfactual Baseline case,1.2444512605449323,Residential
2047,res,5-16,SRCE,SERC Reliability Corporation / Central,AEO2026 Counterfactual Baseline case,1.0365406179867704,Residential
2047,res,5-11,PJMW,PJM / West,AEO2026 Counterfactual Baseline case,1.2578726936975293,Residential
2047,res,5-10,PJME,PJM / East,AEO2026 Counterfactual Baseline case,1.2840456947679846,Residential
2047,res,5-25,BASN,Western Electricity Coordinating Council / Basin,AEO2026 Counterfactual Baseline case,1.5494980138722259,Residential
2047,res,5-13,PJMD,PJM / Dominion,AEO2026 Counterfactual Baseline case,1.244451250246169,Residential
2047,res,5-9,NYUP,Northeast Power Coordinating Council / Upstate New York,AEO2026 Counterfactual Baseline case,1.3024168305676924,Residential
2047,res,5-7,ISNE,Northeast Power Coordinating Council / New England,AEO2026 Counterfactual Baseline case,1.272954563250766,Residential
2047,res,5-8,NYCW,Northeast Power Coordinating Council / New York City and Long Island,AEO2026 Counterfactual Baseline case,1.3024168735190256,Residential
2047,res,5-3,MISW,Midcontinent / West,AEO2026 Counterfactual Baseline case,1.223288153987768,Residential
2047,res,5-6,MISS,Midcontinent / South,AEO2026 Counterfactual Baseline case,1.2279148018226422,Residential
2047,res,5-5,MISE,Midcontinent / East,AEO2026 Counterfactual Baseline case,1.295379638305215,Residential
2047,res,5-4,MISC,Midcontinent / Central,AEO2026 Counterfactual Baseline case,1.2491575910872599,Residential
2047,res,5-2,FRCC,Florida Reliability Coordinating Council,AEO2026 Counterfactual Baseline case,1.2444512290086003,Residential
2047,ind,5-23,NWPP,Western Electricity Coordinating Council / Northwest Power Pool Area,AEO2026 Counterfactual Baseline case,1.2880807785606492,Industrial
2047,res,5-12,PJMC,PJM / Commonwealth Edison,AEO2026 Counterfactual Baseline case,1.295380423806641,Residential
2047,res,5-21,CANO,Western Electricity Coordinating Council / California North,AEO2026 Counterfactual Baseline case,1.2961851826021433,Residential
2047,res,5-22,CASO,Western Electricity Coordinating Council / California South,AEO2026 Counterfactual Baseline case,1.2961942285145487,Residential
2047,res,5-24,RMRG,Western Electricity Coordinating Council / Rockies,AEO2026 Counterfactual Baseline case,1.5294609388315816,Residential
2047,trans,5-1,TRE,Texas Reliability Entity,AEO2026 Counterfactual Baseline case,2.188756003791308,Transportation
2047,trans,5-17,SPPS,Southwest Power Pool / South,AEO2026 Counterfactual Baseline case,2.138747639110853,Transportation
2047,trans,5-19,SPPN,Southwest Power Pool / North,AEO2026 Counterfactual Baseline case,1.5785733087654645,Transportation
2047,trans,5-18,SPPC,Southwest Power Pool / Central,AEO2026 Counterfactual Baseline case,1.5605368678993095,Transportation
2047,trans,5-15,SRSE,SERC Reliability Corporation / Southeastern,AEO2026 Counterfactual Baseline case,1.228837733618361,Transportation
2047,trans,5-14,SRCA,SERC Reliability Corporation / East,AEO2026 Counterfactual Baseline case,1.2294324372664565,Transportation
2047,trans,5-16,SRCE,SERC Reliability Corporation / Central,AEO2026 Counterfactual Baseline case,1.1823829598402487,Transportation
2047,trans,5-11,PJMW,PJM / West,AEO2026 Counterfactual Baseline case,1.0652316758711908,Transportation
2047,trans,5-10,PJME,PJM / East,AEO2026 Counterfactual Baseline case,1.2023295975131334,Transportation
2047,trans,5-13,PJMD,PJM / Dominion,AEO2026 Counterfactual Baseline case,1.2294341651359706,Transportation
2047,trans,5-12,PJMC,PJM / Commonwealth Edison,AEO2026 Counterfactual Baseline case,0.9000673386612656,Transportation
2047,trans,5-9,NYUP,Northeast Power Coordinating Council / Upstate New York,AEO2026 Counterfactual Baseline case,1.2012260394866399,Transportation
2047,trans,5-7,ISNE,Northeast Power Coordinating Council / New England,AEO2026 Counterfactual Baseline case,1.4020057587213288,Transportation
2047,trans,5-8,NYCW,Northeast Power Coordinating Council / New York City and Long Island,AEO2026 Counterfactual Baseline case,1.2012271243492172,Transportation
2047,trans,5-3,MISW,Midcontinent / West,AEO2026 Counterfactual Baseline case,1.015666294027644,Transportation
2047,trans,5-6,MISS,Midcontinent / South,AEO2026 Counterfactual Baseline case,2.180366629692335,Transportation
2047,trans,5-5,MISE,Midcontinent / East,AEO2026 Counterfactual Baseline case,0.9000675389609081,Transportation
2047,trans,5-4,MISC,Midcontinent / Central,AEO2026 Counterfactual Baseline case,0.9310517191870419,Transportation
2047,trans,5-2,FRCC,Florida Reliability Coordinating Council,AEO2026 Counterfactual Baseline case,1.229431816741785,Transportation
2047,res,5-23,NWPP,Western Electricity Coordinating Council / Northwest Power Pool Area,AEO2026 Counterfactual Baseline case,1.329867461999504,Residential
2047,res,5-20,SRSG,Western Electricity Coordinating Council / Southwest,AEO2026 Counterfactual Baseline case,1.5264943326151643,Residential
2047,ind,5-20,SRSG,Western Electricity Coordinating Council / Southwest,AEO2026 Counterfactual Baseline case,1.3038624589793282,Industrial
2047,ind,5-24,RMRG,Western Electricity Coordinating Council / Rockies,AEO2026 Counterfactual Baseline case,1.297152651365722,Industrial
2047,ind,5-22,CASO,Western Electricity Coordinating Council / California South,AEO2026 Counterfactual Baseline case,1.2835868909796544,Industrial
2047,ind,5-21,CANO,Western Electricity Coordinating Council / California North,AEO2026 Counterfactual Baseline case,1.28358715498686,Industrial
2047,com,5-25,BASN,Western Electricity Coordinating Council / Basin,AEO2026 Counterfactual Baseline case,1.9543090628592152,Commercial
2047,com,5-1,TRE,Texas Reliability Entity,AEO2026 Counterfactual Baseline case,1.6389765426669742,Commercial
2047,com,5-17,SPPS,Southwest Power Pool / South,AEO2026 Counterfactual Baseline case,1.662080285739827,Commercial
2047,com,5-19,SPPN,Southwest Power Pool / North,AEO2026 Counterfactual Baseline case,1.2867764768066796,Commercial
2047,com,5-18,SPPC,Southwest Power Pool / Central,AEO2026 Counterfactual Baseline case,1.2673084039739237,Commercial
2047,com,5-15,SRSE,SERC Reliability Corporation / Southeastern,AEO2026 Counterfactual Baseline case,1.503764105491758,Commercial
2047,com,5-14,SRCA,SERC Reliability Corporation / East,AEO2026 Counterfactual Baseline case,1.5930852872132806,Commercial
2047,com,5-16,SRCE,SERC Reliability Corporation / Central,AEO2026 Counterfactual Baseline case,1.256363762457066,Commercial
2047,com,5-11,PJMW,PJM / West,AEO2026 Counterfactual Baseline case,1.358802631986979,Commercial
2047,com,5-10,PJME,PJM / East,AEO2026 Counterfactual Baseline case,1.4600036695860645,Commercial
2047,com,5-13,PJMD,PJM / Dominion,AEO2026 Counterfactual Baseline case,1.5930855589400628,Commercial
2047,com,5-12,PJMC,PJM / Commonwealth Edison,AEO2026 Counterfactual Baseline case,1.2992218844021473,Commercial
2047,com,5-9,NYUP,Northeast Power Coordinating Council / Upstate New York,AEO2026 Counterfactual Baseline case,1.3799107637881511,Commercial
2047,com,5-7,ISNE,Northeast Power Coordinating Council / New England,AEO2026 Counterfactual Baseline case,1.250290525485571,Commercial
2047,com,5-8,NYCW,Northeast Power Coordinating Council / New York City and Long Island,AEO2026 Counterfactual Baseline case,1.3799106808726505,Commercial
2047,com,5-3,MISW,Midcontinent / West,AEO2026 Counterfactual Baseline case,1.2787306344968947,Commercial
2047,com,5-6,MISS,Midcontinent / South,AEO2026 Counterfactual Baseline case,1.579871448900297,Commercial
2047,com,5-5,MISE,Midcontinent / East,AEO2026 Counterfactual Baseline case,1.2992216810350523,Commercial
2047,com,5-4,MISC,Midcontinent / Central,AEO2026 Counterfactual Baseline case,1.287431784773243,Commercial
2047,com,5-2,FRCC,Florida Reliability Coordinating Council,AEO2026 Counterfactual Baseline case,1.5930854628569362,Commercial
2047,trans,5-22,CASO,Western Electricity Coordinating Council / California South,AEO2026 Counterfactual Baseline case,1.4873374667847652,Transportation
2047,com,5-21,CANO,Western Electricity Coordinating Council / California North,AEO2026 Counterfactual Baseline case,1.5669755476817908,Commercial
2047,com,5-22,CASO,Western Electricity Coordinating Council / California South,AEO2026 Counterfactual Baseline case,1.5669756699647495,Commercial
2047,com,5-20,SRSG,Western Electricity Coordinating Council / Southwest,AEO2026 Counterfactual Baseline case,1.9097635676922564,Commercial
2047,ind,5-25,BASN,Western Electricity Coordinating Council / Basin,AEO2026 Counterfactual Baseline case,1.3147352836470185,Industrial
2047,ind,5-1,TRE,Texas Reliability Entity,AEO2026 Counterfactual Baseline case,1.1515953828779517,Industrial
2047,ind,5-17,SPPS,Southwest Power Pool / South,AEO2026 Counterfactual Baseline case,1.1731055497864922,Industrial
2047,ind,5-19,SPPN,Southwest Power Pool / North,AEO2026 Counterfactual Baseline case,1.0876534092872145,Industrial
2047,ind,5-18,SPPC,Southwest Power Pool / Central,AEO2026 Counterfactual Baseline case,1.0845344004014603,Industrial
2047,ind,5-15,SRSE,SERC Reliability Corporation / Southeastern,AEO2026 Counterfactual Baseline case,1.1889868255850593,Industrial
2047,ind,5-14,SRCA,SERC Reliability Corporation / East,AEO2026 Counterfactual Baseline case,1.1853175603649675,Industrial
2047,ind,5-16,SRCE,SERC Reliability Corporation / Central,AEO2026 Counterfactual Baseline case,1.1932289974683583,Industrial
2047,ind,5-11,PJMW,PJM / West,AEO2026 Counterfactual Baseline case,1.118408035246747,Industrial
2047,ind,5-10,PJME,PJM / East,AEO2026 Counterfactual Baseline case,0.9568115248994351,Industrial
2047,ind,5-13,PJMD,PJM / Dominion,AEO2026 Counterfactual Baseline case,1.1853176847007563,Industrial
2047,ind,5-12,PJMC,PJM / Commonwealth Edison,AEO2026 Counterfactual Baseline case,1.1309010612744026,Industrial
2047,ind,5-9,NYUP,Northeast Power Coordinating Council / Upstate New York,AEO2026 Counterfactual Baseline case,0.9333710097687037,Industrial
2047,ind,5-7,ISNE,Northeast Power Coordinating Council / New England,AEO2026 Counterfactual Baseline case,0.9213183151393329,Industrial
2047,ind,5-8,NYCW,Northeast Power Coordinating Council / New York City and Long Island,AEO2026 Counterfactual Baseline case,0.9333724583146339,Industrial
2047,ind,5-3,MISW,Midcontinent / West,AEO2026 Counterfactual Baseline case,1.1000322997898846,Industrial
2047,ind,5-6,MISS,Midcontinent / South,AEO2026 Counterfactual Baseline case,1.1539686615330944,Industrial
2047,ind,5-5,MISE,Midcontinent / East,AEO2026 Counterfactual Baseline case,1.1309011618253324,Industrial
2047,ind,5-4,MISC,Midcontinent / Central,AEO2026 Counterfactual Baseline case,1.1306488599011975,Industrial
2047,ind,5-2,FRCC,Florida Reliability Coordinating Council,AEO2026 Counterfactual Baseline case,1.1853174637294204,Industrial
2047,com,5-23,NWPP,Western Electricity Coordinating Council / Northwest Power Pool Area,AEO2026 Counterfactual Baseline case,1.6165755381680698,Commercial
2047,com,5-24,RMRG,Western Electricity Coordinating Council / Rockies,AEO2026 Counterfactual Baseline case,1.9117365884010498,Commercial
2047,trans,5-20,SRSG,Western Electricity Coordinating Council / Southwest,AEO2026 Counterfactual Baseline case,1.8779406210786642,Transportation
2047,trans,5-25,BASN,Western Electricity Coordinating Council / Basin,AEO2026 Counterfactual Baseline case,1.9432360125625217,Transportation
2047,trans,5-21,CANO,Western Electricity Coordinating Council / California North,AEO2026 Counterfactual Baseline case,1.4873347054069144,Transportation
2048,res,5-6,MISS,Midcontinent / South,AEO2026 Counterfactual Baseline case,1.2370499171806164,Residential
2048,res,5-5,MISE,Midcontinent / East,AEO2026 Counterfactual Baseline case,1.3059942108772882,Residential
2048,trans,5-23,NWPP,Western Electricity Coordinating Council / Northwest Power Pool Area,AEO2026 Counterfactual Baseline case,1.5269700724989077,Transportation
2048,ind,5-6,MISS,Midcontinent / South,AEO2026 Counterfactual Baseline case,1.1627519110814324,Industrial
2048,trans,5-3,MISW,Midcontinent / West,AEO2026 Counterfactual Baseline case,1.0222604592217854,Transportation
2048,trans,5-8,NYCW,Northeast Power Coordinating Council / New York City and Long Island,AEO2026 Counterfactual Baseline case,1.203270790371651,Transportation
2048,trans,5-7,ISNE,Northeast Power Coordinating Council / New England,AEO2026 Counterfactual Baseline case,1.4071846904197598,Transportation
2048,trans,5-9,NYUP,Northeast Power Coordinating Council / Upstate New York,AEO2026 Counterfactual Baseline case,1.203270739330686,Transportation
2048,trans,5-12,PJMC,PJM / Commonwealth Edison,AEO2026 Counterfactual Baseline case,0.9044678418742073,Transportation
2048,trans,5-13,PJMD,PJM / Dominion,AEO2026 Counterfactual Baseline case,1.23000761614623,Transportation
2048,trans,5-10,PJME,PJM / East,AEO2026 Counterfactual Baseline case,1.2043168395491473,Transportation
2048,trans,5-11,PJMW,PJM / West,AEO2026 Counterfactual Baseline case,1.068253561464643,Transportation
2048,trans,5-16,SRCE,SERC Reliability Corporation / Central,AEO2026 Counterfactual Baseline case,1.1850454848014202,Transportation
2048,trans,5-6,MISS,Midcontinent / South,AEO2026 Counterfactual Baseline case,2.2240936423609083,Transportation
2048,trans,5-14,SRCA,SERC Reliability Corporation / East,AEO2026 Counterfactual Baseline case,1.230007686097831,Transportation
2048,trans,5-18,SPPC,Southwest Power Pool / Central,AEO2026 Counterfactual Baseline case,1.5775228335932279,Transportation
2048,trans,5-19,SPPN,Southwest Power Pool / North,AEO2026 Counterfactual Baseline case,1.5963411424058962,Transportation
2048,trans,5-17,SPPS,Southwest Power Pool / South,AEO2026 Counterfactual Baseline case,2.1809094871422343,Transportation
2048,trans,5-1,TRE,Texas Reliability Entity,AEO2026 Counterfactual Baseline case,2.2328033312388844,Transportation
2048,trans,5-25,BASN,Western Electricity Coordinating Council / Basin,AEO2026 Counterfactual Baseline case,1.9780882866116085,Transportation
2048,trans,5-21,CANO,Western Electricity Coordinating Council / California North,AEO2026 Counterfactual Baseline case,1.5057827068734222,Transportation
2048,trans,5-22,CASO,Western Electricity Coordinating Council / California South,AEO2026 Counterfactual Baseline case,1.5057856510186005,Transportation
2048,com,5-4,MISC,Midcontinent / Central,AEO2026 Counterfactual Baseline case,1.2925342365269026,Commercial
2048,com,5-2,FRCC,Florida Reliability Coordinating Council,AEO2026 Counterfactual Baseline case,1.614951456560143,Commercial
2048,trans,5-15,SRSE,SERC Reliability Corporation / Southeastern,AEO2026 Counterfactual Baseline case,1.2294426152883842,Transportation
2048,trans,5-5,MISE,Midcontinent / East,AEO2026 Counterfactual Baseline case,0.9044676518618576,Transportation
2048,trans,5-4,MISC,Midcontinent / Central,AEO2026 Counterfactual Baseline case,0.9360396481861593,Transportation
2048,trans,5-2,FRCC,Florida Reliability Coordinating Council,AEO2026 Counterfactual Baseline case,1.2300105180009884,Transportation
2048,res,5-3,MISW,Midcontinent / West,AEO2026 Counterfactual Baseline case,1.2335129361905917,Residential
2048,res,5-8,NYCW,Northeast Power Coordinating Council / New York City and Long Island,AEO2026 Counterfactual Baseline case,1.3089926089985273,Residential
2048,res,5-7,ISNE,Northeast Power Coordinating Council / New England,AEO2026 Counterfactual Baseline case,1.278987245903326,Residential
2048,res,5-9,NYUP,Northeast Power Coordinating Council / Upstate New York,AEO2026 Counterfactual Baseline case,1.308992728456388,Residential
2048,res,5-12,PJMC,PJM / Commonwealth Edison,AEO2026 Counterfactual Baseline case,1.305995167906548,Residential
2048,res,5-13,PJMD,PJM / Dominion,AEO2026 Counterfactual Baseline case,1.253125992621537,Residential
2048,res,5-10,PJME,PJM / East,AEO2026 Counterfactual Baseline case,1.2912866989385614,Residential
2048,res,5-11,PJMW,PJM / West,AEO2026 Counterfactual Baseline case,1.2668989444460024,Residential
2048,res,5-16,SRCE,SERC Reliability Corporation / Central,AEO2026 Counterfactual Baseline case,1.0409498435843854,Residential
2048,res,5-14,SRCA,SERC Reliability Corporation / East,AEO2026 Counterfactual Baseline case,1.2531261099481983,Residential
2048,res,5-15,SRSE,SERC Reliability Corporation / Southeastern,AEO2026 Counterfactual Baseline case,1.1874938182897747,Residential
2048,res,5-18,SPPC,Southwest Power Pool / Central,AEO2026 Counterfactual Baseline case,1.192337759094389,Residential
2048,res,5-19,SPPN,Southwest Power Pool / North,AEO2026 Counterfactual Baseline case,1.1982869074056484,Residential
2048,res,5-17,SPPS,Southwest Power Pool / South,AEO2026 Counterfactual Baseline case,1.2891337220082737,Residential
2048,res,5-1,TRE,Texas Reliability Entity,AEO2026 Counterfactual Baseline case,1.2787566762207643,Residential
2048,res,5-25,BASN,Western Electricity Coordinating Council / Basin,AEO2026 Counterfactual Baseline case,1.5689498768209715,Residential
2048,res,5-21,CANO,Western Electricity Coordinating Council / California North,AEO2026 Counterfactual Baseline case,1.30011428959661,Residential
2048,res,5-22,CASO,Western Electricity Coordinating Council / California South,AEO2026 Counterfactual Baseline case,1.3001240458908105,Residential
2048,res,5-24,RMRG,Western Electricity Coordinating Council / Rockies,AEO2026 Counterfactual Baseline case,1.5484702525676008,Residential
2048,res,5-20,SRSG,Western Electricity Coordinating Council / Southwest,AEO2026 Counterfactual Baseline case,1.5449560917764709,Residential
2048,res,5-23,NWPP,Western Electricity Coordinating Council / Northwest Power Pool Area,AEO2026 Counterfactual Baseline case,1.3358607152874928,Residential
2048,trans,5-24,RMRG,Western Electricity Coordinating Council / Rockies,AEO2026 Counterfactual Baseline case,1.980047760394581,Transportation
2048,trans,5-20,SRSG,Western Electricity Coordinating Council / Southwest,AEO2026 Counterfactual Baseline case,1.9104443063728178,Transportation
2048,ind,5-2,FRCC,Florida Reliability Coordinating Council,AEO2026 Counterfactual Baseline case,1.195251424531784,Industrial
2048,com,5-20,SRSG,Western Electricity Coordinating Council / Southwest,AEO2026 Counterfactual Baseline case,1.945693448527214,Commercial
2048,ind,5-24,RMRG,Western Electricity Coordinating Council / Rockies,AEO2026 Counterfactual Baseline case,1.3138872544454823,Industrial
2048,ind,5-22,CASO,Western Electricity Coordinating Council / California South,AEO2026 Counterfactual Baseline case,1.3006074082076817,Industrial
2048,ind,5-21,CANO,Western Electricity Coordinating Council / California North,AEO2026 Counterfactual Baseline case,1.30060751078499,Industrial
2048,ind,5-25,BASN,Western Electricity Coordinating Council / Basin,AEO2026 Counterfactual Baseline case,1.3324814442885156,Industrial
2048,ind,5-1,TRE,Texas Reliability Entity,AEO2026 Counterfactual Baseline case,1.1603272920701961,Industrial
2048,ind,5-17,SPPS,Southwest Power Pool / South,AEO2026 Counterfactual Baseline case,1.1830246848306019,Industrial
2048,ind,5-19,SPPN,Southwest Power Pool / North,AEO2026 Counterfactual Baseline case,1.0924490546850882,Industrial
2048,ind,5-18,SPPC,Southwest Power Pool / Central,AEO2026 Counterfactual Baseline case,1.0891521214607551,Industrial
2048,ind,5-15,SRSE,SERC Reliability Corporation / Southeastern,AEO2026 Counterfactual Baseline case,1.1987848129149414,Industrial
2048,ind,5-20,SRSG,Western Electricity Coordinating Council / Southwest,AEO2026 Counterfactual Baseline case,1.3210800126310644,Industrial
2048,ind,5-4,MISC,Midcontinent / Central,AEO2026 Counterfactual Baseline case,1.1356484023361393,Industrial
2048,ind,5-16,SRCE,SERC Reliability Corporation / Central,AEO2026 Counterfactual Baseline case,1.2028698406131417,Industrial
2048,ind,5-11,PJMW,PJM / West,AEO2026 Counterfactual Baseline case,1.1236132721019367,Industrial
2048,ind,5-10,PJME,PJM / East,AEO2026 Counterfactual Baseline case,0.9571104813858377,Industrial
2048,ind,5-13,PJMD,PJM / Dominion,AEO2026 Counterfactual Baseline case,1.1952515691925085,Industrial
2048,ind,5-12,PJMC,PJM / Commonwealth Edison,AEO2026 Counterfactual Baseline case,1.1353490850329737,Industrial
2048,ind,5-9,NYUP,Northeast Power Coordinating Council / Upstate New York,AEO2026 Counterfactual Baseline case,0.9326814849584412,Industrial
2048,ind,5-7,ISNE,Northeast Power Coordinating Council / New England,AEO2026 Counterfactual Baseline case,0.9203134864453623,Industrial
2048,ind,5-8,NYCW,Northeast Power Coordinating Council / New York City and Long Island,AEO2026 Counterfactual Baseline case,0.9326820174681534,Industrial
2048,ind,5-3,MISW,Midcontinent / West,AEO2026 Counterfactual Baseline case,1.1045931742383743,Industrial
2048,ind,5-14,SRCA,SERC Reliability Corporation / East,AEO2026 Counterfactual Baseline case,1.1952514237049616,Industrial
2048,ind,5-23,NWPP,Western Electricity Coordinating Council / Northwest Power Pool Area,AEO2026 Counterfactual Baseline case,1.3052060337491274,Industrial
2048,res,5-2,FRCC,Florida Reliability Coordinating Council,AEO2026 Counterfactual Baseline case,1.2531259536197585,Residential
2048,res,5-4,MISC,Midcontinent / Central,AEO2026 Counterfactual Baseline case,1.2594174325950869,Residential
2048,com,5-24,RMRG,Western Electricity Coordinating Council / Rockies,AEO2026 Counterfactual Baseline case,1.9485318581349276,Commercial
2048,com,5-22,CASO,Western Electricity Coordinating Council / California South,AEO2026 Counterfactual Baseline case,1.5793091554389256,Commercial
2048,com,5-21,CANO,Western Electricity Coordinating Council / California North,AEO2026 Counterfactual Baseline case,1.5793092524923473,Commercial
2048,com,5-25,BASN,Western Electricity Coordinating Council / Basin,AEO2026 Counterfactual Baseline case,1.9931550889367604,Commercial
2048,com,5-1,TRE,Texas Reliability Entity,AEO2026 Counterfactual Baseline case,1.6580727938574422,Commercial
2048,com,5-17,SPPS,Southwest Power Pool / South,AEO2026 Counterfactual Baseline case,1.6826245449676056,Commercial
2048,com,5-19,SPPN,Southwest Power Pool / North,AEO2026 Counterfactual Baseline case,1.2927293293569764,Commercial
2048,com,5-18,SPPC,Southwest Power Pool / Central,AEO2026 Counterfactual Baseline case,1.2722948868014912,Commercial
2048,com,5-15,SRSE,SERC Reliability Corporation / Southeastern,AEO2026 Counterfactual Baseline case,1.5217043489791309,Commercial
2048,com,5-14,SRCA,SERC Reliability Corporation / East,AEO2026 Counterfactual Baseline case,1.6149514189537193,Commercial
2048,com,5-16,SRCE,SERC Reliability Corporation / Central,AEO2026 Counterfactual Baseline case,1.2634298433451163,Commercial
2048,com,5-11,PJMW,PJM / West,AEO2026 Counterfactual Baseline case,1.3669754348233913,Commercial
2048,com,5-10,PJME,PJM / East,AEO2026 Counterfactual Baseline case,1.4709100889522577,Commercial
2048,com,5-13,PJMD,PJM / Dominion,AEO2026 Counterfactual Baseline case,1.6149516481573556,Commercial
2048,com,5-12,PJMC,PJM / Commonwealth Edison,AEO2026 Counterfactual Baseline case,1.3043540990398454,Commercial
2048,com,5-9,NYUP,Northeast Power Coordinating Council / Upstate New York,AEO2026 Counterfactual Baseline case,1.3842215942088425,Commercial
2048,com,5-7,ISNE,Northeast Power Coordinating Council / New England,AEO2026 Counterfactual Baseline case,1.2548912371047527,Commercial
2048,com,5-8,NYCW,Northeast Power Coordinating Council / New York City and Long Island,AEO2026 Counterfactual Baseline case,1.3842215837484473,Commercial
2048,com,5-3,MISW,Midcontinent / West,AEO2026 Counterfactual Baseline case,1.2837565575339855,Commercial
2048,com,5-6,MISS,Midcontinent / South,AEO2026 Counterfactual Baseline case,1.597101448230457,Commercial
2048,com,5-5,MISE,Midcontinent / East,AEO2026 Counterfactual Baseline case,1.3043539479197395,Commercial
2048,com,5-23,NWPP,Western Electricity Coordinating Council / Northwest Power Pool Area,AEO2026 Counterfactual Baseline case,1.632304213721517,Commercial
2048,ind,5-5,MISE,Midcontinent / East,AEO2026 Counterfactual Baseline case,1.135349172237008,Industrial
2049,trans,5-23,NWPP,Western Electricity Coordinating Council / Northwest Power Pool Area,AEO2026 Counterfactual Baseline case,1.5462891455186576,Transportation
2049,trans,5-20,SRSG,Western Electricity Coordinating Council / Southwest,AEO2026 Counterfactual Baseline case,1.9429358088763813,Transportation
2049,trans,5-22,CASO,Western Electricity Coordinating Council / California South,AEO2026 Counterfactual Baseline case,1.5243755535872454,Transportation
2049,trans,5-21,CANO,Western Electricity Coordinating Council / California North,AEO2026 Counterfactual Baseline case,1.5243723596610368,Transportation
2049,trans,5-25,BASN,Western Electricity Coordinating Council / Basin,AEO2026 Counterfactual Baseline case,2.012955100616494,Transportation
2049,trans,5-1,TRE,Texas Reliability Entity,AEO2026 Counterfactual Baseline case,2.2742201727387936,Transportation
2049,trans,5-17,SPPS,Southwest Power Pool / South,AEO2026 Counterfactual Baseline case,2.221008281272701,Transportation
2049,trans,5-19,SPPN,Southwest Power Pool / North,AEO2026 Counterfactual Baseline case,1.6140431692550672,Transportation
2049,trans,5-24,RMRG,Western Electricity Coordinating Council / Rockies,AEO2026 Counterfactual Baseline case,2.0148637489677954,Transportation
2049,trans,5-18,SPPC,Southwest Power Pool / Central,AEO2026 Counterfactual Baseline case,1.5943417242147473,Transportation
2049,trans,5-15,SRSE,SERC Reliability Corporation / Southeastern,AEO2026 Counterfactual Baseline case,1.231140408157654,Transportation
2049,trans,5-14,SRCA,SERC Reliability Corporation / East,AEO2026 Counterfactual Baseline case,1.2316850923540246,Transportation
2049,trans,5-16,SRCE,SERC Reliability Corporation / Central,AEO2026 Counterfactual Baseline case,1.1883736410028845,Transportation
2049,res,5-17,SPPS,Southwest Power Pool / South,AEO2026 Counterfactual Baseline case,1.2995860950867948,Residential
2049,res,5-19,SPPN,Southwest Power Pool / North,AEO2026 Counterfactual Baseline case,1.2080035532878206,Residential
2049,res,5-18,SPPC,Southwest Power Pool / Central,AEO2026 Counterfactual Baseline case,1.2019134461086243,Residential
2049,res,5-15,SRSE,SERC Reliability Corporation / Southeastern,AEO2026 Counterfactual Baseline case,1.1940939912778346,Residential
2049,res,5-14,SRCA,SERC Reliability Corporation / East,AEO2026 Counterfactual Baseline case,1.2609777249833676,Residential
2049,res,5-16,SRCE,SERC Reliability Corporation / Central,AEO2026 Counterfactual Baseline case,1.044755451419086,Residential
2049,res,5-11,PJMW,PJM / West,AEO2026 Counterfactual Baseline case,1.275194189813507,Residential
2049,res,5-10,PJME,PJM / East,AEO2026 Counterfactual Baseline case,1.2977986754258108,Residential
2049,res,5-13,PJMD,PJM / Dominion,AEO2026 Counterfactual Baseline case,1.2609776738098397,Residential
2049,res,5-12,PJMC,PJM / Commonwealth Edison,AEO2026 Counterfactual Baseline case,1.3158791576496314,Residential
2049,res,5-9,NYUP,Northeast Power Coordinating Council / Upstate New York,AEO2026 Counterfactual Baseline case,1.314883000135318,Residential
2049,res,5-7,ISNE,Northeast Power Coordinating Council / New England,AEO2026 Counterfactual Baseline case,1.2839968109534774,Residential
2049,res,5-8,NYCW,Northeast Power Coordinating Council / New York City and Long Island,AEO2026 Counterfactual Baseline case,1.3148830879503044,Residential
2049,res,5-3,MISW,Midcontinent / West,AEO2026 Counterfactual Baseline case,1.2431998805562647,Residential
2049,res,5-6,MISS,Midcontinent / South,AEO2026 Counterfactual Baseline case,1.2460973999853802,Residential
2049,res,5-1,TRE,Texas Reliability Entity,AEO2026 Counterfactual Baseline case,1.288913812384131,Residential
2049,res,5-25,BASN,Western Electricity Coordinating Council / Basin,AEO2026 Counterfactual Baseline case,1.5872975297820748,Residential
2049,res,5-22,CASO,Western Electricity Coordinating Council / California South,AEO2026 Counterfactual Baseline case,1.3034711444358538,Residential
2049,trans,5-11,PJMW,PJM / West,AEO2026 Counterfactual Baseline case,1.0706790861953999,Transportation
2049,trans,5-10,PJME,PJM / East,AEO2026 Counterfactual Baseline case,1.205756399411837,Transportation
2049,trans,5-13,PJMD,PJM / Dominion,AEO2026 Counterfactual Baseline case,1.2316831683168317,Transportation
2049,trans,5-12,PJMC,PJM / Commonwealth Edison,AEO2026 Counterfactual Baseline case,0.9080331368854042,Transportation
2049,trans,5-9,NYUP,Northeast Power Coordinating Council / Upstate New York,AEO2026 Counterfactual Baseline case,1.2047002082420133,Transportation
2049,trans,5-7,ISNE,Northeast Power Coordinating Council / New England,AEO2026 Counterfactual Baseline case,1.412101149785517,Transportation
2049,trans,5-8,NYCW,Northeast Power Coordinating Council / New York City and Long Island,AEO2026 Counterfactual Baseline case,1.2047010483421028,Transportation
2049,trans,5-3,MISW,Midcontinent / West,AEO2026 Counterfactual Baseline case,1.0281385392893756,Transportation
2049,trans,5-6,MISS,Midcontinent / South,AEO2026 Counterfactual Baseline case,2.265222721700041,Transportation
2049,trans,5-5,MISE,Midcontinent / East,AEO2026 Counterfactual Baseline case,0.9080310880829017,Transportation
2049,trans,5-4,MISC,Midcontinent / Central,AEO2026 Counterfactual Baseline case,0.9402228437930947,Transportation
2049,trans,5-2,FRCC,Florida Reliability Coordinating Council,AEO2026 Counterfactual Baseline case,1.2316874844236432,Transportation
2049,res,5-23,NWPP,Western Electricity Coordinating Council / Northwest Power Pool Area,AEO2026 Counterfactual Baseline case,1.3412020136815581,Residential
2049,res,5-20,SRSG,Western Electricity Coordinating Council / Southwest,AEO2026 Counterfactual Baseline case,1.5623900740384848,Residential
2049,res,5-24,RMRG,Western Electricity Coordinating Council / Rockies,AEO2026 Counterfactual Baseline case,1.566411585577744,Residential
2049,res,5-21,CANO,Western Electricity Coordinating Council / California North,AEO2026 Counterfactual Baseline case,1.3034609597186433,Residential
2049,res,5-5,MISE,Midcontinent / East,AEO2026 Counterfactual Baseline case,1.3158783809803185,Residential
2049,res,5-4,MISC,Midcontinent / Central,AEO2026 Counterfactual Baseline case,1.2690584272638672,Residential
2049,ind,5-23,NWPP,Western Electricity Coordinating Council / Northwest Power Pool Area,AEO2026 Counterfactual Baseline case,1.3218746142304463,Industrial
2049,ind,5-3,MISW,Midcontinent / West,AEO2026 Counterfactual Baseline case,1.1079739264638255,Industrial
2049,ind,5-6,MISS,Midcontinent / South,AEO2026 Counterfactual Baseline case,1.1734366851795666,Industrial
2049,ind,5-5,MISE,Midcontinent / East,AEO2026 Counterfactual Baseline case,1.1385870072283975,Industrial
2049,ind,5-4,MISC,Midcontinent / Central,AEO2026 Counterfactual Baseline case,1.1394671900566489,Industrial
2049,ind,5-2,FRCC,Florida Reliability Coordinating Council,AEO2026 Counterfactual Baseline case,1.2035407015484028,Industrial
2049,com,5-23,NWPP,Western Electricity Coordinating Council / Northwest Power Pool Area,AEO2026 Counterfactual Baseline case,1.6456331166325247,Commercial
2049,com,5-20,SRSG,Western Electricity Coordinating Council / Southwest,AEO2026 Counterfactual Baseline case,1.9792376359777821,Commercial
2049,com,5-24,RMRG,Western Electricity Coordinating Council / Rockies,AEO2026 Counterfactual Baseline case,1.98289859322143,Commercial
2049,com,5-22,CASO,Western Electricity Coordinating Council / California South,AEO2026 Counterfactual Baseline case,1.5892577906361776,Commercial
2049,com,5-21,CANO,Western Electricity Coordinating Council / California North,AEO2026 Counterfactual Baseline case,1.589257670076366,Commercial
2049,com,5-25,BASN,Western Electricity Coordinating Council / Basin,AEO2026 Counterfactual Baseline case,2.029500880589817,Commercial
2049,com,5-1,TRE,Texas Reliability Entity,AEO2026 Counterfactual Baseline case,1.6761636008435021,Commercial
2049,com,5-17,SPPS,Southwest Power Pool / South,AEO2026 Counterfactual Baseline case,1.7020547625258473,Commercial
2049,com,5-19,SPPN,Southwest Power Pool / North,AEO2026 Counterfactual Baseline case,1.297253801278374,Commercial
2049,com,5-18,SPPC,Southwest Power Pool / Central,AEO2026 Counterfactual Baseline case,1.2758853143940183,Commercial
2049,ind,5-8,NYCW,Northeast Power Coordinating Council / New York City and Long Island,AEO2026 Counterfactual Baseline case,0.9305200745676114,Industrial
2049,com,5-15,SRSE,SERC Reliability Corporation / Southeastern,AEO2026 Counterfactual Baseline case,1.5377515594542752,Commercial
2049,ind,5-7,ISNE,Northeast Power Coordinating Council / New England,AEO2026 Counterfactual Baseline case,0.9182904022390377,Industrial
2049,ind,5-12,PJMC,PJM / Commonwealth Edison,AEO2026 Counterfactual Baseline case,1.1385870288684108,Industrial
2049,ind,5-20,SRSG,Western Electricity Coordinating Council / Southwest,AEO2026 Counterfactual Baseline case,1.3375242083408938,Industrial
2049,ind,5-24,RMRG,Western Electricity Coordinating Council / Rockies,AEO2026 Counterfactual Baseline case,1.3296235452551641,Industrial
2049,ind,5-22,CASO,Western Electricity Coordinating Council / California South,AEO2026 Counterfactual Baseline case,1.3172592380812682,Industrial
2049,ind,5-21,CANO,Western Electricity Coordinating Council / California North,AEO2026 Counterfactual Baseline case,1.3172592491572646,Industrial
2049,ind,5-25,BASN,Western Electricity Coordinating Council / Basin,AEO2026 Counterfactual Baseline case,1.3492493111826709,Industrial
2049,ind,5-1,TRE,Texas Reliability Entity,AEO2026 Counterfactual Baseline case,1.1711347646644465,Industrial
2049,ind,5-17,SPPS,Southwest Power Pool / South,AEO2026 Counterfactual Baseline case,1.1946167549739308,Industrial
2049,ind,5-19,SPPN,Southwest Power Pool / North,AEO2026 Counterfactual Baseline case,1.0960814098110854,Industrial
2049,ind,5-18,SPPC,Southwest Power Pool / Central,AEO2026 Counterfactual Baseline case,1.0926043176646094,Industrial
2049,ind,5-15,SRSE,SERC Reliability Corporation / Southeastern,AEO2026 Counterfactual Baseline case,1.2072398558147295,Industrial
2049,ind,5-14,SRCA,SERC Reliability Corporation / East,AEO2026 Counterfactual Baseline case,1.2035405165773296,Industrial
2049,ind,5-16,SRCE,SERC Reliability Corporation / Central,AEO2026 Counterfactual Baseline case,1.211516828225903,Industrial
2049,ind,5-11,PJMW,PJM / West,AEO2026 Counterfactual Baseline case,1.1274994327320869,Industrial
2049,ind,5-10,PJME,PJM / East,AEO2026 Counterfactual Baseline case,0.9559216500709101,Industrial
2049,ind,5-13,PJMD,PJM / Dominion,AEO2026 Counterfactual Baseline case,1.2035408040178954,Industrial
2049,ind,5-9,NYUP,Northeast Power Coordinating Council / Upstate New York,AEO2026 Counterfactual Baseline case,0.9305203890159358,Industrial
2049,res,5-2,FRCC,Florida Reliability Coordinating Council,AEO2026 Counterfactual Baseline case,1.2609776699110513,Residential
2049,com,5-14,SRCA,SERC Reliability Corporation / East,AEO2026 Counterfactual Baseline case,1.6346420632765177,Commercial
2049,com,5-11,PJMW,PJM / West,AEO2026 Counterfactual Baseline case,1.3733549708383972,Commercial
2049,com,5-16,SRCE,SERC Reliability Corporation / Central,AEO2026 Counterfactual Baseline case,1.269385381313093,Commercial
2049,com,5-10,PJME,PJM / East,AEO2026 Counterfactual Baseline case,1.4793925714578922,Commercial
2049,com,5-13,PJMD,PJM / Dominion,AEO2026 Counterfactual Baseline case,1.634642364271314,Commercial
2049,com,5-12,PJMC,PJM / Commonwealth Edison,AEO2026 Counterfactual Baseline case,1.307873558316703,Commercial
2049,com,5-9,NYUP,Northeast Power Coordinating Council / Upstate New York,AEO2026 Counterfactual Baseline case,1.3859583566876337,Commercial
2049,com,5-7,ISNE,Northeast Power Coordinating Council / New England,AEO2026 Counterfactual Baseline case,1.2566438042711452,Commercial
2049,com,5-8,NYCW,Northeast Power Coordinating Council / New York City and Long Island,AEO2026 Counterfactual Baseline case,1.3859583576832442,Commercial
2049,com,5-3,MISW,Midcontinent / West,AEO2026 Counterfactual Baseline case,1.2873066088485918,Commercial
2049,com,5-6,MISS,Midcontinent / South,AEO2026 Counterfactual Baseline case,1.6133122907975939,Commercial
2049,com,5-5,MISE,Midcontinent / East,AEO2026 Counterfactual Baseline case,1.3078735964671873,Commercial
2049,com,5-4,MISC,Midcontinent / Central,AEO2026 Counterfactual Baseline case,1.296105722162668,Commercial
2049,com,5-2,FRCC,Florida Reliability Coordinating Council,AEO2026 Counterfactual Baseline case,1.6346423634968688,Commercial
2050,trans,5-20,SRSG,Western Electricity Coordinating Council / Southwest,AEO2026 Counterfactual Baseline case,1.98065372854306,Transportation
2050,ind,5-4,MISC,Midcontinent / Central,AEO2026 Counterfactual Baseline case,1.1451429333053877,Industrial
2050,ind,5-5,MISE,Midcontinent / East,AEO2026 Counterfactual Baseline case,1.1442379188034797,Industrial
2050,ind,5-6,MISS,Midcontinent / South,AEO2026 Counterfactual Baseline case,1.1810477478263801,Industrial
2050,ind,5-3,MISW,Midcontinent / West,AEO2026 Counterfactual Baseline case,1.1125645313862136,Industrial
2050,ind,5-8,NYCW,Northeast Power Coordinating Council / New York City and Long Island,AEO2026 Counterfactual Baseline case,0.9302180066972763,Industrial
2050,ind,5-7,ISNE,Northeast Power Coordinating Council / New England,AEO2026 Counterfactual Baseline case,0.9178519471697689,Industrial
2050,ind,5-9,NYUP,Northeast Power Coordinating Council / Upstate New York,AEO2026 Counterfactual Baseline case,0.9302186830237897,Industrial
2050,ind,5-12,PJMC,PJM / Commonwealth Edison,AEO2026 Counterfactual Baseline case,1.1442377953443683,Industrial
2050,ind,5-13,PJMD,PJM / Dominion,AEO2026 Counterfactual Baseline case,1.212452760696571,Industrial
2050,ind,5-10,PJME,PJM / East,AEO2026 Counterfactual Baseline case,0.9564771047824677,Industrial
2050,ind,5-11,PJMW,PJM / West,AEO2026 Counterfactual Baseline case,1.1331442646773722,Industrial
2050,ind,5-16,SRCE,SERC Reliability Corporation / Central,AEO2026 Counterfactual Baseline case,1.219636447362359,Industrial
2050,ind,5-14,SRCA,SERC Reliability Corporation / East,AEO2026 Counterfactual Baseline case,1.2124526877720365,Industrial
2050,ind,5-15,SRSE,SERC Reliability Corporation / Southeastern,AEO2026 Counterfactual Baseline case,1.2157844536551863,Industrial
2050,ind,5-18,SPPC,Southwest Power Pool / Central,AEO2026 Counterfactual Baseline case,1.0966627923114092,Industrial
2050,ind,5-19,SPPN,Southwest Power Pool / North,AEO2026 Counterfactual Baseline case,1.100325980686336,Industrial
2050,ind,5-17,SPPS,Southwest Power Pool / South,AEO2026 Counterfactual Baseline case,1.2035451771116916,Industrial
2050,ind,5-1,TRE,Texas Reliability Entity,AEO2026 Counterfactual Baseline case,1.178715568312999,Industrial
2050,ind,5-25,BASN,Western Electricity Coordinating Council / Basin,AEO2026 Counterfactual Baseline case,1.3670609863455614,Industrial
2050,ind,5-21,CANO,Western Electricity Coordinating Council / California North,AEO2026 Counterfactual Baseline case,1.3341983411064118,Industrial
2050,ind,5-22,CASO,Western Electricity Coordinating Council / California South,AEO2026 Counterfactual Baseline case,1.3341982883596244,Industrial
2050,ind,5-2,FRCC,Florida Reliability Coordinating Council,AEO2026 Counterfactual Baseline case,1.2124527033738914,Industrial
2050,com,5-23,NWPP,Western Electricity Coordinating Council / Northwest Power Pool Area,AEO2026 Counterfactual Baseline case,1.6579274709567167,Commercial
2050,com,5-20,SRSG,Western Electricity Coordinating Council / Southwest,AEO2026 Counterfactual Baseline case,2.011470447380382,Commercial
2050,com,5-24,RMRG,Western Electricity Coordinating Council / Rockies,AEO2026 Counterfactual Baseline case,2.015894237714825,Commercial
2050,com,5-4,MISC,Midcontinent / Central,AEO2026 Counterfactual Baseline case,1.2993160502058259,Commercial
2050,com,5-5,MISE,Midcontinent / East,AEO2026 Counterfactual Baseline case,1.3112345284817954,Commercial
2050,com,5-6,MISS,Midcontinent / South,AEO2026 Counterfactual Baseline case,1.6292542737093132,Commercial
2050,com,5-3,MISW,Midcontinent / West,AEO2026 Counterfactual Baseline case,1.2903075337538794,Commercial
2050,com,5-8,NYCW,Northeast Power Coordinating Council / New York City and Long Island,AEO2026 Counterfactual Baseline case,1.3888873637381505,Commercial
2050,com,5-7,ISNE,Northeast Power Coordinating Council / New England,AEO2026 Counterfactual Baseline case,1.2630930490216645,Commercial
2050,com,5-9,NYUP,Northeast Power Coordinating Council / Upstate New York,AEO2026 Counterfactual Baseline case,1.3888872011345759,Commercial
2050,com,5-12,PJMC,PJM / Commonwealth Edison,AEO2026 Counterfactual Baseline case,1.3112346703960605,Commercial
2050,com,5-13,PJMD,PJM / Dominion,AEO2026 Counterfactual Baseline case,1.6535576680047799,Commercial
2050,ind,5-24,RMRG,Western Electricity Coordinating Council / Rockies,AEO2026 Counterfactual Baseline case,1.3463763708279193,Industrial
2050,com,5-10,PJME,PJM / East,AEO2026 Counterfactual Baseline case,1.4883277523310283,Commercial
2050,com,5-16,SRCE,SERC Reliability Corporation / Central,AEO2026 Counterfactual Baseline case,1.2757084750518006,Commercial
2050,com,5-14,SRCA,SERC Reliability Corporation / East,AEO2026 Counterfactual Baseline case,1.653557557178577,Commercial
2050,com,5-15,SRSE,SERC Reliability Corporation / Southeastern,AEO2026 Counterfactual Baseline case,1.5533265982300701,Commercial
2050,com,5-18,SPPC,Southwest Power Pool / Central,AEO2026 Counterfactual Baseline case,1.2786990523399913,Commercial
2050,com,5-19,SPPN,Southwest Power Pool / North,AEO2026 Counterfactual Baseline case,1.30098230233792,Commercial
2050,com,5-17,SPPS,Southwest Power Pool / South,AEO2026 Counterfactual Baseline case,1.721025001685305,Commercial
2050,com,5-1,TRE,Texas Reliability Entity,AEO2026 Counterfactual Baseline case,1.6938687452075785,Commercial
2050,com,5-25,BASN,Western Electricity Coordinating Council / Basin,AEO2026 Counterfactual Baseline case,2.064436632377364,Commercial
2050,com,5-21,CANO,Western Electricity Coordinating Council / California North,AEO2026 Counterfactual Baseline case,1.5982270390717264,Commercial
2050,com,5-22,CASO,Western Electricity Coordinating Council / California South,AEO2026 Counterfactual Baseline case,1.5982270131015122,Commercial
2050,com,5-11,PJMW,PJM / West,AEO2026 Counterfactual Baseline case,1.379651862170291,Commercial
2050,trans,5-23,NWPP,Western Electricity Coordinating Council / Northwest Power Pool Area,AEO2026 Counterfactual Baseline case,1.5701521219849495,Transportation
2050,ind,5-20,SRSG,Western Electricity Coordinating Council / Southwest,AEO2026 Counterfactual Baseline case,1.3547323857064366,Industrial
2050,res,5-2,FRCC,Florida Reliability Coordinating Council,AEO2026 Counterfactual Baseline case,1.2681961275335312,Residential
2050,trans,5-5,MISE,Midcontinent / East,AEO2026 Counterfactual Baseline case,0.9088728049837705,Transportation
2050,trans,5-6,MISS,Midcontinent / South,AEO2026 Counterfactual Baseline case,2.3064101815634306,Transportation
2050,trans,5-3,MISW,Midcontinent / West,AEO2026 Counterfactual Baseline case,1.0324092915908938,Transportation
2050,trans,5-8,NYCW,Northeast Power Coordinating Council / New York City and Long Island,AEO2026 Counterfactual Baseline case,1.2075646467355285,Transportation
2050,trans,5-7,ISNE,Northeast Power Coordinating Council / New England,AEO2026 Counterfactual Baseline case,1.419865629835661,Transportation
2050,trans,5-9,NYUP,Northeast Power Coordinating Council / Upstate New York,AEO2026 Counterfactual Baseline case,1.2075643488632535,Transportation
2050,trans,5-12,PJMC,PJM / Commonwealth Edison,AEO2026 Counterfactual Baseline case,0.9088683450871488,Transportation
2050,trans,5-13,PJMD,PJM / Dominion,AEO2026 Counterfactual Baseline case,1.2374893597957082,Transportation
2050,trans,5-10,PJME,PJM / East,AEO2026 Counterfactual Baseline case,1.2087345565262662,Transportation
2050,trans,5-11,PJMW,PJM / West,AEO2026 Counterfactual Baseline case,1.0728228273820728,Transportation
2050,trans,5-16,SRCE,SERC Reliability Corporation / Central,AEO2026 Counterfactual Baseline case,1.19347681384513,Transportation
2050,trans,5-14,SRCA,SERC Reliability Corporation / East,AEO2026 Counterfactual Baseline case,1.2374907549294958,Transportation
2050,trans,5-15,SRSE,SERC Reliability Corporation / Southeastern,AEO2026 Counterfactual Baseline case,1.2369348996102638,Transportation
2050,trans,5-18,SPPC,Southwest Power Pool / Central,AEO2026 Counterfactual Baseline case,1.614780574738249,Transportation
2050,trans,5-19,SPPN,Southwest Power Pool / North,AEO2026 Counterfactual Baseline case,1.6354303764148461,Transportation
2050,trans,5-17,SPPS,Southwest Power Pool / South,AEO2026 Counterfactual Baseline case,2.262356530582595,Transportation
2050,trans,5-1,TRE,Texas Reliability Entity,AEO2026 Counterfactual Baseline case,2.315700912682776,Transportation
2050,trans,5-25,BASN,Western Electricity Coordinating Council / Basin,AEO2026 Counterfactual Baseline case,2.0532889380016286,Transportation
2050,trans,5-21,CANO,Western Electricity Coordinating Council / California North,AEO2026 Counterfactual Baseline case,1.5474656912167848,Transportation
2050,trans,5-22,CASO,Western Electricity Coordinating Council / California South,AEO2026 Counterfactual Baseline case,1.5474650132860939,Transportation
2050,trans,5-24,RMRG,Western Electricity Coordinating Council / Rockies,AEO2026 Counterfactual Baseline case,2.055125315240922,Transportation
2050,trans,5-4,MISC,Midcontinent / Central,AEO2026 Counterfactual Baseline case,0.9419776588993941,Transportation
2050,trans,5-2,FRCC,Florida Reliability Coordinating Council,AEO2026 Counterfactual Baseline case,1.2374956174995881,Transportation
2050,res,5-23,NWPP,Western Electricity Coordinating Council / Northwest Power Pool Area,AEO2026 Counterfactual Baseline case,1.3466004931337596,Residential
2050,res,5-20,SRSG,Western Electricity Coordinating Council / Southwest,AEO2026 Counterfactual Baseline case,1.5792246055501247,Residential
2050,res,5-4,MISC,Midcontinent / Central,AEO2026 Counterfactual Baseline case,1.2786737676074347,Residential
2050,res,5-5,MISE,Midcontinent / East,AEO2026 Counterfactual Baseline case,1.3259165243230584,Residential
2050,res,5-6,MISS,Midcontinent / South,AEO2026 Counterfactual Baseline case,1.2548965666258034,Residential
2050,res,5-3,MISW,Midcontinent / West,AEO2026 Counterfactual Baseline case,1.252727079994501,Residential
2050,res,5-8,NYCW,Northeast Power Coordinating Council / New York City and Long Island,AEO2026 Counterfactual Baseline case,1.3213533993486177,Residential
2050,res,5-7,ISNE,Northeast Power Coordinating Council / New England,AEO2026 Counterfactual Baseline case,1.28993278347188,Residential
2050,res,5-9,NYUP,Northeast Power Coordinating Council / Upstate New York,AEO2026 Counterfactual Baseline case,1.3213532376983508,Residential
2050,res,5-12,PJMC,PJM / Commonwealth Edison,AEO2026 Counterfactual Baseline case,1.3259176099342784,Residential
2050,res,5-13,PJMD,PJM / Dominion,AEO2026 Counterfactual Baseline case,1.2681962538398268,Residential
2050,res,5-10,PJME,PJM / East,AEO2026 Counterfactual Baseline case,1.3045062179794396,Residential
2050,ind,5-23,NWPP,Western Electricity Coordinating Council / Northwest Power Pool Area,AEO2026 Counterfactual Baseline case,1.338939501442519,Industrial
2050,res,5-11,PJMW,PJM / West,AEO2026 Counterfactual Baseline case,1.2835157595745725,Residential
2050,res,5-14,SRCA,SERC Reliability Corporation / East,AEO2026 Counterfactual Baseline case,1.2681961650994562,Residential
2050,res,5-15,SRSE,SERC Reliability Corporation / Southeastern,AEO2026 Counterfactual Baseline case,1.2002617839070695,Residential
2050,res,5-18,SPPC,Southwest Power Pool / Central,AEO2026 Counterfactual Baseline case,1.211150250759699,Residential
2050,res,5-19,SPPN,Southwest Power Pool / North,AEO2026 Counterfactual Baseline case,1.2173767403628384,Residential
2050,res,5-17,SPPS,Southwest Power Pool / South,AEO2026 Counterfactual Baseline case,1.3097205288717617,Residential
2050,res,5-1,TRE,Texas Reliability Entity,AEO2026 Counterfactual Baseline case,1.2987653914363841,Residential
2050,res,5-25,BASN,Western Electricity Coordinating Council / Basin,AEO2026 Counterfactual Baseline case,1.6050019696429234,Residential
2050,res,5-21,CANO,Western Electricity Coordinating Council / California North,AEO2026 Counterfactual Baseline case,1.3069722573005986,Residential
2050,res,5-22,CASO,Western Electricity Coordinating Council / California South,AEO2026 Counterfactual Baseline case,1.3069829626419864,Residential
2050,res,5-24,RMRG,Western Electricity Coordinating Council / Rockies,AEO2026 Counterfactual Baseline case,1.5837219058878431,Residential
2050,res,5-16,SRCE,SERC Reliability Corporation / Central,AEO2026 Counterfactual Baseline case,1.0485773820926485,Residential
2050,com,5-2,FRCC,Florida Reliability Coordinating Council,AEO2026 Counterfactual Baseline case,1.6535578001117566,Commercial
