year,sector_abbr,nerc_region_ID,nerc_region_abbr,nerc_region_desc,scenario,load_multiplier,sector
2014,trans,5-14,SRCA,SERC Reliability Corporation / East,AEO2026 Low Oil and Gas Supply,1.0,Transportation
2014,trans,5-15,SRSE,SERC Reliability Corporation / Southeastern,AEO2026 Low Oil and Gas Supply,1.0,Transportation
2014,trans,5-18,SPPC,Southwest Power Pool / Central,AEO2026 Low Oil and Gas Supply,1.0,Transportation
2014,trans,5-19,SPPN,Southwest Power Pool / North,AEO2026 Low Oil and Gas Supply,1.0,Transportation
2014,trans,5-17,SPPS,Southwest Power Pool / South,AEO2026 Low Oil and Gas Supply,1.0,Transportation
2014,trans,5-1,TRE,Texas Reliability Entity,AEO2026 Low Oil and Gas Supply,1.0,Transportation
2014,trans,5-25,BASN,Western Electricity Coordinating Council / Basin,AEO2026 Low Oil and Gas Supply,1.0,Transportation
2014,trans,5-21,CANO,Western Electricity Coordinating Council / California North,AEO2026 Low Oil and Gas Supply,1.0,Transportation
2014,trans,5-22,CASO,Western Electricity Coordinating Council / California South,AEO2026 Low Oil and Gas Supply,1.0,Transportation
2014,trans,5-24,RMRG,Western Electricity Coordinating Council / Rockies,AEO2026 Low Oil and Gas Supply,1.0,Transportation
2014,trans,5-20,SRSG,Western Electricity Coordinating Council / Southwest,AEO2026 Low Oil and Gas Supply,1.0,Transportation
2014,trans,5-23,NWPP,Western Electricity Coordinating Council / Northwest Power Pool Area,AEO2026 Low Oil and Gas Supply,1.0,Transportation
2014,trans,5-16,SRCE,SERC Reliability Corporation / Central,AEO2026 Low Oil and Gas Supply,1.0,Transportation
2014,trans,5-11,PJMW,PJM / West,AEO2026 Low Oil and Gas Supply,1.0,Transportation
2014,trans,5-10,PJME,PJM / East,AEO2026 Low Oil and Gas Supply,1.0,Transportation
2014,trans,5-13,PJMD,PJM / Dominion,AEO2026 Low Oil and Gas Supply,1.0,Transportation
2014,com,5-4,MISC,Midcontinent / Central,AEO2026 Low Oil and Gas Supply,1.0,Commercial
2014,com,5-5,MISE,Midcontinent / East,AEO2026 Low Oil and Gas Supply,1.0,Commercial
2014,com,5-6,MISS,Midcontinent / South,AEO2026 Low Oil and Gas Supply,1.0,Commercial
2014,com,5-3,MISW,Midcontinent / West,AEO2026 Low Oil and Gas Supply,1.0,Commercial
2014,com,5-8,NYCW,Northeast Power Coordinating Council / New York City and Long Island,AEO2026 Low Oil and Gas Supply,1.0,Commercial
2014,com,5-7,ISNE,Northeast Power Coordinating Council / New England,AEO2026 Low Oil and Gas Supply,1.0,Commercial
2014,com,5-9,NYUP,Northeast Power Coordinating Council / Upstate New York,AEO2026 Low Oil and Gas Supply,1.0,Commercial
2014,com,5-12,PJMC,PJM / Commonwealth Edison,AEO2026 Low Oil and Gas Supply,1.0,Commercial
2014,com,5-13,PJMD,PJM / Dominion,AEO2026 Low Oil and Gas Supply,1.0,Commercial
2014,com,5-10,PJME,PJM / East,AEO2026 Low Oil and Gas Supply,1.0,Commercial
2014,com,5-11,PJMW,PJM / West,AEO2026 Low Oil and Gas Supply,1.0,Commercial
2014,com,5-16,SRCE,SERC Reliability Corporation / Central,AEO2026 Low Oil and Gas Supply,1.0,Commercial
2014,com,5-14,SRCA,SERC Reliability Corporation / East,AEO2026 Low Oil and Gas Supply,1.0,Commercial
2014,com,5-15,SRSE,SERC Reliability Corporation / Southeastern,AEO2026 Low Oil and Gas Supply,1.0,Commercial
2014,com,5-2,FRCC,Florida Reliability Coordinating Council,AEO2026 Low Oil and Gas Supply,1.0,Commercial
2014,com,5-18,SPPC,Southwest Power Pool / Central,AEO2026 Low Oil and Gas Supply,1.0,Commercial
2014,com,5-19,SPPN,Southwest Power Pool / North,AEO2026 Low Oil and Gas Supply,1.0,Commercial
2014,com,5-1,TRE,Texas Reliability Entity,AEO2026 Low Oil and Gas Supply,1.0,Commercial
2014,res,5-3,MISW,Midcontinent / West,AEO2026 Low Oil and Gas Supply,1.0,Residential
2014,res,5-8,NYCW,Northeast Power Coordinating Council / New York City and Long Island,AEO2026 Low Oil and Gas Supply,1.0,Residential
2014,res,5-7,ISNE,Northeast Power Coordinating Council / New England,AEO2026 Low Oil and Gas Supply,1.0,Residential
2014,res,5-9,NYUP,Northeast Power Coordinating Council / Upstate New York,AEO2026 Low Oil and Gas Supply,1.0,Residential
2014,res,5-12,PJMC,PJM / Commonwealth Edison,AEO2026 Low Oil and Gas Supply,1.0,Residential
2014,res,5-13,PJMD,PJM / Dominion,AEO2026 Low Oil and Gas Supply,1.0,Residential
2014,res,5-10,PJME,PJM / East,AEO2026 Low Oil and Gas Supply,1.0,Residential
2014,res,5-11,PJMW,PJM / West,AEO2026 Low Oil and Gas Supply,1.0,Residential
2014,res,5-16,SRCE,SERC Reliability Corporation / Central,AEO2026 Low Oil and Gas Supply,1.0,Residential
2014,res,5-14,SRCA,SERC Reliability Corporation / East,AEO2026 Low Oil and Gas Supply,1.0,Residential
2014,res,5-15,SRSE,SERC Reliability Corporation / Southeastern,AEO2026 Low Oil and Gas Supply,1.0,Residential
2014,res,5-18,SPPC,Southwest Power Pool / Central,AEO2026 Low Oil and Gas Supply,1.0,Residential
2014,res,5-19,SPPN,Southwest Power Pool / North,AEO2026 Low Oil and Gas Supply,1.0,Residential
2014,res,5-17,SPPS,Southwest Power Pool / South,AEO2026 Low Oil and Gas Supply,1.0,Residential
2014,res,5-6,MISS,Midcontinent / South,AEO2026 Low Oil and Gas Supply,1.0,Residential
2014,res,5-1,TRE,Texas Reliability Entity,AEO2026 Low Oil and Gas Supply,1.0,Residential
2014,res,5-21,CANO,Western Electricity Coordinating Council / California North,AEO2026 Low Oil and Gas Supply,1.0,Residential
2014,res,5-22,CASO,Western Electricity Coordinating Council / California South,AEO2026 Low Oil and Gas Supply,1.0,Residential
2014,res,5-24,RMRG,Western Electricity Coordinating Council / Rockies,AEO2026 Low Oil and Gas Supply,1.0,Residential
2014,res,5-20,SRSG,Western Electricity Coordinating Council / Southwest,AEO2026 Low Oil and Gas Supply,1.0,Residential
2014,res,5-23,NWPP,Western Electricity Coordinating Council / Northwest Power Pool Area,AEO2026 Low Oil and Gas Supply,1.0,Residential
2014,trans,5-2,FRCC,Florida Reliability Coordinating Council,AEO2026 Low Oil and Gas Supply,1.0,Transportation
2014,trans,5-4,MISC,Midcontinent / Central,AEO2026 Low Oil and Gas Supply,1.0,Transportation
2014,trans,5-5,MISE,Midcontinent / East,AEO2026 Low Oil and Gas Supply,1.0,Transportation
2014,trans,5-6,MISS,Midcontinent / South,AEO2026 Low Oil and Gas Supply,1.0,Transportation
2014,trans,5-3,MISW,Midcontinent / West,AEO2026 Low Oil and Gas Supply,1.0,Transportation
2014,trans,5-8,NYCW,Northeast Power Coordinating Council / New York City and Long Island,AEO2026 Low Oil and Gas Supply,1.0,Transportation
2014,trans,5-7,ISNE,Northeast Power Coordinating Council / New England,AEO2026 Low Oil and Gas Supply,1.0,Transportation
2014,trans,5-9,NYUP,Northeast Power Coordinating Council / Upstate New York,AEO2026 Low Oil and Gas Supply,1.0,Transportation
2014,trans,5-12,PJMC,PJM / Commonwealth Edison,AEO2026 Low Oil and Gas Supply,1.0,Transportation
2014,res,5-25,BASN,Western Electricity Coordinating Council / Basin,AEO2026 Low Oil and Gas Supply,1.0,Residential
2014,res,5-5,MISE,Midcontinent / East,AEO2026 Low Oil and Gas Supply,1.0,Residential
2014,res,5-4,MISC,Midcontinent / Central,AEO2026 Low Oil and Gas Supply,1.0,Residential
2014,res,5-2,FRCC,Florida Reliability Coordinating Council,AEO2026 Low Oil and Gas Supply,1.0,Residential
2014,com,5-25,BASN,Western Electricity Coordinating Council / Basin,AEO2026 Low Oil and Gas Supply,1.0,Commercial
2014,com,5-21,CANO,Western Electricity Coordinating Council / California North,AEO2026 Low Oil and Gas Supply,1.0,Commercial
2014,com,5-22,CASO,Western Electricity Coordinating Council / California South,AEO2026 Low Oil and Gas Supply,1.0,Commercial
2014,com,5-24,RMRG,Western Electricity Coordinating Council / Rockies,AEO2026 Low Oil and Gas Supply,1.0,Commercial
2014,com,5-20,SRSG,Western Electricity Coordinating Council / Southwest,AEO2026 Low Oil and Gas Supply,1.0,Commercial
2014,com,5-23,NWPP,Western Electricity Coordinating Council / Northwest Power Pool Area,AEO2026 Low Oil and Gas Supply,1.0,Commercial
2014,ind,5-2,FRCC,Florida Reliability Coordinating Council,AEO2026 Low Oil and Gas Supply,1.0,Industrial
2014,ind,5-4,MISC,Midcontinent / Central,AEO2026 Low Oil and Gas Supply,1.0,Industrial
2014,ind,5-5,MISE,Midcontinent / East,AEO2026 Low Oil and Gas Supply,1.0,Industrial
2014,ind,5-6,MISS,Midcontinent / South,AEO2026 Low Oil and Gas Supply,1.0,Industrial
2014,ind,5-3,MISW,Midcontinent / West,AEO2026 Low Oil and Gas Supply,1.0,Industrial
2014,ind,5-8,NYCW,Northeast Power Coordinating Council / New York City and Long Island,AEO2026 Low Oil and Gas Supply,1.0,Industrial
2014,ind,5-7,ISNE,Northeast Power Coordinating Council / New England,AEO2026 Low Oil and Gas Supply,1.0,Industrial
2014,ind,5-9,NYUP,Northeast Power Coordinating Council / Upstate New York,AEO2026 Low Oil and Gas Supply,1.0,Industrial
2014,ind,5-12,PJMC,PJM / Commonwealth Edison,AEO2026 Low Oil and Gas Supply,1.0,Industrial
2014,ind,5-13,PJMD,PJM / Dominion,AEO2026 Low Oil and Gas Supply,1.0,Industrial
2014,ind,5-10,PJME,PJM / East,AEO2026 Low Oil and Gas Supply,1.0,Industrial
2014,ind,5-23,NWPP,Western Electricity Coordinating Council / Northwest Power Pool Area,AEO2026 Low Oil and Gas Supply,1.0,Industrial
2014,ind,5-20,SRSG,Western Electricity Coordinating Council / Southwest,AEO2026 Low Oil and Gas Supply,1.0,Industrial
2014,ind,5-24,RMRG,Western Electricity Coordinating Council / Rockies,AEO2026 Low Oil and Gas Supply,1.0,Industrial
2014,ind,5-22,CASO,Western Electricity Coordinating Council / California South,AEO2026 Low Oil and Gas Supply,1.0,Industrial
2014,ind,5-21,CANO,Western Electricity Coordinating Council / California North,AEO2026 Low Oil and Gas Supply,1.0,Industrial
2014,ind,5-25,BASN,Western Electricity Coordinating Council / Basin,AEO2026 Low Oil and Gas Supply,1.0,Industrial
2014,com,5-17,SPPS,Southwest Power Pool / South,AEO2026 Low Oil and Gas Supply,1.0,Commercial
2014,ind,5-1,TRE,Texas Reliability Entity,AEO2026 Low Oil and Gas Supply,1.0,Industrial
2014,ind,5-19,SPPN,Southwest Power Pool / North,AEO2026 Low Oil and Gas Supply,1.0,Industrial
2014,ind,5-18,SPPC,Southwest Power Pool / Central,AEO2026 Low Oil and Gas Supply,1.0,Industrial
2014,ind,5-15,SRSE,SERC Reliability Corporation / Southeastern,AEO2026 Low Oil and Gas Supply,1.0,Industrial
2014,ind,5-14,SRCA,SERC Reliability Corporation / East,AEO2026 Low Oil and Gas Supply,1.0,Industrial
2014,ind,5-16,SRCE,SERC Reliability Corporation / Central,AEO2026 Low Oil and Gas Supply,1.0,Industrial
2014,ind,5-11,PJMW,PJM / West,AEO2026 Low Oil and Gas Supply,1.0,Industrial
2014,ind,5-17,SPPS,Southwest Power Pool / South,AEO2026 Low Oil and Gas Supply,1.0,Industrial
2015,trans,5-18,SPPC,Southwest Power Pool / Central,AEO2026 Low Oil and Gas Supply,1.0,Transportation
2015,trans,5-19,SPPN,Southwest Power Pool / North,AEO2026 Low Oil and Gas Supply,1.0,Transportation
2015,trans,5-17,SPPS,Southwest Power Pool / South,AEO2026 Low Oil and Gas Supply,1.0,Transportation
2015,trans,5-1,TRE,Texas Reliability Entity,AEO2026 Low Oil and Gas Supply,1.0,Transportation
2015,trans,5-25,BASN,Western Electricity Coordinating Council / Basin,AEO2026 Low Oil and Gas Supply,1.0,Transportation
2015,trans,5-21,CANO,Western Electricity Coordinating Council / California North,AEO2026 Low Oil and Gas Supply,1.0,Transportation
2015,trans,5-22,CASO,Western Electricity Coordinating Council / California South,AEO2026 Low Oil and Gas Supply,1.0,Transportation
2015,trans,5-24,RMRG,Western Electricity Coordinating Council / Rockies,AEO2026 Low Oil and Gas Supply,1.0,Transportation
2015,trans,5-20,SRSG,Western Electricity Coordinating Council / Southwest,AEO2026 Low Oil and Gas Supply,1.0,Transportation
2015,trans,5-23,NWPP,Western Electricity Coordinating Council / Northwest Power Pool Area,AEO2026 Low Oil and Gas Supply,1.0,Transportation
2015,trans,5-15,SRSE,SERC Reliability Corporation / Southeastern,AEO2026 Low Oil and Gas Supply,1.0,Transportation
2015,trans,5-16,SRCE,SERC Reliability Corporation / Central,AEO2026 Low Oil and Gas Supply,1.0,Transportation
2015,com,5-2,FRCC,Florida Reliability Coordinating Council,AEO2026 Low Oil and Gas Supply,1.0,Commercial
2015,com,5-4,MISC,Midcontinent / Central,AEO2026 Low Oil and Gas Supply,1.0,Commercial
2015,com,5-5,MISE,Midcontinent / East,AEO2026 Low Oil and Gas Supply,1.0,Commercial
2015,com,5-3,MISW,Midcontinent / West,AEO2026 Low Oil and Gas Supply,1.0,Commercial
2015,com,5-8,NYCW,Northeast Power Coordinating Council / New York City and Long Island,AEO2026 Low Oil and Gas Supply,1.0,Commercial
2015,com,5-7,ISNE,Northeast Power Coordinating Council / New England,AEO2026 Low Oil and Gas Supply,1.0,Commercial
2015,com,5-9,NYUP,Northeast Power Coordinating Council / Upstate New York,AEO2026 Low Oil and Gas Supply,1.0,Commercial
2015,com,5-12,PJMC,PJM / Commonwealth Edison,AEO2026 Low Oil and Gas Supply,1.0,Commercial
2015,com,5-13,PJMD,PJM / Dominion,AEO2026 Low Oil and Gas Supply,1.0,Commercial
2015,com,5-10,PJME,PJM / East,AEO2026 Low Oil and Gas Supply,1.0,Commercial
2015,com,5-11,PJMW,PJM / West,AEO2026 Low Oil and Gas Supply,1.0,Commercial
2015,com,5-16,SRCE,SERC Reliability Corporation / Central,AEO2026 Low Oil and Gas Supply,1.0,Commercial
2015,com,5-14,SRCA,SERC Reliability Corporation / East,AEO2026 Low Oil and Gas Supply,1.0,Commercial
2015,com,5-15,SRSE,SERC Reliability Corporation / Southeastern,AEO2026 Low Oil and Gas Supply,1.0,Commercial
2015,com,5-18,SPPC,Southwest Power Pool / Central,AEO2026 Low Oil and Gas Supply,1.0,Commercial
2015,com,5-19,SPPN,Southwest Power Pool / North,AEO2026 Low Oil and Gas Supply,1.0,Commercial
2015,com,5-17,SPPS,Southwest Power Pool / South,AEO2026 Low Oil and Gas Supply,1.0,Commercial
2015,com,5-6,MISS,Midcontinent / South,AEO2026 Low Oil and Gas Supply,1.0,Commercial
2015,com,5-1,TRE,Texas Reliability Entity,AEO2026 Low Oil and Gas Supply,1.0,Commercial
2015,trans,5-14,SRCA,SERC Reliability Corporation / East,AEO2026 Low Oil and Gas Supply,1.0,Transportation
2015,com,5-25,BASN,Western Electricity Coordinating Council / Basin,AEO2026 Low Oil and Gas Supply,1.0,Commercial
2015,com,5-22,CASO,Western Electricity Coordinating Council / California South,AEO2026 Low Oil and Gas Supply,1.0,Commercial
2015,res,5-9,NYUP,Northeast Power Coordinating Council / Upstate New York,AEO2026 Low Oil and Gas Supply,1.0,Residential
2015,res,5-12,PJMC,PJM / Commonwealth Edison,AEO2026 Low Oil and Gas Supply,1.0,Residential
2015,res,5-13,PJMD,PJM / Dominion,AEO2026 Low Oil and Gas Supply,1.0,Residential
2015,res,5-10,PJME,PJM / East,AEO2026 Low Oil and Gas Supply,1.0,Residential
2015,res,5-11,PJMW,PJM / West,AEO2026 Low Oil and Gas Supply,1.0,Residential
2015,res,5-16,SRCE,SERC Reliability Corporation / Central,AEO2026 Low Oil and Gas Supply,1.0,Residential
2015,res,5-14,SRCA,SERC Reliability Corporation / East,AEO2026 Low Oil and Gas Supply,1.0,Residential
2015,res,5-15,SRSE,SERC Reliability Corporation / Southeastern,AEO2026 Low Oil and Gas Supply,1.0,Residential
2015,res,5-18,SPPC,Southwest Power Pool / Central,AEO2026 Low Oil and Gas Supply,1.0,Residential
2015,res,5-19,SPPN,Southwest Power Pool / North,AEO2026 Low Oil and Gas Supply,1.0,Residential
2015,res,5-17,SPPS,Southwest Power Pool / South,AEO2026 Low Oil and Gas Supply,1.0,Residential
2015,res,5-1,TRE,Texas Reliability Entity,AEO2026 Low Oil and Gas Supply,1.0,Residential
2015,res,5-25,BASN,Western Electricity Coordinating Council / Basin,AEO2026 Low Oil and Gas Supply,1.0,Residential
2015,res,5-21,CANO,Western Electricity Coordinating Council / California North,AEO2026 Low Oil and Gas Supply,1.0,Residential
2015,res,5-7,ISNE,Northeast Power Coordinating Council / New England,AEO2026 Low Oil and Gas Supply,1.0,Residential
2015,res,5-22,CASO,Western Electricity Coordinating Council / California South,AEO2026 Low Oil and Gas Supply,1.0,Residential
2015,res,5-20,SRSG,Western Electricity Coordinating Council / Southwest,AEO2026 Low Oil and Gas Supply,1.0,Residential
2015,res,5-23,NWPP,Western Electricity Coordinating Council / Northwest Power Pool Area,AEO2026 Low Oil and Gas Supply,1.0,Residential
2015,trans,5-2,FRCC,Florida Reliability Coordinating Council,AEO2026 Low Oil and Gas Supply,1.0,Transportation
2015,trans,5-4,MISC,Midcontinent / Central,AEO2026 Low Oil and Gas Supply,1.0,Transportation
2015,trans,5-5,MISE,Midcontinent / East,AEO2026 Low Oil and Gas Supply,1.0,Transportation
2015,trans,5-6,MISS,Midcontinent / South,AEO2026 Low Oil and Gas Supply,1.0,Transportation
2015,trans,5-3,MISW,Midcontinent / West,AEO2026 Low Oil and Gas Supply,1.0,Transportation
2015,trans,5-8,NYCW,Northeast Power Coordinating Council / New York City and Long Island,AEO2026 Low Oil and Gas Supply,1.0,Transportation
2015,trans,5-7,ISNE,Northeast Power Coordinating Council / New England,AEO2026 Low Oil and Gas Supply,1.0,Transportation
2015,trans,5-9,NYUP,Northeast Power Coordinating Council / Upstate New York,AEO2026 Low Oil and Gas Supply,1.0,Transportation
2015,trans,5-12,PJMC,PJM / Commonwealth Edison,AEO2026 Low Oil and Gas Supply,1.0,Transportation
2015,trans,5-13,PJMD,PJM / Dominion,AEO2026 Low Oil and Gas Supply,1.0,Transportation
2015,trans,5-10,PJME,PJM / East,AEO2026 Low Oil and Gas Supply,1.0,Transportation
2015,trans,5-11,PJMW,PJM / West,AEO2026 Low Oil and Gas Supply,1.0,Transportation
2015,res,5-24,RMRG,Western Electricity Coordinating Council / Rockies,AEO2026 Low Oil and Gas Supply,1.0,Residential
2015,res,5-8,NYCW,Northeast Power Coordinating Council / New York City and Long Island,AEO2026 Low Oil and Gas Supply,1.0,Residential
2015,res,5-3,MISW,Midcontinent / West,AEO2026 Low Oil and Gas Supply,1.0,Residential
2015,res,5-6,MISS,Midcontinent / South,AEO2026 Low Oil and Gas Supply,1.0,Residential
2015,com,5-24,RMRG,Western Electricity Coordinating Council / Rockies,AEO2026 Low Oil and Gas Supply,1.0,Commercial
2015,com,5-20,SRSG,Western Electricity Coordinating Council / Southwest,AEO2026 Low Oil and Gas Supply,1.0,Commercial
2015,com,5-23,NWPP,Western Electricity Coordinating Council / Northwest Power Pool Area,AEO2026 Low Oil and Gas Supply,1.0,Commercial
2015,ind,5-2,FRCC,Florida Reliability Coordinating Council,AEO2026 Low Oil and Gas Supply,1.0,Industrial
2015,ind,5-4,MISC,Midcontinent / Central,AEO2026 Low Oil and Gas Supply,1.0,Industrial
2015,ind,5-5,MISE,Midcontinent / East,AEO2026 Low Oil and Gas Supply,1.0,Industrial
2015,ind,5-6,MISS,Midcontinent / South,AEO2026 Low Oil and Gas Supply,1.0,Industrial
2015,ind,5-3,MISW,Midcontinent / West,AEO2026 Low Oil and Gas Supply,1.0,Industrial
2015,ind,5-8,NYCW,Northeast Power Coordinating Council / New York City and Long Island,AEO2026 Low Oil and Gas Supply,1.0,Industrial
2015,ind,5-7,ISNE,Northeast Power Coordinating Council / New England,AEO2026 Low Oil and Gas Supply,1.0,Industrial
2015,ind,5-9,NYUP,Northeast Power Coordinating Council / Upstate New York,AEO2026 Low Oil and Gas Supply,1.0,Industrial
2015,ind,5-12,PJMC,PJM / Commonwealth Edison,AEO2026 Low Oil and Gas Supply,1.0,Industrial
2015,ind,5-13,PJMD,PJM / Dominion,AEO2026 Low Oil and Gas Supply,1.0,Industrial
2015,ind,5-10,PJME,PJM / East,AEO2026 Low Oil and Gas Supply,1.0,Industrial
2015,ind,5-11,PJMW,PJM / West,AEO2026 Low Oil and Gas Supply,1.0,Industrial
2015,ind,5-16,SRCE,SERC Reliability Corporation / Central,AEO2026 Low Oil and Gas Supply,1.0,Industrial
2015,ind,5-14,SRCA,SERC Reliability Corporation / East,AEO2026 Low Oil and Gas Supply,1.0,Industrial
2015,res,5-5,MISE,Midcontinent / East,AEO2026 Low Oil and Gas Supply,1.0,Residential
2015,res,5-4,MISC,Midcontinent / Central,AEO2026 Low Oil and Gas Supply,1.0,Residential
2015,res,5-2,FRCC,Florida Reliability Coordinating Council,AEO2026 Low Oil and Gas Supply,1.0,Residential
2015,ind,5-23,NWPP,Western Electricity Coordinating Council / Northwest Power Pool Area,AEO2026 Low Oil and Gas Supply,1.0,Industrial
2015,ind,5-20,SRSG,Western Electricity Coordinating Council / Southwest,AEO2026 Low Oil and Gas Supply,1.0,Industrial
2015,ind,5-24,RMRG,Western Electricity Coordinating Council / Rockies,AEO2026 Low Oil and Gas Supply,1.0,Industrial
2015,com,5-21,CANO,Western Electricity Coordinating Council / California North,AEO2026 Low Oil and Gas Supply,1.0,Commercial
2015,ind,5-22,CASO,Western Electricity Coordinating Council / California South,AEO2026 Low Oil and Gas Supply,1.0,Industrial
2015,ind,5-25,BASN,Western Electricity Coordinating Council / Basin,AEO2026 Low Oil and Gas Supply,1.0,Industrial
2015,ind,5-1,TRE,Texas Reliability Entity,AEO2026 Low Oil and Gas Supply,1.0,Industrial
2015,ind,5-17,SPPS,Southwest Power Pool / South,AEO2026 Low Oil and Gas Supply,1.0,Industrial
2015,ind,5-19,SPPN,Southwest Power Pool / North,AEO2026 Low Oil and Gas Supply,1.0,Industrial
2015,ind,5-18,SPPC,Southwest Power Pool / Central,AEO2026 Low Oil and Gas Supply,1.0,Industrial
2015,ind,5-15,SRSE,SERC Reliability Corporation / Southeastern,AEO2026 Low Oil and Gas Supply,1.0,Industrial
2015,ind,5-21,CANO,Western Electricity Coordinating Council / California North,AEO2026 Low Oil and Gas Supply,1.0,Industrial
2016,trans,5-15,SRSE,SERC Reliability Corporation / Southeastern,AEO2026 Low Oil and Gas Supply,1.0,Transportation
2016,trans,5-18,SPPC,Southwest Power Pool / Central,AEO2026 Low Oil and Gas Supply,1.0,Transportation
2016,trans,5-19,SPPN,Southwest Power Pool / North,AEO2026 Low Oil and Gas Supply,1.0,Transportation
2016,trans,5-17,SPPS,Southwest Power Pool / South,AEO2026 Low Oil and Gas Supply,1.0,Transportation
2016,trans,5-1,TRE,Texas Reliability Entity,AEO2026 Low Oil and Gas Supply,1.0,Transportation
2016,trans,5-25,BASN,Western Electricity Coordinating Council / Basin,AEO2026 Low Oil and Gas Supply,1.0,Transportation
2016,trans,5-21,CANO,Western Electricity Coordinating Council / California North,AEO2026 Low Oil and Gas Supply,1.0,Transportation
2016,trans,5-22,CASO,Western Electricity Coordinating Council / California South,AEO2026 Low Oil and Gas Supply,1.0,Transportation
2016,trans,5-24,RMRG,Western Electricity Coordinating Council / Rockies,AEO2026 Low Oil and Gas Supply,1.0,Transportation
2016,trans,5-20,SRSG,Western Electricity Coordinating Council / Southwest,AEO2026 Low Oil and Gas Supply,1.0,Transportation
2016,trans,5-23,NWPP,Western Electricity Coordinating Council / Northwest Power Pool Area,AEO2026 Low Oil and Gas Supply,1.0,Transportation
2016,trans,5-14,SRCA,SERC Reliability Corporation / East,AEO2026 Low Oil and Gas Supply,1.0,Transportation
2016,trans,5-11,PJMW,PJM / West,AEO2026 Low Oil and Gas Supply,1.0,Transportation
2016,com,5-2,FRCC,Florida Reliability Coordinating Council,AEO2026 Low Oil and Gas Supply,1.0,Commercial
2016,com,5-4,MISC,Midcontinent / Central,AEO2026 Low Oil and Gas Supply,1.0,Commercial
2016,com,5-6,MISS,Midcontinent / South,AEO2026 Low Oil and Gas Supply,1.0,Commercial
2016,com,5-3,MISW,Midcontinent / West,AEO2026 Low Oil and Gas Supply,1.0,Commercial
2016,com,5-8,NYCW,Northeast Power Coordinating Council / New York City and Long Island,AEO2026 Low Oil and Gas Supply,1.0,Commercial
2016,com,5-7,ISNE,Northeast Power Coordinating Council / New England,AEO2026 Low Oil and Gas Supply,1.0,Commercial
2016,com,5-9,NYUP,Northeast Power Coordinating Council / Upstate New York,AEO2026 Low Oil and Gas Supply,1.0,Commercial
2016,com,5-12,PJMC,PJM / Commonwealth Edison,AEO2026 Low Oil and Gas Supply,1.0,Commercial
2016,com,5-13,PJMD,PJM / Dominion,AEO2026 Low Oil and Gas Supply,1.0,Commercial
2016,com,5-10,PJME,PJM / East,AEO2026 Low Oil and Gas Supply,1.0,Commercial
2016,com,5-11,PJMW,PJM / West,AEO2026 Low Oil and Gas Supply,1.0,Commercial
2016,com,5-16,SRCE,SERC Reliability Corporation / Central,AEO2026 Low Oil and Gas Supply,1.0,Commercial
2016,com,5-14,SRCA,SERC Reliability Corporation / East,AEO2026 Low Oil and Gas Supply,1.0,Commercial
2016,com,5-15,SRSE,SERC Reliability Corporation / Southeastern,AEO2026 Low Oil and Gas Supply,1.0,Commercial
2016,com,5-18,SPPC,Southwest Power Pool / Central,AEO2026 Low Oil and Gas Supply,1.0,Commercial
2016,com,5-19,SPPN,Southwest Power Pool / North,AEO2026 Low Oil and Gas Supply,1.0,Commercial
2016,com,5-5,MISE,Midcontinent / East,AEO2026 Low Oil and Gas Supply,1.0,Commercial
2016,com,5-17,SPPS,Southwest Power Pool / South,AEO2026 Low Oil and Gas Supply,1.0,Commercial
2016,trans,5-16,SRCE,SERC Reliability Corporation / Central,AEO2026 Low Oil and Gas Supply,1.0,Transportation
2016,com,5-1,TRE,Texas Reliability Entity,AEO2026 Low Oil and Gas Supply,1.0,Commercial
2016,com,5-21,CANO,Western Electricity Coordinating Council / California North,AEO2026 Low Oil and Gas Supply,1.0,Commercial
2016,res,5-7,ISNE,Northeast Power Coordinating Council / New England,AEO2026 Low Oil and Gas Supply,1.0,Residential
2016,res,5-9,NYUP,Northeast Power Coordinating Council / Upstate New York,AEO2026 Low Oil and Gas Supply,1.0,Residential
2016,res,5-12,PJMC,PJM / Commonwealth Edison,AEO2026 Low Oil and Gas Supply,1.0,Residential
2016,res,5-13,PJMD,PJM / Dominion,AEO2026 Low Oil and Gas Supply,1.0,Residential
2016,res,5-10,PJME,PJM / East,AEO2026 Low Oil and Gas Supply,1.0,Residential
2016,res,5-11,PJMW,PJM / West,AEO2026 Low Oil and Gas Supply,1.0,Residential
2016,res,5-16,SRCE,SERC Reliability Corporation / Central,AEO2026 Low Oil and Gas Supply,1.0,Residential
2016,res,5-14,SRCA,SERC Reliability Corporation / East,AEO2026 Low Oil and Gas Supply,1.0,Residential
2016,res,5-15,SRSE,SERC Reliability Corporation / Southeastern,AEO2026 Low Oil and Gas Supply,1.0,Residential
2016,res,5-18,SPPC,Southwest Power Pool / Central,AEO2026 Low Oil and Gas Supply,1.0,Residential
2016,res,5-19,SPPN,Southwest Power Pool / North,AEO2026 Low Oil and Gas Supply,1.0,Residential
2016,res,5-17,SPPS,Southwest Power Pool / South,AEO2026 Low Oil and Gas Supply,1.0,Residential
2016,res,5-1,TRE,Texas Reliability Entity,AEO2026 Low Oil and Gas Supply,1.0,Residential
2016,res,5-25,BASN,Western Electricity Coordinating Council / Basin,AEO2026 Low Oil and Gas Supply,1.0,Residential
2016,res,5-8,NYCW,Northeast Power Coordinating Council / New York City and Long Island,AEO2026 Low Oil and Gas Supply,1.0,Residential
2016,res,5-21,CANO,Western Electricity Coordinating Council / California North,AEO2026 Low Oil and Gas Supply,1.0,Residential
2016,res,5-24,RMRG,Western Electricity Coordinating Council / Rockies,AEO2026 Low Oil and Gas Supply,1.0,Residential
2016,res,5-20,SRSG,Western Electricity Coordinating Council / Southwest,AEO2026 Low Oil and Gas Supply,1.0,Residential
2016,res,5-23,NWPP,Western Electricity Coordinating Council / Northwest Power Pool Area,AEO2026 Low Oil and Gas Supply,1.0,Residential
2016,trans,5-2,FRCC,Florida Reliability Coordinating Council,AEO2026 Low Oil and Gas Supply,1.0,Transportation
2016,trans,5-4,MISC,Midcontinent / Central,AEO2026 Low Oil and Gas Supply,1.0,Transportation
2016,trans,5-5,MISE,Midcontinent / East,AEO2026 Low Oil and Gas Supply,1.0,Transportation
2016,trans,5-6,MISS,Midcontinent / South,AEO2026 Low Oil and Gas Supply,1.0,Transportation
2016,trans,5-3,MISW,Midcontinent / West,AEO2026 Low Oil and Gas Supply,1.0,Transportation
2016,trans,5-8,NYCW,Northeast Power Coordinating Council / New York City and Long Island,AEO2026 Low Oil and Gas Supply,1.0,Transportation
2016,trans,5-7,ISNE,Northeast Power Coordinating Council / New England,AEO2026 Low Oil and Gas Supply,1.0,Transportation
2016,trans,5-9,NYUP,Northeast Power Coordinating Council / Upstate New York,AEO2026 Low Oil and Gas Supply,1.0,Transportation
2016,trans,5-12,PJMC,PJM / Commonwealth Edison,AEO2026 Low Oil and Gas Supply,1.0,Transportation
2016,trans,5-13,PJMD,PJM / Dominion,AEO2026 Low Oil and Gas Supply,1.0,Transportation
2016,trans,5-10,PJME,PJM / East,AEO2026 Low Oil and Gas Supply,1.0,Transportation
2016,res,5-22,CASO,Western Electricity Coordinating Council / California South,AEO2026 Low Oil and Gas Supply,1.0,Residential
2016,res,5-3,MISW,Midcontinent / West,AEO2026 Low Oil and Gas Supply,1.0,Residential
2016,res,5-6,MISS,Midcontinent / South,AEO2026 Low Oil and Gas Supply,1.0,Residential
2016,res,5-5,MISE,Midcontinent / East,AEO2026 Low Oil and Gas Supply,1.0,Residential
2016,com,5-22,CASO,Western Electricity Coordinating Council / California South,AEO2026 Low Oil and Gas Supply,1.0,Commercial
2016,com,5-24,RMRG,Western Electricity Coordinating Council / Rockies,AEO2026 Low Oil and Gas Supply,1.0,Commercial
2016,com,5-20,SRSG,Western Electricity Coordinating Council / Southwest,AEO2026 Low Oil and Gas Supply,1.0,Commercial
2016,com,5-23,NWPP,Western Electricity Coordinating Council / Northwest Power Pool Area,AEO2026 Low Oil and Gas Supply,1.0,Commercial
2016,ind,5-2,FRCC,Florida Reliability Coordinating Council,AEO2026 Low Oil and Gas Supply,1.0,Industrial
2016,ind,5-4,MISC,Midcontinent / Central,AEO2026 Low Oil and Gas Supply,1.0,Industrial
2016,ind,5-5,MISE,Midcontinent / East,AEO2026 Low Oil and Gas Supply,1.0,Industrial
2016,ind,5-6,MISS,Midcontinent / South,AEO2026 Low Oil and Gas Supply,1.0,Industrial
2016,ind,5-3,MISW,Midcontinent / West,AEO2026 Low Oil and Gas Supply,1.0,Industrial
2016,ind,5-8,NYCW,Northeast Power Coordinating Council / New York City and Long Island,AEO2026 Low Oil and Gas Supply,1.0,Industrial
2016,ind,5-7,ISNE,Northeast Power Coordinating Council / New England,AEO2026 Low Oil and Gas Supply,1.0,Industrial
2016,ind,5-9,NYUP,Northeast Power Coordinating Council / Upstate New York,AEO2026 Low Oil and Gas Supply,1.0,Industrial
2016,ind,5-12,PJMC,PJM / Commonwealth Edison,AEO2026 Low Oil and Gas Supply,1.0,Industrial
2016,ind,5-13,PJMD,PJM / Dominion,AEO2026 Low Oil and Gas Supply,1.0,Industrial
2016,ind,5-10,PJME,PJM / East,AEO2026 Low Oil and Gas Supply,1.0,Industrial
2016,ind,5-11,PJMW,PJM / West,AEO2026 Low Oil and Gas Supply,1.0,Industrial
2016,ind,5-16,SRCE,SERC Reliability Corporation / Central,AEO2026 Low Oil and Gas Supply,1.0,Industrial
2016,res,5-4,MISC,Midcontinent / Central,AEO2026 Low Oil and Gas Supply,1.0,Residential
2016,res,5-2,FRCC,Florida Reliability Coordinating Council,AEO2026 Low Oil and Gas Supply,1.0,Residential
2016,ind,5-23,NWPP,Western Electricity Coordinating Council / Northwest Power Pool Area,AEO2026 Low Oil and Gas Supply,1.0,Industrial
2016,ind,5-20,SRSG,Western Electricity Coordinating Council / Southwest,AEO2026 Low Oil and Gas Supply,1.0,Industrial
2016,ind,5-24,RMRG,Western Electricity Coordinating Council / Rockies,AEO2026 Low Oil and Gas Supply,1.0,Industrial
2016,ind,5-22,CASO,Western Electricity Coordinating Council / California South,AEO2026 Low Oil and Gas Supply,1.0,Industrial
2016,com,5-25,BASN,Western Electricity Coordinating Council / Basin,AEO2026 Low Oil and Gas Supply,1.0,Commercial
2016,ind,5-21,CANO,Western Electricity Coordinating Council / California North,AEO2026 Low Oil and Gas Supply,1.0,Industrial
2016,ind,5-1,TRE,Texas Reliability Entity,AEO2026 Low Oil and Gas Supply,1.0,Industrial
2016,ind,5-17,SPPS,Southwest Power Pool / South,AEO2026 Low Oil and Gas Supply,1.0,Industrial
2016,ind,5-19,SPPN,Southwest Power Pool / North,AEO2026 Low Oil and Gas Supply,1.0,Industrial
2016,ind,5-18,SPPC,Southwest Power Pool / Central,AEO2026 Low Oil and Gas Supply,1.0,Industrial
2016,ind,5-15,SRSE,SERC Reliability Corporation / Southeastern,AEO2026 Low Oil and Gas Supply,1.0,Industrial
2016,ind,5-14,SRCA,SERC Reliability Corporation / East,AEO2026 Low Oil and Gas Supply,1.0,Industrial
2016,ind,5-25,BASN,Western Electricity Coordinating Council / Basin,AEO2026 Low Oil and Gas Supply,1.0,Industrial
2017,trans,5-18,SPPC,Southwest Power Pool / Central,AEO2026 Low Oil and Gas Supply,1.0,Transportation
2017,trans,5-19,SPPN,Southwest Power Pool / North,AEO2026 Low Oil and Gas Supply,1.0,Transportation
2017,trans,5-17,SPPS,Southwest Power Pool / South,AEO2026 Low Oil and Gas Supply,1.0,Transportation
2017,trans,5-1,TRE,Texas Reliability Entity,AEO2026 Low Oil and Gas Supply,1.0,Transportation
2017,trans,5-25,BASN,Western Electricity Coordinating Council / Basin,AEO2026 Low Oil and Gas Supply,1.0,Transportation
2017,trans,5-21,CANO,Western Electricity Coordinating Council / California North,AEO2026 Low Oil and Gas Supply,1.0,Transportation
2017,trans,5-22,CASO,Western Electricity Coordinating Council / California South,AEO2026 Low Oil and Gas Supply,1.0,Transportation
2017,trans,5-24,RMRG,Western Electricity Coordinating Council / Rockies,AEO2026 Low Oil and Gas Supply,1.0,Transportation
2017,trans,5-20,SRSG,Western Electricity Coordinating Council / Southwest,AEO2026 Low Oil and Gas Supply,1.0,Transportation
2017,trans,5-23,NWPP,Western Electricity Coordinating Council / Northwest Power Pool Area,AEO2026 Low Oil and Gas Supply,1.0,Transportation
2017,trans,5-15,SRSE,SERC Reliability Corporation / Southeastern,AEO2026 Low Oil and Gas Supply,1.0,Transportation
2017,trans,5-16,SRCE,SERC Reliability Corporation / Central,AEO2026 Low Oil and Gas Supply,1.0,Transportation
2017,com,5-2,FRCC,Florida Reliability Coordinating Council,AEO2026 Low Oil and Gas Supply,1.0,Commercial
2017,com,5-4,MISC,Midcontinent / Central,AEO2026 Low Oil and Gas Supply,1.0,Commercial
2017,com,5-5,MISE,Midcontinent / East,AEO2026 Low Oil and Gas Supply,1.0,Commercial
2017,com,5-3,MISW,Midcontinent / West,AEO2026 Low Oil and Gas Supply,1.0,Commercial
2017,com,5-8,NYCW,Northeast Power Coordinating Council / New York City and Long Island,AEO2026 Low Oil and Gas Supply,1.0,Commercial
2017,com,5-7,ISNE,Northeast Power Coordinating Council / New England,AEO2026 Low Oil and Gas Supply,1.0,Commercial
2017,com,5-9,NYUP,Northeast Power Coordinating Council / Upstate New York,AEO2026 Low Oil and Gas Supply,1.0,Commercial
2017,com,5-12,PJMC,PJM / Commonwealth Edison,AEO2026 Low Oil and Gas Supply,1.0,Commercial
2017,com,5-13,PJMD,PJM / Dominion,AEO2026 Low Oil and Gas Supply,1.0,Commercial
2017,com,5-10,PJME,PJM / East,AEO2026 Low Oil and Gas Supply,1.0,Commercial
2017,com,5-11,PJMW,PJM / West,AEO2026 Low Oil and Gas Supply,1.0,Commercial
2017,com,5-16,SRCE,SERC Reliability Corporation / Central,AEO2026 Low Oil and Gas Supply,1.0,Commercial
2017,com,5-14,SRCA,SERC Reliability Corporation / East,AEO2026 Low Oil and Gas Supply,1.0,Commercial
2017,com,5-15,SRSE,SERC Reliability Corporation / Southeastern,AEO2026 Low Oil and Gas Supply,1.0,Commercial
2017,com,5-18,SPPC,Southwest Power Pool / Central,AEO2026 Low Oil and Gas Supply,1.0,Commercial
2017,com,5-19,SPPN,Southwest Power Pool / North,AEO2026 Low Oil and Gas Supply,1.0,Commercial
2017,com,5-17,SPPS,Southwest Power Pool / South,AEO2026 Low Oil and Gas Supply,1.0,Commercial
2017,com,5-6,MISS,Midcontinent / South,AEO2026 Low Oil and Gas Supply,1.0,Commercial
2017,com,5-1,TRE,Texas Reliability Entity,AEO2026 Low Oil and Gas Supply,1.0,Commercial
2017,trans,5-14,SRCA,SERC Reliability Corporation / East,AEO2026 Low Oil and Gas Supply,1.0,Transportation
2017,com,5-25,BASN,Western Electricity Coordinating Council / Basin,AEO2026 Low Oil and Gas Supply,1.0,Commercial
2017,com,5-22,CASO,Western Electricity Coordinating Council / California South,AEO2026 Low Oil and Gas Supply,1.0,Commercial
2017,res,5-9,NYUP,Northeast Power Coordinating Council / Upstate New York,AEO2026 Low Oil and Gas Supply,1.0,Residential
2017,res,5-12,PJMC,PJM / Commonwealth Edison,AEO2026 Low Oil and Gas Supply,1.0,Residential
2017,res,5-13,PJMD,PJM / Dominion,AEO2026 Low Oil and Gas Supply,1.0,Residential
2017,res,5-10,PJME,PJM / East,AEO2026 Low Oil and Gas Supply,1.0,Residential
2017,res,5-11,PJMW,PJM / West,AEO2026 Low Oil and Gas Supply,1.0,Residential
2017,res,5-16,SRCE,SERC Reliability Corporation / Central,AEO2026 Low Oil and Gas Supply,1.0,Residential
2017,res,5-14,SRCA,SERC Reliability Corporation / East,AEO2026 Low Oil and Gas Supply,1.0,Residential
2017,res,5-15,SRSE,SERC Reliability Corporation / Southeastern,AEO2026 Low Oil and Gas Supply,1.0,Residential
2017,res,5-18,SPPC,Southwest Power Pool / Central,AEO2026 Low Oil and Gas Supply,1.0,Residential
2017,res,5-19,SPPN,Southwest Power Pool / North,AEO2026 Low Oil and Gas Supply,1.0,Residential
2017,res,5-17,SPPS,Southwest Power Pool / South,AEO2026 Low Oil and Gas Supply,1.0,Residential
2017,res,5-1,TRE,Texas Reliability Entity,AEO2026 Low Oil and Gas Supply,1.0,Residential
2017,res,5-25,BASN,Western Electricity Coordinating Council / Basin,AEO2026 Low Oil and Gas Supply,1.0,Residential
2017,res,5-21,CANO,Western Electricity Coordinating Council / California North,AEO2026 Low Oil and Gas Supply,1.0,Residential
2017,res,5-7,ISNE,Northeast Power Coordinating Council / New England,AEO2026 Low Oil and Gas Supply,1.0,Residential
2017,res,5-22,CASO,Western Electricity Coordinating Council / California South,AEO2026 Low Oil and Gas Supply,1.0,Residential
2017,res,5-20,SRSG,Western Electricity Coordinating Council / Southwest,AEO2026 Low Oil and Gas Supply,1.0,Residential
2017,res,5-23,NWPP,Western Electricity Coordinating Council / Northwest Power Pool Area,AEO2026 Low Oil and Gas Supply,1.0,Residential
2017,trans,5-2,FRCC,Florida Reliability Coordinating Council,AEO2026 Low Oil and Gas Supply,1.0,Transportation
2017,trans,5-4,MISC,Midcontinent / Central,AEO2026 Low Oil and Gas Supply,1.0,Transportation
2017,trans,5-5,MISE,Midcontinent / East,AEO2026 Low Oil and Gas Supply,1.0,Transportation
2017,trans,5-6,MISS,Midcontinent / South,AEO2026 Low Oil and Gas Supply,1.0,Transportation
2017,trans,5-3,MISW,Midcontinent / West,AEO2026 Low Oil and Gas Supply,1.0,Transportation
2017,trans,5-8,NYCW,Northeast Power Coordinating Council / New York City and Long Island,AEO2026 Low Oil and Gas Supply,1.0,Transportation
2017,trans,5-7,ISNE,Northeast Power Coordinating Council / New England,AEO2026 Low Oil and Gas Supply,1.0,Transportation
2017,trans,5-9,NYUP,Northeast Power Coordinating Council / Upstate New York,AEO2026 Low Oil and Gas Supply,1.0,Transportation
2017,trans,5-12,PJMC,PJM / Commonwealth Edison,AEO2026 Low Oil and Gas Supply,1.0,Transportation
2017,trans,5-13,PJMD,PJM / Dominion,AEO2026 Low Oil and Gas Supply,1.0,Transportation
2017,trans,5-10,PJME,PJM / East,AEO2026 Low Oil and Gas Supply,1.0,Transportation
2017,trans,5-11,PJMW,PJM / West,AEO2026 Low Oil and Gas Supply,1.0,Transportation
2017,res,5-24,RMRG,Western Electricity Coordinating Council / Rockies,AEO2026 Low Oil and Gas Supply,1.0,Residential
2017,res,5-8,NYCW,Northeast Power Coordinating Council / New York City and Long Island,AEO2026 Low Oil and Gas Supply,1.0,Residential
2017,res,5-3,MISW,Midcontinent / West,AEO2026 Low Oil and Gas Supply,1.0,Residential
2017,res,5-6,MISS,Midcontinent / South,AEO2026 Low Oil and Gas Supply,1.0,Residential
2017,com,5-24,RMRG,Western Electricity Coordinating Council / Rockies,AEO2026 Low Oil and Gas Supply,1.0,Commercial
2017,com,5-20,SRSG,Western Electricity Coordinating Council / Southwest,AEO2026 Low Oil and Gas Supply,1.0,Commercial
2017,com,5-23,NWPP,Western Electricity Coordinating Council / Northwest Power Pool Area,AEO2026 Low Oil and Gas Supply,1.0,Commercial
2017,ind,5-2,FRCC,Florida Reliability Coordinating Council,AEO2026 Low Oil and Gas Supply,1.0,Industrial
2017,ind,5-4,MISC,Midcontinent / Central,AEO2026 Low Oil and Gas Supply,1.0,Industrial
2017,ind,5-5,MISE,Midcontinent / East,AEO2026 Low Oil and Gas Supply,1.0,Industrial
2017,ind,5-6,MISS,Midcontinent / South,AEO2026 Low Oil and Gas Supply,1.0,Industrial
2017,ind,5-3,MISW,Midcontinent / West,AEO2026 Low Oil and Gas Supply,1.0,Industrial
2017,ind,5-8,NYCW,Northeast Power Coordinating Council / New York City and Long Island,AEO2026 Low Oil and Gas Supply,1.0,Industrial
2017,ind,5-7,ISNE,Northeast Power Coordinating Council / New England,AEO2026 Low Oil and Gas Supply,1.0,Industrial
2017,ind,5-9,NYUP,Northeast Power Coordinating Council / Upstate New York,AEO2026 Low Oil and Gas Supply,1.0,Industrial
2017,ind,5-12,PJMC,PJM / Commonwealth Edison,AEO2026 Low Oil and Gas Supply,1.0,Industrial
2017,ind,5-13,PJMD,PJM / Dominion,AEO2026 Low Oil and Gas Supply,1.0,Industrial
2017,ind,5-10,PJME,PJM / East,AEO2026 Low Oil and Gas Supply,1.0,Industrial
2017,ind,5-11,PJMW,PJM / West,AEO2026 Low Oil and Gas Supply,1.0,Industrial
2017,ind,5-16,SRCE,SERC Reliability Corporation / Central,AEO2026 Low Oil and Gas Supply,1.0,Industrial
2017,ind,5-14,SRCA,SERC Reliability Corporation / East,AEO2026 Low Oil and Gas Supply,1.0,Industrial
2017,res,5-5,MISE,Midcontinent / East,AEO2026 Low Oil and Gas Supply,1.0,Residential
2017,res,5-4,MISC,Midcontinent / Central,AEO2026 Low Oil and Gas Supply,1.0,Residential
2017,res,5-2,FRCC,Florida Reliability Coordinating Council,AEO2026 Low Oil and Gas Supply,1.0,Residential
2017,ind,5-23,NWPP,Western Electricity Coordinating Council / Northwest Power Pool Area,AEO2026 Low Oil and Gas Supply,1.0,Industrial
2017,ind,5-20,SRSG,Western Electricity Coordinating Council / Southwest,AEO2026 Low Oil and Gas Supply,1.0,Industrial
2017,ind,5-24,RMRG,Western Electricity Coordinating Council / Rockies,AEO2026 Low Oil and Gas Supply,1.0,Industrial
2017,com,5-21,CANO,Western Electricity Coordinating Council / California North,AEO2026 Low Oil and Gas Supply,1.0,Commercial
2017,ind,5-22,CASO,Western Electricity Coordinating Council / California South,AEO2026 Low Oil and Gas Supply,1.0,Industrial
2017,ind,5-25,BASN,Western Electricity Coordinating Council / Basin,AEO2026 Low Oil and Gas Supply,1.0,Industrial
2017,ind,5-1,TRE,Texas Reliability Entity,AEO2026 Low Oil and Gas Supply,1.0,Industrial
2017,ind,5-17,SPPS,Southwest Power Pool / South,AEO2026 Low Oil and Gas Supply,1.0,Industrial
2017,ind,5-19,SPPN,Southwest Power Pool / North,AEO2026 Low Oil and Gas Supply,1.0,Industrial
2017,ind,5-18,SPPC,Southwest Power Pool / Central,AEO2026 Low Oil and Gas Supply,1.0,Industrial
2017,ind,5-15,SRSE,SERC Reliability Corporation / Southeastern,AEO2026 Low Oil and Gas Supply,1.0,Industrial
2017,ind,5-21,CANO,Western Electricity Coordinating Council / California North,AEO2026 Low Oil and Gas Supply,1.0,Industrial
2018,trans,5-19,SPPN,Southwest Power Pool / North,AEO2026 Low Oil and Gas Supply,1.0,Transportation
2018,trans,5-17,SPPS,Southwest Power Pool / South,AEO2026 Low Oil and Gas Supply,1.0,Transportation
2018,trans,5-1,TRE,Texas Reliability Entity,AEO2026 Low Oil and Gas Supply,1.0,Transportation
2018,trans,5-25,BASN,Western Electricity Coordinating Council / Basin,AEO2026 Low Oil and Gas Supply,1.0,Transportation
2018,trans,5-21,CANO,Western Electricity Coordinating Council / California North,AEO2026 Low Oil and Gas Supply,1.0,Transportation
2018,trans,5-22,CASO,Western Electricity Coordinating Council / California South,AEO2026 Low Oil and Gas Supply,1.0,Transportation
2018,trans,5-24,RMRG,Western Electricity Coordinating Council / Rockies,AEO2026 Low Oil and Gas Supply,1.0,Transportation
2018,trans,5-20,SRSG,Western Electricity Coordinating Council / Southwest,AEO2026 Low Oil and Gas Supply,1.0,Transportation
2018,trans,5-23,NWPP,Western Electricity Coordinating Council / Northwest Power Pool Area,AEO2026 Low Oil and Gas Supply,1.0,Transportation
2018,trans,5-18,SPPC,Southwest Power Pool / Central,AEO2026 Low Oil and Gas Supply,1.0,Transportation
2018,trans,5-15,SRSE,SERC Reliability Corporation / Southeastern,AEO2026 Low Oil and Gas Supply,1.0,Transportation
2018,trans,5-16,SRCE,SERC Reliability Corporation / Central,AEO2026 Low Oil and Gas Supply,1.0,Transportation
2018,com,5-2,FRCC,Florida Reliability Coordinating Council,AEO2026 Low Oil and Gas Supply,1.0,Commercial
2018,com,5-4,MISC,Midcontinent / Central,AEO2026 Low Oil and Gas Supply,1.0,Commercial
2018,com,5-5,MISE,Midcontinent / East,AEO2026 Low Oil and Gas Supply,1.0,Commercial
2018,com,5-3,MISW,Midcontinent / West,AEO2026 Low Oil and Gas Supply,1.0,Commercial
2018,com,5-8,NYCW,Northeast Power Coordinating Council / New York City and Long Island,AEO2026 Low Oil and Gas Supply,1.0,Commercial
2018,com,5-7,ISNE,Northeast Power Coordinating Council / New England,AEO2026 Low Oil and Gas Supply,1.0,Commercial
2018,com,5-9,NYUP,Northeast Power Coordinating Council / Upstate New York,AEO2026 Low Oil and Gas Supply,1.0,Commercial
2018,com,5-12,PJMC,PJM / Commonwealth Edison,AEO2026 Low Oil and Gas Supply,1.0,Commercial
2018,com,5-13,PJMD,PJM / Dominion,AEO2026 Low Oil and Gas Supply,1.0,Commercial
2018,com,5-10,PJME,PJM / East,AEO2026 Low Oil and Gas Supply,1.0,Commercial
2018,com,5-11,PJMW,PJM / West,AEO2026 Low Oil and Gas Supply,1.0,Commercial
2018,com,5-16,SRCE,SERC Reliability Corporation / Central,AEO2026 Low Oil and Gas Supply,1.0,Commercial
2018,com,5-14,SRCA,SERC Reliability Corporation / East,AEO2026 Low Oil and Gas Supply,1.0,Commercial
2018,com,5-15,SRSE,SERC Reliability Corporation / Southeastern,AEO2026 Low Oil and Gas Supply,1.0,Commercial
2018,com,5-18,SPPC,Southwest Power Pool / Central,AEO2026 Low Oil and Gas Supply,1.0,Commercial
2018,com,5-19,SPPN,Southwest Power Pool / North,AEO2026 Low Oil and Gas Supply,1.0,Commercial
2018,com,5-17,SPPS,Southwest Power Pool / South,AEO2026 Low Oil and Gas Supply,1.0,Commercial
2018,com,5-6,MISS,Midcontinent / South,AEO2026 Low Oil and Gas Supply,1.0,Commercial
2018,com,5-1,TRE,Texas Reliability Entity,AEO2026 Low Oil and Gas Supply,1.0,Commercial
2018,trans,5-14,SRCA,SERC Reliability Corporation / East,AEO2026 Low Oil and Gas Supply,1.0,Transportation
2018,com,5-25,BASN,Western Electricity Coordinating Council / Basin,AEO2026 Low Oil and Gas Supply,1.0,Commercial
2018,com,5-22,CASO,Western Electricity Coordinating Council / California South,AEO2026 Low Oil and Gas Supply,1.0,Commercial
2018,res,5-9,NYUP,Northeast Power Coordinating Council / Upstate New York,AEO2026 Low Oil and Gas Supply,1.0,Residential
2018,res,5-12,PJMC,PJM / Commonwealth Edison,AEO2026 Low Oil and Gas Supply,1.0,Residential
2018,res,5-13,PJMD,PJM / Dominion,AEO2026 Low Oil and Gas Supply,1.0,Residential
2018,res,5-10,PJME,PJM / East,AEO2026 Low Oil and Gas Supply,1.0,Residential
2018,res,5-11,PJMW,PJM / West,AEO2026 Low Oil and Gas Supply,1.0,Residential
2018,res,5-16,SRCE,SERC Reliability Corporation / Central,AEO2026 Low Oil and Gas Supply,1.0,Residential
2018,res,5-14,SRCA,SERC Reliability Corporation / East,AEO2026 Low Oil and Gas Supply,1.0,Residential
2018,res,5-15,SRSE,SERC Reliability Corporation / Southeastern,AEO2026 Low Oil and Gas Supply,1.0,Residential
2018,res,5-18,SPPC,Southwest Power Pool / Central,AEO2026 Low Oil and Gas Supply,1.0,Residential
2018,res,5-19,SPPN,Southwest Power Pool / North,AEO2026 Low Oil and Gas Supply,1.0,Residential
2018,res,5-17,SPPS,Southwest Power Pool / South,AEO2026 Low Oil and Gas Supply,1.0,Residential
2018,res,5-1,TRE,Texas Reliability Entity,AEO2026 Low Oil and Gas Supply,1.0,Residential
2018,res,5-25,BASN,Western Electricity Coordinating Council / Basin,AEO2026 Low Oil and Gas Supply,1.0,Residential
2018,res,5-21,CANO,Western Electricity Coordinating Council / California North,AEO2026 Low Oil and Gas Supply,1.0,Residential
2018,res,5-7,ISNE,Northeast Power Coordinating Council / New England,AEO2026 Low Oil and Gas Supply,1.0,Residential
2018,res,5-22,CASO,Western Electricity Coordinating Council / California South,AEO2026 Low Oil and Gas Supply,1.0,Residential
2018,res,5-20,SRSG,Western Electricity Coordinating Council / Southwest,AEO2026 Low Oil and Gas Supply,1.0,Residential
2018,res,5-23,NWPP,Western Electricity Coordinating Council / Northwest Power Pool Area,AEO2026 Low Oil and Gas Supply,1.0,Residential
2018,trans,5-2,FRCC,Florida Reliability Coordinating Council,AEO2026 Low Oil and Gas Supply,1.0,Transportation
2018,trans,5-4,MISC,Midcontinent / Central,AEO2026 Low Oil and Gas Supply,1.0,Transportation
2018,trans,5-5,MISE,Midcontinent / East,AEO2026 Low Oil and Gas Supply,1.0,Transportation
2018,trans,5-6,MISS,Midcontinent / South,AEO2026 Low Oil and Gas Supply,1.0,Transportation
2018,trans,5-3,MISW,Midcontinent / West,AEO2026 Low Oil and Gas Supply,1.0,Transportation
2018,trans,5-8,NYCW,Northeast Power Coordinating Council / New York City and Long Island,AEO2026 Low Oil and Gas Supply,1.0,Transportation
2018,trans,5-7,ISNE,Northeast Power Coordinating Council / New England,AEO2026 Low Oil and Gas Supply,1.0,Transportation
2018,trans,5-9,NYUP,Northeast Power Coordinating Council / Upstate New York,AEO2026 Low Oil and Gas Supply,1.0,Transportation
2018,trans,5-12,PJMC,PJM / Commonwealth Edison,AEO2026 Low Oil and Gas Supply,1.0,Transportation
2018,trans,5-13,PJMD,PJM / Dominion,AEO2026 Low Oil and Gas Supply,1.0,Transportation
2018,trans,5-10,PJME,PJM / East,AEO2026 Low Oil and Gas Supply,1.0,Transportation
2018,trans,5-11,PJMW,PJM / West,AEO2026 Low Oil and Gas Supply,1.0,Transportation
2018,res,5-24,RMRG,Western Electricity Coordinating Council / Rockies,AEO2026 Low Oil and Gas Supply,1.0,Residential
2018,res,5-8,NYCW,Northeast Power Coordinating Council / New York City and Long Island,AEO2026 Low Oil and Gas Supply,1.0,Residential
2018,res,5-3,MISW,Midcontinent / West,AEO2026 Low Oil and Gas Supply,1.0,Residential
2018,res,5-6,MISS,Midcontinent / South,AEO2026 Low Oil and Gas Supply,1.0,Residential
2018,com,5-24,RMRG,Western Electricity Coordinating Council / Rockies,AEO2026 Low Oil and Gas Supply,1.0,Commercial
2018,com,5-20,SRSG,Western Electricity Coordinating Council / Southwest,AEO2026 Low Oil and Gas Supply,1.0,Commercial
2018,com,5-23,NWPP,Western Electricity Coordinating Council / Northwest Power Pool Area,AEO2026 Low Oil and Gas Supply,1.0,Commercial
2018,ind,5-2,FRCC,Florida Reliability Coordinating Council,AEO2026 Low Oil and Gas Supply,1.0,Industrial
2018,ind,5-4,MISC,Midcontinent / Central,AEO2026 Low Oil and Gas Supply,1.0,Industrial
2018,ind,5-5,MISE,Midcontinent / East,AEO2026 Low Oil and Gas Supply,1.0,Industrial
2018,ind,5-6,MISS,Midcontinent / South,AEO2026 Low Oil and Gas Supply,1.0,Industrial
2018,ind,5-3,MISW,Midcontinent / West,AEO2026 Low Oil and Gas Supply,1.0,Industrial
2018,ind,5-8,NYCW,Northeast Power Coordinating Council / New York City and Long Island,AEO2026 Low Oil and Gas Supply,1.0,Industrial
2018,ind,5-7,ISNE,Northeast Power Coordinating Council / New England,AEO2026 Low Oil and Gas Supply,1.0,Industrial
2018,ind,5-9,NYUP,Northeast Power Coordinating Council / Upstate New York,AEO2026 Low Oil and Gas Supply,1.0,Industrial
2018,ind,5-12,PJMC,PJM / Commonwealth Edison,AEO2026 Low Oil and Gas Supply,1.0,Industrial
2018,ind,5-13,PJMD,PJM / Dominion,AEO2026 Low Oil and Gas Supply,1.0,Industrial
2018,ind,5-10,PJME,PJM / East,AEO2026 Low Oil and Gas Supply,1.0,Industrial
2018,ind,5-11,PJMW,PJM / West,AEO2026 Low Oil and Gas Supply,1.0,Industrial
2018,ind,5-16,SRCE,SERC Reliability Corporation / Central,AEO2026 Low Oil and Gas Supply,1.0,Industrial
2018,ind,5-14,SRCA,SERC Reliability Corporation / East,AEO2026 Low Oil and Gas Supply,1.0,Industrial
2018,res,5-5,MISE,Midcontinent / East,AEO2026 Low Oil and Gas Supply,1.0,Residential
2018,res,5-4,MISC,Midcontinent / Central,AEO2026 Low Oil and Gas Supply,1.0,Residential
2018,res,5-2,FRCC,Florida Reliability Coordinating Council,AEO2026 Low Oil and Gas Supply,1.0,Residential
2018,ind,5-23,NWPP,Western Electricity Coordinating Council / Northwest Power Pool Area,AEO2026 Low Oil and Gas Supply,1.0,Industrial
2018,ind,5-20,SRSG,Western Electricity Coordinating Council / Southwest,AEO2026 Low Oil and Gas Supply,1.0,Industrial
2018,ind,5-24,RMRG,Western Electricity Coordinating Council / Rockies,AEO2026 Low Oil and Gas Supply,1.0,Industrial
2018,com,5-21,CANO,Western Electricity Coordinating Council / California North,AEO2026 Low Oil and Gas Supply,1.0,Commercial
2018,ind,5-22,CASO,Western Electricity Coordinating Council / California South,AEO2026 Low Oil and Gas Supply,1.0,Industrial
2018,ind,5-25,BASN,Western Electricity Coordinating Council / Basin,AEO2026 Low Oil and Gas Supply,1.0,Industrial
2018,ind,5-1,TRE,Texas Reliability Entity,AEO2026 Low Oil and Gas Supply,1.0,Industrial
2018,ind,5-17,SPPS,Southwest Power Pool / South,AEO2026 Low Oil and Gas Supply,1.0,Industrial
2018,ind,5-19,SPPN,Southwest Power Pool / North,AEO2026 Low Oil and Gas Supply,1.0,Industrial
2018,ind,5-18,SPPC,Southwest Power Pool / Central,AEO2026 Low Oil and Gas Supply,1.0,Industrial
2018,ind,5-15,SRSE,SERC Reliability Corporation / Southeastern,AEO2026 Low Oil and Gas Supply,1.0,Industrial
2018,ind,5-21,CANO,Western Electricity Coordinating Council / California North,AEO2026 Low Oil and Gas Supply,1.0,Industrial
2019,res,5-2,FRCC,Florida Reliability Coordinating Council,AEO2026 Low Oil and Gas Supply,1.0,Residential
2019,ind,5-23,NWPP,Western Electricity Coordinating Council / Northwest Power Pool Area,AEO2026 Low Oil and Gas Supply,1.0,Industrial
2019,ind,5-20,SRSG,Western Electricity Coordinating Council / Southwest,AEO2026 Low Oil and Gas Supply,1.0,Industrial
2019,ind,5-24,RMRG,Western Electricity Coordinating Council / Rockies,AEO2026 Low Oil and Gas Supply,1.0,Industrial
2019,ind,5-22,CASO,Western Electricity Coordinating Council / California South,AEO2026 Low Oil and Gas Supply,1.0,Industrial
2019,ind,5-21,CANO,Western Electricity Coordinating Council / California North,AEO2026 Low Oil and Gas Supply,1.0,Industrial
2019,ind,5-25,BASN,Western Electricity Coordinating Council / Basin,AEO2026 Low Oil and Gas Supply,1.0,Industrial
2019,ind,5-1,TRE,Texas Reliability Entity,AEO2026 Low Oil and Gas Supply,1.0,Industrial
2019,ind,5-17,SPPS,Southwest Power Pool / South,AEO2026 Low Oil and Gas Supply,1.0,Industrial
2019,ind,5-19,SPPN,Southwest Power Pool / North,AEO2026 Low Oil and Gas Supply,1.0,Industrial
2019,ind,5-18,SPPC,Southwest Power Pool / Central,AEO2026 Low Oil and Gas Supply,1.0,Industrial
2019,ind,5-15,SRSE,SERC Reliability Corporation / Southeastern,AEO2026 Low Oil and Gas Supply,1.0,Industrial
2019,ind,5-14,SRCA,SERC Reliability Corporation / East,AEO2026 Low Oil and Gas Supply,1.0,Industrial
2019,ind,5-16,SRCE,SERC Reliability Corporation / Central,AEO2026 Low Oil and Gas Supply,1.0,Industrial
2019,res,5-4,MISC,Midcontinent / Central,AEO2026 Low Oil and Gas Supply,1.0,Residential
2019,ind,5-11,PJMW,PJM / West,AEO2026 Low Oil and Gas Supply,1.0,Industrial
2019,ind,5-13,PJMD,PJM / Dominion,AEO2026 Low Oil and Gas Supply,1.0,Industrial
2019,ind,5-12,PJMC,PJM / Commonwealth Edison,AEO2026 Low Oil and Gas Supply,1.0,Industrial
2019,ind,5-9,NYUP,Northeast Power Coordinating Council / Upstate New York,AEO2026 Low Oil and Gas Supply,1.0,Industrial
2019,ind,5-7,ISNE,Northeast Power Coordinating Council / New England,AEO2026 Low Oil and Gas Supply,1.0,Industrial
2019,ind,5-8,NYCW,Northeast Power Coordinating Council / New York City and Long Island,AEO2026 Low Oil and Gas Supply,1.0,Industrial
2019,ind,5-3,MISW,Midcontinent / West,AEO2026 Low Oil and Gas Supply,1.0,Industrial
2019,ind,5-6,MISS,Midcontinent / South,AEO2026 Low Oil and Gas Supply,1.0,Industrial
2019,ind,5-5,MISE,Midcontinent / East,AEO2026 Low Oil and Gas Supply,1.0,Industrial
2019,ind,5-4,MISC,Midcontinent / Central,AEO2026 Low Oil and Gas Supply,1.0,Industrial
2019,ind,5-2,FRCC,Florida Reliability Coordinating Council,AEO2026 Low Oil and Gas Supply,1.0,Industrial
2019,com,5-23,NWPP,Western Electricity Coordinating Council / Northwest Power Pool Area,AEO2026 Low Oil and Gas Supply,1.0,Commercial
2019,com,5-20,SRSG,Western Electricity Coordinating Council / Southwest,AEO2026 Low Oil and Gas Supply,1.0,Commercial
2019,com,5-24,RMRG,Western Electricity Coordinating Council / Rockies,AEO2026 Low Oil and Gas Supply,1.0,Commercial
2019,com,5-22,CASO,Western Electricity Coordinating Council / California South,AEO2026 Low Oil and Gas Supply,1.0,Commercial
2019,ind,5-10,PJME,PJM / East,AEO2026 Low Oil and Gas Supply,1.0,Industrial
2019,res,5-5,MISE,Midcontinent / East,AEO2026 Low Oil and Gas Supply,1.0,Residential
2019,res,5-6,MISS,Midcontinent / South,AEO2026 Low Oil and Gas Supply,1.0,Residential
2019,res,5-3,MISW,Midcontinent / West,AEO2026 Low Oil and Gas Supply,1.0,Residential
2019,trans,5-10,PJME,PJM / East,AEO2026 Low Oil and Gas Supply,1.0,Transportation
2019,trans,5-13,PJMD,PJM / Dominion,AEO2026 Low Oil and Gas Supply,1.0,Transportation
2019,trans,5-12,PJMC,PJM / Commonwealth Edison,AEO2026 Low Oil and Gas Supply,1.0,Transportation
2019,trans,5-9,NYUP,Northeast Power Coordinating Council / Upstate New York,AEO2026 Low Oil and Gas Supply,1.0,Transportation
2019,trans,5-7,ISNE,Northeast Power Coordinating Council / New England,AEO2026 Low Oil and Gas Supply,1.0,Transportation
2019,trans,5-8,NYCW,Northeast Power Coordinating Council / New York City and Long Island,AEO2026 Low Oil and Gas Supply,1.0,Transportation
2019,trans,5-3,MISW,Midcontinent / West,AEO2026 Low Oil and Gas Supply,1.0,Transportation
2019,trans,5-6,MISS,Midcontinent / South,AEO2026 Low Oil and Gas Supply,1.0,Transportation
2019,trans,5-5,MISE,Midcontinent / East,AEO2026 Low Oil and Gas Supply,1.0,Transportation
2019,trans,5-4,MISC,Midcontinent / Central,AEO2026 Low Oil and Gas Supply,1.0,Transportation
2019,trans,5-2,FRCC,Florida Reliability Coordinating Council,AEO2026 Low Oil and Gas Supply,1.0,Transportation
2019,res,5-23,NWPP,Western Electricity Coordinating Council / Northwest Power Pool Area,AEO2026 Low Oil and Gas Supply,1.0,Residential
2019,res,5-20,SRSG,Western Electricity Coordinating Council / Southwest,AEO2026 Low Oil and Gas Supply,1.0,Residential
2019,res,5-24,RMRG,Western Electricity Coordinating Council / Rockies,AEO2026 Low Oil and Gas Supply,1.0,Residential
2019,res,5-22,CASO,Western Electricity Coordinating Council / California South,AEO2026 Low Oil and Gas Supply,1.0,Residential
2019,res,5-21,CANO,Western Electricity Coordinating Council / California North,AEO2026 Low Oil and Gas Supply,1.0,Residential
2019,res,5-25,BASN,Western Electricity Coordinating Council / Basin,AEO2026 Low Oil and Gas Supply,1.0,Residential
2019,res,5-8,NYCW,Northeast Power Coordinating Council / New York City and Long Island,AEO2026 Low Oil and Gas Supply,1.0,Residential
2019,res,5-7,ISNE,Northeast Power Coordinating Council / New England,AEO2026 Low Oil and Gas Supply,1.0,Residential
2019,res,5-9,NYUP,Northeast Power Coordinating Council / Upstate New York,AEO2026 Low Oil and Gas Supply,1.0,Residential
2019,res,5-12,PJMC,PJM / Commonwealth Edison,AEO2026 Low Oil and Gas Supply,1.0,Residential
2019,res,5-13,PJMD,PJM / Dominion,AEO2026 Low Oil and Gas Supply,1.0,Residential
2019,res,5-10,PJME,PJM / East,AEO2026 Low Oil and Gas Supply,1.0,Residential
2019,com,5-21,CANO,Western Electricity Coordinating Council / California North,AEO2026 Low Oil and Gas Supply,1.0,Commercial
2019,res,5-11,PJMW,PJM / West,AEO2026 Low Oil and Gas Supply,1.0,Residential
2019,res,5-14,SRCA,SERC Reliability Corporation / East,AEO2026 Low Oil and Gas Supply,1.0,Residential
2019,res,5-15,SRSE,SERC Reliability Corporation / Southeastern,AEO2026 Low Oil and Gas Supply,1.0,Residential
2019,res,5-18,SPPC,Southwest Power Pool / Central,AEO2026 Low Oil and Gas Supply,1.0,Residential
2019,res,5-19,SPPN,Southwest Power Pool / North,AEO2026 Low Oil and Gas Supply,1.0,Residential
2019,res,5-17,SPPS,Southwest Power Pool / South,AEO2026 Low Oil and Gas Supply,1.0,Residential
2019,res,5-1,TRE,Texas Reliability Entity,AEO2026 Low Oil and Gas Supply,1.0,Residential
2019,res,5-16,SRCE,SERC Reliability Corporation / Central,AEO2026 Low Oil and Gas Supply,1.0,Residential
2019,trans,5-11,PJMW,PJM / West,AEO2026 Low Oil and Gas Supply,1.0,Transportation
2019,com,5-25,BASN,Western Electricity Coordinating Council / Basin,AEO2026 Low Oil and Gas Supply,1.0,Commercial
2019,com,5-17,SPPS,Southwest Power Pool / South,AEO2026 Low Oil and Gas Supply,1.0,Commercial
2019,com,5-19,SPPN,Southwest Power Pool / North,AEO2026 Low Oil and Gas Supply,1.0,Commercial
2019,com,5-18,SPPC,Southwest Power Pool / Central,AEO2026 Low Oil and Gas Supply,1.0,Commercial
2019,com,5-15,SRSE,SERC Reliability Corporation / Southeastern,AEO2026 Low Oil and Gas Supply,1.0,Commercial
2019,com,5-14,SRCA,SERC Reliability Corporation / East,AEO2026 Low Oil and Gas Supply,1.0,Commercial
2019,com,5-16,SRCE,SERC Reliability Corporation / Central,AEO2026 Low Oil and Gas Supply,1.0,Commercial
2019,com,5-11,PJMW,PJM / West,AEO2026 Low Oil and Gas Supply,1.0,Commercial
2019,com,5-10,PJME,PJM / East,AEO2026 Low Oil and Gas Supply,1.0,Commercial
2019,com,5-13,PJMD,PJM / Dominion,AEO2026 Low Oil and Gas Supply,1.0,Commercial
2019,com,5-12,PJMC,PJM / Commonwealth Edison,AEO2026 Low Oil and Gas Supply,1.0,Commercial
2019,com,5-9,NYUP,Northeast Power Coordinating Council / Upstate New York,AEO2026 Low Oil and Gas Supply,1.0,Commercial
2019,com,5-7,ISNE,Northeast Power Coordinating Council / New England,AEO2026 Low Oil and Gas Supply,1.0,Commercial
2019,com,5-8,NYCW,Northeast Power Coordinating Council / New York City and Long Island,AEO2026 Low Oil and Gas Supply,1.0,Commercial
2019,com,5-3,MISW,Midcontinent / West,AEO2026 Low Oil and Gas Supply,1.0,Commercial
2019,com,5-6,MISS,Midcontinent / South,AEO2026 Low Oil and Gas Supply,1.0,Commercial
2019,com,5-5,MISE,Midcontinent / East,AEO2026 Low Oil and Gas Supply,1.0,Commercial
2019,com,5-4,MISC,Midcontinent / Central,AEO2026 Low Oil and Gas Supply,1.0,Commercial
2019,com,5-2,FRCC,Florida Reliability Coordinating Council,AEO2026 Low Oil and Gas Supply,1.0,Commercial
2019,com,5-1,TRE,Texas Reliability Entity,AEO2026 Low Oil and Gas Supply,1.0,Commercial
2019,trans,5-16,SRCE,SERC Reliability Corporation / Central,AEO2026 Low Oil and Gas Supply,1.0,Transportation
2019,trans,5-15,SRSE,SERC Reliability Corporation / Southeastern,AEO2026 Low Oil and Gas Supply,1.0,Transportation
2019,trans,5-14,SRCA,SERC Reliability Corporation / East,AEO2026 Low Oil and Gas Supply,1.0,Transportation
2019,trans,5-23,NWPP,Western Electricity Coordinating Council / Northwest Power Pool Area,AEO2026 Low Oil and Gas Supply,1.0,Transportation
2019,trans,5-20,SRSG,Western Electricity Coordinating Council / Southwest,AEO2026 Low Oil and Gas Supply,1.0,Transportation
2019,trans,5-24,RMRG,Western Electricity Coordinating Council / Rockies,AEO2026 Low Oil and Gas Supply,1.0,Transportation
2019,trans,5-22,CASO,Western Electricity Coordinating Council / California South,AEO2026 Low Oil and Gas Supply,1.0,Transportation
2019,trans,5-21,CANO,Western Electricity Coordinating Council / California North,AEO2026 Low Oil and Gas Supply,1.0,Transportation
2019,trans,5-25,BASN,Western Electricity Coordinating Council / Basin,AEO2026 Low Oil and Gas Supply,1.0,Transportation
2019,trans,5-1,TRE,Texas Reliability Entity,AEO2026 Low Oil and Gas Supply,1.0,Transportation
2019,trans,5-17,SPPS,Southwest Power Pool / South,AEO2026 Low Oil and Gas Supply,1.0,Transportation
2019,trans,5-19,SPPN,Southwest Power Pool / North,AEO2026 Low Oil and Gas Supply,1.0,Transportation
2019,trans,5-18,SPPC,Southwest Power Pool / Central,AEO2026 Low Oil and Gas Supply,1.0,Transportation
2020,trans,5-17,SPPS,Southwest Power Pool / South,AEO2026 Low Oil and Gas Supply,1.0,Transportation
2020,trans,5-1,TRE,Texas Reliability Entity,AEO2026 Low Oil and Gas Supply,1.0,Transportation
2020,trans,5-25,BASN,Western Electricity Coordinating Council / Basin,AEO2026 Low Oil and Gas Supply,1.0,Transportation
2020,trans,5-21,CANO,Western Electricity Coordinating Council / California North,AEO2026 Low Oil and Gas Supply,1.0,Transportation
2020,trans,5-22,CASO,Western Electricity Coordinating Council / California South,AEO2026 Low Oil and Gas Supply,1.0,Transportation
2020,trans,5-24,RMRG,Western Electricity Coordinating Council / Rockies,AEO2026 Low Oil and Gas Supply,1.0,Transportation
2020,trans,5-20,SRSG,Western Electricity Coordinating Council / Southwest,AEO2026 Low Oil and Gas Supply,1.0,Transportation
2020,trans,5-23,NWPP,Western Electricity Coordinating Council / Northwest Power Pool Area,AEO2026 Low Oil and Gas Supply,1.0,Transportation
2020,trans,5-19,SPPN,Southwest Power Pool / North,AEO2026 Low Oil and Gas Supply,1.0,Transportation
2020,trans,5-18,SPPC,Southwest Power Pool / Central,AEO2026 Low Oil and Gas Supply,1.0,Transportation
2020,com,5-22,CASO,Western Electricity Coordinating Council / California South,AEO2026 Low Oil and Gas Supply,1.0,Commercial
2020,trans,5-16,SRCE,SERC Reliability Corporation / Central,AEO2026 Low Oil and Gas Supply,1.0,Transportation
2020,com,5-2,FRCC,Florida Reliability Coordinating Council,AEO2026 Low Oil and Gas Supply,1.0,Commercial
2020,com,5-4,MISC,Midcontinent / Central,AEO2026 Low Oil and Gas Supply,1.0,Commercial
2020,com,5-6,MISS,Midcontinent / South,AEO2026 Low Oil and Gas Supply,1.0,Commercial
2020,com,5-3,MISW,Midcontinent / West,AEO2026 Low Oil and Gas Supply,1.0,Commercial
2020,com,5-8,NYCW,Northeast Power Coordinating Council / New York City and Long Island,AEO2026 Low Oil and Gas Supply,1.0,Commercial
2020,com,5-7,ISNE,Northeast Power Coordinating Council / New England,AEO2026 Low Oil and Gas Supply,1.0,Commercial
2020,com,5-9,NYUP,Northeast Power Coordinating Council / Upstate New York,AEO2026 Low Oil and Gas Supply,1.0,Commercial
2020,com,5-12,PJMC,PJM / Commonwealth Edison,AEO2026 Low Oil and Gas Supply,1.0,Commercial
2020,com,5-13,PJMD,PJM / Dominion,AEO2026 Low Oil and Gas Supply,1.0,Commercial
2020,com,5-10,PJME,PJM / East,AEO2026 Low Oil and Gas Supply,1.0,Commercial
2020,com,5-11,PJMW,PJM / West,AEO2026 Low Oil and Gas Supply,1.0,Commercial
2020,com,5-16,SRCE,SERC Reliability Corporation / Central,AEO2026 Low Oil and Gas Supply,1.0,Commercial
2020,com,5-14,SRCA,SERC Reliability Corporation / East,AEO2026 Low Oil and Gas Supply,1.0,Commercial
2020,com,5-15,SRSE,SERC Reliability Corporation / Southeastern,AEO2026 Low Oil and Gas Supply,1.0,Commercial
2020,com,5-18,SPPC,Southwest Power Pool / Central,AEO2026 Low Oil and Gas Supply,1.0,Commercial
2020,com,5-19,SPPN,Southwest Power Pool / North,AEO2026 Low Oil and Gas Supply,1.0,Commercial
2020,com,5-5,MISE,Midcontinent / East,AEO2026 Low Oil and Gas Supply,1.0,Commercial
2020,com,5-17,SPPS,Southwest Power Pool / South,AEO2026 Low Oil and Gas Supply,1.0,Commercial
2020,trans,5-15,SRSE,SERC Reliability Corporation / Southeastern,AEO2026 Low Oil and Gas Supply,1.0,Transportation
2020,com,5-1,TRE,Texas Reliability Entity,AEO2026 Low Oil and Gas Supply,1.0,Commercial
2020,com,5-21,CANO,Western Electricity Coordinating Council / California North,AEO2026 Low Oil and Gas Supply,1.0,Commercial
2020,res,5-9,NYUP,Northeast Power Coordinating Council / Upstate New York,AEO2026 Low Oil and Gas Supply,1.0,Residential
2020,res,5-12,PJMC,PJM / Commonwealth Edison,AEO2026 Low Oil and Gas Supply,1.0,Residential
2020,res,5-13,PJMD,PJM / Dominion,AEO2026 Low Oil and Gas Supply,1.0,Residential
2020,res,5-10,PJME,PJM / East,AEO2026 Low Oil and Gas Supply,1.0,Residential
2020,res,5-11,PJMW,PJM / West,AEO2026 Low Oil and Gas Supply,1.0,Residential
2020,res,5-16,SRCE,SERC Reliability Corporation / Central,AEO2026 Low Oil and Gas Supply,1.0,Residential
2020,res,5-14,SRCA,SERC Reliability Corporation / East,AEO2026 Low Oil and Gas Supply,1.0,Residential
2020,res,5-15,SRSE,SERC Reliability Corporation / Southeastern,AEO2026 Low Oil and Gas Supply,1.0,Residential
2020,res,5-18,SPPC,Southwest Power Pool / Central,AEO2026 Low Oil and Gas Supply,1.0,Residential
2020,res,5-19,SPPN,Southwest Power Pool / North,AEO2026 Low Oil and Gas Supply,1.0,Residential
2020,res,5-17,SPPS,Southwest Power Pool / South,AEO2026 Low Oil and Gas Supply,1.0,Residential
2020,res,5-1,TRE,Texas Reliability Entity,AEO2026 Low Oil and Gas Supply,1.0,Residential
2020,res,5-25,BASN,Western Electricity Coordinating Council / Basin,AEO2026 Low Oil and Gas Supply,1.0,Residential
2020,res,5-21,CANO,Western Electricity Coordinating Council / California North,AEO2026 Low Oil and Gas Supply,1.0,Residential
2020,res,5-7,ISNE,Northeast Power Coordinating Council / New England,AEO2026 Low Oil and Gas Supply,1.0,Residential
2020,res,5-22,CASO,Western Electricity Coordinating Council / California South,AEO2026 Low Oil and Gas Supply,1.0,Residential
2020,res,5-20,SRSG,Western Electricity Coordinating Council / Southwest,AEO2026 Low Oil and Gas Supply,1.0,Residential
2020,res,5-23,NWPP,Western Electricity Coordinating Council / Northwest Power Pool Area,AEO2026 Low Oil and Gas Supply,1.0,Residential
2020,trans,5-2,FRCC,Florida Reliability Coordinating Council,AEO2026 Low Oil and Gas Supply,1.0,Transportation
2020,trans,5-4,MISC,Midcontinent / Central,AEO2026 Low Oil and Gas Supply,1.0,Transportation
2020,trans,5-5,MISE,Midcontinent / East,AEO2026 Low Oil and Gas Supply,1.0,Transportation
2020,trans,5-6,MISS,Midcontinent / South,AEO2026 Low Oil and Gas Supply,1.0,Transportation
2020,trans,5-3,MISW,Midcontinent / West,AEO2026 Low Oil and Gas Supply,1.0,Transportation
2020,trans,5-8,NYCW,Northeast Power Coordinating Council / New York City and Long Island,AEO2026 Low Oil and Gas Supply,1.0,Transportation
2020,trans,5-7,ISNE,Northeast Power Coordinating Council / New England,AEO2026 Low Oil and Gas Supply,1.0,Transportation
2020,trans,5-9,NYUP,Northeast Power Coordinating Council / Upstate New York,AEO2026 Low Oil and Gas Supply,1.0,Transportation
2020,trans,5-12,PJMC,PJM / Commonwealth Edison,AEO2026 Low Oil and Gas Supply,1.0,Transportation
2020,trans,5-13,PJMD,PJM / Dominion,AEO2026 Low Oil and Gas Supply,1.0,Transportation
2020,trans,5-10,PJME,PJM / East,AEO2026 Low Oil and Gas Supply,1.0,Transportation
2020,trans,5-11,PJMW,PJM / West,AEO2026 Low Oil and Gas Supply,1.0,Transportation
2020,res,5-24,RMRG,Western Electricity Coordinating Council / Rockies,AEO2026 Low Oil and Gas Supply,1.0,Residential
2020,res,5-8,NYCW,Northeast Power Coordinating Council / New York City and Long Island,AEO2026 Low Oil and Gas Supply,1.0,Residential
2020,res,5-3,MISW,Midcontinent / West,AEO2026 Low Oil and Gas Supply,1.0,Residential
2020,res,5-6,MISS,Midcontinent / South,AEO2026 Low Oil and Gas Supply,1.0,Residential
2020,com,5-24,RMRG,Western Electricity Coordinating Council / Rockies,AEO2026 Low Oil and Gas Supply,1.0,Commercial
2020,com,5-20,SRSG,Western Electricity Coordinating Council / Southwest,AEO2026 Low Oil and Gas Supply,1.0,Commercial
2020,com,5-23,NWPP,Western Electricity Coordinating Council / Northwest Power Pool Area,AEO2026 Low Oil and Gas Supply,1.0,Commercial
2020,ind,5-2,FRCC,Florida Reliability Coordinating Council,AEO2026 Low Oil and Gas Supply,1.0,Industrial
2020,ind,5-4,MISC,Midcontinent / Central,AEO2026 Low Oil and Gas Supply,1.0,Industrial
2020,ind,5-5,MISE,Midcontinent / East,AEO2026 Low Oil and Gas Supply,1.0,Industrial
2020,ind,5-6,MISS,Midcontinent / South,AEO2026 Low Oil and Gas Supply,1.0,Industrial
2020,ind,5-3,MISW,Midcontinent / West,AEO2026 Low Oil and Gas Supply,1.0,Industrial
2020,ind,5-8,NYCW,Northeast Power Coordinating Council / New York City and Long Island,AEO2026 Low Oil and Gas Supply,1.0,Industrial
2020,ind,5-7,ISNE,Northeast Power Coordinating Council / New England,AEO2026 Low Oil and Gas Supply,1.0,Industrial
2020,ind,5-9,NYUP,Northeast Power Coordinating Council / Upstate New York,AEO2026 Low Oil and Gas Supply,1.0,Industrial
2020,ind,5-12,PJMC,PJM / Commonwealth Edison,AEO2026 Low Oil and Gas Supply,1.0,Industrial
2020,ind,5-13,PJMD,PJM / Dominion,AEO2026 Low Oil and Gas Supply,1.0,Industrial
2020,ind,5-10,PJME,PJM / East,AEO2026 Low Oil and Gas Supply,1.0,Industrial
2020,ind,5-11,PJMW,PJM / West,AEO2026 Low Oil and Gas Supply,1.0,Industrial
2020,ind,5-16,SRCE,SERC Reliability Corporation / Central,AEO2026 Low Oil and Gas Supply,1.0,Industrial
2020,ind,5-14,SRCA,SERC Reliability Corporation / East,AEO2026 Low Oil and Gas Supply,1.0,Industrial
2020,res,5-5,MISE,Midcontinent / East,AEO2026 Low Oil and Gas Supply,1.0,Residential
2020,res,5-4,MISC,Midcontinent / Central,AEO2026 Low Oil and Gas Supply,1.0,Residential
2020,res,5-2,FRCC,Florida Reliability Coordinating Council,AEO2026 Low Oil and Gas Supply,1.0,Residential
2020,ind,5-23,NWPP,Western Electricity Coordinating Council / Northwest Power Pool Area,AEO2026 Low Oil and Gas Supply,1.0,Industrial
2020,ind,5-20,SRSG,Western Electricity Coordinating Council / Southwest,AEO2026 Low Oil and Gas Supply,1.0,Industrial
2020,ind,5-24,RMRG,Western Electricity Coordinating Council / Rockies,AEO2026 Low Oil and Gas Supply,1.0,Industrial
2020,com,5-25,BASN,Western Electricity Coordinating Council / Basin,AEO2026 Low Oil and Gas Supply,1.0,Commercial
2020,ind,5-22,CASO,Western Electricity Coordinating Council / California South,AEO2026 Low Oil and Gas Supply,1.0,Industrial
2020,ind,5-25,BASN,Western Electricity Coordinating Council / Basin,AEO2026 Low Oil and Gas Supply,1.0,Industrial
2020,ind,5-1,TRE,Texas Reliability Entity,AEO2026 Low Oil and Gas Supply,1.0,Industrial
2020,ind,5-17,SPPS,Southwest Power Pool / South,AEO2026 Low Oil and Gas Supply,1.0,Industrial
2020,ind,5-19,SPPN,Southwest Power Pool / North,AEO2026 Low Oil and Gas Supply,1.0,Industrial
2020,ind,5-18,SPPC,Southwest Power Pool / Central,AEO2026 Low Oil and Gas Supply,1.0,Industrial
2020,ind,5-15,SRSE,SERC Reliability Corporation / Southeastern,AEO2026 Low Oil and Gas Supply,1.0,Industrial
2020,ind,5-21,CANO,Western Electricity Coordinating Council / California North,AEO2026 Low Oil and Gas Supply,1.0,Industrial
2020,trans,5-14,SRCA,SERC Reliability Corporation / East,AEO2026 Low Oil and Gas Supply,1.0,Transportation
2021,trans,5-18,SPPC,Southwest Power Pool / Central,AEO2026 Low Oil and Gas Supply,1.0,Transportation
2021,trans,5-19,SPPN,Southwest Power Pool / North,AEO2026 Low Oil and Gas Supply,1.0,Transportation
2021,trans,5-17,SPPS,Southwest Power Pool / South,AEO2026 Low Oil and Gas Supply,1.0,Transportation
2021,trans,5-1,TRE,Texas Reliability Entity,AEO2026 Low Oil and Gas Supply,1.0,Transportation
2021,trans,5-25,BASN,Western Electricity Coordinating Council / Basin,AEO2026 Low Oil and Gas Supply,1.0,Transportation
2021,trans,5-21,CANO,Western Electricity Coordinating Council / California North,AEO2026 Low Oil and Gas Supply,1.0,Transportation
2021,trans,5-22,CASO,Western Electricity Coordinating Council / California South,AEO2026 Low Oil and Gas Supply,1.0,Transportation
2021,trans,5-24,RMRG,Western Electricity Coordinating Council / Rockies,AEO2026 Low Oil and Gas Supply,1.0,Transportation
2021,trans,5-20,SRSG,Western Electricity Coordinating Council / Southwest,AEO2026 Low Oil and Gas Supply,1.0,Transportation
2021,trans,5-23,NWPP,Western Electricity Coordinating Council / Northwest Power Pool Area,AEO2026 Low Oil and Gas Supply,1.0,Transportation
2021,trans,5-15,SRSE,SERC Reliability Corporation / Southeastern,AEO2026 Low Oil and Gas Supply,1.0,Transportation
2021,trans,5-14,SRCA,SERC Reliability Corporation / East,AEO2026 Low Oil and Gas Supply,1.0,Transportation
2021,trans,5-11,PJMW,PJM / West,AEO2026 Low Oil and Gas Supply,1.0,Transportation
2021,com,5-2,FRCC,Florida Reliability Coordinating Council,AEO2026 Low Oil and Gas Supply,1.0,Commercial
2021,com,5-4,MISC,Midcontinent / Central,AEO2026 Low Oil and Gas Supply,1.0,Commercial
2021,com,5-6,MISS,Midcontinent / South,AEO2026 Low Oil and Gas Supply,1.0,Commercial
2021,com,5-3,MISW,Midcontinent / West,AEO2026 Low Oil and Gas Supply,1.0,Commercial
2021,com,5-8,NYCW,Northeast Power Coordinating Council / New York City and Long Island,AEO2026 Low Oil and Gas Supply,1.0,Commercial
2021,com,5-7,ISNE,Northeast Power Coordinating Council / New England,AEO2026 Low Oil and Gas Supply,1.0,Commercial
2021,com,5-9,NYUP,Northeast Power Coordinating Council / Upstate New York,AEO2026 Low Oil and Gas Supply,1.0,Commercial
2021,com,5-12,PJMC,PJM / Commonwealth Edison,AEO2026 Low Oil and Gas Supply,1.0,Commercial
2021,com,5-13,PJMD,PJM / Dominion,AEO2026 Low Oil and Gas Supply,1.0,Commercial
2021,com,5-10,PJME,PJM / East,AEO2026 Low Oil and Gas Supply,1.0,Commercial
2021,com,5-11,PJMW,PJM / West,AEO2026 Low Oil and Gas Supply,1.0,Commercial
2021,com,5-16,SRCE,SERC Reliability Corporation / Central,AEO2026 Low Oil and Gas Supply,1.0,Commercial
2021,com,5-14,SRCA,SERC Reliability Corporation / East,AEO2026 Low Oil and Gas Supply,1.0,Commercial
2021,com,5-15,SRSE,SERC Reliability Corporation / Southeastern,AEO2026 Low Oil and Gas Supply,1.0,Commercial
2021,com,5-18,SPPC,Southwest Power Pool / Central,AEO2026 Low Oil and Gas Supply,1.0,Commercial
2021,com,5-19,SPPN,Southwest Power Pool / North,AEO2026 Low Oil and Gas Supply,1.0,Commercial
2021,com,5-5,MISE,Midcontinent / East,AEO2026 Low Oil and Gas Supply,1.0,Commercial
2021,com,5-17,SPPS,Southwest Power Pool / South,AEO2026 Low Oil and Gas Supply,1.0,Commercial
2021,trans,5-16,SRCE,SERC Reliability Corporation / Central,AEO2026 Low Oil and Gas Supply,1.0,Transportation
2021,com,5-1,TRE,Texas Reliability Entity,AEO2026 Low Oil and Gas Supply,1.0,Commercial
2021,com,5-21,CANO,Western Electricity Coordinating Council / California North,AEO2026 Low Oil and Gas Supply,1.0,Commercial
2021,res,5-7,ISNE,Northeast Power Coordinating Council / New England,AEO2026 Low Oil and Gas Supply,1.0,Residential
2021,res,5-9,NYUP,Northeast Power Coordinating Council / Upstate New York,AEO2026 Low Oil and Gas Supply,1.0,Residential
2021,res,5-12,PJMC,PJM / Commonwealth Edison,AEO2026 Low Oil and Gas Supply,1.0,Residential
2021,res,5-13,PJMD,PJM / Dominion,AEO2026 Low Oil and Gas Supply,1.0,Residential
2021,res,5-10,PJME,PJM / East,AEO2026 Low Oil and Gas Supply,1.0,Residential
2021,res,5-11,PJMW,PJM / West,AEO2026 Low Oil and Gas Supply,1.0,Residential
2021,res,5-16,SRCE,SERC Reliability Corporation / Central,AEO2026 Low Oil and Gas Supply,1.0,Residential
2021,res,5-14,SRCA,SERC Reliability Corporation / East,AEO2026 Low Oil and Gas Supply,1.0,Residential
2021,res,5-15,SRSE,SERC Reliability Corporation / Southeastern,AEO2026 Low Oil and Gas Supply,1.0,Residential
2021,res,5-18,SPPC,Southwest Power Pool / Central,AEO2026 Low Oil and Gas Supply,1.0,Residential
2021,res,5-19,SPPN,Southwest Power Pool / North,AEO2026 Low Oil and Gas Supply,1.0,Residential
2021,res,5-17,SPPS,Southwest Power Pool / South,AEO2026 Low Oil and Gas Supply,1.0,Residential
2021,res,5-1,TRE,Texas Reliability Entity,AEO2026 Low Oil and Gas Supply,1.0,Residential
2021,res,5-25,BASN,Western Electricity Coordinating Council / Basin,AEO2026 Low Oil and Gas Supply,1.0,Residential
2021,res,5-8,NYCW,Northeast Power Coordinating Council / New York City and Long Island,AEO2026 Low Oil and Gas Supply,1.0,Residential
2021,res,5-21,CANO,Western Electricity Coordinating Council / California North,AEO2026 Low Oil and Gas Supply,1.0,Residential
2021,res,5-24,RMRG,Western Electricity Coordinating Council / Rockies,AEO2026 Low Oil and Gas Supply,1.0,Residential
2021,res,5-20,SRSG,Western Electricity Coordinating Council / Southwest,AEO2026 Low Oil and Gas Supply,1.0,Residential
2021,res,5-23,NWPP,Western Electricity Coordinating Council / Northwest Power Pool Area,AEO2026 Low Oil and Gas Supply,1.0,Residential
2021,trans,5-2,FRCC,Florida Reliability Coordinating Council,AEO2026 Low Oil and Gas Supply,1.0,Transportation
2021,trans,5-4,MISC,Midcontinent / Central,AEO2026 Low Oil and Gas Supply,1.0,Transportation
2021,trans,5-5,MISE,Midcontinent / East,AEO2026 Low Oil and Gas Supply,1.0,Transportation
2021,trans,5-6,MISS,Midcontinent / South,AEO2026 Low Oil and Gas Supply,1.0,Transportation
2021,trans,5-3,MISW,Midcontinent / West,AEO2026 Low Oil and Gas Supply,1.0,Transportation
2021,trans,5-8,NYCW,Northeast Power Coordinating Council / New York City and Long Island,AEO2026 Low Oil and Gas Supply,1.0,Transportation
2021,trans,5-7,ISNE,Northeast Power Coordinating Council / New England,AEO2026 Low Oil and Gas Supply,1.0,Transportation
2021,trans,5-9,NYUP,Northeast Power Coordinating Council / Upstate New York,AEO2026 Low Oil and Gas Supply,1.0,Transportation
2021,trans,5-12,PJMC,PJM / Commonwealth Edison,AEO2026 Low Oil and Gas Supply,1.0,Transportation
2021,trans,5-13,PJMD,PJM / Dominion,AEO2026 Low Oil and Gas Supply,1.0,Transportation
2021,trans,5-10,PJME,PJM / East,AEO2026 Low Oil and Gas Supply,1.0,Transportation
2021,res,5-22,CASO,Western Electricity Coordinating Council / California South,AEO2026 Low Oil and Gas Supply,1.0,Residential
2021,res,5-3,MISW,Midcontinent / West,AEO2026 Low Oil and Gas Supply,1.0,Residential
2021,res,5-6,MISS,Midcontinent / South,AEO2026 Low Oil and Gas Supply,1.0,Residential
2021,res,5-5,MISE,Midcontinent / East,AEO2026 Low Oil and Gas Supply,1.0,Residential
2021,com,5-22,CASO,Western Electricity Coordinating Council / California South,AEO2026 Low Oil and Gas Supply,1.0,Commercial
2021,com,5-24,RMRG,Western Electricity Coordinating Council / Rockies,AEO2026 Low Oil and Gas Supply,1.0,Commercial
2021,com,5-20,SRSG,Western Electricity Coordinating Council / Southwest,AEO2026 Low Oil and Gas Supply,1.0,Commercial
2021,com,5-23,NWPP,Western Electricity Coordinating Council / Northwest Power Pool Area,AEO2026 Low Oil and Gas Supply,1.0,Commercial
2021,ind,5-2,FRCC,Florida Reliability Coordinating Council,AEO2026 Low Oil and Gas Supply,1.0,Industrial
2021,ind,5-4,MISC,Midcontinent / Central,AEO2026 Low Oil and Gas Supply,1.0,Industrial
2021,ind,5-5,MISE,Midcontinent / East,AEO2026 Low Oil and Gas Supply,1.0,Industrial
2021,ind,5-6,MISS,Midcontinent / South,AEO2026 Low Oil and Gas Supply,1.0,Industrial
2021,ind,5-3,MISW,Midcontinent / West,AEO2026 Low Oil and Gas Supply,1.0,Industrial
2021,ind,5-8,NYCW,Northeast Power Coordinating Council / New York City and Long Island,AEO2026 Low Oil and Gas Supply,1.0,Industrial
2021,ind,5-7,ISNE,Northeast Power Coordinating Council / New England,AEO2026 Low Oil and Gas Supply,1.0,Industrial
2021,ind,5-9,NYUP,Northeast Power Coordinating Council / Upstate New York,AEO2026 Low Oil and Gas Supply,1.0,Industrial
2021,ind,5-12,PJMC,PJM / Commonwealth Edison,AEO2026 Low Oil and Gas Supply,1.0,Industrial
2021,ind,5-13,PJMD,PJM / Dominion,AEO2026 Low Oil and Gas Supply,1.0,Industrial
2021,ind,5-10,PJME,PJM / East,AEO2026 Low Oil and Gas Supply,1.0,Industrial
2021,ind,5-11,PJMW,PJM / West,AEO2026 Low Oil and Gas Supply,1.0,Industrial
2021,ind,5-16,SRCE,SERC Reliability Corporation / Central,AEO2026 Low Oil and Gas Supply,1.0,Industrial
2021,res,5-4,MISC,Midcontinent / Central,AEO2026 Low Oil and Gas Supply,1.0,Residential
2021,res,5-2,FRCC,Florida Reliability Coordinating Council,AEO2026 Low Oil and Gas Supply,1.0,Residential
2021,ind,5-23,NWPP,Western Electricity Coordinating Council / Northwest Power Pool Area,AEO2026 Low Oil and Gas Supply,1.0,Industrial
2021,ind,5-20,SRSG,Western Electricity Coordinating Council / Southwest,AEO2026 Low Oil and Gas Supply,1.0,Industrial
2021,ind,5-24,RMRG,Western Electricity Coordinating Council / Rockies,AEO2026 Low Oil and Gas Supply,1.0,Industrial
2021,ind,5-22,CASO,Western Electricity Coordinating Council / California South,AEO2026 Low Oil and Gas Supply,1.0,Industrial
2021,com,5-25,BASN,Western Electricity Coordinating Council / Basin,AEO2026 Low Oil and Gas Supply,1.0,Commercial
2021,ind,5-21,CANO,Western Electricity Coordinating Council / California North,AEO2026 Low Oil and Gas Supply,1.0,Industrial
2021,ind,5-1,TRE,Texas Reliability Entity,AEO2026 Low Oil and Gas Supply,1.0,Industrial
2021,ind,5-17,SPPS,Southwest Power Pool / South,AEO2026 Low Oil and Gas Supply,1.0,Industrial
2021,ind,5-19,SPPN,Southwest Power Pool / North,AEO2026 Low Oil and Gas Supply,1.0,Industrial
2021,ind,5-18,SPPC,Southwest Power Pool / Central,AEO2026 Low Oil and Gas Supply,1.0,Industrial
2021,ind,5-15,SRSE,SERC Reliability Corporation / Southeastern,AEO2026 Low Oil and Gas Supply,1.0,Industrial
2021,ind,5-14,SRCA,SERC Reliability Corporation / East,AEO2026 Low Oil and Gas Supply,1.0,Industrial
2021,ind,5-25,BASN,Western Electricity Coordinating Council / Basin,AEO2026 Low Oil and Gas Supply,1.0,Industrial
2022,trans,5-18,SPPC,Southwest Power Pool / Central,AEO2026 Low Oil and Gas Supply,1.0,Transportation
2022,trans,5-19,SPPN,Southwest Power Pool / North,AEO2026 Low Oil and Gas Supply,1.0,Transportation
2022,trans,5-17,SPPS,Southwest Power Pool / South,AEO2026 Low Oil and Gas Supply,1.0,Transportation
2022,trans,5-1,TRE,Texas Reliability Entity,AEO2026 Low Oil and Gas Supply,1.0,Transportation
2022,trans,5-25,BASN,Western Electricity Coordinating Council / Basin,AEO2026 Low Oil and Gas Supply,1.0,Transportation
2022,trans,5-21,CANO,Western Electricity Coordinating Council / California North,AEO2026 Low Oil and Gas Supply,1.0,Transportation
2022,trans,5-22,CASO,Western Electricity Coordinating Council / California South,AEO2026 Low Oil and Gas Supply,1.0,Transportation
2022,trans,5-24,RMRG,Western Electricity Coordinating Council / Rockies,AEO2026 Low Oil and Gas Supply,1.0,Transportation
2022,trans,5-20,SRSG,Western Electricity Coordinating Council / Southwest,AEO2026 Low Oil and Gas Supply,1.0,Transportation
2022,trans,5-23,NWPP,Western Electricity Coordinating Council / Northwest Power Pool Area,AEO2026 Low Oil and Gas Supply,1.0,Transportation
2022,trans,5-15,SRSE,SERC Reliability Corporation / Southeastern,AEO2026 Low Oil and Gas Supply,1.0,Transportation
2022,trans,5-16,SRCE,SERC Reliability Corporation / Central,AEO2026 Low Oil and Gas Supply,1.0,Transportation
2022,com,5-2,FRCC,Florida Reliability Coordinating Council,AEO2026 Low Oil and Gas Supply,1.0,Commercial
2022,com,5-4,MISC,Midcontinent / Central,AEO2026 Low Oil and Gas Supply,1.0,Commercial
2022,com,5-5,MISE,Midcontinent / East,AEO2026 Low Oil and Gas Supply,1.0,Commercial
2022,com,5-3,MISW,Midcontinent / West,AEO2026 Low Oil and Gas Supply,1.0,Commercial
2022,com,5-8,NYCW,Northeast Power Coordinating Council / New York City and Long Island,AEO2026 Low Oil and Gas Supply,1.0,Commercial
2022,com,5-7,ISNE,Northeast Power Coordinating Council / New England,AEO2026 Low Oil and Gas Supply,1.0,Commercial
2022,com,5-9,NYUP,Northeast Power Coordinating Council / Upstate New York,AEO2026 Low Oil and Gas Supply,1.0,Commercial
2022,com,5-12,PJMC,PJM / Commonwealth Edison,AEO2026 Low Oil and Gas Supply,1.0,Commercial
2022,com,5-13,PJMD,PJM / Dominion,AEO2026 Low Oil and Gas Supply,1.0,Commercial
2022,com,5-10,PJME,PJM / East,AEO2026 Low Oil and Gas Supply,1.0,Commercial
2022,com,5-11,PJMW,PJM / West,AEO2026 Low Oil and Gas Supply,1.0,Commercial
2022,com,5-16,SRCE,SERC Reliability Corporation / Central,AEO2026 Low Oil and Gas Supply,1.0,Commercial
2022,com,5-14,SRCA,SERC Reliability Corporation / East,AEO2026 Low Oil and Gas Supply,1.0,Commercial
2022,com,5-15,SRSE,SERC Reliability Corporation / Southeastern,AEO2026 Low Oil and Gas Supply,1.0,Commercial
2022,com,5-18,SPPC,Southwest Power Pool / Central,AEO2026 Low Oil and Gas Supply,1.0,Commercial
2022,com,5-19,SPPN,Southwest Power Pool / North,AEO2026 Low Oil and Gas Supply,1.0,Commercial
2022,com,5-17,SPPS,Southwest Power Pool / South,AEO2026 Low Oil and Gas Supply,1.0,Commercial
2022,com,5-6,MISS,Midcontinent / South,AEO2026 Low Oil and Gas Supply,1.0,Commercial
2022,com,5-1,TRE,Texas Reliability Entity,AEO2026 Low Oil and Gas Supply,1.0,Commercial
2022,trans,5-14,SRCA,SERC Reliability Corporation / East,AEO2026 Low Oil and Gas Supply,1.0,Transportation
2022,com,5-25,BASN,Western Electricity Coordinating Council / Basin,AEO2026 Low Oil and Gas Supply,1.0,Commercial
2022,com,5-22,CASO,Western Electricity Coordinating Council / California South,AEO2026 Low Oil and Gas Supply,1.0,Commercial
2022,res,5-9,NYUP,Northeast Power Coordinating Council / Upstate New York,AEO2026 Low Oil and Gas Supply,1.0,Residential
2022,res,5-12,PJMC,PJM / Commonwealth Edison,AEO2026 Low Oil and Gas Supply,1.0,Residential
2022,res,5-13,PJMD,PJM / Dominion,AEO2026 Low Oil and Gas Supply,1.0,Residential
2022,res,5-10,PJME,PJM / East,AEO2026 Low Oil and Gas Supply,1.0,Residential
2022,res,5-11,PJMW,PJM / West,AEO2026 Low Oil and Gas Supply,1.0,Residential
2022,res,5-16,SRCE,SERC Reliability Corporation / Central,AEO2026 Low Oil and Gas Supply,1.0,Residential
2022,res,5-14,SRCA,SERC Reliability Corporation / East,AEO2026 Low Oil and Gas Supply,1.0,Residential
2022,res,5-15,SRSE,SERC Reliability Corporation / Southeastern,AEO2026 Low Oil and Gas Supply,1.0,Residential
2022,res,5-18,SPPC,Southwest Power Pool / Central,AEO2026 Low Oil and Gas Supply,1.0,Residential
2022,res,5-19,SPPN,Southwest Power Pool / North,AEO2026 Low Oil and Gas Supply,1.0,Residential
2022,res,5-17,SPPS,Southwest Power Pool / South,AEO2026 Low Oil and Gas Supply,1.0,Residential
2022,res,5-1,TRE,Texas Reliability Entity,AEO2026 Low Oil and Gas Supply,1.0,Residential
2022,res,5-25,BASN,Western Electricity Coordinating Council / Basin,AEO2026 Low Oil and Gas Supply,1.0,Residential
2022,res,5-21,CANO,Western Electricity Coordinating Council / California North,AEO2026 Low Oil and Gas Supply,1.0,Residential
2022,res,5-7,ISNE,Northeast Power Coordinating Council / New England,AEO2026 Low Oil and Gas Supply,1.0,Residential
2022,res,5-22,CASO,Western Electricity Coordinating Council / California South,AEO2026 Low Oil and Gas Supply,1.0,Residential
2022,res,5-20,SRSG,Western Electricity Coordinating Council / Southwest,AEO2026 Low Oil and Gas Supply,1.0,Residential
2022,res,5-23,NWPP,Western Electricity Coordinating Council / Northwest Power Pool Area,AEO2026 Low Oil and Gas Supply,1.0,Residential
2022,trans,5-2,FRCC,Florida Reliability Coordinating Council,AEO2026 Low Oil and Gas Supply,1.0,Transportation
2022,trans,5-4,MISC,Midcontinent / Central,AEO2026 Low Oil and Gas Supply,1.0,Transportation
2022,trans,5-5,MISE,Midcontinent / East,AEO2026 Low Oil and Gas Supply,1.0,Transportation
2022,trans,5-6,MISS,Midcontinent / South,AEO2026 Low Oil and Gas Supply,1.0,Transportation
2022,trans,5-3,MISW,Midcontinent / West,AEO2026 Low Oil and Gas Supply,1.0,Transportation
2022,trans,5-8,NYCW,Northeast Power Coordinating Council / New York City and Long Island,AEO2026 Low Oil and Gas Supply,1.0,Transportation
2022,trans,5-7,ISNE,Northeast Power Coordinating Council / New England,AEO2026 Low Oil and Gas Supply,1.0,Transportation
2022,trans,5-9,NYUP,Northeast Power Coordinating Council / Upstate New York,AEO2026 Low Oil and Gas Supply,1.0,Transportation
2022,trans,5-12,PJMC,PJM / Commonwealth Edison,AEO2026 Low Oil and Gas Supply,1.0,Transportation
2022,trans,5-13,PJMD,PJM / Dominion,AEO2026 Low Oil and Gas Supply,1.0,Transportation
2022,trans,5-10,PJME,PJM / East,AEO2026 Low Oil and Gas Supply,1.0,Transportation
2022,trans,5-11,PJMW,PJM / West,AEO2026 Low Oil and Gas Supply,1.0,Transportation
2022,res,5-24,RMRG,Western Electricity Coordinating Council / Rockies,AEO2026 Low Oil and Gas Supply,1.0,Residential
2022,res,5-8,NYCW,Northeast Power Coordinating Council / New York City and Long Island,AEO2026 Low Oil and Gas Supply,1.0,Residential
2022,res,5-3,MISW,Midcontinent / West,AEO2026 Low Oil and Gas Supply,1.0,Residential
2022,res,5-6,MISS,Midcontinent / South,AEO2026 Low Oil and Gas Supply,1.0,Residential
2022,com,5-24,RMRG,Western Electricity Coordinating Council / Rockies,AEO2026 Low Oil and Gas Supply,1.0,Commercial
2022,com,5-20,SRSG,Western Electricity Coordinating Council / Southwest,AEO2026 Low Oil and Gas Supply,1.0,Commercial
2022,com,5-23,NWPP,Western Electricity Coordinating Council / Northwest Power Pool Area,AEO2026 Low Oil and Gas Supply,1.0,Commercial
2022,ind,5-2,FRCC,Florida Reliability Coordinating Council,AEO2026 Low Oil and Gas Supply,1.0,Industrial
2022,ind,5-4,MISC,Midcontinent / Central,AEO2026 Low Oil and Gas Supply,1.0,Industrial
2022,ind,5-5,MISE,Midcontinent / East,AEO2026 Low Oil and Gas Supply,1.0,Industrial
2022,ind,5-6,MISS,Midcontinent / South,AEO2026 Low Oil and Gas Supply,1.0,Industrial
2022,ind,5-3,MISW,Midcontinent / West,AEO2026 Low Oil and Gas Supply,1.0,Industrial
2022,ind,5-8,NYCW,Northeast Power Coordinating Council / New York City and Long Island,AEO2026 Low Oil and Gas Supply,1.0,Industrial
2022,ind,5-7,ISNE,Northeast Power Coordinating Council / New England,AEO2026 Low Oil and Gas Supply,1.0,Industrial
2022,ind,5-9,NYUP,Northeast Power Coordinating Council / Upstate New York,AEO2026 Low Oil and Gas Supply,1.0,Industrial
2022,ind,5-12,PJMC,PJM / Commonwealth Edison,AEO2026 Low Oil and Gas Supply,1.0,Industrial
2022,ind,5-13,PJMD,PJM / Dominion,AEO2026 Low Oil and Gas Supply,1.0,Industrial
2022,ind,5-10,PJME,PJM / East,AEO2026 Low Oil and Gas Supply,1.0,Industrial
2022,ind,5-11,PJMW,PJM / West,AEO2026 Low Oil and Gas Supply,1.0,Industrial
2022,ind,5-16,SRCE,SERC Reliability Corporation / Central,AEO2026 Low Oil and Gas Supply,1.0,Industrial
2022,ind,5-14,SRCA,SERC Reliability Corporation / East,AEO2026 Low Oil and Gas Supply,1.0,Industrial
2022,res,5-5,MISE,Midcontinent / East,AEO2026 Low Oil and Gas Supply,1.0,Residential
2022,res,5-4,MISC,Midcontinent / Central,AEO2026 Low Oil and Gas Supply,1.0,Residential
2022,res,5-2,FRCC,Florida Reliability Coordinating Council,AEO2026 Low Oil and Gas Supply,1.0,Residential
2022,ind,5-23,NWPP,Western Electricity Coordinating Council / Northwest Power Pool Area,AEO2026 Low Oil and Gas Supply,1.0,Industrial
2022,ind,5-20,SRSG,Western Electricity Coordinating Council / Southwest,AEO2026 Low Oil and Gas Supply,1.0,Industrial
2022,ind,5-24,RMRG,Western Electricity Coordinating Council / Rockies,AEO2026 Low Oil and Gas Supply,1.0,Industrial
2022,com,5-21,CANO,Western Electricity Coordinating Council / California North,AEO2026 Low Oil and Gas Supply,1.0,Commercial
2022,ind,5-22,CASO,Western Electricity Coordinating Council / California South,AEO2026 Low Oil and Gas Supply,1.0,Industrial
2022,ind,5-25,BASN,Western Electricity Coordinating Council / Basin,AEO2026 Low Oil and Gas Supply,1.0,Industrial
2022,ind,5-1,TRE,Texas Reliability Entity,AEO2026 Low Oil and Gas Supply,1.0,Industrial
2022,ind,5-17,SPPS,Southwest Power Pool / South,AEO2026 Low Oil and Gas Supply,1.0,Industrial
2022,ind,5-19,SPPN,Southwest Power Pool / North,AEO2026 Low Oil and Gas Supply,1.0,Industrial
2022,ind,5-18,SPPC,Southwest Power Pool / Central,AEO2026 Low Oil and Gas Supply,1.0,Industrial
2022,ind,5-15,SRSE,SERC Reliability Corporation / Southeastern,AEO2026 Low Oil and Gas Supply,1.0,Industrial
2022,ind,5-21,CANO,Western Electricity Coordinating Council / California North,AEO2026 Low Oil and Gas Supply,1.0,Industrial
2023,trans,5-19,SPPN,Southwest Power Pool / North,AEO2026 Low Oil and Gas Supply,1.0,Transportation
2023,trans,5-17,SPPS,Southwest Power Pool / South,AEO2026 Low Oil and Gas Supply,1.0,Transportation
2023,trans,5-1,TRE,Texas Reliability Entity,AEO2026 Low Oil and Gas Supply,1.0,Transportation
2023,trans,5-25,BASN,Western Electricity Coordinating Council / Basin,AEO2026 Low Oil and Gas Supply,1.0,Transportation
2023,trans,5-21,CANO,Western Electricity Coordinating Council / California North,AEO2026 Low Oil and Gas Supply,1.0,Transportation
2023,trans,5-22,CASO,Western Electricity Coordinating Council / California South,AEO2026 Low Oil and Gas Supply,1.0,Transportation
2023,trans,5-24,RMRG,Western Electricity Coordinating Council / Rockies,AEO2026 Low Oil and Gas Supply,1.0,Transportation
2023,trans,5-20,SRSG,Western Electricity Coordinating Council / Southwest,AEO2026 Low Oil and Gas Supply,1.0,Transportation
2023,trans,5-23,NWPP,Western Electricity Coordinating Council / Northwest Power Pool Area,AEO2026 Low Oil and Gas Supply,1.0,Transportation
2023,trans,5-18,SPPC,Southwest Power Pool / Central,AEO2026 Low Oil and Gas Supply,1.0,Transportation
2023,trans,5-15,SRSE,SERC Reliability Corporation / Southeastern,AEO2026 Low Oil and Gas Supply,1.0,Transportation
2023,trans,5-16,SRCE,SERC Reliability Corporation / Central,AEO2026 Low Oil and Gas Supply,1.0,Transportation
2023,com,5-2,FRCC,Florida Reliability Coordinating Council,AEO2026 Low Oil and Gas Supply,1.0,Commercial
2023,com,5-4,MISC,Midcontinent / Central,AEO2026 Low Oil and Gas Supply,1.0,Commercial
2023,com,5-5,MISE,Midcontinent / East,AEO2026 Low Oil and Gas Supply,1.0,Commercial
2023,com,5-3,MISW,Midcontinent / West,AEO2026 Low Oil and Gas Supply,1.0,Commercial
2023,com,5-8,NYCW,Northeast Power Coordinating Council / New York City and Long Island,AEO2026 Low Oil and Gas Supply,1.0,Commercial
2023,com,5-7,ISNE,Northeast Power Coordinating Council / New England,AEO2026 Low Oil and Gas Supply,1.0,Commercial
2023,com,5-9,NYUP,Northeast Power Coordinating Council / Upstate New York,AEO2026 Low Oil and Gas Supply,1.0,Commercial
2023,com,5-12,PJMC,PJM / Commonwealth Edison,AEO2026 Low Oil and Gas Supply,1.0,Commercial
2023,com,5-13,PJMD,PJM / Dominion,AEO2026 Low Oil and Gas Supply,1.0,Commercial
2023,com,5-10,PJME,PJM / East,AEO2026 Low Oil and Gas Supply,1.0,Commercial
2023,com,5-11,PJMW,PJM / West,AEO2026 Low Oil and Gas Supply,1.0,Commercial
2023,com,5-16,SRCE,SERC Reliability Corporation / Central,AEO2026 Low Oil and Gas Supply,1.0,Commercial
2023,com,5-14,SRCA,SERC Reliability Corporation / East,AEO2026 Low Oil and Gas Supply,1.0,Commercial
2023,com,5-15,SRSE,SERC Reliability Corporation / Southeastern,AEO2026 Low Oil and Gas Supply,1.0,Commercial
2023,com,5-18,SPPC,Southwest Power Pool / Central,AEO2026 Low Oil and Gas Supply,1.0,Commercial
2023,com,5-19,SPPN,Southwest Power Pool / North,AEO2026 Low Oil and Gas Supply,1.0,Commercial
2023,com,5-17,SPPS,Southwest Power Pool / South,AEO2026 Low Oil and Gas Supply,1.0,Commercial
2023,com,5-6,MISS,Midcontinent / South,AEO2026 Low Oil and Gas Supply,1.0,Commercial
2023,com,5-1,TRE,Texas Reliability Entity,AEO2026 Low Oil and Gas Supply,1.0,Commercial
2023,com,5-25,BASN,Western Electricity Coordinating Council / Basin,AEO2026 Low Oil and Gas Supply,1.0,Commercial
2023,com,5-21,CANO,Western Electricity Coordinating Council / California North,AEO2026 Low Oil and Gas Supply,1.0,Commercial
2023,com,5-22,CASO,Western Electricity Coordinating Council / California South,AEO2026 Low Oil and Gas Supply,1.0,Commercial
2023,res,5-9,NYUP,Northeast Power Coordinating Council / Upstate New York,AEO2026 Low Oil and Gas Supply,1.0,Residential
2023,res,5-12,PJMC,PJM / Commonwealth Edison,AEO2026 Low Oil and Gas Supply,1.0,Residential
2023,res,5-13,PJMD,PJM / Dominion,AEO2026 Low Oil and Gas Supply,1.0,Residential
2023,res,5-10,PJME,PJM / East,AEO2026 Low Oil and Gas Supply,1.0,Residential
2023,res,5-11,PJMW,PJM / West,AEO2026 Low Oil and Gas Supply,1.0,Residential
2023,res,5-16,SRCE,SERC Reliability Corporation / Central,AEO2026 Low Oil and Gas Supply,1.0,Residential
2023,res,5-14,SRCA,SERC Reliability Corporation / East,AEO2026 Low Oil and Gas Supply,1.0,Residential
2023,res,5-15,SRSE,SERC Reliability Corporation / Southeastern,AEO2026 Low Oil and Gas Supply,1.0,Residential
2023,res,5-18,SPPC,Southwest Power Pool / Central,AEO2026 Low Oil and Gas Supply,1.0,Residential
2023,res,5-19,SPPN,Southwest Power Pool / North,AEO2026 Low Oil and Gas Supply,1.0,Residential
2023,res,5-17,SPPS,Southwest Power Pool / South,AEO2026 Low Oil and Gas Supply,1.0,Residential
2023,res,5-1,TRE,Texas Reliability Entity,AEO2026 Low Oil and Gas Supply,1.0,Residential
2023,res,5-25,BASN,Western Electricity Coordinating Council / Basin,AEO2026 Low Oil and Gas Supply,1.0,Residential
2023,res,5-21,CANO,Western Electricity Coordinating Council / California North,AEO2026 Low Oil and Gas Supply,1.0,Residential
2023,res,5-7,ISNE,Northeast Power Coordinating Council / New England,AEO2026 Low Oil and Gas Supply,1.0,Residential
2023,res,5-22,CASO,Western Electricity Coordinating Council / California South,AEO2026 Low Oil and Gas Supply,1.0,Residential
2023,res,5-20,SRSG,Western Electricity Coordinating Council / Southwest,AEO2026 Low Oil and Gas Supply,1.0,Residential
2023,res,5-23,NWPP,Western Electricity Coordinating Council / Northwest Power Pool Area,AEO2026 Low Oil and Gas Supply,1.0,Residential
2023,trans,5-2,FRCC,Florida Reliability Coordinating Council,AEO2026 Low Oil and Gas Supply,1.0,Transportation
2023,trans,5-4,MISC,Midcontinent / Central,AEO2026 Low Oil and Gas Supply,1.0,Transportation
2023,trans,5-5,MISE,Midcontinent / East,AEO2026 Low Oil and Gas Supply,1.0,Transportation
2023,trans,5-6,MISS,Midcontinent / South,AEO2026 Low Oil and Gas Supply,1.0,Transportation
2023,trans,5-3,MISW,Midcontinent / West,AEO2026 Low Oil and Gas Supply,1.0,Transportation
2023,trans,5-8,NYCW,Northeast Power Coordinating Council / New York City and Long Island,AEO2026 Low Oil and Gas Supply,1.0,Transportation
2023,trans,5-7,ISNE,Northeast Power Coordinating Council / New England,AEO2026 Low Oil and Gas Supply,1.0,Transportation
2023,trans,5-9,NYUP,Northeast Power Coordinating Council / Upstate New York,AEO2026 Low Oil and Gas Supply,1.0,Transportation
2023,trans,5-12,PJMC,PJM / Commonwealth Edison,AEO2026 Low Oil and Gas Supply,1.0,Transportation
2023,trans,5-13,PJMD,PJM / Dominion,AEO2026 Low Oil and Gas Supply,1.0,Transportation
2023,trans,5-10,PJME,PJM / East,AEO2026 Low Oil and Gas Supply,1.0,Transportation
2023,trans,5-11,PJMW,PJM / West,AEO2026 Low Oil and Gas Supply,1.0,Transportation
2023,res,5-24,RMRG,Western Electricity Coordinating Council / Rockies,AEO2026 Low Oil and Gas Supply,1.0,Residential
2023,res,5-8,NYCW,Northeast Power Coordinating Council / New York City and Long Island,AEO2026 Low Oil and Gas Supply,1.0,Residential
2023,res,5-3,MISW,Midcontinent / West,AEO2026 Low Oil and Gas Supply,1.0,Residential
2023,res,5-6,MISS,Midcontinent / South,AEO2026 Low Oil and Gas Supply,1.0,Residential
2023,com,5-24,RMRG,Western Electricity Coordinating Council / Rockies,AEO2026 Low Oil and Gas Supply,1.0,Commercial
2023,com,5-20,SRSG,Western Electricity Coordinating Council / Southwest,AEO2026 Low Oil and Gas Supply,1.0,Commercial
2023,com,5-23,NWPP,Western Electricity Coordinating Council / Northwest Power Pool Area,AEO2026 Low Oil and Gas Supply,1.0,Commercial
2023,ind,5-2,FRCC,Florida Reliability Coordinating Council,AEO2026 Low Oil and Gas Supply,1.0,Industrial
2023,ind,5-4,MISC,Midcontinent / Central,AEO2026 Low Oil and Gas Supply,1.0,Industrial
2023,ind,5-5,MISE,Midcontinent / East,AEO2026 Low Oil and Gas Supply,1.0,Industrial
2023,ind,5-6,MISS,Midcontinent / South,AEO2026 Low Oil and Gas Supply,1.0,Industrial
2023,ind,5-3,MISW,Midcontinent / West,AEO2026 Low Oil and Gas Supply,1.0,Industrial
2023,ind,5-8,NYCW,Northeast Power Coordinating Council / New York City and Long Island,AEO2026 Low Oil and Gas Supply,1.0,Industrial
2023,ind,5-7,ISNE,Northeast Power Coordinating Council / New England,AEO2026 Low Oil and Gas Supply,1.0,Industrial
2023,ind,5-9,NYUP,Northeast Power Coordinating Council / Upstate New York,AEO2026 Low Oil and Gas Supply,1.0,Industrial
2023,ind,5-12,PJMC,PJM / Commonwealth Edison,AEO2026 Low Oil and Gas Supply,1.0,Industrial
2023,ind,5-13,PJMD,PJM / Dominion,AEO2026 Low Oil and Gas Supply,1.0,Industrial
2023,ind,5-10,PJME,PJM / East,AEO2026 Low Oil and Gas Supply,1.0,Industrial
2023,ind,5-11,PJMW,PJM / West,AEO2026 Low Oil and Gas Supply,1.0,Industrial
2023,ind,5-16,SRCE,SERC Reliability Corporation / Central,AEO2026 Low Oil and Gas Supply,1.0,Industrial
2023,ind,5-14,SRCA,SERC Reliability Corporation / East,AEO2026 Low Oil and Gas Supply,1.0,Industrial
2023,res,5-5,MISE,Midcontinent / East,AEO2026 Low Oil and Gas Supply,1.0,Residential
2023,res,5-4,MISC,Midcontinent / Central,AEO2026 Low Oil and Gas Supply,1.0,Residential
2023,res,5-2,FRCC,Florida Reliability Coordinating Council,AEO2026 Low Oil and Gas Supply,1.0,Residential
2023,ind,5-23,NWPP,Western Electricity Coordinating Council / Northwest Power Pool Area,AEO2026 Low Oil and Gas Supply,1.0,Industrial
2023,ind,5-20,SRSG,Western Electricity Coordinating Council / Southwest,AEO2026 Low Oil and Gas Supply,1.0,Industrial
2023,ind,5-24,RMRG,Western Electricity Coordinating Council / Rockies,AEO2026 Low Oil and Gas Supply,1.0,Industrial
2023,trans,5-14,SRCA,SERC Reliability Corporation / East,AEO2026 Low Oil and Gas Supply,1.0,Transportation
2023,ind,5-22,CASO,Western Electricity Coordinating Council / California South,AEO2026 Low Oil and Gas Supply,1.0,Industrial
2023,ind,5-25,BASN,Western Electricity Coordinating Council / Basin,AEO2026 Low Oil and Gas Supply,1.0,Industrial
2023,ind,5-1,TRE,Texas Reliability Entity,AEO2026 Low Oil and Gas Supply,1.0,Industrial
2023,ind,5-17,SPPS,Southwest Power Pool / South,AEO2026 Low Oil and Gas Supply,1.0,Industrial
2023,ind,5-19,SPPN,Southwest Power Pool / North,AEO2026 Low Oil and Gas Supply,1.0,Industrial
2023,ind,5-18,SPPC,Southwest Power Pool / Central,AEO2026 Low Oil and Gas Supply,1.0,Industrial
2023,ind,5-15,SRSE,SERC Reliability Corporation / Southeastern,AEO2026 Low Oil and Gas Supply,1.0,Industrial
2023,ind,5-21,CANO,Western Electricity Coordinating Council / California North,AEO2026 Low Oil and Gas Supply,1.0,Industrial
2024,trans,5-15,SRSE,SERC Reliability Corporation / Southeastern,AEO2026 Low Oil and Gas Supply,1.0,Transportation
2024,trans,5-18,SPPC,Southwest Power Pool / Central,AEO2026 Low Oil and Gas Supply,1.0,Transportation
2024,trans,5-19,SPPN,Southwest Power Pool / North,AEO2026 Low Oil and Gas Supply,1.0,Transportation
2024,trans,5-17,SPPS,Southwest Power Pool / South,AEO2026 Low Oil and Gas Supply,1.0,Transportation
2024,trans,5-1,TRE,Texas Reliability Entity,AEO2026 Low Oil and Gas Supply,1.0,Transportation
2024,trans,5-25,BASN,Western Electricity Coordinating Council / Basin,AEO2026 Low Oil and Gas Supply,1.0,Transportation
2024,trans,5-21,CANO,Western Electricity Coordinating Council / California North,AEO2026 Low Oil and Gas Supply,1.0,Transportation
2024,trans,5-22,CASO,Western Electricity Coordinating Council / California South,AEO2026 Low Oil and Gas Supply,1.0,Transportation
2024,trans,5-24,RMRG,Western Electricity Coordinating Council / Rockies,AEO2026 Low Oil and Gas Supply,1.0,Transportation
2024,trans,5-20,SRSG,Western Electricity Coordinating Council / Southwest,AEO2026 Low Oil and Gas Supply,1.0,Transportation
2024,trans,5-23,NWPP,Western Electricity Coordinating Council / Northwest Power Pool Area,AEO2026 Low Oil and Gas Supply,1.0,Transportation
2024,trans,5-14,SRCA,SERC Reliability Corporation / East,AEO2026 Low Oil and Gas Supply,1.0,Transportation
2024,trans,5-16,SRCE,SERC Reliability Corporation / Central,AEO2026 Low Oil and Gas Supply,1.0,Transportation
2024,trans,5-11,PJMW,PJM / West,AEO2026 Low Oil and Gas Supply,1.0,Transportation
2024,trans,5-10,PJME,PJM / East,AEO2026 Low Oil and Gas Supply,1.0,Transportation
2024,com,5-2,FRCC,Florida Reliability Coordinating Council,AEO2026 Low Oil and Gas Supply,1.0,Commercial
2024,com,5-5,MISE,Midcontinent / East,AEO2026 Low Oil and Gas Supply,1.0,Commercial
2024,com,5-6,MISS,Midcontinent / South,AEO2026 Low Oil and Gas Supply,1.0,Commercial
2024,com,5-3,MISW,Midcontinent / West,AEO2026 Low Oil and Gas Supply,1.0,Commercial
2024,com,5-8,NYCW,Northeast Power Coordinating Council / New York City and Long Island,AEO2026 Low Oil and Gas Supply,1.0,Commercial
2024,com,5-7,ISNE,Northeast Power Coordinating Council / New England,AEO2026 Low Oil and Gas Supply,1.0,Commercial
2024,com,5-9,NYUP,Northeast Power Coordinating Council / Upstate New York,AEO2026 Low Oil and Gas Supply,1.0,Commercial
2024,com,5-12,PJMC,PJM / Commonwealth Edison,AEO2026 Low Oil and Gas Supply,1.0,Commercial
2024,com,5-13,PJMD,PJM / Dominion,AEO2026 Low Oil and Gas Supply,1.0,Commercial
2024,com,5-10,PJME,PJM / East,AEO2026 Low Oil and Gas Supply,1.0,Commercial
2024,com,5-11,PJMW,PJM / West,AEO2026 Low Oil and Gas Supply,1.0,Commercial
2024,com,5-16,SRCE,SERC Reliability Corporation / Central,AEO2026 Low Oil and Gas Supply,1.0,Commercial
2024,com,5-14,SRCA,SERC Reliability Corporation / East,AEO2026 Low Oil and Gas Supply,1.0,Commercial
2024,com,5-15,SRSE,SERC Reliability Corporation / Southeastern,AEO2026 Low Oil and Gas Supply,1.0,Commercial
2024,com,5-18,SPPC,Southwest Power Pool / Central,AEO2026 Low Oil and Gas Supply,1.0,Commercial
2024,com,5-4,MISC,Midcontinent / Central,AEO2026 Low Oil and Gas Supply,1.0,Commercial
2024,com,5-19,SPPN,Southwest Power Pool / North,AEO2026 Low Oil and Gas Supply,1.0,Commercial
2024,com,5-17,SPPS,Southwest Power Pool / South,AEO2026 Low Oil and Gas Supply,1.0,Commercial
2024,com,5-25,BASN,Western Electricity Coordinating Council / Basin,AEO2026 Low Oil and Gas Supply,1.0,Commercial
2024,res,5-8,NYCW,Northeast Power Coordinating Council / New York City and Long Island,AEO2026 Low Oil and Gas Supply,1.0,Residential
2024,res,5-7,ISNE,Northeast Power Coordinating Council / New England,AEO2026 Low Oil and Gas Supply,1.0,Residential
2024,res,5-9,NYUP,Northeast Power Coordinating Council / Upstate New York,AEO2026 Low Oil and Gas Supply,1.0,Residential
2024,res,5-12,PJMC,PJM / Commonwealth Edison,AEO2026 Low Oil and Gas Supply,1.0,Residential
2024,res,5-13,PJMD,PJM / Dominion,AEO2026 Low Oil and Gas Supply,1.0,Residential
2024,res,5-10,PJME,PJM / East,AEO2026 Low Oil and Gas Supply,1.0,Residential
2024,res,5-11,PJMW,PJM / West,AEO2026 Low Oil and Gas Supply,1.0,Residential
2024,res,5-16,SRCE,SERC Reliability Corporation / Central,AEO2026 Low Oil and Gas Supply,1.0,Residential
2024,res,5-14,SRCA,SERC Reliability Corporation / East,AEO2026 Low Oil and Gas Supply,1.0,Residential
2024,res,5-15,SRSE,SERC Reliability Corporation / Southeastern,AEO2026 Low Oil and Gas Supply,1.0,Residential
2024,res,5-18,SPPC,Southwest Power Pool / Central,AEO2026 Low Oil and Gas Supply,1.0,Residential
2024,res,5-19,SPPN,Southwest Power Pool / North,AEO2026 Low Oil and Gas Supply,1.0,Residential
2024,res,5-17,SPPS,Southwest Power Pool / South,AEO2026 Low Oil and Gas Supply,1.0,Residential
2024,res,5-1,TRE,Texas Reliability Entity,AEO2026 Low Oil and Gas Supply,1.0,Residential
2024,res,5-3,MISW,Midcontinent / West,AEO2026 Low Oil and Gas Supply,1.0,Residential
2024,res,5-25,BASN,Western Electricity Coordinating Council / Basin,AEO2026 Low Oil and Gas Supply,1.0,Residential
2024,res,5-22,CASO,Western Electricity Coordinating Council / California South,AEO2026 Low Oil and Gas Supply,1.0,Residential
2024,res,5-24,RMRG,Western Electricity Coordinating Council / Rockies,AEO2026 Low Oil and Gas Supply,1.0,Residential
2024,res,5-20,SRSG,Western Electricity Coordinating Council / Southwest,AEO2026 Low Oil and Gas Supply,1.0,Residential
2024,res,5-23,NWPP,Western Electricity Coordinating Council / Northwest Power Pool Area,AEO2026 Low Oil and Gas Supply,1.0,Residential
2024,trans,5-2,FRCC,Florida Reliability Coordinating Council,AEO2026 Low Oil and Gas Supply,1.0,Transportation
2024,trans,5-4,MISC,Midcontinent / Central,AEO2026 Low Oil and Gas Supply,1.0,Transportation
2024,trans,5-5,MISE,Midcontinent / East,AEO2026 Low Oil and Gas Supply,1.0,Transportation
2024,trans,5-6,MISS,Midcontinent / South,AEO2026 Low Oil and Gas Supply,1.0,Transportation
2024,trans,5-3,MISW,Midcontinent / West,AEO2026 Low Oil and Gas Supply,1.0,Transportation
2024,trans,5-8,NYCW,Northeast Power Coordinating Council / New York City and Long Island,AEO2026 Low Oil and Gas Supply,1.0,Transportation
2024,trans,5-7,ISNE,Northeast Power Coordinating Council / New England,AEO2026 Low Oil and Gas Supply,1.0,Transportation
2024,trans,5-9,NYUP,Northeast Power Coordinating Council / Upstate New York,AEO2026 Low Oil and Gas Supply,1.0,Transportation
2024,trans,5-12,PJMC,PJM / Commonwealth Edison,AEO2026 Low Oil and Gas Supply,1.0,Transportation
2024,trans,5-13,PJMD,PJM / Dominion,AEO2026 Low Oil and Gas Supply,1.0,Transportation
2024,res,5-21,CANO,Western Electricity Coordinating Council / California North,AEO2026 Low Oil and Gas Supply,1.0,Residential
2024,res,5-6,MISS,Midcontinent / South,AEO2026 Low Oil and Gas Supply,1.0,Residential
2024,res,5-5,MISE,Midcontinent / East,AEO2026 Low Oil and Gas Supply,1.0,Residential
2024,res,5-4,MISC,Midcontinent / Central,AEO2026 Low Oil and Gas Supply,1.0,Residential
2024,com,5-21,CANO,Western Electricity Coordinating Council / California North,AEO2026 Low Oil and Gas Supply,1.0,Commercial
2024,com,5-22,CASO,Western Electricity Coordinating Council / California South,AEO2026 Low Oil and Gas Supply,1.0,Commercial
2024,com,5-24,RMRG,Western Electricity Coordinating Council / Rockies,AEO2026 Low Oil and Gas Supply,1.0,Commercial
2024,com,5-20,SRSG,Western Electricity Coordinating Council / Southwest,AEO2026 Low Oil and Gas Supply,1.0,Commercial
2024,com,5-23,NWPP,Western Electricity Coordinating Council / Northwest Power Pool Area,AEO2026 Low Oil and Gas Supply,1.0,Commercial
2024,ind,5-2,FRCC,Florida Reliability Coordinating Council,AEO2026 Low Oil and Gas Supply,1.0,Industrial
2024,ind,5-4,MISC,Midcontinent / Central,AEO2026 Low Oil and Gas Supply,1.0,Industrial
2024,ind,5-5,MISE,Midcontinent / East,AEO2026 Low Oil and Gas Supply,1.0,Industrial
2024,ind,5-6,MISS,Midcontinent / South,AEO2026 Low Oil and Gas Supply,1.0,Industrial
2024,ind,5-3,MISW,Midcontinent / West,AEO2026 Low Oil and Gas Supply,1.0,Industrial
2024,ind,5-8,NYCW,Northeast Power Coordinating Council / New York City and Long Island,AEO2026 Low Oil and Gas Supply,1.0,Industrial
2024,ind,5-7,ISNE,Northeast Power Coordinating Council / New England,AEO2026 Low Oil and Gas Supply,1.0,Industrial
2024,ind,5-9,NYUP,Northeast Power Coordinating Council / Upstate New York,AEO2026 Low Oil and Gas Supply,1.0,Industrial
2024,ind,5-12,PJMC,PJM / Commonwealth Edison,AEO2026 Low Oil and Gas Supply,1.0,Industrial
2024,ind,5-13,PJMD,PJM / Dominion,AEO2026 Low Oil and Gas Supply,1.0,Industrial
2024,ind,5-10,PJME,PJM / East,AEO2026 Low Oil and Gas Supply,1.0,Industrial
2024,ind,5-11,PJMW,PJM / West,AEO2026 Low Oil and Gas Supply,1.0,Industrial
2024,res,5-2,FRCC,Florida Reliability Coordinating Council,AEO2026 Low Oil and Gas Supply,1.0,Residential
2024,ind,5-23,NWPP,Western Electricity Coordinating Council / Northwest Power Pool Area,AEO2026 Low Oil and Gas Supply,1.0,Industrial
2024,ind,5-20,SRSG,Western Electricity Coordinating Council / Southwest,AEO2026 Low Oil and Gas Supply,1.0,Industrial
2024,ind,5-24,RMRG,Western Electricity Coordinating Council / Rockies,AEO2026 Low Oil and Gas Supply,1.0,Industrial
2024,ind,5-22,CASO,Western Electricity Coordinating Council / California South,AEO2026 Low Oil and Gas Supply,1.0,Industrial
2024,ind,5-21,CANO,Western Electricity Coordinating Council / California North,AEO2026 Low Oil and Gas Supply,1.0,Industrial
2024,com,5-1,TRE,Texas Reliability Entity,AEO2026 Low Oil and Gas Supply,1.0,Commercial
2024,ind,5-25,BASN,Western Electricity Coordinating Council / Basin,AEO2026 Low Oil and Gas Supply,1.0,Industrial
2024,ind,5-17,SPPS,Southwest Power Pool / South,AEO2026 Low Oil and Gas Supply,1.0,Industrial
2024,ind,5-19,SPPN,Southwest Power Pool / North,AEO2026 Low Oil and Gas Supply,1.0,Industrial
2024,ind,5-18,SPPC,Southwest Power Pool / Central,AEO2026 Low Oil and Gas Supply,1.0,Industrial
2024,ind,5-15,SRSE,SERC Reliability Corporation / Southeastern,AEO2026 Low Oil and Gas Supply,1.0,Industrial
2024,ind,5-14,SRCA,SERC Reliability Corporation / East,AEO2026 Low Oil and Gas Supply,1.0,Industrial
2024,ind,5-16,SRCE,SERC Reliability Corporation / Central,AEO2026 Low Oil and Gas Supply,1.0,Industrial
2024,ind,5-1,TRE,Texas Reliability Entity,AEO2026 Low Oil and Gas Supply,1.0,Industrial
2025,trans,5-20,SRSG,Western Electricity Coordinating Council / Southwest,AEO2026 Low Oil and Gas Supply,1.0,Transportation
2025,trans,5-23,NWPP,Western Electricity Coordinating Council / Northwest Power Pool Area,AEO2026 Low Oil and Gas Supply,1.0,Transportation
2025,trans,5-22,CASO,Western Electricity Coordinating Council / California South,AEO2026 Low Oil and Gas Supply,1.0,Transportation
2025,trans,5-21,CANO,Western Electricity Coordinating Council / California North,AEO2026 Low Oil and Gas Supply,1.0,Transportation
2025,trans,5-25,BASN,Western Electricity Coordinating Council / Basin,AEO2026 Low Oil and Gas Supply,1.0,Transportation
2025,trans,5-1,TRE,Texas Reliability Entity,AEO2026 Low Oil and Gas Supply,1.0,Transportation
2025,trans,5-17,SPPS,Southwest Power Pool / South,AEO2026 Low Oil and Gas Supply,1.0,Transportation
2025,trans,5-19,SPPN,Southwest Power Pool / North,AEO2026 Low Oil and Gas Supply,1.0,Transportation
2025,trans,5-24,RMRG,Western Electricity Coordinating Council / Rockies,AEO2026 Low Oil and Gas Supply,1.0,Transportation
2025,trans,5-18,SPPC,Southwest Power Pool / Central,AEO2026 Low Oil and Gas Supply,1.0,Transportation
2025,trans,5-15,SRSE,SERC Reliability Corporation / Southeastern,AEO2026 Low Oil and Gas Supply,1.0,Transportation
2025,res,5-12,PJMC,PJM / Commonwealth Edison,AEO2026 Low Oil and Gas Supply,1.0,Residential
2025,trans,5-16,SRCE,SERC Reliability Corporation / Central,AEO2026 Low Oil and Gas Supply,1.0,Transportation
2025,res,5-17,SPPS,Southwest Power Pool / South,AEO2026 Low Oil and Gas Supply,1.0,Residential
2025,res,5-19,SPPN,Southwest Power Pool / North,AEO2026 Low Oil and Gas Supply,1.0,Residential
2025,res,5-18,SPPC,Southwest Power Pool / Central,AEO2026 Low Oil and Gas Supply,1.0,Residential
2025,res,5-15,SRSE,SERC Reliability Corporation / Southeastern,AEO2026 Low Oil and Gas Supply,1.0,Residential
2025,res,5-14,SRCA,SERC Reliability Corporation / East,AEO2026 Low Oil and Gas Supply,1.0,Residential
2025,res,5-16,SRCE,SERC Reliability Corporation / Central,AEO2026 Low Oil and Gas Supply,1.0,Residential
2025,res,5-11,PJMW,PJM / West,AEO2026 Low Oil and Gas Supply,1.0,Residential
2025,res,5-10,PJME,PJM / East,AEO2026 Low Oil and Gas Supply,1.0,Residential
2025,res,5-13,PJMD,PJM / Dominion,AEO2026 Low Oil and Gas Supply,1.0,Residential
2025,res,5-9,NYUP,Northeast Power Coordinating Council / Upstate New York,AEO2026 Low Oil and Gas Supply,1.0,Residential
2025,res,5-7,ISNE,Northeast Power Coordinating Council / New England,AEO2026 Low Oil and Gas Supply,1.0,Residential
2025,res,5-8,NYCW,Northeast Power Coordinating Council / New York City and Long Island,AEO2026 Low Oil and Gas Supply,1.0,Residential
2025,res,5-6,MISS,Midcontinent / South,AEO2026 Low Oil and Gas Supply,1.0,Residential
2025,res,5-3,MISW,Midcontinent / West,AEO2026 Low Oil and Gas Supply,1.0,Residential
2025,res,5-1,TRE,Texas Reliability Entity,AEO2026 Low Oil and Gas Supply,1.0,Residential
2025,trans,5-14,SRCA,SERC Reliability Corporation / East,AEO2026 Low Oil and Gas Supply,1.0,Transportation
2025,res,5-25,BASN,Western Electricity Coordinating Council / Basin,AEO2026 Low Oil and Gas Supply,1.0,Residential
2025,res,5-22,CASO,Western Electricity Coordinating Council / California South,AEO2026 Low Oil and Gas Supply,1.0,Residential
2025,trans,5-11,PJMW,PJM / West,AEO2026 Low Oil and Gas Supply,1.0,Transportation
2025,trans,5-10,PJME,PJM / East,AEO2026 Low Oil and Gas Supply,1.0,Transportation
2025,trans,5-13,PJMD,PJM / Dominion,AEO2026 Low Oil and Gas Supply,1.0,Transportation
2025,trans,5-12,PJMC,PJM / Commonwealth Edison,AEO2026 Low Oil and Gas Supply,1.0,Transportation
2025,trans,5-9,NYUP,Northeast Power Coordinating Council / Upstate New York,AEO2026 Low Oil and Gas Supply,1.0,Transportation
2025,trans,5-7,ISNE,Northeast Power Coordinating Council / New England,AEO2026 Low Oil and Gas Supply,1.0,Transportation
2025,trans,5-8,NYCW,Northeast Power Coordinating Council / New York City and Long Island,AEO2026 Low Oil and Gas Supply,1.0,Transportation
2025,trans,5-3,MISW,Midcontinent / West,AEO2026 Low Oil and Gas Supply,1.0,Transportation
2025,trans,5-6,MISS,Midcontinent / South,AEO2026 Low Oil and Gas Supply,1.0,Transportation
2025,trans,5-5,MISE,Midcontinent / East,AEO2026 Low Oil and Gas Supply,1.0,Transportation
2025,trans,5-4,MISC,Midcontinent / Central,AEO2026 Low Oil and Gas Supply,1.0,Transportation
2025,trans,5-2,FRCC,Florida Reliability Coordinating Council,AEO2026 Low Oil and Gas Supply,1.0,Transportation
2025,res,5-23,NWPP,Western Electricity Coordinating Council / Northwest Power Pool Area,AEO2026 Low Oil and Gas Supply,1.0,Residential
2025,res,5-20,SRSG,Western Electricity Coordinating Council / Southwest,AEO2026 Low Oil and Gas Supply,1.0,Residential
2025,res,5-24,RMRG,Western Electricity Coordinating Council / Rockies,AEO2026 Low Oil and Gas Supply,1.0,Residential
2025,res,5-21,CANO,Western Electricity Coordinating Council / California North,AEO2026 Low Oil and Gas Supply,1.0,Residential
2025,res,5-5,MISE,Midcontinent / East,AEO2026 Low Oil and Gas Supply,1.0,Residential
2025,res,5-4,MISC,Midcontinent / Central,AEO2026 Low Oil and Gas Supply,1.0,Residential
2025,ind,5-23,NWPP,Western Electricity Coordinating Council / Northwest Power Pool Area,AEO2026 Low Oil and Gas Supply,1.0,Industrial
2025,res,5-2,FRCC,Florida Reliability Coordinating Council,AEO2026 Low Oil and Gas Supply,1.0,Residential
2025,ind,5-3,MISW,Midcontinent / West,AEO2026 Low Oil and Gas Supply,1.0,Industrial
2025,ind,5-6,MISS,Midcontinent / South,AEO2026 Low Oil and Gas Supply,1.0,Industrial
2025,ind,5-5,MISE,Midcontinent / East,AEO2026 Low Oil and Gas Supply,1.0,Industrial
2025,ind,5-4,MISC,Midcontinent / Central,AEO2026 Low Oil and Gas Supply,1.0,Industrial
2025,ind,5-2,FRCC,Florida Reliability Coordinating Council,AEO2026 Low Oil and Gas Supply,1.0,Industrial
2025,com,5-23,NWPP,Western Electricity Coordinating Council / Northwest Power Pool Area,AEO2026 Low Oil and Gas Supply,1.0,Commercial
2025,ind,5-8,NYCW,Northeast Power Coordinating Council / New York City and Long Island,AEO2026 Low Oil and Gas Supply,1.0,Industrial
2025,com,5-20,SRSG,Western Electricity Coordinating Council / Southwest,AEO2026 Low Oil and Gas Supply,1.0,Commercial
2025,com,5-22,CASO,Western Electricity Coordinating Council / California South,AEO2026 Low Oil and Gas Supply,1.0,Commercial
2025,com,5-21,CANO,Western Electricity Coordinating Council / California North,AEO2026 Low Oil and Gas Supply,1.0,Commercial
2025,com,5-25,BASN,Western Electricity Coordinating Council / Basin,AEO2026 Low Oil and Gas Supply,1.0,Commercial
2025,com,5-1,TRE,Texas Reliability Entity,AEO2026 Low Oil and Gas Supply,1.0,Commercial
2025,com,5-17,SPPS,Southwest Power Pool / South,AEO2026 Low Oil and Gas Supply,1.0,Commercial
2025,com,5-19,SPPN,Southwest Power Pool / North,AEO2026 Low Oil and Gas Supply,1.0,Commercial
2025,com,5-24,RMRG,Western Electricity Coordinating Council / Rockies,AEO2026 Low Oil and Gas Supply,1.0,Commercial
2025,ind,5-7,ISNE,Northeast Power Coordinating Council / New England,AEO2026 Low Oil and Gas Supply,1.0,Industrial
2025,ind,5-9,NYUP,Northeast Power Coordinating Council / Upstate New York,AEO2026 Low Oil and Gas Supply,1.0,Industrial
2025,ind,5-12,PJMC,PJM / Commonwealth Edison,AEO2026 Low Oil and Gas Supply,1.0,Industrial
2025,ind,5-20,SRSG,Western Electricity Coordinating Council / Southwest,AEO2026 Low Oil and Gas Supply,1.0,Industrial
2025,ind,5-24,RMRG,Western Electricity Coordinating Council / Rockies,AEO2026 Low Oil and Gas Supply,1.0,Industrial
2025,ind,5-22,CASO,Western Electricity Coordinating Council / California South,AEO2026 Low Oil and Gas Supply,1.0,Industrial
2025,ind,5-21,CANO,Western Electricity Coordinating Council / California North,AEO2026 Low Oil and Gas Supply,1.0,Industrial
2025,ind,5-25,BASN,Western Electricity Coordinating Council / Basin,AEO2026 Low Oil and Gas Supply,1.0,Industrial
2025,ind,5-1,TRE,Texas Reliability Entity,AEO2026 Low Oil and Gas Supply,1.0,Industrial
2025,ind,5-17,SPPS,Southwest Power Pool / South,AEO2026 Low Oil and Gas Supply,1.0,Industrial
2025,ind,5-19,SPPN,Southwest Power Pool / North,AEO2026 Low Oil and Gas Supply,1.0,Industrial
2025,ind,5-18,SPPC,Southwest Power Pool / Central,AEO2026 Low Oil and Gas Supply,1.0,Industrial
2025,ind,5-15,SRSE,SERC Reliability Corporation / Southeastern,AEO2026 Low Oil and Gas Supply,1.0,Industrial
2025,ind,5-14,SRCA,SERC Reliability Corporation / East,AEO2026 Low Oil and Gas Supply,1.0,Industrial
2025,ind,5-16,SRCE,SERC Reliability Corporation / Central,AEO2026 Low Oil and Gas Supply,1.0,Industrial
2025,ind,5-11,PJMW,PJM / West,AEO2026 Low Oil and Gas Supply,1.0,Industrial
2025,ind,5-10,PJME,PJM / East,AEO2026 Low Oil and Gas Supply,1.0,Industrial
2025,ind,5-13,PJMD,PJM / Dominion,AEO2026 Low Oil and Gas Supply,1.0,Industrial
2025,com,5-18,SPPC,Southwest Power Pool / Central,AEO2026 Low Oil and Gas Supply,1.0,Commercial
2025,com,5-15,SRSE,SERC Reliability Corporation / Southeastern,AEO2026 Low Oil and Gas Supply,1.0,Commercial
2025,com,5-14,SRCA,SERC Reliability Corporation / East,AEO2026 Low Oil and Gas Supply,1.0,Commercial
2025,com,5-16,SRCE,SERC Reliability Corporation / Central,AEO2026 Low Oil and Gas Supply,1.0,Commercial
2025,com,5-11,PJMW,PJM / West,AEO2026 Low Oil and Gas Supply,1.0,Commercial
2025,com,5-10,PJME,PJM / East,AEO2026 Low Oil and Gas Supply,1.0,Commercial
2025,com,5-13,PJMD,PJM / Dominion,AEO2026 Low Oil and Gas Supply,1.0,Commercial
2025,com,5-12,PJMC,PJM / Commonwealth Edison,AEO2026 Low Oil and Gas Supply,1.0,Commercial
2025,com,5-9,NYUP,Northeast Power Coordinating Council / Upstate New York,AEO2026 Low Oil and Gas Supply,1.0,Commercial
2025,com,5-7,ISNE,Northeast Power Coordinating Council / New England,AEO2026 Low Oil and Gas Supply,1.0,Commercial
2025,com,5-8,NYCW,Northeast Power Coordinating Council / New York City and Long Island,AEO2026 Low Oil and Gas Supply,1.0,Commercial
2025,com,5-3,MISW,Midcontinent / West,AEO2026 Low Oil and Gas Supply,1.0,Commercial
2025,com,5-6,MISS,Midcontinent / South,AEO2026 Low Oil and Gas Supply,1.0,Commercial
2025,com,5-5,MISE,Midcontinent / East,AEO2026 Low Oil and Gas Supply,1.0,Commercial
2025,com,5-4,MISC,Midcontinent / Central,AEO2026 Low Oil and Gas Supply,1.0,Commercial
2025,com,5-2,FRCC,Florida Reliability Coordinating Council,AEO2026 Low Oil and Gas Supply,1.0,Commercial
2026,ind,5-13,PJMD,PJM / Dominion,AEO2026 Low Oil and Gas Supply,0.9796081491490066,Industrial
2026,ind,5-12,PJMC,PJM / Commonwealth Edison,AEO2026 Low Oil and Gas Supply,0.9814879611718788,Industrial
2026,ind,5-9,NYUP,Northeast Power Coordinating Council / Upstate New York,AEO2026 Low Oil and Gas Supply,0.9649645309859067,Industrial
2026,ind,5-7,ISNE,Northeast Power Coordinating Council / New England,AEO2026 Low Oil and Gas Supply,0.962740367049226,Industrial
2026,ind,5-8,NYCW,Northeast Power Coordinating Council / New York City and Long Island,AEO2026 Low Oil and Gas Supply,0.9649655696115147,Industrial
2026,ind,5-3,MISW,Midcontinent / West,AEO2026 Low Oil and Gas Supply,0.9524653014726756,Industrial
2026,ind,5-6,MISS,Midcontinent / South,AEO2026 Low Oil and Gas Supply,0.996858909009421,Industrial
2026,ind,5-5,MISE,Midcontinent / East,AEO2026 Low Oil and Gas Supply,0.9814879650132756,Industrial
2026,ind,5-4,MISC,Midcontinent / Central,AEO2026 Low Oil and Gas Supply,0.9775216059569416,Industrial
2026,ind,5-2,FRCC,Florida Reliability Coordinating Council,AEO2026 Low Oil and Gas Supply,0.9796080725151445,Industrial
2026,com,5-23,NWPP,Western Electricity Coordinating Council / Northwest Power Pool Area,AEO2026 Low Oil and Gas Supply,1.0118923663418478,Commercial
2026,ind,5-10,PJME,PJM / East,AEO2026 Low Oil and Gas Supply,0.9663269602651525,Industrial
2026,com,5-20,SRSG,Western Electricity Coordinating Council / Southwest,AEO2026 Low Oil and Gas Supply,1.0329820984342433,Commercial
2026,com,5-22,CASO,Western Electricity Coordinating Council / California South,AEO2026 Low Oil and Gas Supply,1.0102111715818813,Commercial
2026,com,5-21,CANO,Western Electricity Coordinating Council / California North,AEO2026 Low Oil and Gas Supply,1.0102110761207672,Commercial
2026,com,5-25,BASN,Western Electricity Coordinating Council / Basin,AEO2026 Low Oil and Gas Supply,1.0233399945305672,Commercial
2026,com,5-1,TRE,Texas Reliability Entity,AEO2026 Low Oil and Gas Supply,1.1666236400629493,Commercial
2026,com,5-17,SPPS,Southwest Power Pool / South,AEO2026 Low Oil and Gas Supply,1.156218950084192,Commercial
2026,com,5-19,SPPN,Southwest Power Pool / North,AEO2026 Low Oil and Gas Supply,1.0193919167576015,Commercial
2026,com,5-18,SPPC,Southwest Power Pool / Central,AEO2026 Low Oil and Gas Supply,1.0194656639780943,Commercial
2026,com,5-15,SRSE,SERC Reliability Corporation / Southeastern,AEO2026 Low Oil and Gas Supply,1.0125939268315545,Commercial
2026,com,5-14,SRCA,SERC Reliability Corporation / East,AEO2026 Low Oil and Gas Supply,1.0176540896705755,Commercial
2026,com,5-16,SRCE,SERC Reliability Corporation / Central,AEO2026 Low Oil and Gas Supply,0.9985786253225835,Commercial
2026,com,5-11,PJMW,PJM / West,AEO2026 Low Oil and Gas Supply,1.0450521253224145,Commercial
2026,com,5-24,RMRG,Western Electricity Coordinating Council / Rockies,AEO2026 Low Oil and Gas Supply,1.0231568857167195,Commercial
2026,com,5-10,PJME,PJM / East,AEO2026 Low Oil and Gas Supply,1.0211433145135793,Commercial
2026,ind,5-11,PJMW,PJM / West,AEO2026 Low Oil and Gas Supply,0.980326081684344,Industrial
2026,ind,5-14,SRCA,SERC Reliability Corporation / East,AEO2026 Low Oil and Gas Supply,0.9796081060665651,Industrial
2026,res,5-16,SRCE,SERC Reliability Corporation / Central,AEO2026 Low Oil and Gas Supply,0.9912309528509232,Residential
2026,res,5-11,PJMW,PJM / West,AEO2026 Low Oil and Gas Supply,0.994615996644637,Residential
2026,res,5-10,PJME,PJM / East,AEO2026 Low Oil and Gas Supply,1.0086767757392625,Residential
2026,res,5-13,PJMD,PJM / Dominion,AEO2026 Low Oil and Gas Supply,0.9970026623598494,Residential
2026,res,5-12,PJMC,PJM / Commonwealth Edison,AEO2026 Low Oil and Gas Supply,0.9898633296254539,Residential
2026,res,5-9,NYUP,Northeast Power Coordinating Council / Upstate New York,AEO2026 Low Oil and Gas Supply,1.0140935669467748,Residential
2026,res,5-7,ISNE,Northeast Power Coordinating Council / New England,AEO2026 Low Oil and Gas Supply,1.0208153734638652,Residential
2026,res,5-8,NYCW,Northeast Power Coordinating Council / New York City and Long Island,AEO2026 Low Oil and Gas Supply,1.0140936626447419,Residential
2026,res,5-3,MISW,Midcontinent / West,AEO2026 Low Oil and Gas Supply,1.0043900394239458,Residential
2026,res,5-6,MISS,Midcontinent / South,AEO2026 Low Oil and Gas Supply,1.0050132910187008,Residential
2026,res,5-5,MISE,Midcontinent / East,AEO2026 Low Oil and Gas Supply,0.9898636119785156,Residential
2026,ind,5-16,SRCE,SERC Reliability Corporation / Central,AEO2026 Low Oil and Gas Supply,1.0029048864339658,Industrial
2026,res,5-4,MISC,Midcontinent / Central,AEO2026 Low Oil and Gas Supply,0.998066909264874,Residential
2026,ind,5-23,NWPP,Western Electricity Coordinating Council / Northwest Power Pool Area,AEO2026 Low Oil and Gas Supply,0.9851402719388511,Industrial
2026,ind,5-20,SRSG,Western Electricity Coordinating Council / Southwest,AEO2026 Low Oil and Gas Supply,0.9839735021018083,Industrial
2026,ind,5-24,RMRG,Western Electricity Coordinating Council / Rockies,AEO2026 Low Oil and Gas Supply,0.9799080625638766,Industrial
2026,ind,5-22,CASO,Western Electricity Coordinating Council / California South,AEO2026 Low Oil and Gas Supply,0.9833302265370463,Industrial
2026,ind,5-21,CANO,Western Electricity Coordinating Council / California North,AEO2026 Low Oil and Gas Supply,0.9830119342139298,Industrial
2026,ind,5-25,BASN,Western Electricity Coordinating Council / Basin,AEO2026 Low Oil and Gas Supply,1.0074090473978934,Industrial
2026,ind,5-1,TRE,Texas Reliability Entity,AEO2026 Low Oil and Gas Supply,0.9941953907649348,Industrial
2026,ind,5-17,SPPS,Southwest Power Pool / South,AEO2026 Low Oil and Gas Supply,0.9927790726245613,Industrial
2026,ind,5-19,SPPN,Southwest Power Pool / North,AEO2026 Low Oil and Gas Supply,0.9385103582768574,Industrial
2026,ind,5-18,SPPC,Southwest Power Pool / Central,AEO2026 Low Oil and Gas Supply,0.9378941069881257,Industrial
2026,ind,5-15,SRSE,SERC Reliability Corporation / Southeastern,AEO2026 Low Oil and Gas Supply,0.9904123741048706,Industrial
2026,res,5-2,FRCC,Florida Reliability Coordinating Council,AEO2026 Low Oil and Gas Supply,0.99700277070615,Residential
2026,com,5-13,PJMD,PJM / Dominion,AEO2026 Low Oil and Gas Supply,1.0176541946051691,Commercial
2026,com,5-12,PJMC,PJM / Commonwealth Edison,AEO2026 Low Oil and Gas Supply,1.0610533890653606,Commercial
2026,com,5-9,NYUP,Northeast Power Coordinating Council / Upstate New York,AEO2026 Low Oil and Gas Supply,1.023243324323888,Commercial
2026,com,5-7,ISNE,Northeast Power Coordinating Council / New England,AEO2026 Low Oil and Gas Supply,1.0038214087068105,Commercial
2026,com,5-8,NYCW,Northeast Power Coordinating Council / New York City and Long Island,AEO2026 Low Oil and Gas Supply,1.0232432858966738,Commercial
2026,com,5-3,MISW,Midcontinent / West,AEO2026 Low Oil and Gas Supply,1.0346945819190037,Commercial
2026,com,5-6,MISS,Midcontinent / South,AEO2026 Low Oil and Gas Supply,1.1408992899225667,Commercial
2026,com,5-5,MISE,Midcontinent / East,AEO2026 Low Oil and Gas Supply,1.0610532838745164,Commercial
2026,com,5-4,MISC,Midcontinent / Central,AEO2026 Low Oil and Gas Supply,1.0458499831504577,Commercial
2026,com,5-2,FRCC,Florida Reliability Coordinating Council,AEO2026 Low Oil and Gas Supply,1.0176540838533505,Commercial
2026,res,5-14,SRCA,SERC Reliability Corporation / East,AEO2026 Low Oil and Gas Supply,0.9970027143518957,Residential
2026,res,5-15,SRSE,SERC Reliability Corporation / Southeastern,AEO2026 Low Oil and Gas Supply,0.9952173745035643,Residential
2026,res,5-19,SPPN,Southwest Power Pool / North,AEO2026 Low Oil and Gas Supply,1.0130008760428817,Residential
2026,trans,5-18,SPPC,Southwest Power Pool / Central,AEO2026 Low Oil and Gas Supply,1.0347516150590332,Transportation
2026,trans,5-15,SRSE,SERC Reliability Corporation / Southeastern,AEO2026 Low Oil and Gas Supply,1.0498683695002167,Transportation
2026,trans,5-14,SRCA,SERC Reliability Corporation / East,AEO2026 Low Oil and Gas Supply,1.0501433288054645,Transportation
2026,trans,5-16,SRCE,SERC Reliability Corporation / Central,AEO2026 Low Oil and Gas Supply,1.0284002662524963,Transportation
2026,trans,5-11,PJMW,PJM / West,AEO2026 Low Oil and Gas Supply,1.0254309648535758,Transportation
2026,trans,5-10,PJME,PJM / East,AEO2026 Low Oil and Gas Supply,1.0319782529046908,Transportation
2026,trans,5-13,PJMD,PJM / Dominion,AEO2026 Low Oil and Gas Supply,1.050141122709556,Transportation
2026,trans,5-12,PJMC,PJM / Commonwealth Edison,AEO2026 Low Oil and Gas Supply,1.0156549337314493,Transportation
2026,trans,5-9,NYUP,Northeast Power Coordinating Council / Upstate New York,AEO2026 Low Oil and Gas Supply,1.0312389034061422,Transportation
2026,trans,5-7,ISNE,Northeast Power Coordinating Council / New England,AEO2026 Low Oil and Gas Supply,1.033882435899947,Transportation
2026,trans,5-8,NYCW,Northeast Power Coordinating Council / New York City and Long Island,AEO2026 Low Oil and Gas Supply,1.0312391150895297,Transportation
2026,trans,5-19,SPPN,Southwest Power Pool / North,AEO2026 Low Oil and Gas Supply,1.0354040536983418,Transportation
2026,trans,5-3,MISW,Midcontinent / West,AEO2026 Low Oil and Gas Supply,1.019004590157178,Transportation
2026,trans,5-5,MISE,Midcontinent / East,AEO2026 Low Oil and Gas Supply,1.015659966532933,Transportation
2026,trans,5-4,MISC,Midcontinent / Central,AEO2026 Low Oil and Gas Supply,1.0165484382145553,Transportation
2026,trans,5-2,FRCC,Florida Reliability Coordinating Council,AEO2026 Low Oil and Gas Supply,1.0501442529051226,Transportation
2026,res,5-23,NWPP,Western Electricity Coordinating Council / Northwest Power Pool Area,AEO2026 Low Oil and Gas Supply,1.0394459494765909,Residential
2026,res,5-20,SRSG,Western Electricity Coordinating Council / Southwest,AEO2026 Low Oil and Gas Supply,1.0328006650432122,Residential
2026,res,5-24,RMRG,Western Electricity Coordinating Council / Rockies,AEO2026 Low Oil and Gas Supply,1.032651300514476,Residential
2026,res,5-22,CASO,Western Electricity Coordinating Council / California South,AEO2026 Low Oil and Gas Supply,1.0402831394039362,Residential
2026,res,5-21,CANO,Western Electricity Coordinating Council / California North,AEO2026 Low Oil and Gas Supply,1.0402832224766227,Residential
2026,res,5-25,BASN,Western Electricity Coordinating Council / Basin,AEO2026 Low Oil and Gas Supply,1.0339849528385339,Residential
2026,res,5-1,TRE,Texas Reliability Entity,AEO2026 Low Oil and Gas Supply,1.007916163978391,Residential
2026,res,5-17,SPPS,Southwest Power Pool / South,AEO2026 Low Oil and Gas Supply,1.0088390766271227,Residential
2026,trans,5-6,MISS,Midcontinent / South,AEO2026 Low Oil and Gas Supply,1.0754276373401834,Transportation
2026,trans,5-17,SPPS,Southwest Power Pool / South,AEO2026 Low Oil and Gas Supply,1.070347232311492,Transportation
2026,trans,5-1,TRE,Texas Reliability Entity,AEO2026 Low Oil and Gas Supply,1.0759539505213047,Transportation
2026,trans,5-25,BASN,Western Electricity Coordinating Council / Basin,AEO2026 Low Oil and Gas Supply,1.0487670117482841,Transportation
2026,trans,5-23,NWPP,Western Electricity Coordinating Council / Northwest Power Pool Area,AEO2026 Low Oil and Gas Supply,1.0122457898549424,Transportation
2026,trans,5-20,SRSG,Western Electricity Coordinating Council / Southwest,AEO2026 Low Oil and Gas Supply,1.0434072828722147,Transportation
2026,trans,5-24,RMRG,Western Electricity Coordinating Council / Rockies,AEO2026 Low Oil and Gas Supply,1.0494342401856853,Transportation
2026,trans,5-22,CASO,Western Electricity Coordinating Council / California South,AEO2026 Low Oil and Gas Supply,1.0105296722763506,Transportation
2026,trans,5-21,CANO,Western Electricity Coordinating Council / California North,AEO2026 Low Oil and Gas Supply,1.0105280261305025,Transportation
2026,res,5-18,SPPC,Southwest Power Pool / Central,AEO2026 Low Oil and Gas Supply,1.012656846142383,Residential
2027,com,5-4,MISC,Midcontinent / Central,AEO2026 Low Oil and Gas Supply,1.0477339907559924,Commercial
2027,com,5-2,FRCC,Florida Reliability Coordinating Council,AEO2026 Low Oil and Gas Supply,1.0351374939916536,Commercial
2027,com,5-5,MISE,Midcontinent / East,AEO2026 Low Oil and Gas Supply,1.0610838977375923,Commercial
2027,com,5-6,MISS,Midcontinent / South,AEO2026 Low Oil and Gas Supply,1.1526863738939055,Commercial
2027,com,5-3,MISW,Midcontinent / West,AEO2026 Low Oil and Gas Supply,1.0377210817542073,Commercial
2027,com,5-8,NYCW,Northeast Power Coordinating Council / New York City and Long Island,AEO2026 Low Oil and Gas Supply,1.023010575675474,Commercial
2027,res,5-22,CASO,Western Electricity Coordinating Council / California South,AEO2026 Low Oil and Gas Supply,0.9696010287697822,Residential
2027,res,5-21,CANO,Western Electricity Coordinating Council / California North,AEO2026 Low Oil and Gas Supply,0.969599047470225,Residential
2027,res,5-25,BASN,Western Electricity Coordinating Council / Basin,AEO2026 Low Oil and Gas Supply,1.0242040605267375,Residential
2027,res,5-1,TRE,Texas Reliability Entity,AEO2026 Low Oil and Gas Supply,1.0034359308627152,Residential
2027,res,5-17,SPPS,Southwest Power Pool / South,AEO2026 Low Oil and Gas Supply,1.0041893547335572,Residential
2027,res,5-19,SPPN,Southwest Power Pool / North,AEO2026 Low Oil and Gas Supply,0.9719420090190162,Residential
2027,res,5-18,SPPC,Southwest Power Pool / Central,AEO2026 Low Oil and Gas Supply,0.9711224304012779,Residential
2027,res,5-15,SRSE,SERC Reliability Corporation / Southeastern,AEO2026 Low Oil and Gas Supply,0.9751643391054975,Residential
2027,res,5-14,SRCA,SERC Reliability Corporation / East,AEO2026 Low Oil and Gas Supply,0.9828900763379846,Residential
2027,res,5-16,SRCE,SERC Reliability Corporation / Central,AEO2026 Low Oil and Gas Supply,0.9579143719064416,Residential
2027,res,5-11,PJMW,PJM / West,AEO2026 Low Oil and Gas Supply,0.9910680636797958,Residential
2027,res,5-10,PJME,PJM / East,AEO2026 Low Oil and Gas Supply,0.9900049060194784,Residential
2027,res,5-13,PJMD,PJM / Dominion,AEO2026 Low Oil and Gas Supply,0.9828901120977217,Residential
2027,res,5-12,PJMC,PJM / Commonwealth Edison,AEO2026 Low Oil and Gas Supply,1.000075978699334,Residential
2027,res,5-9,NYUP,Northeast Power Coordinating Council / Upstate New York,AEO2026 Low Oil and Gas Supply,0.9933062315624881,Residential
2027,res,5-7,ISNE,Northeast Power Coordinating Council / New England,AEO2026 Low Oil and Gas Supply,0.9514748720092527,Residential
2027,res,5-8,NYCW,Northeast Power Coordinating Council / New York City and Long Island,AEO2026 Low Oil and Gas Supply,0.9933061767767685,Residential
2027,res,5-3,MISW,Midcontinent / West,AEO2026 Low Oil and Gas Supply,0.9816047561515079,Residential
2027,res,5-6,MISS,Midcontinent / South,AEO2026 Low Oil and Gas Supply,0.9954920838902566,Residential
2027,res,5-24,RMRG,Western Electricity Coordinating Council / Rockies,AEO2026 Low Oil and Gas Supply,1.0214515439524692,Residential
2027,res,5-20,SRSG,Western Electricity Coordinating Council / Southwest,AEO2026 Low Oil and Gas Supply,1.021358963088003,Residential
2027,res,5-23,NWPP,Western Electricity Coordinating Council / Northwest Power Pool Area,AEO2026 Low Oil and Gas Supply,0.9768598309325696,Residential
2027,trans,5-2,FRCC,Florida Reliability Coordinating Council,AEO2026 Low Oil and Gas Supply,1.097471033256314,Transportation
2027,trans,5-21,CANO,Western Electricity Coordinating Council / California North,AEO2026 Low Oil and Gas Supply,1.0296176247573179,Transportation
2027,trans,5-25,BASN,Western Electricity Coordinating Council / Basin,AEO2026 Low Oil and Gas Supply,1.0843026637199022,Transportation
2027,trans,5-1,TRE,Texas Reliability Entity,AEO2026 Low Oil and Gas Supply,1.1439951437182505,Transportation
2027,trans,5-17,SPPS,Southwest Power Pool / South,AEO2026 Low Oil and Gas Supply,1.1315124219090513,Transportation
2027,trans,5-19,SPPN,Southwest Power Pool / North,AEO2026 Low Oil and Gas Supply,1.0720584364306396,Transportation
2027,trans,5-18,SPPC,Southwest Power Pool / Central,AEO2026 Low Oil and Gas Supply,1.0715081309868568,Transportation
2027,trans,5-15,SRSE,SERC Reliability Corporation / Southeastern,AEO2026 Low Oil and Gas Supply,1.0969391612765753,Transportation
2027,trans,5-14,SRCA,SERC Reliability Corporation / East,AEO2026 Low Oil and Gas Supply,1.0974732557633649,Transportation
2027,trans,5-16,SRCE,SERC Reliability Corporation / Central,AEO2026 Low Oil and Gas Supply,1.0554692700244066,Transportation
2027,res,5-5,MISE,Midcontinent / East,AEO2026 Low Oil and Gas Supply,1.0000758159643097,Residential
2027,trans,5-11,PJMW,PJM / West,AEO2026 Low Oil and Gas Supply,1.039651317155881,Transportation
2027,trans,5-13,PJMD,PJM / Dominion,AEO2026 Low Oil and Gas Supply,1.097468751400027,Transportation
2027,trans,5-12,PJMC,PJM / Commonwealth Edison,AEO2026 Low Oil and Gas Supply,1.0156549337314493,Transportation
2027,trans,5-9,NYUP,Northeast Power Coordinating Council / Upstate New York,AEO2026 Low Oil and Gas Supply,1.054326322128673,Transportation
2027,trans,5-7,ISNE,Northeast Power Coordinating Council / New England,AEO2026 Low Oil and Gas Supply,1.069179088398331,Transportation
2027,trans,5-8,NYCW,Northeast Power Coordinating Council / New York City and Long Island,AEO2026 Low Oil and Gas Supply,1.0543266844832422,Transportation
2027,trans,5-3,MISW,Midcontinent / West,AEO2026 Low Oil and Gas Supply,1.0254287495299081,Transportation
2027,trans,5-6,MISS,Midcontinent / South,AEO2026 Low Oil and Gas Supply,1.1430030941677856,Transportation
2027,trans,5-5,MISE,Midcontinent / East,AEO2026 Low Oil and Gas Supply,1.0156549263119694,Transportation
2027,trans,5-4,MISC,Midcontinent / Central,AEO2026 Low Oil and Gas Supply,1.0182642574296035,Transportation
2027,trans,5-10,PJME,PJM / East,AEO2026 Low Oil and Gas Supply,1.056014573108264,Transportation
2027,res,5-4,MISC,Midcontinent / Central,AEO2026 Low Oil and Gas Supply,0.9887630976343642,Residential
2027,ind,5-23,NWPP,Western Electricity Coordinating Council / Northwest Power Pool Area,AEO2026 Low Oil and Gas Supply,0.948778122594957,Industrial
2027,com,5-23,NWPP,Western Electricity Coordinating Council / Northwest Power Pool Area,AEO2026 Low Oil and Gas Supply,1.0192786484767047,Commercial
2027,com,5-20,SRSG,Western Electricity Coordinating Council / Southwest,AEO2026 Low Oil and Gas Supply,1.053250137718147,Commercial
2027,com,5-24,RMRG,Western Electricity Coordinating Council / Rockies,AEO2026 Low Oil and Gas Supply,1.0441265059487,Commercial
2027,com,5-22,CASO,Western Electricity Coordinating Council / California South,AEO2026 Low Oil and Gas Supply,1.0154527304375587,Commercial
2027,com,5-21,CANO,Western Electricity Coordinating Council / California North,AEO2026 Low Oil and Gas Supply,1.0154526598190134,Commercial
2027,com,5-25,BASN,Western Electricity Coordinating Council / Basin,AEO2026 Low Oil and Gas Supply,1.0453304079725358,Commercial
2027,com,5-1,TRE,Texas Reliability Entity,AEO2026 Low Oil and Gas Supply,1.1777930673717478,Commercial
2027,com,5-17,SPPS,Southwest Power Pool / South,AEO2026 Low Oil and Gas Supply,1.1681829680861822,Commercial
2027,com,5-19,SPPN,Southwest Power Pool / North,AEO2026 Low Oil and Gas Supply,1.0246744756700858,Commercial
2027,com,5-18,SPPC,Southwest Power Pool / Central,AEO2026 Low Oil and Gas Supply,1.0242558672700635,Commercial
2027,com,5-15,SRSE,SERC Reliability Corporation / Southeastern,AEO2026 Low Oil and Gas Supply,1.0294814280031426,Commercial
2027,com,5-14,SRCA,SERC Reliability Corporation / East,AEO2026 Low Oil and Gas Supply,1.035137653554667,Commercial
2027,com,5-16,SRCE,SERC Reliability Corporation / Central,AEO2026 Low Oil and Gas Supply,1.013815411983598,Commercial
2027,com,5-11,PJMW,PJM / West,AEO2026 Low Oil and Gas Supply,1.0491333571294055,Commercial
2027,com,5-10,PJME,PJM / East,AEO2026 Low Oil and Gas Supply,1.027566841795043,Commercial
2027,com,5-13,PJMD,PJM / Dominion,AEO2026 Low Oil and Gas Supply,1.03513751575388,Commercial
2027,com,5-12,PJMC,PJM / Commonwealth Edison,AEO2026 Low Oil and Gas Supply,1.0610838474018662,Commercial
2027,com,5-9,NYUP,Northeast Power Coordinating Council / Upstate New York,AEO2026 Low Oil and Gas Supply,1.023010604056877,Commercial
2027,com,5-7,ISNE,Northeast Power Coordinating Council / New England,AEO2026 Low Oil and Gas Supply,0.9907410450260735,Commercial
2027,ind,5-2,FRCC,Florida Reliability Coordinating Council,AEO2026 Low Oil and Gas Supply,0.9596145008340841,Industrial
2027,ind,5-4,MISC,Midcontinent / Central,AEO2026 Low Oil and Gas Supply,0.9599523936989447,Industrial
2027,ind,5-5,MISE,Midcontinent / East,AEO2026 Low Oil and Gas Supply,0.9633171476624557,Industrial
2027,ind,5-6,MISS,Midcontinent / South,AEO2026 Low Oil and Gas Supply,0.9650216847144806,Industrial
2027,ind,5-20,SRSG,Western Electricity Coordinating Council / Southwest,AEO2026 Low Oil and Gas Supply,0.9653356172699922,Industrial
2027,ind,5-24,RMRG,Western Electricity Coordinating Council / Rockies,AEO2026 Low Oil and Gas Supply,0.9642901258965614,Industrial
2027,ind,5-22,CASO,Western Electricity Coordinating Council / California South,AEO2026 Low Oil and Gas Supply,0.9452740578557923,Industrial
2027,ind,5-21,CANO,Western Electricity Coordinating Council / California North,AEO2026 Low Oil and Gas Supply,0.9452740254748165,Industrial
2027,ind,5-25,BASN,Western Electricity Coordinating Council / Basin,AEO2026 Low Oil and Gas Supply,1.0029626413969943,Industrial
2027,ind,5-1,TRE,Texas Reliability Entity,AEO2026 Low Oil and Gas Supply,0.9621599076335139,Industrial
2027,ind,5-17,SPPS,Southwest Power Pool / South,AEO2026 Low Oil and Gas Supply,0.96284827403791,Industrial
2027,ind,5-19,SPPN,Southwest Power Pool / North,AEO2026 Low Oil and Gas Supply,0.9279922407360973,Industrial
2027,ind,5-18,SPPC,Southwest Power Pool / Central,AEO2026 Low Oil and Gas Supply,0.9274517994586523,Industrial
2027,res,5-2,FRCC,Florida Reliability Coordinating Council,AEO2026 Low Oil and Gas Supply,0.9828901126566966,Residential
2027,ind,5-15,SRSE,SERC Reliability Corporation / Southeastern,AEO2026 Low Oil and Gas Supply,0.969167232145943,Industrial
2027,ind,5-16,SRCE,SERC Reliability Corporation / Central,AEO2026 Low Oil and Gas Supply,0.9802128123253575,Industrial
2027,ind,5-11,PJMW,PJM / West,AEO2026 Low Oil and Gas Supply,0.9602665051404379,Industrial
2027,ind,5-10,PJME,PJM / East,AEO2026 Low Oil and Gas Supply,0.9403718656968331,Industrial
2027,ind,5-13,PJMD,PJM / Dominion,AEO2026 Low Oil and Gas Supply,0.9596145146960501,Industrial
2027,ind,5-12,PJMC,PJM / Commonwealth Edison,AEO2026 Low Oil and Gas Supply,0.96331712781977,Industrial
2027,ind,5-9,NYUP,Northeast Power Coordinating Council / Upstate New York,AEO2026 Low Oil and Gas Supply,0.9383976549621939,Industrial
2027,ind,5-7,ISNE,Northeast Power Coordinating Council / New England,AEO2026 Low Oil and Gas Supply,0.9348853496087169,Industrial
2027,ind,5-8,NYCW,Northeast Power Coordinating Council / New York City and Long Island,AEO2026 Low Oil and Gas Supply,0.9383963550385723,Industrial
2027,ind,5-3,MISW,Midcontinent / West,AEO2026 Low Oil and Gas Supply,0.9394396605020591,Industrial
2027,ind,5-14,SRCA,SERC Reliability Corporation / East,AEO2026 Low Oil and Gas Supply,0.9596144382136579,Industrial
2027,trans,5-20,SRSG,Western Electricity Coordinating Council / Southwest,AEO2026 Low Oil and Gas Supply,1.0770317849006492,Transportation
2027,trans,5-23,NWPP,Western Electricity Coordinating Council / Northwest Power Pool Area,AEO2026 Low Oil and Gas Supply,1.0320707388183457,Transportation
2027,trans,5-22,CASO,Western Electricity Coordinating Council / California South,AEO2026 Low Oil and Gas Supply,1.029615589016829,Transportation
2027,trans,5-24,RMRG,Western Electricity Coordinating Council / Rockies,AEO2026 Low Oil and Gas Supply,1.0854330796527327,Transportation
2028,trans,5-21,CANO,Western Electricity Coordinating Council / California North,AEO2026 Low Oil and Gas Supply,1.0640638930782498,Transportation
2028,trans,5-22,CASO,Western Electricity Coordinating Council / California South,AEO2026 Low Oil and Gas Supply,1.0640637732506644,Transportation
2028,trans,5-24,RMRG,Western Electricity Coordinating Council / Rockies,AEO2026 Low Oil and Gas Supply,1.1297788292007946,Transportation
2028,trans,5-20,SRSG,Western Electricity Coordinating Council / Southwest,AEO2026 Low Oil and Gas Supply,1.1202806914951937,Transportation
2028,trans,5-23,NWPP,Western Electricity Coordinating Council / Northwest Power Pool Area,AEO2026 Low Oil and Gas Supply,1.0669761789304166,Transportation
2028,trans,5-25,BASN,Western Electricity Coordinating Council / Basin,AEO2026 Low Oil and Gas Supply,1.1289257880656043,Transportation
2028,trans,5-1,TRE,Texas Reliability Entity,AEO2026 Low Oil and Gas Supply,1.1984685672903865,Transportation
2028,trans,5-17,SPPS,Southwest Power Pool / South,AEO2026 Low Oil and Gas Supply,1.1839314252506175,Transportation
2028,trans,5-19,SPPN,Southwest Power Pool / North,AEO2026 Low Oil and Gas Supply,1.096933403527244,Transportation
2028,com,5-2,FRCC,Florida Reliability Coordinating Council,AEO2026 Low Oil and Gas Supply,1.0513249097556479,Commercial
2028,com,5-4,MISC,Midcontinent / Central,AEO2026 Low Oil and Gas Supply,1.050991780764214,Commercial
2028,com,5-5,MISE,Midcontinent / East,AEO2026 Low Oil and Gas Supply,1.0635264408801044,Commercial
2028,com,5-6,MISS,Midcontinent / South,AEO2026 Low Oil and Gas Supply,1.1569324773834462,Commercial
2028,com,5-3,MISW,Midcontinent / West,AEO2026 Low Oil and Gas Supply,1.0415191514075646,Commercial
2028,com,5-8,NYCW,Northeast Power Coordinating Council / New York City and Long Island,AEO2026 Low Oil and Gas Supply,1.028222977500111,Commercial
2028,com,5-7,ISNE,Northeast Power Coordinating Council / New England,AEO2026 Low Oil and Gas Supply,0.9908438335220554,Commercial
2028,com,5-9,NYUP,Northeast Power Coordinating Council / Upstate New York,AEO2026 Low Oil and Gas Supply,1.0282230443696982,Commercial
2028,com,5-12,PJMC,PJM / Commonwealth Edison,AEO2026 Low Oil and Gas Supply,1.0635265999642152,Commercial
2028,com,5-13,PJMD,PJM / Dominion,AEO2026 Low Oil and Gas Supply,1.0513248685312677,Commercial
2028,com,5-10,PJME,PJM / East,AEO2026 Low Oil and Gas Supply,1.0369028147903836,Commercial
2028,com,5-16,SRCE,SERC Reliability Corporation / Central,AEO2026 Low Oil and Gas Supply,1.021712591986366,Commercial
2028,com,5-14,SRCA,SERC Reliability Corporation / East,AEO2026 Low Oil and Gas Supply,1.0513249376678917,Commercial
2028,com,5-15,SRSE,SERC Reliability Corporation / Southeastern,AEO2026 Low Oil and Gas Supply,1.0434696799415004,Commercial
2028,com,5-18,SPPC,Southwest Power Pool / Central,AEO2026 Low Oil and Gas Supply,1.0288479242002524,Commercial
2028,com,5-19,SPPN,Southwest Power Pool / North,AEO2026 Low Oil and Gas Supply,1.0298514911595613,Commercial
2028,com,5-17,SPPS,Southwest Power Pool / South,AEO2026 Low Oil and Gas Supply,1.1733261027024968,Commercial
2028,com,5-1,TRE,Texas Reliability Entity,AEO2026 Low Oil and Gas Supply,1.1813982199110857,Commercial
2028,com,5-25,BASN,Western Electricity Coordinating Council / Basin,AEO2026 Low Oil and Gas Supply,1.0700168314264626,Commercial
2028,com,5-21,CANO,Western Electricity Coordinating Council / California North,AEO2026 Low Oil and Gas Supply,1.0275766678281377,Commercial
2028,com,5-22,CASO,Western Electricity Coordinating Council / California South,AEO2026 Low Oil and Gas Supply,1.0275766885385864,Commercial
2028,com,5-24,RMRG,Western Electricity Coordinating Council / Rockies,AEO2026 Low Oil and Gas Supply,1.0675766195530507,Commercial
2028,com,5-20,SRSG,Western Electricity Coordinating Council / Southwest,AEO2026 Low Oil and Gas Supply,1.0757058015470427,Commercial
2028,com,5-23,NWPP,Western Electricity Coordinating Council / Northwest Power Pool Area,AEO2026 Low Oil and Gas Supply,1.033011304241324,Commercial
2028,com,5-11,PJMW,PJM / West,AEO2026 Low Oil and Gas Supply,1.0547062907190259,Commercial
2028,ind,5-2,FRCC,Florida Reliability Coordinating Council,AEO2026 Low Oil and Gas Supply,0.9442206766781149,Industrial
2028,ind,5-4,MISC,Midcontinent / Central,AEO2026 Low Oil and Gas Supply,0.9463871804316796,Industrial
2028,ind,5-5,MISE,Midcontinent / East,AEO2026 Low Oil and Gas Supply,0.9499161836999075,Industrial
2028,ind,5-6,MISS,Midcontinent / South,AEO2026 Low Oil and Gas Supply,0.949086631432241,Industrial
2028,res,5-16,SRCE,SERC Reliability Corporation / Central,AEO2026 Low Oil and Gas Supply,0.9594885646366413,Residential
2028,res,5-14,SRCA,SERC Reliability Corporation / East,AEO2026 Low Oil and Gas Supply,0.9897694989028122,Residential
2028,res,5-15,SRSE,SERC Reliability Corporation / Southeastern,AEO2026 Low Oil and Gas Supply,0.9804027118051931,Residential
2028,res,5-18,SPPC,Southwest Power Pool / Central,AEO2026 Low Oil and Gas Supply,0.9793236115328523,Residential
2028,res,5-19,SPPN,Southwest Power Pool / North,AEO2026 Low Oil and Gas Supply,0.9803532004578008,Residential
2028,res,5-17,SPPS,Southwest Power Pool / South,AEO2026 Low Oil and Gas Supply,1.0038088457974808,Residential
2028,res,5-1,TRE,Texas Reliability Entity,AEO2026 Low Oil and Gas Supply,1.0022779064785494,Residential
2028,res,5-25,BASN,Western Electricity Coordinating Council / Basin,AEO2026 Low Oil and Gas Supply,1.0449919193785784,Residential
2028,res,5-21,CANO,Western Electricity Coordinating Council / California North,AEO2026 Low Oil and Gas Supply,0.9938149953954679,Residential
2028,res,5-22,CASO,Western Electricity Coordinating Council / California South,AEO2026 Low Oil and Gas Supply,0.9938168029637579,Residential
2028,res,5-24,RMRG,Western Electricity Coordinating Council / Rockies,AEO2026 Low Oil and Gas Supply,1.0414552247597542,Residential
2028,res,5-20,SRSG,Western Electricity Coordinating Council / Southwest,AEO2026 Low Oil and Gas Supply,1.041090071860672,Residential
2028,res,5-23,NWPP,Western Electricity Coordinating Council / Northwest Power Pool Area,AEO2026 Low Oil and Gas Supply,1.0006198952717893,Residential
2028,trans,5-2,FRCC,Florida Reliability Coordinating Council,AEO2026 Low Oil and Gas Supply,1.1249487828265121,Transportation
2028,trans,5-4,MISC,Midcontinent / Central,AEO2026 Low Oil and Gas Supply,1.009720612164591,Transportation
2028,trans,5-5,MISE,Midcontinent / East,AEO2026 Low Oil and Gas Supply,1.0055089615128727,Transportation
2028,trans,5-6,MISS,Midcontinent / South,AEO2026 Low Oil and Gas Supply,1.197092649891996,Transportation
2028,trans,5-3,MISW,Midcontinent / West,AEO2026 Low Oil and Gas Supply,1.0212404242933166,Transportation
2028,trans,5-8,NYCW,Northeast Power Coordinating Council / New York City and Long Island,AEO2026 Low Oil and Gas Supply,1.065146092837305,Transportation
2028,trans,5-7,ISNE,Northeast Power Coordinating Council / New England,AEO2026 Low Oil and Gas Supply,1.1131020703974301,Transportation
2028,trans,5-9,NYUP,Northeast Power Coordinating Council / Upstate New York,AEO2026 Low Oil and Gas Supply,1.0651455417869273,Transportation
2028,trans,5-12,PJMC,PJM / Commonwealth Edison,AEO2026 Low Oil and Gas Supply,1.0055071540802532,Transportation
2028,trans,5-13,PJMD,PJM / Dominion,AEO2026 Low Oil and Gas Supply,1.1249495990323015,Transportation
2028,trans,5-10,PJME,PJM / East,AEO2026 Low Oil and Gas Supply,1.0674850510367266,Transportation
2028,trans,5-11,PJMW,PJM / West,AEO2026 Low Oil and Gas Supply,1.042044048112111,Transportation
2028,trans,5-16,SRCE,SERC Reliability Corporation / Central,AEO2026 Low Oil and Gas Supply,1.072997559352119,Transportation
2028,trans,5-14,SRCA,SERC Reliability Corporation / East,AEO2026 Low Oil and Gas Supply,1.124949847003147,Transportation
2028,trans,5-15,SRSE,SERC Reliability Corporation / Southeastern,AEO2026 Low Oil and Gas Supply,1.1242963095344471,Transportation
2028,trans,5-18,SPPC,Southwest Power Pool / Central,AEO2026 Low Oil and Gas Supply,1.095399866339942,Transportation
2028,res,5-11,PJMW,PJM / West,AEO2026 Low Oil and Gas Supply,0.9961136427286158,Residential
2028,res,5-10,PJME,PJM / East,AEO2026 Low Oil and Gas Supply,0.9937445607449816,Residential
2028,res,5-12,PJMC,PJM / Commonwealth Edison,AEO2026 Low Oil and Gas Supply,1.005722596209315,Residential
2028,ind,5-3,MISW,Midcontinent / West,AEO2026 Low Oil and Gas Supply,0.9261504888378765,Industrial
2028,ind,5-8,NYCW,Northeast Power Coordinating Council / New York City and Long Island,AEO2026 Low Oil and Gas Supply,0.9111626943720553,Industrial
2028,ind,5-7,ISNE,Northeast Power Coordinating Council / New England,AEO2026 Low Oil and Gas Supply,0.9068757169059356,Industrial
2028,ind,5-9,NYUP,Northeast Power Coordinating Council / Upstate New York,AEO2026 Low Oil and Gas Supply,0.9111639444278447,Industrial
2028,ind,5-12,PJMC,PJM / Commonwealth Edison,AEO2026 Low Oil and Gas Supply,0.9499162548046205,Industrial
2028,ind,5-13,PJMD,PJM / Dominion,AEO2026 Low Oil and Gas Supply,0.9442207849077711,Industrial
2028,ind,5-10,PJME,PJM / East,AEO2026 Low Oil and Gas Supply,0.9142397161867277,Industrial
2028,ind,5-11,PJMW,PJM / West,AEO2026 Low Oil and Gas Supply,0.9443675408212512,Industrial
2028,ind,5-16,SRCE,SERC Reliability Corporation / Central,AEO2026 Low Oil and Gas Supply,0.9649828302859822,Industrial
2028,ind,5-14,SRCA,SERC Reliability Corporation / East,AEO2026 Low Oil and Gas Supply,0.9442205987620617,Industrial
2028,ind,5-15,SRSE,SERC Reliability Corporation / Southeastern,AEO2026 Low Oil and Gas Supply,0.9538494474268661,Industrial
2028,ind,5-18,SPPC,Southwest Power Pool / Central,AEO2026 Low Oil and Gas Supply,0.9142187574971562,Industrial
2028,ind,5-19,SPPN,Southwest Power Pool / North,AEO2026 Low Oil and Gas Supply,0.9148236789139785,Industrial
2028,ind,5-17,SPPS,Southwest Power Pool / South,AEO2026 Low Oil and Gas Supply,0.9489124143169878,Industrial
2028,ind,5-1,TRE,Texas Reliability Entity,AEO2026 Low Oil and Gas Supply,0.947392954015362,Industrial
2028,ind,5-25,BASN,Western Electricity Coordinating Council / Basin,AEO2026 Low Oil and Gas Supply,0.994503315410268,Industrial
2028,ind,5-21,CANO,Western Electricity Coordinating Council / California North,AEO2026 Low Oil and Gas Supply,0.9365408022846298,Industrial
2028,ind,5-22,CASO,Western Electricity Coordinating Council / California South,AEO2026 Low Oil and Gas Supply,0.936540996207952,Industrial
2028,ind,5-24,RMRG,Western Electricity Coordinating Council / Rockies,AEO2026 Low Oil and Gas Supply,0.9554630331972315,Industrial
2028,ind,5-20,SRSG,Western Electricity Coordinating Council / Southwest,AEO2026 Low Oil and Gas Supply,0.9565233757259602,Industrial
2028,ind,5-23,NWPP,Western Electricity Coordinating Council / Northwest Power Pool Area,AEO2026 Low Oil and Gas Supply,0.9398415740284636,Industrial
2028,res,5-2,FRCC,Florida Reliability Coordinating Council,AEO2026 Low Oil and Gas Supply,0.9897696115650897,Residential
2028,res,5-4,MISC,Midcontinent / Central,AEO2026 Low Oil and Gas Supply,0.9952399696371769,Residential
2028,res,5-5,MISE,Midcontinent / East,AEO2026 Low Oil and Gas Supply,1.0057223647113251,Residential
2028,res,5-6,MISS,Midcontinent / South,AEO2026 Low Oil and Gas Supply,0.9947935121207817,Residential
2028,res,5-3,MISW,Midcontinent / West,AEO2026 Low Oil and Gas Supply,0.9888853414940864,Residential
2028,res,5-8,NYCW,Northeast Power Coordinating Council / New York City and Long Island,AEO2026 Low Oil and Gas Supply,0.9955891185177119,Residential
2028,res,5-7,ISNE,Northeast Power Coordinating Council / New England,AEO2026 Low Oil and Gas Supply,0.959519009738715,Residential
2028,res,5-9,NYUP,Northeast Power Coordinating Council / Upstate New York,AEO2026 Low Oil and Gas Supply,0.9955890791306393,Residential
2028,res,5-13,PJMD,PJM / Dominion,AEO2026 Low Oil and Gas Supply,0.9897693632275761,Residential
2029,ind,5-23,NWPP,Western Electricity Coordinating Council / Northwest Power Pool Area,AEO2026 Low Oil and Gas Supply,0.9323908639267378,Industrial
2029,ind,5-22,CASO,Western Electricity Coordinating Council / California South,AEO2026 Low Oil and Gas Supply,0.9291818045224268,Industrial
2029,ind,5-24,RMRG,Western Electricity Coordinating Council / Rockies,AEO2026 Low Oil and Gas Supply,0.948085211391444,Industrial
2029,ind,5-20,SRSG,Western Electricity Coordinating Council / Southwest,AEO2026 Low Oil and Gas Supply,0.9490612225726165,Industrial
2029,res,5-2,FRCC,Florida Reliability Coordinating Council,AEO2026 Low Oil and Gas Supply,0.9937729518659865,Residential
2029,res,5-4,MISC,Midcontinent / Central,AEO2026 Low Oil and Gas Supply,0.9991687085367486,Residential
2029,ind,5-21,CANO,Western Electricity Coordinating Council / California North,AEO2026 Low Oil and Gas Supply,0.9291817209162702,Industrial
2029,res,5-5,MISE,Midcontinent / East,AEO2026 Low Oil and Gas Supply,1.0092005953632668,Residential
2029,res,5-3,MISW,Midcontinent / West,AEO2026 Low Oil and Gas Supply,0.9935144598717477,Residential
2029,res,5-8,NYCW,Northeast Power Coordinating Council / New York City and Long Island,AEO2026 Low Oil and Gas Supply,1.0006979567455687,Residential
2029,res,5-7,ISNE,Northeast Power Coordinating Council / New England,AEO2026 Low Oil and Gas Supply,0.967982463698561,Residential
2029,res,5-9,NYUP,Northeast Power Coordinating Council / Upstate New York,AEO2026 Low Oil and Gas Supply,1.0006980508899102,Residential
2029,res,5-12,PJMC,PJM / Commonwealth Edison,AEO2026 Low Oil and Gas Supply,1.0092007665406555,Residential
2029,res,5-13,PJMD,PJM / Dominion,AEO2026 Low Oil and Gas Supply,0.9937729204280453,Residential
2029,res,5-6,MISS,Midcontinent / South,AEO2026 Low Oil and Gas Supply,0.9925260095461265,Residential
2029,ind,5-25,BASN,Western Electricity Coordinating Council / Basin,AEO2026 Low Oil and Gas Supply,0.9536393055573152,Industrial
2029,ind,5-1,TRE,Texas Reliability Entity,AEO2026 Low Oil and Gas Supply,0.9370852982657448,Industrial
2029,ind,5-17,SPPS,Southwest Power Pool / South,AEO2026 Low Oil and Gas Supply,0.9390009690806426,Industrial
2029,ind,5-5,MISE,Midcontinent / East,AEO2026 Low Oil and Gas Supply,0.9414896535129171,Industrial
2029,ind,5-6,MISS,Midcontinent / South,AEO2026 Low Oil and Gas Supply,0.9379747345578149,Industrial
2029,ind,5-3,MISW,Midcontinent / West,AEO2026 Low Oil and Gas Supply,0.9177945693491283,Industrial
2029,ind,5-8,NYCW,Northeast Power Coordinating Council / New York City and Long Island,AEO2026 Low Oil and Gas Supply,0.8875489705400135,Industrial
2029,ind,5-7,ISNE,Northeast Power Coordinating Council / New England,AEO2026 Low Oil and Gas Supply,0.8820706144700178,Industrial
2029,ind,5-9,NYUP,Northeast Power Coordinating Council / Upstate New York,AEO2026 Low Oil and Gas Supply,0.8875462200797751,Industrial
2029,ind,5-12,PJMC,PJM / Commonwealth Edison,AEO2026 Low Oil and Gas Supply,0.9414897580197171,Industrial
2029,ind,5-13,PJMD,PJM / Dominion,AEO2026 Low Oil and Gas Supply,0.932054850837684,Industrial
2029,ind,5-10,PJME,PJM / East,AEO2026 Low Oil and Gas Supply,0.8916875348715506,Industrial
2029,ind,5-11,PJMW,PJM / West,AEO2026 Low Oil and Gas Supply,0.932735711810243,Industrial
2029,ind,5-16,SRCE,SERC Reliability Corporation / Central,AEO2026 Low Oil and Gas Supply,0.9525052137592422,Industrial
2029,ind,5-14,SRCA,SERC Reliability Corporation / East,AEO2026 Low Oil and Gas Supply,0.93205487758782,Industrial
2029,ind,5-15,SRSE,SERC Reliability Corporation / Southeastern,AEO2026 Low Oil and Gas Supply,0.9415389550550348,Industrial
2029,ind,5-18,SPPC,Southwest Power Pool / Central,AEO2026 Low Oil and Gas Supply,0.905898261647582,Industrial
2029,ind,5-19,SPPN,Southwest Power Pool / North,AEO2026 Low Oil and Gas Supply,0.9065170127905062,Industrial
2029,res,5-10,PJME,PJM / East,AEO2026 Low Oil and Gas Supply,0.9985031433180386,Residential
2029,res,5-11,PJMW,PJM / West,AEO2026 Low Oil and Gas Supply,0.9989520541213027,Residential
2029,res,5-16,SRCE,SERC Reliability Corporation / Central,AEO2026 Low Oil and Gas Supply,0.9539650899852827,Residential
2029,res,5-14,SRCA,SERC Reliability Corporation / East,AEO2026 Low Oil and Gas Supply,0.9937729221776427,Residential
2029,trans,5-12,PJMC,PJM / Commonwealth Edison,AEO2026 Low Oil and Gas Supply,0.9880774029200968,Transportation
2029,trans,5-13,PJMD,PJM / Dominion,AEO2026 Low Oil and Gas Supply,1.1447874199184624,Transportation
2029,trans,5-10,PJME,PJM / East,AEO2026 Low Oil and Gas Supply,1.0773195178881547,Transportation
2029,trans,5-11,PJMW,PJM / West,AEO2026 Low Oil and Gas Supply,1.0399051652624047,Transportation
2029,trans,5-16,SRCE,SERC Reliability Corporation / Central,AEO2026 Low Oil and Gas Supply,1.0869758153982694,Transportation
2029,trans,5-14,SRCA,SERC Reliability Corporation / East,AEO2026 Low Oil and Gas Supply,1.1447886806498861,Transportation
2029,trans,5-15,SRSE,SERC Reliability Corporation / Southeastern,AEO2026 Low Oil and Gas Supply,1.1440580686403223,Transportation
2029,trans,5-18,SPPC,Southwest Power Pool / Central,AEO2026 Low Oil and Gas Supply,1.1201269770550233,Transportation
2029,trans,5-19,SPPN,Southwest Power Pool / North,AEO2026 Low Oil and Gas Supply,1.123058699657805,Transportation
2029,trans,5-17,SPPS,Southwest Power Pool / South,AEO2026 Low Oil and Gas Supply,1.2342002033996804,Transportation
2029,trans,5-1,TRE,Texas Reliability Entity,AEO2026 Low Oil and Gas Supply,1.2477342676705823,Transportation
2029,trans,5-25,BASN,Western Electricity Coordinating Council / Basin,AEO2026 Low Oil and Gas Supply,1.1823455856694196,Transportation
2029,trans,5-21,CANO,Western Electricity Coordinating Council / California North,AEO2026 Low Oil and Gas Supply,1.0951646904918635,Transportation
2029,trans,5-22,CASO,Western Electricity Coordinating Council / California South,AEO2026 Low Oil and Gas Supply,1.0951638618246236,Transportation
2029,trans,5-24,RMRG,Western Electricity Coordinating Council / Rockies,AEO2026 Low Oil and Gas Supply,1.1830294373646975,Transportation
2029,trans,5-9,NYUP,Northeast Power Coordinating Council / Upstate New York,AEO2026 Low Oil and Gas Supply,1.074573012823598,Transportation
2029,ind,5-4,MISC,Midcontinent / Central,AEO2026 Low Oil and Gas Supply,0.9375628042467283,Industrial
2029,trans,5-7,ISNE,Northeast Power Coordinating Council / New England,AEO2026 Low Oil and Gas Supply,1.150502419054708,Transportation
2029,trans,5-3,MISW,Midcontinent / West,AEO2026 Low Oil and Gas Supply,1.0111946257553668,Transportation
2029,res,5-15,SRSE,SERC Reliability Corporation / Southeastern,AEO2026 Low Oil and Gas Supply,0.9814592238879607,Residential
2029,res,5-18,SPPC,Southwest Power Pool / Central,AEO2026 Low Oil and Gas Supply,0.9846009963206157,Residential
2029,res,5-19,SPPN,Southwest Power Pool / North,AEO2026 Low Oil and Gas Supply,0.985893747326697,Residential
2029,res,5-17,SPPS,Southwest Power Pool / South,AEO2026 Low Oil and Gas Supply,1.0030643924534997,Residential
2029,res,5-1,TRE,Texas Reliability Entity,AEO2026 Low Oil and Gas Supply,1.0007211864636265,Residential
2029,res,5-25,BASN,Western Electricity Coordinating Council / Basin,AEO2026 Low Oil and Gas Supply,1.0663290034448296,Residential
2029,res,5-21,CANO,Western Electricity Coordinating Council / California North,AEO2026 Low Oil and Gas Supply,1.0149516817505497,Residential
2029,res,5-22,CASO,Western Electricity Coordinating Council / California South,AEO2026 Low Oil and Gas Supply,1.0149534925508588,Residential
2029,res,5-24,RMRG,Western Electricity Coordinating Council / Rockies,AEO2026 Low Oil and Gas Supply,1.0618282521600446,Residential
2029,res,5-20,SRSG,Western Electricity Coordinating Council / Southwest,AEO2026 Low Oil and Gas Supply,1.061204117326281,Residential
2029,res,5-23,NWPP,Western Electricity Coordinating Council / Northwest Power Pool Area,AEO2026 Low Oil and Gas Supply,1.0217830926012805,Residential
2029,trans,5-2,FRCC,Florida Reliability Coordinating Council,AEO2026 Low Oil and Gas Supply,1.1447893654139403,Transportation
2029,trans,5-4,MISC,Midcontinent / Central,AEO2026 Low Oil and Gas Supply,0.9942746941481346,Transportation
2029,trans,5-5,MISE,Midcontinent / East,AEO2026 Low Oil and Gas Supply,0.9880798774218261,Transportation
2029,trans,5-6,MISS,Midcontinent / South,AEO2026 Low Oil and Gas Supply,1.2460155292194526,Transportation
2029,trans,5-8,NYCW,Northeast Power Coordinating Council / New York City and Long Island,AEO2026 Low Oil and Gas Supply,1.0745737738774477,Transportation
2029,ind,5-2,FRCC,Florida Reliability Coordinating Council,AEO2026 Low Oil and Gas Supply,0.9325227091462468,Industrial
2029,com,5-20,SRSG,Western Electricity Coordinating Council / Southwest,AEO2026 Low Oil and Gas Supply,1.0990281772067023,Commercial
2029,com,5-12,PJMC,PJM / Commonwealth Edison,AEO2026 Low Oil and Gas Supply,1.0553995565856693,Commercial
2029,com,5-13,PJMD,PJM / Dominion,AEO2026 Low Oil and Gas Supply,1.066145975295258,Commercial
2029,com,5-10,PJME,PJM / East,AEO2026 Low Oil and Gas Supply,1.042072989360442,Commercial
2029,com,5-11,PJMW,PJM / West,AEO2026 Low Oil and Gas Supply,1.0519802437282906,Commercial
2029,com,5-16,SRCE,SERC Reliability Corporation / Central,AEO2026 Low Oil and Gas Supply,1.020189179676958,Commercial
2029,com,5-14,SRCA,SERC Reliability Corporation / East,AEO2026 Low Oil and Gas Supply,1.0661460447004334,Commercial
2029,com,5-15,SRSE,SERC Reliability Corporation / Southeastern,AEO2026 Low Oil and Gas Supply,1.0539551256828148,Commercial
2029,com,5-18,SPPC,Southwest Power Pool / Central,AEO2026 Low Oil and Gas Supply,1.0305184386586552,Commercial
2029,com,5-19,SPPN,Southwest Power Pool / North,AEO2026 Low Oil and Gas Supply,1.0322104802407228,Commercial
2029,com,5-17,SPPS,Southwest Power Pool / South,AEO2026 Low Oil and Gas Supply,1.1788019476998517,Commercial
2029,com,5-1,TRE,Texas Reliability Entity,AEO2026 Low Oil and Gas Supply,1.185298964205929,Commercial
2029,com,5-25,BASN,Western Electricity Coordinating Council / Basin,AEO2026 Low Oil and Gas Supply,1.095520375624505,Commercial
2029,com,5-21,CANO,Western Electricity Coordinating Council / California North,AEO2026 Low Oil and Gas Supply,1.042080206568224,Commercial
2029,com,5-22,CASO,Western Electricity Coordinating Council / California South,AEO2026 Low Oil and Gas Supply,1.0420802237206097,Commercial
2029,com,5-24,RMRG,Western Electricity Coordinating Council / Rockies,AEO2026 Low Oil and Gas Supply,1.0915885506382035,Commercial
2029,com,5-9,NYUP,Northeast Power Coordinating Council / Upstate New York,AEO2026 Low Oil and Gas Supply,1.0275851996998753,Commercial
2029,com,5-23,NWPP,Western Electricity Coordinating Council / Northwest Power Pool Area,AEO2026 Low Oil and Gas Supply,1.048923615401372,Commercial
2029,com,5-7,ISNE,Northeast Power Coordinating Council / New England,AEO2026 Low Oil and Gas Supply,0.9840004389357659,Commercial
2029,com,5-3,MISW,Midcontinent / West,AEO2026 Low Oil and Gas Supply,1.0395694659528147,Commercial
2029,com,5-2,FRCC,Florida Reliability Coordinating Council,AEO2026 Low Oil and Gas Supply,1.066145915856358,Commercial
2029,com,5-4,MISC,Midcontinent / Central,AEO2026 Low Oil and Gas Supply,1.0462986022142624,Commercial
2029,com,5-5,MISE,Midcontinent / East,AEO2026 Low Oil and Gas Supply,1.0553994734901915,Commercial
2029,com,5-6,MISS,Midcontinent / South,AEO2026 Low Oil and Gas Supply,1.1599741761348654,Commercial
2029,com,5-8,NYCW,Northeast Power Coordinating Council / New York City and Long Island,AEO2026 Low Oil and Gas Supply,1.0275850916145883,Commercial
2029,trans,5-20,SRSG,Western Electricity Coordinating Council / Southwest,AEO2026 Low Oil and Gas Supply,1.1702057673330652,Transportation
2029,trans,5-23,NWPP,Western Electricity Coordinating Council / Northwest Power Pool Area,AEO2026 Low Oil and Gas Supply,1.0990768512365525,Transportation
2030,trans,5-22,CASO,Western Electricity Coordinating Council / California South,AEO2026 Low Oil and Gas Supply,1.1263454384410982,Transportation
2030,trans,5-24,RMRG,Western Electricity Coordinating Council / Rockies,AEO2026 Low Oil and Gas Supply,1.2380431628986543,Transportation
2030,trans,5-20,SRSG,Western Electricity Coordinating Council / Southwest,AEO2026 Low Oil and Gas Supply,1.2216658747852784,Transportation
2030,trans,5-23,NWPP,Western Electricity Coordinating Council / Northwest Power Pool Area,AEO2026 Low Oil and Gas Supply,1.131336171027976,Transportation
2030,trans,5-21,CANO,Western Electricity Coordinating Council / California North,AEO2026 Low Oil and Gas Supply,1.1263446459966837,Transportation
2030,trans,5-25,BASN,Western Electricity Coordinating Council / Basin,AEO2026 Low Oil and Gas Supply,1.2375537978364544,Transportation
2030,trans,5-1,TRE,Texas Reliability Entity,AEO2026 Low Oil and Gas Supply,1.2995665555543723,Transportation
2030,trans,5-17,SPPS,Southwest Power Pool / South,AEO2026 Low Oil and Gas Supply,1.2869097777132064,Transportation
2030,trans,5-5,MISE,Midcontinent / East,AEO2026 Low Oil and Gas Supply,0.9662456402088667,Transportation
2030,trans,5-6,MISS,Midcontinent / South,AEO2026 Low Oil and Gas Supply,1.2975071516142218,Transportation
2030,trans,5-3,MISW,Midcontinent / West,AEO2026 Low Oil and Gas Supply,0.997460216061944,Transportation
2030,trans,5-8,NYCW,Northeast Power Coordinating Council / New York City and Long Island,AEO2026 Low Oil and Gas Supply,1.0857106748413308,Transportation
2030,trans,5-7,ISNE,Northeast Power Coordinating Council / New England,AEO2026 Low Oil and Gas Supply,1.1844005249446652,Transportation
2030,trans,5-9,NYUP,Northeast Power Coordinating Council / Upstate New York,AEO2026 Low Oil and Gas Supply,1.0857096031955589,Transportation
2030,trans,5-12,PJMC,PJM / Commonwealth Edison,AEO2026 Low Oil and Gas Supply,0.9662419284957379,Transportation
2030,trans,5-13,PJMD,PJM / Dominion,AEO2026 Low Oil and Gas Supply,1.1567044487254154,Transportation
2030,trans,5-10,PJME,PJM / East,AEO2026 Low Oil and Gas Supply,1.088486930582367,Transportation
2030,trans,5-11,PJMW,PJM / West,AEO2026 Low Oil and Gas Supply,1.0359905602512731,Transportation
2030,trans,5-16,SRCE,SERC Reliability Corporation / Central,AEO2026 Low Oil and Gas Supply,1.0969602840026624,Transportation
2030,trans,5-14,SRCA,SERC Reliability Corporation / East,AEO2026 Low Oil and Gas Supply,1.1566997152759986,Transportation
2030,trans,5-15,SRSE,SERC Reliability Corporation / Southeastern,AEO2026 Low Oil and Gas Supply,1.1559426187252118,Transportation
2030,trans,5-18,SPPC,Southwest Power Pool / Central,AEO2026 Low Oil and Gas Supply,1.144575629316106,Transportation
2030,trans,5-19,SPPN,Southwest Power Pool / North,AEO2026 Low Oil and Gas Supply,1.1489207686233218,Transportation
2030,trans,5-4,MISC,Midcontinent / Central,AEO2026 Low Oil and Gas Supply,0.9746136747955374,Transportation
2030,trans,5-2,FRCC,Florida Reliability Coordinating Council,AEO2026 Low Oil and Gas Supply,1.1567013183406059,Transportation
2030,res,5-20,SRSG,Western Electricity Coordinating Council / Southwest,AEO2026 Low Oil and Gas Supply,1.083148343466806,Residential
2030,com,5-22,CASO,Western Electricity Coordinating Council / California South,AEO2026 Low Oil and Gas Supply,1.0626808420651466,Commercial
2030,com,5-24,RMRG,Western Electricity Coordinating Council / Rockies,AEO2026 Low Oil and Gas Supply,1.118945639769254,Commercial
2030,com,5-20,SRSG,Western Electricity Coordinating Council / Southwest,AEO2026 Low Oil and Gas Supply,1.1263773660779368,Commercial
2030,com,5-23,NWPP,Western Electricity Coordinating Council / Northwest Power Pool Area,AEO2026 Low Oil and Gas Supply,1.070622630381154,Commercial
2030,ind,5-2,FRCC,Florida Reliability Coordinating Council,AEO2026 Low Oil and Gas Supply,0.9322676248666202,Industrial
2030,ind,5-4,MISC,Midcontinent / Central,AEO2026 Low Oil and Gas Supply,0.9378375384493877,Industrial
2030,com,5-21,CANO,Western Electricity Coordinating Council / California North,AEO2026 Low Oil and Gas Supply,1.0626808516004587,Commercial
2030,ind,5-5,MISE,Midcontinent / East,AEO2026 Low Oil and Gas Supply,0.9421856853174206,Industrial
2030,ind,5-3,MISW,Midcontinent / West,AEO2026 Low Oil and Gas Supply,0.9179923035906289,Industrial
2030,ind,5-8,NYCW,Northeast Power Coordinating Council / New York City and Long Island,AEO2026 Low Oil and Gas Supply,0.8714555684034309,Industrial
2030,ind,5-7,ISNE,Northeast Power Coordinating Council / New England,AEO2026 Low Oil and Gas Supply,0.8656499842441889,Industrial
2030,ind,5-9,NYUP,Northeast Power Coordinating Council / Upstate New York,AEO2026 Low Oil and Gas Supply,0.8714539151036743,Industrial
2030,ind,5-12,PJMC,PJM / Commonwealth Edison,AEO2026 Low Oil and Gas Supply,0.942185792040502,Industrial
2030,ind,5-13,PJMD,PJM / Dominion,AEO2026 Low Oil and Gas Supply,0.9300604003984958,Industrial
2030,ind,5-6,MISS,Midcontinent / South,AEO2026 Low Oil and Gas Supply,0.9378108109252815,Industrial
2030,com,5-25,BASN,Western Electricity Coordinating Council / Basin,AEO2026 Low Oil and Gas Supply,1.1246998556535504,Commercial
2030,com,5-1,TRE,Texas Reliability Entity,AEO2026 Low Oil and Gas Supply,1.1958476109585745,Commercial
2030,com,5-17,SPPS,Southwest Power Pool / South,AEO2026 Low Oil and Gas Supply,1.1907086744855055,Commercial
2030,com,5-5,MISE,Midcontinent / East,AEO2026 Low Oil and Gas Supply,1.0476458439167997,Commercial
2030,com,5-6,MISS,Midcontinent / South,AEO2026 Low Oil and Gas Supply,1.1686565653272525,Commercial
2030,com,5-3,MISW,Midcontinent / West,AEO2026 Low Oil and Gas Supply,1.0370368061753656,Commercial
2030,com,5-8,NYCW,Northeast Power Coordinating Council / New York City and Long Island,AEO2026 Low Oil and Gas Supply,1.0342948006157726,Commercial
2030,com,5-7,ISNE,Northeast Power Coordinating Council / New England,AEO2026 Low Oil and Gas Supply,0.9864030099061311,Commercial
2030,com,5-9,NYUP,Northeast Power Coordinating Council / Upstate New York,AEO2026 Low Oil and Gas Supply,1.0342947838571757,Commercial
2030,com,5-12,PJMC,PJM / Commonwealth Edison,AEO2026 Low Oil and Gas Supply,1.0476458763765713,Commercial
2030,com,5-13,PJMD,PJM / Dominion,AEO2026 Low Oil and Gas Supply,1.082523780779323,Commercial
2030,com,5-10,PJME,PJM / East,AEO2026 Low Oil and Gas Supply,1.052415155502375,Commercial
2030,com,5-11,PJMW,PJM / West,AEO2026 Low Oil and Gas Supply,1.0506226028690921,Commercial
2030,com,5-16,SRCE,SERC Reliability Corporation / Central,AEO2026 Low Oil and Gas Supply,1.018741596816268,Commercial
2030,com,5-14,SRCA,SERC Reliability Corporation / East,AEO2026 Low Oil and Gas Supply,1.0825237727057209,Commercial
2030,com,5-15,SRSE,SERC Reliability Corporation / Southeastern,AEO2026 Low Oil and Gas Supply,1.065604223203453,Commercial
2030,com,5-18,SPPC,Southwest Power Pool / Central,AEO2026 Low Oil and Gas Supply,1.031057092844967,Commercial
2030,com,5-19,SPPN,Southwest Power Pool / North,AEO2026 Low Oil and Gas Supply,1.033566324740382,Commercial
2030,ind,5-10,PJME,PJM / East,AEO2026 Low Oil and Gas Supply,0.8769068373740125,Industrial
2030,ind,5-11,PJMW,PJM / West,AEO2026 Low Oil and Gas Supply,0.9302817022272379,Industrial
2030,ind,5-16,SRCE,SERC Reliability Corporation / Central,AEO2026 Low Oil and Gas Supply,0.9501121603191643,Industrial
2030,ind,5-14,SRCA,SERC Reliability Corporation / East,AEO2026 Low Oil and Gas Supply,0.930060323749849,Industrial
2030,res,5-12,PJMC,PJM / Commonwealth Edison,AEO2026 Low Oil and Gas Supply,1.0131644249747407,Residential
2030,res,5-13,PJMD,PJM / Dominion,AEO2026 Low Oil and Gas Supply,0.9988167069696998,Residential
2030,res,5-10,PJME,PJM / East,AEO2026 Low Oil and Gas Supply,1.0070011614574947,Residential
2030,res,5-11,PJMW,PJM / West,AEO2026 Low Oil and Gas Supply,1.00269276476918,Residential
2030,res,5-16,SRCE,SERC Reliability Corporation / Central,AEO2026 Low Oil and Gas Supply,0.9463391053051619,Residential
2030,res,5-14,SRCA,SERC Reliability Corporation / East,AEO2026 Low Oil and Gas Supply,0.9988168429118196,Residential
2030,res,5-15,SRSE,SERC Reliability Corporation / Southeastern,AEO2026 Low Oil and Gas Supply,0.9825839982248011,Residential
2030,res,5-18,SPPC,Southwest Power Pool / Central,AEO2026 Low Oil and Gas Supply,0.9881078606385705,Residential
2030,res,5-19,SPPN,Southwest Power Pool / North,AEO2026 Low Oil and Gas Supply,0.9897111610656062,Residential
2030,res,5-17,SPPS,Southwest Power Pool / South,AEO2026 Low Oil and Gas Supply,1.0083027434547203,Residential
2030,res,5-1,TRE,Texas Reliability Entity,AEO2026 Low Oil and Gas Supply,1.005304085299856,Residential
2030,res,5-25,BASN,Western Electricity Coordinating Council / Basin,AEO2026 Low Oil and Gas Supply,1.089357761379562,Residential
2030,res,5-21,CANO,Western Electricity Coordinating Council / California North,AEO2026 Low Oil and Gas Supply,1.034705309942763,Residential
2030,res,5-22,CASO,Western Electricity Coordinating Council / California South,AEO2026 Low Oil and Gas Supply,1.0347072138092304,Residential
2030,res,5-24,RMRG,Western Electricity Coordinating Council / Rockies,AEO2026 Low Oil and Gas Supply,1.0837094141893528,Residential
2030,res,5-9,NYUP,Northeast Power Coordinating Council / Upstate New York,AEO2026 Low Oil and Gas Supply,1.0107987113657761,Residential
2030,res,5-23,NWPP,Western Electricity Coordinating Council / Northwest Power Pool Area,AEO2026 Low Oil and Gas Supply,1.0419724364173415,Residential
2030,res,5-7,ISNE,Northeast Power Coordinating Council / New England,AEO2026 Low Oil and Gas Supply,0.978554756725944,Residential
2030,res,5-3,MISW,Midcontinent / West,AEO2026 Low Oil and Gas Supply,0.9971861256727553,Residential
2030,ind,5-15,SRSE,SERC Reliability Corporation / Southeastern,AEO2026 Low Oil and Gas Supply,0.9393595890667574,Industrial
2030,ind,5-18,SPPC,Southwest Power Pool / Central,AEO2026 Low Oil and Gas Supply,0.9058459332601374,Industrial
2030,ind,5-19,SPPN,Southwest Power Pool / North,AEO2026 Low Oil and Gas Supply,0.9064953615216788,Industrial
2030,ind,5-17,SPPS,Southwest Power Pool / South,AEO2026 Low Oil and Gas Supply,0.9392664269404533,Industrial
2030,ind,5-1,TRE,Texas Reliability Entity,AEO2026 Low Oil and Gas Supply,0.9370562780722826,Industrial
2030,ind,5-25,BASN,Western Electricity Coordinating Council / Basin,AEO2026 Low Oil and Gas Supply,0.9536308679397619,Industrial
2030,ind,5-21,CANO,Western Electricity Coordinating Council / California North,AEO2026 Low Oil and Gas Supply,0.9310980883777327,Industrial
2030,ind,5-22,CASO,Western Electricity Coordinating Council / California South,AEO2026 Low Oil and Gas Supply,0.9310982111367047,Industrial
2030,ind,5-24,RMRG,Western Electricity Coordinating Council / Rockies,AEO2026 Low Oil and Gas Supply,0.9501173488485348,Industrial
2030,ind,5-20,SRSG,Western Electricity Coordinating Council / Southwest,AEO2026 Low Oil and Gas Supply,0.9511270137611733,Industrial
2030,ind,5-23,NWPP,Western Electricity Coordinating Council / Northwest Power Pool Area,AEO2026 Low Oil and Gas Supply,0.9343488659030844,Industrial
2030,res,5-2,FRCC,Florida Reliability Coordinating Council,AEO2026 Low Oil and Gas Supply,0.9988167279819408,Residential
2030,res,5-4,MISC,Midcontinent / Central,AEO2026 Low Oil and Gas Supply,1.002713983352721,Residential
2030,res,5-5,MISE,Midcontinent / East,AEO2026 Low Oil and Gas Supply,1.013164159091899,Residential
2030,res,5-6,MISS,Midcontinent / South,AEO2026 Low Oil and Gas Supply,0.9949632413857732,Residential
2030,res,5-8,NYCW,Northeast Power Coordinating Council / New York City and Long Island,AEO2026 Low Oil and Gas Supply,1.0107987304326767,Residential
2030,com,5-4,MISC,Midcontinent / Central,AEO2026 Low Oil and Gas Supply,1.0414576815029792,Commercial
2030,com,5-2,FRCC,Florida Reliability Coordinating Council,AEO2026 Low Oil and Gas Supply,1.0825237471148854,Commercial
2031,ind,5-20,SRSG,Western Electricity Coordinating Council / Southwest,AEO2026 Low Oil and Gas Supply,0.957965502939487,Industrial
2031,res,5-4,MISC,Midcontinent / Central,AEO2026 Low Oil and Gas Supply,1.007412807239965,Residential
2031,res,5-2,FRCC,Florida Reliability Coordinating Council,AEO2026 Low Oil and Gas Supply,1.00580652511659,Residential
2031,ind,5-23,NWPP,Western Electricity Coordinating Council / Northwest Power Pool Area,AEO2026 Low Oil and Gas Supply,0.9417253639915112,Industrial
2031,ind,5-24,RMRG,Western Electricity Coordinating Council / Rockies,AEO2026 Low Oil and Gas Supply,0.9572418133784228,Industrial
2031,ind,5-22,CASO,Western Electricity Coordinating Council / California South,AEO2026 Low Oil and Gas Supply,0.9384855067038369,Industrial
2031,res,5-5,MISE,Midcontinent / East,AEO2026 Low Oil and Gas Supply,1.0186110786439828,Residential
2031,ind,5-21,CANO,Western Electricity Coordinating Council / California North,AEO2026 Low Oil and Gas Supply,0.9384854512383212,Industrial
2031,ind,5-1,TRE,Texas Reliability Entity,AEO2026 Low Oil and Gas Supply,0.9352920123157193,Industrial
2031,ind,5-17,SPPS,Southwest Power Pool / South,AEO2026 Low Oil and Gas Supply,0.9386974904598158,Industrial
2031,ind,5-19,SPPN,Southwest Power Pool / North,AEO2026 Low Oil and Gas Supply,0.9114234733799371,Industrial
2031,ind,5-18,SPPC,Southwest Power Pool / Central,AEO2026 Low Oil and Gas Supply,0.9107413752713087,Industrial
2031,ind,5-15,SRSE,SERC Reliability Corporation / Southeastern,AEO2026 Low Oil and Gas Supply,0.941864395159218,Industrial
2031,ind,5-14,SRCA,SERC Reliability Corporation / East,AEO2026 Low Oil and Gas Supply,0.9327793570554848,Industrial
2031,ind,5-25,BASN,Western Electricity Coordinating Council / Basin,AEO2026 Low Oil and Gas Supply,0.9609433605943928,Industrial
2031,res,5-6,MISS,Midcontinent / South,AEO2026 Low Oil and Gas Supply,0.9973618178998183,Residential
2031,res,5-3,MISW,Midcontinent / West,AEO2026 Low Oil and Gas Supply,1.00174950631258,Residential
2031,res,5-8,NYCW,Northeast Power Coordinating Council / New York City and Long Island,AEO2026 Low Oil and Gas Supply,1.0240897448552302,Residential
2031,res,5-21,CANO,Western Electricity Coordinating Council / California North,AEO2026 Low Oil and Gas Supply,1.0612584207967972,Residential
2031,res,5-25,BASN,Western Electricity Coordinating Council / Basin,AEO2026 Low Oil and Gas Supply,1.1161553725538145,Residential
2031,res,5-1,TRE,Texas Reliability Entity,AEO2026 Low Oil and Gas Supply,1.009497323780178,Residential
2031,res,5-17,SPPS,Southwest Power Pool / South,AEO2026 Low Oil and Gas Supply,1.0132979217513867,Residential
2031,res,5-19,SPPN,Southwest Power Pool / North,AEO2026 Low Oil and Gas Supply,0.9941338714389916,Residential
2031,res,5-18,SPPC,Southwest Power Pool / Central,AEO2026 Low Oil and Gas Supply,0.9921682926996555,Residential
2031,res,5-15,SRSE,SERC Reliability Corporation / Southeastern,AEO2026 Low Oil and Gas Supply,0.9855607480081038,Residential
2031,res,5-14,SRCA,SERC Reliability Corporation / East,AEO2026 Low Oil and Gas Supply,1.0058064373060835,Residential
2031,res,5-16,SRCE,SERC Reliability Corporation / Central,AEO2026 Low Oil and Gas Supply,0.9403563001970809,Residential
2031,res,5-11,PJMW,PJM / West,AEO2026 Low Oil and Gas Supply,1.0082497776739692,Residential
2031,res,5-10,PJME,PJM / East,AEO2026 Low Oil and Gas Supply,1.0182950685189982,Residential
2031,res,5-13,PJMD,PJM / Dominion,AEO2026 Low Oil and Gas Supply,1.0058063723990371,Residential
2031,res,5-12,PJMC,PJM / Commonwealth Edison,AEO2026 Low Oil and Gas Supply,1.0186113495978997,Residential
2031,res,5-9,NYUP,Northeast Power Coordinating Council / Upstate New York,AEO2026 Low Oil and Gas Supply,1.0240897693663031,Residential
2031,res,5-7,ISNE,Northeast Power Coordinating Council / New England,AEO2026 Low Oil and Gas Supply,0.9940850582336559,Residential
2031,ind,5-16,SRCE,SERC Reliability Corporation / Central,AEO2026 Low Oil and Gas Supply,0.9523692523576017,Industrial
2031,ind,5-11,PJMW,PJM / West,AEO2026 Low Oil and Gas Supply,0.9315812988592655,Industrial
2031,ind,5-10,PJME,PJM / East,AEO2026 Low Oil and Gas Supply,0.8640224443577553,Industrial
2031,ind,5-13,PJMD,PJM / Dominion,AEO2026 Low Oil and Gas Supply,0.9327793138452949,Industrial
2031,com,5-15,SRSE,SERC Reliability Corporation / Southeastern,AEO2026 Low Oil and Gas Supply,1.0810087472837506,Commercial
2031,com,5-14,SRCA,SERC Reliability Corporation / East,AEO2026 Low Oil and Gas Supply,1.1019142061499754,Commercial
2031,com,5-16,SRCE,SERC Reliability Corporation / Central,AEO2026 Low Oil and Gas Supply,1.0231059334439074,Commercial
2031,com,5-11,PJMW,PJM / West,AEO2026 Low Oil and Gas Supply,1.0511896503911244,Commercial
2031,com,5-10,PJME,PJM / East,AEO2026 Low Oil and Gas Supply,1.0633054789163012,Commercial
2031,com,5-13,PJMD,PJM / Dominion,AEO2026 Low Oil and Gas Supply,1.1019141505649088,Commercial
2031,com,5-12,PJMC,PJM / Commonwealth Edison,AEO2026 Low Oil and Gas Supply,1.0416507056648256,Commercial
2031,com,5-9,NYUP,Northeast Power Coordinating Council / Upstate New York,AEO2026 Low Oil and Gas Supply,1.0400695629169083,Commercial
2031,com,5-7,ISNE,Northeast Power Coordinating Council / New England,AEO2026 Low Oil and Gas Supply,0.9959294157524016,Commercial
2031,com,5-8,NYCW,Northeast Power Coordinating Council / New York City and Long Island,AEO2026 Low Oil and Gas Supply,1.0400696524136184,Commercial
2031,com,5-3,MISW,Midcontinent / West,AEO2026 Low Oil and Gas Supply,1.0384777316745963,Commercial
2031,com,5-6,MISS,Midcontinent / South,AEO2026 Low Oil and Gas Supply,1.1800654027641784,Commercial
2031,com,5-5,MISE,Midcontinent / East,AEO2026 Low Oil and Gas Supply,1.041650660587991,Commercial
2031,com,5-4,MISC,Midcontinent / Central,AEO2026 Low Oil and Gas Supply,1.0396345356062784,Commercial
2031,com,5-2,FRCC,Florida Reliability Coordinating Council,AEO2026 Low Oil and Gas Supply,1.101914018970075,Commercial
2031,com,5-18,SPPC,Southwest Power Pool / Central,AEO2026 Low Oil and Gas Supply,1.0368616882076689,Commercial
2031,res,5-22,CASO,Western Electricity Coordinating Council / California South,AEO2026 Low Oil and Gas Supply,1.061260305086879,Residential
2031,com,5-19,SPPN,Southwest Power Pool / North,AEO2026 Low Oil and Gas Supply,1.0402286611587102,Commercial
2031,com,5-1,TRE,Texas Reliability Entity,AEO2026 Low Oil and Gas Supply,1.2085601784483093,Commercial
2031,ind,5-12,PJMC,PJM / Commonwealth Edison,AEO2026 Low Oil and Gas Supply,0.9467132617535384,Industrial
2031,ind,5-9,NYUP,Northeast Power Coordinating Council / Upstate New York,AEO2026 Low Oil and Gas Supply,0.8576370219254118,Industrial
2031,ind,5-7,ISNE,Northeast Power Coordinating Council / New England,AEO2026 Low Oil and Gas Supply,0.8512531077634651,Industrial
2031,ind,5-8,NYCW,Northeast Power Coordinating Council / New York City and Long Island,AEO2026 Low Oil and Gas Supply,0.8569671918954834,Industrial
2031,ind,5-3,MISW,Midcontinent / West,AEO2026 Low Oil and Gas Supply,0.9227649286286687,Industrial
2031,ind,5-6,MISS,Midcontinent / South,AEO2026 Low Oil and Gas Supply,0.9362753295831459,Industrial
2031,ind,5-5,MISE,Midcontinent / East,AEO2026 Low Oil and Gas Supply,0.9467132516550617,Industrial
2031,ind,5-4,MISC,Midcontinent / Central,AEO2026 Low Oil and Gas Supply,0.9421854912211542,Industrial
2031,ind,5-2,FRCC,Florida Reliability Coordinating Council,AEO2026 Low Oil and Gas Supply,0.9356909607617703,Industrial
2031,com,5-23,NWPP,Western Electricity Coordinating Council / Northwest Power Pool Area,AEO2026 Low Oil and Gas Supply,1.0948710155692425,Commercial
2031,com,5-20,SRSG,Western Electricity Coordinating Council / Southwest,AEO2026 Low Oil and Gas Supply,1.1596562099333023,Commercial
2031,com,5-24,RMRG,Western Electricity Coordinating Council / Rockies,AEO2026 Low Oil and Gas Supply,1.1527480924274327,Commercial
2031,com,5-22,CASO,Western Electricity Coordinating Council / California South,AEO2026 Low Oil and Gas Supply,1.08525086199905,Commercial
2031,com,5-21,CANO,Western Electricity Coordinating Council / California North,AEO2026 Low Oil and Gas Supply,1.0852507201166335,Commercial
2031,com,5-25,BASN,Western Electricity Coordinating Council / Basin,AEO2026 Low Oil and Gas Supply,1.1603766013922348,Commercial
2031,com,5-17,SPPS,Southwest Power Pool / South,AEO2026 Low Oil and Gas Supply,1.205096188792281,Commercial
2031,res,5-24,RMRG,Western Electricity Coordinating Council / Rockies,AEO2026 Low Oil and Gas Supply,1.1091414078038424,Residential
2031,res,5-23,NWPP,Western Electricity Coordinating Council / Northwest Power Pool Area,AEO2026 Low Oil and Gas Supply,1.0685580497689982,Residential
2031,trans,5-15,SRSE,SERC Reliability Corporation / Southeastern,AEO2026 Low Oil and Gas Supply,1.162830021377068,Transportation
2031,trans,5-14,SRCA,SERC Reliability Corporation / East,AEO2026 Low Oil and Gas Supply,1.1635785311335303,Transportation
2031,trans,5-16,SRCE,SERC Reliability Corporation / Central,AEO2026 Low Oil and Gas Supply,1.1045041047259818,Transportation
2031,trans,5-11,PJMW,PJM / West,AEO2026 Low Oil and Gas Supply,1.0303840393913961,Transportation
2031,trans,5-10,PJME,PJM / East,AEO2026 Low Oil and Gas Supply,1.0983928342390115,Transportation
2031,trans,5-13,PJMD,PJM / Dominion,AEO2026 Low Oil and Gas Supply,1.163576900676493,Transportation
2031,trans,5-12,PJMC,PJM / Commonwealth Edison,AEO2026 Low Oil and Gas Supply,0.9426316366426718,Transportation
2031,trans,5-9,NYUP,Northeast Power Coordinating Council / Upstate New York,AEO2026 Low Oil and Gas Supply,1.0957392981684848,Transportation
2031,trans,5-7,ISNE,Northeast Power Coordinating Council / New England,AEO2026 Low Oil and Gas Supply,1.211568370125164,Transportation
2031,trans,5-8,NYCW,Northeast Power Coordinating Council / New York City and Long Island,AEO2026 Low Oil and Gas Supply,1.0957394341233657,Transportation
2031,trans,5-3,MISW,Midcontinent / West,AEO2026 Low Oil and Gas Supply,0.9817733152680682,Transportation
2031,trans,5-6,MISS,Midcontinent / South,AEO2026 Low Oil and Gas Supply,1.3454667522914359,Transportation
2031,trans,5-5,MISE,Midcontinent / East,AEO2026 Low Oil and Gas Supply,0.942632204995867,Transportation
2031,trans,5-4,MISC,Midcontinent / Central,AEO2026 Low Oil and Gas Supply,0.95313402887823,Transportation
2031,trans,5-2,FRCC,Florida Reliability Coordinating Council,AEO2026 Low Oil and Gas Supply,1.1635781479025247,Transportation
2031,trans,5-18,SPPC,Southwest Power Pool / Central,AEO2026 Low Oil and Gas Supply,1.1662396970372022,Transportation
2031,res,5-20,SRSG,Western Electricity Coordinating Council / Southwest,AEO2026 Low Oil and Gas Supply,1.1087370677632857,Residential
2031,trans,5-19,SPPN,Southwest Power Pool / North,AEO2026 Low Oil and Gas Supply,1.172018952355883,Transportation
2031,trans,5-1,TRE,Texas Reliability Entity,AEO2026 Low Oil and Gas Supply,1.3478524797921172,Transportation
2031,trans,5-23,NWPP,Western Electricity Coordinating Council / Northwest Power Pool Area,AEO2026 Low Oil and Gas Supply,1.1590934942557638,Transportation
2031,trans,5-20,SRSG,Western Electricity Coordinating Council / Southwest,AEO2026 Low Oil and Gas Supply,1.2694833278510775,Transportation
2031,trans,5-24,RMRG,Western Electricity Coordinating Council / Rockies,AEO2026 Low Oil and Gas Supply,1.289642243399469,Transportation
2031,trans,5-22,CASO,Western Electricity Coordinating Council / California South,AEO2026 Low Oil and Gas Supply,1.152977856510186,Transportation
2031,trans,5-21,CANO,Western Electricity Coordinating Council / California North,AEO2026 Low Oil and Gas Supply,1.1529750943647772,Transportation
2031,trans,5-25,BASN,Western Electricity Coordinating Council / Basin,AEO2026 Low Oil and Gas Supply,1.2892869605676398,Transportation
2031,trans,5-17,SPPS,Southwest Power Pool / South,AEO2026 Low Oil and Gas Supply,1.3361034432660177,Transportation
2032,trans,5-23,NWPP,Western Electricity Coordinating Council / Northwest Power Pool Area,AEO2026 Low Oil and Gas Supply,1.1854738770452056,Transportation
2032,ind,5-20,SRSG,Western Electricity Coordinating Council / Southwest,AEO2026 Low Oil and Gas Supply,0.9667254823985382,Industrial
2032,ind,5-24,RMRG,Western Electricity Coordinating Council / Rockies,AEO2026 Low Oil and Gas Supply,0.9659725714469388,Industrial
2032,ind,5-22,CASO,Western Electricity Coordinating Council / California South,AEO2026 Low Oil and Gas Supply,0.9478086766782353,Industrial
2032,ind,5-21,CANO,Western Electricity Coordinating Council / California North,AEO2026 Low Oil and Gas Supply,0.9478085552293004,Industrial
2032,ind,5-25,BASN,Western Electricity Coordinating Council / Basin,AEO2026 Low Oil and Gas Supply,0.9698946624887442,Industrial
2032,ind,5-1,TRE,Texas Reliability Entity,AEO2026 Low Oil and Gas Supply,0.9401098645357091,Industrial
2032,ind,5-17,SPPS,Southwest Power Pool / South,AEO2026 Low Oil and Gas Supply,0.944059238904569,Industrial
2032,ind,5-19,SPPN,Southwest Power Pool / North,AEO2026 Low Oil and Gas Supply,0.9176080473864413,Industrial
2032,ind,5-18,SPPC,Southwest Power Pool / Central,AEO2026 Low Oil and Gas Supply,0.9168879568502488,Industrial
2032,ind,5-15,SRSE,SERC Reliability Corporation / Southeastern,AEO2026 Low Oil and Gas Supply,0.9458926200820015,Industrial
2032,ind,5-14,SRCA,SERC Reliability Corporation / East,AEO2026 Low Oil and Gas Supply,0.9368731614390206,Industrial
2032,ind,5-16,SRCE,SERC Reliability Corporation / Central,AEO2026 Low Oil and Gas Supply,0.9563215007512822,Industrial
2032,ind,5-11,PJMW,PJM / West,AEO2026 Low Oil and Gas Supply,0.9345525628405728,Industrial
2032,ind,5-10,PJME,PJM / East,AEO2026 Low Oil and Gas Supply,0.8521641981603002,Industrial
2032,ind,5-23,NWPP,Western Electricity Coordinating Council / Northwest Power Pool Area,AEO2026 Low Oil and Gas Supply,0.9509949169634972,Industrial
2032,ind,5-13,PJMD,PJM / Dominion,AEO2026 Low Oil and Gas Supply,0.9368732117438264,Industrial
2032,ind,5-9,NYUP,Northeast Power Coordinating Council / Upstate New York,AEO2026 Low Oil and Gas Supply,0.843473989441507,Industrial
2032,ind,5-7,ISNE,Northeast Power Coordinating Council / New England,AEO2026 Low Oil and Gas Supply,0.8373043377913627,Industrial
2032,ind,5-8,NYCW,Northeast Power Coordinating Council / New York City and Long Island,AEO2026 Low Oil and Gas Supply,0.8434754845278981,Industrial
2032,ind,5-3,MISW,Midcontinent / West,AEO2026 Low Oil and Gas Supply,0.9290177886219936,Industrial
2032,ind,5-6,MISS,Midcontinent / South,AEO2026 Low Oil and Gas Supply,0.9410436565391757,Industrial
2032,ind,5-5,MISE,Midcontinent / East,AEO2026 Low Oil and Gas Supply,0.9531778100792045,Industrial
2032,ind,5-4,MISC,Midcontinent / Central,AEO2026 Low Oil and Gas Supply,0.9483491378570307,Industrial
2032,ind,5-2,FRCC,Florida Reliability Coordinating Council,AEO2026 Low Oil and Gas Supply,0.9402424837014923,Industrial
2032,com,5-23,NWPP,Western Electricity Coordinating Council / Northwest Power Pool Area,AEO2026 Low Oil and Gas Supply,1.1253485551618831,Commercial
2032,com,5-20,SRSG,Western Electricity Coordinating Council / Southwest,AEO2026 Low Oil and Gas Supply,1.197117676807209,Commercial
2032,com,5-24,RMRG,Western Electricity Coordinating Council / Rockies,AEO2026 Low Oil and Gas Supply,1.1902529762809393,Commercial
2032,com,5-22,CASO,Western Electricity Coordinating Council / California South,AEO2026 Low Oil and Gas Supply,1.1144146412163884,Commercial
2032,com,5-21,CANO,Western Electricity Coordinating Council / California North,AEO2026 Low Oil and Gas Supply,1.1144143814426348,Commercial
2032,com,5-25,BASN,Western Electricity Coordinating Council / Basin,AEO2026 Low Oil and Gas Supply,1.1998006752449104,Commercial
2032,ind,5-12,PJMC,PJM / Commonwealth Edison,AEO2026 Low Oil and Gas Supply,0.953177792120424,Industrial
2032,res,5-2,FRCC,Florida Reliability Coordinating Council,AEO2026 Low Oil and Gas Supply,1.0159302110474202,Residential
2032,res,5-4,MISC,Midcontinent / Central,AEO2026 Low Oil and Gas Supply,1.0143219292986907,Residential
2032,res,5-5,MISE,Midcontinent / East,AEO2026 Low Oil and Gas Supply,1.0277869668136796,Residential
2032,trans,5-12,PJMC,PJM / Commonwealth Edison,AEO2026 Low Oil and Gas Supply,0.920467298988876,Transportation
2032,trans,5-9,NYUP,Northeast Power Coordinating Council / Upstate New York,AEO2026 Low Oil and Gas Supply,1.1049222376716437,Transportation
2032,trans,5-7,ISNE,Northeast Power Coordinating Council / New England,AEO2026 Low Oil and Gas Supply,1.235053767653223,Transportation
2032,trans,5-8,NYCW,Northeast Power Coordinating Council / New York City and Long Island,AEO2026 Low Oil and Gas Supply,1.104922060187968,Transportation
2032,trans,5-3,MISW,Midcontinent / West,AEO2026 Low Oil and Gas Supply,0.9668128029838597,Transportation
2032,trans,5-6,MISS,Midcontinent / South,AEO2026 Low Oil and Gas Supply,1.3958491447253198,Transportation
2032,trans,5-5,MISE,Midcontinent / East,AEO2026 Low Oil and Gas Supply,0.920470353420294,Transportation
2032,trans,5-4,MISC,Midcontinent / Central,AEO2026 Low Oil and Gas Supply,0.9329057965619802,Transportation
2032,trans,5-2,FRCC,Florida Reliability Coordinating Council,AEO2026 Low Oil and Gas Supply,1.165077702260314,Transportation
2032,res,5-23,NWPP,Western Electricity Coordinating Council / Northwest Power Pool Area,AEO2026 Low Oil and Gas Supply,1.097984369607113,Residential
2032,res,5-20,SRSG,Western Electricity Coordinating Council / Southwest,AEO2026 Low Oil and Gas Supply,1.1359390142942312,Residential
2032,res,5-24,RMRG,Western Electricity Coordinating Council / Rockies,AEO2026 Low Oil and Gas Supply,1.1357883046615704,Residential
2032,res,5-22,CASO,Western Electricity Coordinating Council / California South,AEO2026 Low Oil and Gas Supply,1.0908846765966467,Residential
2032,res,5-21,CANO,Western Electricity Coordinating Council / California North,AEO2026 Low Oil and Gas Supply,1.0908826351800254,Residential
2032,res,5-25,BASN,Western Electricity Coordinating Council / Basin,AEO2026 Low Oil and Gas Supply,1.1442906455604867,Residential
2032,res,5-1,TRE,Texas Reliability Entity,AEO2026 Low Oil and Gas Supply,1.0191747214524158,Residential
2032,res,5-17,SPPS,Southwest Power Pool / South,AEO2026 Low Oil and Gas Supply,1.0236298877945564,Residential
2032,res,5-6,MISS,Midcontinent / South,AEO2026 Low Oil and Gas Supply,1.0048372920290038,Residential
2032,res,5-3,MISW,Midcontinent / West,AEO2026 Low Oil and Gas Supply,1.007365947178718,Residential
2032,res,5-8,NYCW,Northeast Power Coordinating Council / New York City and Long Island,AEO2026 Low Oil and Gas Supply,1.0419029263343635,Residential
2032,res,5-7,ISNE,Northeast Power Coordinating Council / New England,AEO2026 Low Oil and Gas Supply,1.0108356989186886,Residential
2032,res,5-9,NYUP,Northeast Power Coordinating Council / Upstate New York,AEO2026 Low Oil and Gas Supply,1.0419029102626598,Residential
2032,res,5-12,PJMC,PJM / Commonwealth Edison,AEO2026 Low Oil and Gas Supply,1.0277873046662795,Residential
2032,com,5-1,TRE,Texas Reliability Entity,AEO2026 Low Oil and Gas Supply,1.2288237794086845,Commercial
2032,res,5-13,PJMD,PJM / Dominion,AEO2026 Low Oil and Gas Supply,1.0159303050298907,Residential
2032,res,5-11,PJMW,PJM / West,AEO2026 Low Oil and Gas Supply,1.017446836363526,Residential
2032,res,5-16,SRCE,SERC Reliability Corporation / Central,AEO2026 Low Oil and Gas Supply,0.9375045213381592,Residential
2032,res,5-14,SRCA,SERC Reliability Corporation / East,AEO2026 Low Oil and Gas Supply,1.015930350180288,Residential
2032,res,5-15,SRSE,SERC Reliability Corporation / Southeastern,AEO2026 Low Oil and Gas Supply,0.9916709063843504,Residential
2032,res,5-18,SPPC,Southwest Power Pool / Central,AEO2026 Low Oil and Gas Supply,0.9957646709286251,Residential
2032,res,5-19,SPPN,Southwest Power Pool / North,AEO2026 Low Oil and Gas Supply,0.9981147682386843,Residential
2032,res,5-10,PJME,PJM / East,AEO2026 Low Oil and Gas Supply,1.0336711855145895,Residential
2032,trans,5-13,PJMD,PJM / Dominion,AEO2026 Low Oil and Gas Supply,1.1650732494063887,Transportation
2032,com,5-17,SPPS,Southwest Power Pool / South,AEO2026 Low Oil and Gas Supply,1.226757145877084,Commercial
2032,com,5-18,SPPC,Southwest Power Pool / Central,AEO2026 Low Oil and Gas Supply,1.0460059795146788,Commercial
2032,com,5-15,SRSE,SERC Reliability Corporation / Southeastern,AEO2026 Low Oil and Gas Supply,1.1008739590140604,Commercial
2032,com,5-14,SRCA,SERC Reliability Corporation / East,AEO2026 Low Oil and Gas Supply,1.1249163597228788,Commercial
2032,com,5-16,SRCE,SERC Reliability Corporation / Central,AEO2026 Low Oil and Gas Supply,1.0342817670392404,Commercial
2032,com,5-11,PJMW,PJM / West,AEO2026 Low Oil and Gas Supply,1.0604865648310926,Commercial
2032,com,5-10,PJME,PJM / East,AEO2026 Low Oil and Gas Supply,1.080915122365751,Commercial
2032,com,5-13,PJMD,PJM / Dominion,AEO2026 Low Oil and Gas Supply,1.1249162987053132,Commercial
2032,com,5-12,PJMC,PJM / Commonwealth Edison,AEO2026 Low Oil and Gas Supply,1.0460265834697156,Commercial
2032,com,5-9,NYUP,Northeast Power Coordinating Council / Upstate New York,AEO2026 Low Oil and Gas Supply,1.0544338843746728,Commercial
2032,com,5-7,ISNE,Northeast Power Coordinating Council / New England,AEO2026 Low Oil and Gas Supply,0.996307071791157,Commercial
2032,com,5-8,NYCW,Northeast Power Coordinating Council / New York City and Long Island,AEO2026 Low Oil and Gas Supply,1.0544339447902678,Commercial
2032,com,5-3,MISW,Midcontinent / West,AEO2026 Low Oil and Gas Supply,1.045850443372719,Commercial
2032,com,5-6,MISS,Midcontinent / South,AEO2026 Low Oil and Gas Supply,1.1989181806648115,Commercial
2032,com,5-5,MISE,Midcontinent / East,AEO2026 Low Oil and Gas Supply,1.046026551595289,Commercial
2032,com,5-4,MISC,Midcontinent / Central,AEO2026 Low Oil and Gas Supply,1.0457316732176525,Commercial
2032,com,5-2,FRCC,Florida Reliability Coordinating Council,AEO2026 Low Oil and Gas Supply,1.1249162715139793,Commercial
2032,com,5-19,SPPN,Southwest Power Pool / North,AEO2026 Low Oil and Gas Supply,1.0502364008206866,Commercial
2032,trans,5-10,PJME,PJM / East,AEO2026 Low Oil and Gas Supply,1.1072758927300603,Transportation
2032,trans,5-16,SRCE,SERC Reliability Corporation / Central,AEO2026 Low Oil and Gas Supply,1.109163523408032,Transportation
2032,trans,5-11,PJMW,PJM / West,AEO2026 Low Oil and Gas Supply,1.0246609184443118,Transportation
2032,trans,5-20,SRSG,Western Electricity Coordinating Council / Southwest,AEO2026 Low Oil and Gas Supply,1.3162774265073158,Transportation
2032,trans,5-24,RMRG,Western Electricity Coordinating Council / Rockies,AEO2026 Low Oil and Gas Supply,1.3401700627134152,Transportation
2032,trans,5-22,CASO,Western Electricity Coordinating Council / California South,AEO2026 Low Oil and Gas Supply,1.1782178919397697,Transportation
2032,trans,5-21,CANO,Western Electricity Coordinating Council / California North,AEO2026 Low Oil and Gas Supply,1.1782181930290887,Transportation
2032,trans,5-25,BASN,Western Electricity Coordinating Council / Basin,AEO2026 Low Oil and Gas Supply,1.3399732464813308,Transportation
2032,trans,5-1,TRE,Texas Reliability Entity,AEO2026 Low Oil and Gas Supply,1.3985771946453105,Transportation
2032,trans,5-17,SPPS,Southwest Power Pool / South,AEO2026 Low Oil and Gas Supply,1.3869533633590003,Transportation
2032,trans,5-19,SPPN,Southwest Power Pool / North,AEO2026 Low Oil and Gas Supply,1.1924848644380102,Transportation
2032,trans,5-18,SPPC,Southwest Power Pool / Central,AEO2026 Low Oil and Gas Supply,1.1852305635999107,Transportation
2032,trans,5-15,SRSE,SERC Reliability Corporation / Southeastern,AEO2026 Low Oil and Gas Supply,1.164369720173491,Transportation
2032,trans,5-14,SRCA,SERC Reliability Corporation / East,AEO2026 Low Oil and Gas Supply,1.1650770785093805,Transportation
2033,trans,5-21,CANO,Western Electricity Coordinating Council / California North,AEO2026 Low Oil and Gas Supply,1.205956854674077,Transportation
2033,trans,5-22,CASO,Western Electricity Coordinating Council / California South,AEO2026 Low Oil and Gas Supply,1.205955713020372,Transportation
2033,trans,5-25,BASN,Western Electricity Coordinating Council / Basin,AEO2026 Low Oil and Gas Supply,1.3931022449691752,Transportation
2033,trans,5-1,TRE,Texas Reliability Entity,AEO2026 Low Oil and Gas Supply,1.4528589228852278,Transportation
2033,trans,5-17,SPPS,Southwest Power Pool / South,AEO2026 Low Oil and Gas Supply,1.441144849629522,Transportation
2033,trans,5-19,SPPN,Southwest Power Pool / North,AEO2026 Low Oil and Gas Supply,1.211503027112398,Transportation
2033,trans,5-4,MISC,Midcontinent / Central,AEO2026 Low Oil and Gas Supply,0.9140920515738387,Transportation
2033,trans,5-5,MISE,Midcontinent / East,AEO2026 Low Oil and Gas Supply,0.8998709703433398,Transportation
2033,trans,5-6,MISS,Midcontinent / South,AEO2026 Low Oil and Gas Supply,1.449763558876759,Transportation
2033,trans,5-3,MISW,Midcontinent / West,AEO2026 Low Oil and Gas Supply,0.9528517188618884,Transportation
2033,trans,5-8,NYCW,Northeast Power Coordinating Council / New York City and Long Island,AEO2026 Low Oil and Gas Supply,1.1145994198824352,Transportation
2033,trans,5-7,ISNE,Northeast Power Coordinating Council / New England,AEO2026 Low Oil and Gas Supply,1.2582766928486082,Transportation
2033,trans,5-9,NYUP,Northeast Power Coordinating Council / Upstate New York,AEO2026 Low Oil and Gas Supply,1.1145994430404114,Transportation
2033,trans,5-12,PJMC,PJM / Commonwealth Edison,AEO2026 Low Oil and Gas Supply,0.8998689767133514,Transportation
2033,trans,5-13,PJMD,PJM / Dominion,AEO2026 Low Oil and Gas Supply,1.1630124098382688,Transportation
2033,trans,5-10,PJME,PJM / East,AEO2026 Low Oil and Gas Supply,1.1164939465425396,Transportation
2033,trans,5-11,PJMW,PJM / West,AEO2026 Low Oil and Gas Supply,1.0196361834362289,Transportation
2033,trans,5-16,SRCE,SERC Reliability Corporation / Central,AEO2026 Low Oil and Gas Supply,1.1118260483692035,Transportation
2033,trans,5-14,SRCA,SERC Reliability Corporation / East,AEO2026 Low Oil and Gas Supply,1.1630129503497417,Transportation
2033,trans,5-15,SRSE,SERC Reliability Corporation / Southeastern,AEO2026 Low Oil and Gas Supply,1.1623694864692096,Transportation
2033,trans,5-18,SPPC,Southwest Power Pool / Central,AEO2026 Low Oil and Gas Supply,1.2025506794386278,Transportation
2033,trans,5-2,FRCC,Florida Reliability Coordinating Council,AEO2026 Low Oil and Gas Supply,1.1630163430304514,Transportation
2033,res,5-23,NWPP,Western Electricity Coordinating Council / Northwest Power Pool Area,AEO2026 Low Oil and Gas Supply,1.1245984528959283,Residential
2033,res,5-20,SRSG,Western Electricity Coordinating Council / Southwest,AEO2026 Low Oil and Gas Supply,1.1613997835662964,Residential
2033,res,5-24,RMRG,Western Electricity Coordinating Council / Rockies,AEO2026 Low Oil and Gas Supply,1.1609043629979967,Residential
2033,com,5-25,BASN,Western Electricity Coordinating Council / Basin,AEO2026 Low Oil and Gas Supply,1.2425463361190714,Commercial
2033,com,5-21,CANO,Western Electricity Coordinating Council / California North,AEO2026 Low Oil and Gas Supply,1.1483519081891387,Commercial
2033,com,5-22,CASO,Western Electricity Coordinating Council / California South,AEO2026 Low Oil and Gas Supply,1.148351929076848,Commercial
2033,com,5-24,RMRG,Western Electricity Coordinating Council / Rockies,AEO2026 Low Oil and Gas Supply,1.2309534719576516,Commercial
2033,com,5-20,SRSG,Western Electricity Coordinating Council / Southwest,AEO2026 Low Oil and Gas Supply,1.2376267286502058,Commercial
2033,com,5-23,NWPP,Western Electricity Coordinating Council / Northwest Power Pool Area,AEO2026 Low Oil and Gas Supply,1.1604138925797813,Commercial
2033,ind,5-2,FRCC,Florida Reliability Coordinating Council,AEO2026 Low Oil and Gas Supply,0.943933767830141,Industrial
2033,ind,5-4,MISC,Midcontinent / Central,AEO2026 Low Oil and Gas Supply,0.9574115583479204,Industrial
2033,ind,5-5,MISE,Midcontinent / East,AEO2026 Low Oil and Gas Supply,0.9627520220099407,Industrial
2033,ind,5-6,MISS,Midcontinent / South,AEO2026 Low Oil and Gas Supply,0.9416276441060328,Industrial
2033,ind,5-3,MISW,Midcontinent / West,AEO2026 Low Oil and Gas Supply,0.9387987997378259,Industrial
2033,ind,5-8,NYCW,Northeast Power Coordinating Council / New York City and Long Island,AEO2026 Low Oil and Gas Supply,0.8319253404207583,Industrial
2033,ind,5-7,ISNE,Northeast Power Coordinating Council / New England,AEO2026 Low Oil and Gas Supply,0.8256144187659812,Industrial
2033,ind,5-9,NYUP,Northeast Power Coordinating Council / Upstate New York,AEO2026 Low Oil and Gas Supply,0.8319252294308243,Industrial
2033,ind,5-12,PJMC,PJM / Commonwealth Edison,AEO2026 Low Oil and Gas Supply,0.9627520149828606,Industrial
2033,com,5-1,TRE,Texas Reliability Entity,AEO2026 Low Oil and Gas Supply,1.2475017935985646,Commercial
2033,ind,5-13,PJMD,PJM / Dominion,AEO2026 Low Oil and Gas Supply,0.9420622663549291,Industrial
2033,com,5-17,SPPS,Southwest Power Pool / South,AEO2026 Low Oil and Gas Supply,1.2471882881549425,Commercial
2033,com,5-18,SPPC,Southwest Power Pool / Central,AEO2026 Low Oil and Gas Supply,1.056684288896329,Commercial
2033,com,5-2,FRCC,Florida Reliability Coordinating Council,AEO2026 Low Oil and Gas Supply,1.1502938435893233,Commercial
2033,com,5-4,MISC,Midcontinent / Central,AEO2026 Low Oil and Gas Supply,1.0533676206993723,Commercial
2033,com,5-5,MISE,Midcontinent / East,AEO2026 Low Oil and Gas Supply,1.0519540223549293,Commercial
2033,com,5-6,MISS,Midcontinent / South,AEO2026 Low Oil and Gas Supply,1.2165864484955318,Commercial
2033,com,5-3,MISW,Midcontinent / West,AEO2026 Low Oil and Gas Supply,1.0547661663332677,Commercial
2033,com,5-8,NYCW,Northeast Power Coordinating Council / New York City and Long Island,AEO2026 Low Oil and Gas Supply,1.0694731676846065,Commercial
2033,com,5-7,ISNE,Northeast Power Coordinating Council / New England,AEO2026 Low Oil and Gas Supply,1.0057790614035569,Commercial
2033,com,5-9,NYUP,Northeast Power Coordinating Council / Upstate New York,AEO2026 Low Oil and Gas Supply,1.0694731072649293,Commercial
2033,com,5-12,PJMC,PJM / Commonwealth Edison,AEO2026 Low Oil and Gas Supply,1.051953968566093,Commercial
2033,com,5-13,PJMD,PJM / Dominion,AEO2026 Low Oil and Gas Supply,1.1502938993785545,Commercial
2033,com,5-10,PJME,PJM / East,AEO2026 Low Oil and Gas Supply,1.0998386852538256,Commercial
2033,com,5-11,PJMW,PJM / West,AEO2026 Low Oil and Gas Supply,1.0713521332402838,Commercial
2033,com,5-16,SRCE,SERC Reliability Corporation / Central,AEO2026 Low Oil and Gas Supply,1.0465109262639505,Commercial
2033,com,5-14,SRCA,SERC Reliability Corporation / East,AEO2026 Low Oil and Gas Supply,1.1502937999404454,Commercial
2033,com,5-15,SRSE,SERC Reliability Corporation / Southeastern,AEO2026 Low Oil and Gas Supply,1.1227635215332539,Commercial
2033,com,5-19,SPPN,Southwest Power Pool / North,AEO2026 Low Oil and Gas Supply,1.0618337004289735,Commercial
2033,ind,5-10,PJME,PJM / East,AEO2026 Low Oil and Gas Supply,0.8421728538953879,Industrial
2033,ind,5-16,SRCE,SERC Reliability Corporation / Central,AEO2026 Low Oil and Gas Supply,0.9604443970238155,Industrial
2033,res,5-9,NYUP,Northeast Power Coordinating Council / Upstate New York,AEO2026 Low Oil and Gas Supply,1.0614525615960957,Residential
2033,res,5-12,PJMC,PJM / Commonwealth Edison,AEO2026 Low Oil and Gas Supply,1.0395090952405694,Residential
2033,res,5-13,PJMD,PJM / Dominion,AEO2026 Low Oil and Gas Supply,1.02766343208504,Residential
2033,res,5-10,PJME,PJM / East,AEO2026 Low Oil and Gas Supply,1.0507435558623741,Residential
2033,res,5-11,PJMW,PJM / West,AEO2026 Low Oil and Gas Supply,1.0288291452764744,Residential
2033,res,5-16,SRCE,SERC Reliability Corporation / Central,AEO2026 Low Oil and Gas Supply,0.9366506881468156,Residential
2033,res,5-14,SRCA,SERC Reliability Corporation / East,AEO2026 Low Oil and Gas Supply,1.0276636125746164,Residential
2033,res,5-15,SRSE,SERC Reliability Corporation / Southeastern,AEO2026 Low Oil and Gas Supply,0.9995106287245157,Residential
2033,res,5-18,SPPC,Southwest Power Pool / Central,AEO2026 Low Oil and Gas Supply,1.001063956812597,Residential
2033,res,5-19,SPPN,Southwest Power Pool / North,AEO2026 Low Oil and Gas Supply,1.0037464466812276,Residential
2033,res,5-17,SPPS,Southwest Power Pool / South,AEO2026 Low Oil and Gas Supply,1.0330553532447864,Residential
2033,res,5-1,TRE,Texas Reliability Entity,AEO2026 Low Oil and Gas Supply,1.0279766216019648,Residential
2033,res,5-25,BASN,Western Electricity Coordinating Council / Basin,AEO2026 Low Oil and Gas Supply,1.1706775101450646,Residential
2033,res,5-21,CANO,Western Electricity Coordinating Council / California North,AEO2026 Low Oil and Gas Supply,1.117531866800654,Residential
2033,res,5-22,CASO,Western Electricity Coordinating Council / California South,AEO2026 Low Oil and Gas Supply,1.1175336561073683,Residential
2033,res,5-7,ISNE,Northeast Power Coordinating Council / New England,AEO2026 Low Oil and Gas Supply,1.0295725199182173,Residential
2033,ind,5-11,PJMW,PJM / West,AEO2026 Low Oil and Gas Supply,0.9398473944225764,Industrial
2033,res,5-8,NYCW,Northeast Power Coordinating Council / New York City and Long Island,AEO2026 Low Oil and Gas Supply,1.0614525535337953,Residential
2033,res,5-6,MISS,Midcontinent / South,AEO2026 Low Oil and Gas Supply,1.0119356095124838,Residential
2033,ind,5-14,SRCA,SERC Reliability Corporation / East,AEO2026 Low Oil and Gas Supply,0.942062263750238,Industrial
2033,ind,5-15,SRSE,SERC Reliability Corporation / Southeastern,AEO2026 Low Oil and Gas Supply,0.9505872066421867,Industrial
2033,ind,5-18,SPPC,Southwest Power Pool / Central,AEO2026 Low Oil and Gas Supply,0.926772998100485,Industrial
2033,ind,5-19,SPPN,Southwest Power Pool / North,AEO2026 Low Oil and Gas Supply,0.9275394384938521,Industrial
2033,ind,5-17,SPPS,Southwest Power Pool / South,AEO2026 Low Oil and Gas Supply,0.946135294672451,Industrial
2033,ind,5-1,TRE,Texas Reliability Entity,AEO2026 Low Oil and Gas Supply,0.9404807736005949,Industrial
2033,ind,5-25,BASN,Western Electricity Coordinating Council / Basin,AEO2026 Low Oil and Gas Supply,0.9832041167272574,Industrial
2033,ind,5-21,CANO,Western Electricity Coordinating Council / California North,AEO2026 Low Oil and Gas Supply,0.9601286845153478,Industrial
2033,ind,5-22,CASO,Western Electricity Coordinating Council / California South,AEO2026 Low Oil and Gas Supply,0.9601287889649524,Industrial
2033,ind,5-24,RMRG,Western Electricity Coordinating Council / Rockies,AEO2026 Low Oil and Gas Supply,0.9790247926656361,Industrial
2033,ind,5-20,SRSG,Western Electricity Coordinating Council / Southwest,AEO2026 Low Oil and Gas Supply,0.9792799398623995,Industrial
2033,ind,5-23,NWPP,Western Electricity Coordinating Council / Northwest Power Pool Area,AEO2026 Low Oil and Gas Supply,0.963457763763659,Industrial
2033,res,5-2,FRCC,Florida Reliability Coordinating Council,AEO2026 Low Oil and Gas Supply,1.0276635304665098,Residential
2033,res,5-4,MISC,Midcontinent / Central,AEO2026 Low Oil and Gas Supply,1.0234638883999725,Residential
2033,res,5-5,MISE,Midcontinent / East,AEO2026 Low Oil and Gas Supply,1.0395086817442982,Residential
2033,res,5-3,MISW,Midcontinent / West,AEO2026 Low Oil and Gas Supply,1.0149928858904302,Residential
2033,trans,5-24,RMRG,Western Electricity Coordinating Council / Rockies,AEO2026 Low Oil and Gas Supply,1.3930189479322428,Transportation
2033,trans,5-20,SRSG,Western Electricity Coordinating Council / Southwest,AEO2026 Low Oil and Gas Supply,1.3655324488627365,Transportation
2033,trans,5-23,NWPP,Western Electricity Coordinating Council / Northwest Power Pool Area,AEO2026 Low Oil and Gas Supply,1.2143507127163444,Transportation
2034,res,5-9,NYUP,Northeast Power Coordinating Council / Upstate New York,AEO2026 Low Oil and Gas Supply,1.0820250055899816,Residential
2034,res,5-7,ISNE,Northeast Power Coordinating Council / New England,AEO2026 Low Oil and Gas Supply,1.0502441812609822,Residential
2034,res,5-8,NYCW,Northeast Power Coordinating Council / New York City and Long Island,AEO2026 Low Oil and Gas Supply,1.0820250392542157,Residential
2034,res,5-3,MISW,Midcontinent / West,AEO2026 Low Oil and Gas Supply,1.027152946437953,Residential
2034,res,5-6,MISS,Midcontinent / South,AEO2026 Low Oil and Gas Supply,1.0246289623184441,Residential
2034,res,5-5,MISE,Midcontinent / East,AEO2026 Low Oil and Gas Supply,1.055573225066945,Residential
2034,ind,5-24,RMRG,Western Electricity Coordinating Council / Rockies,AEO2026 Low Oil and Gas Supply,1.0007276021048976,Industrial
2034,res,5-2,FRCC,Florida Reliability Coordinating Council,AEO2026 Low Oil and Gas Supply,1.0416249475881212,Residential
2034,ind,5-23,NWPP,Western Electricity Coordinating Council / Northwest Power Pool Area,AEO2026 Low Oil and Gas Supply,0.9837875240572347,Industrial
2034,ind,5-20,SRSG,Western Electricity Coordinating Council / Southwest,AEO2026 Low Oil and Gas Supply,1.0006343855928193,Industrial
2034,ind,5-22,CASO,Western Electricity Coordinating Council / California South,AEO2026 Low Oil and Gas Supply,0.9801869830285489,Industrial
2034,ind,5-21,CANO,Western Electricity Coordinating Council / California North,AEO2026 Low Oil and Gas Supply,0.9801867655554726,Industrial
2034,res,5-12,PJMC,PJM / Commonwealth Edison,AEO2026 Low Oil and Gas Supply,1.055573648445666,Residential
2034,ind,5-25,BASN,Western Electricity Coordinating Council / Basin,AEO2026 Low Oil and Gas Supply,1.005144707598596,Industrial
2034,res,5-4,MISC,Midcontinent / Central,AEO2026 Low Oil and Gas Supply,1.0370194409411548,Residential
2034,res,5-13,PJMD,PJM / Dominion,AEO2026 Low Oil and Gas Supply,1.0416249294513473,Residential
2034,com,5-24,RMRG,Western Electricity Coordinating Council / Rockies,AEO2026 Low Oil and Gas Supply,1.2774765079762636,Commercial
2034,res,5-11,PJMW,PJM / West,AEO2026 Low Oil and Gas Supply,1.0435012274304174,Residential
2034,ind,5-1,TRE,Texas Reliability Entity,AEO2026 Low Oil and Gas Supply,0.9538976824614376,Industrial
2034,trans,5-2,FRCC,Florida Reliability Coordinating Council,AEO2026 Low Oil and Gas Supply,1.1581417353434402,Transportation
2034,res,5-23,NWPP,Western Electricity Coordinating Council / Northwest Power Pool Area,AEO2026 Low Oil and Gas Supply,1.1470995527707812,Residential
2034,res,5-20,SRSG,Western Electricity Coordinating Council / Southwest,AEO2026 Low Oil and Gas Supply,1.1889177830439814,Residential
2034,res,5-24,RMRG,Western Electricity Coordinating Council / Rockies,AEO2026 Low Oil and Gas Supply,1.1882972623883523,Residential
2034,res,5-22,CASO,Western Electricity Coordinating Council / California South,AEO2026 Low Oil and Gas Supply,1.1391226061063746,Residential
2034,res,5-21,CANO,Western Electricity Coordinating Council / California North,AEO2026 Low Oil and Gas Supply,1.1391202306857222,Residential
2034,res,5-25,BASN,Western Electricity Coordinating Council / Basin,AEO2026 Low Oil and Gas Supply,1.199128470417909,Residential
2034,res,5-1,TRE,Texas Reliability Entity,AEO2026 Low Oil and Gas Supply,1.0429886410106926,Residential
2034,res,5-17,SPPS,Southwest Power Pool / South,AEO2026 Low Oil and Gas Supply,1.0485462420188447,Residential
2034,res,5-19,SPPN,Southwest Power Pool / North,AEO2026 Low Oil and Gas Supply,1.0139795472819377,Residential
2034,res,5-18,SPPC,Southwest Power Pool / Central,AEO2026 Low Oil and Gas Supply,1.0110063920024992,Residential
2034,res,5-15,SRSE,SERC Reliability Corporation / Southeastern,AEO2026 Low Oil and Gas Supply,1.0097090961048663,Residential
2034,res,5-14,SRCA,SERC Reliability Corporation / East,AEO2026 Low Oil and Gas Supply,1.0416250223962031,Residential
2034,res,5-16,SRCE,SERC Reliability Corporation / Central,AEO2026 Low Oil and Gas Supply,0.9384472096908854,Residential
2034,res,5-10,PJME,PJM / East,AEO2026 Low Oil and Gas Supply,1.0692208122975928,Residential
2034,ind,5-17,SPPS,Southwest Power Pool / South,AEO2026 Low Oil and Gas Supply,0.9606769467598778,Industrial
2034,ind,5-19,SPPN,Southwest Power Pool / North,AEO2026 Low Oil and Gas Supply,0.9462523700201843,Industrial
2034,ind,5-18,SPPC,Southwest Power Pool / Central,AEO2026 Low Oil and Gas Supply,0.9454412491073974,Industrial
2034,com,5-2,FRCC,Florida Reliability Coordinating Council,AEO2026 Low Oil and Gas Supply,1.1787519276430536,Commercial
2034,com,5-23,NWPP,Western Electricity Coordinating Council / Northwest Power Pool Area,AEO2026 Low Oil and Gas Supply,1.19935765961106,Commercial
2034,com,5-4,MISC,Midcontinent / Central,AEO2026 Low Oil and Gas Supply,1.0686913352681255,Commercial
2034,ind,5-2,FRCC,Florida Reliability Coordinating Council,AEO2026 Low Oil and Gas Supply,0.9553369618218577,Industrial
2034,com,5-5,MISE,Midcontinent / East,AEO2026 Low Oil and Gas Supply,1.0665978246540058,Commercial
2034,com,5-6,MISS,Midcontinent / South,AEO2026 Low Oil and Gas Supply,1.2406510436668592,Commercial
2034,com,5-3,MISW,Midcontinent / West,AEO2026 Low Oil and Gas Supply,1.0706851409614395,Commercial
2034,com,5-22,CASO,Western Electricity Coordinating Council / California South,AEO2026 Low Oil and Gas Supply,1.1858860318703535,Commercial
2034,com,5-21,CANO,Western Electricity Coordinating Council / California North,AEO2026 Low Oil and Gas Supply,1.1858861571930013,Commercial
2034,com,5-25,BASN,Western Electricity Coordinating Council / Basin,AEO2026 Low Oil and Gas Supply,1.2910875225656693,Commercial
2034,com,5-1,TRE,Texas Reliability Entity,AEO2026 Low Oil and Gas Supply,1.2733645051876477,Commercial
2034,com,5-17,SPPS,Southwest Power Pool / South,AEO2026 Low Oil and Gas Supply,1.2747041923065086,Commercial
2034,com,5-19,SPPN,Southwest Power Pool / North,AEO2026 Low Oil and Gas Supply,1.0794260479466586,Commercial
2034,com,5-18,SPPC,Southwest Power Pool / Central,AEO2026 Low Oil and Gas Supply,1.0733651400565867,Commercial
2034,com,5-15,SRSE,SERC Reliability Corporation / Southeastern,AEO2026 Low Oil and Gas Supply,1.1474580123253253,Commercial
2034,com,5-14,SRCA,SERC Reliability Corporation / East,AEO2026 Low Oil and Gas Supply,1.1787520954740494,Commercial
2034,com,5-16,SRCE,SERC Reliability Corporation / Central,AEO2026 Low Oil and Gas Supply,1.0607810025462057,Commercial
2034,com,5-11,PJMW,PJM / West,AEO2026 Low Oil and Gas Supply,1.0893563167077474,Commercial
2034,com,5-10,PJME,PJM / East,AEO2026 Low Oil and Gas Supply,1.1245358944402952,Commercial
2034,com,5-13,PJMD,PJM / Dominion,AEO2026 Low Oil and Gas Supply,1.1787519539201752,Commercial
2034,com,5-12,PJMC,PJM / Commonwealth Edison,AEO2026 Low Oil and Gas Supply,1.0665978607522582,Commercial
2034,com,5-9,NYUP,Northeast Power Coordinating Council / Upstate New York,AEO2026 Low Oil and Gas Supply,1.091907037208977,Commercial
2034,com,5-7,ISNE,Northeast Power Coordinating Council / New England,AEO2026 Low Oil and Gas Supply,1.0221209366377864,Commercial
2034,com,5-8,NYCW,Northeast Power Coordinating Council / New York City and Long Island,AEO2026 Low Oil and Gas Supply,1.091906952767149,Commercial
2034,com,5-20,SRSG,Western Electricity Coordinating Council / Southwest,AEO2026 Low Oil and Gas Supply,1.2839083386834713,Commercial
2034,ind,5-6,MISS,Midcontinent / South,AEO2026 Low Oil and Gas Supply,0.9549984707562781,Industrial
2034,ind,5-3,MISW,Midcontinent / West,AEO2026 Low Oil and Gas Supply,0.9576553271444048,Industrial
2034,ind,5-8,NYCW,Northeast Power Coordinating Council / New York City and Long Island,AEO2026 Low Oil and Gas Supply,0.8258072588578431,Industrial
2034,ind,5-7,ISNE,Northeast Power Coordinating Council / New England,AEO2026 Low Oil and Gas Supply,0.8182305149554555,Industrial
2034,ind,5-12,PJMC,PJM / Commonwealth Edison,AEO2026 Low Oil and Gas Supply,0.9819797190231588,Industrial
2034,ind,5-13,PJMD,PJM / Dominion,AEO2026 Low Oil and Gas Supply,0.9536526885891901,Industrial
2034,ind,5-10,PJME,PJM / East,AEO2026 Low Oil and Gas Supply,0.8377020033988407,Industrial
2034,ind,5-11,PJMW,PJM / West,AEO2026 Low Oil and Gas Supply,0.9533737522374235,Industrial
2034,ind,5-16,SRCE,SERC Reliability Corporation / Central,AEO2026 Low Oil and Gas Supply,0.9719387874588599,Industrial
2034,ind,5-14,SRCA,SERC Reliability Corporation / East,AEO2026 Low Oil and Gas Supply,0.9536526061344498,Industrial
2034,ind,5-15,SRSE,SERC Reliability Corporation / Southeastern,AEO2026 Low Oil and Gas Supply,0.9621331507867091,Industrial
2034,ind,5-9,NYUP,Northeast Power Coordinating Council / Upstate New York,AEO2026 Low Oil and Gas Supply,0.8258067008563216,Industrial
2034,ind,5-4,MISC,Midcontinent / Central,AEO2026 Low Oil and Gas Supply,0.9757732275727726,Industrial
2034,ind,5-5,MISE,Midcontinent / East,AEO2026 Low Oil and Gas Supply,0.981979772153732,Industrial
2034,trans,5-4,MISC,Midcontinent / Central,AEO2026 Low Oil and Gas Supply,0.8962815645151568,Transportation
2034,trans,5-5,MISE,Midcontinent / East,AEO2026 Low Oil and Gas Supply,0.8789691740085885,Transportation
2034,trans,5-3,MISW,Midcontinent / West,AEO2026 Low Oil and Gas Supply,0.9434807919180263,Transportation
2034,trans,5-21,CANO,Western Electricity Coordinating Council / California North,AEO2026 Low Oil and Gas Supply,1.2380908734887055,Transportation
2034,trans,5-25,BASN,Western Electricity Coordinating Council / Basin,AEO2026 Low Oil and Gas Supply,1.4506368500639757,Transportation
2034,trans,5-1,TRE,Texas Reliability Entity,AEO2026 Low Oil and Gas Supply,1.50961139096263,Transportation
2034,trans,5-17,SPPS,Southwest Power Pool / South,AEO2026 Low Oil and Gas Supply,1.4982129885224467,Transportation
2034,trans,5-19,SPPN,Southwest Power Pool / North,AEO2026 Low Oil and Gas Supply,1.2570413266649119,Transportation
2034,trans,5-18,SPPC,Southwest Power Pool / Central,AEO2026 Low Oil and Gas Supply,1.247493873914012,Transportation
2034,trans,5-15,SRSE,SERC Reliability Corporation / Southeastern,AEO2026 Low Oil and Gas Supply,1.15757167504107,Transportation
2034,trans,5-22,CASO,Western Electricity Coordinating Council / California South,AEO2026 Low Oil and Gas Supply,1.238090345438441,Transportation
2034,trans,5-14,SRCA,SERC Reliability Corporation / East,AEO2026 Low Oil and Gas Supply,1.158140254366332,Transportation
2034,trans,5-11,PJMW,PJM / West,AEO2026 Low Oil and Gas Supply,1.016191622526651,Transportation
2034,trans,5-10,PJME,PJM / East,AEO2026 Low Oil and Gas Supply,1.1295187161723728,Transportation
2034,trans,5-13,PJMD,PJM / Dominion,AEO2026 Low Oil and Gas Supply,1.1581380762510642,Transportation
2034,trans,5-12,PJMC,PJM / Commonwealth Edison,AEO2026 Low Oil and Gas Supply,0.8789678914646942,Transportation
2034,trans,5-9,NYUP,Northeast Power Coordinating Council / Upstate New York,AEO2026 Low Oil and Gas Supply,1.128353041100808,Transportation
2034,trans,5-7,ISNE,Northeast Power Coordinating Council / New England,AEO2026 Low Oil and Gas Supply,1.2834583667952912,Transportation
2034,trans,5-8,NYCW,Northeast Power Coordinating Council / New York City and Long Island,AEO2026 Low Oil and Gas Supply,1.128353323037942,Transportation
2034,trans,5-16,SRCE,SERC Reliability Corporation / Central,AEO2026 Low Oil and Gas Supply,1.1129354337696915,Transportation
2034,trans,5-6,MISS,Midcontinent / South,AEO2026 Low Oil and Gas Supply,1.506100764784868,Transportation
2034,trans,5-23,NWPP,Western Electricity Coordinating Council / Northwest Power Pool Area,AEO2026 Low Oil and Gas Supply,1.2476247777438532,Transportation
2034,trans,5-20,SRSG,Western Electricity Coordinating Council / Southwest,AEO2026 Low Oil and Gas Supply,1.4191489102493815,Transportation
2034,trans,5-24,RMRG,Western Electricity Coordinating Council / Rockies,AEO2026 Low Oil and Gas Supply,1.4508893699645145,Transportation
2035,res,5-12,PJMC,PJM / Commonwealth Edison,AEO2026 Low Oil and Gas Supply,1.0738823186722355,Residential
2035,res,5-9,NYUP,Northeast Power Coordinating Council / Upstate New York,AEO2026 Low Oil and Gas Supply,1.1026959687970996,Residential
2035,ind,5-1,TRE,Texas Reliability Entity,AEO2026 Low Oil and Gas Supply,0.9723806155025253,Industrial
2035,ind,5-25,BASN,Western Electricity Coordinating Council / Basin,AEO2026 Low Oil and Gas Supply,1.0364292636018761,Industrial
2035,ind,5-21,CANO,Western Electricity Coordinating Council / California North,AEO2026 Low Oil and Gas Supply,1.0074852811767974,Industrial
2035,ind,5-22,CASO,Western Electricity Coordinating Council / California South,AEO2026 Low Oil and Gas Supply,1.0074854395911823,Industrial
2035,ind,5-24,RMRG,Western Electricity Coordinating Council / Rockies,AEO2026 Low Oil and Gas Supply,1.028961591167787,Industrial
2035,ind,5-20,SRSG,Western Electricity Coordinating Council / Southwest,AEO2026 Low Oil and Gas Supply,1.0285859680664737,Industrial
2035,ind,5-23,NWPP,Western Electricity Coordinating Council / Northwest Power Pool Area,AEO2026 Low Oil and Gas Supply,1.0113886255914293,Industrial
2035,res,5-2,FRCC,Florida Reliability Coordinating Council,AEO2026 Low Oil and Gas Supply,1.0566272490709103,Residential
2035,res,5-4,MISC,Midcontinent / Central,AEO2026 Low Oil and Gas Supply,1.0529319114903635,Residential
2035,res,5-5,MISE,Midcontinent / East,AEO2026 Low Oil and Gas Supply,1.0738817792210775,Residential
2035,res,5-6,MISS,Midcontinent / South,AEO2026 Low Oil and Gas Supply,1.042496194053755,Residential
2035,res,5-3,MISW,Midcontinent / West,AEO2026 Low Oil and Gas Supply,1.0417808869209946,Residential
2035,res,5-8,NYCW,Northeast Power Coordinating Council / New York City and Long Island,AEO2026 Low Oil and Gas Supply,1.1026960701009567,Residential
2035,res,5-7,ISNE,Northeast Power Coordinating Council / New England,AEO2026 Low Oil and Gas Supply,1.0717576191402736,Residential
2035,ind,5-17,SPPS,Southwest Power Pool / South,AEO2026 Low Oil and Gas Supply,0.978702473070044,Industrial
2035,ind,5-19,SPPN,Southwest Power Pool / North,AEO2026 Low Oil and Gas Supply,0.968838430466625,Industrial
2035,ind,5-15,SRSE,SERC Reliability Corporation / Southeastern,AEO2026 Low Oil and Gas Supply,0.9796788088713936,Industrial
2035,com,5-13,PJMD,PJM / Dominion,AEO2026 Low Oil and Gas Supply,1.2085730950961808,Commercial
2035,com,5-10,PJME,PJM / East,AEO2026 Low Oil and Gas Supply,1.151326933240959,Commercial
2035,com,5-11,PJMW,PJM / West,AEO2026 Low Oil and Gas Supply,1.1098456598513426,Commercial
2035,com,5-16,SRCE,SERC Reliability Corporation / Central,AEO2026 Low Oil and Gas Supply,1.07573153797084,Commercial
2035,com,5-14,SRCA,SERC Reliability Corporation / East,AEO2026 Low Oil and Gas Supply,1.2085731520543976,Commercial
2035,com,5-15,SRSE,SERC Reliability Corporation / Southeastern,AEO2026 Low Oil and Gas Supply,1.17333437660486,Commercial
2035,com,5-18,SPPC,Southwest Power Pool / Central,AEO2026 Low Oil and Gas Supply,1.0919543412931454,Commercial
2035,com,5-19,SPPN,Southwest Power Pool / North,AEO2026 Low Oil and Gas Supply,1.0989291227424638,Commercial
2035,com,5-17,SPPS,Southwest Power Pool / South,AEO2026 Low Oil and Gas Supply,1.3071460877472454,Commercial
2035,com,5-1,TRE,Texas Reliability Entity,AEO2026 Low Oil and Gas Supply,1.3043728129208647,Commercial
2035,com,5-25,BASN,Western Electricity Coordinating Council / Basin,AEO2026 Low Oil and Gas Supply,1.3417479579790816,Commercial
2035,com,5-21,CANO,Western Electricity Coordinating Council / California North,AEO2026 Low Oil and Gas Supply,1.225222468315188,Commercial
2035,com,5-22,CASO,Western Electricity Coordinating Council / California South,AEO2026 Low Oil and Gas Supply,1.2252224456633403,Commercial
2035,com,5-24,RMRG,Western Electricity Coordinating Council / Rockies,AEO2026 Low Oil and Gas Supply,1.3261071373169748,Commercial
2035,ind,5-18,SPPC,Southwest Power Pool / Central,AEO2026 Low Oil and Gas Supply,0.9679433588954025,Industrial
2035,com,5-20,SRSG,Western Electricity Coordinating Council / Southwest,AEO2026 Low Oil and Gas Supply,1.3325109135433848,Commercial
2035,ind,5-2,FRCC,Florida Reliability Coordinating Council,AEO2026 Low Oil and Gas Supply,0.973529336094389,Industrial
2035,ind,5-4,MISC,Midcontinent / Central,AEO2026 Low Oil and Gas Supply,0.9991751893605891,Industrial
2035,ind,5-5,MISE,Midcontinent / East,AEO2026 Low Oil and Gas Supply,1.0064408830663407,Industrial
2035,ind,5-6,MISS,Midcontinent / South,AEO2026 Low Oil and Gas Supply,0.9714400675716521,Industrial
2035,ind,5-3,MISW,Midcontinent / West,AEO2026 Low Oil and Gas Supply,0.9808110542535753,Industrial
2035,ind,5-8,NYCW,Northeast Power Coordinating Council / New York City and Long Island,AEO2026 Low Oil and Gas Supply,0.8234256079250297,Industrial
2035,ind,5-7,ISNE,Northeast Power Coordinating Council / New England,AEO2026 Low Oil and Gas Supply,0.8154793817108926,Industrial
2035,ind,5-9,NYUP,Northeast Power Coordinating Council / Upstate New York,AEO2026 Low Oil and Gas Supply,0.8234259044460177,Industrial
2035,ind,5-12,PJMC,PJM / Commonwealth Edison,AEO2026 Low Oil and Gas Supply,1.0064409519786477,Industrial
2035,ind,5-13,PJMD,PJM / Dominion,AEO2026 Low Oil and Gas Supply,0.9718449422409585,Industrial
2035,ind,5-10,PJME,PJM / East,AEO2026 Low Oil and Gas Supply,0.837235293906939,Industrial
2035,ind,5-11,PJMW,PJM / West,AEO2026 Low Oil and Gas Supply,0.9722026737537923,Industrial
2035,ind,5-16,SRCE,SERC Reliability Corporation / Central,AEO2026 Low Oil and Gas Supply,0.988736963389041,Industrial
2035,ind,5-14,SRCA,SERC Reliability Corporation / East,AEO2026 Low Oil and Gas Supply,0.9718450032806579,Industrial
2035,com,5-23,NWPP,Western Electricity Coordinating Council / Northwest Power Pool Area,AEO2026 Low Oil and Gas Supply,1.2401441000130053,Commercial
2035,com,5-12,PJMC,PJM / Commonwealth Edison,AEO2026 Low Oil and Gas Supply,1.0842050688998603,Commercial
2035,trans,5-14,SRCA,SERC Reliability Corporation / East,AEO2026 Low Oil and Gas Supply,1.1846500408475011,Transportation
2035,trans,5-16,SRCE,SERC Reliability Corporation / Central,AEO2026 Low Oil and Gas Supply,1.1291324606168183,Transportation
2035,trans,5-11,PJMW,PJM / West,AEO2026 Low Oil and Gas Supply,1.0265823907147464,Transportation
2035,trans,5-10,PJME,PJM / East,AEO2026 Low Oil and Gas Supply,1.1440799183022718,Transportation
2035,trans,5-13,PJMD,PJM / Dominion,AEO2026 Low Oil and Gas Supply,1.184651225303526,Transportation
2035,trans,5-12,PJMC,PJM / Commonwealth Edison,AEO2026 Low Oil and Gas Supply,0.8830865119095469,Transportation
2035,trans,5-9,NYUP,Northeast Power Coordinating Council / Upstate New York,AEO2026 Low Oil and Gas Supply,1.1424279119738507,Transportation
2035,trans,5-7,ISNE,Northeast Power Coordinating Council / New England,AEO2026 Low Oil and Gas Supply,1.3066695394981684,Transportation
2035,trans,5-8,NYCW,Northeast Power Coordinating Council / New York City and Long Island,AEO2026 Low Oil and Gas Supply,1.1424293424820524,Transportation
2035,trans,5-3,MISW,Midcontinent / West,AEO2026 Low Oil and Gas Supply,0.9543972263292653,Transportation
2035,trans,5-6,MISS,Midcontinent / South,AEO2026 Low Oil and Gas Supply,1.5648899527117754,Transportation
2035,trans,5-5,MISE,Midcontinent / East,AEO2026 Low Oil and Gas Supply,0.8830870345355941,Transportation
2035,trans,5-4,MISC,Midcontinent / Central,AEO2026 Low Oil and Gas Supply,0.902216030147369,Transportation
2035,trans,5-2,FRCC,Florida Reliability Coordinating Council,AEO2026 Low Oil and Gas Supply,1.184647942653662,Transportation
2035,trans,5-15,SRSE,SERC Reliability Corporation / Southeastern,AEO2026 Low Oil and Gas Supply,1.1839458905851543,Transportation
2035,res,5-23,NWPP,Western Electricity Coordinating Council / Northwest Power Pool Area,AEO2026 Low Oil and Gas Supply,1.1671350226792285,Residential
2035,res,5-24,RMRG,Western Electricity Coordinating Council / Rockies,AEO2026 Low Oil and Gas Supply,1.2176153375082632,Residential
2035,res,5-22,CASO,Western Electricity Coordinating Council / California South,AEO2026 Low Oil and Gas Supply,1.1575856452499718,Residential
2035,res,5-21,CANO,Western Electricity Coordinating Council / California North,AEO2026 Low Oil and Gas Supply,1.1575832156207801,Residential
2035,res,5-25,BASN,Western Electricity Coordinating Council / Basin,AEO2026 Low Oil and Gas Supply,1.2294188459682343,Residential
2035,res,5-1,TRE,Texas Reliability Entity,AEO2026 Low Oil and Gas Supply,1.0639147564168685,Residential
2035,res,5-17,SPPS,Southwest Power Pool / South,AEO2026 Low Oil and Gas Supply,1.0698079227549888,Residential
2035,res,5-19,SPPN,Southwest Power Pool / North,AEO2026 Low Oil and Gas Supply,1.0267967155554856,Residential
2035,res,5-18,SPPC,Southwest Power Pool / Central,AEO2026 Low Oil and Gas Supply,1.0235478092356844,Residential
2035,res,5-15,SRSE,SERC Reliability Corporation / Southeastern,AEO2026 Low Oil and Gas Supply,1.0211308332192988,Residential
2035,res,5-14,SRCA,SERC Reliability Corporation / East,AEO2026 Low Oil and Gas Supply,1.0566272612944498,Residential
2035,res,5-16,SRCE,SERC Reliability Corporation / Central,AEO2026 Low Oil and Gas Supply,0.9418742152644467,Residential
2035,res,5-11,PJMW,PJM / West,AEO2026 Low Oil and Gas Supply,1.0598228786065376,Residential
2035,res,5-10,PJME,PJM / East,AEO2026 Low Oil and Gas Supply,1.0880950706858148,Residential
2035,res,5-13,PJMD,PJM / Dominion,AEO2026 Low Oil and Gas Supply,1.0566272497841058,Residential
2035,res,5-20,SRSG,Western Electricity Coordinating Council / Southwest,AEO2026 Low Oil and Gas Supply,1.2183333918616568,Residential
2035,trans,5-18,SPPC,Southwest Power Pool / Central,AEO2026 Low Oil and Gas Supply,1.290432167520606,Transportation
2035,trans,5-17,SPPS,Southwest Power Pool / South,AEO2026 Low Oil and Gas Supply,1.5570536103443267,Transportation
2035,trans,5-19,SPPN,Southwest Power Pool / North,AEO2026 Low Oil and Gas Supply,1.3006712292708609,Transportation
2035,trans,5-21,CANO,Western Electricity Coordinating Council / California North,AEO2026 Low Oil and Gas Supply,1.2699332572304667,Transportation
2035,trans,5-25,BASN,Western Electricity Coordinating Council / Basin,AEO2026 Low Oil and Gas Supply,1.5074735372804466,Transportation
2035,trans,5-1,TRE,Texas Reliability Entity,AEO2026 Low Oil and Gas Supply,1.5687919999148021,Transportation
2035,com,5-9,NYUP,Northeast Power Coordinating Council / Upstate New York,AEO2026 Low Oil and Gas Supply,1.1168744661816692,Commercial
2035,com,5-8,NYCW,Northeast Power Coordinating Council / New York City and Long Island,AEO2026 Low Oil and Gas Supply,1.1168744678377938,Commercial
2035,trans,5-23,NWPP,Western Electricity Coordinating Council / Northwest Power Pool Area,AEO2026 Low Oil and Gas Supply,1.280590527847124,Transportation
2035,com,5-7,ISNE,Northeast Power Coordinating Council / New England,AEO2026 Low Oil and Gas Supply,1.0393276939867029,Commercial
2035,com,5-2,FRCC,Florida Reliability Coordinating Council,AEO2026 Low Oil and Gas Supply,1.208572988859909,Commercial
2035,com,5-4,MISC,Midcontinent / Central,AEO2026 Low Oil and Gas Supply,1.0865819178265252,Commercial
2035,com,5-5,MISE,Midcontinent / East,AEO2026 Low Oil and Gas Supply,1.0842050921311104,Commercial
2035,trans,5-20,SRSG,Western Electricity Coordinating Council / Southwest,AEO2026 Low Oil and Gas Supply,1.4722049632688863,Transportation
2035,trans,5-24,RMRG,Western Electricity Coordinating Council / Rockies,AEO2026 Low Oil and Gas Supply,1.5080456178722077,Transportation
2035,trans,5-22,CASO,Western Electricity Coordinating Council / California South,AEO2026 Low Oil and Gas Supply,1.2699344552701506,Transportation
2035,com,5-6,MISS,Midcontinent / South,AEO2026 Low Oil and Gas Supply,1.26917745190126,Commercial
2035,com,5-3,MISW,Midcontinent / West,AEO2026 Low Oil and Gas Supply,1.0888992123677563,Commercial
2036,ind,5-21,CANO,Western Electricity Coordinating Council / California North,AEO2026 Low Oil and Gas Supply,1.0408688223440994,Industrial
2036,com,5-16,SRCE,SERC Reliability Corporation / Central,AEO2026 Low Oil and Gas Supply,1.091695248219611,Commercial
2036,com,5-11,PJMW,PJM / West,AEO2026 Low Oil and Gas Supply,1.129995265690307,Commercial
2036,com,5-10,PJME,PJM / East,AEO2026 Low Oil and Gas Supply,1.1766941618472981,Commercial
2036,com,5-13,PJMD,PJM / Dominion,AEO2026 Low Oil and Gas Supply,1.2392671741766539,Commercial
2036,com,5-12,PJMC,PJM / Commonwealth Edison,AEO2026 Low Oil and Gas Supply,1.1014436136806796,Commercial
2036,com,5-9,NYUP,Northeast Power Coordinating Council / Upstate New York,AEO2026 Low Oil and Gas Supply,1.139035802655492,Commercial
2036,com,5-7,ISNE,Northeast Power Coordinating Council / New England,AEO2026 Low Oil and Gas Supply,1.057775944599029,Commercial
2036,com,5-8,NYCW,Northeast Power Coordinating Council / New York City and Long Island,AEO2026 Low Oil and Gas Supply,1.1390358283964115,Commercial
2036,com,5-3,MISW,Midcontinent / West,AEO2026 Low Oil and Gas Supply,1.1075679555342544,Commercial
2036,com,5-6,MISS,Midcontinent / South,AEO2026 Low Oil and Gas Supply,1.2996152803759196,Commercial
2036,com,5-5,MISE,Midcontinent / East,AEO2026 Low Oil and Gas Supply,1.1014435882019846,Commercial
2036,ind,5-24,RMRG,Western Electricity Coordinating Council / Rockies,AEO2026 Low Oil and Gas Supply,1.063133101195839,Industrial
2036,ind,5-20,SRSG,Western Electricity Coordinating Council / Southwest,AEO2026 Low Oil and Gas Supply,1.0625200740246485,Industrial
2036,ind,5-23,NWPP,Western Electricity Coordinating Council / Northwest Power Pool Area,AEO2026 Low Oil and Gas Supply,1.0448624591280928,Industrial
2036,res,5-2,FRCC,Florida Reliability Coordinating Council,AEO2026 Low Oil and Gas Supply,1.0716651254082743,Residential
2036,res,5-4,MISC,Midcontinent / Central,AEO2026 Low Oil and Gas Supply,1.0691858838457695,Residential
2036,res,5-5,MISE,Midcontinent / East,AEO2026 Low Oil and Gas Supply,1.092083063489909,Residential
2036,res,5-6,MISS,Midcontinent / South,AEO2026 Low Oil and Gas Supply,1.0618681916253772,Residential
2036,res,5-3,MISW,Midcontinent / West,AEO2026 Low Oil and Gas Supply,1.0570487943781144,Residential
2036,res,5-8,NYCW,Northeast Power Coordinating Council / New York City and Long Island,AEO2026 Low Oil and Gas Supply,1.121385696710176,Residential
2036,res,5-7,ISNE,Northeast Power Coordinating Council / New England,AEO2026 Low Oil and Gas Supply,1.0922389047058894,Residential
2036,res,5-9,NYUP,Northeast Power Coordinating Council / Upstate New York,AEO2026 Low Oil and Gas Supply,1.1213856537881093,Residential
2036,res,5-12,PJMC,PJM / Commonwealth Edison,AEO2026 Low Oil and Gas Supply,1.0920835068363328,Residential
2036,res,5-13,PJMD,PJM / Dominion,AEO2026 Low Oil and Gas Supply,1.0716651381640545,Residential
2036,res,5-10,PJME,PJM / East,AEO2026 Low Oil and Gas Supply,1.1056274750507131,Residential
2036,com,5-14,SRCA,SERC Reliability Corporation / East,AEO2026 Low Oil and Gas Supply,1.2392672812164278,Commercial
2036,com,5-15,SRSE,SERC Reliability Corporation / Southeastern,AEO2026 Low Oil and Gas Supply,1.2001209759449696,Commercial
2036,com,5-18,SPPC,Southwest Power Pool / Central,AEO2026 Low Oil and Gas Supply,1.1114814553033827,Commercial
2036,com,5-19,SPPN,Southwest Power Pool / North,AEO2026 Low Oil and Gas Supply,1.1193243542214222,Commercial
2036,ind,5-25,BASN,Western Electricity Coordinating Council / Basin,AEO2026 Low Oil and Gas Supply,1.0685505090532086,Industrial
2036,ind,5-1,TRE,Texas Reliability Entity,AEO2026 Low Oil and Gas Supply,0.9940972574311205,Industrial
2036,ind,5-17,SPPS,Southwest Power Pool / South,AEO2026 Low Oil and Gas Supply,1.002328260785832,Industrial
2036,ind,5-19,SPPN,Southwest Power Pool / North,AEO2026 Low Oil and Gas Supply,0.9965871326815384,Industrial
2036,ind,5-18,SPPC,Southwest Power Pool / Central,AEO2026 Low Oil and Gas Supply,0.9955964561206431,Industrial
2036,ind,5-15,SRSE,SERC Reliability Corporation / Southeastern,AEO2026 Low Oil and Gas Supply,1.0031699463804502,Industrial
2036,ind,5-14,SRCA,SERC Reliability Corporation / East,AEO2026 Low Oil and Gas Supply,0.9954247800573695,Industrial
2036,ind,5-16,SRCE,SERC Reliability Corporation / Central,AEO2026 Low Oil and Gas Supply,1.0121254593468771,Industrial
2036,ind,5-11,PJMW,PJM / West,AEO2026 Low Oil and Gas Supply,0.994749477966983,Industrial
2036,ind,5-10,PJME,PJM / East,AEO2026 Low Oil and Gas Supply,0.8388307712960165,Industrial
2036,ind,5-13,PJMD,PJM / Dominion,AEO2026 Low Oil and Gas Supply,0.9954248246804451,Industrial
2036,ind,5-12,PJMC,PJM / Commonwealth Edison,AEO2026 Low Oil and Gas Supply,1.034168612582315,Industrial
2036,ind,5-9,NYUP,Northeast Power Coordinating Council / Upstate New York,AEO2026 Low Oil and Gas Supply,0.82276597530255,Industrial
2036,res,5-11,PJMW,PJM / West,AEO2026 Low Oil and Gas Supply,1.0759665623961585,Residential
2036,ind,5-7,ISNE,Northeast Power Coordinating Council / New England,AEO2026 Low Oil and Gas Supply,0.8146496307717438,Industrial
2036,ind,5-3,MISW,Midcontinent / West,AEO2026 Low Oil and Gas Supply,1.0084891474046946,Industrial
2036,ind,5-6,MISS,Midcontinent / South,AEO2026 Low Oil and Gas Supply,0.9933867492667907,Industrial
2036,ind,5-5,MISE,Midcontinent / East,AEO2026 Low Oil and Gas Supply,1.0341685609587896,Industrial
2036,ind,5-4,MISC,Midcontinent / Central,AEO2026 Low Oil and Gas Supply,1.026449799348827,Industrial
2036,ind,5-2,FRCC,Florida Reliability Coordinating Council,AEO2026 Low Oil and Gas Supply,0.9965288053191169,Industrial
2036,com,5-23,NWPP,Western Electricity Coordinating Council / Northwest Power Pool Area,AEO2026 Low Oil and Gas Supply,1.281205049478923,Commercial
2036,com,5-20,SRSG,Western Electricity Coordinating Council / Southwest,AEO2026 Low Oil and Gas Supply,1.380772816642555,Commercial
2036,com,5-24,RMRG,Western Electricity Coordinating Council / Rockies,AEO2026 Low Oil and Gas Supply,1.3742424618440787,Commercial
2036,com,5-22,CASO,Western Electricity Coordinating Council / California South,AEO2026 Low Oil and Gas Supply,1.2649600651275406,Commercial
2036,com,5-21,CANO,Western Electricity Coordinating Council / California North,AEO2026 Low Oil and Gas Supply,1.2649601083576663,Commercial
2036,com,5-25,BASN,Western Electricity Coordinating Council / Basin,AEO2026 Low Oil and Gas Supply,1.3918197336335179,Commercial
2036,com,5-1,TRE,Texas Reliability Entity,AEO2026 Low Oil and Gas Supply,1.3374542914837275,Commercial
2036,com,5-17,SPPS,Southwest Power Pool / South,AEO2026 Low Oil and Gas Supply,1.3414671442430708,Commercial
2036,ind,5-8,NYCW,Northeast Power Coordinating Council / New York City and Long Island,AEO2026 Low Oil and Gas Supply,0.8227654764164782,Industrial
2036,res,5-16,SRCE,SERC Reliability Corporation / Central,AEO2026 Low Oil and Gas Supply,0.9464920518199046,Residential
2036,res,5-15,SRSE,SERC Reliability Corporation / Southeastern,AEO2026 Low Oil and Gas Supply,1.0329454533039384,Residential
2036,trans,5-24,RMRG,Western Electricity Coordinating Council / Rockies,AEO2026 Low Oil and Gas Supply,1.5621219898676546,Transportation
2036,trans,5-20,SRSG,Western Electricity Coordinating Council / Southwest,AEO2026 Low Oil and Gas Supply,1.522471157243278,Transportation
2036,trans,5-23,NWPP,Western Electricity Coordinating Council / Northwest Power Pool Area,AEO2026 Low Oil and Gas Supply,1.3124517322509386,Transportation
2036,ind,5-22,CASO,Western Electricity Coordinating Council / California South,AEO2026 Low Oil and Gas Supply,1.0408690452064842,Industrial
2036,trans,5-22,CASO,Western Electricity Coordinating Council / California South,AEO2026 Low Oil and Gas Supply,1.3007652790079716,Transportation
2036,trans,5-21,CANO,Western Electricity Coordinating Council / California North,AEO2026 Low Oil and Gas Supply,1.3007632506478466,Transportation
2036,trans,5-25,BASN,Western Electricity Coordinating Council / Basin,AEO2026 Low Oil and Gas Supply,1.5612713737350237,Transportation
2036,trans,5-1,TRE,Texas Reliability Entity,AEO2026 Low Oil and Gas Supply,1.622573190342815,Transportation
2036,res,5-18,SPPC,Southwest Power Pool / Central,AEO2026 Low Oil and Gas Supply,1.0371550148678046,Residential
2036,res,5-19,SPPN,Southwest Power Pool / North,AEO2026 Low Oil and Gas Supply,1.0406367364254587,Residential
2036,res,5-17,SPPS,Southwest Power Pool / South,AEO2026 Low Oil and Gas Supply,1.0925246796195092,Residential
2036,res,5-1,TRE,Texas Reliability Entity,AEO2026 Low Oil and Gas Supply,1.0864077241108678,Residential
2036,res,5-25,BASN,Western Electricity Coordinating Council / Basin,AEO2026 Low Oil and Gas Supply,1.258111738587555,Residential
2036,res,5-21,CANO,Western Electricity Coordinating Council / California North,AEO2026 Low Oil and Gas Supply,1.1738955402228992,Residential
2036,res,5-22,CASO,Western Electricity Coordinating Council / California South,AEO2026 Low Oil and Gas Supply,1.1738986723040337,Residential
2036,res,5-24,RMRG,Western Electricity Coordinating Council / Rockies,AEO2026 Low Oil and Gas Supply,1.2455006173539487,Residential
2036,res,5-20,SRSG,Western Electricity Coordinating Council / Southwest,AEO2026 Low Oil and Gas Supply,1.2463018374260777,Residential
2036,res,5-23,NWPP,Western Electricity Coordinating Council / Northwest Power Pool Area,AEO2026 Low Oil and Gas Supply,1.1850937057609854,Residential
2036,trans,5-2,FRCC,Florida Reliability Coordinating Council,AEO2026 Low Oil and Gas Supply,1.21394627793712,Transportation
2036,trans,5-4,MISC,Midcontinent / Central,AEO2026 Low Oil and Gas Supply,0.9135212935291636,Transportation
2036,trans,5-5,MISE,Midcontinent / East,AEO2026 Low Oil and Gas Supply,0.8928953045301506,Transportation
2036,res,5-14,SRCA,SERC Reliability Corporation / East,AEO2026 Low Oil and Gas Supply,1.0716650795212435,Residential
2036,trans,5-6,MISS,Midcontinent / South,AEO2026 Low Oil and Gas Supply,1.6182789421449006,Transportation
2036,trans,5-8,NYCW,Northeast Power Coordinating Council / New York City and Long Island,AEO2026 Low Oil and Gas Supply,1.155332488741342,Transportation
2036,trans,5-7,ISNE,Northeast Power Coordinating Council / New England,AEO2026 Low Oil and Gas Supply,1.3280629933598416,Transportation
2036,trans,5-9,NYUP,Northeast Power Coordinating Council / Upstate New York,AEO2026 Low Oil and Gas Supply,1.1553321531651877,Transportation
2036,trans,5-12,PJMC,PJM / Commonwealth Edison,AEO2026 Low Oil and Gas Supply,0.8928897681775236,Transportation
2036,trans,5-13,PJMD,PJM / Dominion,AEO2026 Low Oil and Gas Supply,1.2139420276869315,Transportation
2036,trans,5-10,PJME,PJM / East,AEO2026 Low Oil and Gas Supply,1.1576253107095136,Transportation
2036,trans,5-11,PJMW,PJM / West,AEO2026 Low Oil and Gas Supply,1.0392262126712715,Transportation
2036,trans,5-16,SRCE,SERC Reliability Corporation / Central,AEO2026 Low Oil and Gas Supply,1.146438872864433,Transportation
2036,trans,5-14,SRCA,SERC Reliability Corporation / East,AEO2026 Low Oil and Gas Supply,1.2139442250334755,Transportation
2036,trans,5-15,SRSE,SERC Reliability Corporation / Southeastern,AEO2026 Low Oil and Gas Supply,1.2130970628870728,Transportation
2036,trans,5-18,SPPC,Southwest Power Pool / Central,AEO2026 Low Oil and Gas Supply,1.332312319002005,Transportation
2036,trans,5-19,SPPN,Southwest Power Pool / North,AEO2026 Low Oil and Gas Supply,1.3431166096341143,Transportation
2036,trans,5-17,SPPS,Southwest Power Pool / South,AEO2026 Low Oil and Gas Supply,1.610954525642888,Transportation
2036,trans,5-3,MISW,Midcontinent / West,AEO2026 Low Oil and Gas Supply,0.9698162391621289,Transportation
2036,com,5-4,MISC,Midcontinent / Central,AEO2026 Low Oil and Gas Supply,1.104569748389852,Commercial
2036,com,5-2,FRCC,Florida Reliability Coordinating Council,AEO2026 Low Oil and Gas Supply,1.2392671506243442,Commercial
2037,ind,5-20,SRSG,Western Electricity Coordinating Council / Southwest,AEO2026 Low Oil and Gas Supply,1.0938627510390224,Industrial
2037,com,5-4,MISC,Midcontinent / Central,AEO2026 Low Oil and Gas Supply,1.1216310538517182,Commercial
2037,com,5-2,FRCC,Florida Reliability Coordinating Council,AEO2026 Low Oil and Gas Supply,1.2706199012907102,Commercial
2037,trans,5-23,NWPP,Western Electricity Coordinating Council / Northwest Power Pool Area,AEO2026 Low Oil and Gas Supply,1.3425109406897875,Transportation
2037,trans,5-24,RMRG,Western Electricity Coordinating Council / Rockies,AEO2026 Low Oil and Gas Supply,1.6132077577164283,Transportation
2037,ind,5-5,MISE,Midcontinent / East,AEO2026 Low Oil and Gas Supply,1.0651990896014667,Industrial
2037,ind,5-6,MISS,Midcontinent / South,AEO2026 Low Oil and Gas Supply,1.009034217453965,Industrial
2037,ind,5-3,MISW,Midcontinent / West,AEO2026 Low Oil and Gas Supply,1.0388574608961376,Industrial
2037,ind,5-8,NYCW,Northeast Power Coordinating Council / New York City and Long Island,AEO2026 Low Oil and Gas Supply,0.8248494209826899,Industrial
2037,ind,5-7,ISNE,Northeast Power Coordinating Council / New England,AEO2026 Low Oil and Gas Supply,0.8166313910645208,Industrial
2037,ind,5-9,NYUP,Northeast Power Coordinating Council / Upstate New York,AEO2026 Low Oil and Gas Supply,0.8248499031351176,Industrial
2037,ind,5-12,PJMC,PJM / Commonwealth Edison,AEO2026 Low Oil and Gas Supply,1.0651990290175206,Industrial
2037,ind,5-13,PJMD,PJM / Dominion,AEO2026 Low Oil and Gas Supply,1.0171743247943972,Industrial
2037,ind,5-10,PJME,PJM / East,AEO2026 Low Oil and Gas Supply,0.8427444019167646,Industrial
2037,ind,5-4,MISC,Midcontinent / Central,AEO2026 Low Oil and Gas Supply,1.0562591963754158,Industrial
2037,ind,5-11,PJMW,PJM / West,AEO2026 Low Oil and Gas Supply,1.0190270101608214,Industrial
2037,ind,5-14,SRCA,SERC Reliability Corporation / East,AEO2026 Low Oil and Gas Supply,1.0171741466513506,Industrial
2037,ind,5-15,SRSE,SERC Reliability Corporation / Southeastern,AEO2026 Low Oil and Gas Supply,1.0243083688083072,Industrial
2037,ind,5-18,SPPC,Southwest Power Pool / Central,AEO2026 Low Oil and Gas Supply,1.025632442471232,Industrial
2037,ind,5-19,SPPN,Southwest Power Pool / North,AEO2026 Low Oil and Gas Supply,1.02665221463599,Industrial
2037,ind,5-17,SPPS,Southwest Power Pool / South,AEO2026 Low Oil and Gas Supply,1.0199044699257596,Industrial
2037,ind,5-1,TRE,Texas Reliability Entity,AEO2026 Low Oil and Gas Supply,1.0076047769154335,Industrial
2037,ind,5-25,BASN,Western Electricity Coordinating Council / Basin,AEO2026 Low Oil and Gas Supply,1.100749031066598,Industrial
2037,ind,5-21,CANO,Western Electricity Coordinating Council / California North,AEO2026 Low Oil and Gas Supply,1.0735320491458498,Industrial
2037,ind,5-22,CASO,Western Electricity Coordinating Council / California South,AEO2026 Low Oil and Gas Supply,1.0735321961068367,Industrial
2037,ind,5-16,SRCE,SERC Reliability Corporation / Central,AEO2026 Low Oil and Gas Supply,1.0325576569098396,Industrial
2037,ind,5-2,FRCC,Florida Reliability Coordinating Council,AEO2026 Low Oil and Gas Supply,1.0180914135729466,Industrial
2037,com,5-23,NWPP,Western Electricity Coordinating Council / Northwest Power Pool Area,AEO2026 Low Oil and Gas Supply,1.3202382230099732,Commercial
2037,com,5-20,SRSG,Western Electricity Coordinating Council / Southwest,AEO2026 Low Oil and Gas Supply,1.427129915841606,Commercial
2037,com,5-5,MISE,Midcontinent / East,AEO2026 Low Oil and Gas Supply,1.1180803178610652,Commercial
2037,com,5-6,MISS,Midcontinent / South,AEO2026 Low Oil and Gas Supply,1.327482550990339,Commercial
2037,com,5-3,MISW,Midcontinent / West,AEO2026 Low Oil and Gas Supply,1.1250343061368178,Commercial
2037,com,5-8,NYCW,Northeast Power Coordinating Council / New York City and Long Island,AEO2026 Low Oil and Gas Supply,1.16075735482426,Commercial
2037,com,5-7,ISNE,Northeast Power Coordinating Council / New England,AEO2026 Low Oil and Gas Supply,1.0746634368227934,Commercial
2037,com,5-9,NYUP,Northeast Power Coordinating Council / Upstate New York,AEO2026 Low Oil and Gas Supply,1.1607573630141863,Commercial
2037,com,5-12,PJMC,PJM / Commonwealth Edison,AEO2026 Low Oil and Gas Supply,1.11808031257785,Commercial
2037,com,5-13,PJMD,PJM / Dominion,AEO2026 Low Oil and Gas Supply,1.270619768706164,Commercial
2037,com,5-10,PJME,PJM / East,AEO2026 Low Oil and Gas Supply,1.2020343814787176,Commercial
2037,com,5-11,PJMW,PJM / West,AEO2026 Low Oil and Gas Supply,1.1497878960166967,Commercial
2037,com,5-16,SRCE,SERC Reliability Corporation / Central,AEO2026 Low Oil and Gas Supply,1.1070370320314311,Commercial
2037,com,5-14,SRCA,SERC Reliability Corporation / East,AEO2026 Low Oil and Gas Supply,1.2706198903358508,Commercial
2037,com,5-15,SRSE,SERC Reliability Corporation / Southeastern,AEO2026 Low Oil and Gas Supply,1.2272264956701981,Commercial
2037,com,5-18,SPPC,Southwest Power Pool / Central,AEO2026 Low Oil and Gas Supply,1.1294525905170805,Commercial
2037,com,5-19,SPPN,Southwest Power Pool / North,AEO2026 Low Oil and Gas Supply,1.1381580421167599,Commercial
2037,com,5-17,SPPS,Southwest Power Pool / South,AEO2026 Low Oil and Gas Supply,1.3729494919537668,Commercial
2037,com,5-1,TRE,Texas Reliability Entity,AEO2026 Low Oil and Gas Supply,1.3676164554112549,Commercial
2037,com,5-25,BASN,Western Electricity Coordinating Council / Basin,AEO2026 Low Oil and Gas Supply,1.440080661352665,Commercial
2037,com,5-21,CANO,Western Electricity Coordinating Council / California North,AEO2026 Low Oil and Gas Supply,1.3026379877436016,Commercial
2037,com,5-22,CASO,Western Electricity Coordinating Council / California South,AEO2026 Low Oil and Gas Supply,1.3026382248980095,Commercial
2037,com,5-24,RMRG,Western Electricity Coordinating Council / Rockies,AEO2026 Low Oil and Gas Supply,1.4205854487877851,Commercial
2037,ind,5-24,RMRG,Western Electricity Coordinating Council / Rockies,AEO2026 Low Oil and Gas Supply,1.0951787086823945,Industrial
2037,ind,5-23,NWPP,Western Electricity Coordinating Council / Northwest Power Pool Area,AEO2026 Low Oil and Gas Supply,1.0774587425561863,Industrial
2037,res,5-2,FRCC,Florida Reliability Coordinating Council,AEO2026 Low Oil and Gas Supply,1.0863639229384825,Residential
2037,trans,5-4,MISC,Midcontinent / Central,AEO2026 Low Oil and Gas Supply,0.925688011599505,Transportation
2037,trans,5-5,MISE,Midcontinent / East,AEO2026 Low Oil and Gas Supply,0.9037569807060342,Transportation
2037,trans,5-6,MISS,Midcontinent / South,AEO2026 Low Oil and Gas Supply,1.6725436394418824,Transportation
2037,trans,5-3,MISW,Midcontinent / West,AEO2026 Low Oil and Gas Supply,0.9855701119462575,Transportation
2037,trans,5-8,NYCW,Northeast Power Coordinating Council / New York City and Long Island,AEO2026 Low Oil and Gas Supply,1.1677147005243251,Transportation
2037,trans,5-7,ISNE,Northeast Power Coordinating Council / New England,AEO2026 Low Oil and Gas Supply,1.347544708440248,Transportation
2037,trans,5-9,NYUP,Northeast Power Coordinating Council / Upstate New York,AEO2026 Low Oil and Gas Supply,1.1677148137983422,Transportation
2037,trans,5-12,PJMC,PJM / Commonwealth Edison,AEO2026 Low Oil and Gas Supply,0.9037526948514635,Transportation
2037,trans,5-13,PJMD,PJM / Dominion,AEO2026 Low Oil and Gas Supply,1.2372922360109313,Transportation
2037,trans,5-10,PJME,PJM / East,AEO2026 Low Oil and Gas Supply,1.170436311111616,Transportation
2037,trans,5-11,PJMW,PJM / West,AEO2026 Low Oil and Gas Supply,1.0516854178230521,Transportation
2037,trans,5-16,SRCE,SERC Reliability Corporation / Central,AEO2026 Low Oil and Gas Supply,1.1606390059906813,Transportation
2037,trans,5-14,SRCA,SERC Reliability Corporation / East,AEO2026 Low Oil and Gas Supply,1.237287725930187,Transportation
2037,trans,5-15,SRSE,SERC Reliability Corporation / Southeastern,AEO2026 Low Oil and Gas Supply,1.2363231442848992,Transportation
2037,trans,5-18,SPPC,Southwest Power Pool / Central,AEO2026 Low Oil and Gas Supply,1.3711294274894186,Transportation
2037,trans,5-19,SPPN,Southwest Power Pool / North,AEO2026 Low Oil and Gas Supply,1.3825348775993682,Transportation
2037,trans,5-17,SPPS,Southwest Power Pool / South,AEO2026 Low Oil and Gas Supply,1.664942612233038,Transportation
2037,trans,5-1,TRE,Texas Reliability Entity,AEO2026 Low Oil and Gas Supply,1.6772383092471699,Transportation
2037,trans,5-25,BASN,Western Electricity Coordinating Council / Basin,AEO2026 Low Oil and Gas Supply,1.6120885192509014,Transportation
2037,trans,5-21,CANO,Western Electricity Coordinating Council / California North,AEO2026 Low Oil and Gas Supply,1.329851766058677,Transportation
2037,trans,5-22,CASO,Western Electricity Coordinating Council / California South,AEO2026 Low Oil and Gas Supply,1.329849424269265,Transportation
2037,trans,5-2,FRCC,Florida Reliability Coordinating Council,AEO2026 Low Oil and Gas Supply,1.2372928608540277,Transportation
2037,trans,5-20,SRSG,Western Electricity Coordinating Council / Southwest,AEO2026 Low Oil and Gas Supply,1.5700327717066869,Transportation
2037,res,5-23,NWPP,Western Electricity Coordinating Council / Northwest Power Pool Area,AEO2026 Low Oil and Gas Supply,1.1997921836511343,Residential
2037,res,5-24,RMRG,Western Electricity Coordinating Council / Rockies,AEO2026 Low Oil and Gas Supply,1.270524390085047,Residential
2037,res,5-4,MISC,Midcontinent / Central,AEO2026 Low Oil and Gas Supply,1.0850355626165404,Residential
2037,res,5-5,MISE,Midcontinent / East,AEO2026 Low Oil and Gas Supply,1.109750432083221,Residential
2037,res,5-6,MISS,Midcontinent / South,AEO2026 Low Oil and Gas Supply,1.0789194497995904,Residential
2037,res,5-3,MISW,Midcontinent / West,AEO2026 Low Oil and Gas Supply,1.071965786461541,Residential
2037,res,5-8,NYCW,Northeast Power Coordinating Council / New York City and Long Island,AEO2026 Low Oil and Gas Supply,1.138803924302201,Residential
2037,res,5-7,ISNE,Northeast Power Coordinating Council / New England,AEO2026 Low Oil and Gas Supply,1.111641812084482,Residential
2037,res,5-9,NYUP,Northeast Power Coordinating Council / Upstate New York,AEO2026 Low Oil and Gas Supply,1.1388039162698906,Residential
2037,res,5-12,PJMC,PJM / Commonwealth Edison,AEO2026 Low Oil and Gas Supply,1.1097509223313065,Residential
2037,res,5-13,PJMD,PJM / Dominion,AEO2026 Low Oil and Gas Supply,1.0863638191732354,Residential
2037,res,5-10,PJME,PJM / East,AEO2026 Low Oil and Gas Supply,1.1221837638226388,Residential
2037,res,5-11,PJMW,PJM / West,AEO2026 Low Oil and Gas Supply,1.0916532401695844,Residential
2037,res,5-16,SRCE,SERC Reliability Corporation / Central,AEO2026 Low Oil and Gas Supply,0.9517895567230636,Residential
2037,res,5-14,SRCA,SERC Reliability Corporation / East,AEO2026 Low Oil and Gas Supply,1.0863639527615632,Residential
2037,res,5-15,SRSE,SERC Reliability Corporation / Southeastern,AEO2026 Low Oil and Gas Supply,1.0447361467396343,Residential
2037,res,5-18,SPPC,Southwest Power Pool / Central,AEO2026 Low Oil and Gas Supply,1.05051281299862,Residential
2037,res,5-19,SPPN,Southwest Power Pool / North,AEO2026 Low Oil and Gas Supply,1.054185846532263,Residential
2037,res,5-17,SPPS,Southwest Power Pool / South,AEO2026 Low Oil and Gas Supply,1.1122865011654572,Residential
2037,res,5-1,TRE,Texas Reliability Entity,AEO2026 Low Oil and Gas Supply,1.1059483708704683,Residential
2037,res,5-25,BASN,Western Electricity Coordinating Council / Basin,AEO2026 Low Oil and Gas Supply,1.28377335611052,Residential
2037,res,5-21,CANO,Western Electricity Coordinating Council / California North,AEO2026 Low Oil and Gas Supply,1.1869130199451492,Residential
2037,res,5-22,CASO,Western Electricity Coordinating Council / California South,AEO2026 Low Oil and Gas Supply,1.1869163900978423,Residential
2037,res,5-20,SRSG,Western Electricity Coordinating Council / Southwest,AEO2026 Low Oil and Gas Supply,1.2712350848640508,Residential
2038,trans,5-23,NWPP,Western Electricity Coordinating Council / Northwest Power Pool Area,AEO2026 Low Oil and Gas Supply,1.3696306806276455,Transportation
2038,res,5-23,NWPP,Western Electricity Coordinating Council / Northwest Power Pool Area,AEO2026 Low Oil and Gas Supply,1.2110022426958822,Residential
2038,res,5-20,SRSG,Western Electricity Coordinating Council / Southwest,AEO2026 Low Oil and Gas Supply,1.294072695406899,Residential
2038,res,5-24,RMRG,Western Electricity Coordinating Council / Rockies,AEO2026 Low Oil and Gas Supply,1.2938688506395455,Residential
2038,res,5-22,CASO,Western Electricity Coordinating Council / California South,AEO2026 Low Oil and Gas Supply,1.1961827084865224,Residential
2038,res,5-21,CANO,Western Electricity Coordinating Council / California North,AEO2026 Low Oil and Gas Supply,1.1961786500825273,Residential
2038,res,5-25,BASN,Western Electricity Coordinating Council / Basin,AEO2026 Low Oil and Gas Supply,1.3076598478680312,Residential
2038,res,5-1,TRE,Texas Reliability Entity,AEO2026 Low Oil and Gas Supply,1.1188706688298051,Residential
2038,res,5-17,SPPS,Southwest Power Pool / South,AEO2026 Low Oil and Gas Supply,1.1256021415309947,Residential
2038,res,5-19,SPPN,Southwest Power Pool / North,AEO2026 Low Oil and Gas Supply,1.0672703300756705,Residential
2038,trans,5-2,FRCC,Florida Reliability Coordinating Council,AEO2026 Low Oil and Gas Supply,1.2567659470213781,Transportation
2038,res,5-18,SPPC,Southwest Power Pool / Central,AEO2026 Low Oil and Gas Supply,1.0634202357399702,Residential
2038,res,5-14,SRCA,SERC Reliability Corporation / East,AEO2026 Low Oil and Gas Supply,1.1001674378605584,Residential
2038,res,5-16,SRCE,SERC Reliability Corporation / Central,AEO2026 Low Oil and Gas Supply,0.9572081533746996,Residential
2038,res,5-11,PJMW,PJM / West,AEO2026 Low Oil and Gas Supply,1.1062260391527168,Residential
2038,res,5-10,PJME,PJM / East,AEO2026 Low Oil and Gas Supply,1.1364829996805899,Residential
2038,res,5-13,PJMD,PJM / Dominion,AEO2026 Low Oil and Gas Supply,1.1001673627500046,Residential
2038,res,5-12,PJMC,PJM / Commonwealth Edison,AEO2026 Low Oil and Gas Supply,1.1263920076722702,Residential
2038,res,5-9,NYUP,Northeast Power Coordinating Council / Upstate New York,AEO2026 Low Oil and Gas Supply,1.153333131971332,Residential
2038,res,5-7,ISNE,Northeast Power Coordinating Council / New England,AEO2026 Low Oil and Gas Supply,1.1289630030237652,Residential
2038,res,5-8,NYCW,Northeast Power Coordinating Council / New York City and Long Island,AEO2026 Low Oil and Gas Supply,1.153333123027749,Residential
2038,res,5-15,SRSE,SERC Reliability Corporation / Southeastern,AEO2026 Low Oil and Gas Supply,1.0559459877608377,Residential
2038,trans,5-4,MISC,Midcontinent / Central,AEO2026 Low Oil and Gas Supply,0.9355362466809177,Transportation
2038,trans,5-5,MISE,Midcontinent / East,AEO2026 Low Oil and Gas Supply,0.9123203161226588,Transportation
2038,trans,5-6,MISS,Midcontinent / South,AEO2026 Low Oil and Gas Supply,1.723013602662152,Transportation
2038,com,5-3,MISW,Midcontinent / West,AEO2026 Low Oil and Gas Supply,1.140205987874174,Commercial
2038,trans,5-20,SRSG,Western Electricity Coordinating Council / Southwest,AEO2026 Low Oil and Gas Supply,1.6139639145742726,Transportation
2038,trans,5-24,RMRG,Western Electricity Coordinating Council / Rockies,AEO2026 Low Oil and Gas Supply,1.6605441114111634,Transportation
2038,trans,5-22,CASO,Western Electricity Coordinating Council / California South,AEO2026 Low Oil and Gas Supply,1.3560318866253323,Transportation
2038,trans,5-21,CANO,Western Electricity Coordinating Council / California North,AEO2026 Low Oil and Gas Supply,1.3560322631714898,Transportation
2038,trans,5-25,BASN,Western Electricity Coordinating Council / Basin,AEO2026 Low Oil and Gas Supply,1.6591398162149587,Transportation
2038,trans,5-1,TRE,Texas Reliability Entity,AEO2026 Low Oil and Gas Supply,1.7280588717664724,Transportation
2038,trans,5-17,SPPS,Southwest Power Pool / South,AEO2026 Low Oil and Gas Supply,1.7150661048961209,Transportation
2038,trans,5-19,SPPN,Southwest Power Pool / North,AEO2026 Low Oil and Gas Supply,1.4189918399578836,Transportation
2038,trans,5-18,SPPC,Southwest Power Pool / Central,AEO2026 Low Oil and Gas Supply,1.407106259746046,Transportation
2038,trans,5-15,SRSE,SERC Reliability Corporation / Southeastern,AEO2026 Low Oil and Gas Supply,1.2557068523470096,Transportation
2038,trans,5-14,SRCA,SERC Reliability Corporation / East,AEO2026 Low Oil and Gas Supply,1.2567640077924465,Transportation
2038,trans,5-16,SRCE,SERC Reliability Corporation / Central,AEO2026 Low Oil and Gas Supply,1.1730641224761482,Transportation
2038,trans,5-11,PJMW,PJM / West,AEO2026 Low Oil and Gas Supply,1.0617931878828217,Transportation
2038,trans,5-10,PJME,PJM / East,AEO2026 Low Oil and Gas Supply,1.1810019228406738,Transportation
2038,trans,5-13,PJMD,PJM / Dominion,AEO2026 Low Oil and Gas Supply,1.256762689843645,Transportation
2038,trans,5-12,PJMC,PJM / Commonwealth Edison,AEO2026 Low Oil and Gas Supply,0.912318798970606,Transportation
2038,trans,5-9,NYUP,Northeast Power Coordinating Council / Upstate New York,AEO2026 Low Oil and Gas Supply,1.1779175018242314,Transportation
2038,trans,5-7,ISNE,Northeast Power Coordinating Council / New England,AEO2026 Low Oil and Gas Supply,1.3637004681409515,Transportation
2038,trans,5-8,NYCW,Northeast Power Coordinating Council / New York City and Long Island,AEO2026 Low Oil and Gas Supply,1.1779176183738829,Transportation
2038,trans,5-3,MISW,Midcontinent / West,AEO2026 Low Oil and Gas Supply,0.9989335998475098,Transportation
2038,res,5-3,MISW,Midcontinent / West,AEO2026 Low Oil and Gas Supply,1.0862277644345375,Residential
2038,res,5-6,MISS,Midcontinent / South,AEO2026 Low Oil and Gas Supply,1.0905213759483599,Residential
2038,res,5-5,MISE,Midcontinent / East,AEO2026 Low Oil and Gas Supply,1.1263914047062333,Residential
2038,res,5-4,MISC,Midcontinent / Central,AEO2026 Low Oil and Gas Supply,1.100092879448167,Residential
2038,ind,5-2,FRCC,Florida Reliability Coordinating Council,AEO2026 Low Oil and Gas Supply,1.0340583238255912,Industrial
2038,com,5-23,NWPP,Western Electricity Coordinating Council / Northwest Power Pool Area,AEO2026 Low Oil and Gas Supply,1.3560633127867459,Commercial
2038,com,5-20,SRSG,Western Electricity Coordinating Council / Southwest,AEO2026 Low Oil and Gas Supply,1.4730887875380847,Commercial
2038,com,5-24,RMRG,Western Electricity Coordinating Council / Rockies,AEO2026 Low Oil and Gas Supply,1.4670767303717367,Commercial
2038,com,5-22,CASO,Western Electricity Coordinating Council / California South,AEO2026 Low Oil and Gas Supply,1.3366028513314971,Commercial
2038,com,5-21,CANO,Western Electricity Coordinating Council / California North,AEO2026 Low Oil and Gas Supply,1.3366028606913687,Commercial
2038,com,5-25,BASN,Western Electricity Coordinating Council / Basin,AEO2026 Low Oil and Gas Supply,1.48857212310256,Commercial
2038,com,5-1,TRE,Texas Reliability Entity,AEO2026 Low Oil and Gas Supply,1.3923824570785226,Commercial
2038,com,5-17,SPPS,Southwest Power Pool / South,AEO2026 Low Oil and Gas Supply,1.3994467253055165,Commercial
2038,com,5-19,SPPN,Southwest Power Pool / North,AEO2026 Low Oil and Gas Supply,1.1556293634846864,Commercial
2038,com,5-18,SPPC,Southwest Power Pool / Central,AEO2026 Low Oil and Gas Supply,1.1460082089111812,Commercial
2038,com,5-15,SRSE,SERC Reliability Corporation / Southeastern,AEO2026 Low Oil and Gas Supply,1.2536551261795248,Commercial
2038,com,5-14,SRCA,SERC Reliability Corporation / East,AEO2026 Low Oil and Gas Supply,1.301286270791428,Commercial
2038,com,5-16,SRCE,SERC Reliability Corporation / Central,AEO2026 Low Oil and Gas Supply,1.1217280176560946,Commercial
2038,com,5-11,PJMW,PJM / West,AEO2026 Low Oil and Gas Supply,1.1662173657454338,Commercial
2038,com,5-10,PJME,PJM / East,AEO2026 Low Oil and Gas Supply,1.223033736452536,Commercial
2038,com,5-13,PJMD,PJM / Dominion,AEO2026 Low Oil and Gas Supply,1.301286244010381,Commercial
2038,com,5-12,PJMC,PJM / Commonwealth Edison,AEO2026 Low Oil and Gas Supply,1.1309113462666076,Commercial
2038,com,5-9,NYUP,Northeast Power Coordinating Council / Upstate New York,AEO2026 Low Oil and Gas Supply,1.1759389269108362,Commercial
2038,com,5-7,ISNE,Northeast Power Coordinating Council / New England,AEO2026 Low Oil and Gas Supply,1.0818658638196048,Commercial
2038,com,5-8,NYCW,Northeast Power Coordinating Council / New York City and Long Island,AEO2026 Low Oil and Gas Supply,1.1759388026456672,Commercial
2038,ind,5-4,MISC,Midcontinent / Central,AEO2026 Low Oil and Gas Supply,1.0797347779690818,Industrial
2038,com,5-6,MISS,Midcontinent / South,AEO2026 Low Oil and Gas Supply,1.3506794186908628,Commercial
2038,ind,5-5,MISE,Midcontinent / East,AEO2026 Low Oil and Gas Supply,1.0897745457730437,Industrial
2038,ind,5-3,MISW,Midcontinent / West,AEO2026 Low Oil and Gas Supply,1.0626905938383353,Industrial
2038,res,5-2,FRCC,Florida Reliability Coordinating Council,AEO2026 Low Oil and Gas Supply,1.1001673635872349,Residential
2038,ind,5-23,NWPP,Western Electricity Coordinating Council / Northwest Power Pool Area,AEO2026 Low Oil and Gas Supply,1.1039341794105069,Industrial
2038,ind,5-20,SRSG,Western Electricity Coordinating Council / Southwest,AEO2026 Low Oil and Gas Supply,1.1205610645795994,Industrial
2038,ind,5-24,RMRG,Western Electricity Coordinating Council / Rockies,AEO2026 Low Oil and Gas Supply,1.1224321588357171,Industrial
2038,ind,5-22,CASO,Western Electricity Coordinating Council / California South,AEO2026 Low Oil and Gas Supply,1.0998248410941398,Industrial
2038,ind,5-21,CANO,Western Electricity Coordinating Council / California North,AEO2026 Low Oil and Gas Supply,1.0998246581351847,Industrial
2038,ind,5-25,BASN,Western Electricity Coordinating Council / Basin,AEO2026 Low Oil and Gas Supply,1.1286784462725281,Industrial
2038,ind,5-1,TRE,Texas Reliability Entity,AEO2026 Low Oil and Gas Supply,1.020573394224649,Industrial
2038,ind,5-17,SPPS,Southwest Power Pool / South,AEO2026 Low Oil and Gas Supply,1.0347961574473514,Industrial
2038,ind,5-19,SPPN,Southwest Power Pool / North,AEO2026 Low Oil and Gas Supply,1.0501682468076332,Industrial
2038,ind,5-18,SPPC,Southwest Power Pool / Central,AEO2026 Low Oil and Gas Supply,1.0490928334946839,Industrial
2038,ind,5-15,SRSE,SERC Reliability Corporation / Southeastern,AEO2026 Low Oil and Gas Supply,1.0399777866250421,Industrial
2038,ind,5-14,SRCA,SERC Reliability Corporation / East,AEO2026 Low Oil and Gas Supply,1.033141069177519,Industrial
2038,ind,5-16,SRCE,SERC Reliability Corporation / Central,AEO2026 Low Oil and Gas Supply,1.047883086692995,Industrial
2038,ind,5-11,PJMW,PJM / West,AEO2026 Low Oil and Gas Supply,1.0377267095681066,Industrial
2038,ind,5-10,PJME,PJM / East,AEO2026 Low Oil and Gas Supply,0.8443771282200161,Industrial
2038,ind,5-13,PJMD,PJM / Dominion,AEO2026 Low Oil and Gas Supply,1.0331410195424267,Industrial
2038,ind,5-12,PJMC,PJM / Commonwealth Edison,AEO2026 Low Oil and Gas Supply,1.0897745560268088,Industrial
2038,ind,5-9,NYUP,Northeast Power Coordinating Council / Upstate New York,AEO2026 Low Oil and Gas Supply,0.825012023737293,Industrial
2038,ind,5-7,ISNE,Northeast Power Coordinating Council / New England,AEO2026 Low Oil and Gas Supply,0.816654537061867,Industrial
2038,ind,5-8,NYCW,Northeast Power Coordinating Council / New York City and Long Island,AEO2026 Low Oil and Gas Supply,0.8250133752135719,Industrial
2038,ind,5-6,MISS,Midcontinent / South,AEO2026 Low Oil and Gas Supply,1.0221365440734713,Industrial
2038,com,5-5,MISE,Midcontinent / East,AEO2026 Low Oil and Gas Supply,1.1309112552745753,Commercial
2038,com,5-4,MISC,Midcontinent / Central,AEO2026 Low Oil and Gas Supply,1.1357514605357575,Commercial
2038,com,5-2,FRCC,Florida Reliability Coordinating Council,AEO2026 Low Oil and Gas Supply,1.301286230382428,Commercial
2039,com,5-6,MISS,Midcontinent / South,AEO2026 Low Oil and Gas Supply,1.3755571718127206,Commercial
2039,com,5-5,MISE,Midcontinent / East,AEO2026 Low Oil and Gas Supply,1.1512594497335094,Commercial
2039,com,5-4,MISC,Midcontinent / Central,AEO2026 Low Oil and Gas Supply,1.153675161160062,Commercial
2039,com,5-2,FRCC,Florida Reliability Coordinating Council,AEO2026 Low Oil and Gas Supply,1.3307336982819806,Commercial
2039,com,5-3,MISW,Midcontinent / West,AEO2026 Low Oil and Gas Supply,1.1563187785356417,Commercial
2039,com,5-8,NYCW,Northeast Power Coordinating Council / New York City and Long Island,AEO2026 Low Oil and Gas Supply,1.2034486237257638,Commercial
2039,com,5-7,ISNE,Northeast Power Coordinating Council / New England,AEO2026 Low Oil and Gas Supply,1.0981593667917229,Commercial
2039,com,5-9,NYUP,Northeast Power Coordinating Council / Upstate New York,AEO2026 Low Oil and Gas Supply,1.2034486523331995,Commercial
2039,com,5-24,RMRG,Western Electricity Coordinating Council / Rockies,AEO2026 Low Oil and Gas Supply,1.5140708262639784,Commercial
2039,com,5-22,CASO,Western Electricity Coordinating Council / California South,AEO2026 Low Oil and Gas Supply,1.371436235325398,Commercial
2039,com,5-21,CANO,Western Electricity Coordinating Council / California North,AEO2026 Low Oil and Gas Supply,1.3714362782336393,Commercial
2039,com,5-25,BASN,Western Electricity Coordinating Council / Basin,AEO2026 Low Oil and Gas Supply,1.537806615514503,Commercial
2039,com,5-1,TRE,Texas Reliability Entity,AEO2026 Low Oil and Gas Supply,1.4196811117854147,Commercial
2039,com,5-17,SPPS,Southwest Power Pool / South,AEO2026 Low Oil and Gas Supply,1.4283461596658114,Commercial
2039,com,5-19,SPPN,Southwest Power Pool / North,AEO2026 Low Oil and Gas Supply,1.170300296275871,Commercial
2039,com,5-18,SPPC,Southwest Power Pool / Central,AEO2026 Low Oil and Gas Supply,1.1596648120687065,Commercial
2039,com,5-15,SRSE,SERC Reliability Corporation / Southeastern,AEO2026 Low Oil and Gas Supply,1.2783884359587134,Commercial
2039,com,5-14,SRCA,SERC Reliability Corporation / East,AEO2026 Low Oil and Gas Supply,1.330733731506249,Commercial
2039,com,5-16,SRCE,SERC Reliability Corporation / Central,AEO2026 Low Oil and Gas Supply,1.1334039277221053,Commercial
2039,com,5-11,PJMW,PJM / West,AEO2026 Low Oil and Gas Supply,1.1884934112688554,Commercial
2039,com,5-10,PJME,PJM / East,AEO2026 Low Oil and Gas Supply,1.2512713168973344,Commercial
2039,com,5-13,PJMD,PJM / Dominion,AEO2026 Low Oil and Gas Supply,1.3307337033297422,Commercial
2039,com,5-12,PJMC,PJM / Commonwealth Edison,AEO2026 Low Oil and Gas Supply,1.1512595335572386,Commercial
2039,com,5-20,SRSG,Western Electricity Coordinating Council / Southwest,AEO2026 Low Oil and Gas Supply,1.5199276628972016,Commercial
2039,com,5-23,NWPP,Western Electricity Coordinating Council / Northwest Power Pool Area,AEO2026 Low Oil and Gas Supply,1.3927408076490846,Commercial
2039,ind,5-2,FRCC,Florida Reliability Coordinating Council,AEO2026 Low Oil and Gas Supply,1.0494342847659937,Industrial
2039,ind,5-4,MISC,Midcontinent / Central,AEO2026 Low Oil and Gas Supply,1.1002277733749726,Industrial
2039,trans,5-3,MISW,Midcontinent / West,AEO2026 Low Oil and Gas Supply,1.010313686498962,Transportation
2039,trans,5-6,MISS,Midcontinent / South,AEO2026 Low Oil and Gas Supply,1.7676747037188396,Transportation
2039,trans,5-5,MISE,Midcontinent / East,AEO2026 Low Oil and Gas Supply,0.9189935686780508,Transportation
2039,trans,5-4,MISC,Midcontinent / Central,AEO2026 Low Oil and Gas Supply,0.9434665929289813,Transportation
2039,trans,5-2,FRCC,Florida Reliability Coordinating Council,AEO2026 Low Oil and Gas Supply,1.2741481052813883,Transportation
2039,res,5-23,NWPP,Western Electricity Coordinating Council / Northwest Power Pool Area,AEO2026 Low Oil and Gas Supply,1.2215524406946443,Residential
2039,res,5-20,SRSG,Western Electricity Coordinating Council / Southwest,AEO2026 Low Oil and Gas Supply,1.3161606590369954,Residential
2039,res,5-24,RMRG,Western Electricity Coordinating Council / Rockies,AEO2026 Low Oil and Gas Supply,1.316234022084762,Residential
2039,res,5-22,CASO,Western Electricity Coordinating Council / California South,AEO2026 Low Oil and Gas Supply,1.2048245112846703,Residential
2039,res,5-21,CANO,Western Electricity Coordinating Council / California North,AEO2026 Low Oil and Gas Supply,1.204820022807515,Residential
2039,res,5-25,BASN,Western Electricity Coordinating Council / Basin,AEO2026 Low Oil and Gas Supply,1.3306575465292811,Residential
2039,res,5-1,TRE,Texas Reliability Entity,AEO2026 Low Oil and Gas Supply,1.133362770998991,Residential
2039,res,5-17,SPPS,Southwest Power Pool / South,AEO2026 Low Oil and Gas Supply,1.140400375055314,Residential
2039,res,5-19,SPPN,Southwest Power Pool / North,AEO2026 Low Oil and Gas Supply,1.078016331692925,Residential
2039,res,5-18,SPPC,Southwest Power Pool / Central,AEO2026 Low Oil and Gas Supply,1.0739700171654714,Residential
2039,trans,5-8,NYCW,Northeast Power Coordinating Council / New York City and Long Island,AEO2026 Low Oil and Gas Supply,1.1853663648945647,Transportation
2039,res,5-15,SRSE,SERC Reliability Corporation / Southeastern,AEO2026 Low Oil and Gas Supply,1.0654011339139997,Residential
2039,trans,5-7,ISNE,Northeast Power Coordinating Council / New England,AEO2026 Low Oil and Gas Supply,1.3770317121422833,Transportation
2039,trans,5-12,PJMC,PJM / Commonwealth Edison,AEO2026 Low Oil and Gas Supply,0.9189900244820405,Transportation
2039,trans,5-25,BASN,Western Electricity Coordinating Council / Basin,AEO2026 Low Oil and Gas Supply,1.703283122019309,Transportation
2039,trans,5-1,TRE,Texas Reliability Entity,AEO2026 Low Oil and Gas Supply,1.7730646758751425,Transportation
2039,trans,5-17,SPPS,Southwest Power Pool / South,AEO2026 Low Oil and Gas Supply,1.7600174342583175,Transportation
2039,trans,5-19,SPPN,Southwest Power Pool / North,AEO2026 Low Oil and Gas Supply,1.4530797578310082,Transportation
2039,trans,5-18,SPPC,Southwest Power Pool / Central,AEO2026 Low Oil and Gas Supply,1.4406326576074848,Transportation
2039,trans,5-15,SRSE,SERC Reliability Corporation / Southeastern,AEO2026 Low Oil and Gas Supply,1.2730078428407443,Transportation
2039,trans,5-14,SRCA,SERC Reliability Corporation / East,AEO2026 Low Oil and Gas Supply,1.2741471573523087,Transportation
2039,trans,5-16,SRCE,SERC Reliability Corporation / Central,AEO2026 Low Oil and Gas Supply,1.1841579764810295,Transportation
2039,trans,5-11,PJMW,PJM / West,AEO2026 Low Oil and Gas Supply,1.0695883895463163,Transportation
2039,trans,5-10,PJME,PJM / East,AEO2026 Low Oil and Gas Supply,1.1888388650856403,Transportation
2039,trans,5-13,PJMD,PJM / Dominion,AEO2026 Low Oil and Gas Supply,1.274145423592133,Transportation
2039,trans,5-9,NYUP,Northeast Power Coordinating Council / Upstate New York,AEO2026 Low Oil and Gas Supply,1.1853653079991728,Transportation
2039,res,5-14,SRCA,SERC Reliability Corporation / East,AEO2026 Low Oil and Gas Supply,1.1117999848675533,Residential
2039,res,5-11,PJMW,PJM / West,AEO2026 Low Oil and Gas Supply,1.1212164343141855,Residential
2039,ind,5-19,SPPN,Southwest Power Pool / North,AEO2026 Low Oil and Gas Supply,1.0705021162585153,Industrial
2039,ind,5-18,SPPC,Southwest Power Pool / Central,AEO2026 Low Oil and Gas Supply,1.0692887121402421,Industrial
2039,ind,5-15,SRSE,SERC Reliability Corporation / Southeastern,AEO2026 Low Oil and Gas Supply,1.0550517305844478,Industrial
2039,ind,5-14,SRCA,SERC Reliability Corporation / East,AEO2026 Low Oil and Gas Supply,1.0485169456625498,Industrial
2039,ind,5-16,SRCE,SERC Reliability Corporation / Central,AEO2026 Low Oil and Gas Supply,1.062607782096489,Industrial
2039,ind,5-11,PJMW,PJM / West,AEO2026 Low Oil and Gas Supply,1.0545731963393181,Industrial
2039,ind,5-10,PJME,PJM / East,AEO2026 Low Oil and Gas Supply,0.8472689403159389,Industrial
2039,ind,5-13,PJMD,PJM / Dominion,AEO2026 Low Oil and Gas Supply,1.0485169211981755,Industrial
2039,ind,5-12,PJMC,PJM / Commonwealth Edison,AEO2026 Low Oil and Gas Supply,1.11110031744894,Industrial
2039,ind,5-9,NYUP,Northeast Power Coordinating Council / Upstate New York,AEO2026 Low Oil and Gas Supply,0.8266232138661267,Industrial
2039,ind,5-7,ISNE,Northeast Power Coordinating Council / New England,AEO2026 Low Oil and Gas Supply,0.818299490027547,Industrial
2039,ind,5-8,NYCW,Northeast Power Coordinating Council / New York City and Long Island,AEO2026 Low Oil and Gas Supply,0.8266227154272302,Industrial
2039,ind,5-3,MISW,Midcontinent / West,AEO2026 Low Oil and Gas Supply,1.0832640752546887,Industrial
2039,ind,5-6,MISS,Midcontinent / South,AEO2026 Low Oil and Gas Supply,1.0382469822945277,Industrial
2039,ind,5-5,MISE,Midcontinent / East,AEO2026 Low Oil and Gas Supply,1.1111002330066266,Industrial
2039,ind,5-17,SPPS,Southwest Power Pool / South,AEO2026 Low Oil and Gas Supply,1.052758532247382,Industrial
2039,res,5-16,SRCE,SERC Reliability Corporation / Central,AEO2026 Low Oil and Gas Supply,0.9618016352158806,Residential
2039,ind,5-1,TRE,Texas Reliability Entity,AEO2026 Low Oil and Gas Supply,1.0366505180090444,Industrial
2039,ind,5-21,CANO,Western Electricity Coordinating Council / California North,AEO2026 Low Oil and Gas Supply,1.127805214964913,Industrial
2039,res,5-10,PJME,PJM / East,AEO2026 Low Oil and Gas Supply,1.1519863337718645,Residential
2039,res,5-13,PJMD,PJM / Dominion,AEO2026 Low Oil and Gas Supply,1.1117999197913326,Residential
2039,res,5-12,PJMC,PJM / Commonwealth Edison,AEO2026 Low Oil and Gas Supply,1.1441412358227145,Residential
2039,res,5-9,NYUP,Northeast Power Coordinating Council / Upstate New York,AEO2026 Low Oil and Gas Supply,1.1706324354179047,Residential
2039,res,5-7,ISNE,Northeast Power Coordinating Council / New England,AEO2026 Low Oil and Gas Supply,1.1454602471219668,Residential
2039,res,5-8,NYCW,Northeast Power Coordinating Council / New York City and Long Island,AEO2026 Low Oil and Gas Supply,1.1706323312272247,Residential
2039,res,5-3,MISW,Midcontinent / West,AEO2026 Low Oil and Gas Supply,1.0993867992789041,Residential
2039,res,5-6,MISS,Midcontinent / South,AEO2026 Low Oil and Gas Supply,1.1032820206087925,Residential
2039,res,5-5,MISE,Midcontinent / East,AEO2026 Low Oil and Gas Supply,1.1441406890448118,Residential
2039,res,5-4,MISC,Midcontinent / Central,AEO2026 Low Oil and Gas Supply,1.1149727526415831,Residential
2039,res,5-2,FRCC,Florida Reliability Coordinating Council,AEO2026 Low Oil and Gas Supply,1.1117999292532472,Residential
2039,ind,5-23,NWPP,Western Electricity Coordinating Council / Northwest Power Pool Area,AEO2026 Low Oil and Gas Supply,1.1322596355926096,Industrial
2039,ind,5-20,SRSG,Western Electricity Coordinating Council / Southwest,AEO2026 Low Oil and Gas Supply,1.1500043443438315,Industrial
2039,ind,5-24,RMRG,Western Electricity Coordinating Council / Rockies,AEO2026 Low Oil and Gas Supply,1.152034501439787,Industrial
2039,ind,5-22,CASO,Western Electricity Coordinating Council / California South,AEO2026 Low Oil and Gas Supply,1.1278055486576628,Industrial
2039,ind,5-25,BASN,Western Electricity Coordinating Council / Basin,AEO2026 Low Oil and Gas Supply,1.1612625865224433,Industrial
2039,trans,5-23,NWPP,Western Electricity Coordinating Council / Northwest Power Pool Area,AEO2026 Low Oil and Gas Supply,1.394792770464029,Transportation
2039,trans,5-24,RMRG,Western Electricity Coordinating Council / Rockies,AEO2026 Low Oil and Gas Supply,1.7049344968420113,Transportation
2039,trans,5-22,CASO,Western Electricity Coordinating Council / California South,AEO2026 Low Oil and Gas Supply,1.3803046944198407,Transportation
2039,trans,5-21,CANO,Western Electricity Coordinating Council / California North,AEO2026 Low Oil and Gas Supply,1.3803046336646865,Transportation
2039,trans,5-20,SRSG,Western Electricity Coordinating Council / Southwest,AEO2026 Low Oil and Gas Supply,1.6550808328155646,Transportation
2040,trans,5-22,CASO,Western Electricity Coordinating Council / California South,AEO2026 Low Oil and Gas Supply,1.4017891939769707,Transportation
2040,trans,5-21,CANO,Western Electricity Coordinating Council / California North,AEO2026 Low Oil and Gas Supply,1.4017898061043388,Transportation
2040,trans,5-25,BASN,Western Electricity Coordinating Council / Basin,AEO2026 Low Oil and Gas Supply,1.7425264627195534,Transportation
2040,res,5-23,NWPP,Western Electricity Coordinating Council / Northwest Power Pool Area,AEO2026 Low Oil and Gas Supply,1.2289439091003442,Residential
2040,trans,5-17,SPPS,Southwest Power Pool / South,AEO2026 Low Oil and Gas Supply,1.8015109690541913,Transportation
2040,com,5-25,BASN,Western Electricity Coordinating Council / Basin,AEO2026 Low Oil and Gas Supply,1.5858244573377154,Commercial
2040,com,5-21,CANO,Western Electricity Coordinating Council / California North,AEO2026 Low Oil and Gas Supply,1.4030755817932876,Commercial
2040,com,5-22,CASO,Western Electricity Coordinating Council / California South,AEO2026 Low Oil and Gas Supply,1.4030755880814285,Commercial
2040,com,5-24,RMRG,Western Electricity Coordinating Council / Rockies,AEO2026 Low Oil and Gas Supply,1.559834616610616,Commercial
2040,com,5-20,SRSG,Western Electricity Coordinating Council / Southwest,AEO2026 Low Oil and Gas Supply,1.5654197381171548,Commercial
2040,com,5-23,NWPP,Western Electricity Coordinating Council / Northwest Power Pool Area,AEO2026 Low Oil and Gas Supply,1.4264774914402745,Commercial
2040,ind,5-2,FRCC,Florida Reliability Coordinating Council,AEO2026 Low Oil and Gas Supply,1.0614254407062567,Industrial
2040,ind,5-4,MISC,Midcontinent / Central,AEO2026 Low Oil and Gas Supply,1.113067301127199,Industrial
2040,ind,5-5,MISE,Midcontinent / East,AEO2026 Low Oil and Gas Supply,1.1242656291352828,Industrial
2040,ind,5-6,MISS,Midcontinent / South,AEO2026 Low Oil and Gas Supply,1.0474914434867115,Industrial
2040,com,5-1,TRE,Texas Reliability Entity,AEO2026 Low Oil and Gas Supply,1.4454996857117655,Commercial
2040,ind,5-3,MISW,Midcontinent / West,AEO2026 Low Oil and Gas Supply,1.0961134159668307,Industrial
2040,ind,5-7,ISNE,Northeast Power Coordinating Council / New England,AEO2026 Low Oil and Gas Supply,0.8158516354796397,Industrial
2040,ind,5-9,NYUP,Northeast Power Coordinating Council / Upstate New York,AEO2026 Low Oil and Gas Supply,0.8243591243820242,Industrial
2040,ind,5-12,PJMC,PJM / Commonwealth Edison,AEO2026 Low Oil and Gas Supply,1.1242655812364375,Industrial
2040,ind,5-13,PJMD,PJM / Dominion,AEO2026 Low Oil and Gas Supply,1.0598549562290593,Industrial
2040,ind,5-10,PJME,PJM / East,AEO2026 Low Oil and Gas Supply,0.8462704689926136,Industrial
2040,ind,5-11,PJMW,PJM / West,AEO2026 Low Oil and Gas Supply,1.064996121600754,Industrial
2040,ind,5-16,SRCE,SERC Reliability Corporation / Central,AEO2026 Low Oil and Gas Supply,1.0732410221863264,Industrial
2040,ind,5-14,SRCA,SERC Reliability Corporation / East,AEO2026 Low Oil and Gas Supply,1.0598549405870854,Industrial
2040,ind,5-15,SRSE,SERC Reliability Corporation / Southeastern,AEO2026 Low Oil and Gas Supply,1.066062839219484,Industrial
2040,ind,5-18,SPPC,Southwest Power Pool / Central,AEO2026 Low Oil and Gas Supply,1.081979221057801,Industrial
2040,ind,5-8,NYCW,Northeast Power Coordinating Council / New York City and Long Island,AEO2026 Low Oil and Gas Supply,0.8243575582900436,Industrial
2040,ind,5-19,SPPN,Southwest Power Pool / North,AEO2026 Low Oil and Gas Supply,1.0833767793202076,Industrial
2040,com,5-17,SPPS,Southwest Power Pool / South,AEO2026 Low Oil and Gas Supply,1.4557859045106094,Commercial
2040,com,5-18,SPPC,Southwest Power Pool / Central,AEO2026 Low Oil and Gas Supply,1.1717006206419922,Commercial
2040,com,5-2,FRCC,Florida Reliability Coordinating Council,AEO2026 Low Oil and Gas Supply,1.358763278823008,Commercial
2040,com,5-4,MISC,Midcontinent / Central,AEO2026 Low Oil and Gas Supply,1.16693996333772,Commercial
2040,com,5-5,MISE,Midcontinent / East,AEO2026 Low Oil and Gas Supply,1.1652372856749251,Commercial
2040,com,5-19,SPPN,Southwest Power Pool / North,AEO2026 Low Oil and Gas Supply,1.1833621597507744,Commercial
2040,com,5-6,MISS,Midcontinent / South,AEO2026 Low Oil and Gas Supply,1.399132466293802,Commercial
2040,com,5-8,NYCW,Northeast Power Coordinating Council / New York City and Long Island,AEO2026 Low Oil and Gas Supply,1.2256446663762317,Commercial
2040,com,5-7,ISNE,Northeast Power Coordinating Council / New England,AEO2026 Low Oil and Gas Supply,1.1141112521872008,Commercial
2040,com,5-9,NYUP,Northeast Power Coordinating Council / Upstate New York,AEO2026 Low Oil and Gas Supply,1.2256445455831408,Commercial
2040,com,5-12,PJMC,PJM / Commonwealth Edison,AEO2026 Low Oil and Gas Supply,1.1652371985886252,Commercial
2040,com,5-13,PJMD,PJM / Dominion,AEO2026 Low Oil and Gas Supply,1.3587632096158087,Commercial
2040,com,5-10,PJME,PJM / East,AEO2026 Low Oil and Gas Supply,1.2756591436703242,Commercial
2040,com,5-11,PJMW,PJM / West,AEO2026 Low Oil and Gas Supply,1.2057843093676681,Commercial
2040,com,5-16,SRCE,SERC Reliability Corporation / Central,AEO2026 Low Oil and Gas Supply,1.1447474016164694,Commercial
2040,com,5-14,SRCA,SERC Reliability Corporation / East,AEO2026 Low Oil and Gas Supply,1.3587633016419982,Commercial
2040,com,5-15,SRSE,SERC Reliability Corporation / Southeastern,AEO2026 Low Oil and Gas Supply,1.3019916623942385,Commercial
2040,com,5-3,MISW,Midcontinent / West,AEO2026 Low Oil and Gas Supply,1.1690572617260588,Commercial
2040,ind,5-17,SPPS,Southwest Power Pool / South,AEO2026 Low Oil and Gas Supply,1.0642784981978903,Industrial
2040,ind,5-1,TRE,Texas Reliability Entity,AEO2026 Low Oil and Gas Supply,1.0459290627573516,Industrial
2040,ind,5-25,BASN,Western Electricity Coordinating Council / Basin,AEO2026 Low Oil and Gas Supply,1.1875542301244681,Industrial
2040,res,5-24,RMRG,Western Electricity Coordinating Council / Rockies,AEO2026 Low Oil and Gas Supply,1.3358435290211481,Residential
2040,res,5-20,SRSG,Western Electricity Coordinating Council / Southwest,AEO2026 Low Oil and Gas Supply,1.33545730600989,Residential
2040,trans,5-2,FRCC,Florida Reliability Coordinating Council,AEO2026 Low Oil and Gas Supply,1.2881847788896539,Transportation
2040,trans,5-4,MISC,Midcontinent / Central,AEO2026 Low Oil and Gas Supply,0.9492344397531206,Transportation
2040,trans,5-5,MISE,Midcontinent / East,AEO2026 Low Oil and Gas Supply,0.9235852099756053,Transportation
2040,trans,5-6,MISS,Midcontinent / South,AEO2026 Low Oil and Gas Supply,1.809387588300543,Transportation
2040,trans,5-3,MISW,Midcontinent / West,AEO2026 Low Oil and Gas Supply,1.0193085399590955,Transportation
2040,trans,5-8,NYCW,Northeast Power Coordinating Council / New York City and Long Island,AEO2026 Low Oil and Gas Supply,1.1910488661198395,Transportation
2040,trans,5-7,ISNE,Northeast Power Coordinating Council / New England,AEO2026 Low Oil and Gas Supply,1.3876324603843062,Transportation
2040,trans,5-9,NYUP,Northeast Power Coordinating Council / Upstate New York,AEO2026 Low Oil and Gas Supply,1.1910480647540314,Transportation
2040,res,5-22,CASO,Western Electricity Coordinating Council / California South,AEO2026 Low Oil and Gas Supply,1.2102568736461374,Residential
2040,trans,5-12,PJMC,PJM / Commonwealth Edison,AEO2026 Low Oil and Gas Supply,0.9235836695916355,Transportation
2040,trans,5-10,PJME,PJM / East,AEO2026 Low Oil and Gas Supply,1.194848756918411,Transportation
2040,trans,5-11,PJMW,PJM / West,AEO2026 Low Oil and Gas Supply,1.0753637376157954,Transportation
2040,trans,5-16,SRCE,SERC Reliability Corporation / Central,AEO2026 Low Oil and Gas Supply,1.19347681384513,Transportation
2040,trans,5-14,SRCA,SERC Reliability Corporation / East,AEO2026 Low Oil and Gas Supply,1.2881803284235764,Transportation
2040,trans,5-15,SRSE,SERC Reliability Corporation / Southeastern,AEO2026 Low Oil and Gas Supply,1.2869819841493508,Transportation
2040,trans,5-18,SPPC,Southwest Power Pool / Central,AEO2026 Low Oil and Gas Supply,1.470372020494542,Transportation
2040,trans,5-19,SPPN,Southwest Power Pool / North,AEO2026 Low Oil and Gas Supply,1.4832850750197422,Transportation
2040,trans,5-23,NWPP,Western Electricity Coordinating Council / Northwest Power Pool Area,AEO2026 Low Oil and Gas Supply,1.417072265426223,Transportation
2040,trans,5-20,SRSG,Western Electricity Coordinating Council / Southwest,AEO2026 Low Oil and Gas Supply,1.6916535701667825,Transportation
2040,trans,5-24,RMRG,Western Electricity Coordinating Council / Rockies,AEO2026 Low Oil and Gas Supply,1.7444149351663802,Transportation
2040,trans,5-13,PJMD,PJM / Dominion,AEO2026 Low Oil and Gas Supply,1.288186013171453,Transportation
2040,res,5-21,CANO,Western Electricity Coordinating Council / California North,AEO2026 Low Oil and Gas Supply,1.21025188839347,Residential
2040,res,5-25,BASN,Western Electricity Coordinating Council / Basin,AEO2026 Low Oil and Gas Supply,1.3508278092403685,Residential
2040,res,5-1,TRE,Texas Reliability Entity,AEO2026 Low Oil and Gas Supply,1.145940252553019,Residential
2040,ind,5-21,CANO,Western Electricity Coordinating Council / California North,AEO2026 Low Oil and Gas Supply,1.1534054185103686,Industrial
2040,ind,5-22,CASO,Western Electricity Coordinating Council / California South,AEO2026 Low Oil and Gas Supply,1.1534055500628568,Industrial
2040,ind,5-24,RMRG,Western Electricity Coordinating Council / Rockies,AEO2026 Low Oil and Gas Supply,1.1772773983258518,Industrial
2040,ind,5-20,SRSG,Western Electricity Coordinating Council / Southwest,AEO2026 Low Oil and Gas Supply,1.17534746396144,Industrial
2040,ind,5-23,NWPP,Western Electricity Coordinating Council / Northwest Power Pool Area,AEO2026 Low Oil and Gas Supply,1.1579595522754957,Industrial
2040,res,5-2,FRCC,Florida Reliability Coordinating Council,AEO2026 Low Oil and Gas Supply,1.1204140589531077,Residential
2040,res,5-4,MISC,Midcontinent / Central,AEO2026 Low Oil and Gas Supply,1.1273045065170009,Residential
2040,res,5-5,MISE,Midcontinent / East,AEO2026 Low Oil and Gas Supply,1.1588031145358335,Residential
2040,res,5-6,MISS,Midcontinent / South,AEO2026 Low Oil and Gas Supply,1.114207215326819,Residential
2040,res,5-3,MISW,Midcontinent / West,AEO2026 Low Oil and Gas Supply,1.1103536787518653,Residential
2040,res,5-8,NYCW,Northeast Power Coordinating Council / New York City and Long Island,AEO2026 Low Oil and Gas Supply,1.1852831951252523,Residential
2040,res,5-7,ISNE,Northeast Power Coordinating Council / New England,AEO2026 Low Oil and Gas Supply,1.1587812981299794,Residential
2040,res,5-9,NYUP,Northeast Power Coordinating Council / Upstate New York,AEO2026 Low Oil and Gas Supply,1.1852833427510754,Residential
2040,res,5-12,PJMC,PJM / Commonwealth Edison,AEO2026 Low Oil and Gas Supply,1.158803580511649,Residential
2040,res,5-13,PJMD,PJM / Dominion,AEO2026 Low Oil and Gas Supply,1.1204139912924078,Residential
2040,res,5-10,PJME,PJM / East,AEO2026 Low Oil and Gas Supply,1.1647238037383723,Residential
2040,res,5-11,PJMW,PJM / West,AEO2026 Low Oil and Gas Supply,1.1333615186521415,Residential
2040,res,5-16,SRCE,SERC Reliability Corporation / Central,AEO2026 Low Oil and Gas Supply,0.9649144567933936,Residential
2040,res,5-14,SRCA,SERC Reliability Corporation / East,AEO2026 Low Oil and Gas Supply,1.1204140334157076,Residential
2040,res,5-15,SRSE,SERC Reliability Corporation / Southeastern,AEO2026 Low Oil and Gas Supply,1.0723135375120523,Residential
2040,res,5-18,SPPC,Southwest Power Pool / Central,AEO2026 Low Oil and Gas Supply,1.0828368045661525,Residential
2040,res,5-19,SPPN,Southwest Power Pool / North,AEO2026 Low Oil and Gas Supply,1.0870611704737074,Residential
2040,res,5-17,SPPS,Southwest Power Pool / South,AEO2026 Low Oil and Gas Supply,1.1532516655327583,Residential
2040,trans,5-1,TRE,Texas Reliability Entity,AEO2026 Low Oil and Gas Supply,1.815045953631029,Transportation
2041,trans,5-14,SRCA,SERC Reliability Corporation / East,AEO2026 Low Oil and Gas Supply,1.2998109896696912,Transportation
2041,trans,5-16,SRCE,SERC Reliability Corporation / Central,AEO2026 Low Oil and Gas Supply,1.201686265808742,Transportation
2041,trans,5-11,PJMW,PJM / West,AEO2026 Low Oil and Gas Supply,1.0785580941715744,Transportation
2041,trans,5-10,PJME,PJM / East,AEO2026 Low Oil and Gas Supply,1.1975346725569558,Transportation
2041,trans,5-13,PJMD,PJM / Dominion,AEO2026 Low Oil and Gas Supply,1.2998073563012411,Transportation
2041,trans,5-12,PJMC,PJM / Commonwealth Edison,AEO2026 Low Oil and Gas Supply,0.9263711769649579,Transportation
2041,trans,5-9,NYUP,Northeast Power Coordinating Council / Upstate New York,AEO2026 Low Oil and Gas Supply,1.193371114322394,Transportation
2041,trans,5-7,ISNE,Northeast Power Coordinating Council / New England,AEO2026 Low Oil and Gas Supply,1.3936614890408006,Transportation
2041,trans,5-8,NYCW,Northeast Power Coordinating Council / New York City and Long Island,AEO2026 Low Oil and Gas Supply,1.1933714940955622,Transportation
2041,trans,5-3,MISW,Midcontinent / West,AEO2026 Low Oil and Gas Supply,1.0259490703772582,Transportation
2041,trans,5-6,MISS,Midcontinent / South,AEO2026 Low Oil and Gas Supply,1.841788779263238,Transportation
2041,trans,5-5,MISE,Midcontinent / East,AEO2026 Low Oil and Gas Supply,0.926372452168303,Transportation
2041,trans,5-4,MISC,Midcontinent / Central,AEO2026 Low Oil and Gas Supply,0.953052492014705,Transportation
2041,trans,5-2,FRCC,Florida Reliability Coordinating Council,AEO2026 Low Oil and Gas Supply,1.2998137173318915,Transportation
2041,res,5-23,NWPP,Western Electricity Coordinating Council / Northwest Power Pool Area,AEO2026 Low Oil and Gas Supply,1.2347049130042596,Residential
2041,res,5-20,SRSG,Western Electricity Coordinating Council / Southwest,AEO2026 Low Oil and Gas Supply,1.3543205204742166,Residential
2041,res,5-24,RMRG,Western Electricity Coordinating Council / Rockies,AEO2026 Low Oil and Gas Supply,1.355243514965969,Residential
2041,res,5-22,CASO,Western Electricity Coordinating Council / California South,AEO2026 Low Oil and Gas Supply,1.2138570710533463,Residential
2041,res,5-21,CANO,Western Electricity Coordinating Council / California North,AEO2026 Low Oil and Gas Supply,1.213851437390201,Residential
2041,res,5-25,BASN,Western Electricity Coordinating Council / Basin,AEO2026 Low Oil and Gas Supply,1.370682066277074,Residential
2041,res,5-1,TRE,Texas Reliability Entity,AEO2026 Low Oil and Gas Supply,1.156901058162325,Residential
2041,res,5-17,SPPS,Southwest Power Pool / South,AEO2026 Low Oil and Gas Supply,1.1645329917540557,Residential
2041,res,5-19,SPPN,Southwest Power Pool / North,AEO2026 Low Oil and Gas Supply,1.0973299652773054,Residential
2041,res,5-18,SPPC,Southwest Power Pool / Central,AEO2026 Low Oil and Gas Supply,1.0929487199471755,Residential
2041,res,5-15,SRSE,SERC Reliability Corporation / Southeastern,AEO2026 Low Oil and Gas Supply,1.0783429579731212,Residential
2041,res,5-14,SRCA,SERC Reliability Corporation / East,AEO2026 Low Oil and Gas Supply,1.1276792445868848,Residential
2041,res,5-16,SRCE,SERC Reliability Corporation / Central,AEO2026 Low Oil and Gas Supply,0.9681845749158033,Residential
2041,trans,5-15,SRSE,SERC Reliability Corporation / Southeastern,AEO2026 Low Oil and Gas Supply,1.29857096705457,Transportation
2041,res,5-11,PJMW,PJM / West,AEO2026 Low Oil and Gas Supply,1.143750589476894,Residential
2041,trans,5-18,SPPC,Southwest Power Pool / Central,AEO2026 Low Oil and Gas Supply,1.4952105145912231,Transportation
2041,trans,5-17,SPPS,Southwest Power Pool / South,AEO2026 Low Oil and Gas Supply,1.8340549179137002,Transportation
2041,trans,5-23,NWPP,Western Electricity Coordinating Council / Northwest Power Pool Area,AEO2026 Low Oil and Gas Supply,1.4340864598861331,Transportation
2041,trans,5-20,SRSG,Western Electricity Coordinating Council / Southwest,AEO2026 Low Oil and Gas Supply,1.7211115578134328,Transportation
2041,trans,5-24,RMRG,Western Electricity Coordinating Council / Rockies,AEO2026 Low Oil and Gas Supply,1.7764411810654586,Transportation
2041,trans,5-22,CASO,Western Electricity Coordinating Council / California South,AEO2026 Low Oil and Gas Supply,1.4181080602302922,Transportation
2041,trans,5-21,CANO,Western Electricity Coordinating Council / California North,AEO2026 Low Oil and Gas Supply,1.41810470532359,Transportation
2041,trans,5-25,BASN,Western Electricity Coordinating Council / Basin,AEO2026 Low Oil and Gas Supply,1.7743398860067465,Transportation
2041,trans,5-1,TRE,Texas Reliability Entity,AEO2026 Low Oil and Gas Supply,1.8476767590709169,Transportation
2041,trans,5-19,SPPN,Southwest Power Pool / North,AEO2026 Low Oil and Gas Supply,1.50842326928139,Transportation
2041,res,5-10,PJME,PJM / East,AEO2026 Low Oil and Gas Supply,1.1745504405969869,Residential
2041,res,5-13,PJMD,PJM / Dominion,AEO2026 Low Oil and Gas Supply,1.1276791730483444,Residential
2041,res,5-12,PJMC,PJM / Commonwealth Edison,AEO2026 Low Oil and Gas Supply,1.1716186887833544,Residential
2041,ind,5-2,FRCC,Florida Reliability Coordinating Council,AEO2026 Low Oil and Gas Supply,1.0731766930517943,Industrial
2041,com,5-23,NWPP,Western Electricity Coordinating Council / Northwest Power Pool Area,AEO2026 Low Oil and Gas Supply,1.456576963948689,Commercial
2041,com,5-20,SRSG,Western Electricity Coordinating Council / Southwest,AEO2026 Low Oil and Gas Supply,1.6110916117358856,Commercial
2041,com,5-24,RMRG,Western Electricity Coordinating Council / Rockies,AEO2026 Low Oil and Gas Supply,1.6062992931276896,Commercial
2041,com,5-22,CASO,Western Electricity Coordinating Council / California South,AEO2026 Low Oil and Gas Supply,1.4304566985449194,Commercial
2041,com,5-21,CANO,Western Electricity Coordinating Council / California North,AEO2026 Low Oil and Gas Supply,1.4304566911562522,Commercial
2041,com,5-25,BASN,Western Electricity Coordinating Council / Basin,AEO2026 Low Oil and Gas Supply,1.6344346506449587,Commercial
2041,com,5-1,TRE,Texas Reliability Entity,AEO2026 Low Oil and Gas Supply,1.4699677973310308,Commercial
2041,com,5-17,SPPS,Southwest Power Pool / South,AEO2026 Low Oil and Gas Supply,1.482018732716463,Commercial
2041,com,5-19,SPPN,Southwest Power Pool / North,AEO2026 Low Oil and Gas Supply,1.1981717565232894,Commercial
2041,com,5-18,SPPC,Southwest Power Pool / Central,AEO2026 Low Oil and Gas Supply,1.1855132149060583,Commercial
2041,com,5-15,SRSE,SERC Reliability Corporation / Southeastern,AEO2026 Low Oil and Gas Supply,1.3238859760551096,Commercial
2041,com,5-14,SRCA,SERC Reliability Corporation / East,AEO2026 Low Oil and Gas Supply,1.3848771862223048,Commercial
2041,com,5-16,SRCE,SERC Reliability Corporation / Central,AEO2026 Low Oil and Gas Supply,1.1549540256838222,Commercial
2041,com,5-11,PJMW,PJM / West,AEO2026 Low Oil and Gas Supply,1.2214184687795684,Commercial
2041,com,5-10,PJME,PJM / East,AEO2026 Low Oil and Gas Supply,1.29585640590473,Commercial
2041,com,5-13,PJMD,PJM / Dominion,AEO2026 Low Oil and Gas Supply,1.3848770642611163,Commercial
2041,com,5-12,PJMC,PJM / Commonwealth Edison,AEO2026 Low Oil and Gas Supply,1.178276831211076,Commercial
2041,com,5-9,NYUP,Northeast Power Coordinating Council / Upstate New York,AEO2026 Low Oil and Gas Supply,1.2422807535529083,Commercial
2041,com,5-7,ISNE,Northeast Power Coordinating Council / New England,AEO2026 Low Oil and Gas Supply,1.1264675070751349,Commercial
2041,com,5-8,NYCW,Northeast Power Coordinating Council / New York City and Long Island,AEO2026 Low Oil and Gas Supply,1.2422808011468716,Commercial
2041,com,5-3,MISW,Midcontinent / West,AEO2026 Low Oil and Gas Supply,1.1825731914056425,Commercial
2041,com,5-6,MISS,Midcontinent / South,AEO2026 Low Oil and Gas Supply,1.4213913781194385,Commercial
2041,com,5-5,MISE,Midcontinent / East,AEO2026 Low Oil and Gas Supply,1.178276845892326,Commercial
2041,com,5-4,MISC,Midcontinent / Central,AEO2026 Low Oil and Gas Supply,1.1801896590291758,Commercial
2041,com,5-2,FRCC,Florida Reliability Coordinating Council,AEO2026 Low Oil and Gas Supply,1.3848771025681652,Commercial
2041,ind,5-4,MISC,Midcontinent / Central,AEO2026 Low Oil and Gas Supply,1.127953206668972,Industrial
2041,ind,5-5,MISE,Midcontinent / East,AEO2026 Low Oil and Gas Supply,1.1397126341195187,Industrial
2041,ind,5-6,MISS,Midcontinent / South,AEO2026 Low Oil and Gas Supply,1.0540618907972383,Industrial
2041,ind,5-3,MISW,Midcontinent / West,AEO2026 Low Oil and Gas Supply,1.111054038979908,Industrial
2041,res,5-9,NYUP,Northeast Power Coordinating Council / Upstate New York,AEO2026 Low Oil and Gas Supply,1.1962981842843419,Residential
2041,res,5-7,ISNE,Northeast Power Coordinating Council / New England,AEO2026 Low Oil and Gas Supply,1.169564164636383,Residential
2041,res,5-8,NYCW,Northeast Power Coordinating Council / New York City and Long Island,AEO2026 Low Oil and Gas Supply,1.19629839106052,Residential
2041,res,5-3,MISW,Midcontinent / West,AEO2026 Low Oil and Gas Supply,1.1214458413402122,Residential
2041,res,5-6,MISS,Midcontinent / South,AEO2026 Low Oil and Gas Supply,1.123826504560834,Residential
2041,res,5-5,MISE,Midcontinent / East,AEO2026 Low Oil and Gas Supply,1.1716179841505507,Residential
2041,res,5-4,MISC,Midcontinent / Central,AEO2026 Low Oil and Gas Supply,1.1389426421434927,Residential
2041,res,5-2,FRCC,Florida Reliability Coordinating Council,AEO2026 Low Oil and Gas Supply,1.1276791972265672,Residential
2041,ind,5-23,NWPP,Western Electricity Coordinating Council / Northwest Power Pool Area,AEO2026 Low Oil and Gas Supply,1.1848516789298313,Industrial
2041,ind,5-20,SRSG,Western Electricity Coordinating Council / Southwest,AEO2026 Low Oil and Gas Supply,1.2027615267138159,Industrial
2041,ind,5-24,RMRG,Western Electricity Coordinating Council / Rockies,AEO2026 Low Oil and Gas Supply,1.204980752695828,Industrial
2041,ind,5-22,CASO,Western Electricity Coordinating Council / California South,AEO2026 Low Oil and Gas Supply,1.1799798925509564,Industrial
2041,ind,5-21,CANO,Western Electricity Coordinating Council / California North,AEO2026 Low Oil and Gas Supply,1.1799797247103254,Industrial
2041,ind,5-25,BASN,Western Electricity Coordinating Council / Basin,AEO2026 Low Oil and Gas Supply,1.2163314484041596,Industrial
2041,ind,5-17,SPPS,Southwest Power Pool / South,AEO2026 Low Oil and Gas Supply,1.073267343219788,Industrial
2041,ind,5-19,SPPN,Southwest Power Pool / North,AEO2026 Low Oil and Gas Supply,1.0982544142671915,Industrial
2041,ind,5-18,SPPC,Southwest Power Pool / Central,AEO2026 Low Oil and Gas Supply,1.0966657164388471,Industrial
2041,ind,5-15,SRSE,SERC Reliability Corporation / Southeastern,AEO2026 Low Oil and Gas Supply,1.0776169697060125,Industrial
2041,ind,5-14,SRCA,SERC Reliability Corporation / East,AEO2026 Low Oil and Gas Supply,1.0718845500000986,Industrial
2041,ind,5-16,SRCE,SERC Reliability Corporation / Central,AEO2026 Low Oil and Gas Supply,1.0842452655909076,Industrial
2041,ind,5-11,PJMW,PJM / West,AEO2026 Low Oil and Gas Supply,1.07648756197085,Industrial
2041,ind,5-10,PJME,PJM / East,AEO2026 Low Oil and Gas Supply,0.842593124844032,Industrial
2041,ind,5-13,PJMD,PJM / Dominion,AEO2026 Low Oil and Gas Supply,1.0718845913504473,Industrial
2041,ind,5-12,PJMC,PJM / Commonwealth Edison,AEO2026 Low Oil and Gas Supply,1.1397125693174048,Industrial
2041,ind,5-9,NYUP,Northeast Power Coordinating Council / Upstate New York,AEO2026 Low Oil and Gas Supply,0.8190703596570285,Industrial
2041,ind,5-7,ISNE,Northeast Power Coordinating Council / New England,AEO2026 Low Oil and Gas Supply,0.8103524771673003,Industrial
2041,ind,5-8,NYCW,Northeast Power Coordinating Council / New York City and Long Island,AEO2026 Low Oil and Gas Supply,0.8190721916366084,Industrial
2041,ind,5-1,TRE,Texas Reliability Entity,AEO2026 Low Oil and Gas Supply,1.0519135901481458,Industrial
2042,com,5-20,SRSG,Western Electricity Coordinating Council / Southwest,AEO2026 Low Oil and Gas Supply,1.6560095220151767,Commercial
2042,com,5-24,RMRG,Western Electricity Coordinating Council / Rockies,AEO2026 Low Oil and Gas Supply,1.6522797145161894,Commercial
2042,com,5-22,CASO,Western Electricity Coordinating Council / California South,AEO2026 Low Oil and Gas Supply,1.454483677549961,Commercial
2042,com,5-21,CANO,Western Electricity Coordinating Council / California North,AEO2026 Low Oil and Gas Supply,1.4544834473923514,Commercial
2042,com,5-25,BASN,Western Electricity Coordinating Council / Basin,AEO2026 Low Oil and Gas Supply,1.682576648021562,Commercial
2042,com,5-1,TRE,Texas Reliability Entity,AEO2026 Low Oil and Gas Supply,1.4922582311044232,Commercial
2042,com,5-17,SPPS,Southwest Power Pool / South,AEO2026 Low Oil and Gas Supply,1.506199358411651,Commercial
2042,com,5-19,SPPN,Southwest Power Pool / North,AEO2026 Low Oil and Gas Supply,1.2120042401120246,Commercial
2042,com,5-18,SPPC,Southwest Power Pool / Central,AEO2026 Low Oil and Gas Supply,1.1983315783084187,Commercial
2042,com,5-15,SRSE,SERC Reliability Corporation / Southeastern,AEO2026 Low Oil and Gas Supply,1.345451462120659,Commercial
2042,com,5-14,SRCA,SERC Reliability Corporation / East,AEO2026 Low Oil and Gas Supply,1.4107952138106155,Commercial
2042,com,5-16,SRCE,SERC Reliability Corporation / Central,AEO2026 Low Oil and Gas Supply,1.1644644393919976,Commercial
2042,com,5-11,PJMW,PJM / West,AEO2026 Low Oil and Gas Supply,1.2344458484823269,Commercial
2042,com,5-10,PJME,PJM / East,AEO2026 Low Oil and Gas Supply,1.3127015174491938,Commercial
2042,com,5-13,PJMD,PJM / Dominion,AEO2026 Low Oil and Gas Supply,1.4107951264042329,Commercial
2042,com,5-12,PJMC,PJM / Commonwealth Edison,AEO2026 Low Oil and Gas Supply,1.1883233523282686,Commercial
2042,com,5-9,NYUP,Northeast Power Coordinating Council / Upstate New York,AEO2026 Low Oil and Gas Supply,1.2536656290140213,Commercial
2042,com,5-7,ISNE,Northeast Power Coordinating Council / New England,AEO2026 Low Oil and Gas Supply,1.1370966816669168,Commercial
2042,com,5-8,NYCW,Northeast Power Coordinating Council / New York City and Long Island,AEO2026 Low Oil and Gas Supply,1.2536657648062763,Commercial
2042,com,5-3,MISW,Midcontinent / West,AEO2026 Low Oil and Gas Supply,1.194357942240283,Commercial
2042,com,5-6,MISS,Midcontinent / South,AEO2026 Low Oil and Gas Supply,1.4416982467299804,Commercial
2042,com,5-5,MISE,Midcontinent / East,AEO2026 Low Oil and Gas Supply,1.1883233538354347,Commercial
2042,com,5-4,MISC,Midcontinent / Central,AEO2026 Low Oil and Gas Supply,1.1911628326695194,Commercial
2042,com,5-2,FRCC,Florida Reliability Coordinating Council,AEO2026 Low Oil and Gas Supply,1.4107951855399712,Commercial
2042,com,5-23,NWPP,Western Electricity Coordinating Council / Northwest Power Pool Area,AEO2026 Low Oil and Gas Supply,1.4836917675076626,Commercial
2042,ind,5-2,FRCC,Florida Reliability Coordinating Council,AEO2026 Low Oil and Gas Supply,1.0784904814667002,Industrial
2042,ind,5-4,MISC,Midcontinent / Central,AEO2026 Low Oil and Gas Supply,1.1379031930434675,Industrial
2042,ind,5-5,MISE,Midcontinent / East,AEO2026 Low Oil and Gas Supply,1.1503619602532245,Industrial
2042,trans,5-23,NWPP,Western Electricity Coordinating Council / Northwest Power Pool Area,AEO2026 Low Oil and Gas Supply,1.445371384783012,Transportation
2042,trans,5-20,SRSG,Western Electricity Coordinating Council / Southwest,AEO2026 Low Oil and Gas Supply,1.7446365264427468,Transportation
2042,trans,5-24,RMRG,Western Electricity Coordinating Council / Rockies,AEO2026 Low Oil and Gas Supply,1.802307675140045,Transportation
2042,trans,5-22,CASO,Western Electricity Coordinating Council / California South,AEO2026 Low Oil and Gas Supply,1.4287156775907883,Transportation
2042,trans,5-21,CANO,Western Electricity Coordinating Council / California North,AEO2026 Low Oil and Gas Supply,1.4287118895452993,Transportation
2042,trans,5-25,BASN,Western Electricity Coordinating Council / Basin,AEO2026 Low Oil and Gas Supply,1.8000319879027569,Transportation
2042,trans,5-1,TRE,Texas Reliability Entity,AEO2026 Low Oil and Gas Supply,1.881297990393934,Transportation
2042,trans,5-17,SPPS,Southwest Power Pool / South,AEO2026 Low Oil and Gas Supply,1.8660758390236816,Transportation
2042,trans,5-19,SPPN,Southwest Power Pool / North,AEO2026 Low Oil and Gas Supply,1.5259936825480391,Transportation
2042,trans,5-18,SPPC,Southwest Power Pool / Central,AEO2026 Low Oil and Gas Supply,1.5123635553575407,Transportation
2042,trans,5-15,SRSE,SERC Reliability Corporation / Southeastern,AEO2026 Low Oil and Gas Supply,1.3004955905500988,Transportation
2042,trans,5-16,SRCE,SERC Reliability Corporation / Central,AEO2026 Low Oil and Gas Supply,1.205236299090304,Transportation
2042,res,5-3,MISW,Midcontinent / West,AEO2026 Low Oil and Gas Supply,1.13251519390576,Residential
2042,res,5-6,MISS,Midcontinent / South,AEO2026 Low Oil and Gas Supply,1.1323755693364705,Residential
2042,res,5-5,MISE,Midcontinent / East,AEO2026 Low Oil and Gas Supply,1.1830790720766753,Residential
2042,res,5-4,MISC,Midcontinent / Central,AEO2026 Low Oil and Gas Supply,1.1500073668334572,Residential
2042,res,5-2,FRCC,Florida Reliability Coordinating Council,AEO2026 Low Oil and Gas Supply,1.134289414045379,Residential
2042,ind,5-23,NWPP,Western Electricity Coordinating Council / Northwest Power Pool Area,AEO2026 Low Oil and Gas Supply,1.2045520500107438,Industrial
2042,ind,5-20,SRSG,Western Electricity Coordinating Council / Southwest,AEO2026 Low Oil and Gas Supply,1.2217128912276558,Industrial
2042,ind,5-24,RMRG,Western Electricity Coordinating Council / Rockies,AEO2026 Low Oil and Gas Supply,1.2239557316675946,Industrial
2042,ind,5-22,CASO,Western Electricity Coordinating Council / California South,AEO2026 Low Oil and Gas Supply,1.1996725897792768,Industrial
2042,ind,5-21,CANO,Western Electricity Coordinating Council / California North,AEO2026 Low Oil and Gas Supply,1.199672483384962,Industrial
2042,ind,5-25,BASN,Western Electricity Coordinating Council / Basin,AEO2026 Low Oil and Gas Supply,1.2361105892591804,Industrial
2042,ind,5-1,TRE,Texas Reliability Entity,AEO2026 Low Oil and Gas Supply,1.056696082812024,Industrial
2042,ind,5-17,SPPS,Southwest Power Pool / South,AEO2026 Low Oil and Gas Supply,1.0800204490967988,Industrial
2042,ind,5-19,SPPN,Southwest Power Pool / North,AEO2026 Low Oil and Gas Supply,1.1081463281494612,Industrial
2042,ind,5-18,SPPC,Southwest Power Pool / Central,AEO2026 Low Oil and Gas Supply,1.1064226180563983,Industrial
2042,ind,5-15,SRSE,SERC Reliability Corporation / Southeastern,AEO2026 Low Oil and Gas Supply,1.0828599421522704,Industrial
2042,ind,5-14,SRCA,SERC Reliability Corporation / East,AEO2026 Low Oil and Gas Supply,1.0773183876618424,Industrial
2042,ind,5-16,SRCE,SERC Reliability Corporation / Central,AEO2026 Low Oil and Gas Supply,1.0892673732873115,Industrial
2042,ind,5-11,PJMW,PJM / West,AEO2026 Low Oil and Gas Supply,1.0828138151318347,Industrial
2042,ind,5-10,PJME,PJM / East,AEO2026 Low Oil and Gas Supply,0.8344742048177707,Industrial
2042,ind,5-13,PJMD,PJM / Dominion,AEO2026 Low Oil and Gas Supply,1.0773185568512857,Industrial
2042,ind,5-12,PJMC,PJM / Commonwealth Edison,AEO2026 Low Oil and Gas Supply,1.1503618618906561,Industrial
2042,ind,5-9,NYUP,Northeast Power Coordinating Council / Upstate New York,AEO2026 Low Oil and Gas Supply,0.809561046960665,Industrial
2042,ind,5-7,ISNE,Northeast Power Coordinating Council / New England,AEO2026 Low Oil and Gas Supply,0.8007107805127898,Industrial
2042,ind,5-8,NYCW,Northeast Power Coordinating Council / New York City and Long Island,AEO2026 Low Oil and Gas Supply,0.809562846245448,Industrial
2042,ind,5-3,MISW,Midcontinent / West,AEO2026 Low Oil and Gas Supply,1.1211091828190507,Industrial
2042,ind,5-6,MISS,Midcontinent / South,AEO2026 Low Oil and Gas Supply,1.058984733617038,Industrial
2042,res,5-8,NYCW,Northeast Power Coordinating Council / New York City and Long Island,AEO2026 Low Oil and Gas Supply,1.203329449464077,Residential
2042,res,5-7,ISNE,Northeast Power Coordinating Council / New England,AEO2026 Low Oil and Gas Supply,1.1778469536353495,Residential
2042,res,5-9,NYUP,Northeast Power Coordinating Council / Upstate New York,AEO2026 Low Oil and Gas Supply,1.2033295559133517,Residential
2042,res,5-12,PJMC,PJM / Commonwealth Edison,AEO2026 Low Oil and Gas Supply,1.183079907422666,Residential
2042,trans,5-11,PJMW,PJM / West,AEO2026 Low Oil and Gas Supply,1.077224480674143,Transportation
2042,trans,5-10,PJME,PJM / East,AEO2026 Low Oil and Gas Supply,1.1967023255386036,Transportation
2042,trans,5-13,PJMD,PJM / Dominion,AEO2026 Low Oil and Gas Supply,1.3017158729447604,Transportation
2042,trans,5-12,PJMC,PJM / Commonwealth Edison,AEO2026 Low Oil and Gas Supply,0.9241317749740303,Transportation
2042,trans,5-9,NYUP,Northeast Power Coordinating Council / Upstate New York,AEO2026 Low Oil and Gas Supply,1.1924268063791514,Transportation
2042,trans,5-7,ISNE,Northeast Power Coordinating Council / New England,AEO2026 Low Oil and Gas Supply,1.3948602432765949,Transportation
2042,trans,5-8,NYCW,Northeast Power Coordinating Council / New York City and Long Island,AEO2026 Low Oil and Gas Supply,1.1924267223974083,Transportation
2042,trans,5-3,MISW,Midcontinent / West,AEO2026 Low Oil and Gas Supply,1.027103049286233,Transportation
2042,trans,5-6,MISS,Midcontinent / South,AEO2026 Low Oil and Gas Supply,1.8751824391383038,Transportation
2042,trans,5-5,MISE,Midcontinent / East,AEO2026 Low Oil and Gas Supply,0.9241345940606036,Transportation
2042,trans,5-4,MISC,Midcontinent / Central,AEO2026 Low Oil and Gas Supply,0.9517230866311449,Transportation
2042,trans,5-2,FRCC,Florida Reliability Coordinating Council,AEO2026 Low Oil and Gas Supply,1.3017187849808016,Transportation
2042,res,5-23,NWPP,Western Electricity Coordinating Council / Northwest Power Pool Area,AEO2026 Low Oil and Gas Supply,1.2394254585018802,Residential
2042,trans,5-14,SRCA,SERC Reliability Corporation / East,AEO2026 Low Oil and Gas Supply,1.301715595044159,Transportation
2042,res,5-20,SRSG,Western Electricity Coordinating Council / Southwest,AEO2026 Low Oil and Gas Supply,1.3729005587638496,Residential
2042,res,5-22,CASO,Western Electricity Coordinating Council / California South,AEO2026 Low Oil and Gas Supply,1.216286881363567,Residential
2042,res,5-21,CANO,Western Electricity Coordinating Council / California North,AEO2026 Low Oil and Gas Supply,1.2162806034623859,Residential
2042,res,5-25,BASN,Western Electricity Coordinating Council / Basin,AEO2026 Low Oil and Gas Supply,1.390343744239706,Residential
2042,res,5-1,TRE,Texas Reliability Entity,AEO2026 Low Oil and Gas Supply,1.1665493421711575,Residential
2042,res,5-17,SPPS,Southwest Power Pool / South,AEO2026 Low Oil and Gas Supply,1.1745418363521922,Residential
2042,res,5-19,SPPN,Southwest Power Pool / North,AEO2026 Low Oil and Gas Supply,1.1083193857081857,Residential
2042,res,5-18,SPPC,Southwest Power Pool / Central,AEO2026 Low Oil and Gas Supply,1.103794166171489,Residential
2042,res,5-15,SRSE,SERC Reliability Corporation / Southeastern,AEO2026 Low Oil and Gas Supply,1.0839436002087461,Residential
2042,res,5-14,SRCA,SERC Reliability Corporation / East,AEO2026 Low Oil and Gas Supply,1.1342895864450762,Residential
2042,res,5-16,SRCE,SERC Reliability Corporation / Central,AEO2026 Low Oil and Gas Supply,0.9715309617487121,Residential
2042,res,5-11,PJMW,PJM / West,AEO2026 Low Oil and Gas Supply,1.1527512943386413,Residential
2042,res,5-10,PJME,PJM / East,AEO2026 Low Oil and Gas Supply,1.1814483114157872,Residential
2042,res,5-13,PJMD,PJM / Dominion,AEO2026 Low Oil and Gas Supply,1.1342894377295258,Residential
2042,res,5-24,RMRG,Western Electricity Coordinating Council / Rockies,AEO2026 Low Oil and Gas Supply,1.3745145052350234,Residential
2043,com,5-13,PJMD,PJM / Dominion,AEO2026 Low Oil and Gas Supply,1.4366795923339049,Commercial
2043,com,5-12,PJMC,PJM / Commonwealth Edison,AEO2026 Low Oil and Gas Supply,1.197113067882654,Commercial
2043,com,5-9,NYUP,Northeast Power Coordinating Council / Upstate New York,AEO2026 Low Oil and Gas Supply,1.2641498447634933,Commercial
2043,com,5-7,ISNE,Northeast Power Coordinating Council / New England,AEO2026 Low Oil and Gas Supply,1.1456595759746098,Commercial
2043,com,5-8,NYCW,Northeast Power Coordinating Council / New York City and Long Island,AEO2026 Low Oil and Gas Supply,1.2641497737158884,Commercial
2043,com,5-3,MISW,Midcontinent / West,AEO2026 Low Oil and Gas Supply,1.2049680577968882,Commercial
2043,com,5-10,PJME,PJM / East,AEO2026 Low Oil and Gas Supply,1.3289717561168302,Commercial
2043,com,5-6,MISS,Midcontinent / South,AEO2026 Low Oil and Gas Supply,1.4607998544332137,Commercial
2043,com,5-4,MISC,Midcontinent / Central,AEO2026 Low Oil and Gas Supply,1.2009129619461802,Commercial
2043,com,5-5,MISE,Midcontinent / East,AEO2026 Low Oil and Gas Supply,1.1971131802623967,Commercial
2043,com,5-11,PJMW,PJM / West,AEO2026 Low Oil and Gas Supply,1.2464369272621192,Commercial
2043,com,5-14,SRCA,SERC Reliability Corporation / East,AEO2026 Low Oil and Gas Supply,1.4366796591575934,Commercial
2043,ind,5-5,MISE,Midcontinent / East,AEO2026 Low Oil and Gas Supply,1.1572832673163702,Industrial
2043,ind,5-4,MISC,Midcontinent / Central,AEO2026 Low Oil and Gas Supply,1.1442343203374241,Industrial
2043,ind,5-2,FRCC,Florida Reliability Coordinating Council,AEO2026 Low Oil and Gas Supply,1.0819802709624224,Industrial
2043,com,5-23,NWPP,Western Electricity Coordinating Council / Northwest Power Pool Area,AEO2026 Low Oil and Gas Supply,1.5081965369927508,Commercial
2043,com,5-20,SRSG,Western Electricity Coordinating Council / Southwest,AEO2026 Low Oil and Gas Supply,1.6993742711909248,Commercial
2043,com,5-24,RMRG,Western Electricity Coordinating Council / Rockies,AEO2026 Low Oil and Gas Supply,1.6967784053251902,Commercial
2043,com,5-16,SRCE,SERC Reliability Corporation / Central,AEO2026 Low Oil and Gas Supply,1.1720502122484686,Commercial
2043,com,5-22,CASO,Western Electricity Coordinating Council / California South,AEO2026 Low Oil and Gas Supply,1.4757392865773047,Commercial
2043,com,5-25,BASN,Western Electricity Coordinating Council / Basin,AEO2026 Low Oil and Gas Supply,1.7292031070693978,Commercial
2043,com,5-1,TRE,Texas Reliability Entity,AEO2026 Low Oil and Gas Supply,1.5134774646968723,Commercial
2043,com,5-17,SPPS,Southwest Power Pool / South,AEO2026 Low Oil and Gas Supply,1.529277460215807,Commercial
2043,com,5-19,SPPN,Southwest Power Pool / North,AEO2026 Low Oil and Gas Supply,1.2246991119210018,Commercial
2043,com,5-18,SPPC,Southwest Power Pool / Central,AEO2026 Low Oil and Gas Supply,1.2100232467071164,Commercial
2043,com,5-15,SRSE,SERC Reliability Corporation / Southeastern,AEO2026 Low Oil and Gas Supply,1.366481783366944,Commercial
2043,com,5-21,CANO,Western Electricity Coordinating Council / California North,AEO2026 Low Oil and Gas Supply,1.475739213282916,Commercial
2043,ind,5-6,MISS,Midcontinent / South,AEO2026 Low Oil and Gas Supply,1.0606437994140487,Industrial
2043,ind,5-3,MISW,Midcontinent / West,AEO2026 Low Oil and Gas Supply,1.1271782444919007,Industrial
2043,ind,5-7,ISNE,Northeast Power Coordinating Council / New England,AEO2026 Low Oil and Gas Supply,0.7906307647999641,Industrial
2043,trans,5-7,ISNE,Northeast Power Coordinating Council / New England,AEO2026 Low Oil and Gas Supply,1.397625996513427,Transportation
2043,trans,5-8,NYCW,Northeast Power Coordinating Council / New York City and Long Island,AEO2026 Low Oil and Gas Supply,1.1920784052623628,Transportation
2043,trans,5-3,MISW,Midcontinent / West,AEO2026 Low Oil and Gas Supply,1.0296170747664997,Transportation
2043,trans,5-6,MISS,Midcontinent / South,AEO2026 Low Oil and Gas Supply,1.9051024578200715,Transportation
2043,trans,5-5,MISE,Midcontinent / East,AEO2026 Low Oil and Gas Supply,0.9231668716356525,Transportation
2043,trans,5-4,MISC,Midcontinent / Central,AEO2026 Low Oil and Gas Supply,0.9516876358209166,Transportation
2043,trans,5-9,NYUP,Northeast Power Coordinating Council / Upstate New York,AEO2026 Low Oil and Gas Supply,1.1920782188739323,Transportation
2043,trans,5-2,FRCC,Florida Reliability Coordinating Council,AEO2026 Low Oil and Gas Supply,1.3063568432479926,Transportation
2043,res,5-20,SRSG,Western Electricity Coordinating Council / Southwest,AEO2026 Low Oil and Gas Supply,1.391084097935242,Residential
2043,res,5-24,RMRG,Western Electricity Coordinating Council / Rockies,AEO2026 Low Oil and Gas Supply,1.3934179047876343,Residential
2043,res,5-22,CASO,Western Electricity Coordinating Council / California South,AEO2026 Low Oil and Gas Supply,1.2180656577700935,Residential
2043,res,5-21,CANO,Western Electricity Coordinating Council / California North,AEO2026 Low Oil and Gas Supply,1.2180585931605044,Residential
2043,res,5-25,BASN,Western Electricity Coordinating Council / Basin,AEO2026 Low Oil and Gas Supply,1.4096133169659937,Residential
2043,res,5-1,TRE,Texas Reliability Entity,AEO2026 Low Oil and Gas Supply,1.1758813051300943,Residential
2043,res,5-23,NWPP,Western Electricity Coordinating Council / Northwest Power Pool Area,AEO2026 Low Oil and Gas Supply,1.2435292594386038,Residential
2043,res,5-17,SPPS,Southwest Power Pool / South,AEO2026 Low Oil and Gas Supply,1.1842317232664752,Residential
2043,trans,5-12,PJMC,PJM / Commonwealth Edison,AEO2026 Low Oil and Gas Supply,0.9231660654907632,Transportation
2043,trans,5-10,PJME,PJM / East,AEO2026 Low Oil and Gas Supply,1.1965491693577235,Transportation
2043,trans,5-23,NWPP,Western Electricity Coordinating Council / Northwest Power Pool Area,AEO2026 Low Oil and Gas Supply,1.4594281506492575,Transportation
2043,trans,5-20,SRSG,Western Electricity Coordinating Council / Southwest,AEO2026 Low Oil and Gas Supply,1.7706955155147837,Transportation
2043,trans,5-24,RMRG,Western Electricity Coordinating Council / Rockies,AEO2026 Low Oil and Gas Supply,1.8307853683576225,Transportation
2043,trans,5-22,CASO,Western Electricity Coordinating Council / California South,AEO2026 Low Oil and Gas Supply,1.442104517271922,Transportation
2043,trans,5-21,CANO,Western Electricity Coordinating Council / California North,AEO2026 Low Oil and Gas Supply,1.4421021056052261,Transportation
2043,trans,5-25,BASN,Western Electricity Coordinating Council / Basin,AEO2026 Low Oil and Gas Supply,1.8283558217983016,Transportation
2043,trans,5-13,PJMD,PJM / Dominion,AEO2026 Low Oil and Gas Supply,1.3063572420590477,Transportation
2043,trans,5-1,TRE,Texas Reliability Entity,AEO2026 Low Oil and Gas Supply,1.911436756514979,Transportation
2043,trans,5-19,SPPN,Southwest Power Pool / North,AEO2026 Low Oil and Gas Supply,1.5453408791787313,Transportation
2043,trans,5-18,SPPC,Southwest Power Pool / Central,AEO2026 Low Oil and Gas Supply,1.53124303853865,Transportation
2043,trans,5-15,SRSE,SERC Reliability Corporation / Southeastern,AEO2026 Low Oil and Gas Supply,1.305135307905391,Transportation
2043,trans,5-14,SRCA,SERC Reliability Corporation / East,AEO2026 Low Oil and Gas Supply,1.3063562578855012,Transportation
2043,trans,5-16,SRCE,SERC Reliability Corporation / Central,AEO2026 Low Oil and Gas Supply,1.2098957177723544,Transportation
2043,trans,5-11,PJMW,PJM / West,AEO2026 Low Oil and Gas Supply,1.0769487700512677,Transportation
2043,trans,5-17,SPPS,Southwest Power Pool / South,AEO2026 Low Oil and Gas Supply,1.8959174778439634,Transportation
2043,ind,5-8,NYCW,Northeast Power Coordinating Council / New York City and Long Island,AEO2026 Low Oil and Gas Supply,0.7999068049634986,Industrial
2043,res,5-19,SPPN,Southwest Power Pool / North,AEO2026 Low Oil and Gas Supply,1.1192832844830378,Residential
2043,res,5-15,SRSE,SERC Reliability Corporation / Southeastern,AEO2026 Low Oil and Gas Supply,1.0898550247895928,Residential
2043,ind,5-21,CANO,Western Electricity Coordinating Council / California North,AEO2026 Low Oil and Gas Supply,1.2165679823228142,Industrial
2043,ind,5-25,BASN,Western Electricity Coordinating Council / Basin,AEO2026 Low Oil and Gas Supply,1.2537516542099396,Industrial
2043,ind,5-1,TRE,Texas Reliability Entity,AEO2026 Low Oil and Gas Supply,1.058246141504661,Industrial
2043,ind,5-17,SPPS,Southwest Power Pool / South,AEO2026 Low Oil and Gas Supply,1.0836460370651433,Industrial
2043,ind,5-19,SPPN,Southwest Power Pool / North,AEO2026 Low Oil and Gas Supply,1.1139453489077107,Industrial
2043,ind,5-18,SPPC,Southwest Power Pool / Central,AEO2026 Low Oil and Gas Supply,1.1120636972517717,Industrial
2043,ind,5-22,CASO,Western Electricity Coordinating Council / California South,AEO2026 Low Oil and Gas Supply,1.2165681457285795,Industrial
2043,ind,5-15,SRSE,SERC Reliability Corporation / Southeastern,AEO2026 Low Oil and Gas Supply,1.086090576394729,Industrial
2043,ind,5-16,SRCE,SERC Reliability Corporation / Central,AEO2026 Low Oil and Gas Supply,1.0921750073475953,Industrial
2043,ind,5-11,PJMW,PJM / West,AEO2026 Low Oil and Gas Supply,1.0864023443486102,Industrial
2043,ind,5-10,PJME,PJM / East,AEO2026 Low Oil and Gas Supply,0.8260440953797359,Industrial
2043,ind,5-13,PJMD,PJM / Dominion,AEO2026 Low Oil and Gas Supply,1.0808286450274218,Industrial
2043,ind,5-12,PJMC,PJM / Commonwealth Edison,AEO2026 Low Oil and Gas Supply,1.1572833239561209,Industrial
2043,ind,5-9,NYUP,Northeast Power Coordinating Council / Upstate New York,AEO2026 Low Oil and Gas Supply,0.7999059128170646,Industrial
2043,ind,5-14,SRCA,SERC Reliability Corporation / East,AEO2026 Low Oil and Gas Supply,1.080828677561971,Industrial
2043,res,5-18,SPPC,Southwest Power Pool / Central,AEO2026 Low Oil and Gas Supply,1.1146193870062433,Residential
2043,ind,5-24,RMRG,Western Electricity Coordinating Council / Rockies,AEO2026 Low Oil and Gas Supply,1.2403608839164897,Industrial
2043,ind,5-23,NWPP,Western Electricity Coordinating Council / Northwest Power Pool Area,AEO2026 Low Oil and Gas Supply,1.221506831384909,Industrial
2043,res,5-14,SRCA,SERC Reliability Corporation / East,AEO2026 Low Oil and Gas Supply,1.1416196876363878,Residential
2043,res,5-16,SRCE,SERC Reliability Corporation / Central,AEO2026 Low Oil and Gas Supply,0.9742748489506574,Residential
2043,res,5-11,PJMW,PJM / West,AEO2026 Low Oil and Gas Supply,1.1610490158323155,Residential
2043,res,5-10,PJME,PJM / East,AEO2026 Low Oil and Gas Supply,1.1874072855747086,Residential
2043,res,5-13,PJMD,PJM / Dominion,AEO2026 Low Oil and Gas Supply,1.1416196214520935,Residential
2043,res,5-12,PJMC,PJM / Commonwealth Edison,AEO2026 Low Oil and Gas Supply,1.1935037800260853,Residential
2043,ind,5-20,SRSG,Western Electricity Coordinating Council / Southwest,AEO2026 Low Oil and Gas Supply,1.2381570680803238,Industrial
2043,res,5-9,NYUP,Northeast Power Coordinating Council / Upstate New York,AEO2026 Low Oil and Gas Supply,1.2086522167205542,Residential
2043,res,5-8,NYCW,Northeast Power Coordinating Council / New York City and Long Island,AEO2026 Low Oil and Gas Supply,1.2086522702318212,Residential
2043,res,5-3,MISW,Midcontinent / West,AEO2026 Low Oil and Gas Supply,1.1431959833419523,Residential
2043,res,5-6,MISS,Midcontinent / South,AEO2026 Low Oil and Gas Supply,1.1405553425409052,Residential
2043,res,5-5,MISE,Midcontinent / East,AEO2026 Low Oil and Gas Supply,1.1935031356262882,Residential
2043,res,5-4,MISC,Midcontinent / Central,AEO2026 Low Oil and Gas Supply,1.1604086767402602,Residential
2043,res,5-2,FRCC,Florida Reliability Coordinating Council,AEO2026 Low Oil and Gas Supply,1.1416196282723297,Residential
2043,res,5-7,ISNE,Northeast Power Coordinating Council / New England,AEO2026 Low Oil and Gas Supply,1.1838561778760461,Residential
2043,com,5-2,FRCC,Florida Reliability Coordinating Council,AEO2026 Low Oil and Gas Supply,1.4366796005887894,Commercial
2044,com,5-24,RMRG,Western Electricity Coordinating Council / Rockies,AEO2026 Low Oil and Gas Supply,1.739710436745774,Commercial
2044,ind,5-2,FRCC,Florida Reliability Coordinating Council,AEO2026 Low Oil and Gas Supply,1.086332920833277,Industrial
2044,com,5-23,NWPP,Western Electricity Coordinating Council / Northwest Power Pool Area,AEO2026 Low Oil and Gas Supply,1.5309144783546662,Commercial
2044,ind,5-18,SPPC,Southwest Power Pool / Central,AEO2026 Low Oil and Gas Supply,1.1176768905535124,Industrial
2044,ind,5-15,SRSE,SERC Reliability Corporation / Southeastern,AEO2026 Low Oil and Gas Supply,1.0903421762221688,Industrial
2044,ind,5-14,SRCA,SERC Reliability Corporation / East,AEO2026 Low Oil and Gas Supply,1.0852491985033061,Industrial
2044,ind,5-16,SRCE,SERC Reliability Corporation / Central,AEO2026 Low Oil and Gas Supply,1.0962314995773634,Industrial
2044,ind,5-11,PJMW,PJM / West,AEO2026 Low Oil and Gas Supply,1.0900615980615125,Industrial
2044,ind,5-10,PJME,PJM / East,AEO2026 Low Oil and Gas Supply,0.8179751106465456,Industrial
2044,com,5-20,SRSG,Western Electricity Coordinating Council / Southwest,AEO2026 Low Oil and Gas Supply,1.7412505461782501,Commercial
2044,ind,5-13,PJMD,PJM / Dominion,AEO2026 Low Oil and Gas Supply,1.085249200321991,Industrial
2044,ind,5-9,NYUP,Northeast Power Coordinating Council / Upstate New York,AEO2026 Low Oil and Gas Supply,0.7905557968286697,Industrial
2044,ind,5-7,ISNE,Northeast Power Coordinating Council / New England,AEO2026 Low Oil and Gas Supply,0.7812551809835131,Industrial
2044,ind,5-8,NYCW,Northeast Power Coordinating Council / New York City and Long Island,AEO2026 Low Oil and Gas Supply,0.7905570992181972,Industrial
2044,ind,5-3,MISW,Midcontinent / West,AEO2026 Low Oil and Gas Supply,1.1330911880833798,Industrial
2044,ind,5-6,MISS,Midcontinent / South,AEO2026 Low Oil and Gas Supply,1.0637912563709397,Industrial
2044,ind,5-5,MISE,Midcontinent / East,AEO2026 Low Oil and Gas Supply,1.1637932397407047,Industrial
2044,ind,5-4,MISC,Midcontinent / Central,AEO2026 Low Oil and Gas Supply,1.1503673253892532,Industrial
2044,ind,5-12,PJMC,PJM / Commonwealth Edison,AEO2026 Low Oil and Gas Supply,1.163793159759369,Industrial
2044,res,5-1,TRE,Texas Reliability Entity,AEO2026 Low Oil and Gas Supply,1.1849851190884795,Residential
2044,res,5-25,BASN,Western Electricity Coordinating Council / Basin,AEO2026 Low Oil and Gas Supply,1.428510323141492,Residential
2044,res,5-21,CANO,Western Electricity Coordinating Council / California North,AEO2026 Low Oil and Gas Supply,1.2197395870970984,Residential
2044,res,5-22,CASO,Western Electricity Coordinating Council / California South,AEO2026 Low Oil and Gas Supply,1.2197469933490994,Residential
2044,res,5-24,RMRG,Western Electricity Coordinating Council / Rockies,AEO2026 Low Oil and Gas Supply,1.4119142676526744,Residential
2044,res,5-20,SRSG,Western Electricity Coordinating Council / Southwest,AEO2026 Low Oil and Gas Supply,1.4089119665395595,Residential
2044,res,5-23,NWPP,Western Electricity Coordinating Council / Northwest Power Pool Area,AEO2026 Low Oil and Gas Supply,1.247499311278726,Residential
2044,trans,5-2,FRCC,Florida Reliability Coordinating Council,AEO2026 Low Oil and Gas Supply,1.3111300726122235,Transportation
2044,trans,5-4,MISC,Midcontinent / Central,AEO2026 Low Oil and Gas Supply,0.9522158528933178,Transportation
2044,trans,5-5,MISE,Midcontinent / East,AEO2026 Low Oil and Gas Supply,0.9227485332956996,Transportation
2044,trans,5-6,MISS,Midcontinent / South,AEO2026 Low Oil and Gas Supply,1.9370949851129666,Transportation
2044,trans,5-3,MISW,Midcontinent / West,AEO2026 Low Oil and Gas Supply,1.0327183930843693,Transportation
2044,trans,5-8,NYCW,Northeast Power Coordinating Council / New York City and Long Island,AEO2026 Low Oil and Gas Supply,1.193077119879661,Transportation
2044,trans,5-7,ISNE,Northeast Power Coordinating Council / New England,AEO2026 Low Oil and Gas Supply,1.4018843162987482,Transportation
2044,trans,5-9,NYUP,Northeast Power Coordinating Council / Upstate New York,AEO2026 Low Oil and Gas Supply,1.1930758555026748,Transportation
2044,trans,5-12,PJMC,PJM / Commonwealth Edison,AEO2026 Low Oil and Gas Supply,0.922748461389891,Transportation
2044,trans,5-13,PJMD,PJM / Dominion,AEO2026 Low Oil and Gas Supply,1.311133013753864,Transportation
2044,trans,5-10,PJME,PJM / East,AEO2026 Low Oil and Gas Supply,1.1976943229928556,Transportation
2044,trans,5-11,PJMW,PJM / West,AEO2026 Low Oil and Gas Supply,1.0775669934303138,Transportation
2044,res,5-17,SPPS,Southwest Power Pool / South,AEO2026 Low Oil and Gas Supply,1.193688349038143,Residential
2044,res,5-19,SPPN,Southwest Power Pool / North,AEO2026 Low Oil and Gas Supply,1.1293439333278037,Residential
2044,res,5-18,SPPC,Southwest Power Pool / Central,AEO2026 Low Oil and Gas Supply,1.1245336469424823,Residential
2044,res,5-15,SRSE,SERC Reliability Corporation / Southeastern,AEO2026 Low Oil and Gas Supply,1.095151677101749,Residential
2044,ind,5-24,RMRG,Western Electricity Coordinating Council / Rockies,AEO2026 Low Oil and Gas Supply,1.2565475312825922,Industrial
2044,ind,5-20,SRSG,Western Electricity Coordinating Council / Southwest,AEO2026 Low Oil and Gas Supply,1.2544885983253113,Industrial
2044,ind,5-23,NWPP,Western Electricity Coordinating Council / Northwest Power Pool Area,AEO2026 Low Oil and Gas Supply,1.2385320029926619,Industrial
2044,res,5-2,FRCC,Florida Reliability Coordinating Council,AEO2026 Low Oil and Gas Supply,1.1485103481869405,Residential
2044,res,5-4,MISC,Midcontinent / Central,AEO2026 Low Oil and Gas Supply,1.1697235303498101,Residential
2044,res,5-5,MISE,Midcontinent / East,AEO2026 Low Oil and Gas Supply,1.2027370949429674,Residential
2044,trans,5-16,SRCE,SERC Reliability Corporation / Central,AEO2026 Low Oil and Gas Supply,1.214777013534502,Transportation
2044,res,5-6,MISS,Midcontinent / South,AEO2026 Low Oil and Gas Supply,1.1483710569214745,Residential
2044,res,5-8,NYCW,Northeast Power Coordinating Council / New York City and Long Island,AEO2026 Low Oil and Gas Supply,1.2133358705684458,Residential
2044,res,5-7,ISNE,Northeast Power Coordinating Council / New England,AEO2026 Low Oil and Gas Supply,1.188904011406866,Residential
2044,res,5-9,NYUP,Northeast Power Coordinating Council / Upstate New York,AEO2026 Low Oil and Gas Supply,1.2133357778534566,Residential
2044,res,5-12,PJMC,PJM / Commonwealth Edison,AEO2026 Low Oil and Gas Supply,1.202737662847164,Residential
2044,res,5-13,PJMD,PJM / Dominion,AEO2026 Low Oil and Gas Supply,1.1485101267276163,Residential
2044,res,5-10,PJME,PJM / East,AEO2026 Low Oil and Gas Supply,1.1927904144229102,Residential
2044,res,5-11,PJMW,PJM / West,AEO2026 Low Oil and Gas Supply,1.1684058680851221,Residential
2044,res,5-16,SRCE,SERC Reliability Corporation / Central,AEO2026 Low Oil and Gas Supply,0.9760128019069223,Residential
2044,res,5-14,SRCA,SERC Reliability Corporation / East,AEO2026 Low Oil and Gas Supply,1.1485102033352208,Residential
2044,res,5-3,MISW,Midcontinent / West,AEO2026 Low Oil and Gas Supply,1.15286387314935,Residential
2044,trans,5-14,SRCA,SERC Reliability Corporation / East,AEO2026 Low Oil and Gas Supply,1.3111274393692567,Transportation
2044,trans,5-15,SRSE,SERC Reliability Corporation / Southeastern,AEO2026 Low Oil and Gas Supply,1.3099124983675068,Transportation
2044,trans,5-18,SPPC,Southwest Power Pool / Central,AEO2026 Low Oil and Gas Supply,1.5509578970817555,Transportation
2044,ind,5-19,SPPN,Southwest Power Pool / North,AEO2026 Low Oil and Gas Supply,1.1197137289127257,Industrial
2044,ind,5-1,TRE,Texas Reliability Entity,AEO2026 Low Oil and Gas Supply,1.0613222960991195,Industrial
2044,trans,5-19,SPPN,Southwest Power Pool / North,AEO2026 Low Oil and Gas Supply,1.5655435640958146,Transportation
2044,trans,5-17,SPPS,Southwest Power Pool / South,AEO2026 Low Oil and Gas Supply,1.9278512276623565,Transportation
2044,trans,5-1,TRE,Texas Reliability Entity,AEO2026 Low Oil and Gas Supply,1.9436415723277138,Transportation
2044,trans,5-25,BASN,Western Electricity Coordinating Council / Basin,AEO2026 Low Oil and Gas Supply,1.8589624287542164,Transportation
2044,trans,5-21,CANO,Western Electricity Coordinating Council / California North,AEO2026 Low Oil and Gas Supply,1.4575920941897962,Transportation
2044,trans,5-22,CASO,Western Electricity Coordinating Council / California South,AEO2026 Low Oil and Gas Supply,1.4575943312666075,Transportation
2044,trans,5-24,RMRG,Western Electricity Coordinating Council / Rockies,AEO2026 Low Oil and Gas Supply,1.8614948557145088,Transportation
2044,trans,5-20,SRSG,Western Electricity Coordinating Council / Southwest,AEO2026 Low Oil and Gas Supply,1.7990083208459728,Transportation
2044,trans,5-23,NWPP,Western Electricity Coordinating Council / Northwest Power Pool Area,AEO2026 Low Oil and Gas Supply,1.4755982207534857,Transportation
2044,ind,5-17,SPPS,Southwest Power Pool / South,AEO2026 Low Oil and Gas Supply,1.0885657249389478,Industrial
2044,ind,5-22,CASO,Western Electricity Coordinating Council / California South,AEO2026 Low Oil and Gas Supply,1.2335850460416964,Industrial
2044,ind,5-21,CANO,Western Electricity Coordinating Council / California North,AEO2026 Low Oil and Gas Supply,1.2335847699117708,Industrial
2044,ind,5-25,BASN,Western Electricity Coordinating Council / Basin,AEO2026 Low Oil and Gas Supply,1.2708265795984632,Industrial
2044,com,5-22,CASO,Western Electricity Coordinating Council / California South,AEO2026 Low Oil and Gas Supply,1.49517483875675,Commercial
2044,com,5-25,BASN,Western Electricity Coordinating Council / Basin,AEO2026 Low Oil and Gas Supply,1.774271572950333,Commercial
2044,com,5-21,CANO,Western Electricity Coordinating Council / California North,AEO2026 Low Oil and Gas Supply,1.4951748461736198,Commercial
2044,com,5-2,FRCC,Florida Reliability Coordinating Council,AEO2026 Low Oil and Gas Supply,1.4613712022180776,Commercial
2044,com,5-4,MISC,Midcontinent / Central,AEO2026 Low Oil and Gas Supply,1.2087681895166795,Commercial
2044,com,5-5,MISE,Midcontinent / East,AEO2026 Low Oil and Gas Supply,1.2039142944773158,Commercial
2044,com,5-6,MISS,Midcontinent / South,AEO2026 Low Oil and Gas Supply,1.4792694064996896,Commercial
2044,com,5-3,MISW,Midcontinent / West,AEO2026 Low Oil and Gas Supply,1.2137626528685095,Commercial
2044,com,5-8,NYCW,Northeast Power Coordinating Council / New York City and Long Island,AEO2026 Low Oil and Gas Supply,1.2726807177964492,Commercial
2044,com,5-7,ISNE,Northeast Power Coordinating Council / New England,AEO2026 Low Oil and Gas Supply,1.1551324260846838,Commercial
2044,com,5-9,NYUP,Northeast Power Coordinating Council / Upstate New York,AEO2026 Low Oil and Gas Supply,1.2726807165910816,Commercial
2044,com,5-13,PJMD,PJM / Dominion,AEO2026 Low Oil and Gas Supply,1.461371296273333,Commercial
2044,com,5-10,PJME,PJM / East,AEO2026 Low Oil and Gas Supply,1.3435744413672868,Commercial
2044,com,5-11,PJMW,PJM / West,AEO2026 Low Oil and Gas Supply,1.256588349539946,Commercial
2044,com,5-16,SRCE,SERC Reliability Corporation / Central,AEO2026 Low Oil and Gas Supply,1.177672722532714,Commercial
2044,com,5-14,SRCA,SERC Reliability Corporation / East,AEO2026 Low Oil and Gas Supply,1.4613713568392206,Commercial
2044,com,5-15,SRSE,SERC Reliability Corporation / Southeastern,AEO2026 Low Oil and Gas Supply,1.3861150934916702,Commercial
2044,com,5-18,SPPC,Southwest Power Pool / Central,AEO2026 Low Oil and Gas Supply,1.2200025786352968,Commercial
2044,com,5-19,SPPN,Southwest Power Pool / North,AEO2026 Low Oil and Gas Supply,1.235684305046467,Commercial
2044,com,5-17,SPPS,Southwest Power Pool / South,AEO2026 Low Oil and Gas Supply,1.5518802189504506,Commercial
2044,com,5-1,TRE,Texas Reliability Entity,AEO2026 Low Oil and Gas Supply,1.5343064521408238,Commercial
2044,com,5-12,PJMC,PJM / Commonwealth Edison,AEO2026 Low Oil and Gas Supply,1.2039143451323586,Commercial
2045,com,5-2,FRCC,Florida Reliability Coordinating Council,AEO2026 Low Oil and Gas Supply,1.484757894779787,Commercial
2045,com,5-4,MISC,Midcontinent / Central,AEO2026 Low Oil and Gas Supply,1.2149695836710506,Commercial
2045,com,5-5,MISE,Midcontinent / East,AEO2026 Low Oil and Gas Supply,1.2089031652707907,Commercial
2045,com,5-6,MISS,Midcontinent / South,AEO2026 Low Oil and Gas Supply,1.497447951165732,Commercial
2045,com,5-3,MISW,Midcontinent / West,AEO2026 Low Oil and Gas Supply,1.2209306652809515,Commercial
2045,com,5-8,NYCW,Northeast Power Coordinating Council / New York City and Long Island,AEO2026 Low Oil and Gas Supply,1.27944268618944,Commercial
2045,com,5-7,ISNE,Northeast Power Coordinating Council / New England,AEO2026 Low Oil and Gas Supply,1.1646435888292979,Commercial
2045,com,5-9,NYUP,Northeast Power Coordinating Council / Upstate New York,AEO2026 Low Oil and Gas Supply,1.2794427055297488,Commercial
2045,com,5-12,PJMC,PJM / Commonwealth Edison,AEO2026 Low Oil and Gas Supply,1.208903245915698,Commercial
2045,com,5-13,PJMD,PJM / Dominion,AEO2026 Low Oil and Gas Supply,1.4847578651924718,Commercial
2045,com,5-10,PJME,PJM / East,AEO2026 Low Oil and Gas Supply,1.3565824993255564,Commercial
2045,com,5-11,PJMW,PJM / West,AEO2026 Low Oil and Gas Supply,1.2652517540995576,Commercial
2045,com,5-16,SRCE,SERC Reliability Corporation / Central,AEO2026 Low Oil and Gas Supply,1.1851864968731534,Commercial
2045,com,5-14,SRCA,SERC Reliability Corporation / East,AEO2026 Low Oil and Gas Supply,1.484757932477517,Commercial
2045,com,5-15,SRSE,SERC Reliability Corporation / Southeastern,AEO2026 Low Oil and Gas Supply,1.4052910792347897,Commercial
2045,com,5-18,SPPC,Southwest Power Pool / Central,AEO2026 Low Oil and Gas Supply,1.2284651211583693,Commercial
2045,com,5-19,SPPN,Southwest Power Pool / North,AEO2026 Low Oil and Gas Supply,1.245138126055824,Commercial
2045,com,5-17,SPPS,Southwest Power Pool / South,AEO2026 Low Oil and Gas Supply,1.5736973415410136,Commercial
2045,com,5-1,TRE,Texas Reliability Entity,AEO2026 Low Oil and Gas Supply,1.5544436208968877,Commercial
2045,com,5-25,BASN,Western Electricity Coordinating Council / Basin,AEO2026 Low Oil and Gas Supply,1.8173533795897017,Commercial
2045,com,5-21,CANO,Western Electricity Coordinating Council / California North,AEO2026 Low Oil and Gas Supply,1.512297908831192,Commercial
2045,ind,5-21,CANO,Western Electricity Coordinating Council / California North,AEO2026 Low Oil and Gas Supply,1.2568355435291283,Industrial
2045,ind,5-22,CASO,Western Electricity Coordinating Council / California South,AEO2026 Low Oil and Gas Supply,1.2568357385937945,Industrial
2045,ind,5-24,RMRG,Western Electricity Coordinating Council / Rockies,AEO2026 Low Oil and Gas Supply,1.2785171063581044,Industrial
2045,ind,5-20,SRSG,Western Electricity Coordinating Council / Southwest,AEO2026 Low Oil and Gas Supply,1.276761529312996,Industrial
2045,ind,5-23,NWPP,Western Electricity Coordinating Council / Northwest Power Pool Area,AEO2026 Low Oil and Gas Supply,1.2617637680135243,Industrial
2045,res,5-2,FRCC,Florida Reliability Coordinating Council,AEO2026 Low Oil and Gas Supply,1.154239568953355,Residential
2045,res,5-4,MISC,Midcontinent / Central,AEO2026 Low Oil and Gas Supply,1.1773260776640697,Residential
2045,res,5-5,MISE,Midcontinent / East,AEO2026 Low Oil and Gas Supply,1.2098564327211718,Residential
2045,res,5-6,MISS,Midcontinent / South,AEO2026 Low Oil and Gas Supply,1.155485934135856,Residential
2045,res,5-3,MISW,Midcontinent / West,AEO2026 Low Oil and Gas Supply,1.1610603594336084,Residential
2045,res,5-8,NYCW,Northeast Power Coordinating Council / New York City and Long Island,AEO2026 Low Oil and Gas Supply,1.2165211860827905,Residential
2045,res,5-7,ISNE,Northeast Power Coordinating Council / New England,AEO2026 Low Oil and Gas Supply,1.1923940150965782,Residential
2045,res,5-9,NYUP,Northeast Power Coordinating Council / Upstate New York,AEO2026 Low Oil and Gas Supply,1.2165211109658989,Residential
2045,res,5-12,PJMC,PJM / Commonwealth Edison,AEO2026 Low Oil and Gas Supply,1.2098569767903948,Residential
2045,res,5-13,PJMD,PJM / Dominion,AEO2026 Low Oil and Gas Supply,1.1542395751859296,Residential
2045,res,5-10,PJME,PJM / East,AEO2026 Low Oil and Gas Supply,1.1967818162585888,Residential
2045,res,5-11,PJMW,PJM / West,AEO2026 Low Oil and Gas Supply,1.1741273384961544,Residential
2045,res,5-16,SRCE,SERC Reliability Corporation / Central,AEO2026 Low Oil and Gas Supply,0.9774946212695337,Residential
2045,res,5-14,SRCA,SERC Reliability Corporation / East,AEO2026 Low Oil and Gas Supply,1.1542395984512273,Residential
2045,ind,5-25,BASN,Western Electricity Coordinating Council / Basin,AEO2026 Low Oil and Gas Supply,1.2938962820744153,Industrial
2045,ind,5-1,TRE,Texas Reliability Entity,AEO2026 Low Oil and Gas Supply,1.0690547548220501,Industrial
2045,ind,5-17,SPPS,Southwest Power Pool / South,AEO2026 Low Oil and Gas Supply,1.098317849628253,Industrial
2045,ind,5-19,SPPN,Southwest Power Pool / North,AEO2026 Low Oil and Gas Supply,1.1288042780765029,Industrial
2045,com,5-22,CASO,Western Electricity Coordinating Council / California South,AEO2026 Low Oil and Gas Supply,1.5122981013506376,Commercial
2045,com,5-24,RMRG,Western Electricity Coordinating Council / Rockies,AEO2026 Low Oil and Gas Supply,1.7806883546117844,Commercial
2045,com,5-20,SRSG,Western Electricity Coordinating Council / Southwest,AEO2026 Low Oil and Gas Supply,1.7812155401346863,Commercial
2045,com,5-23,NWPP,Western Electricity Coordinating Council / Northwest Power Pool Area,AEO2026 Low Oil and Gas Supply,1.5513618699673761,Commercial
2045,ind,5-2,FRCC,Florida Reliability Coordinating Council,AEO2026 Low Oil and Gas Supply,1.0939368588370668,Industrial
2045,ind,5-4,MISC,Midcontinent / Central,AEO2026 Low Oil and Gas Supply,1.1590552785216783,Industrial
2045,ind,5-5,MISE,Midcontinent / East,AEO2026 Low Oil and Gas Supply,1.1726657282951118,Industrial
2045,ind,5-6,MISS,Midcontinent / South,AEO2026 Low Oil and Gas Supply,1.0714833843787142,Industrial
2045,ind,5-3,MISW,Midcontinent / West,AEO2026 Low Oil and Gas Supply,1.1419811688535972,Industrial
2045,res,5-15,SRSE,SERC Reliability Corporation / Southeastern,AEO2026 Low Oil and Gas Supply,1.0995671949142571,Residential
2045,ind,5-8,NYCW,Northeast Power Coordinating Council / New York City and Long Island,AEO2026 Low Oil and Gas Supply,0.7827865315913916,Industrial
2045,ind,5-9,NYUP,Northeast Power Coordinating Council / Upstate New York,AEO2026 Low Oil and Gas Supply,0.7827843970802616,Industrial
2045,ind,5-12,PJMC,PJM / Commonwealth Edison,AEO2026 Low Oil and Gas Supply,1.1726656897878436,Industrial
2045,ind,5-13,PJMD,PJM / Dominion,AEO2026 Low Oil and Gas Supply,1.092511329901459,Industrial
2045,ind,5-10,PJME,PJM / East,AEO2026 Low Oil and Gas Supply,0.8116024546842545,Industrial
2045,ind,5-11,PJMW,PJM / West,AEO2026 Low Oil and Gas Supply,1.096113229608639,Industrial
2045,ind,5-16,SRCE,SERC Reliability Corporation / Central,AEO2026 Low Oil and Gas Supply,1.1032580283335964,Industrial
2045,ind,5-14,SRCA,SERC Reliability Corporation / East,AEO2026 Low Oil and Gas Supply,1.092511432562291,Industrial
2045,ind,5-15,SRSE,SERC Reliability Corporation / Southeastern,AEO2026 Low Oil and Gas Supply,1.0974952401207605,Industrial
2045,ind,5-18,SPPC,Southwest Power Pool / Central,AEO2026 Low Oil and Gas Supply,1.1265756517763144,Industrial
2045,ind,5-7,ISNE,Northeast Power Coordinating Council / New England,AEO2026 Low Oil and Gas Supply,0.7727691970422061,Industrial
2045,res,5-18,SPPC,Southwest Power Pool / Central,AEO2026 Low Oil and Gas Supply,1.1333431485577075,Residential
2045,res,5-17,SPPS,Southwest Power Pool / South,AEO2026 Low Oil and Gas Supply,1.2023062711108632,Residential
2045,trans,5-17,SPPS,Southwest Power Pool / South,AEO2026 Low Oil and Gas Supply,1.9618770884788608,Transportation
2045,trans,5-1,TRE,Texas Reliability Entity,AEO2026 Low Oil and Gas Supply,1.9772308544286947,Transportation
2045,trans,5-25,BASN,Western Electricity Coordinating Council / Basin,AEO2026 Low Oil and Gas Supply,1.8941200418750725,Transportation
2045,trans,5-21,CANO,Western Electricity Coordinating Council / California North,AEO2026 Low Oil and Gas Supply,1.4771233116412388,Transportation
2045,trans,5-22,CASO,Western Electricity Coordinating Council / California South,AEO2026 Low Oil and Gas Supply,1.477123117803366,Transportation
2045,trans,5-24,RMRG,Western Electricity Coordinating Council / Rockies,AEO2026 Low Oil and Gas Supply,1.8967572031155846,Transportation
2045,trans,5-20,SRSG,Western Electricity Coordinating Council / Southwest,AEO2026 Low Oil and Gas Supply,1.8317556619519264,Transportation
2045,trans,5-23,NWPP,Western Electricity Coordinating Council / Northwest Power Pool Area,AEO2026 Low Oil and Gas Supply,1.495827271802056,Transportation
2045,trans,5-19,SPPN,Southwest Power Pool / North,AEO2026 Low Oil and Gas Supply,1.5888391682021585,Transportation
2045,trans,5-18,SPPC,Southwest Power Pool / Central,AEO2026 Low Oil and Gas Supply,1.5736244152372467,Transportation
2045,trans,5-15,SRSE,SERC Reliability Corporation / Southeastern,AEO2026 Low Oil and Gas Supply,1.3175903713835981,Transportation
2045,trans,5-14,SRCA,SERC Reliability Corporation / East,AEO2026 Low Oil and Gas Supply,1.3188328732954022,Transportation
2045,res,5-1,TRE,Texas Reliability Entity,AEO2026 Low Oil and Gas Supply,1.1932922598204379,Residential
2045,res,5-25,BASN,Western Electricity Coordinating Council / Basin,AEO2026 Low Oil and Gas Supply,1.4454379745440165,Residential
2045,res,5-21,CANO,Western Electricity Coordinating Council / California North,AEO2026 Low Oil and Gas Supply,1.22031901388689,Residential
2045,res,5-22,CASO,Western Electricity Coordinating Council / California South,AEO2026 Low Oil and Gas Supply,1.220327001232139,Residential
2045,res,5-24,RMRG,Western Electricity Coordinating Council / Rockies,AEO2026 Low Oil and Gas Supply,1.4284860673032385,Residential
2045,res,5-20,SRSG,Western Electricity Coordinating Council / Southwest,AEO2026 Low Oil and Gas Supply,1.4248600668514548,Residential
2045,res,5-23,NWPP,Western Electricity Coordinating Council / Northwest Power Pool Area,AEO2026 Low Oil and Gas Supply,1.2502526494036945,Residential
2045,trans,5-2,FRCC,Florida Reliability Coordinating Council,AEO2026 Low Oil and Gas Supply,1.3188306010467312,Transportation
2045,trans,5-4,MISC,Midcontinent / Central,AEO2026 Low Oil and Gas Supply,0.9546123276647488,Transportation
2045,res,5-19,SPPN,Southwest Power Pool / North,AEO2026 Low Oil and Gas Supply,1.1382855418253595,Residential
2045,trans,5-5,MISE,Midcontinent / East,AEO2026 Low Oil and Gas Supply,0.9241497147234934,Transportation
2045,trans,5-3,MISW,Midcontinent / West,AEO2026 Low Oil and Gas Supply,1.0378443261845027,Transportation
2045,trans,5-8,NYCW,Northeast Power Coordinating Council / New York City and Long Island,AEO2026 Low Oil and Gas Supply,1.1958497859236723,Transportation
2045,trans,5-7,ISNE,Northeast Power Coordinating Council / New England,AEO2026 Low Oil and Gas Supply,1.4087869468983212,Transportation
2045,trans,5-9,NYUP,Northeast Power Coordinating Council / Upstate New York,AEO2026 Low Oil and Gas Supply,1.1958489471486713,Transportation
2045,trans,5-12,PJMC,PJM / Commonwealth Edison,AEO2026 Low Oil and Gas Supply,0.924147435127813,Transportation
2045,trans,5-13,PJMD,PJM / Dominion,AEO2026 Low Oil and Gas Supply,1.3188298015321895,Transportation
2045,trans,5-10,PJME,PJM / East,AEO2026 Low Oil and Gas Supply,1.2006605739730822,Transportation
2045,trans,5-11,PJMW,PJM / West,AEO2026 Low Oil and Gas Supply,1.0800617494628502,Transportation
2045,trans,5-16,SRCE,SERC Reliability Corporation / Central,AEO2026 Low Oil and Gas Supply,1.2209895717772354,Transportation
2045,trans,5-6,MISS,Midcontinent / South,AEO2026 Low Oil and Gas Supply,1.9704594547259036,Transportation
2046,trans,5-23,NWPP,Western Electricity Coordinating Council / Northwest Power Pool Area,AEO2026 Low Oil and Gas Supply,1.5168256134868323,Transportation
2046,trans,5-20,SRSG,Western Electricity Coordinating Council / Southwest,AEO2026 Low Oil and Gas Supply,1.8655750886298013,Transportation
2046,trans,5-24,RMRG,Western Electricity Coordinating Council / Rockies,AEO2026 Low Oil and Gas Supply,1.9330908117035284,Transportation
2046,trans,5-22,CASO,Western Electricity Coordinating Council / California South,AEO2026 Low Oil and Gas Supply,1.4974030115146149,Transportation
2046,trans,5-21,CANO,Western Electricity Coordinating Council / California North,AEO2026 Low Oil and Gas Supply,1.497400281636156,Transportation
2046,trans,5-25,BASN,Western Electricity Coordinating Council / Basin,AEO2026 Low Oil and Gas Supply,1.9304117715482143,Transportation
2046,trans,5-1,TRE,Texas Reliability Entity,AEO2026 Low Oil and Gas Supply,2.0135784193654884,Transportation
2046,trans,5-17,SPPS,Southwest Power Pool / South,AEO2026 Low Oil and Gas Supply,1.9983146883626326,Transportation
2046,trans,5-19,SPPN,Southwest Power Pool / North,AEO2026 Low Oil and Gas Supply,1.6115425111871546,Transportation
2046,trans,5-18,SPPC,Southwest Power Pool / Central,AEO2026 Low Oil and Gas Supply,1.5956783247939408,Transportation
2046,trans,5-15,SRSE,SERC Reliability Corporation / Southeastern,AEO2026 Low Oil and Gas Supply,1.323872892365431,Transportation
2046,trans,5-14,SRCA,SERC Reliability Corporation / East,AEO2026 Low Oil and Gas Supply,1.32512193825018,Transportation
2046,trans,5-11,PJMW,PJM / West,AEO2026 Low Oil and Gas Supply,1.0823633866009494,Transportation
2046,trans,5-10,PJME,PJM / East,AEO2026 Low Oil and Gas Supply,1.2038703595165459,Transportation
2046,trans,5-13,PJMD,PJM / Dominion,AEO2026 Low Oil and Gas Supply,1.3251198423009722,Transportation
2046,trans,5-12,PJMC,PJM / Commonwealth Edison,AEO2026 Low Oil and Gas Supply,0.9250296237909057,Transportation
2046,trans,5-9,NYUP,Northeast Power Coordinating Council / Upstate New York,AEO2026 Low Oil and Gas Supply,1.198932906010143,Transportation
2046,trans,5-7,ISNE,Northeast Power Coordinating Council / New England,AEO2026 Low Oil and Gas Supply,1.415944214835563,Transportation
2046,trans,5-8,NYCW,Northeast Power Coordinating Council / New York City and Long Island,AEO2026 Low Oil and Gas Supply,1.1989337796724584,Transportation
2046,trans,5-3,MISW,Midcontinent / West,AEO2026 Low Oil and Gas Supply,1.0424293316710542,Transportation
2046,trans,5-6,MISS,Midcontinent / South,AEO2026 Low Oil and Gas Supply,2.006538618716796,Transportation
2046,trans,5-5,MISE,Midcontinent / East,AEO2026 Low Oil and Gas Supply,0.9250317533920687,Transportation
2046,trans,5-4,MISC,Midcontinent / Central,AEO2026 Low Oil and Gas Supply,0.9564841304448012,Transportation
2046,trans,5-16,SRCE,SERC Reliability Corporation / Central,AEO2026 Low Oil and Gas Supply,1.2263146216995784,Transportation
2046,trans,5-2,FRCC,Florida Reliability Coordinating Council,AEO2026 Low Oil and Gas Supply,1.3251245052526643,Transportation
2046,res,5-23,NWPP,Western Electricity Coordinating Council / Northwest Power Pool Area,AEO2026 Low Oil and Gas Supply,1.2539064238013558,Residential
2046,res,5-24,RMRG,Western Electricity Coordinating Council / Rockies,AEO2026 Low Oil and Gas Supply,1.4453286394533293,Residential
2046,ind,5-1,TRE,Texas Reliability Entity,AEO2026 Low Oil and Gas Supply,1.075793680455607,Industrial
2046,ind,5-17,SPPS,Southwest Power Pool / South,AEO2026 Low Oil and Gas Supply,1.1073053197155482,Industrial
2046,ind,5-19,SPPN,Southwest Power Pool / North,AEO2026 Low Oil and Gas Supply,1.1382282797320982,Industrial
2046,ind,5-18,SPPC,Southwest Power Pool / Central,AEO2026 Low Oil and Gas Supply,1.1358024956181325,Industrial
2046,ind,5-15,SRSE,SERC Reliability Corporation / Southeastern,AEO2026 Low Oil and Gas Supply,1.1043806139366994,Industrial
2046,ind,5-14,SRCA,SERC Reliability Corporation / East,AEO2026 Low Oil and Gas Supply,1.0994753041631673,Industrial
2046,ind,5-16,SRCE,SERC Reliability Corporation / Central,AEO2026 Low Oil and Gas Supply,1.1100527606950616,Industrial
2046,ind,5-11,PJMW,PJM / West,AEO2026 Low Oil and Gas Supply,1.1025884574413116,Industrial
2046,ind,5-10,PJME,PJM / East,AEO2026 Low Oil and Gas Supply,0.8047540062092042,Industrial
2046,ind,5-13,PJMD,PJM / Dominion,AEO2026 Low Oil and Gas Supply,1.099475310665479,Industrial
2046,ind,5-12,PJMC,PJM / Commonwealth Edison,AEO2026 Low Oil and Gas Supply,1.1825167753246122,Industrial
2046,ind,5-25,BASN,Western Electricity Coordinating Council / Basin,AEO2026 Low Oil and Gas Supply,1.317707757627497,Industrial
2046,ind,5-9,NYUP,Northeast Power Coordinating Council / Upstate New York,AEO2026 Low Oil and Gas Supply,0.774518859210948,Industrial
2046,ind,5-8,NYCW,Northeast Power Coordinating Council / New York City and Long Island,AEO2026 Low Oil and Gas Supply,0.7745197866869165,Industrial
2046,ind,5-3,MISW,Midcontinent / West,AEO2026 Low Oil and Gas Supply,1.1514165921203467,Industrial
2046,ind,5-6,MISS,Midcontinent / South,AEO2026 Low Oil and Gas Supply,1.078225289237551,Industrial
2046,ind,5-5,MISE,Midcontinent / East,AEO2026 Low Oil and Gas Supply,1.1825166929058668,Industrial
2046,ind,5-4,MISC,Midcontinent / Central,AEO2026 Low Oil and Gas Supply,1.1685065671154935,Industrial
2046,ind,5-2,FRCC,Florida Reliability Coordinating Council,AEO2026 Low Oil and Gas Supply,1.1014138643671036,Industrial
2046,com,5-23,NWPP,Western Electricity Coordinating Council / Northwest Power Pool Area,AEO2026 Low Oil and Gas Supply,1.5695988346586394,Commercial
2046,com,5-20,SRSG,Western Electricity Coordinating Council / Southwest,AEO2026 Low Oil and Gas Supply,1.8193649753478713,Commercial
2046,com,5-24,RMRG,Western Electricity Coordinating Council / Rockies,AEO2026 Low Oil and Gas Supply,1.8198670333111886,Commercial
2046,com,5-22,CASO,Western Electricity Coordinating Council / California South,AEO2026 Low Oil and Gas Supply,1.5271562628123607,Commercial
2046,com,5-21,CANO,Western Electricity Coordinating Council / California North,AEO2026 Low Oil and Gas Supply,1.5271561257455553,Commercial
2046,ind,5-7,ISNE,Northeast Power Coordinating Council / New England,AEO2026 Low Oil and Gas Supply,0.7644513191730531,Industrial
2046,res,5-20,SRSG,Western Electricity Coordinating Council / Southwest,AEO2026 Low Oil and Gas Supply,1.4411042599335684,Residential
2046,ind,5-21,CANO,Western Electricity Coordinating Council / California North,AEO2026 Low Oil and Gas Supply,1.2803747206271214,Industrial
2046,ind,5-24,RMRG,Western Electricity Coordinating Council / Rockies,AEO2026 Low Oil and Gas Supply,1.3011998006405738,Industrial
2046,res,5-22,CASO,Western Electricity Coordinating Council / California South,AEO2026 Low Oil and Gas Supply,1.2219018909358295,Residential
2046,res,5-21,CANO,Western Electricity Coordinating Council / California North,AEO2026 Low Oil and Gas Supply,1.2218932841771475,Residential
2046,res,5-25,BASN,Western Electricity Coordinating Council / Basin,AEO2026 Low Oil and Gas Supply,1.462651498625866,Residential
2046,res,5-1,TRE,Texas Reliability Entity,AEO2026 Low Oil and Gas Supply,1.2016510392424327,Residential
2046,res,5-17,SPPS,Southwest Power Pool / South,AEO2026 Low Oil and Gas Supply,1.210983911475722,Residential
2046,res,5-19,SPPN,Southwest Power Pool / North,AEO2026 Low Oil and Gas Supply,1.1473565041880196,Residential
2046,res,5-18,SPPC,Southwest Power Pool / Central,AEO2026 Low Oil and Gas Supply,1.1422793803595332,Residential
2046,res,5-15,SRSE,SERC Reliability Corporation / Southeastern,AEO2026 Low Oil and Gas Supply,1.1040770037945236,Residential
2046,res,5-14,SRCA,SERC Reliability Corporation / East,AEO2026 Low Oil and Gas Supply,1.1596664516039243,Residential
2046,res,5-16,SRCE,SERC Reliability Corporation / Central,AEO2026 Low Oil and Gas Supply,0.9799568883375214,Residential
2046,res,5-11,PJMW,PJM / West,AEO2026 Low Oil and Gas Supply,1.1797918976335422,Residential
2046,ind,5-22,CASO,Western Electricity Coordinating Council / California South,AEO2026 Low Oil and Gas Supply,1.2803749350555158,Industrial
2046,res,5-10,PJME,PJM / East,AEO2026 Low Oil and Gas Supply,1.200237659944101,Residential
2046,res,5-12,PJMC,PJM / Commonwealth Edison,AEO2026 Low Oil and Gas Supply,1.2169491799962842,Residential
2046,res,5-9,NYUP,Northeast Power Coordinating Council / Upstate New York,AEO2026 Low Oil and Gas Supply,1.219062316426443,Residential
2046,res,5-7,ISNE,Northeast Power Coordinating Council / New England,AEO2026 Low Oil and Gas Supply,1.1957190742042076,Residential
2046,res,5-8,NYCW,Northeast Power Coordinating Council / New York City and Long Island,AEO2026 Low Oil and Gas Supply,1.2190623966492216,Residential
2046,res,5-3,MISW,Midcontinent / West,AEO2026 Low Oil and Gas Supply,1.1693279382020392,Residential
2046,res,5-6,MISS,Midcontinent / South,AEO2026 Low Oil and Gas Supply,1.1628165026429045,Residential
2046,res,5-5,MISE,Midcontinent / East,AEO2026 Low Oil and Gas Supply,1.2169485987478441,Residential
2046,res,5-4,MISC,Midcontinent / Central,AEO2026 Low Oil and Gas Supply,1.1849790927501977,Residential
2046,res,5-2,FRCC,Florida Reliability Coordinating Council,AEO2026 Low Oil and Gas Supply,1.1596663961026665,Residential
2046,ind,5-23,NWPP,Western Electricity Coordinating Council / Northwest Power Pool Area,AEO2026 Low Oil and Gas Supply,1.2853636978132217,Industrial
2046,ind,5-20,SRSG,Western Electricity Coordinating Council / Southwest,AEO2026 Low Oil and Gas Supply,1.2996514870837461,Industrial
2046,res,5-13,PJMD,PJM / Dominion,AEO2026 Low Oil and Gas Supply,1.1596663736961081,Residential
2046,com,5-25,BASN,Western Electricity Coordinating Council / Basin,AEO2026 Low Oil and Gas Supply,1.8585990357782116,Commercial
2046,com,5-1,TRE,Texas Reliability Entity,AEO2026 Low Oil and Gas Supply,1.573355662637849,Commercial
2046,com,5-19,SPPN,Southwest Power Pool / North,AEO2026 Low Oil and Gas Supply,1.253262360816383,Commercial
2046,com,5-2,FRCC,Florida Reliability Coordinating Council,AEO2026 Low Oil and Gas Supply,1.5065385891671157,Commercial
2046,com,5-4,MISC,Midcontinent / Central,AEO2026 Low Oil and Gas Supply,1.2196265393364187,Commercial
2046,com,5-18,SPPC,Southwest Power Pool / Central,AEO2026 Low Oil and Gas Supply,1.2356131861771684,Commercial
2046,com,5-15,SRSE,SERC Reliability Corporation / Southeastern,AEO2026 Low Oil and Gas Supply,1.4230940525208478,Commercial
2046,com,5-14,SRCA,SERC Reliability Corporation / East,AEO2026 Low Oil and Gas Supply,1.506538775085908,Commercial
2046,com,5-16,SRCE,SERC Reliability Corporation / Central,AEO2026 Low Oil and Gas Supply,1.1919713417297513,Commercial
2046,com,5-11,PJMW,PJM / West,AEO2026 Low Oil and Gas Supply,1.2720682258430647,Commercial
2046,com,5-10,PJME,PJM / East,AEO2026 Low Oil and Gas Supply,1.3666603295573798,Commercial
2046,com,5-13,PJMD,PJM / Dominion,AEO2026 Low Oil and Gas Supply,1.5065386241055694,Commercial
2046,com,5-12,PJMC,PJM / Commonwealth Edison,AEO2026 Low Oil and Gas Supply,1.212206062365839,Commercial
2046,com,5-9,NYUP,Northeast Power Coordinating Council / Upstate New York,AEO2026 Low Oil and Gas Supply,1.2824770562943175,Commercial
2046,com,5-7,ISNE,Northeast Power Coordinating Council / New England,AEO2026 Low Oil and Gas Supply,1.169071341075791,Commercial
2046,com,5-8,NYCW,Northeast Power Coordinating Council / New York City and Long Island,AEO2026 Low Oil and Gas Supply,1.2824771565976774,Commercial
2046,com,5-3,MISW,Midcontinent / West,AEO2026 Low Oil and Gas Supply,1.2266474109648324,Commercial
2046,com,5-5,MISE,Midcontinent / East,AEO2026 Low Oil and Gas Supply,1.212206057940397,Commercial
2046,com,5-6,MISS,Midcontinent / South,AEO2026 Low Oil and Gas Supply,1.5144787109138207,Commercial
2046,com,5-17,SPPS,Southwest Power Pool / South,AEO2026 Low Oil and Gas Supply,1.5942451041884962,Commercial
2047,com,5-11,PJMW,PJM / West,AEO2026 Low Oil and Gas Supply,1.2787858475965446,Commercial
2047,com,5-10,PJME,PJM / East,AEO2026 Low Oil and Gas Supply,1.3762044628233339,Commercial
2047,com,5-13,PJMD,PJM / Dominion,AEO2026 Low Oil and Gas Supply,1.5272592407831271,Commercial
2047,com,5-12,PJMC,PJM / Commonwealth Edison,AEO2026 Low Oil and Gas Supply,1.2155964879579757,Commercial
2047,com,5-9,NYUP,Northeast Power Coordinating Council / Upstate New York,AEO2026 Low Oil and Gas Supply,1.2852949841725536,Commercial
2047,com,5-7,ISNE,Northeast Power Coordinating Council / New England,AEO2026 Low Oil and Gas Supply,1.1713049471814234,Commercial
2047,com,5-8,NYCW,Northeast Power Coordinating Council / New York City and Long Island,AEO2026 Low Oil and Gas Supply,1.2852950529350784,Commercial
2047,com,5-3,MISW,Midcontinent / West,AEO2026 Low Oil and Gas Supply,1.2315355602997153,Commercial
2047,com,5-6,MISS,Midcontinent / South,AEO2026 Low Oil and Gas Supply,1.5308765813867333,Commercial
2047,com,5-4,MISC,Midcontinent / Central,AEO2026 Low Oil and Gas Supply,1.2238913255360626,Commercial
2047,com,5-2,FRCC,Florida Reliability Coordinating Council,AEO2026 Low Oil and Gas Supply,1.5272592000124903,Commercial
2047,com,5-5,MISE,Midcontinent / East,AEO2026 Low Oil and Gas Supply,1.215596468970553,Commercial
2047,com,5-16,SRCE,SERC Reliability Corporation / Central,AEO2026 Low Oil and Gas Supply,1.1997446494283903,Commercial
2047,com,5-14,SRCA,SERC Reliability Corporation / East,AEO2026 Low Oil and Gas Supply,1.5272592807598353,Commercial
2047,com,5-15,SRSE,SERC Reliability Corporation / Southeastern,AEO2026 Low Oil and Gas Supply,1.4403800826957804,Commercial
2047,com,5-18,SPPC,Southwest Power Pool / Central,AEO2026 Low Oil and Gas Supply,1.241397753628093,Commercial
2047,trans,5-5,MISE,Midcontinent / East,AEO2026 Low Oil and Gas Supply,0.9290689703836617,Transportation
2047,trans,5-4,MISC,Midcontinent / Central,AEO2026 Low Oil and Gas Supply,0.9615890471176718,Transportation
2047,trans,5-2,FRCC,Florida Reliability Coordinating Council,AEO2026 Low Oil and Gas Supply,1.3378179160840933,Transportation
2047,res,5-23,NWPP,Western Electricity Coordinating Council / Northwest Power Pool Area,AEO2026 Low Oil and Gas Supply,1.2570627690726617,Residential
2047,res,5-20,SRSG,Western Electricity Coordinating Council / Southwest,AEO2026 Low Oil and Gas Supply,1.456387478490841,Residential
2047,res,5-24,RMRG,Western Electricity Coordinating Council / Rockies,AEO2026 Low Oil and Gas Supply,1.4612060103409694,Residential
2047,res,5-22,CASO,Western Electricity Coordinating Council / California South,AEO2026 Low Oil and Gas Supply,1.2230565657770092,Residential
2047,res,5-21,CANO,Western Electricity Coordinating Council / California North,AEO2026 Low Oil and Gas Supply,1.2230472995494703,Residential
2047,trans,5-6,MISS,Midcontinent / South,AEO2026 Low Oil and Gas Supply,2.039377663611419,Transportation
2047,res,5-25,BASN,Western Electricity Coordinating Council / Basin,AEO2026 Low Oil and Gas Supply,1.478864265706672,Residential
2047,res,5-17,SPPS,Southwest Power Pool / South,AEO2026 Low Oil and Gas Supply,1.219045383073383,Residential
2047,res,5-19,SPPN,Southwest Power Pool / North,AEO2026 Low Oil and Gas Supply,1.1560899667267428,Residential
2047,res,5-18,SPPC,Southwest Power Pool / Central,AEO2026 Low Oil and Gas Supply,1.1508886545151173,Residential
2047,res,5-15,SRSE,SERC Reliability Corporation / Southeastern,AEO2026 Low Oil and Gas Supply,1.10887445008057,Residential
2047,res,5-14,SRCA,SERC Reliability Corporation / East,AEO2026 Low Oil and Gas Supply,1.165026382243275,Residential
2047,res,5-16,SRCE,SERC Reliability Corporation / Central,AEO2026 Low Oil and Gas Supply,0.9834986447065144,Residential
2047,res,5-11,PJMW,PJM / West,AEO2026 Low Oil and Gas Supply,1.1859631404952051,Residential
2047,res,5-10,PJME,PJM / East,AEO2026 Low Oil and Gas Supply,1.2039305670798042,Residential
2047,res,5-1,TRE,Texas Reliability Entity,AEO2026 Low Oil and Gas Supply,1.2094080321279748,Residential
2047,res,5-13,PJMD,PJM / Dominion,AEO2026 Low Oil and Gas Supply,1.1650263398950855,Residential
2047,trans,5-3,MISW,Midcontinent / West,AEO2026 Low Oil and Gas Supply,1.0504608188098563,Transportation
2047,trans,5-7,ISNE,Northeast Power Coordinating Council / New England,AEO2026 Low Oil and Gas Supply,1.426262903257399,Transportation
2047,trans,5-23,NWPP,Western Electricity Coordinating Council / Northwest Power Pool Area,AEO2026 Low Oil and Gas Supply,1.5428078808886654,Transportation
2047,trans,5-20,SRSG,Western Electricity Coordinating Council / Southwest,AEO2026 Low Oil and Gas Supply,1.904949867816722,Transportation
2047,trans,5-24,RMRG,Western Electricity Coordinating Council / Rockies,AEO2026 Low Oil and Gas Supply,1.975271720936461,Transportation
2047,trans,5-22,CASO,Western Electricity Coordinating Council / California South,AEO2026 Low Oil and Gas Supply,1.5226288751107173,Transportation
2047,trans,5-21,CANO,Western Electricity Coordinating Council / California North,AEO2026 Low Oil and Gas Supply,1.5226267154391608,Transportation
2047,trans,5-25,BASN,Western Electricity Coordinating Council / Basin,AEO2026 Low Oil and Gas Supply,1.9725340234965685,Transportation
2047,trans,5-1,TRE,Texas Reliability Entity,AEO2026 Low Oil and Gas Supply,2.04662456469185,Transportation
2047,trans,5-17,SPPS,Southwest Power Pool / South,AEO2026 Low Oil and Gas Supply,2.0334156617753885,Transportation
2047,trans,5-8,NYCW,Northeast Power Coordinating Council / New York City and Long Island,AEO2026 Low Oil and Gas Supply,1.2035497523249399,Transportation
2047,trans,5-19,SPPN,Southwest Power Pool / North,AEO2026 Low Oil and Gas Supply,1.639115556725454,Transportation
2047,trans,5-15,SRSE,SERC Reliability Corporation / Southeastern,AEO2026 Low Oil and Gas Supply,1.3365135445378498,Transportation
2047,trans,5-14,SRCA,SERC Reliability Corporation / East,AEO2026 Low Oil and Gas Supply,1.337816084730769,Transportation
2047,trans,5-16,SRCE,SERC Reliability Corporation / Central,AEO2026 Low Oil and Gas Supply,1.2349678278233858,Transportation
2047,trans,5-11,PJMW,PJM / West,AEO2026 Low Oil and Gas Supply,1.087287311116968,Transportation
2047,trans,5-10,PJME,PJM / East,AEO2026 Low Oil and Gas Supply,1.2088011226402178,Transportation
2047,trans,5-13,PJMD,PJM / Dominion,AEO2026 Low Oil and Gas Supply,1.3378164060749966,Transportation
2047,trans,5-12,PJMC,PJM / Commonwealth Edison,AEO2026 Low Oil and Gas Supply,0.9290699434668449,Transportation
2047,trans,5-9,NYUP,Northeast Power Coordinating Council / Upstate New York,AEO2026 Low Oil and Gas Supply,1.2035490890550027,Transportation
2047,trans,5-18,SPPC,Southwest Power Pool / Central,AEO2026 Low Oil and Gas Supply,1.622521719759412,Transportation
2047,res,5-12,PJMC,PJM / Commonwealth Edison,AEO2026 Low Oil and Gas Supply,1.2246876825899582,Residential
2047,res,5-7,ISNE,Northeast Power Coordinating Council / New England,AEO2026 Low Oil and Gas Supply,1.19798543544713,Residential
2047,ind,5-12,PJMC,PJM / Commonwealth Edison,AEO2026 Low Oil and Gas Supply,1.1923023304075522,Industrial
2047,ind,5-9,NYUP,Northeast Power Coordinating Council / Upstate New York,AEO2026 Low Oil and Gas Supply,0.7696910744023452,Industrial
2047,ind,5-7,ISNE,Northeast Power Coordinating Council / New England,AEO2026 Low Oil and Gas Supply,0.7594040368603315,Industrial
2047,ind,5-8,NYCW,Northeast Power Coordinating Council / New York City and Long Island,AEO2026 Low Oil and Gas Supply,0.7696917660459417,Industrial
2047,ind,5-3,MISW,Midcontinent / West,AEO2026 Low Oil and Gas Supply,1.1610611563907196,Industrial
2047,ind,5-6,MISS,Midcontinent / South,AEO2026 Low Oil and Gas Supply,1.0875864683685272,Industrial
2047,ind,5-5,MISE,Midcontinent / East,AEO2026 Low Oil and Gas Supply,1.1923024020646493,Industrial
2047,ind,5-4,MISC,Midcontinent / Central,AEO2026 Low Oil and Gas Supply,1.1781314646841983,Industrial
2047,ind,5-13,PJMD,PJM / Dominion,AEO2026 Low Oil and Gas Supply,1.1079776045792504,Industrial
2047,ind,5-2,FRCC,Florida Reliability Coordinating Council,AEO2026 Low Oil and Gas Supply,1.1100376517565513,Industrial
2047,com,5-20,SRSG,Western Electricity Coordinating Council / Southwest,AEO2026 Low Oil and Gas Supply,1.8550347454814626,Commercial
2047,com,5-24,RMRG,Western Electricity Coordinating Council / Rockies,AEO2026 Low Oil and Gas Supply,1.856479646158332,Commercial
2047,com,5-22,CASO,Western Electricity Coordinating Council / California South,AEO2026 Low Oil and Gas Supply,1.5401144280544201,Commercial
2047,com,5-21,CANO,Western Electricity Coordinating Council / California North,AEO2026 Low Oil and Gas Supply,1.5401143185440873,Commercial
2047,com,5-25,BASN,Western Electricity Coordinating Council / Basin,AEO2026 Low Oil and Gas Supply,1.8971991449964771,Commercial
2047,com,5-1,TRE,Texas Reliability Entity,AEO2026 Low Oil and Gas Supply,1.591337875303411,Commercial
2047,com,5-17,SPPS,Southwest Power Pool / South,AEO2026 Low Oil and Gas Supply,1.6137382230142343,Commercial
2047,com,5-19,SPPN,Southwest Power Pool / North,AEO2026 Low Oil and Gas Supply,1.2599854938760144,Commercial
2047,com,5-23,NWPP,Western Electricity Coordinating Council / Northwest Power Pool Area,AEO2026 Low Oil and Gas Supply,1.5858406716659914,Commercial
2047,res,5-9,NYUP,Northeast Power Coordinating Council / Upstate New York,AEO2026 Low Oil and Gas Supply,1.221981749680095,Residential
2047,ind,5-10,PJME,PJM / East,AEO2026 Low Oil and Gas Supply,0.8011664475085827,Industrial
2047,ind,5-16,SRCE,SERC Reliability Corporation / Central,AEO2026 Low Oil and Gas Supply,1.118556313781581,Industrial
2047,res,5-8,NYCW,Northeast Power Coordinating Council / New York City and Long Island,AEO2026 Low Oil and Gas Supply,1.221981872337048,Residential
2047,res,5-3,MISW,Midcontinent / West,AEO2026 Low Oil and Gas Supply,1.1776216475342927,Residential
2047,res,5-6,MISS,Midcontinent / South,AEO2026 Low Oil and Gas Supply,1.1698389931504933,Residential
2047,res,5-5,MISE,Midcontinent / East,AEO2026 Low Oil and Gas Supply,1.2246870026791592,Residential
2047,res,5-4,MISC,Midcontinent / Central,AEO2026 Low Oil and Gas Supply,1.1929386916239104,Residential
2047,res,5-2,FRCC,Florida Reliability Coordinating Council,AEO2026 Low Oil and Gas Supply,1.1650264707654479,Residential
2047,ind,5-23,NWPP,Western Electricity Coordinating Council / Northwest Power Pool Area,AEO2026 Low Oil and Gas Supply,1.3078129476476634,Industrial
2047,ind,5-20,SRSG,Western Electricity Coordinating Council / Southwest,AEO2026 Low Oil and Gas Supply,1.3226023399304239,Industrial
2047,ind,5-11,PJMW,PJM / West,AEO2026 Low Oil and Gas Supply,1.109948496858606,Industrial
2047,ind,5-24,RMRG,Western Electricity Coordinating Council / Rockies,AEO2026 Low Oil and Gas Supply,1.323937016025934,Industrial
2047,ind,5-21,CANO,Western Electricity Coordinating Council / California North,AEO2026 Low Oil and Gas Supply,1.3025580118605464,Industrial
2047,ind,5-25,BASN,Western Electricity Coordinating Council / Basin,AEO2026 Low Oil and Gas Supply,1.3415359991908624,Industrial
2047,ind,5-1,TRE,Texas Reliability Entity,AEO2026 Low Oil and Gas Supply,1.0852570880625094,Industrial
2047,ind,5-17,SPPS,Southwest Power Pool / South,AEO2026 Low Oil and Gas Supply,1.1186626232640806,Industrial
2047,ind,5-19,SPPN,Southwest Power Pool / North,AEO2026 Low Oil and Gas Supply,1.1479950293889198,Industrial
2047,ind,5-18,SPPC,Southwest Power Pool / Central,AEO2026 Low Oil and Gas Supply,1.1453761632058617,Industrial
2047,ind,5-15,SRSE,SERC Reliability Corporation / Southeastern,AEO2026 Low Oil and Gas Supply,1.1131659948199601,Industrial
2047,ind,5-14,SRCA,SERC Reliability Corporation / East,AEO2026 Low Oil and Gas Supply,1.1079775669129566,Industrial
2047,ind,5-22,CASO,Western Electricity Coordinating Council / California South,AEO2026 Low Oil and Gas Supply,1.3025584119784597,Industrial
2048,com,5-2,FRCC,Florida Reliability Coordinating Council,AEO2026 Low Oil and Gas Supply,1.546887255864407,Commercial
2048,com,5-5,MISE,Midcontinent / East,AEO2026 Low Oil and Gas Supply,1.2191166579215855,Commercial
2048,ind,5-6,MISS,Midcontinent / South,AEO2026 Low Oil and Gas Supply,1.093425163253024,Industrial
2048,ind,5-3,MISW,Midcontinent / West,AEO2026 Low Oil and Gas Supply,1.1713391727780342,Industrial
2048,ind,5-8,NYCW,Northeast Power Coordinating Council / New York City and Long Island,AEO2026 Low Oil and Gas Supply,0.764458174412785,Industrial
2048,ind,5-7,ISNE,Northeast Power Coordinating Council / New England,AEO2026 Low Oil and Gas Supply,0.7539092432217773,Industrial
2048,ind,5-9,NYUP,Northeast Power Coordinating Council / Upstate New York,AEO2026 Low Oil and Gas Supply,0.7644557485097627,Industrial
2048,ind,5-12,PJMC,PJM / Commonwealth Edison,AEO2026 Low Oil and Gas Supply,1.2027528309697484,Industrial
2048,ind,5-13,PJMD,PJM / Dominion,AEO2026 Low Oil and Gas Supply,1.1162675218912215,Industrial
2048,ind,5-10,PJME,PJM / East,AEO2026 Low Oil and Gas Supply,0.7971895342448649,Industrial
2048,ind,5-11,PJMW,PJM / West,AEO2026 Low Oil and Gas Supply,1.1175347570736485,Industrial
2048,ind,5-16,SRCE,SERC Reliability Corporation / Central,AEO2026 Low Oil and Gas Supply,1.126226635356758,Industrial
2048,ind,5-14,SRCA,SERC Reliability Corporation / East,AEO2026 Low Oil and Gas Supply,1.1162674961207444,Industrial
2048,ind,5-15,SRSE,SERC Reliability Corporation / Southeastern,AEO2026 Low Oil and Gas Supply,1.1208860784355215,Industrial
2048,ind,5-18,SPPC,Southwest Power Pool / Central,AEO2026 Low Oil and Gas Supply,1.1555674976926398,Industrial
2048,ind,5-19,SPPN,Southwest Power Pool / North,AEO2026 Low Oil and Gas Supply,1.1583622383510148,Industrial
2048,ind,5-17,SPPS,Southwest Power Pool / South,AEO2026 Low Oil and Gas Supply,1.1268355018884633,Industrial
2048,ind,5-1,TRE,Texas Reliability Entity,AEO2026 Low Oil and Gas Supply,1.0911540265926964,Industrial
2048,ind,5-25,BASN,Western Electricity Coordinating Council / Basin,AEO2026 Low Oil and Gas Supply,1.3647300814336587,Industrial
2048,ind,5-21,CANO,Western Electricity Coordinating Council / California North,AEO2026 Low Oil and Gas Supply,1.3273602708845356,Industrial
2048,ind,5-22,CASO,Western Electricity Coordinating Council / California South,AEO2026 Low Oil and Gas Supply,1.3273601606839431,Industrial
2048,ind,5-24,RMRG,Western Electricity Coordinating Council / Rockies,AEO2026 Low Oil and Gas Supply,1.3461090246394272,Industrial
2048,ind,5-20,SRSG,Western Electricity Coordinating Council / Southwest,AEO2026 Low Oil and Gas Supply,1.3449989176271566,Industrial
2048,ind,5-5,MISE,Midcontinent / East,AEO2026 Low Oil and Gas Supply,1.2027528393828946,Industrial
2048,ind,5-23,NWPP,Western Electricity Coordinating Council / Northwest Power Pool Area,AEO2026 Low Oil and Gas Supply,1.3324114969047174,Industrial
2048,ind,5-4,MISC,Midcontinent / Central,AEO2026 Low Oil and Gas Supply,1.1882615083669366,Industrial
2048,com,5-23,NWPP,Western Electricity Coordinating Council / Northwest Power Pool Area,AEO2026 Low Oil and Gas Supply,1.6006084849473474,Commercial
2048,com,5-6,MISS,Midcontinent / South,AEO2026 Low Oil and Gas Supply,1.546795019645816,Commercial
2048,com,5-3,MISW,Midcontinent / West,AEO2026 Low Oil and Gas Supply,1.236035107632014,Commercial
2048,com,5-8,NYCW,Northeast Power Coordinating Council / New York City and Long Island,AEO2026 Low Oil and Gas Supply,1.2866914323892937,Commercial
2048,com,5-7,ISNE,Northeast Power Coordinating Council / New England,AEO2026 Low Oil and Gas Supply,1.1720454054300353,Commercial
2048,com,5-9,NYUP,Northeast Power Coordinating Council / Upstate New York,AEO2026 Low Oil and Gas Supply,1.2866915589378158,Commercial
2048,com,5-12,PJMC,PJM / Commonwealth Edison,AEO2026 Low Oil and Gas Supply,1.219116640154457,Commercial
2048,com,5-13,PJMD,PJM / Dominion,AEO2026 Low Oil and Gas Supply,1.5468872611346305,Commercial
2048,com,5-10,PJME,PJM / East,AEO2026 Low Oil and Gas Supply,1.3844508403959896,Commercial
2048,com,5-11,PJMW,PJM / West,AEO2026 Low Oil and Gas Supply,1.2851914830352795,Commercial
2048,com,5-16,SRCE,SERC Reliability Corporation / Central,AEO2026 Low Oil and Gas Supply,1.2069376776964973,Commercial
2048,com,5-14,SRCA,SERC Reliability Corporation / East,AEO2026 Low Oil and Gas Supply,1.5468873781960546,Commercial
2048,com,5-15,SRSE,SERC Reliability Corporation / Southeastern,AEO2026 Low Oil and Gas Supply,1.4567094461982875,Commercial
2048,com,5-18,SPPC,Southwest Power Pool / Central,AEO2026 Low Oil and Gas Supply,1.2464905416770349,Commercial
2048,com,5-19,SPPN,Southwest Power Pool / North,AEO2026 Low Oil and Gas Supply,1.2659900129039736,Commercial
2048,com,5-17,SPPS,Southwest Power Pool / South,AEO2026 Low Oil and Gas Supply,1.6326859074782119,Commercial
2048,com,5-1,TRE,Texas Reliability Entity,AEO2026 Low Oil and Gas Supply,1.6088577133056527,Commercial
2048,com,5-25,BASN,Western Electricity Coordinating Council / Basin,AEO2026 Low Oil and Gas Supply,1.9341977270900772,Commercial
2048,com,5-21,CANO,Western Electricity Coordinating Council / California North,AEO2026 Low Oil and Gas Supply,1.551617131433291,Commercial
2048,com,5-22,CASO,Western Electricity Coordinating Council / California South,AEO2026 Low Oil and Gas Supply,1.5516172953031957,Commercial
2048,com,5-24,RMRG,Western Electricity Coordinating Council / Rockies,AEO2026 Low Oil and Gas Supply,1.8915491651265646,Commercial
2048,com,5-20,SRSG,Western Electricity Coordinating Council / Southwest,AEO2026 Low Oil and Gas Supply,1.8891936773920497,Commercial
2048,ind,5-2,FRCC,Florida Reliability Coordinating Council,AEO2026 Low Oil and Gas Supply,1.1179627008742976,Industrial
2048,res,5-2,FRCC,Florida Reliability Coordinating Council,AEO2026 Low Oil and Gas Supply,1.1704919022939486,Residential
2048,res,5-4,MISC,Midcontinent / Central,AEO2026 Low Oil and Gas Supply,1.201571093030755,Residential
2048,res,5-5,MISE,Midcontinent / East,AEO2026 Low Oil and Gas Supply,1.2332728448657495,Residential
2048,trans,5-3,MISW,Midcontinent / West,AEO2026 Low Oil and Gas Supply,1.053757901406927,Transportation
2048,trans,5-8,NYCW,Northeast Power Coordinating Council / New York City and Long Island,AEO2026 Low Oil and Gas Supply,1.2064179743971495,Transportation
2048,trans,5-7,ISNE,Northeast Power Coordinating Council / New England,AEO2026 Low Oil and Gas Supply,1.4332869762795526,Transportation
2048,trans,5-9,NYUP,Northeast Power Coordinating Council / Upstate New York,AEO2026 Low Oil and Gas Supply,1.206417131775182,Transportation
2048,trans,5-12,PJMC,PJM / Commonwealth Edison,AEO2026 Low Oil and Gas Supply,0.9287463002886689,Transportation
2048,trans,5-13,PJMD,PJM / Dominion,AEO2026 Low Oil and Gas Supply,1.341230231620447,Transportation
2048,trans,5-10,PJME,PJM / East,AEO2026 Low Oil and Gas Supply,1.2116916073118817,Transportation
2048,trans,5-11,PJMW,PJM / West,AEO2026 Low Oil and Gas Supply,1.0887338809488818,Transportation
2048,trans,5-16,SRCE,SERC Reliability Corporation / Central,AEO2026 Low Oil and Gas Supply,1.2389616152651433,Transportation
2048,trans,5-14,SRCA,SERC Reliability Corporation / East,AEO2026 Low Oil and Gas Supply,1.341228905528673,Transportation
2048,trans,5-15,SRSE,SERC Reliability Corporation / Southeastern,AEO2026 Low Oil and Gas Supply,1.3399366248977544,Transportation
2048,trans,5-18,SPPC,Southwest Power Pool / Central,AEO2026 Low Oil and Gas Supply,1.6428491869013144,Transportation
2048,trans,5-19,SPPN,Southwest Power Pool / North,AEO2026 Low Oil and Gas Supply,1.6603053435114503,Transportation
2048,trans,5-17,SPPS,Southwest Power Pool / South,AEO2026 Low Oil and Gas Supply,2.0730204852535232,Transportation
2048,trans,5-1,TRE,Texas Reliability Entity,AEO2026 Low Oil and Gas Supply,2.0866143409407982,Transportation
2048,trans,5-25,BASN,Western Electricity Coordinating Council / Basin,AEO2026 Low Oil and Gas Supply,2.0103233686169593,Transportation
2048,trans,5-21,CANO,Western Electricity Coordinating Council / California North,AEO2026 Low Oil and Gas Supply,1.5435494488097123,Transportation
2048,trans,5-22,CASO,Western Electricity Coordinating Council / California South,AEO2026 Low Oil and Gas Supply,1.5435500442869796,Transportation
2048,trans,5-24,RMRG,Western Electricity Coordinating Council / Rockies,AEO2026 Low Oil and Gas Supply,2.0130336777735622,Transportation
2048,trans,5-20,SRSG,Western Electricity Coordinating Council / Southwest,AEO2026 Low Oil and Gas Supply,1.9401946809936284,Transportation
2048,trans,5-23,NWPP,Western Electricity Coordinating Council / Northwest Power Pool Area,AEO2026 Low Oil and Gas Supply,1.5644887060950567,Transportation
2048,trans,5-6,MISS,Midcontinent / South,AEO2026 Low Oil and Gas Supply,2.0790764201062526,Transportation
2048,trans,5-5,MISE,Midcontinent / East,AEO2026 Low Oil and Gas Supply,0.9287463962420112,Transportation
2048,trans,5-4,MISC,Midcontinent / Central,AEO2026 Low Oil and Gas Supply,0.9622342518638263,Transportation
2048,trans,5-2,FRCC,Florida Reliability Coordinating Council,AEO2026 Low Oil and Gas Supply,1.3412309862843577,Transportation
2048,res,5-6,MISS,Midcontinent / South,AEO2026 Low Oil and Gas Supply,1.177112719344245,Residential
2048,res,5-3,MISW,Midcontinent / West,AEO2026 Low Oil and Gas Supply,1.1864901694410759,Residential
2048,res,5-8,NYCW,Northeast Power Coordinating Council / New York City and Long Island,AEO2026 Low Oil and Gas Supply,1.2256757067539639,Residential
2048,res,5-7,ISNE,Northeast Power Coordinating Council / New England,AEO2026 Low Oil and Gas Supply,1.2001081641658065,Residential
2048,res,5-9,NYUP,Northeast Power Coordinating Council / Upstate New York,AEO2026 Low Oil and Gas Supply,1.2256756007877603,Residential
2048,res,5-12,PJMC,PJM / Commonwealth Edison,AEO2026 Low Oil and Gas Supply,1.2332734472016331,Residential
2048,res,5-13,PJMD,PJM / Dominion,AEO2026 Low Oil and Gas Supply,1.1704918971882594,Residential
2048,res,5-10,PJME,PJM / East,AEO2026 Low Oil and Gas Supply,1.2081860079928088,Residential
2048,res,5-11,PJMW,PJM / West,AEO2026 Low Oil and Gas Supply,1.1927085803597477,Residential
2048,res,5-16,SRCE,SERC Reliability Corporation / Central,AEO2026 Low Oil and Gas Supply,0.9868898682138592,Residential
2048,com,5-4,MISC,Midcontinent / Central,AEO2026 Low Oil and Gas Supply,1.2279950061442728,Commercial
2048,res,5-14,SRCA,SERC Reliability Corporation / East,AEO2026 Low Oil and Gas Supply,1.1704919169510009,Residential
2048,res,5-18,SPPC,Southwest Power Pool / Central,AEO2026 Low Oil and Gas Supply,1.1599169722428158,Residential
2048,res,5-19,SPPN,Southwest Power Pool / North,AEO2026 Low Oil and Gas Supply,1.1652323776877644,Residential
2048,res,5-17,SPPS,Southwest Power Pool / South,AEO2026 Low Oil and Gas Supply,1.2274228931962445,Residential
2048,res,5-1,TRE,Texas Reliability Entity,AEO2026 Low Oil and Gas Supply,1.2175008127924494,Residential
2048,res,5-25,BASN,Western Electricity Coordinating Council / Basin,AEO2026 Low Oil and Gas Supply,1.4948615283223523,Residential
2048,res,5-21,CANO,Western Electricity Coordinating Council / California North,AEO2026 Low Oil and Gas Supply,1.2249962992861483,Residential
2048,res,5-22,CASO,Western Electricity Coordinating Council / California South,AEO2026 Low Oil and Gas Supply,1.2250058377551223,Residential
2048,res,5-24,RMRG,Western Electricity Coordinating Council / Rockies,AEO2026 Low Oil and Gas Supply,1.4768980341655196,Residential
2048,res,5-20,SRSG,Western Electricity Coordinating Council / Southwest,AEO2026 Low Oil and Gas Supply,1.471516727193026,Residential
2048,res,5-23,NWPP,Western Electricity Coordinating Council / Northwest Power Pool Area,AEO2026 Low Oil and Gas Supply,1.2608796140475667,Residential
2048,res,5-15,SRSE,SERC Reliability Corporation / Southeastern,AEO2026 Low Oil and Gas Supply,1.1136984956169655,Residential
2049,ind,5-10,PJME,PJM / East,AEO2026 Low Oil and Gas Supply,0.7934799091254423,Industrial
2049,ind,5-13,PJMD,PJM / Dominion,AEO2026 Low Oil and Gas Supply,1.124822150000485,Industrial
2049,ind,5-12,PJMC,PJM / Commonwealth Edison,AEO2026 Low Oil and Gas Supply,1.212816855550515,Industrial
2049,ind,5-3,MISW,Midcontinent / West,AEO2026 Low Oil and Gas Supply,1.1812813602930432,Industrial
2049,ind,5-7,ISNE,Northeast Power Coordinating Council / New England,AEO2026 Low Oil and Gas Supply,0.7489536190585465,Industrial
2049,ind,5-8,NYCW,Northeast Power Coordinating Council / New York City and Long Island,AEO2026 Low Oil and Gas Supply,0.7594877724660442,Industrial
2049,ind,5-11,PJMW,PJM / West,AEO2026 Low Oil and Gas Supply,1.1250294611113378,Industrial
2049,ind,5-6,MISS,Midcontinent / South,AEO2026 Low Oil and Gas Supply,1.100596847845576,Industrial
2049,ind,5-9,NYUP,Northeast Power Coordinating Council / Upstate New York,AEO2026 Low Oil and Gas Supply,0.7594879900423362,Industrial
2049,ind,5-16,SRCE,SERC Reliability Corporation / Central,AEO2026 Low Oil and Gas Supply,1.1344788451767154,Industrial
2049,ind,5-17,SPPS,Southwest Power Pool / South,AEO2026 Low Oil and Gas Supply,1.1359276388723574,Industrial
2049,ind,5-15,SRSE,SERC Reliability Corporation / Southeastern,AEO2026 Low Oil and Gas Supply,1.1293004991919122,Industrial
2049,ind,5-18,SPPC,Southwest Power Pool / Central,AEO2026 Low Oil and Gas Supply,1.1654487568479908,Industrial
2049,ind,5-19,SPPN,Southwest Power Pool / North,AEO2026 Low Oil and Gas Supply,1.168411449083847,Industrial
2049,ind,5-1,TRE,Texas Reliability Entity,AEO2026 Low Oil and Gas Supply,1.098243976823628,Industrial
2049,ind,5-25,BASN,Western Electricity Coordinating Council / Basin,AEO2026 Low Oil and Gas Supply,1.387025024936027,Industrial
2049,ind,5-21,CANO,Western Electricity Coordinating Council / California North,AEO2026 Low Oil and Gas Supply,1.3497731333207492,Industrial
2049,ind,5-22,CASO,Western Electricity Coordinating Council / California South,AEO2026 Low Oil and Gas Supply,1.3497734453887786,Industrial
2049,ind,5-24,RMRG,Western Electricity Coordinating Council / Rockies,AEO2026 Low Oil and Gas Supply,1.367440511263116,Industrial
2049,ind,5-5,MISE,Midcontinent / East,AEO2026 Low Oil and Gas Supply,1.212816803164261,Industrial
2049,ind,5-14,SRCA,SERC Reliability Corporation / East,AEO2026 Low Oil and Gas Supply,1.1248221575689679,Industrial
2049,ind,5-4,MISC,Midcontinent / Central,AEO2026 Low Oil and Gas Supply,1.198114801742791,Industrial
2049,com,5-23,NWPP,Western Electricity Coordinating Council / Northwest Power Pool Area,AEO2026 Low Oil and Gas Supply,1.6140377368469143,Commercial
2049,com,5-3,MISW,Midcontinent / West,AEO2026 Low Oil and Gas Supply,1.2394380282148387,Commercial
2049,ind,5-20,SRSG,Western Electricity Coordinating Council / Southwest,AEO2026 Low Oil and Gas Supply,1.366499427994729,Industrial
2049,com,5-8,NYCW,Northeast Power Coordinating Council / New York City and Long Island,AEO2026 Low Oil and Gas Supply,1.2881911021061574,Commercial
2049,com,5-7,ISNE,Northeast Power Coordinating Council / New England,AEO2026 Low Oil and Gas Supply,1.1732795639751745,Commercial
2049,com,5-9,NYUP,Northeast Power Coordinating Council / Upstate New York,AEO2026 Low Oil and Gas Supply,1.2881912344142452,Commercial
2049,com,5-12,PJMC,PJM / Commonwealth Edison,AEO2026 Low Oil and Gas Supply,1.2212349255712436,Commercial
2049,com,5-13,PJMD,PJM / Dominion,AEO2026 Low Oil and Gas Supply,1.564905748455998,Commercial
2049,com,5-10,PJME,PJM / East,AEO2026 Low Oil and Gas Supply,1.392156877589884,Commercial
2049,com,5-11,PJMW,PJM / West,AEO2026 Low Oil and Gas Supply,1.2903511128003484,Commercial
2049,com,5-16,SRCE,SERC Reliability Corporation / Central,AEO2026 Low Oil and Gas Supply,1.2130684688952433,Commercial
2049,com,5-14,SRCA,SERC Reliability Corporation / East,AEO2026 Low Oil and Gas Supply,1.5649058273019314,Commercial
2049,com,5-15,SRSE,SERC Reliability Corporation / Southeastern,AEO2026 Low Oil and Gas Supply,1.4715745537274219,Commercial
2049,com,5-18,SPPC,Southwest Power Pool / Central,AEO2026 Low Oil and Gas Supply,1.2506650782966386,Commercial
2049,com,5-19,SPPN,Southwest Power Pool / North,AEO2026 Low Oil and Gas Supply,1.2710587060194856,Commercial
2049,com,5-17,SPPS,Southwest Power Pool / South,AEO2026 Low Oil and Gas Supply,1.6507199321408212,Commercial
2049,com,5-1,TRE,Texas Reliability Entity,AEO2026 Low Oil and Gas Supply,1.6255116761387767,Commercial
2049,com,5-25,BASN,Western Electricity Coordinating Council / Basin,AEO2026 Low Oil and Gas Supply,1.9696686449579983,Commercial
2049,com,5-21,CANO,Western Electricity Coordinating Council / California North,AEO2026 Low Oil and Gas Supply,1.5618090629286123,Commercial
2049,com,5-22,CASO,Western Electricity Coordinating Council / California South,AEO2026 Low Oil and Gas Supply,1.5618093644897462,Commercial
2049,com,5-24,RMRG,Western Electricity Coordinating Council / Rockies,AEO2026 Low Oil and Gas Supply,1.9251297658561013,Commercial
2049,com,5-20,SRSG,Western Electricity Coordinating Council / Southwest,AEO2026 Low Oil and Gas Supply,1.9218852332600453,Commercial
2049,ind,5-2,FRCC,Florida Reliability Coordinating Council,AEO2026 Low Oil and Gas Supply,1.1259134169331821,Industrial
2049,ind,5-23,NWPP,Western Electricity Coordinating Council / Northwest Power Pool Area,AEO2026 Low Oil and Gas Supply,1.3548218803976124,Industrial
2049,trans,5-6,MISS,Midcontinent / South,AEO2026 Low Oil and Gas Supply,2.1206433533773135,Transportation
2049,trans,5-3,MISW,Midcontinent / West,AEO2026 Low Oil and Gas Supply,1.0563388988774465,Transportation
2049,trans,5-8,NYCW,Northeast Power Coordinating Council / New York City and Long Island,AEO2026 Low Oil and Gas Supply,1.2089517503706648,Transportation
2049,trans,5-7,ISNE,Northeast Power Coordinating Council / New England,AEO2026 Low Oil and Gas Supply,1.4399349695414567,Transportation
2049,trans,5-9,NYUP,Northeast Power Coordinating Council / Upstate New York,AEO2026 Low Oil and Gas Supply,1.2089508946862517,Transportation
2049,trans,5-12,PJMC,PJM / Commonwealth Edison,AEO2026 Low Oil and Gas Supply,0.9278066910617063,Transportation
2049,trans,5-13,PJMD,PJM / Dominion,AEO2026 Low Oil and Gas Supply,1.3431477084360022,Transportation
2049,trans,5-10,PJME,PJM / East,AEO2026 Low Oil and Gas Supply,1.2142000133132227,Transportation
2049,trans,5-11,PJMW,PJM / West,AEO2026 Low Oil and Gas Supply,1.0896326732877701,Transportation
2049,trans,5-16,SRCE,SERC Reliability Corporation / Central,AEO2026 Low Oil and Gas Supply,1.2422897714666075,Transportation
2049,trans,5-5,MISE,Midcontinent / East,AEO2026 Low Oil and Gas Supply,0.9278089151428398,Transportation
2049,trans,5-14,SRCA,SERC Reliability Corporation / East,AEO2026 Low Oil and Gas Supply,1.3431431789507267,Transportation
2049,trans,5-18,SPPC,Southwest Power Pool / Central,AEO2026 Low Oil and Gas Supply,1.6620071285364224,Transportation
2049,trans,5-19,SPPN,Southwest Power Pool / North,AEO2026 Low Oil and Gas Supply,1.6803106080547514,Transportation
2049,trans,5-17,SPPS,Southwest Power Pool / South,AEO2026 Low Oil and Gas Supply,2.1140781635914574,Transportation
2049,trans,5-1,TRE,Texas Reliability Entity,AEO2026 Low Oil and Gas Supply,2.128467821808539,Transportation
2049,trans,5-25,BASN,Western Electricity Coordinating Council / Basin,AEO2026 Low Oil and Gas Supply,2.0480109340467605,Transportation
2049,trans,5-21,CANO,Western Electricity Coordinating Council / California North,AEO2026 Low Oil and Gas Supply,1.5641972119687035,Transportation
2049,com,5-6,MISS,Midcontinent / South,AEO2026 Low Oil and Gas Supply,1.5618189188200882,Commercial
2049,trans,5-22,CASO,Western Electricity Coordinating Council / California South,AEO2026 Low Oil and Gas Supply,1.5641984056687335,Transportation
2049,trans,5-24,RMRG,Western Electricity Coordinating Council / Rockies,AEO2026 Low Oil and Gas Supply,2.050684044903698,Transportation
2049,trans,5-15,SRSE,SERC Reliability Corporation / Southeastern,AEO2026 Low Oil and Gas Supply,1.3418681220486242,Transportation
2049,res,5-2,FRCC,Florida Reliability Coordinating Council,AEO2026 Low Oil and Gas Supply,1.1757614294661887,Residential
2049,trans,5-4,MISC,Midcontinent / Central,AEO2026 Low Oil and Gas Supply,0.962237796944849,Transportation
2049,res,5-23,NWPP,Western Electricity Coordinating Council / Northwest Power Pool Area,AEO2026 Low Oil and Gas Supply,1.2651127928243382,Residential
2049,res,5-5,MISE,Midcontinent / East,AEO2026 Low Oil and Gas Supply,1.2416943934571898,Residential
2049,res,5-6,MISS,Midcontinent / South,AEO2026 Low Oil and Gas Supply,1.1842205451125198,Residential
2049,res,5-3,MISW,Midcontinent / West,AEO2026 Low Oil and Gas Supply,1.1952152350011944,Residential
2049,res,5-8,NYCW,Northeast Power Coordinating Council / New York City and Long Island,AEO2026 Low Oil and Gas Supply,1.2295057377808216,Residential
2049,res,5-7,ISNE,Northeast Power Coordinating Council / New England,AEO2026 Low Oil and Gas Supply,1.202332319176542,Residential
2049,res,5-9,NYUP,Northeast Power Coordinating Council / Upstate New York,AEO2026 Low Oil and Gas Supply,1.2295056809406457,Residential
2049,res,5-12,PJMC,PJM / Commonwealth Edison,AEO2026 Low Oil and Gas Supply,1.241694900154586,Residential
2049,res,5-13,PJMD,PJM / Dominion,AEO2026 Low Oil and Gas Supply,1.1757614839404824,Residential
2049,res,5-10,PJME,PJM / East,AEO2026 Low Oil and Gas Supply,1.2124722741102578,Residential
2049,res,5-11,PJMW,PJM / West,AEO2026 Low Oil and Gas Supply,1.199287016069497,Residential
2049,trans,5-2,FRCC,Florida Reliability Coordinating Council,AEO2026 Low Oil and Gas Supply,1.3431445021268327,Transportation
2049,res,5-16,SRCE,SERC Reliability Corporation / Central,AEO2026 Low Oil and Gas Supply,0.9897938747075405,Residential
2049,res,5-15,SRSE,SERC Reliability Corporation / Southeastern,AEO2026 Low Oil and Gas Supply,1.1182363509665236,Residential
2049,res,5-18,SPPC,Southwest Power Pool / Central,AEO2026 Low Oil and Gas Supply,1.1688139613331079,Residential
2049,res,5-19,SPPN,Southwest Power Pool / North,AEO2026 Low Oil and Gas Supply,1.1742406795694689,Residential
2049,res,5-17,SPPS,Southwest Power Pool / South,AEO2026 Low Oil and Gas Supply,1.2356952457201797,Residential
2049,res,5-1,TRE,Texas Reliability Entity,AEO2026 Low Oil and Gas Supply,1.2254957013400072,Residential
2049,res,5-25,BASN,Western Electricity Coordinating Council / Basin,AEO2026 Low Oil and Gas Supply,1.5105619476485959,Residential
2049,res,5-21,CANO,Western Electricity Coordinating Council / California North,AEO2026 Low Oil and Gas Supply,1.227470707743252,Residential
2049,res,5-22,CASO,Western Electricity Coordinating Council / California South,AEO2026 Low Oil and Gas Supply,1.2274808182131336,Residential
2049,res,5-24,RMRG,Western Electricity Coordinating Council / Rockies,AEO2026 Low Oil and Gas Supply,1.4922965815982585,Residential
2049,res,5-20,SRSG,Western Electricity Coordinating Council / Southwest,AEO2026 Low Oil and Gas Supply,1.4863859083171977,Residential
2049,res,5-14,SRCA,SERC Reliability Corporation / East,AEO2026 Low Oil and Gas Supply,1.1757615086157334,Residential
2049,com,5-5,MISE,Midcontinent / East,AEO2026 Low Oil and Gas Supply,1.2212349318930713,Commercial
2049,com,5-2,FRCC,Florida Reliability Coordinating Council,AEO2026 Low Oil and Gas Supply,1.5649058810417837,Commercial
2049,com,5-4,MISC,Midcontinent / Central,AEO2026 Low Oil and Gas Supply,1.2308670542061397,Commercial
2049,trans,5-20,SRSG,Western Electricity Coordinating Council / Southwest,AEO2026 Low Oil and Gas Supply,1.9753542146364047,Transportation
2049,trans,5-23,NWPP,Western Electricity Coordinating Council / Northwest Power Pool Area,AEO2026 Low Oil and Gas Supply,1.5859001299113369,Transportation
2049,res,5-4,MISC,Midcontinent / Central,AEO2026 Low Oil and Gas Supply,1.2100435167013173,Residential
2050,com,5-8,NYCW,Northeast Power Coordinating Council / New York City and Long Island,AEO2026 Low Oil and Gas Supply,1.2889849865287952,Commercial
2050,com,5-7,ISNE,Northeast Power Coordinating Council / New England,AEO2026 Low Oil and Gas Supply,1.1752629086739066,Commercial
2050,com,5-9,NYUP,Northeast Power Coordinating Council / Upstate New York,AEO2026 Low Oil and Gas Supply,1.2889850592575927,Commercial
2050,com,5-12,PJMC,PJM / Commonwealth Edison,AEO2026 Low Oil and Gas Supply,1.223143828753893,Commercial
2050,com,5-13,PJMD,PJM / Dominion,AEO2026 Low Oil and Gas Supply,1.581776609891983,Commercial
2050,com,5-10,PJME,PJM / East,AEO2026 Low Oil and Gas Supply,1.3989909999641426,Commercial
2050,com,5-11,PJMW,PJM / West,AEO2026 Low Oil and Gas Supply,1.2950859963351937,Commercial
2050,com,5-16,SRCE,SERC Reliability Corporation / Central,AEO2026 Low Oil and Gas Supply,1.2191597340760543,Commercial
2050,com,5-3,MISW,Midcontinent / West,AEO2026 Low Oil and Gas Supply,1.2421395709650744,Commercial
2050,com,5-14,SRCA,SERC Reliability Corporation / East,AEO2026 Low Oil and Gas Supply,1.581776738637772,Commercial
2050,com,5-18,SPPC,Southwest Power Pool / Central,AEO2026 Low Oil and Gas Supply,1.2538514157550886,Commercial
2050,com,5-19,SPPN,Southwest Power Pool / North,AEO2026 Low Oil and Gas Supply,1.2751382060215555,Commercial
2050,com,5-17,SPPS,Southwest Power Pool / South,AEO2026 Low Oil and Gas Supply,1.668374854734022,Commercial
2050,com,5-1,TRE,Texas Reliability Entity,AEO2026 Low Oil and Gas Supply,1.6418351745452926,Commercial
2050,com,5-25,BASN,Western Electricity Coordinating Council / Basin,AEO2026 Low Oil and Gas Supply,2.0041516288032932,Commercial
2050,com,5-21,CANO,Western Electricity Coordinating Council / California North,AEO2026 Low Oil and Gas Supply,1.5713473585305848,Commercial
2050,com,5-22,CASO,Western Electricity Coordinating Council / California South,AEO2026 Low Oil and Gas Supply,1.5713474950094646,Commercial
2050,com,5-24,RMRG,Western Electricity Coordinating Council / Rockies,AEO2026 Low Oil and Gas Supply,1.9577197211989246,Commercial
2050,com,5-15,SRSE,SERC Reliability Corporation / Southeastern,AEO2026 Low Oil and Gas Supply,1.4855858729985274,Commercial
2050,com,5-6,MISS,Midcontinent / South,AEO2026 Low Oil and Gas Supply,1.5765581417397552,Commercial
2050,com,5-4,MISC,Midcontinent / Central,AEO2026 Low Oil and Gas Supply,1.233266879319511,Commercial
2050,com,5-5,MISE,Midcontinent / East,AEO2026 Low Oil and Gas Supply,1.2231437454351097,Commercial
2050,com,5-2,FRCC,Florida Reliability Coordinating Council,AEO2026 Low Oil and Gas Supply,1.5817765702874234,Commercial
2050,com,5-20,SRSG,Western Electricity Coordinating Council / Southwest,AEO2026 Low Oil and Gas Supply,1.9536548001551977,Commercial
2050,com,5-23,NWPP,Western Electricity Coordinating Council / Northwest Power Pool Area,AEO2026 Low Oil and Gas Supply,1.626770030589602,Commercial
2050,ind,5-4,MISC,Midcontinent / Central,AEO2026 Low Oil and Gas Supply,1.2066337861402083,Industrial
2050,ind,5-23,NWPP,Western Electricity Coordinating Council / Northwest Power Pool Area,AEO2026 Low Oil and Gas Supply,1.3803941264758468,Industrial
2050,res,5-2,FRCC,Florida Reliability Coordinating Council,AEO2026 Low Oil and Gas Supply,1.1803709908782336,Residential
2050,res,5-4,MISC,Midcontinent / Central,AEO2026 Low Oil and Gas Supply,1.2184006681762058,Residential
2050,res,5-5,MISE,Midcontinent / East,AEO2026 Low Oil and Gas Supply,1.2502093796023692,Residential
2050,res,5-6,MISS,Midcontinent / South,AEO2026 Low Oil and Gas Supply,1.1911240065716924,Residential
2050,res,5-3,MISW,Midcontinent / West,AEO2026 Low Oil and Gas Supply,1.2036729371793273,Residential
2050,res,5-8,NYCW,Northeast Power Coordinating Council / New York City and Long Island,AEO2026 Low Oil and Gas Supply,1.233887963431251,Residential
2050,res,5-7,ISNE,Northeast Power Coordinating Council / New England,AEO2026 Low Oil and Gas Supply,1.205226739401211,Residential
2050,ind,5-20,SRSG,Western Electricity Coordinating Council / Southwest,AEO2026 Low Oil and Gas Supply,1.3901690469586439,Industrial
2050,res,5-9,NYUP,Northeast Power Coordinating Council / Upstate New York,AEO2026 Low Oil and Gas Supply,1.2338879277638475,Residential
2050,res,5-13,PJMD,PJM / Dominion,AEO2026 Low Oil and Gas Supply,1.1803709841312588,Residential
2050,res,5-10,PJME,PJM / East,AEO2026 Low Oil and Gas Supply,1.2169265495027486,Residential
2050,res,5-11,PJMW,PJM / West,AEO2026 Low Oil and Gas Supply,1.205827279142988,Residential
2050,res,5-16,SRCE,SERC Reliability Corporation / Central,AEO2026 Low Oil and Gas Supply,0.9925111435431542,Residential
2050,res,5-14,SRCA,SERC Reliability Corporation / East,AEO2026 Low Oil and Gas Supply,1.1803709892744585,Residential
2050,res,5-15,SRSE,SERC Reliability Corporation / Southeastern,AEO2026 Low Oil and Gas Supply,1.1222604224641255,Residential
2050,res,5-18,SPPC,Southwest Power Pool / Central,AEO2026 Low Oil and Gas Supply,1.1772384401181941,Residential
2050,res,5-19,SPPN,Southwest Power Pool / North,AEO2026 Low Oil and Gas Supply,1.1827903741462735,Residential
2050,res,5-12,PJMC,PJM / Commonwealth Edison,AEO2026 Low Oil and Gas Supply,1.2502101082143955,Residential
2050,res,5-17,SPPS,Southwest Power Pool / South,AEO2026 Low Oil and Gas Supply,1.2437816772557826,Residential
2050,ind,5-24,RMRG,Western Electricity Coordinating Council / Rockies,AEO2026 Low Oil and Gas Supply,1.3905888073548454,Industrial
2050,ind,5-21,CANO,Western Electricity Coordinating Council / California North,AEO2026 Low Oil and Gas Supply,1.3755548803372808,Industrial
2050,ind,5-5,MISE,Midcontinent / East,AEO2026 Low Oil and Gas Supply,1.2214412735714077,Industrial
2050,ind,5-6,MISS,Midcontinent / South,AEO2026 Low Oil and Gas Supply,1.108814617285421,Industrial
2050,ind,5-3,MISW,Midcontinent / West,AEO2026 Low Oil and Gas Supply,1.1895366243668672,Industrial
2050,ind,5-8,NYCW,Northeast Power Coordinating Council / New York City and Long Island,AEO2026 Low Oil and Gas Supply,0.7551947603679477,Industrial
2050,ind,5-7,ISNE,Northeast Power Coordinating Council / New England,AEO2026 Low Oil and Gas Supply,0.744453243597404,Industrial
2050,ind,5-9,NYUP,Northeast Power Coordinating Council / Upstate New York,AEO2026 Low Oil and Gas Supply,0.7551941580842596,Industrial
2050,ind,5-12,PJMC,PJM / Commonwealth Edison,AEO2026 Low Oil and Gas Supply,1.2214414107966172,Industrial
2050,ind,5-13,PJMD,PJM / Dominion,AEO2026 Low Oil and Gas Supply,1.1333847473671463,Industrial
2050,ind,5-22,CASO,Western Electricity Coordinating Council / California South,AEO2026 Low Oil and Gas Supply,1.3755550974037354,Industrial
2050,ind,5-10,PJME,PJM / East,AEO2026 Low Oil and Gas Supply,0.7903823218316419,Industrial
2050,ind,5-16,SRCE,SERC Reliability Corporation / Central,AEO2026 Low Oil and Gas Supply,1.1428434679499349,Industrial
2050,ind,5-14,SRCA,SERC Reliability Corporation / East,AEO2026 Low Oil and Gas Supply,1.1333847936077293,Industrial
2050,ind,5-15,SRSE,SERC Reliability Corporation / Southeastern,AEO2026 Low Oil and Gas Supply,1.1377713330873689,Industrial
2050,ind,5-18,SPPC,Southwest Power Pool / Central,AEO2026 Low Oil and Gas Supply,1.173518505451579,Industrial
2050,ind,5-19,SPPN,Southwest Power Pool / North,AEO2026 Low Oil and Gas Supply,1.1767023931728882,Industrial
2050,ind,5-17,SPPS,Southwest Power Pool / South,AEO2026 Low Oil and Gas Supply,1.14627090905539,Industrial
2050,ind,5-1,TRE,Texas Reliability Entity,AEO2026 Low Oil and Gas Supply,1.1064528949995585,Industrial
2050,ind,5-25,BASN,Western Electricity Coordinating Council / Basin,AEO2026 Low Oil and Gas Supply,1.4114533476752806,Industrial
2050,ind,5-11,PJMW,PJM / West,AEO2026 Low Oil and Gas Supply,1.1317899140712855,Industrial
2050,ind,5-2,FRCC,Florida Reliability Coordinating Council,AEO2026 Low Oil and Gas Supply,1.1344758719169643,Industrial
2050,res,5-1,TRE,Texas Reliability Entity,AEO2026 Low Oil and Gas Supply,1.2332816017862904,Residential
2050,res,5-21,CANO,Western Electricity Coordinating Council / California North,AEO2026 Low Oil and Gas Supply,1.230644803322757,Residential
2050,trans,5-1,TRE,Texas Reliability Entity,AEO2026 Low Oil and Gas Supply,2.1746344476512,Transportation
2050,trans,5-25,BASN,Western Electricity Coordinating Council / Basin,AEO2026 Low Oil and Gas Supply,2.089246248691404,Transportation
2050,trans,5-21,CANO,Western Electricity Coordinating Council / California North,AEO2026 Low Oil and Gas Supply,1.5874280286302316,Transportation
2050,trans,5-22,CASO,Western Electricity Coordinating Council / California South,AEO2026 Low Oil and Gas Supply,1.5874295837023915,Transportation
2050,trans,5-24,RMRG,Western Electricity Coordinating Council / Rockies,AEO2026 Low Oil and Gas Supply,2.0918606467739416,Transportation
2050,trans,5-20,SRSG,Western Electricity Coordinating Council / Southwest,AEO2026 Low Oil and Gas Supply,2.0139127468537943,Transportation
2050,trans,5-23,NWPP,Western Electricity Coordinating Council / Northwest Power Pool Area,AEO2026 Low Oil and Gas Supply,1.6099367206068118,Transportation
2050,trans,5-17,SPPS,Southwest Power Pool / South,AEO2026 Low Oil and Gas Supply,2.159320063925614,Transportation
2050,res,5-25,BASN,Western Electricity Coordinating Council / Basin,AEO2026 Low Oil and Gas Supply,1.5267069227270749,Residential
2050,trans,5-19,SPPN,Southwest Power Pool / North,AEO2026 Low Oil and Gas Supply,1.7016978152145301,Transportation
2050,trans,5-15,SRSE,SERC Reliability Corporation / Southeastern,AEO2026 Low Oil and Gas Supply,1.3443220170054233,Transportation
2050,res,5-22,CASO,Western Electricity Coordinating Council / California South,AEO2026 Low Oil and Gas Supply,1.2306552942228581,Residential
2050,res,5-24,RMRG,Western Electricity Coordinating Council / Rockies,AEO2026 Low Oil and Gas Supply,1.5080822385613115,Residential
2050,res,5-20,SRSG,Western Electricity Coordinating Council / Southwest,AEO2026 Low Oil and Gas Supply,1.5016729816709473,Residential
2050,res,5-23,NWPP,Western Electricity Coordinating Council / Northwest Power Pool Area,AEO2026 Low Oil and Gas Supply,1.2700115663732234,Residential
2050,trans,5-2,FRCC,Florida Reliability Coordinating Council,AEO2026 Low Oil and Gas Supply,1.3455818059703384,Transportation
2050,trans,5-4,MISC,Midcontinent / Central,AEO2026 Low Oil and Gas Supply,0.9624256862390589,Transportation
2050,trans,5-5,MISE,Midcontinent / East,AEO2026 Low Oil and Gas Supply,0.927002479788714,Transportation
2050,trans,5-6,MISS,Midcontinent / South,AEO2026 Low Oil and Gas Supply,2.166472064919143,Transportation
2050,trans,5-18,SPPC,Southwest Power Pool / Central,AEO2026 Low Oil and Gas Supply,1.6823902873691245,Transportation
2050,trans,5-3,MISW,Midcontinent / West,AEO2026 Low Oil and Gas Supply,1.059234149532999,Transportation
2050,trans,5-7,ISNE,Northeast Power Coordinating Council / New England,AEO2026 Low Oil and Gas Supply,1.4482949092119952,Transportation
2050,trans,5-9,NYUP,Northeast Power Coordinating Council / Upstate New York,AEO2026 Low Oil and Gas Supply,1.21261886768893,Transportation
2050,trans,5-12,PJMC,PJM / Commonwealth Edison,AEO2026 Low Oil and Gas Supply,0.9269975831162662,Transportation
2050,trans,5-13,PJMD,PJM / Dominion,AEO2026 Low Oil and Gas Supply,1.3455759150575692,Transportation
2050,trans,5-10,PJME,PJM / East,AEO2026 Low Oil and Gas Supply,1.2178205604866794,Transportation
2050,trans,5-11,PJMW,PJM / West,AEO2026 Low Oil and Gas Supply,1.0911642640166057,Transportation
2050,trans,5-16,SRCE,SERC Reliability Corporation / Central,AEO2026 Low Oil and Gas Supply,1.2458398047481696,Transportation
2050,trans,5-14,SRCA,SERC Reliability Corporation / East,AEO2026 Low Oil and Gas Supply,1.3455795269424315,Transportation
2050,trans,5-8,NYCW,Northeast Power Coordinating Council / New York City and Long Island,AEO2026 Low Oil and Gas Supply,1.2126198688724696,Transportation
