year,sector_abbr,nerc_region_ID,nerc_region_abbr,nerc_region_desc,scenario,load_multiplier,sector
2014,trans,5-23,NWPP,Western Electricity Coordinating Council / Northwest Power Pool Area,AEO2026 High Economic Growth,1.0,Transportation
2014,trans,5-20,SRSG,Western Electricity Coordinating Council / Southwest,AEO2026 High Economic Growth,1.0,Transportation
2014,trans,5-24,RMRG,Western Electricity Coordinating Council / Rockies,AEO2026 High Economic Growth,1.0,Transportation
2014,trans,5-22,CASO,Western Electricity Coordinating Council / California South,AEO2026 High Economic Growth,1.0,Transportation
2014,trans,5-21,CANO,Western Electricity Coordinating Council / California North,AEO2026 High Economic Growth,1.0,Transportation
2014,res,5-15,SRSE,SERC Reliability Corporation / Southeastern,AEO2026 High Economic Growth,1.0,Residential
2014,res,5-18,SPPC,Southwest Power Pool / Central,AEO2026 High Economic Growth,1.0,Residential
2014,res,5-19,SPPN,Southwest Power Pool / North,AEO2026 High Economic Growth,1.0,Residential
2014,res,5-17,SPPS,Southwest Power Pool / South,AEO2026 High Economic Growth,1.0,Residential
2014,res,5-1,TRE,Texas Reliability Entity,AEO2026 High Economic Growth,1.0,Residential
2014,res,5-25,BASN,Western Electricity Coordinating Council / Basin,AEO2026 High Economic Growth,1.0,Residential
2014,res,5-21,CANO,Western Electricity Coordinating Council / California North,AEO2026 High Economic Growth,1.0,Residential
2014,res,5-22,CASO,Western Electricity Coordinating Council / California South,AEO2026 High Economic Growth,1.0,Residential
2014,res,5-24,RMRG,Western Electricity Coordinating Council / Rockies,AEO2026 High Economic Growth,1.0,Residential
2014,res,5-20,SRSG,Western Electricity Coordinating Council / Southwest,AEO2026 High Economic Growth,1.0,Residential
2014,res,5-23,NWPP,Western Electricity Coordinating Council / Northwest Power Pool Area,AEO2026 High Economic Growth,1.0,Residential
2014,trans,5-2,FRCC,Florida Reliability Coordinating Council,AEO2026 High Economic Growth,1.0,Transportation
2014,trans,5-4,MISC,Midcontinent / Central,AEO2026 High Economic Growth,1.0,Transportation
2014,trans,5-5,MISE,Midcontinent / East,AEO2026 High Economic Growth,1.0,Transportation
2014,trans,5-6,MISS,Midcontinent / South,AEO2026 High Economic Growth,1.0,Transportation
2014,trans,5-3,MISW,Midcontinent / West,AEO2026 High Economic Growth,1.0,Transportation
2014,trans,5-8,NYCW,Northeast Power Coordinating Council / New York City and Long Island,AEO2026 High Economic Growth,1.0,Transportation
2014,trans,5-25,BASN,Western Electricity Coordinating Council / Basin,AEO2026 High Economic Growth,1.0,Transportation
2014,trans,5-1,TRE,Texas Reliability Entity,AEO2026 High Economic Growth,1.0,Transportation
2014,trans,5-17,SPPS,Southwest Power Pool / South,AEO2026 High Economic Growth,1.0,Transportation
2014,trans,5-19,SPPN,Southwest Power Pool / North,AEO2026 High Economic Growth,1.0,Transportation
2014,trans,5-18,SPPC,Southwest Power Pool / Central,AEO2026 High Economic Growth,1.0,Transportation
2014,trans,5-15,SRSE,SERC Reliability Corporation / Southeastern,AEO2026 High Economic Growth,1.0,Transportation
2014,trans,5-14,SRCA,SERC Reliability Corporation / East,AEO2026 High Economic Growth,1.0,Transportation
2014,trans,5-11,PJMW,PJM / West,AEO2026 High Economic Growth,1.0,Transportation
2014,trans,5-10,PJME,PJM / East,AEO2026 High Economic Growth,1.0,Transportation
2014,trans,5-13,PJMD,PJM / Dominion,AEO2026 High Economic Growth,1.0,Transportation
2014,trans,5-12,PJMC,PJM / Commonwealth Edison,AEO2026 High Economic Growth,1.0,Transportation
2014,trans,5-9,NYUP,Northeast Power Coordinating Council / Upstate New York,AEO2026 High Economic Growth,1.0,Transportation
2014,trans,5-7,ISNE,Northeast Power Coordinating Council / New England,AEO2026 High Economic Growth,1.0,Transportation
2014,trans,5-16,SRCE,SERC Reliability Corporation / Central,AEO2026 High Economic Growth,1.0,Transportation
2014,res,5-14,SRCA,SERC Reliability Corporation / East,AEO2026 High Economic Growth,1.0,Residential
2014,res,5-16,SRCE,SERC Reliability Corporation / Central,AEO2026 High Economic Growth,1.0,Residential
2014,res,5-10,PJME,PJM / East,AEO2026 High Economic Growth,1.0,Residential
2014,res,5-11,PJMW,PJM / West,AEO2026 High Economic Growth,1.0,Residential
2014,ind,5-8,NYCW,Northeast Power Coordinating Council / New York City and Long Island,AEO2026 High Economic Growth,1.0,Industrial
2014,ind,5-7,ISNE,Northeast Power Coordinating Council / New England,AEO2026 High Economic Growth,1.0,Industrial
2014,ind,5-9,NYUP,Northeast Power Coordinating Council / Upstate New York,AEO2026 High Economic Growth,1.0,Industrial
2014,ind,5-12,PJMC,PJM / Commonwealth Edison,AEO2026 High Economic Growth,1.0,Industrial
2014,ind,5-13,PJMD,PJM / Dominion,AEO2026 High Economic Growth,1.0,Industrial
2014,ind,5-10,PJME,PJM / East,AEO2026 High Economic Growth,1.0,Industrial
2014,ind,5-11,PJMW,PJM / West,AEO2026 High Economic Growth,1.0,Industrial
2014,ind,5-16,SRCE,SERC Reliability Corporation / Central,AEO2026 High Economic Growth,1.0,Industrial
2014,ind,5-14,SRCA,SERC Reliability Corporation / East,AEO2026 High Economic Growth,1.0,Industrial
2014,ind,5-15,SRSE,SERC Reliability Corporation / Southeastern,AEO2026 High Economic Growth,1.0,Industrial
2014,ind,5-18,SPPC,Southwest Power Pool / Central,AEO2026 High Economic Growth,1.0,Industrial
2014,ind,5-19,SPPN,Southwest Power Pool / North,AEO2026 High Economic Growth,1.0,Industrial
2014,ind,5-17,SPPS,Southwest Power Pool / South,AEO2026 High Economic Growth,1.0,Industrial
2014,ind,5-1,TRE,Texas Reliability Entity,AEO2026 High Economic Growth,1.0,Industrial
2014,ind,5-3,MISW,Midcontinent / West,AEO2026 High Economic Growth,1.0,Industrial
2014,ind,5-25,BASN,Western Electricity Coordinating Council / Basin,AEO2026 High Economic Growth,1.0,Industrial
2014,ind,5-22,CASO,Western Electricity Coordinating Council / California South,AEO2026 High Economic Growth,1.0,Industrial
2014,ind,5-24,RMRG,Western Electricity Coordinating Council / Rockies,AEO2026 High Economic Growth,1.0,Industrial
2014,ind,5-20,SRSG,Western Electricity Coordinating Council / Southwest,AEO2026 High Economic Growth,1.0,Industrial
2014,ind,5-23,NWPP,Western Electricity Coordinating Council / Northwest Power Pool Area,AEO2026 High Economic Growth,1.0,Industrial
2014,res,5-2,FRCC,Florida Reliability Coordinating Council,AEO2026 High Economic Growth,1.0,Residential
2014,res,5-4,MISC,Midcontinent / Central,AEO2026 High Economic Growth,1.0,Residential
2014,res,5-5,MISE,Midcontinent / East,AEO2026 High Economic Growth,1.0,Residential
2014,res,5-6,MISS,Midcontinent / South,AEO2026 High Economic Growth,1.0,Residential
2014,res,5-3,MISW,Midcontinent / West,AEO2026 High Economic Growth,1.0,Residential
2014,res,5-8,NYCW,Northeast Power Coordinating Council / New York City and Long Island,AEO2026 High Economic Growth,1.0,Residential
2014,res,5-7,ISNE,Northeast Power Coordinating Council / New England,AEO2026 High Economic Growth,1.0,Residential
2014,res,5-9,NYUP,Northeast Power Coordinating Council / Upstate New York,AEO2026 High Economic Growth,1.0,Residential
2014,res,5-12,PJMC,PJM / Commonwealth Edison,AEO2026 High Economic Growth,1.0,Residential
2014,res,5-13,PJMD,PJM / Dominion,AEO2026 High Economic Growth,1.0,Residential
2014,ind,5-21,CANO,Western Electricity Coordinating Council / California North,AEO2026 High Economic Growth,1.0,Industrial
2014,ind,5-6,MISS,Midcontinent / South,AEO2026 High Economic Growth,1.0,Industrial
2014,ind,5-5,MISE,Midcontinent / East,AEO2026 High Economic Growth,1.0,Industrial
2014,ind,5-4,MISC,Midcontinent / Central,AEO2026 High Economic Growth,1.0,Industrial
2014,com,5-2,FRCC,Florida Reliability Coordinating Council,AEO2026 High Economic Growth,1.0,Commercial
2014,com,5-4,MISC,Midcontinent / Central,AEO2026 High Economic Growth,1.0,Commercial
2014,com,5-5,MISE,Midcontinent / East,AEO2026 High Economic Growth,1.0,Commercial
2014,com,5-6,MISS,Midcontinent / South,AEO2026 High Economic Growth,1.0,Commercial
2014,com,5-3,MISW,Midcontinent / West,AEO2026 High Economic Growth,1.0,Commercial
2014,com,5-8,NYCW,Northeast Power Coordinating Council / New York City and Long Island,AEO2026 High Economic Growth,1.0,Commercial
2014,com,5-7,ISNE,Northeast Power Coordinating Council / New England,AEO2026 High Economic Growth,1.0,Commercial
2014,com,5-9,NYUP,Northeast Power Coordinating Council / Upstate New York,AEO2026 High Economic Growth,1.0,Commercial
2014,com,5-12,PJMC,PJM / Commonwealth Edison,AEO2026 High Economic Growth,1.0,Commercial
2014,com,5-13,PJMD,PJM / Dominion,AEO2026 High Economic Growth,1.0,Commercial
2014,com,5-10,PJME,PJM / East,AEO2026 High Economic Growth,1.0,Commercial
2014,com,5-11,PJMW,PJM / West,AEO2026 High Economic Growth,1.0,Commercial
2014,ind,5-2,FRCC,Florida Reliability Coordinating Council,AEO2026 High Economic Growth,1.0,Industrial
2014,com,5-23,NWPP,Western Electricity Coordinating Council / Northwest Power Pool Area,AEO2026 High Economic Growth,1.0,Commercial
2014,com,5-20,SRSG,Western Electricity Coordinating Council / Southwest,AEO2026 High Economic Growth,1.0,Commercial
2014,com,5-24,RMRG,Western Electricity Coordinating Council / Rockies,AEO2026 High Economic Growth,1.0,Commercial
2014,com,5-22,CASO,Western Electricity Coordinating Council / California South,AEO2026 High Economic Growth,1.0,Commercial
2014,com,5-21,CANO,Western Electricity Coordinating Council / California North,AEO2026 High Economic Growth,1.0,Commercial
2014,com,5-25,BASN,Western Electricity Coordinating Council / Basin,AEO2026 High Economic Growth,1.0,Commercial
2014,com,5-17,SPPS,Southwest Power Pool / South,AEO2026 High Economic Growth,1.0,Commercial
2014,com,5-19,SPPN,Southwest Power Pool / North,AEO2026 High Economic Growth,1.0,Commercial
2014,com,5-18,SPPC,Southwest Power Pool / Central,AEO2026 High Economic Growth,1.0,Commercial
2014,com,5-15,SRSE,SERC Reliability Corporation / Southeastern,AEO2026 High Economic Growth,1.0,Commercial
2014,com,5-14,SRCA,SERC Reliability Corporation / East,AEO2026 High Economic Growth,1.0,Commercial
2014,com,5-16,SRCE,SERC Reliability Corporation / Central,AEO2026 High Economic Growth,1.0,Commercial
2014,com,5-1,TRE,Texas Reliability Entity,AEO2026 High Economic Growth,1.0,Commercial
2015,res,5-16,SRCE,SERC Reliability Corporation / Central,AEO2026 High Economic Growth,1.0,Residential
2015,trans,5-23,NWPP,Western Electricity Coordinating Council / Northwest Power Pool Area,AEO2026 High Economic Growth,1.0,Transportation
2015,trans,5-24,RMRG,Western Electricity Coordinating Council / Rockies,AEO2026 High Economic Growth,1.0,Transportation
2015,res,5-17,SPPS,Southwest Power Pool / South,AEO2026 High Economic Growth,1.0,Residential
2015,res,5-1,TRE,Texas Reliability Entity,AEO2026 High Economic Growth,1.0,Residential
2015,res,5-25,BASN,Western Electricity Coordinating Council / Basin,AEO2026 High Economic Growth,1.0,Residential
2015,res,5-21,CANO,Western Electricity Coordinating Council / California North,AEO2026 High Economic Growth,1.0,Residential
2015,res,5-22,CASO,Western Electricity Coordinating Council / California South,AEO2026 High Economic Growth,1.0,Residential
2015,res,5-24,RMRG,Western Electricity Coordinating Council / Rockies,AEO2026 High Economic Growth,1.0,Residential
2015,res,5-20,SRSG,Western Electricity Coordinating Council / Southwest,AEO2026 High Economic Growth,1.0,Residential
2015,res,5-23,NWPP,Western Electricity Coordinating Council / Northwest Power Pool Area,AEO2026 High Economic Growth,1.0,Residential
2015,trans,5-2,FRCC,Florida Reliability Coordinating Council,AEO2026 High Economic Growth,1.0,Transportation
2015,trans,5-4,MISC,Midcontinent / Central,AEO2026 High Economic Growth,1.0,Transportation
2015,trans,5-5,MISE,Midcontinent / East,AEO2026 High Economic Growth,1.0,Transportation
2015,trans,5-6,MISS,Midcontinent / South,AEO2026 High Economic Growth,1.0,Transportation
2015,trans,5-3,MISW,Midcontinent / West,AEO2026 High Economic Growth,1.0,Transportation
2015,trans,5-8,NYCW,Northeast Power Coordinating Council / New York City and Long Island,AEO2026 High Economic Growth,1.0,Transportation
2015,trans,5-20,SRSG,Western Electricity Coordinating Council / Southwest,AEO2026 High Economic Growth,1.0,Transportation
2015,trans,5-7,ISNE,Northeast Power Coordinating Council / New England,AEO2026 High Economic Growth,1.0,Transportation
2015,trans,5-12,PJMC,PJM / Commonwealth Edison,AEO2026 High Economic Growth,1.0,Transportation
2015,trans,5-13,PJMD,PJM / Dominion,AEO2026 High Economic Growth,1.0,Transportation
2015,trans,5-10,PJME,PJM / East,AEO2026 High Economic Growth,1.0,Transportation
2015,trans,5-11,PJMW,PJM / West,AEO2026 High Economic Growth,1.0,Transportation
2015,trans,5-16,SRCE,SERC Reliability Corporation / Central,AEO2026 High Economic Growth,1.0,Transportation
2015,trans,5-14,SRCA,SERC Reliability Corporation / East,AEO2026 High Economic Growth,1.0,Transportation
2015,trans,5-15,SRSE,SERC Reliability Corporation / Southeastern,AEO2026 High Economic Growth,1.0,Transportation
2015,trans,5-18,SPPC,Southwest Power Pool / Central,AEO2026 High Economic Growth,1.0,Transportation
2015,trans,5-19,SPPN,Southwest Power Pool / North,AEO2026 High Economic Growth,1.0,Transportation
2015,trans,5-17,SPPS,Southwest Power Pool / South,AEO2026 High Economic Growth,1.0,Transportation
2015,trans,5-1,TRE,Texas Reliability Entity,AEO2026 High Economic Growth,1.0,Transportation
2015,trans,5-25,BASN,Western Electricity Coordinating Council / Basin,AEO2026 High Economic Growth,1.0,Transportation
2015,trans,5-21,CANO,Western Electricity Coordinating Council / California North,AEO2026 High Economic Growth,1.0,Transportation
2015,trans,5-22,CASO,Western Electricity Coordinating Council / California South,AEO2026 High Economic Growth,1.0,Transportation
2015,trans,5-9,NYUP,Northeast Power Coordinating Council / Upstate New York,AEO2026 High Economic Growth,1.0,Transportation
2015,res,5-19,SPPN,Southwest Power Pool / North,AEO2026 High Economic Growth,1.0,Residential
2015,res,5-18,SPPC,Southwest Power Pool / Central,AEO2026 High Economic Growth,1.0,Residential
2015,res,5-15,SRSE,SERC Reliability Corporation / Southeastern,AEO2026 High Economic Growth,1.0,Residential
2015,res,5-14,SRCA,SERC Reliability Corporation / East,AEO2026 High Economic Growth,1.0,Residential
2015,ind,5-9,NYUP,Northeast Power Coordinating Council / Upstate New York,AEO2026 High Economic Growth,1.0,Industrial
2015,ind,5-12,PJMC,PJM / Commonwealth Edison,AEO2026 High Economic Growth,1.0,Industrial
2015,ind,5-13,PJMD,PJM / Dominion,AEO2026 High Economic Growth,1.0,Industrial
2015,ind,5-10,PJME,PJM / East,AEO2026 High Economic Growth,1.0,Industrial
2015,ind,5-11,PJMW,PJM / West,AEO2026 High Economic Growth,1.0,Industrial
2015,ind,5-16,SRCE,SERC Reliability Corporation / Central,AEO2026 High Economic Growth,1.0,Industrial
2015,ind,5-14,SRCA,SERC Reliability Corporation / East,AEO2026 High Economic Growth,1.0,Industrial
2015,ind,5-15,SRSE,SERC Reliability Corporation / Southeastern,AEO2026 High Economic Growth,1.0,Industrial
2015,ind,5-18,SPPC,Southwest Power Pool / Central,AEO2026 High Economic Growth,1.0,Industrial
2015,ind,5-19,SPPN,Southwest Power Pool / North,AEO2026 High Economic Growth,1.0,Industrial
2015,ind,5-17,SPPS,Southwest Power Pool / South,AEO2026 High Economic Growth,1.0,Industrial
2015,ind,5-1,TRE,Texas Reliability Entity,AEO2026 High Economic Growth,1.0,Industrial
2015,ind,5-25,BASN,Western Electricity Coordinating Council / Basin,AEO2026 High Economic Growth,1.0,Industrial
2015,ind,5-21,CANO,Western Electricity Coordinating Council / California North,AEO2026 High Economic Growth,1.0,Industrial
2015,ind,5-7,ISNE,Northeast Power Coordinating Council / New England,AEO2026 High Economic Growth,1.0,Industrial
2015,ind,5-22,CASO,Western Electricity Coordinating Council / California South,AEO2026 High Economic Growth,1.0,Industrial
2015,ind,5-20,SRSG,Western Electricity Coordinating Council / Southwest,AEO2026 High Economic Growth,1.0,Industrial
2015,ind,5-23,NWPP,Western Electricity Coordinating Council / Northwest Power Pool Area,AEO2026 High Economic Growth,1.0,Industrial
2015,res,5-2,FRCC,Florida Reliability Coordinating Council,AEO2026 High Economic Growth,1.0,Residential
2015,res,5-4,MISC,Midcontinent / Central,AEO2026 High Economic Growth,1.0,Residential
2015,res,5-5,MISE,Midcontinent / East,AEO2026 High Economic Growth,1.0,Residential
2015,res,5-6,MISS,Midcontinent / South,AEO2026 High Economic Growth,1.0,Residential
2015,res,5-3,MISW,Midcontinent / West,AEO2026 High Economic Growth,1.0,Residential
2015,res,5-8,NYCW,Northeast Power Coordinating Council / New York City and Long Island,AEO2026 High Economic Growth,1.0,Residential
2015,res,5-7,ISNE,Northeast Power Coordinating Council / New England,AEO2026 High Economic Growth,1.0,Residential
2015,res,5-9,NYUP,Northeast Power Coordinating Council / Upstate New York,AEO2026 High Economic Growth,1.0,Residential
2015,res,5-12,PJMC,PJM / Commonwealth Edison,AEO2026 High Economic Growth,1.0,Residential
2015,res,5-13,PJMD,PJM / Dominion,AEO2026 High Economic Growth,1.0,Residential
2015,res,5-10,PJME,PJM / East,AEO2026 High Economic Growth,1.0,Residential
2015,res,5-11,PJMW,PJM / West,AEO2026 High Economic Growth,1.0,Residential
2015,ind,5-24,RMRG,Western Electricity Coordinating Council / Rockies,AEO2026 High Economic Growth,1.0,Industrial
2015,ind,5-8,NYCW,Northeast Power Coordinating Council / New York City and Long Island,AEO2026 High Economic Growth,1.0,Industrial
2015,ind,5-3,MISW,Midcontinent / West,AEO2026 High Economic Growth,1.0,Industrial
2015,ind,5-6,MISS,Midcontinent / South,AEO2026 High Economic Growth,1.0,Industrial
2015,com,5-2,FRCC,Florida Reliability Coordinating Council,AEO2026 High Economic Growth,1.0,Commercial
2015,com,5-4,MISC,Midcontinent / Central,AEO2026 High Economic Growth,1.0,Commercial
2015,com,5-5,MISE,Midcontinent / East,AEO2026 High Economic Growth,1.0,Commercial
2015,com,5-6,MISS,Midcontinent / South,AEO2026 High Economic Growth,1.0,Commercial
2015,com,5-3,MISW,Midcontinent / West,AEO2026 High Economic Growth,1.0,Commercial
2015,com,5-8,NYCW,Northeast Power Coordinating Council / New York City and Long Island,AEO2026 High Economic Growth,1.0,Commercial
2015,com,5-7,ISNE,Northeast Power Coordinating Council / New England,AEO2026 High Economic Growth,1.0,Commercial
2015,com,5-9,NYUP,Northeast Power Coordinating Council / Upstate New York,AEO2026 High Economic Growth,1.0,Commercial
2015,com,5-12,PJMC,PJM / Commonwealth Edison,AEO2026 High Economic Growth,1.0,Commercial
2015,com,5-13,PJMD,PJM / Dominion,AEO2026 High Economic Growth,1.0,Commercial
2015,com,5-10,PJME,PJM / East,AEO2026 High Economic Growth,1.0,Commercial
2015,com,5-11,PJMW,PJM / West,AEO2026 High Economic Growth,1.0,Commercial
2015,com,5-16,SRCE,SERC Reliability Corporation / Central,AEO2026 High Economic Growth,1.0,Commercial
2015,com,5-14,SRCA,SERC Reliability Corporation / East,AEO2026 High Economic Growth,1.0,Commercial
2015,ind,5-5,MISE,Midcontinent / East,AEO2026 High Economic Growth,1.0,Industrial
2015,ind,5-4,MISC,Midcontinent / Central,AEO2026 High Economic Growth,1.0,Industrial
2015,ind,5-2,FRCC,Florida Reliability Coordinating Council,AEO2026 High Economic Growth,1.0,Industrial
2015,com,5-23,NWPP,Western Electricity Coordinating Council / Northwest Power Pool Area,AEO2026 High Economic Growth,1.0,Commercial
2015,com,5-20,SRSG,Western Electricity Coordinating Council / Southwest,AEO2026 High Economic Growth,1.0,Commercial
2015,com,5-24,RMRG,Western Electricity Coordinating Council / Rockies,AEO2026 High Economic Growth,1.0,Commercial
2015,com,5-22,CASO,Western Electricity Coordinating Council / California South,AEO2026 High Economic Growth,1.0,Commercial
2015,com,5-25,BASN,Western Electricity Coordinating Council / Basin,AEO2026 High Economic Growth,1.0,Commercial
2015,com,5-1,TRE,Texas Reliability Entity,AEO2026 High Economic Growth,1.0,Commercial
2015,com,5-17,SPPS,Southwest Power Pool / South,AEO2026 High Economic Growth,1.0,Commercial
2015,com,5-19,SPPN,Southwest Power Pool / North,AEO2026 High Economic Growth,1.0,Commercial
2015,com,5-18,SPPC,Southwest Power Pool / Central,AEO2026 High Economic Growth,1.0,Commercial
2015,com,5-15,SRSE,SERC Reliability Corporation / Southeastern,AEO2026 High Economic Growth,1.0,Commercial
2015,com,5-21,CANO,Western Electricity Coordinating Council / California North,AEO2026 High Economic Growth,1.0,Commercial
2016,res,5-14,SRCA,SERC Reliability Corporation / East,AEO2026 High Economic Growth,1.0,Residential
2016,trans,5-23,NWPP,Western Electricity Coordinating Council / Northwest Power Pool Area,AEO2026 High Economic Growth,1.0,Transportation
2016,trans,5-24,RMRG,Western Electricity Coordinating Council / Rockies,AEO2026 High Economic Growth,1.0,Transportation
2016,res,5-17,SPPS,Southwest Power Pool / South,AEO2026 High Economic Growth,1.0,Residential
2016,res,5-1,TRE,Texas Reliability Entity,AEO2026 High Economic Growth,1.0,Residential
2016,res,5-25,BASN,Western Electricity Coordinating Council / Basin,AEO2026 High Economic Growth,1.0,Residential
2016,res,5-21,CANO,Western Electricity Coordinating Council / California North,AEO2026 High Economic Growth,1.0,Residential
2016,res,5-22,CASO,Western Electricity Coordinating Council / California South,AEO2026 High Economic Growth,1.0,Residential
2016,res,5-24,RMRG,Western Electricity Coordinating Council / Rockies,AEO2026 High Economic Growth,1.0,Residential
2016,res,5-20,SRSG,Western Electricity Coordinating Council / Southwest,AEO2026 High Economic Growth,1.0,Residential
2016,res,5-23,NWPP,Western Electricity Coordinating Council / Northwest Power Pool Area,AEO2026 High Economic Growth,1.0,Residential
2016,trans,5-2,FRCC,Florida Reliability Coordinating Council,AEO2026 High Economic Growth,1.0,Transportation
2016,trans,5-4,MISC,Midcontinent / Central,AEO2026 High Economic Growth,1.0,Transportation
2016,trans,5-5,MISE,Midcontinent / East,AEO2026 High Economic Growth,1.0,Transportation
2016,trans,5-6,MISS,Midcontinent / South,AEO2026 High Economic Growth,1.0,Transportation
2016,trans,5-3,MISW,Midcontinent / West,AEO2026 High Economic Growth,1.0,Transportation
2016,trans,5-8,NYCW,Northeast Power Coordinating Council / New York City and Long Island,AEO2026 High Economic Growth,1.0,Transportation
2016,trans,5-20,SRSG,Western Electricity Coordinating Council / Southwest,AEO2026 High Economic Growth,1.0,Transportation
2016,trans,5-7,ISNE,Northeast Power Coordinating Council / New England,AEO2026 High Economic Growth,1.0,Transportation
2016,trans,5-12,PJMC,PJM / Commonwealth Edison,AEO2026 High Economic Growth,1.0,Transportation
2016,trans,5-13,PJMD,PJM / Dominion,AEO2026 High Economic Growth,1.0,Transportation
2016,trans,5-10,PJME,PJM / East,AEO2026 High Economic Growth,1.0,Transportation
2016,trans,5-11,PJMW,PJM / West,AEO2026 High Economic Growth,1.0,Transportation
2016,trans,5-16,SRCE,SERC Reliability Corporation / Central,AEO2026 High Economic Growth,1.0,Transportation
2016,trans,5-14,SRCA,SERC Reliability Corporation / East,AEO2026 High Economic Growth,1.0,Transportation
2016,trans,5-15,SRSE,SERC Reliability Corporation / Southeastern,AEO2026 High Economic Growth,1.0,Transportation
2016,trans,5-18,SPPC,Southwest Power Pool / Central,AEO2026 High Economic Growth,1.0,Transportation
2016,trans,5-19,SPPN,Southwest Power Pool / North,AEO2026 High Economic Growth,1.0,Transportation
2016,trans,5-17,SPPS,Southwest Power Pool / South,AEO2026 High Economic Growth,1.0,Transportation
2016,trans,5-1,TRE,Texas Reliability Entity,AEO2026 High Economic Growth,1.0,Transportation
2016,trans,5-25,BASN,Western Electricity Coordinating Council / Basin,AEO2026 High Economic Growth,1.0,Transportation
2016,trans,5-21,CANO,Western Electricity Coordinating Council / California North,AEO2026 High Economic Growth,1.0,Transportation
2016,trans,5-22,CASO,Western Electricity Coordinating Council / California South,AEO2026 High Economic Growth,1.0,Transportation
2016,trans,5-9,NYUP,Northeast Power Coordinating Council / Upstate New York,AEO2026 High Economic Growth,1.0,Transportation
2016,res,5-19,SPPN,Southwest Power Pool / North,AEO2026 High Economic Growth,1.0,Residential
2016,res,5-18,SPPC,Southwest Power Pool / Central,AEO2026 High Economic Growth,1.0,Residential
2016,res,5-15,SRSE,SERC Reliability Corporation / Southeastern,AEO2026 High Economic Growth,1.0,Residential
2016,res,5-16,SRCE,SERC Reliability Corporation / Central,AEO2026 High Economic Growth,1.0,Residential
2016,ind,5-9,NYUP,Northeast Power Coordinating Council / Upstate New York,AEO2026 High Economic Growth,1.0,Industrial
2016,ind,5-12,PJMC,PJM / Commonwealth Edison,AEO2026 High Economic Growth,1.0,Industrial
2016,ind,5-13,PJMD,PJM / Dominion,AEO2026 High Economic Growth,1.0,Industrial
2016,ind,5-10,PJME,PJM / East,AEO2026 High Economic Growth,1.0,Industrial
2016,ind,5-11,PJMW,PJM / West,AEO2026 High Economic Growth,1.0,Industrial
2016,ind,5-16,SRCE,SERC Reliability Corporation / Central,AEO2026 High Economic Growth,1.0,Industrial
2016,ind,5-14,SRCA,SERC Reliability Corporation / East,AEO2026 High Economic Growth,1.0,Industrial
2016,ind,5-15,SRSE,SERC Reliability Corporation / Southeastern,AEO2026 High Economic Growth,1.0,Industrial
2016,ind,5-18,SPPC,Southwest Power Pool / Central,AEO2026 High Economic Growth,1.0,Industrial
2016,ind,5-19,SPPN,Southwest Power Pool / North,AEO2026 High Economic Growth,1.0,Industrial
2016,ind,5-17,SPPS,Southwest Power Pool / South,AEO2026 High Economic Growth,1.0,Industrial
2016,ind,5-1,TRE,Texas Reliability Entity,AEO2026 High Economic Growth,1.0,Industrial
2016,ind,5-25,BASN,Western Electricity Coordinating Council / Basin,AEO2026 High Economic Growth,1.0,Industrial
2016,ind,5-21,CANO,Western Electricity Coordinating Council / California North,AEO2026 High Economic Growth,1.0,Industrial
2016,ind,5-7,ISNE,Northeast Power Coordinating Council / New England,AEO2026 High Economic Growth,1.0,Industrial
2016,ind,5-22,CASO,Western Electricity Coordinating Council / California South,AEO2026 High Economic Growth,1.0,Industrial
2016,ind,5-20,SRSG,Western Electricity Coordinating Council / Southwest,AEO2026 High Economic Growth,1.0,Industrial
2016,ind,5-23,NWPP,Western Electricity Coordinating Council / Northwest Power Pool Area,AEO2026 High Economic Growth,1.0,Industrial
2016,res,5-2,FRCC,Florida Reliability Coordinating Council,AEO2026 High Economic Growth,1.0,Residential
2016,res,5-4,MISC,Midcontinent / Central,AEO2026 High Economic Growth,1.0,Residential
2016,res,5-5,MISE,Midcontinent / East,AEO2026 High Economic Growth,1.0,Residential
2016,res,5-6,MISS,Midcontinent / South,AEO2026 High Economic Growth,1.0,Residential
2016,res,5-3,MISW,Midcontinent / West,AEO2026 High Economic Growth,1.0,Residential
2016,res,5-8,NYCW,Northeast Power Coordinating Council / New York City and Long Island,AEO2026 High Economic Growth,1.0,Residential
2016,res,5-7,ISNE,Northeast Power Coordinating Council / New England,AEO2026 High Economic Growth,1.0,Residential
2016,res,5-9,NYUP,Northeast Power Coordinating Council / Upstate New York,AEO2026 High Economic Growth,1.0,Residential
2016,res,5-12,PJMC,PJM / Commonwealth Edison,AEO2026 High Economic Growth,1.0,Residential
2016,res,5-13,PJMD,PJM / Dominion,AEO2026 High Economic Growth,1.0,Residential
2016,res,5-10,PJME,PJM / East,AEO2026 High Economic Growth,1.0,Residential
2016,res,5-11,PJMW,PJM / West,AEO2026 High Economic Growth,1.0,Residential
2016,ind,5-24,RMRG,Western Electricity Coordinating Council / Rockies,AEO2026 High Economic Growth,1.0,Industrial
2016,ind,5-8,NYCW,Northeast Power Coordinating Council / New York City and Long Island,AEO2026 High Economic Growth,1.0,Industrial
2016,ind,5-3,MISW,Midcontinent / West,AEO2026 High Economic Growth,1.0,Industrial
2016,ind,5-6,MISS,Midcontinent / South,AEO2026 High Economic Growth,1.0,Industrial
2016,com,5-2,FRCC,Florida Reliability Coordinating Council,AEO2026 High Economic Growth,1.0,Commercial
2016,com,5-4,MISC,Midcontinent / Central,AEO2026 High Economic Growth,1.0,Commercial
2016,com,5-5,MISE,Midcontinent / East,AEO2026 High Economic Growth,1.0,Commercial
2016,com,5-6,MISS,Midcontinent / South,AEO2026 High Economic Growth,1.0,Commercial
2016,com,5-3,MISW,Midcontinent / West,AEO2026 High Economic Growth,1.0,Commercial
2016,com,5-8,NYCW,Northeast Power Coordinating Council / New York City and Long Island,AEO2026 High Economic Growth,1.0,Commercial
2016,com,5-7,ISNE,Northeast Power Coordinating Council / New England,AEO2026 High Economic Growth,1.0,Commercial
2016,com,5-9,NYUP,Northeast Power Coordinating Council / Upstate New York,AEO2026 High Economic Growth,1.0,Commercial
2016,com,5-12,PJMC,PJM / Commonwealth Edison,AEO2026 High Economic Growth,1.0,Commercial
2016,com,5-13,PJMD,PJM / Dominion,AEO2026 High Economic Growth,1.0,Commercial
2016,com,5-10,PJME,PJM / East,AEO2026 High Economic Growth,1.0,Commercial
2016,com,5-11,PJMW,PJM / West,AEO2026 High Economic Growth,1.0,Commercial
2016,com,5-16,SRCE,SERC Reliability Corporation / Central,AEO2026 High Economic Growth,1.0,Commercial
2016,com,5-14,SRCA,SERC Reliability Corporation / East,AEO2026 High Economic Growth,1.0,Commercial
2016,ind,5-5,MISE,Midcontinent / East,AEO2026 High Economic Growth,1.0,Industrial
2016,ind,5-4,MISC,Midcontinent / Central,AEO2026 High Economic Growth,1.0,Industrial
2016,ind,5-2,FRCC,Florida Reliability Coordinating Council,AEO2026 High Economic Growth,1.0,Industrial
2016,com,5-23,NWPP,Western Electricity Coordinating Council / Northwest Power Pool Area,AEO2026 High Economic Growth,1.0,Commercial
2016,com,5-20,SRSG,Western Electricity Coordinating Council / Southwest,AEO2026 High Economic Growth,1.0,Commercial
2016,com,5-24,RMRG,Western Electricity Coordinating Council / Rockies,AEO2026 High Economic Growth,1.0,Commercial
2016,com,5-22,CASO,Western Electricity Coordinating Council / California South,AEO2026 High Economic Growth,1.0,Commercial
2016,com,5-25,BASN,Western Electricity Coordinating Council / Basin,AEO2026 High Economic Growth,1.0,Commercial
2016,com,5-1,TRE,Texas Reliability Entity,AEO2026 High Economic Growth,1.0,Commercial
2016,com,5-17,SPPS,Southwest Power Pool / South,AEO2026 High Economic Growth,1.0,Commercial
2016,com,5-19,SPPN,Southwest Power Pool / North,AEO2026 High Economic Growth,1.0,Commercial
2016,com,5-18,SPPC,Southwest Power Pool / Central,AEO2026 High Economic Growth,1.0,Commercial
2016,com,5-15,SRSE,SERC Reliability Corporation / Southeastern,AEO2026 High Economic Growth,1.0,Commercial
2016,com,5-21,CANO,Western Electricity Coordinating Council / California North,AEO2026 High Economic Growth,1.0,Commercial
2017,res,5-14,SRCA,SERC Reliability Corporation / East,AEO2026 High Economic Growth,1.0,Residential
2017,trans,5-23,NWPP,Western Electricity Coordinating Council / Northwest Power Pool Area,AEO2026 High Economic Growth,1.0,Transportation
2017,trans,5-20,SRSG,Western Electricity Coordinating Council / Southwest,AEO2026 High Economic Growth,1.0,Transportation
2017,res,5-17,SPPS,Southwest Power Pool / South,AEO2026 High Economic Growth,1.0,Residential
2017,res,5-1,TRE,Texas Reliability Entity,AEO2026 High Economic Growth,1.0,Residential
2017,res,5-25,BASN,Western Electricity Coordinating Council / Basin,AEO2026 High Economic Growth,1.0,Residential
2017,res,5-21,CANO,Western Electricity Coordinating Council / California North,AEO2026 High Economic Growth,1.0,Residential
2017,res,5-22,CASO,Western Electricity Coordinating Council / California South,AEO2026 High Economic Growth,1.0,Residential
2017,res,5-24,RMRG,Western Electricity Coordinating Council / Rockies,AEO2026 High Economic Growth,1.0,Residential
2017,res,5-20,SRSG,Western Electricity Coordinating Council / Southwest,AEO2026 High Economic Growth,1.0,Residential
2017,res,5-23,NWPP,Western Electricity Coordinating Council / Northwest Power Pool Area,AEO2026 High Economic Growth,1.0,Residential
2017,trans,5-2,FRCC,Florida Reliability Coordinating Council,AEO2026 High Economic Growth,1.0,Transportation
2017,trans,5-4,MISC,Midcontinent / Central,AEO2026 High Economic Growth,1.0,Transportation
2017,trans,5-5,MISE,Midcontinent / East,AEO2026 High Economic Growth,1.0,Transportation
2017,trans,5-6,MISS,Midcontinent / South,AEO2026 High Economic Growth,1.0,Transportation
2017,trans,5-3,MISW,Midcontinent / West,AEO2026 High Economic Growth,1.0,Transportation
2017,trans,5-8,NYCW,Northeast Power Coordinating Council / New York City and Long Island,AEO2026 High Economic Growth,1.0,Transportation
2017,trans,5-7,ISNE,Northeast Power Coordinating Council / New England,AEO2026 High Economic Growth,1.0,Transportation
2017,trans,5-9,NYUP,Northeast Power Coordinating Council / Upstate New York,AEO2026 High Economic Growth,1.0,Transportation
2017,trans,5-12,PJMC,PJM / Commonwealth Edison,AEO2026 High Economic Growth,1.0,Transportation
2017,trans,5-24,RMRG,Western Electricity Coordinating Council / Rockies,AEO2026 High Economic Growth,1.0,Transportation
2017,trans,5-22,CASO,Western Electricity Coordinating Council / California South,AEO2026 High Economic Growth,1.0,Transportation
2017,trans,5-21,CANO,Western Electricity Coordinating Council / California North,AEO2026 High Economic Growth,1.0,Transportation
2017,trans,5-25,BASN,Western Electricity Coordinating Council / Basin,AEO2026 High Economic Growth,1.0,Transportation
2017,trans,5-1,TRE,Texas Reliability Entity,AEO2026 High Economic Growth,1.0,Transportation
2017,trans,5-17,SPPS,Southwest Power Pool / South,AEO2026 High Economic Growth,1.0,Transportation
2017,trans,5-19,SPPN,Southwest Power Pool / North,AEO2026 High Economic Growth,1.0,Transportation
2017,trans,5-15,SRSE,SERC Reliability Corporation / Southeastern,AEO2026 High Economic Growth,1.0,Transportation
2017,trans,5-14,SRCA,SERC Reliability Corporation / East,AEO2026 High Economic Growth,1.0,Transportation
2017,trans,5-16,SRCE,SERC Reliability Corporation / Central,AEO2026 High Economic Growth,1.0,Transportation
2017,trans,5-11,PJMW,PJM / West,AEO2026 High Economic Growth,1.0,Transportation
2017,trans,5-10,PJME,PJM / East,AEO2026 High Economic Growth,1.0,Transportation
2017,trans,5-13,PJMD,PJM / Dominion,AEO2026 High Economic Growth,1.0,Transportation
2017,trans,5-18,SPPC,Southwest Power Pool / Central,AEO2026 High Economic Growth,1.0,Transportation
2017,res,5-19,SPPN,Southwest Power Pool / North,AEO2026 High Economic Growth,1.0,Residential
2017,res,5-18,SPPC,Southwest Power Pool / Central,AEO2026 High Economic Growth,1.0,Residential
2017,res,5-16,SRCE,SERC Reliability Corporation / Central,AEO2026 High Economic Growth,1.0,Residential
2017,res,5-15,SRSE,SERC Reliability Corporation / Southeastern,AEO2026 High Economic Growth,1.0,Residential
2017,ind,5-9,NYUP,Northeast Power Coordinating Council / Upstate New York,AEO2026 High Economic Growth,1.0,Industrial
2017,ind,5-12,PJMC,PJM / Commonwealth Edison,AEO2026 High Economic Growth,1.0,Industrial
2017,ind,5-13,PJMD,PJM / Dominion,AEO2026 High Economic Growth,1.0,Industrial
2017,ind,5-10,PJME,PJM / East,AEO2026 High Economic Growth,1.0,Industrial
2017,ind,5-11,PJMW,PJM / West,AEO2026 High Economic Growth,1.0,Industrial
2017,ind,5-16,SRCE,SERC Reliability Corporation / Central,AEO2026 High Economic Growth,1.0,Industrial
2017,ind,5-14,SRCA,SERC Reliability Corporation / East,AEO2026 High Economic Growth,1.0,Industrial
2017,ind,5-15,SRSE,SERC Reliability Corporation / Southeastern,AEO2026 High Economic Growth,1.0,Industrial
2017,ind,5-18,SPPC,Southwest Power Pool / Central,AEO2026 High Economic Growth,1.0,Industrial
2017,ind,5-19,SPPN,Southwest Power Pool / North,AEO2026 High Economic Growth,1.0,Industrial
2017,ind,5-17,SPPS,Southwest Power Pool / South,AEO2026 High Economic Growth,1.0,Industrial
2017,ind,5-1,TRE,Texas Reliability Entity,AEO2026 High Economic Growth,1.0,Industrial
2017,ind,5-25,BASN,Western Electricity Coordinating Council / Basin,AEO2026 High Economic Growth,1.0,Industrial
2017,ind,5-21,CANO,Western Electricity Coordinating Council / California North,AEO2026 High Economic Growth,1.0,Industrial
2017,ind,5-7,ISNE,Northeast Power Coordinating Council / New England,AEO2026 High Economic Growth,1.0,Industrial
2017,ind,5-22,CASO,Western Electricity Coordinating Council / California South,AEO2026 High Economic Growth,1.0,Industrial
2017,ind,5-20,SRSG,Western Electricity Coordinating Council / Southwest,AEO2026 High Economic Growth,1.0,Industrial
2017,ind,5-23,NWPP,Western Electricity Coordinating Council / Northwest Power Pool Area,AEO2026 High Economic Growth,1.0,Industrial
2017,res,5-2,FRCC,Florida Reliability Coordinating Council,AEO2026 High Economic Growth,1.0,Residential
2017,res,5-4,MISC,Midcontinent / Central,AEO2026 High Economic Growth,1.0,Residential
2017,res,5-5,MISE,Midcontinent / East,AEO2026 High Economic Growth,1.0,Residential
2017,res,5-6,MISS,Midcontinent / South,AEO2026 High Economic Growth,1.0,Residential
2017,res,5-3,MISW,Midcontinent / West,AEO2026 High Economic Growth,1.0,Residential
2017,res,5-8,NYCW,Northeast Power Coordinating Council / New York City and Long Island,AEO2026 High Economic Growth,1.0,Residential
2017,res,5-7,ISNE,Northeast Power Coordinating Council / New England,AEO2026 High Economic Growth,1.0,Residential
2017,res,5-9,NYUP,Northeast Power Coordinating Council / Upstate New York,AEO2026 High Economic Growth,1.0,Residential
2017,res,5-12,PJMC,PJM / Commonwealth Edison,AEO2026 High Economic Growth,1.0,Residential
2017,res,5-13,PJMD,PJM / Dominion,AEO2026 High Economic Growth,1.0,Residential
2017,res,5-10,PJME,PJM / East,AEO2026 High Economic Growth,1.0,Residential
2017,res,5-11,PJMW,PJM / West,AEO2026 High Economic Growth,1.0,Residential
2017,ind,5-24,RMRG,Western Electricity Coordinating Council / Rockies,AEO2026 High Economic Growth,1.0,Industrial
2017,ind,5-8,NYCW,Northeast Power Coordinating Council / New York City and Long Island,AEO2026 High Economic Growth,1.0,Industrial
2017,ind,5-3,MISW,Midcontinent / West,AEO2026 High Economic Growth,1.0,Industrial
2017,ind,5-6,MISS,Midcontinent / South,AEO2026 High Economic Growth,1.0,Industrial
2017,com,5-2,FRCC,Florida Reliability Coordinating Council,AEO2026 High Economic Growth,1.0,Commercial
2017,com,5-4,MISC,Midcontinent / Central,AEO2026 High Economic Growth,1.0,Commercial
2017,com,5-5,MISE,Midcontinent / East,AEO2026 High Economic Growth,1.0,Commercial
2017,com,5-6,MISS,Midcontinent / South,AEO2026 High Economic Growth,1.0,Commercial
2017,com,5-3,MISW,Midcontinent / West,AEO2026 High Economic Growth,1.0,Commercial
2017,com,5-8,NYCW,Northeast Power Coordinating Council / New York City and Long Island,AEO2026 High Economic Growth,1.0,Commercial
2017,com,5-7,ISNE,Northeast Power Coordinating Council / New England,AEO2026 High Economic Growth,1.0,Commercial
2017,com,5-9,NYUP,Northeast Power Coordinating Council / Upstate New York,AEO2026 High Economic Growth,1.0,Commercial
2017,com,5-12,PJMC,PJM / Commonwealth Edison,AEO2026 High Economic Growth,1.0,Commercial
2017,com,5-13,PJMD,PJM / Dominion,AEO2026 High Economic Growth,1.0,Commercial
2017,com,5-10,PJME,PJM / East,AEO2026 High Economic Growth,1.0,Commercial
2017,com,5-11,PJMW,PJM / West,AEO2026 High Economic Growth,1.0,Commercial
2017,com,5-16,SRCE,SERC Reliability Corporation / Central,AEO2026 High Economic Growth,1.0,Commercial
2017,com,5-14,SRCA,SERC Reliability Corporation / East,AEO2026 High Economic Growth,1.0,Commercial
2017,ind,5-5,MISE,Midcontinent / East,AEO2026 High Economic Growth,1.0,Industrial
2017,ind,5-4,MISC,Midcontinent / Central,AEO2026 High Economic Growth,1.0,Industrial
2017,ind,5-2,FRCC,Florida Reliability Coordinating Council,AEO2026 High Economic Growth,1.0,Industrial
2017,com,5-23,NWPP,Western Electricity Coordinating Council / Northwest Power Pool Area,AEO2026 High Economic Growth,1.0,Commercial
2017,com,5-20,SRSG,Western Electricity Coordinating Council / Southwest,AEO2026 High Economic Growth,1.0,Commercial
2017,com,5-24,RMRG,Western Electricity Coordinating Council / Rockies,AEO2026 High Economic Growth,1.0,Commercial
2017,com,5-22,CASO,Western Electricity Coordinating Council / California South,AEO2026 High Economic Growth,1.0,Commercial
2017,com,5-25,BASN,Western Electricity Coordinating Council / Basin,AEO2026 High Economic Growth,1.0,Commercial
2017,com,5-1,TRE,Texas Reliability Entity,AEO2026 High Economic Growth,1.0,Commercial
2017,com,5-17,SPPS,Southwest Power Pool / South,AEO2026 High Economic Growth,1.0,Commercial
2017,com,5-19,SPPN,Southwest Power Pool / North,AEO2026 High Economic Growth,1.0,Commercial
2017,com,5-18,SPPC,Southwest Power Pool / Central,AEO2026 High Economic Growth,1.0,Commercial
2017,com,5-15,SRSE,SERC Reliability Corporation / Southeastern,AEO2026 High Economic Growth,1.0,Commercial
2017,com,5-21,CANO,Western Electricity Coordinating Council / California North,AEO2026 High Economic Growth,1.0,Commercial
2018,res,5-16,SRCE,SERC Reliability Corporation / Central,AEO2026 High Economic Growth,1.0,Residential
2018,trans,5-23,NWPP,Western Electricity Coordinating Council / Northwest Power Pool Area,AEO2026 High Economic Growth,1.0,Transportation
2018,trans,5-20,SRSG,Western Electricity Coordinating Council / Southwest,AEO2026 High Economic Growth,1.0,Transportation
2018,res,5-17,SPPS,Southwest Power Pool / South,AEO2026 High Economic Growth,1.0,Residential
2018,res,5-1,TRE,Texas Reliability Entity,AEO2026 High Economic Growth,1.0,Residential
2018,res,5-25,BASN,Western Electricity Coordinating Council / Basin,AEO2026 High Economic Growth,1.0,Residential
2018,res,5-21,CANO,Western Electricity Coordinating Council / California North,AEO2026 High Economic Growth,1.0,Residential
2018,res,5-22,CASO,Western Electricity Coordinating Council / California South,AEO2026 High Economic Growth,1.0,Residential
2018,res,5-24,RMRG,Western Electricity Coordinating Council / Rockies,AEO2026 High Economic Growth,1.0,Residential
2018,res,5-20,SRSG,Western Electricity Coordinating Council / Southwest,AEO2026 High Economic Growth,1.0,Residential
2018,res,5-23,NWPP,Western Electricity Coordinating Council / Northwest Power Pool Area,AEO2026 High Economic Growth,1.0,Residential
2018,trans,5-2,FRCC,Florida Reliability Coordinating Council,AEO2026 High Economic Growth,1.0,Transportation
2018,trans,5-4,MISC,Midcontinent / Central,AEO2026 High Economic Growth,1.0,Transportation
2018,trans,5-5,MISE,Midcontinent / East,AEO2026 High Economic Growth,1.0,Transportation
2018,trans,5-6,MISS,Midcontinent / South,AEO2026 High Economic Growth,1.0,Transportation
2018,trans,5-3,MISW,Midcontinent / West,AEO2026 High Economic Growth,1.0,Transportation
2018,trans,5-8,NYCW,Northeast Power Coordinating Council / New York City and Long Island,AEO2026 High Economic Growth,1.0,Transportation
2018,trans,5-7,ISNE,Northeast Power Coordinating Council / New England,AEO2026 High Economic Growth,1.0,Transportation
2018,trans,5-9,NYUP,Northeast Power Coordinating Council / Upstate New York,AEO2026 High Economic Growth,1.0,Transportation
2018,trans,5-12,PJMC,PJM / Commonwealth Edison,AEO2026 High Economic Growth,1.0,Transportation
2018,trans,5-24,RMRG,Western Electricity Coordinating Council / Rockies,AEO2026 High Economic Growth,1.0,Transportation
2018,trans,5-22,CASO,Western Electricity Coordinating Council / California South,AEO2026 High Economic Growth,1.0,Transportation
2018,trans,5-21,CANO,Western Electricity Coordinating Council / California North,AEO2026 High Economic Growth,1.0,Transportation
2018,trans,5-25,BASN,Western Electricity Coordinating Council / Basin,AEO2026 High Economic Growth,1.0,Transportation
2018,trans,5-1,TRE,Texas Reliability Entity,AEO2026 High Economic Growth,1.0,Transportation
2018,trans,5-17,SPPS,Southwest Power Pool / South,AEO2026 High Economic Growth,1.0,Transportation
2018,trans,5-19,SPPN,Southwest Power Pool / North,AEO2026 High Economic Growth,1.0,Transportation
2018,trans,5-15,SRSE,SERC Reliability Corporation / Southeastern,AEO2026 High Economic Growth,1.0,Transportation
2018,trans,5-14,SRCA,SERC Reliability Corporation / East,AEO2026 High Economic Growth,1.0,Transportation
2018,trans,5-16,SRCE,SERC Reliability Corporation / Central,AEO2026 High Economic Growth,1.0,Transportation
2018,trans,5-11,PJMW,PJM / West,AEO2026 High Economic Growth,1.0,Transportation
2018,trans,5-10,PJME,PJM / East,AEO2026 High Economic Growth,1.0,Transportation
2018,trans,5-13,PJMD,PJM / Dominion,AEO2026 High Economic Growth,1.0,Transportation
2018,trans,5-18,SPPC,Southwest Power Pool / Central,AEO2026 High Economic Growth,1.0,Transportation
2018,res,5-19,SPPN,Southwest Power Pool / North,AEO2026 High Economic Growth,1.0,Residential
2018,res,5-18,SPPC,Southwest Power Pool / Central,AEO2026 High Economic Growth,1.0,Residential
2018,res,5-14,SRCA,SERC Reliability Corporation / East,AEO2026 High Economic Growth,1.0,Residential
2018,res,5-15,SRSE,SERC Reliability Corporation / Southeastern,AEO2026 High Economic Growth,1.0,Residential
2018,ind,5-9,NYUP,Northeast Power Coordinating Council / Upstate New York,AEO2026 High Economic Growth,1.0,Industrial
2018,ind,5-12,PJMC,PJM / Commonwealth Edison,AEO2026 High Economic Growth,1.0,Industrial
2018,ind,5-13,PJMD,PJM / Dominion,AEO2026 High Economic Growth,1.0,Industrial
2018,ind,5-10,PJME,PJM / East,AEO2026 High Economic Growth,1.0,Industrial
2018,ind,5-11,PJMW,PJM / West,AEO2026 High Economic Growth,1.0,Industrial
2018,ind,5-16,SRCE,SERC Reliability Corporation / Central,AEO2026 High Economic Growth,1.0,Industrial
2018,ind,5-14,SRCA,SERC Reliability Corporation / East,AEO2026 High Economic Growth,1.0,Industrial
2018,ind,5-15,SRSE,SERC Reliability Corporation / Southeastern,AEO2026 High Economic Growth,1.0,Industrial
2018,ind,5-18,SPPC,Southwest Power Pool / Central,AEO2026 High Economic Growth,1.0,Industrial
2018,ind,5-19,SPPN,Southwest Power Pool / North,AEO2026 High Economic Growth,1.0,Industrial
2018,ind,5-17,SPPS,Southwest Power Pool / South,AEO2026 High Economic Growth,1.0,Industrial
2018,ind,5-1,TRE,Texas Reliability Entity,AEO2026 High Economic Growth,1.0,Industrial
2018,ind,5-25,BASN,Western Electricity Coordinating Council / Basin,AEO2026 High Economic Growth,1.0,Industrial
2018,ind,5-21,CANO,Western Electricity Coordinating Council / California North,AEO2026 High Economic Growth,1.0,Industrial
2018,ind,5-7,ISNE,Northeast Power Coordinating Council / New England,AEO2026 High Economic Growth,1.0,Industrial
2018,ind,5-22,CASO,Western Electricity Coordinating Council / California South,AEO2026 High Economic Growth,1.0,Industrial
2018,ind,5-20,SRSG,Western Electricity Coordinating Council / Southwest,AEO2026 High Economic Growth,1.0,Industrial
2018,ind,5-23,NWPP,Western Electricity Coordinating Council / Northwest Power Pool Area,AEO2026 High Economic Growth,1.0,Industrial
2018,res,5-2,FRCC,Florida Reliability Coordinating Council,AEO2026 High Economic Growth,1.0,Residential
2018,res,5-4,MISC,Midcontinent / Central,AEO2026 High Economic Growth,1.0,Residential
2018,res,5-5,MISE,Midcontinent / East,AEO2026 High Economic Growth,1.0,Residential
2018,res,5-6,MISS,Midcontinent / South,AEO2026 High Economic Growth,1.0,Residential
2018,res,5-3,MISW,Midcontinent / West,AEO2026 High Economic Growth,1.0,Residential
2018,res,5-8,NYCW,Northeast Power Coordinating Council / New York City and Long Island,AEO2026 High Economic Growth,1.0,Residential
2018,res,5-7,ISNE,Northeast Power Coordinating Council / New England,AEO2026 High Economic Growth,1.0,Residential
2018,res,5-9,NYUP,Northeast Power Coordinating Council / Upstate New York,AEO2026 High Economic Growth,1.0,Residential
2018,res,5-12,PJMC,PJM / Commonwealth Edison,AEO2026 High Economic Growth,1.0,Residential
2018,res,5-13,PJMD,PJM / Dominion,AEO2026 High Economic Growth,1.0,Residential
2018,res,5-10,PJME,PJM / East,AEO2026 High Economic Growth,1.0,Residential
2018,res,5-11,PJMW,PJM / West,AEO2026 High Economic Growth,1.0,Residential
2018,ind,5-24,RMRG,Western Electricity Coordinating Council / Rockies,AEO2026 High Economic Growth,1.0,Industrial
2018,ind,5-8,NYCW,Northeast Power Coordinating Council / New York City and Long Island,AEO2026 High Economic Growth,1.0,Industrial
2018,ind,5-3,MISW,Midcontinent / West,AEO2026 High Economic Growth,1.0,Industrial
2018,ind,5-6,MISS,Midcontinent / South,AEO2026 High Economic Growth,1.0,Industrial
2018,com,5-2,FRCC,Florida Reliability Coordinating Council,AEO2026 High Economic Growth,1.0,Commercial
2018,com,5-4,MISC,Midcontinent / Central,AEO2026 High Economic Growth,1.0,Commercial
2018,com,5-5,MISE,Midcontinent / East,AEO2026 High Economic Growth,1.0,Commercial
2018,com,5-6,MISS,Midcontinent / South,AEO2026 High Economic Growth,1.0,Commercial
2018,com,5-3,MISW,Midcontinent / West,AEO2026 High Economic Growth,1.0,Commercial
2018,com,5-8,NYCW,Northeast Power Coordinating Council / New York City and Long Island,AEO2026 High Economic Growth,1.0,Commercial
2018,com,5-7,ISNE,Northeast Power Coordinating Council / New England,AEO2026 High Economic Growth,1.0,Commercial
2018,com,5-9,NYUP,Northeast Power Coordinating Council / Upstate New York,AEO2026 High Economic Growth,1.0,Commercial
2018,com,5-12,PJMC,PJM / Commonwealth Edison,AEO2026 High Economic Growth,1.0,Commercial
2018,com,5-13,PJMD,PJM / Dominion,AEO2026 High Economic Growth,1.0,Commercial
2018,com,5-10,PJME,PJM / East,AEO2026 High Economic Growth,1.0,Commercial
2018,com,5-11,PJMW,PJM / West,AEO2026 High Economic Growth,1.0,Commercial
2018,com,5-16,SRCE,SERC Reliability Corporation / Central,AEO2026 High Economic Growth,1.0,Commercial
2018,com,5-14,SRCA,SERC Reliability Corporation / East,AEO2026 High Economic Growth,1.0,Commercial
2018,ind,5-5,MISE,Midcontinent / East,AEO2026 High Economic Growth,1.0,Industrial
2018,ind,5-4,MISC,Midcontinent / Central,AEO2026 High Economic Growth,1.0,Industrial
2018,ind,5-2,FRCC,Florida Reliability Coordinating Council,AEO2026 High Economic Growth,1.0,Industrial
2018,com,5-23,NWPP,Western Electricity Coordinating Council / Northwest Power Pool Area,AEO2026 High Economic Growth,1.0,Commercial
2018,com,5-20,SRSG,Western Electricity Coordinating Council / Southwest,AEO2026 High Economic Growth,1.0,Commercial
2018,com,5-24,RMRG,Western Electricity Coordinating Council / Rockies,AEO2026 High Economic Growth,1.0,Commercial
2018,com,5-22,CASO,Western Electricity Coordinating Council / California South,AEO2026 High Economic Growth,1.0,Commercial
2018,com,5-25,BASN,Western Electricity Coordinating Council / Basin,AEO2026 High Economic Growth,1.0,Commercial
2018,com,5-1,TRE,Texas Reliability Entity,AEO2026 High Economic Growth,1.0,Commercial
2018,com,5-17,SPPS,Southwest Power Pool / South,AEO2026 High Economic Growth,1.0,Commercial
2018,com,5-19,SPPN,Southwest Power Pool / North,AEO2026 High Economic Growth,1.0,Commercial
2018,com,5-18,SPPC,Southwest Power Pool / Central,AEO2026 High Economic Growth,1.0,Commercial
2018,com,5-15,SRSE,SERC Reliability Corporation / Southeastern,AEO2026 High Economic Growth,1.0,Commercial
2018,com,5-21,CANO,Western Electricity Coordinating Council / California North,AEO2026 High Economic Growth,1.0,Commercial
2019,ind,5-4,MISC,Midcontinent / Central,AEO2026 High Economic Growth,1.0,Industrial
2019,ind,5-2,FRCC,Florida Reliability Coordinating Council,AEO2026 High Economic Growth,1.0,Industrial
2019,com,5-23,NWPP,Western Electricity Coordinating Council / Northwest Power Pool Area,AEO2026 High Economic Growth,1.0,Commercial
2019,com,5-20,SRSG,Western Electricity Coordinating Council / Southwest,AEO2026 High Economic Growth,1.0,Commercial
2019,com,5-24,RMRG,Western Electricity Coordinating Council / Rockies,AEO2026 High Economic Growth,1.0,Commercial
2019,com,5-22,CASO,Western Electricity Coordinating Council / California South,AEO2026 High Economic Growth,1.0,Commercial
2019,com,5-21,CANO,Western Electricity Coordinating Council / California North,AEO2026 High Economic Growth,1.0,Commercial
2019,com,5-25,BASN,Western Electricity Coordinating Council / Basin,AEO2026 High Economic Growth,1.0,Commercial
2019,com,5-1,TRE,Texas Reliability Entity,AEO2026 High Economic Growth,1.0,Commercial
2019,com,5-17,SPPS,Southwest Power Pool / South,AEO2026 High Economic Growth,1.0,Commercial
2019,com,5-19,SPPN,Southwest Power Pool / North,AEO2026 High Economic Growth,1.0,Commercial
2019,com,5-18,SPPC,Southwest Power Pool / Central,AEO2026 High Economic Growth,1.0,Commercial
2019,com,5-15,SRSE,SERC Reliability Corporation / Southeastern,AEO2026 High Economic Growth,1.0,Commercial
2019,com,5-14,SRCA,SERC Reliability Corporation / East,AEO2026 High Economic Growth,1.0,Commercial
2019,ind,5-5,MISE,Midcontinent / East,AEO2026 High Economic Growth,1.0,Industrial
2019,com,5-16,SRCE,SERC Reliability Corporation / Central,AEO2026 High Economic Growth,1.0,Commercial
2019,com,5-10,PJME,PJM / East,AEO2026 High Economic Growth,1.0,Commercial
2019,com,5-13,PJMD,PJM / Dominion,AEO2026 High Economic Growth,1.0,Commercial
2019,com,5-12,PJMC,PJM / Commonwealth Edison,AEO2026 High Economic Growth,1.0,Commercial
2019,com,5-9,NYUP,Northeast Power Coordinating Council / Upstate New York,AEO2026 High Economic Growth,1.0,Commercial
2019,com,5-7,ISNE,Northeast Power Coordinating Council / New England,AEO2026 High Economic Growth,1.0,Commercial
2019,com,5-8,NYCW,Northeast Power Coordinating Council / New York City and Long Island,AEO2026 High Economic Growth,1.0,Commercial
2019,com,5-3,MISW,Midcontinent / West,AEO2026 High Economic Growth,1.0,Commercial
2019,com,5-6,MISS,Midcontinent / South,AEO2026 High Economic Growth,1.0,Commercial
2019,com,5-5,MISE,Midcontinent / East,AEO2026 High Economic Growth,1.0,Commercial
2019,com,5-4,MISC,Midcontinent / Central,AEO2026 High Economic Growth,1.0,Commercial
2019,com,5-2,FRCC,Florida Reliability Coordinating Council,AEO2026 High Economic Growth,1.0,Commercial
2019,com,5-11,PJMW,PJM / West,AEO2026 High Economic Growth,1.0,Commercial
2019,ind,5-6,MISS,Midcontinent / South,AEO2026 High Economic Growth,1.0,Industrial
2019,ind,5-3,MISW,Midcontinent / West,AEO2026 High Economic Growth,1.0,Industrial
2019,ind,5-8,NYCW,Northeast Power Coordinating Council / New York City and Long Island,AEO2026 High Economic Growth,1.0,Industrial
2019,res,5-11,PJMW,PJM / West,AEO2026 High Economic Growth,1.0,Residential
2019,res,5-10,PJME,PJM / East,AEO2026 High Economic Growth,1.0,Residential
2019,res,5-13,PJMD,PJM / Dominion,AEO2026 High Economic Growth,1.0,Residential
2019,res,5-12,PJMC,PJM / Commonwealth Edison,AEO2026 High Economic Growth,1.0,Residential
2019,res,5-9,NYUP,Northeast Power Coordinating Council / Upstate New York,AEO2026 High Economic Growth,1.0,Residential
2019,res,5-7,ISNE,Northeast Power Coordinating Council / New England,AEO2026 High Economic Growth,1.0,Residential
2019,res,5-8,NYCW,Northeast Power Coordinating Council / New York City and Long Island,AEO2026 High Economic Growth,1.0,Residential
2019,res,5-3,MISW,Midcontinent / West,AEO2026 High Economic Growth,1.0,Residential
2019,res,5-6,MISS,Midcontinent / South,AEO2026 High Economic Growth,1.0,Residential
2019,res,5-5,MISE,Midcontinent / East,AEO2026 High Economic Growth,1.0,Residential
2019,res,5-4,MISC,Midcontinent / Central,AEO2026 High Economic Growth,1.0,Residential
2019,res,5-2,FRCC,Florida Reliability Coordinating Council,AEO2026 High Economic Growth,1.0,Residential
2019,ind,5-23,NWPP,Western Electricity Coordinating Council / Northwest Power Pool Area,AEO2026 High Economic Growth,1.0,Industrial
2019,ind,5-20,SRSG,Western Electricity Coordinating Council / Southwest,AEO2026 High Economic Growth,1.0,Industrial
2019,ind,5-24,RMRG,Western Electricity Coordinating Council / Rockies,AEO2026 High Economic Growth,1.0,Industrial
2019,ind,5-22,CASO,Western Electricity Coordinating Council / California South,AEO2026 High Economic Growth,1.0,Industrial
2019,ind,5-21,CANO,Western Electricity Coordinating Council / California North,AEO2026 High Economic Growth,1.0,Industrial
2019,ind,5-7,ISNE,Northeast Power Coordinating Council / New England,AEO2026 High Economic Growth,1.0,Industrial
2019,ind,5-9,NYUP,Northeast Power Coordinating Council / Upstate New York,AEO2026 High Economic Growth,1.0,Industrial
2019,ind,5-12,PJMC,PJM / Commonwealth Edison,AEO2026 High Economic Growth,1.0,Industrial
2019,ind,5-13,PJMD,PJM / Dominion,AEO2026 High Economic Growth,1.0,Industrial
2019,ind,5-10,PJME,PJM / East,AEO2026 High Economic Growth,1.0,Industrial
2019,ind,5-11,PJMW,PJM / West,AEO2026 High Economic Growth,1.0,Industrial
2019,ind,5-16,SRCE,SERC Reliability Corporation / Central,AEO2026 High Economic Growth,1.0,Industrial
2019,ind,5-15,SRSE,SERC Reliability Corporation / Southeastern,AEO2026 High Economic Growth,1.0,Industrial
2019,ind,5-18,SPPC,Southwest Power Pool / Central,AEO2026 High Economic Growth,1.0,Industrial
2019,ind,5-19,SPPN,Southwest Power Pool / North,AEO2026 High Economic Growth,1.0,Industrial
2019,ind,5-17,SPPS,Southwest Power Pool / South,AEO2026 High Economic Growth,1.0,Industrial
2019,ind,5-1,TRE,Texas Reliability Entity,AEO2026 High Economic Growth,1.0,Industrial
2019,ind,5-25,BASN,Western Electricity Coordinating Council / Basin,AEO2026 High Economic Growth,1.0,Industrial
2019,ind,5-14,SRCA,SERC Reliability Corporation / East,AEO2026 High Economic Growth,1.0,Industrial
2019,res,5-16,SRCE,SERC Reliability Corporation / Central,AEO2026 High Economic Growth,1.0,Residential
2019,res,5-14,SRCA,SERC Reliability Corporation / East,AEO2026 High Economic Growth,1.0,Residential
2019,res,5-18,SPPC,Southwest Power Pool / Central,AEO2026 High Economic Growth,1.0,Residential
2019,res,5-15,SRSE,SERC Reliability Corporation / Southeastern,AEO2026 High Economic Growth,1.0,Residential
2019,trans,5-21,CANO,Western Electricity Coordinating Council / California North,AEO2026 High Economic Growth,1.0,Transportation
2019,trans,5-25,BASN,Western Electricity Coordinating Council / Basin,AEO2026 High Economic Growth,1.0,Transportation
2019,trans,5-1,TRE,Texas Reliability Entity,AEO2026 High Economic Growth,1.0,Transportation
2019,trans,5-17,SPPS,Southwest Power Pool / South,AEO2026 High Economic Growth,1.0,Transportation
2019,trans,5-19,SPPN,Southwest Power Pool / North,AEO2026 High Economic Growth,1.0,Transportation
2019,trans,5-18,SPPC,Southwest Power Pool / Central,AEO2026 High Economic Growth,1.0,Transportation
2019,trans,5-15,SRSE,SERC Reliability Corporation / Southeastern,AEO2026 High Economic Growth,1.0,Transportation
2019,trans,5-14,SRCA,SERC Reliability Corporation / East,AEO2026 High Economic Growth,1.0,Transportation
2019,trans,5-16,SRCE,SERC Reliability Corporation / Central,AEO2026 High Economic Growth,1.0,Transportation
2019,trans,5-11,PJMW,PJM / West,AEO2026 High Economic Growth,1.0,Transportation
2019,trans,5-10,PJME,PJM / East,AEO2026 High Economic Growth,1.0,Transportation
2019,trans,5-13,PJMD,PJM / Dominion,AEO2026 High Economic Growth,1.0,Transportation
2019,trans,5-12,PJMC,PJM / Commonwealth Edison,AEO2026 High Economic Growth,1.0,Transportation
2019,trans,5-9,NYUP,Northeast Power Coordinating Council / Upstate New York,AEO2026 High Economic Growth,1.0,Transportation
2019,trans,5-22,CASO,Western Electricity Coordinating Council / California South,AEO2026 High Economic Growth,1.0,Transportation
2019,trans,5-7,ISNE,Northeast Power Coordinating Council / New England,AEO2026 High Economic Growth,1.0,Transportation
2019,trans,5-3,MISW,Midcontinent / West,AEO2026 High Economic Growth,1.0,Transportation
2019,trans,5-6,MISS,Midcontinent / South,AEO2026 High Economic Growth,1.0,Transportation
2019,trans,5-5,MISE,Midcontinent / East,AEO2026 High Economic Growth,1.0,Transportation
2019,trans,5-4,MISC,Midcontinent / Central,AEO2026 High Economic Growth,1.0,Transportation
2019,trans,5-2,FRCC,Florida Reliability Coordinating Council,AEO2026 High Economic Growth,1.0,Transportation
2019,res,5-23,NWPP,Western Electricity Coordinating Council / Northwest Power Pool Area,AEO2026 High Economic Growth,1.0,Residential
2019,res,5-20,SRSG,Western Electricity Coordinating Council / Southwest,AEO2026 High Economic Growth,1.0,Residential
2019,res,5-24,RMRG,Western Electricity Coordinating Council / Rockies,AEO2026 High Economic Growth,1.0,Residential
2019,res,5-22,CASO,Western Electricity Coordinating Council / California South,AEO2026 High Economic Growth,1.0,Residential
2019,res,5-21,CANO,Western Electricity Coordinating Council / California North,AEO2026 High Economic Growth,1.0,Residential
2019,res,5-25,BASN,Western Electricity Coordinating Council / Basin,AEO2026 High Economic Growth,1.0,Residential
2019,res,5-1,TRE,Texas Reliability Entity,AEO2026 High Economic Growth,1.0,Residential
2019,res,5-17,SPPS,Southwest Power Pool / South,AEO2026 High Economic Growth,1.0,Residential
2019,res,5-19,SPPN,Southwest Power Pool / North,AEO2026 High Economic Growth,1.0,Residential
2019,trans,5-8,NYCW,Northeast Power Coordinating Council / New York City and Long Island,AEO2026 High Economic Growth,1.0,Transportation
2019,trans,5-24,RMRG,Western Electricity Coordinating Council / Rockies,AEO2026 High Economic Growth,1.0,Transportation
2019,trans,5-20,SRSG,Western Electricity Coordinating Council / Southwest,AEO2026 High Economic Growth,1.0,Transportation
2019,trans,5-23,NWPP,Western Electricity Coordinating Council / Northwest Power Pool Area,AEO2026 High Economic Growth,1.0,Transportation
2020,res,5-14,SRCA,SERC Reliability Corporation / East,AEO2026 High Economic Growth,1.0,Residential
2020,trans,5-23,NWPP,Western Electricity Coordinating Council / Northwest Power Pool Area,AEO2026 High Economic Growth,1.0,Transportation
2020,trans,5-24,RMRG,Western Electricity Coordinating Council / Rockies,AEO2026 High Economic Growth,1.0,Transportation
2020,res,5-17,SPPS,Southwest Power Pool / South,AEO2026 High Economic Growth,1.0,Residential
2020,res,5-1,TRE,Texas Reliability Entity,AEO2026 High Economic Growth,1.0,Residential
2020,res,5-25,BASN,Western Electricity Coordinating Council / Basin,AEO2026 High Economic Growth,1.0,Residential
2020,res,5-21,CANO,Western Electricity Coordinating Council / California North,AEO2026 High Economic Growth,1.0,Residential
2020,res,5-22,CASO,Western Electricity Coordinating Council / California South,AEO2026 High Economic Growth,1.0,Residential
2020,res,5-24,RMRG,Western Electricity Coordinating Council / Rockies,AEO2026 High Economic Growth,1.0,Residential
2020,res,5-20,SRSG,Western Electricity Coordinating Council / Southwest,AEO2026 High Economic Growth,1.0,Residential
2020,res,5-23,NWPP,Western Electricity Coordinating Council / Northwest Power Pool Area,AEO2026 High Economic Growth,1.0,Residential
2020,trans,5-2,FRCC,Florida Reliability Coordinating Council,AEO2026 High Economic Growth,1.0,Transportation
2020,trans,5-4,MISC,Midcontinent / Central,AEO2026 High Economic Growth,1.0,Transportation
2020,trans,5-5,MISE,Midcontinent / East,AEO2026 High Economic Growth,1.0,Transportation
2020,trans,5-6,MISS,Midcontinent / South,AEO2026 High Economic Growth,1.0,Transportation
2020,trans,5-3,MISW,Midcontinent / West,AEO2026 High Economic Growth,1.0,Transportation
2020,trans,5-8,NYCW,Northeast Power Coordinating Council / New York City and Long Island,AEO2026 High Economic Growth,1.0,Transportation
2020,trans,5-20,SRSG,Western Electricity Coordinating Council / Southwest,AEO2026 High Economic Growth,1.0,Transportation
2020,trans,5-7,ISNE,Northeast Power Coordinating Council / New England,AEO2026 High Economic Growth,1.0,Transportation
2020,trans,5-12,PJMC,PJM / Commonwealth Edison,AEO2026 High Economic Growth,1.0,Transportation
2020,trans,5-13,PJMD,PJM / Dominion,AEO2026 High Economic Growth,1.0,Transportation
2020,trans,5-10,PJME,PJM / East,AEO2026 High Economic Growth,1.0,Transportation
2020,trans,5-11,PJMW,PJM / West,AEO2026 High Economic Growth,1.0,Transportation
2020,trans,5-16,SRCE,SERC Reliability Corporation / Central,AEO2026 High Economic Growth,1.0,Transportation
2020,trans,5-14,SRCA,SERC Reliability Corporation / East,AEO2026 High Economic Growth,1.0,Transportation
2020,trans,5-15,SRSE,SERC Reliability Corporation / Southeastern,AEO2026 High Economic Growth,1.0,Transportation
2020,trans,5-18,SPPC,Southwest Power Pool / Central,AEO2026 High Economic Growth,1.0,Transportation
2020,trans,5-19,SPPN,Southwest Power Pool / North,AEO2026 High Economic Growth,1.0,Transportation
2020,trans,5-17,SPPS,Southwest Power Pool / South,AEO2026 High Economic Growth,1.0,Transportation
2020,trans,5-1,TRE,Texas Reliability Entity,AEO2026 High Economic Growth,1.0,Transportation
2020,trans,5-25,BASN,Western Electricity Coordinating Council / Basin,AEO2026 High Economic Growth,1.0,Transportation
2020,trans,5-21,CANO,Western Electricity Coordinating Council / California North,AEO2026 High Economic Growth,1.0,Transportation
2020,trans,5-22,CASO,Western Electricity Coordinating Council / California South,AEO2026 High Economic Growth,1.0,Transportation
2020,trans,5-9,NYUP,Northeast Power Coordinating Council / Upstate New York,AEO2026 High Economic Growth,1.0,Transportation
2020,res,5-19,SPPN,Southwest Power Pool / North,AEO2026 High Economic Growth,1.0,Residential
2020,res,5-18,SPPC,Southwest Power Pool / Central,AEO2026 High Economic Growth,1.0,Residential
2020,res,5-15,SRSE,SERC Reliability Corporation / Southeastern,AEO2026 High Economic Growth,1.0,Residential
2020,ind,5-12,PJMC,PJM / Commonwealth Edison,AEO2026 High Economic Growth,1.0,Industrial
2020,ind,5-13,PJMD,PJM / Dominion,AEO2026 High Economic Growth,1.0,Industrial
2020,ind,5-10,PJME,PJM / East,AEO2026 High Economic Growth,1.0,Industrial
2020,ind,5-11,PJMW,PJM / West,AEO2026 High Economic Growth,1.0,Industrial
2020,ind,5-16,SRCE,SERC Reliability Corporation / Central,AEO2026 High Economic Growth,1.0,Industrial
2020,ind,5-14,SRCA,SERC Reliability Corporation / East,AEO2026 High Economic Growth,1.0,Industrial
2020,ind,5-15,SRSE,SERC Reliability Corporation / Southeastern,AEO2026 High Economic Growth,1.0,Industrial
2020,ind,5-18,SPPC,Southwest Power Pool / Central,AEO2026 High Economic Growth,1.0,Industrial
2020,ind,5-19,SPPN,Southwest Power Pool / North,AEO2026 High Economic Growth,1.0,Industrial
2020,ind,5-17,SPPS,Southwest Power Pool / South,AEO2026 High Economic Growth,1.0,Industrial
2020,ind,5-1,TRE,Texas Reliability Entity,AEO2026 High Economic Growth,1.0,Industrial
2020,ind,5-25,BASN,Western Electricity Coordinating Council / Basin,AEO2026 High Economic Growth,1.0,Industrial
2020,ind,5-21,CANO,Western Electricity Coordinating Council / California North,AEO2026 High Economic Growth,1.0,Industrial
2020,ind,5-22,CASO,Western Electricity Coordinating Council / California South,AEO2026 High Economic Growth,1.0,Industrial
2020,ind,5-9,NYUP,Northeast Power Coordinating Council / Upstate New York,AEO2026 High Economic Growth,1.0,Industrial
2020,ind,5-24,RMRG,Western Electricity Coordinating Council / Rockies,AEO2026 High Economic Growth,1.0,Industrial
2020,ind,5-23,NWPP,Western Electricity Coordinating Council / Northwest Power Pool Area,AEO2026 High Economic Growth,1.0,Industrial
2020,res,5-2,FRCC,Florida Reliability Coordinating Council,AEO2026 High Economic Growth,1.0,Residential
2020,res,5-4,MISC,Midcontinent / Central,AEO2026 High Economic Growth,1.0,Residential
2020,res,5-5,MISE,Midcontinent / East,AEO2026 High Economic Growth,1.0,Residential
2020,res,5-6,MISS,Midcontinent / South,AEO2026 High Economic Growth,1.0,Residential
2020,res,5-3,MISW,Midcontinent / West,AEO2026 High Economic Growth,1.0,Residential
2020,res,5-8,NYCW,Northeast Power Coordinating Council / New York City and Long Island,AEO2026 High Economic Growth,1.0,Residential
2020,res,5-7,ISNE,Northeast Power Coordinating Council / New England,AEO2026 High Economic Growth,1.0,Residential
2020,res,5-9,NYUP,Northeast Power Coordinating Council / Upstate New York,AEO2026 High Economic Growth,1.0,Residential
2020,res,5-12,PJMC,PJM / Commonwealth Edison,AEO2026 High Economic Growth,1.0,Residential
2020,res,5-13,PJMD,PJM / Dominion,AEO2026 High Economic Growth,1.0,Residential
2020,res,5-10,PJME,PJM / East,AEO2026 High Economic Growth,1.0,Residential
2020,res,5-11,PJMW,PJM / West,AEO2026 High Economic Growth,1.0,Residential
2020,res,5-16,SRCE,SERC Reliability Corporation / Central,AEO2026 High Economic Growth,1.0,Residential
2020,ind,5-20,SRSG,Western Electricity Coordinating Council / Southwest,AEO2026 High Economic Growth,1.0,Industrial
2020,ind,5-7,ISNE,Northeast Power Coordinating Council / New England,AEO2026 High Economic Growth,1.0,Industrial
2020,ind,5-8,NYCW,Northeast Power Coordinating Council / New York City and Long Island,AEO2026 High Economic Growth,1.0,Industrial
2020,ind,5-3,MISW,Midcontinent / West,AEO2026 High Economic Growth,1.0,Industrial
2020,com,5-2,FRCC,Florida Reliability Coordinating Council,AEO2026 High Economic Growth,1.0,Commercial
2020,com,5-4,MISC,Midcontinent / Central,AEO2026 High Economic Growth,1.0,Commercial
2020,com,5-5,MISE,Midcontinent / East,AEO2026 High Economic Growth,1.0,Commercial
2020,com,5-6,MISS,Midcontinent / South,AEO2026 High Economic Growth,1.0,Commercial
2020,com,5-3,MISW,Midcontinent / West,AEO2026 High Economic Growth,1.0,Commercial
2020,com,5-8,NYCW,Northeast Power Coordinating Council / New York City and Long Island,AEO2026 High Economic Growth,1.0,Commercial
2020,com,5-7,ISNE,Northeast Power Coordinating Council / New England,AEO2026 High Economic Growth,1.0,Commercial
2020,com,5-9,NYUP,Northeast Power Coordinating Council / Upstate New York,AEO2026 High Economic Growth,1.0,Commercial
2020,com,5-12,PJMC,PJM / Commonwealth Edison,AEO2026 High Economic Growth,1.0,Commercial
2020,com,5-13,PJMD,PJM / Dominion,AEO2026 High Economic Growth,1.0,Commercial
2020,com,5-10,PJME,PJM / East,AEO2026 High Economic Growth,1.0,Commercial
2020,com,5-11,PJMW,PJM / West,AEO2026 High Economic Growth,1.0,Commercial
2020,com,5-16,SRCE,SERC Reliability Corporation / Central,AEO2026 High Economic Growth,1.0,Commercial
2020,com,5-14,SRCA,SERC Reliability Corporation / East,AEO2026 High Economic Growth,1.0,Commercial
2020,com,5-15,SRSE,SERC Reliability Corporation / Southeastern,AEO2026 High Economic Growth,1.0,Commercial
2020,ind,5-6,MISS,Midcontinent / South,AEO2026 High Economic Growth,1.0,Industrial
2020,ind,5-5,MISE,Midcontinent / East,AEO2026 High Economic Growth,1.0,Industrial
2020,ind,5-4,MISC,Midcontinent / Central,AEO2026 High Economic Growth,1.0,Industrial
2020,ind,5-2,FRCC,Florida Reliability Coordinating Council,AEO2026 High Economic Growth,1.0,Industrial
2020,com,5-23,NWPP,Western Electricity Coordinating Council / Northwest Power Pool Area,AEO2026 High Economic Growth,1.0,Commercial
2020,com,5-20,SRSG,Western Electricity Coordinating Council / Southwest,AEO2026 High Economic Growth,1.0,Commercial
2020,com,5-24,RMRG,Western Electricity Coordinating Council / Rockies,AEO2026 High Economic Growth,1.0,Commercial
2020,com,5-21,CANO,Western Electricity Coordinating Council / California North,AEO2026 High Economic Growth,1.0,Commercial
2020,com,5-25,BASN,Western Electricity Coordinating Council / Basin,AEO2026 High Economic Growth,1.0,Commercial
2020,com,5-1,TRE,Texas Reliability Entity,AEO2026 High Economic Growth,1.0,Commercial
2020,com,5-17,SPPS,Southwest Power Pool / South,AEO2026 High Economic Growth,1.0,Commercial
2020,com,5-19,SPPN,Southwest Power Pool / North,AEO2026 High Economic Growth,1.0,Commercial
2020,com,5-18,SPPC,Southwest Power Pool / Central,AEO2026 High Economic Growth,1.0,Commercial
2020,com,5-22,CASO,Western Electricity Coordinating Council / California South,AEO2026 High Economic Growth,1.0,Commercial
2021,trans,5-23,NWPP,Western Electricity Coordinating Council / Northwest Power Pool Area,AEO2026 High Economic Growth,1.0,Transportation
2021,trans,5-24,RMRG,Western Electricity Coordinating Council / Rockies,AEO2026 High Economic Growth,1.0,Transportation
2021,res,5-17,SPPS,Southwest Power Pool / South,AEO2026 High Economic Growth,1.0,Residential
2021,res,5-1,TRE,Texas Reliability Entity,AEO2026 High Economic Growth,1.0,Residential
2021,res,5-25,BASN,Western Electricity Coordinating Council / Basin,AEO2026 High Economic Growth,1.0,Residential
2021,res,5-21,CANO,Western Electricity Coordinating Council / California North,AEO2026 High Economic Growth,1.0,Residential
2021,res,5-22,CASO,Western Electricity Coordinating Council / California South,AEO2026 High Economic Growth,1.0,Residential
2021,res,5-24,RMRG,Western Electricity Coordinating Council / Rockies,AEO2026 High Economic Growth,1.0,Residential
2021,res,5-20,SRSG,Western Electricity Coordinating Council / Southwest,AEO2026 High Economic Growth,1.0,Residential
2021,res,5-23,NWPP,Western Electricity Coordinating Council / Northwest Power Pool Area,AEO2026 High Economic Growth,1.0,Residential
2021,trans,5-2,FRCC,Florida Reliability Coordinating Council,AEO2026 High Economic Growth,1.0,Transportation
2021,trans,5-4,MISC,Midcontinent / Central,AEO2026 High Economic Growth,1.0,Transportation
2021,trans,5-5,MISE,Midcontinent / East,AEO2026 High Economic Growth,1.0,Transportation
2021,trans,5-6,MISS,Midcontinent / South,AEO2026 High Economic Growth,1.0,Transportation
2021,trans,5-3,MISW,Midcontinent / West,AEO2026 High Economic Growth,1.0,Transportation
2021,trans,5-8,NYCW,Northeast Power Coordinating Council / New York City and Long Island,AEO2026 High Economic Growth,1.0,Transportation
2021,trans,5-20,SRSG,Western Electricity Coordinating Council / Southwest,AEO2026 High Economic Growth,1.0,Transportation
2021,trans,5-7,ISNE,Northeast Power Coordinating Council / New England,AEO2026 High Economic Growth,1.0,Transportation
2021,trans,5-12,PJMC,PJM / Commonwealth Edison,AEO2026 High Economic Growth,1.0,Transportation
2021,trans,5-13,PJMD,PJM / Dominion,AEO2026 High Economic Growth,1.0,Transportation
2021,trans,5-10,PJME,PJM / East,AEO2026 High Economic Growth,1.0,Transportation
2021,trans,5-11,PJMW,PJM / West,AEO2026 High Economic Growth,1.0,Transportation
2021,trans,5-16,SRCE,SERC Reliability Corporation / Central,AEO2026 High Economic Growth,1.0,Transportation
2021,trans,5-14,SRCA,SERC Reliability Corporation / East,AEO2026 High Economic Growth,1.0,Transportation
2021,trans,5-15,SRSE,SERC Reliability Corporation / Southeastern,AEO2026 High Economic Growth,1.0,Transportation
2021,trans,5-18,SPPC,Southwest Power Pool / Central,AEO2026 High Economic Growth,1.0,Transportation
2021,trans,5-19,SPPN,Southwest Power Pool / North,AEO2026 High Economic Growth,1.0,Transportation
2021,trans,5-17,SPPS,Southwest Power Pool / South,AEO2026 High Economic Growth,1.0,Transportation
2021,trans,5-1,TRE,Texas Reliability Entity,AEO2026 High Economic Growth,1.0,Transportation
2021,trans,5-25,BASN,Western Electricity Coordinating Council / Basin,AEO2026 High Economic Growth,1.0,Transportation
2021,trans,5-21,CANO,Western Electricity Coordinating Council / California North,AEO2026 High Economic Growth,1.0,Transportation
2021,trans,5-22,CASO,Western Electricity Coordinating Council / California South,AEO2026 High Economic Growth,1.0,Transportation
2021,trans,5-9,NYUP,Northeast Power Coordinating Council / Upstate New York,AEO2026 High Economic Growth,1.0,Transportation
2021,res,5-19,SPPN,Southwest Power Pool / North,AEO2026 High Economic Growth,1.0,Residential
2021,res,5-15,SRSE,SERC Reliability Corporation / Southeastern,AEO2026 High Economic Growth,1.0,Residential
2021,res,5-14,SRCA,SERC Reliability Corporation / East,AEO2026 High Economic Growth,1.0,Residential
2021,res,5-16,SRCE,SERC Reliability Corporation / Central,AEO2026 High Economic Growth,1.0,Residential
2021,ind,5-9,NYUP,Northeast Power Coordinating Council / Upstate New York,AEO2026 High Economic Growth,1.0,Industrial
2021,ind,5-12,PJMC,PJM / Commonwealth Edison,AEO2026 High Economic Growth,1.0,Industrial
2021,ind,5-13,PJMD,PJM / Dominion,AEO2026 High Economic Growth,1.0,Industrial
2021,ind,5-10,PJME,PJM / East,AEO2026 High Economic Growth,1.0,Industrial
2021,ind,5-11,PJMW,PJM / West,AEO2026 High Economic Growth,1.0,Industrial
2021,ind,5-16,SRCE,SERC Reliability Corporation / Central,AEO2026 High Economic Growth,1.0,Industrial
2021,ind,5-14,SRCA,SERC Reliability Corporation / East,AEO2026 High Economic Growth,1.0,Industrial
2021,ind,5-15,SRSE,SERC Reliability Corporation / Southeastern,AEO2026 High Economic Growth,1.0,Industrial
2021,ind,5-18,SPPC,Southwest Power Pool / Central,AEO2026 High Economic Growth,1.0,Industrial
2021,ind,5-19,SPPN,Southwest Power Pool / North,AEO2026 High Economic Growth,1.0,Industrial
2021,ind,5-17,SPPS,Southwest Power Pool / South,AEO2026 High Economic Growth,1.0,Industrial
2021,ind,5-1,TRE,Texas Reliability Entity,AEO2026 High Economic Growth,1.0,Industrial
2021,ind,5-25,BASN,Western Electricity Coordinating Council / Basin,AEO2026 High Economic Growth,1.0,Industrial
2021,ind,5-21,CANO,Western Electricity Coordinating Council / California North,AEO2026 High Economic Growth,1.0,Industrial
2021,ind,5-7,ISNE,Northeast Power Coordinating Council / New England,AEO2026 High Economic Growth,1.0,Industrial
2021,ind,5-22,CASO,Western Electricity Coordinating Council / California South,AEO2026 High Economic Growth,1.0,Industrial
2021,ind,5-20,SRSG,Western Electricity Coordinating Council / Southwest,AEO2026 High Economic Growth,1.0,Industrial
2021,ind,5-23,NWPP,Western Electricity Coordinating Council / Northwest Power Pool Area,AEO2026 High Economic Growth,1.0,Industrial
2021,res,5-2,FRCC,Florida Reliability Coordinating Council,AEO2026 High Economic Growth,1.0,Residential
2021,res,5-4,MISC,Midcontinent / Central,AEO2026 High Economic Growth,1.0,Residential
2021,res,5-5,MISE,Midcontinent / East,AEO2026 High Economic Growth,1.0,Residential
2021,res,5-6,MISS,Midcontinent / South,AEO2026 High Economic Growth,1.0,Residential
2021,res,5-3,MISW,Midcontinent / West,AEO2026 High Economic Growth,1.0,Residential
2021,res,5-8,NYCW,Northeast Power Coordinating Council / New York City and Long Island,AEO2026 High Economic Growth,1.0,Residential
2021,res,5-7,ISNE,Northeast Power Coordinating Council / New England,AEO2026 High Economic Growth,1.0,Residential
2021,res,5-9,NYUP,Northeast Power Coordinating Council / Upstate New York,AEO2026 High Economic Growth,1.0,Residential
2021,res,5-12,PJMC,PJM / Commonwealth Edison,AEO2026 High Economic Growth,1.0,Residential
2021,res,5-13,PJMD,PJM / Dominion,AEO2026 High Economic Growth,1.0,Residential
2021,res,5-10,PJME,PJM / East,AEO2026 High Economic Growth,1.0,Residential
2021,res,5-11,PJMW,PJM / West,AEO2026 High Economic Growth,1.0,Residential
2021,ind,5-24,RMRG,Western Electricity Coordinating Council / Rockies,AEO2026 High Economic Growth,1.0,Industrial
2021,ind,5-8,NYCW,Northeast Power Coordinating Council / New York City and Long Island,AEO2026 High Economic Growth,1.0,Industrial
2021,ind,5-3,MISW,Midcontinent / West,AEO2026 High Economic Growth,1.0,Industrial
2021,ind,5-6,MISS,Midcontinent / South,AEO2026 High Economic Growth,1.0,Industrial
2021,com,5-2,FRCC,Florida Reliability Coordinating Council,AEO2026 High Economic Growth,1.0,Commercial
2021,com,5-4,MISC,Midcontinent / Central,AEO2026 High Economic Growth,1.0,Commercial
2021,com,5-5,MISE,Midcontinent / East,AEO2026 High Economic Growth,1.0,Commercial
2021,com,5-6,MISS,Midcontinent / South,AEO2026 High Economic Growth,1.0,Commercial
2021,com,5-3,MISW,Midcontinent / West,AEO2026 High Economic Growth,1.0,Commercial
2021,com,5-8,NYCW,Northeast Power Coordinating Council / New York City and Long Island,AEO2026 High Economic Growth,1.0,Commercial
2021,com,5-7,ISNE,Northeast Power Coordinating Council / New England,AEO2026 High Economic Growth,1.0,Commercial
2021,com,5-9,NYUP,Northeast Power Coordinating Council / Upstate New York,AEO2026 High Economic Growth,1.0,Commercial
2021,com,5-12,PJMC,PJM / Commonwealth Edison,AEO2026 High Economic Growth,1.0,Commercial
2021,com,5-13,PJMD,PJM / Dominion,AEO2026 High Economic Growth,1.0,Commercial
2021,com,5-10,PJME,PJM / East,AEO2026 High Economic Growth,1.0,Commercial
2021,com,5-11,PJMW,PJM / West,AEO2026 High Economic Growth,1.0,Commercial
2021,com,5-16,SRCE,SERC Reliability Corporation / Central,AEO2026 High Economic Growth,1.0,Commercial
2021,com,5-14,SRCA,SERC Reliability Corporation / East,AEO2026 High Economic Growth,1.0,Commercial
2021,ind,5-5,MISE,Midcontinent / East,AEO2026 High Economic Growth,1.0,Industrial
2021,ind,5-4,MISC,Midcontinent / Central,AEO2026 High Economic Growth,1.0,Industrial
2021,ind,5-2,FRCC,Florida Reliability Coordinating Council,AEO2026 High Economic Growth,1.0,Industrial
2021,com,5-23,NWPP,Western Electricity Coordinating Council / Northwest Power Pool Area,AEO2026 High Economic Growth,1.0,Commercial
2021,com,5-20,SRSG,Western Electricity Coordinating Council / Southwest,AEO2026 High Economic Growth,1.0,Commercial
2021,com,5-24,RMRG,Western Electricity Coordinating Council / Rockies,AEO2026 High Economic Growth,1.0,Commercial
2021,com,5-22,CASO,Western Electricity Coordinating Council / California South,AEO2026 High Economic Growth,1.0,Commercial
2021,com,5-25,BASN,Western Electricity Coordinating Council / Basin,AEO2026 High Economic Growth,1.0,Commercial
2021,com,5-1,TRE,Texas Reliability Entity,AEO2026 High Economic Growth,1.0,Commercial
2021,com,5-17,SPPS,Southwest Power Pool / South,AEO2026 High Economic Growth,1.0,Commercial
2021,com,5-19,SPPN,Southwest Power Pool / North,AEO2026 High Economic Growth,1.0,Commercial
2021,com,5-18,SPPC,Southwest Power Pool / Central,AEO2026 High Economic Growth,1.0,Commercial
2021,com,5-15,SRSE,SERC Reliability Corporation / Southeastern,AEO2026 High Economic Growth,1.0,Commercial
2021,com,5-21,CANO,Western Electricity Coordinating Council / California North,AEO2026 High Economic Growth,1.0,Commercial
2021,res,5-18,SPPC,Southwest Power Pool / Central,AEO2026 High Economic Growth,1.0,Residential
2022,res,5-11,PJMW,PJM / West,AEO2026 High Economic Growth,1.0,Residential
2022,trans,5-23,NWPP,Western Electricity Coordinating Council / Northwest Power Pool Area,AEO2026 High Economic Growth,1.0,Transportation
2022,trans,5-24,RMRG,Western Electricity Coordinating Council / Rockies,AEO2026 High Economic Growth,1.0,Transportation
2022,res,5-17,SPPS,Southwest Power Pool / South,AEO2026 High Economic Growth,1.0,Residential
2022,res,5-1,TRE,Texas Reliability Entity,AEO2026 High Economic Growth,1.0,Residential
2022,res,5-25,BASN,Western Electricity Coordinating Council / Basin,AEO2026 High Economic Growth,1.0,Residential
2022,res,5-21,CANO,Western Electricity Coordinating Council / California North,AEO2026 High Economic Growth,1.0,Residential
2022,res,5-22,CASO,Western Electricity Coordinating Council / California South,AEO2026 High Economic Growth,1.0,Residential
2022,res,5-24,RMRG,Western Electricity Coordinating Council / Rockies,AEO2026 High Economic Growth,1.0,Residential
2022,res,5-20,SRSG,Western Electricity Coordinating Council / Southwest,AEO2026 High Economic Growth,1.0,Residential
2022,res,5-23,NWPP,Western Electricity Coordinating Council / Northwest Power Pool Area,AEO2026 High Economic Growth,1.0,Residential
2022,trans,5-2,FRCC,Florida Reliability Coordinating Council,AEO2026 High Economic Growth,1.0,Transportation
2022,trans,5-4,MISC,Midcontinent / Central,AEO2026 High Economic Growth,1.0,Transportation
2022,trans,5-5,MISE,Midcontinent / East,AEO2026 High Economic Growth,1.0,Transportation
2022,trans,5-6,MISS,Midcontinent / South,AEO2026 High Economic Growth,1.0,Transportation
2022,trans,5-3,MISW,Midcontinent / West,AEO2026 High Economic Growth,1.0,Transportation
2022,trans,5-8,NYCW,Northeast Power Coordinating Council / New York City and Long Island,AEO2026 High Economic Growth,1.0,Transportation
2022,trans,5-20,SRSG,Western Electricity Coordinating Council / Southwest,AEO2026 High Economic Growth,1.0,Transportation
2022,trans,5-7,ISNE,Northeast Power Coordinating Council / New England,AEO2026 High Economic Growth,1.0,Transportation
2022,trans,5-12,PJMC,PJM / Commonwealth Edison,AEO2026 High Economic Growth,1.0,Transportation
2022,trans,5-13,PJMD,PJM / Dominion,AEO2026 High Economic Growth,1.0,Transportation
2022,trans,5-10,PJME,PJM / East,AEO2026 High Economic Growth,1.0,Transportation
2022,trans,5-11,PJMW,PJM / West,AEO2026 High Economic Growth,1.0,Transportation
2022,trans,5-16,SRCE,SERC Reliability Corporation / Central,AEO2026 High Economic Growth,1.0,Transportation
2022,trans,5-14,SRCA,SERC Reliability Corporation / East,AEO2026 High Economic Growth,1.0,Transportation
2022,trans,5-15,SRSE,SERC Reliability Corporation / Southeastern,AEO2026 High Economic Growth,1.0,Transportation
2022,trans,5-18,SPPC,Southwest Power Pool / Central,AEO2026 High Economic Growth,1.0,Transportation
2022,trans,5-19,SPPN,Southwest Power Pool / North,AEO2026 High Economic Growth,1.0,Transportation
2022,trans,5-17,SPPS,Southwest Power Pool / South,AEO2026 High Economic Growth,1.0,Transportation
2022,trans,5-1,TRE,Texas Reliability Entity,AEO2026 High Economic Growth,1.0,Transportation
2022,trans,5-25,BASN,Western Electricity Coordinating Council / Basin,AEO2026 High Economic Growth,1.0,Transportation
2022,trans,5-21,CANO,Western Electricity Coordinating Council / California North,AEO2026 High Economic Growth,1.0,Transportation
2022,trans,5-22,CASO,Western Electricity Coordinating Council / California South,AEO2026 High Economic Growth,1.0,Transportation
2022,trans,5-9,NYUP,Northeast Power Coordinating Council / Upstate New York,AEO2026 High Economic Growth,1.0,Transportation
2022,res,5-19,SPPN,Southwest Power Pool / North,AEO2026 High Economic Growth,1.0,Residential
2022,res,5-18,SPPC,Southwest Power Pool / Central,AEO2026 High Economic Growth,1.0,Residential
2022,res,5-14,SRCA,SERC Reliability Corporation / East,AEO2026 High Economic Growth,1.0,Residential
2022,res,5-16,SRCE,SERC Reliability Corporation / Central,AEO2026 High Economic Growth,1.0,Residential
2022,ind,5-9,NYUP,Northeast Power Coordinating Council / Upstate New York,AEO2026 High Economic Growth,1.0,Industrial
2022,ind,5-12,PJMC,PJM / Commonwealth Edison,AEO2026 High Economic Growth,1.0,Industrial
2022,ind,5-13,PJMD,PJM / Dominion,AEO2026 High Economic Growth,1.0,Industrial
2022,ind,5-10,PJME,PJM / East,AEO2026 High Economic Growth,1.0,Industrial
2022,ind,5-11,PJMW,PJM / West,AEO2026 High Economic Growth,1.0,Industrial
2022,ind,5-16,SRCE,SERC Reliability Corporation / Central,AEO2026 High Economic Growth,1.0,Industrial
2022,ind,5-14,SRCA,SERC Reliability Corporation / East,AEO2026 High Economic Growth,1.0,Industrial
2022,ind,5-15,SRSE,SERC Reliability Corporation / Southeastern,AEO2026 High Economic Growth,1.0,Industrial
2022,ind,5-18,SPPC,Southwest Power Pool / Central,AEO2026 High Economic Growth,1.0,Industrial
2022,ind,5-19,SPPN,Southwest Power Pool / North,AEO2026 High Economic Growth,1.0,Industrial
2022,ind,5-17,SPPS,Southwest Power Pool / South,AEO2026 High Economic Growth,1.0,Industrial
2022,ind,5-1,TRE,Texas Reliability Entity,AEO2026 High Economic Growth,1.0,Industrial
2022,ind,5-25,BASN,Western Electricity Coordinating Council / Basin,AEO2026 High Economic Growth,1.0,Industrial
2022,ind,5-21,CANO,Western Electricity Coordinating Council / California North,AEO2026 High Economic Growth,1.0,Industrial
2022,ind,5-7,ISNE,Northeast Power Coordinating Council / New England,AEO2026 High Economic Growth,1.0,Industrial
2022,ind,5-22,CASO,Western Electricity Coordinating Council / California South,AEO2026 High Economic Growth,1.0,Industrial
2022,ind,5-20,SRSG,Western Electricity Coordinating Council / Southwest,AEO2026 High Economic Growth,1.0,Industrial
2022,ind,5-23,NWPP,Western Electricity Coordinating Council / Northwest Power Pool Area,AEO2026 High Economic Growth,1.0,Industrial
2022,res,5-2,FRCC,Florida Reliability Coordinating Council,AEO2026 High Economic Growth,1.0,Residential
2022,res,5-4,MISC,Midcontinent / Central,AEO2026 High Economic Growth,1.0,Residential
2022,res,5-5,MISE,Midcontinent / East,AEO2026 High Economic Growth,1.0,Residential
2022,res,5-6,MISS,Midcontinent / South,AEO2026 High Economic Growth,1.0,Residential
2022,res,5-3,MISW,Midcontinent / West,AEO2026 High Economic Growth,1.0,Residential
2022,res,5-8,NYCW,Northeast Power Coordinating Council / New York City and Long Island,AEO2026 High Economic Growth,1.0,Residential
2022,res,5-7,ISNE,Northeast Power Coordinating Council / New England,AEO2026 High Economic Growth,1.0,Residential
2022,res,5-9,NYUP,Northeast Power Coordinating Council / Upstate New York,AEO2026 High Economic Growth,1.0,Residential
2022,res,5-12,PJMC,PJM / Commonwealth Edison,AEO2026 High Economic Growth,1.0,Residential
2022,res,5-13,PJMD,PJM / Dominion,AEO2026 High Economic Growth,1.0,Residential
2022,res,5-10,PJME,PJM / East,AEO2026 High Economic Growth,1.0,Residential
2022,ind,5-24,RMRG,Western Electricity Coordinating Council / Rockies,AEO2026 High Economic Growth,1.0,Industrial
2022,ind,5-8,NYCW,Northeast Power Coordinating Council / New York City and Long Island,AEO2026 High Economic Growth,1.0,Industrial
2022,ind,5-3,MISW,Midcontinent / West,AEO2026 High Economic Growth,1.0,Industrial
2022,ind,5-6,MISS,Midcontinent / South,AEO2026 High Economic Growth,1.0,Industrial
2022,com,5-2,FRCC,Florida Reliability Coordinating Council,AEO2026 High Economic Growth,1.0,Commercial
2022,com,5-4,MISC,Midcontinent / Central,AEO2026 High Economic Growth,1.0,Commercial
2022,com,5-5,MISE,Midcontinent / East,AEO2026 High Economic Growth,1.0,Commercial
2022,com,5-6,MISS,Midcontinent / South,AEO2026 High Economic Growth,1.0,Commercial
2022,com,5-3,MISW,Midcontinent / West,AEO2026 High Economic Growth,1.0,Commercial
2022,com,5-8,NYCW,Northeast Power Coordinating Council / New York City and Long Island,AEO2026 High Economic Growth,1.0,Commercial
2022,com,5-7,ISNE,Northeast Power Coordinating Council / New England,AEO2026 High Economic Growth,1.0,Commercial
2022,com,5-9,NYUP,Northeast Power Coordinating Council / Upstate New York,AEO2026 High Economic Growth,1.0,Commercial
2022,com,5-12,PJMC,PJM / Commonwealth Edison,AEO2026 High Economic Growth,1.0,Commercial
2022,com,5-13,PJMD,PJM / Dominion,AEO2026 High Economic Growth,1.0,Commercial
2022,com,5-10,PJME,PJM / East,AEO2026 High Economic Growth,1.0,Commercial
2022,com,5-11,PJMW,PJM / West,AEO2026 High Economic Growth,1.0,Commercial
2022,com,5-16,SRCE,SERC Reliability Corporation / Central,AEO2026 High Economic Growth,1.0,Commercial
2022,com,5-14,SRCA,SERC Reliability Corporation / East,AEO2026 High Economic Growth,1.0,Commercial
2022,ind,5-5,MISE,Midcontinent / East,AEO2026 High Economic Growth,1.0,Industrial
2022,ind,5-4,MISC,Midcontinent / Central,AEO2026 High Economic Growth,1.0,Industrial
2022,ind,5-2,FRCC,Florida Reliability Coordinating Council,AEO2026 High Economic Growth,1.0,Industrial
2022,com,5-23,NWPP,Western Electricity Coordinating Council / Northwest Power Pool Area,AEO2026 High Economic Growth,1.0,Commercial
2022,com,5-20,SRSG,Western Electricity Coordinating Council / Southwest,AEO2026 High Economic Growth,1.0,Commercial
2022,com,5-24,RMRG,Western Electricity Coordinating Council / Rockies,AEO2026 High Economic Growth,1.0,Commercial
2022,com,5-22,CASO,Western Electricity Coordinating Council / California South,AEO2026 High Economic Growth,1.0,Commercial
2022,com,5-25,BASN,Western Electricity Coordinating Council / Basin,AEO2026 High Economic Growth,1.0,Commercial
2022,com,5-1,TRE,Texas Reliability Entity,AEO2026 High Economic Growth,1.0,Commercial
2022,com,5-17,SPPS,Southwest Power Pool / South,AEO2026 High Economic Growth,1.0,Commercial
2022,com,5-19,SPPN,Southwest Power Pool / North,AEO2026 High Economic Growth,1.0,Commercial
2022,com,5-18,SPPC,Southwest Power Pool / Central,AEO2026 High Economic Growth,1.0,Commercial
2022,com,5-15,SRSE,SERC Reliability Corporation / Southeastern,AEO2026 High Economic Growth,1.0,Commercial
2022,com,5-21,CANO,Western Electricity Coordinating Council / California North,AEO2026 High Economic Growth,1.0,Commercial
2022,res,5-15,SRSE,SERC Reliability Corporation / Southeastern,AEO2026 High Economic Growth,1.0,Residential
2023,res,5-11,PJMW,PJM / West,AEO2026 High Economic Growth,1.0,Residential
2023,trans,5-23,NWPP,Western Electricity Coordinating Council / Northwest Power Pool Area,AEO2026 High Economic Growth,1.0,Transportation
2023,trans,5-20,SRSG,Western Electricity Coordinating Council / Southwest,AEO2026 High Economic Growth,1.0,Transportation
2023,trans,5-24,RMRG,Western Electricity Coordinating Council / Rockies,AEO2026 High Economic Growth,1.0,Transportation
2023,res,5-19,SPPN,Southwest Power Pool / North,AEO2026 High Economic Growth,1.0,Residential
2023,res,5-17,SPPS,Southwest Power Pool / South,AEO2026 High Economic Growth,1.0,Residential
2023,res,5-1,TRE,Texas Reliability Entity,AEO2026 High Economic Growth,1.0,Residential
2023,res,5-25,BASN,Western Electricity Coordinating Council / Basin,AEO2026 High Economic Growth,1.0,Residential
2023,res,5-21,CANO,Western Electricity Coordinating Council / California North,AEO2026 High Economic Growth,1.0,Residential
2023,res,5-22,CASO,Western Electricity Coordinating Council / California South,AEO2026 High Economic Growth,1.0,Residential
2023,res,5-24,RMRG,Western Electricity Coordinating Council / Rockies,AEO2026 High Economic Growth,1.0,Residential
2023,res,5-20,SRSG,Western Electricity Coordinating Council / Southwest,AEO2026 High Economic Growth,1.0,Residential
2023,res,5-23,NWPP,Western Electricity Coordinating Council / Northwest Power Pool Area,AEO2026 High Economic Growth,1.0,Residential
2023,trans,5-2,FRCC,Florida Reliability Coordinating Council,AEO2026 High Economic Growth,1.0,Transportation
2023,trans,5-4,MISC,Midcontinent / Central,AEO2026 High Economic Growth,1.0,Transportation
2023,trans,5-5,MISE,Midcontinent / East,AEO2026 High Economic Growth,1.0,Transportation
2023,trans,5-6,MISS,Midcontinent / South,AEO2026 High Economic Growth,1.0,Transportation
2023,trans,5-3,MISW,Midcontinent / West,AEO2026 High Economic Growth,1.0,Transportation
2023,trans,5-8,NYCW,Northeast Power Coordinating Council / New York City and Long Island,AEO2026 High Economic Growth,1.0,Transportation
2023,trans,5-7,ISNE,Northeast Power Coordinating Council / New England,AEO2026 High Economic Growth,1.0,Transportation
2023,trans,5-9,NYUP,Northeast Power Coordinating Council / Upstate New York,AEO2026 High Economic Growth,1.0,Transportation
2023,trans,5-22,CASO,Western Electricity Coordinating Council / California South,AEO2026 High Economic Growth,1.0,Transportation
2023,trans,5-21,CANO,Western Electricity Coordinating Council / California North,AEO2026 High Economic Growth,1.0,Transportation
2023,trans,5-25,BASN,Western Electricity Coordinating Council / Basin,AEO2026 High Economic Growth,1.0,Transportation
2023,trans,5-1,TRE,Texas Reliability Entity,AEO2026 High Economic Growth,1.0,Transportation
2023,trans,5-17,SPPS,Southwest Power Pool / South,AEO2026 High Economic Growth,1.0,Transportation
2023,trans,5-19,SPPN,Southwest Power Pool / North,AEO2026 High Economic Growth,1.0,Transportation
2023,trans,5-18,SPPC,Southwest Power Pool / Central,AEO2026 High Economic Growth,1.0,Transportation
2023,trans,5-14,SRCA,SERC Reliability Corporation / East,AEO2026 High Economic Growth,1.0,Transportation
2023,trans,5-16,SRCE,SERC Reliability Corporation / Central,AEO2026 High Economic Growth,1.0,Transportation
2023,trans,5-11,PJMW,PJM / West,AEO2026 High Economic Growth,1.0,Transportation
2023,trans,5-10,PJME,PJM / East,AEO2026 High Economic Growth,1.0,Transportation
2023,trans,5-13,PJMD,PJM / Dominion,AEO2026 High Economic Growth,1.0,Transportation
2023,trans,5-12,PJMC,PJM / Commonwealth Edison,AEO2026 High Economic Growth,1.0,Transportation
2023,trans,5-15,SRSE,SERC Reliability Corporation / Southeastern,AEO2026 High Economic Growth,1.0,Transportation
2023,res,5-18,SPPC,Southwest Power Pool / Central,AEO2026 High Economic Growth,1.0,Residential
2023,res,5-15,SRSE,SERC Reliability Corporation / Southeastern,AEO2026 High Economic Growth,1.0,Residential
2023,res,5-14,SRCA,SERC Reliability Corporation / East,AEO2026 High Economic Growth,1.0,Residential
2023,res,5-16,SRCE,SERC Reliability Corporation / Central,AEO2026 High Economic Growth,1.0,Residential
2023,ind,5-7,ISNE,Northeast Power Coordinating Council / New England,AEO2026 High Economic Growth,1.0,Industrial
2023,ind,5-9,NYUP,Northeast Power Coordinating Council / Upstate New York,AEO2026 High Economic Growth,1.0,Industrial
2023,ind,5-12,PJMC,PJM / Commonwealth Edison,AEO2026 High Economic Growth,1.0,Industrial
2023,ind,5-13,PJMD,PJM / Dominion,AEO2026 High Economic Growth,1.0,Industrial
2023,ind,5-10,PJME,PJM / East,AEO2026 High Economic Growth,1.0,Industrial
2023,ind,5-11,PJMW,PJM / West,AEO2026 High Economic Growth,1.0,Industrial
2023,ind,5-16,SRCE,SERC Reliability Corporation / Central,AEO2026 High Economic Growth,1.0,Industrial
2023,ind,5-14,SRCA,SERC Reliability Corporation / East,AEO2026 High Economic Growth,1.0,Industrial
2023,ind,5-15,SRSE,SERC Reliability Corporation / Southeastern,AEO2026 High Economic Growth,1.0,Industrial
2023,ind,5-18,SPPC,Southwest Power Pool / Central,AEO2026 High Economic Growth,1.0,Industrial
2023,ind,5-19,SPPN,Southwest Power Pool / North,AEO2026 High Economic Growth,1.0,Industrial
2023,ind,5-17,SPPS,Southwest Power Pool / South,AEO2026 High Economic Growth,1.0,Industrial
2023,ind,5-1,TRE,Texas Reliability Entity,AEO2026 High Economic Growth,1.0,Industrial
2023,ind,5-25,BASN,Western Electricity Coordinating Council / Basin,AEO2026 High Economic Growth,1.0,Industrial
2023,ind,5-21,CANO,Western Electricity Coordinating Council / California North,AEO2026 High Economic Growth,1.0,Industrial
2023,ind,5-22,CASO,Western Electricity Coordinating Council / California South,AEO2026 High Economic Growth,1.0,Industrial
2023,ind,5-24,RMRG,Western Electricity Coordinating Council / Rockies,AEO2026 High Economic Growth,1.0,Industrial
2023,res,5-10,PJME,PJM / East,AEO2026 High Economic Growth,1.0,Residential
2023,res,5-13,PJMD,PJM / Dominion,AEO2026 High Economic Growth,1.0,Residential
2023,res,5-12,PJMC,PJM / Commonwealth Edison,AEO2026 High Economic Growth,1.0,Residential
2023,res,5-9,NYUP,Northeast Power Coordinating Council / Upstate New York,AEO2026 High Economic Growth,1.0,Residential
2023,res,5-7,ISNE,Northeast Power Coordinating Council / New England,AEO2026 High Economic Growth,1.0,Residential
2023,ind,5-8,NYCW,Northeast Power Coordinating Council / New York City and Long Island,AEO2026 High Economic Growth,1.0,Industrial
2023,res,5-8,NYCW,Northeast Power Coordinating Council / New York City and Long Island,AEO2026 High Economic Growth,1.0,Residential
2023,res,5-6,MISS,Midcontinent / South,AEO2026 High Economic Growth,1.0,Residential
2023,res,5-5,MISE,Midcontinent / East,AEO2026 High Economic Growth,1.0,Residential
2023,res,5-4,MISC,Midcontinent / Central,AEO2026 High Economic Growth,1.0,Residential
2023,res,5-2,FRCC,Florida Reliability Coordinating Council,AEO2026 High Economic Growth,1.0,Residential
2023,ind,5-23,NWPP,Western Electricity Coordinating Council / Northwest Power Pool Area,AEO2026 High Economic Growth,1.0,Industrial
2023,ind,5-20,SRSG,Western Electricity Coordinating Council / Southwest,AEO2026 High Economic Growth,1.0,Industrial
2023,res,5-3,MISW,Midcontinent / West,AEO2026 High Economic Growth,1.0,Residential
2023,ind,5-3,MISW,Midcontinent / West,AEO2026 High Economic Growth,1.0,Industrial
2023,ind,5-5,MISE,Midcontinent / East,AEO2026 High Economic Growth,1.0,Industrial
2023,com,5-2,FRCC,Florida Reliability Coordinating Council,AEO2026 High Economic Growth,1.0,Commercial
2023,com,5-4,MISC,Midcontinent / Central,AEO2026 High Economic Growth,1.0,Commercial
2023,com,5-5,MISE,Midcontinent / East,AEO2026 High Economic Growth,1.0,Commercial
2023,com,5-6,MISS,Midcontinent / South,AEO2026 High Economic Growth,1.0,Commercial
2023,com,5-3,MISW,Midcontinent / West,AEO2026 High Economic Growth,1.0,Commercial
2023,com,5-8,NYCW,Northeast Power Coordinating Council / New York City and Long Island,AEO2026 High Economic Growth,1.0,Commercial
2023,com,5-7,ISNE,Northeast Power Coordinating Council / New England,AEO2026 High Economic Growth,1.0,Commercial
2023,com,5-9,NYUP,Northeast Power Coordinating Council / Upstate New York,AEO2026 High Economic Growth,1.0,Commercial
2023,com,5-12,PJMC,PJM / Commonwealth Edison,AEO2026 High Economic Growth,1.0,Commercial
2023,com,5-13,PJMD,PJM / Dominion,AEO2026 High Economic Growth,1.0,Commercial
2023,com,5-10,PJME,PJM / East,AEO2026 High Economic Growth,1.0,Commercial
2023,com,5-11,PJMW,PJM / West,AEO2026 High Economic Growth,1.0,Commercial
2023,com,5-16,SRCE,SERC Reliability Corporation / Central,AEO2026 High Economic Growth,1.0,Commercial
2023,ind,5-4,MISC,Midcontinent / Central,AEO2026 High Economic Growth,1.0,Industrial
2023,ind,5-2,FRCC,Florida Reliability Coordinating Council,AEO2026 High Economic Growth,1.0,Industrial
2023,com,5-23,NWPP,Western Electricity Coordinating Council / Northwest Power Pool Area,AEO2026 High Economic Growth,1.0,Commercial
2023,com,5-20,SRSG,Western Electricity Coordinating Council / Southwest,AEO2026 High Economic Growth,1.0,Commercial
2023,com,5-24,RMRG,Western Electricity Coordinating Council / Rockies,AEO2026 High Economic Growth,1.0,Commercial
2023,com,5-22,CASO,Western Electricity Coordinating Council / California South,AEO2026 High Economic Growth,1.0,Commercial
2023,ind,5-6,MISS,Midcontinent / South,AEO2026 High Economic Growth,1.0,Industrial
2023,com,5-21,CANO,Western Electricity Coordinating Council / California North,AEO2026 High Economic Growth,1.0,Commercial
2023,com,5-1,TRE,Texas Reliability Entity,AEO2026 High Economic Growth,1.0,Commercial
2023,com,5-17,SPPS,Southwest Power Pool / South,AEO2026 High Economic Growth,1.0,Commercial
2023,com,5-19,SPPN,Southwest Power Pool / North,AEO2026 High Economic Growth,1.0,Commercial
2023,com,5-18,SPPC,Southwest Power Pool / Central,AEO2026 High Economic Growth,1.0,Commercial
2023,com,5-15,SRSE,SERC Reliability Corporation / Southeastern,AEO2026 High Economic Growth,1.0,Commercial
2023,com,5-14,SRCA,SERC Reliability Corporation / East,AEO2026 High Economic Growth,1.0,Commercial
2023,com,5-25,BASN,Western Electricity Coordinating Council / Basin,AEO2026 High Economic Growth,1.0,Commercial
2024,trans,5-23,NWPP,Western Electricity Coordinating Council / Northwest Power Pool Area,AEO2026 High Economic Growth,1.0,Transportation
2024,trans,5-20,SRSG,Western Electricity Coordinating Council / Southwest,AEO2026 High Economic Growth,1.0,Transportation
2024,trans,5-24,RMRG,Western Electricity Coordinating Council / Rockies,AEO2026 High Economic Growth,1.0,Transportation
2024,trans,5-21,CANO,Western Electricity Coordinating Council / California North,AEO2026 High Economic Growth,1.0,Transportation
2024,res,5-18,SPPC,Southwest Power Pool / Central,AEO2026 High Economic Growth,1.0,Residential
2024,res,5-19,SPPN,Southwest Power Pool / North,AEO2026 High Economic Growth,1.0,Residential
2024,res,5-17,SPPS,Southwest Power Pool / South,AEO2026 High Economic Growth,1.0,Residential
2024,res,5-1,TRE,Texas Reliability Entity,AEO2026 High Economic Growth,1.0,Residential
2024,res,5-25,BASN,Western Electricity Coordinating Council / Basin,AEO2026 High Economic Growth,1.0,Residential
2024,res,5-21,CANO,Western Electricity Coordinating Council / California North,AEO2026 High Economic Growth,1.0,Residential
2024,res,5-22,CASO,Western Electricity Coordinating Council / California South,AEO2026 High Economic Growth,1.0,Residential
2024,res,5-24,RMRG,Western Electricity Coordinating Council / Rockies,AEO2026 High Economic Growth,1.0,Residential
2024,res,5-20,SRSG,Western Electricity Coordinating Council / Southwest,AEO2026 High Economic Growth,1.0,Residential
2024,res,5-23,NWPP,Western Electricity Coordinating Council / Northwest Power Pool Area,AEO2026 High Economic Growth,1.0,Residential
2024,trans,5-2,FRCC,Florida Reliability Coordinating Council,AEO2026 High Economic Growth,1.0,Transportation
2024,trans,5-4,MISC,Midcontinent / Central,AEO2026 High Economic Growth,1.0,Transportation
2024,trans,5-5,MISE,Midcontinent / East,AEO2026 High Economic Growth,1.0,Transportation
2024,trans,5-6,MISS,Midcontinent / South,AEO2026 High Economic Growth,1.0,Transportation
2024,trans,5-22,CASO,Western Electricity Coordinating Council / California South,AEO2026 High Economic Growth,1.0,Transportation
2024,trans,5-3,MISW,Midcontinent / West,AEO2026 High Economic Growth,1.0,Transportation
2024,trans,5-7,ISNE,Northeast Power Coordinating Council / New England,AEO2026 High Economic Growth,1.0,Transportation
2024,trans,5-9,NYUP,Northeast Power Coordinating Council / Upstate New York,AEO2026 High Economic Growth,1.0,Transportation
2024,trans,5-12,PJMC,PJM / Commonwealth Edison,AEO2026 High Economic Growth,1.0,Transportation
2024,trans,5-13,PJMD,PJM / Dominion,AEO2026 High Economic Growth,1.0,Transportation
2024,trans,5-10,PJME,PJM / East,AEO2026 High Economic Growth,1.0,Transportation
2024,trans,5-11,PJMW,PJM / West,AEO2026 High Economic Growth,1.0,Transportation
2024,trans,5-16,SRCE,SERC Reliability Corporation / Central,AEO2026 High Economic Growth,1.0,Transportation
2024,trans,5-14,SRCA,SERC Reliability Corporation / East,AEO2026 High Economic Growth,1.0,Transportation
2024,trans,5-15,SRSE,SERC Reliability Corporation / Southeastern,AEO2026 High Economic Growth,1.0,Transportation
2024,trans,5-18,SPPC,Southwest Power Pool / Central,AEO2026 High Economic Growth,1.0,Transportation
2024,trans,5-19,SPPN,Southwest Power Pool / North,AEO2026 High Economic Growth,1.0,Transportation
2024,trans,5-17,SPPS,Southwest Power Pool / South,AEO2026 High Economic Growth,1.0,Transportation
2024,trans,5-1,TRE,Texas Reliability Entity,AEO2026 High Economic Growth,1.0,Transportation
2024,trans,5-25,BASN,Western Electricity Coordinating Council / Basin,AEO2026 High Economic Growth,1.0,Transportation
2024,trans,5-8,NYCW,Northeast Power Coordinating Council / New York City and Long Island,AEO2026 High Economic Growth,1.0,Transportation
2024,res,5-15,SRSE,SERC Reliability Corporation / Southeastern,AEO2026 High Economic Growth,1.0,Residential
2024,res,5-14,SRCA,SERC Reliability Corporation / East,AEO2026 High Economic Growth,1.0,Residential
2024,res,5-16,SRCE,SERC Reliability Corporation / Central,AEO2026 High Economic Growth,1.0,Residential
2024,res,5-11,PJMW,PJM / West,AEO2026 High Economic Growth,1.0,Residential
2024,ind,5-7,ISNE,Northeast Power Coordinating Council / New England,AEO2026 High Economic Growth,1.0,Industrial
2024,ind,5-9,NYUP,Northeast Power Coordinating Council / Upstate New York,AEO2026 High Economic Growth,1.0,Industrial
2024,ind,5-12,PJMC,PJM / Commonwealth Edison,AEO2026 High Economic Growth,1.0,Industrial
2024,ind,5-13,PJMD,PJM / Dominion,AEO2026 High Economic Growth,1.0,Industrial
2024,ind,5-10,PJME,PJM / East,AEO2026 High Economic Growth,1.0,Industrial
2024,ind,5-11,PJMW,PJM / West,AEO2026 High Economic Growth,1.0,Industrial
2024,ind,5-16,SRCE,SERC Reliability Corporation / Central,AEO2026 High Economic Growth,1.0,Industrial
2024,ind,5-14,SRCA,SERC Reliability Corporation / East,AEO2026 High Economic Growth,1.0,Industrial
2024,ind,5-15,SRSE,SERC Reliability Corporation / Southeastern,AEO2026 High Economic Growth,1.0,Industrial
2024,ind,5-18,SPPC,Southwest Power Pool / Central,AEO2026 High Economic Growth,1.0,Industrial
2024,ind,5-19,SPPN,Southwest Power Pool / North,AEO2026 High Economic Growth,1.0,Industrial
2024,ind,5-17,SPPS,Southwest Power Pool / South,AEO2026 High Economic Growth,1.0,Industrial
2024,ind,5-1,TRE,Texas Reliability Entity,AEO2026 High Economic Growth,1.0,Industrial
2024,ind,5-25,BASN,Western Electricity Coordinating Council / Basin,AEO2026 High Economic Growth,1.0,Industrial
2024,ind,5-8,NYCW,Northeast Power Coordinating Council / New York City and Long Island,AEO2026 High Economic Growth,1.0,Industrial
2024,ind,5-21,CANO,Western Electricity Coordinating Council / California North,AEO2026 High Economic Growth,1.0,Industrial
2024,ind,5-24,RMRG,Western Electricity Coordinating Council / Rockies,AEO2026 High Economic Growth,1.0,Industrial
2024,ind,5-20,SRSG,Western Electricity Coordinating Council / Southwest,AEO2026 High Economic Growth,1.0,Industrial
2024,ind,5-23,NWPP,Western Electricity Coordinating Council / Northwest Power Pool Area,AEO2026 High Economic Growth,1.0,Industrial
2024,res,5-2,FRCC,Florida Reliability Coordinating Council,AEO2026 High Economic Growth,1.0,Residential
2024,res,5-4,MISC,Midcontinent / Central,AEO2026 High Economic Growth,1.0,Residential
2024,res,5-5,MISE,Midcontinent / East,AEO2026 High Economic Growth,1.0,Residential
2024,res,5-6,MISS,Midcontinent / South,AEO2026 High Economic Growth,1.0,Residential
2024,res,5-3,MISW,Midcontinent / West,AEO2026 High Economic Growth,1.0,Residential
2024,res,5-8,NYCW,Northeast Power Coordinating Council / New York City and Long Island,AEO2026 High Economic Growth,1.0,Residential
2024,res,5-7,ISNE,Northeast Power Coordinating Council / New England,AEO2026 High Economic Growth,1.0,Residential
2024,res,5-9,NYUP,Northeast Power Coordinating Council / Upstate New York,AEO2026 High Economic Growth,1.0,Residential
2024,res,5-12,PJMC,PJM / Commonwealth Edison,AEO2026 High Economic Growth,1.0,Residential
2024,res,5-13,PJMD,PJM / Dominion,AEO2026 High Economic Growth,1.0,Residential
2024,res,5-10,PJME,PJM / East,AEO2026 High Economic Growth,1.0,Residential
2024,ind,5-22,CASO,Western Electricity Coordinating Council / California South,AEO2026 High Economic Growth,1.0,Industrial
2024,ind,5-3,MISW,Midcontinent / West,AEO2026 High Economic Growth,1.0,Industrial
2024,ind,5-6,MISS,Midcontinent / South,AEO2026 High Economic Growth,1.0,Industrial
2024,ind,5-5,MISE,Midcontinent / East,AEO2026 High Economic Growth,1.0,Industrial
2024,com,5-2,FRCC,Florida Reliability Coordinating Council,AEO2026 High Economic Growth,1.0,Commercial
2024,com,5-4,MISC,Midcontinent / Central,AEO2026 High Economic Growth,1.0,Commercial
2024,com,5-5,MISE,Midcontinent / East,AEO2026 High Economic Growth,1.0,Commercial
2024,com,5-6,MISS,Midcontinent / South,AEO2026 High Economic Growth,1.0,Commercial
2024,com,5-3,MISW,Midcontinent / West,AEO2026 High Economic Growth,1.0,Commercial
2024,com,5-8,NYCW,Northeast Power Coordinating Council / New York City and Long Island,AEO2026 High Economic Growth,1.0,Commercial
2024,com,5-7,ISNE,Northeast Power Coordinating Council / New England,AEO2026 High Economic Growth,1.0,Commercial
2024,com,5-9,NYUP,Northeast Power Coordinating Council / Upstate New York,AEO2026 High Economic Growth,1.0,Commercial
2024,com,5-12,PJMC,PJM / Commonwealth Edison,AEO2026 High Economic Growth,1.0,Commercial
2024,com,5-13,PJMD,PJM / Dominion,AEO2026 High Economic Growth,1.0,Commercial
2024,com,5-10,PJME,PJM / East,AEO2026 High Economic Growth,1.0,Commercial
2024,com,5-11,PJMW,PJM / West,AEO2026 High Economic Growth,1.0,Commercial
2024,com,5-16,SRCE,SERC Reliability Corporation / Central,AEO2026 High Economic Growth,1.0,Commercial
2024,ind,5-4,MISC,Midcontinent / Central,AEO2026 High Economic Growth,1.0,Industrial
2024,ind,5-2,FRCC,Florida Reliability Coordinating Council,AEO2026 High Economic Growth,1.0,Industrial
2024,com,5-23,NWPP,Western Electricity Coordinating Council / Northwest Power Pool Area,AEO2026 High Economic Growth,1.0,Commercial
2024,com,5-20,SRSG,Western Electricity Coordinating Council / Southwest,AEO2026 High Economic Growth,1.0,Commercial
2024,com,5-24,RMRG,Western Electricity Coordinating Council / Rockies,AEO2026 High Economic Growth,1.0,Commercial
2024,com,5-22,CASO,Western Electricity Coordinating Council / California South,AEO2026 High Economic Growth,1.0,Commercial
2024,com,5-21,CANO,Western Electricity Coordinating Council / California North,AEO2026 High Economic Growth,1.0,Commercial
2024,com,5-1,TRE,Texas Reliability Entity,AEO2026 High Economic Growth,1.0,Commercial
2024,com,5-17,SPPS,Southwest Power Pool / South,AEO2026 High Economic Growth,1.0,Commercial
2024,com,5-19,SPPN,Southwest Power Pool / North,AEO2026 High Economic Growth,1.0,Commercial
2024,com,5-18,SPPC,Southwest Power Pool / Central,AEO2026 High Economic Growth,1.0,Commercial
2024,com,5-15,SRSE,SERC Reliability Corporation / Southeastern,AEO2026 High Economic Growth,1.0,Commercial
2024,com,5-14,SRCA,SERC Reliability Corporation / East,AEO2026 High Economic Growth,1.0,Commercial
2024,com,5-25,BASN,Western Electricity Coordinating Council / Basin,AEO2026 High Economic Growth,1.0,Commercial
2025,trans,5-23,NWPP,Western Electricity Coordinating Council / Northwest Power Pool Area,AEO2026 High Economic Growth,1.0,Transportation
2025,trans,5-20,SRSG,Western Electricity Coordinating Council / Southwest,AEO2026 High Economic Growth,1.0,Transportation
2025,trans,5-22,CASO,Western Electricity Coordinating Council / California South,AEO2026 High Economic Growth,1.0,Transportation
2025,trans,5-21,CANO,Western Electricity Coordinating Council / California North,AEO2026 High Economic Growth,1.0,Transportation
2025,trans,5-25,BASN,Western Electricity Coordinating Council / Basin,AEO2026 High Economic Growth,1.0,Transportation
2025,trans,5-1,TRE,Texas Reliability Entity,AEO2026 High Economic Growth,1.0,Transportation
2025,trans,5-17,SPPS,Southwest Power Pool / South,AEO2026 High Economic Growth,1.0,Transportation
2025,trans,5-19,SPPN,Southwest Power Pool / North,AEO2026 High Economic Growth,1.0,Transportation
2025,trans,5-24,RMRG,Western Electricity Coordinating Council / Rockies,AEO2026 High Economic Growth,1.0,Transportation
2025,trans,5-18,SPPC,Southwest Power Pool / Central,AEO2026 High Economic Growth,1.0,Transportation
2025,trans,5-15,SRSE,SERC Reliability Corporation / Southeastern,AEO2026 High Economic Growth,1.0,Transportation
2025,trans,5-14,SRCA,SERC Reliability Corporation / East,AEO2026 High Economic Growth,1.0,Transportation
2025,trans,5-16,SRCE,SERC Reliability Corporation / Central,AEO2026 High Economic Growth,1.0,Transportation
2025,res,5-17,SPPS,Southwest Power Pool / South,AEO2026 High Economic Growth,1.0,Residential
2025,res,5-19,SPPN,Southwest Power Pool / North,AEO2026 High Economic Growth,1.0,Residential
2025,res,5-18,SPPC,Southwest Power Pool / Central,AEO2026 High Economic Growth,1.0,Residential
2025,res,5-15,SRSE,SERC Reliability Corporation / Southeastern,AEO2026 High Economic Growth,1.0,Residential
2025,res,5-14,SRCA,SERC Reliability Corporation / East,AEO2026 High Economic Growth,1.0,Residential
2025,res,5-16,SRCE,SERC Reliability Corporation / Central,AEO2026 High Economic Growth,1.0,Residential
2025,res,5-11,PJMW,PJM / West,AEO2026 High Economic Growth,1.0,Residential
2025,res,5-10,PJME,PJM / East,AEO2026 High Economic Growth,1.0,Residential
2025,res,5-13,PJMD,PJM / Dominion,AEO2026 High Economic Growth,1.0,Residential
2025,res,5-12,PJMC,PJM / Commonwealth Edison,AEO2026 High Economic Growth,1.0,Residential
2025,res,5-9,NYUP,Northeast Power Coordinating Council / Upstate New York,AEO2026 High Economic Growth,1.0,Residential
2025,res,5-7,ISNE,Northeast Power Coordinating Council / New England,AEO2026 High Economic Growth,1.0,Residential
2025,res,5-8,NYCW,Northeast Power Coordinating Council / New York City and Long Island,AEO2026 High Economic Growth,1.0,Residential
2025,res,5-3,MISW,Midcontinent / West,AEO2026 High Economic Growth,1.0,Residential
2025,res,5-6,MISS,Midcontinent / South,AEO2026 High Economic Growth,1.0,Residential
2025,res,5-1,TRE,Texas Reliability Entity,AEO2026 High Economic Growth,1.0,Residential
2025,res,5-25,BASN,Western Electricity Coordinating Council / Basin,AEO2026 High Economic Growth,1.0,Residential
2025,res,5-22,CASO,Western Electricity Coordinating Council / California South,AEO2026 High Economic Growth,1.0,Residential
2025,trans,5-11,PJMW,PJM / West,AEO2026 High Economic Growth,1.0,Transportation
2025,trans,5-10,PJME,PJM / East,AEO2026 High Economic Growth,1.0,Transportation
2025,trans,5-13,PJMD,PJM / Dominion,AEO2026 High Economic Growth,1.0,Transportation
2025,trans,5-12,PJMC,PJM / Commonwealth Edison,AEO2026 High Economic Growth,1.0,Transportation
2025,trans,5-9,NYUP,Northeast Power Coordinating Council / Upstate New York,AEO2026 High Economic Growth,1.0,Transportation
2025,trans,5-7,ISNE,Northeast Power Coordinating Council / New England,AEO2026 High Economic Growth,1.0,Transportation
2025,trans,5-8,NYCW,Northeast Power Coordinating Council / New York City and Long Island,AEO2026 High Economic Growth,1.0,Transportation
2025,trans,5-3,MISW,Midcontinent / West,AEO2026 High Economic Growth,1.0,Transportation
2025,trans,5-6,MISS,Midcontinent / South,AEO2026 High Economic Growth,1.0,Transportation
2025,trans,5-5,MISE,Midcontinent / East,AEO2026 High Economic Growth,1.0,Transportation
2025,trans,5-4,MISC,Midcontinent / Central,AEO2026 High Economic Growth,1.0,Transportation
2025,trans,5-2,FRCC,Florida Reliability Coordinating Council,AEO2026 High Economic Growth,1.0,Transportation
2025,res,5-23,NWPP,Western Electricity Coordinating Council / Northwest Power Pool Area,AEO2026 High Economic Growth,1.0,Residential
2025,res,5-20,SRSG,Western Electricity Coordinating Council / Southwest,AEO2026 High Economic Growth,1.0,Residential
2025,res,5-24,RMRG,Western Electricity Coordinating Council / Rockies,AEO2026 High Economic Growth,1.0,Residential
2025,res,5-21,CANO,Western Electricity Coordinating Council / California North,AEO2026 High Economic Growth,1.0,Residential
2025,res,5-5,MISE,Midcontinent / East,AEO2026 High Economic Growth,1.0,Residential
2025,res,5-4,MISC,Midcontinent / Central,AEO2026 High Economic Growth,1.0,Residential
2025,ind,5-23,NWPP,Western Electricity Coordinating Council / Northwest Power Pool Area,AEO2026 High Economic Growth,1.0,Industrial
2025,ind,5-3,MISW,Midcontinent / West,AEO2026 High Economic Growth,1.0,Industrial
2025,ind,5-6,MISS,Midcontinent / South,AEO2026 High Economic Growth,1.0,Industrial
2025,ind,5-5,MISE,Midcontinent / East,AEO2026 High Economic Growth,1.0,Industrial
2025,ind,5-4,MISC,Midcontinent / Central,AEO2026 High Economic Growth,1.0,Industrial
2025,ind,5-2,FRCC,Florida Reliability Coordinating Council,AEO2026 High Economic Growth,1.0,Industrial
2025,com,5-23,NWPP,Western Electricity Coordinating Council / Northwest Power Pool Area,AEO2026 High Economic Growth,1.0,Commercial
2025,com,5-20,SRSG,Western Electricity Coordinating Council / Southwest,AEO2026 High Economic Growth,1.0,Commercial
2025,com,5-24,RMRG,Western Electricity Coordinating Council / Rockies,AEO2026 High Economic Growth,1.0,Commercial
2025,com,5-22,CASO,Western Electricity Coordinating Council / California South,AEO2026 High Economic Growth,1.0,Commercial
2025,com,5-21,CANO,Western Electricity Coordinating Council / California North,AEO2026 High Economic Growth,1.0,Commercial
2025,com,5-25,BASN,Western Electricity Coordinating Council / Basin,AEO2026 High Economic Growth,1.0,Commercial
2025,com,5-1,TRE,Texas Reliability Entity,AEO2026 High Economic Growth,1.0,Commercial
2025,com,5-17,SPPS,Southwest Power Pool / South,AEO2026 High Economic Growth,1.0,Commercial
2025,com,5-19,SPPN,Southwest Power Pool / North,AEO2026 High Economic Growth,1.0,Commercial
2025,com,5-18,SPPC,Southwest Power Pool / Central,AEO2026 High Economic Growth,1.0,Commercial
2025,ind,5-8,NYCW,Northeast Power Coordinating Council / New York City and Long Island,AEO2026 High Economic Growth,1.0,Industrial
2025,com,5-15,SRSE,SERC Reliability Corporation / Southeastern,AEO2026 High Economic Growth,1.0,Commercial
2025,ind,5-7,ISNE,Northeast Power Coordinating Council / New England,AEO2026 High Economic Growth,1.0,Industrial
2025,ind,5-12,PJMC,PJM / Commonwealth Edison,AEO2026 High Economic Growth,1.0,Industrial
2025,ind,5-20,SRSG,Western Electricity Coordinating Council / Southwest,AEO2026 High Economic Growth,1.0,Industrial
2025,ind,5-24,RMRG,Western Electricity Coordinating Council / Rockies,AEO2026 High Economic Growth,1.0,Industrial
2025,ind,5-22,CASO,Western Electricity Coordinating Council / California South,AEO2026 High Economic Growth,1.0,Industrial
2025,ind,5-21,CANO,Western Electricity Coordinating Council / California North,AEO2026 High Economic Growth,1.0,Industrial
2025,ind,5-25,BASN,Western Electricity Coordinating Council / Basin,AEO2026 High Economic Growth,1.0,Industrial
2025,ind,5-1,TRE,Texas Reliability Entity,AEO2026 High Economic Growth,1.0,Industrial
2025,ind,5-17,SPPS,Southwest Power Pool / South,AEO2026 High Economic Growth,1.0,Industrial
2025,ind,5-19,SPPN,Southwest Power Pool / North,AEO2026 High Economic Growth,1.0,Industrial
2025,ind,5-18,SPPC,Southwest Power Pool / Central,AEO2026 High Economic Growth,1.0,Industrial
2025,ind,5-15,SRSE,SERC Reliability Corporation / Southeastern,AEO2026 High Economic Growth,1.0,Industrial
2025,ind,5-14,SRCA,SERC Reliability Corporation / East,AEO2026 High Economic Growth,1.0,Industrial
2025,ind,5-16,SRCE,SERC Reliability Corporation / Central,AEO2026 High Economic Growth,1.0,Industrial
2025,ind,5-11,PJMW,PJM / West,AEO2026 High Economic Growth,1.0,Industrial
2025,ind,5-10,PJME,PJM / East,AEO2026 High Economic Growth,1.0,Industrial
2025,ind,5-13,PJMD,PJM / Dominion,AEO2026 High Economic Growth,1.0,Industrial
2025,ind,5-9,NYUP,Northeast Power Coordinating Council / Upstate New York,AEO2026 High Economic Growth,1.0,Industrial
2025,res,5-2,FRCC,Florida Reliability Coordinating Council,AEO2026 High Economic Growth,1.0,Residential
2025,com,5-14,SRCA,SERC Reliability Corporation / East,AEO2026 High Economic Growth,1.0,Commercial
2025,com,5-11,PJMW,PJM / West,AEO2026 High Economic Growth,1.0,Commercial
2025,com,5-16,SRCE,SERC Reliability Corporation / Central,AEO2026 High Economic Growth,1.0,Commercial
2025,com,5-10,PJME,PJM / East,AEO2026 High Economic Growth,1.0,Commercial
2025,com,5-13,PJMD,PJM / Dominion,AEO2026 High Economic Growth,1.0,Commercial
2025,com,5-12,PJMC,PJM / Commonwealth Edison,AEO2026 High Economic Growth,1.0,Commercial
2025,com,5-9,NYUP,Northeast Power Coordinating Council / Upstate New York,AEO2026 High Economic Growth,1.0,Commercial
2025,com,5-7,ISNE,Northeast Power Coordinating Council / New England,AEO2026 High Economic Growth,1.0,Commercial
2025,com,5-8,NYCW,Northeast Power Coordinating Council / New York City and Long Island,AEO2026 High Economic Growth,1.0,Commercial
2025,com,5-3,MISW,Midcontinent / West,AEO2026 High Economic Growth,1.0,Commercial
2025,com,5-6,MISS,Midcontinent / South,AEO2026 High Economic Growth,1.0,Commercial
2025,com,5-5,MISE,Midcontinent / East,AEO2026 High Economic Growth,1.0,Commercial
2025,com,5-4,MISC,Midcontinent / Central,AEO2026 High Economic Growth,1.0,Commercial
2025,com,5-2,FRCC,Florida Reliability Coordinating Council,AEO2026 High Economic Growth,1.0,Commercial
2026,ind,5-19,SPPN,Southwest Power Pool / North,AEO2026 High Economic Growth,1.0032908338885282,Industrial
2026,ind,5-17,SPPS,Southwest Power Pool / South,AEO2026 High Economic Growth,1.0140330221130747,Industrial
2026,ind,5-1,TRE,Texas Reliability Entity,AEO2026 High Economic Growth,1.0147165659369186,Industrial
2026,ind,5-25,BASN,Western Electricity Coordinating Council / Basin,AEO2026 High Economic Growth,1.0272424898383052,Industrial
2026,ind,5-21,CANO,Western Electricity Coordinating Council / California North,AEO2026 High Economic Growth,1.0095731490219124,Industrial
2026,ind,5-22,CASO,Western Electricity Coordinating Council / California South,AEO2026 High Economic Growth,1.0095731225070528,Industrial
2026,ind,5-24,RMRG,Western Electricity Coordinating Council / Rockies,AEO2026 High Economic Growth,1.0090258306918656,Industrial
2026,ind,5-20,SRSG,Western Electricity Coordinating Council / Southwest,AEO2026 High Economic Growth,1.0097954688812298,Industrial
2026,ind,5-23,NWPP,Western Electricity Coordinating Council / Northwest Power Pool Area,AEO2026 High Economic Growth,1.010167049327978,Industrial
2026,res,5-2,FRCC,Florida Reliability Coordinating Council,AEO2026 High Economic Growth,0.9975354747836425,Residential
2026,res,5-4,MISC,Midcontinent / Central,AEO2026 High Economic Growth,0.9984885940766789,Residential
2026,ind,5-18,SPPC,Southwest Power Pool / Central,AEO2026 High Economic Growth,1.0032055052330175,Industrial
2026,res,5-5,MISE,Midcontinent / East,AEO2026 High Economic Growth,0.9903939131742834,Residential
2026,res,5-3,MISW,Midcontinent / West,AEO2026 High Economic Growth,1.0047417656424091,Residential
2026,res,5-8,NYCW,Northeast Power Coordinating Council / New York City and Long Island,AEO2026 High Economic Growth,1.0151701233153285,Residential
2026,res,5-7,ISNE,Northeast Power Coordinating Council / New England,AEO2026 High Economic Growth,1.0216537559136647,Residential
2026,res,5-9,NYUP,Northeast Power Coordinating Council / Upstate New York,AEO2026 High Economic Growth,1.0151701834734872,Residential
2026,res,5-12,PJMC,PJM / Commonwealth Edison,AEO2026 High Economic Growth,0.9903936946915257,Residential
2026,res,5-13,PJMD,PJM / Dominion,AEO2026 High Economic Growth,0.9975353493401407,Residential
2026,res,5-10,PJME,PJM / East,AEO2026 High Economic Growth,1.0095811675758941,Residential
2026,res,5-11,PJMW,PJM / West,AEO2026 High Economic Growth,0.9951780159123109,Residential
2026,res,5-16,SRCE,SERC Reliability Corporation / Central,AEO2026 High Economic Growth,0.991398018083534,Residential
2026,res,5-14,SRCA,SERC Reliability Corporation / East,AEO2026 High Economic Growth,0.9975355013779902,Residential
2026,res,5-15,SRSE,SERC Reliability Corporation / Southeastern,AEO2026 High Economic Growth,0.9956370646676014,Residential
2026,res,5-6,MISS,Midcontinent / South,AEO2026 High Economic Growth,1.0054072842594532,Residential
2026,res,5-18,SPPC,Southwest Power Pool / Central,AEO2026 High Economic Growth,1.012907242430049,Residential
2026,ind,5-15,SRSE,SERC Reliability Corporation / Southeastern,AEO2026 High Economic Growth,1.013785015354759,Industrial
2026,ind,5-16,SRCE,SERC Reliability Corporation / Central,AEO2026 High Economic Growth,1.0135779554598177,Industrial
2026,com,5-14,SRCA,SERC Reliability Corporation / East,AEO2026 High Economic Growth,1.0179172549449766,Commercial
2026,com,5-15,SRSE,SERC Reliability Corporation / Southeastern,AEO2026 High Economic Growth,1.012824308982071,Commercial
2026,com,5-18,SPPC,Southwest Power Pool / Central,AEO2026 High Economic Growth,1.0196265845792682,Commercial
2026,com,5-19,SPPN,Southwest Power Pool / North,AEO2026 High Economic Growth,1.0195592123709358,Commercial
2026,com,5-17,SPPS,Southwest Power Pool / South,AEO2026 High Economic Growth,1.1564442693239192,Commercial
2026,com,5-1,TRE,Texas Reliability Entity,AEO2026 High Economic Growth,1.1668363061767066,Commercial
2026,com,5-25,BASN,Western Electricity Coordinating Council / Basin,AEO2026 High Economic Growth,1.0237332524824407,Commercial
2026,com,5-21,CANO,Western Electricity Coordinating Council / California North,AEO2026 High Economic Growth,1.011241630125003,Commercial
2026,com,5-22,CASO,Western Electricity Coordinating Council / California South,AEO2026 High Economic Growth,1.0112416636001167,Commercial
2026,com,5-24,RMRG,Western Electricity Coordinating Council / Rockies,AEO2026 High Economic Growth,1.0235311395056403,Commercial
2026,com,5-20,SRSG,Western Electricity Coordinating Council / Southwest,AEO2026 High Economic Growth,1.0333978598648799,Commercial
2026,ind,5-14,SRCA,SERC Reliability Corporation / East,AEO2026 High Economic Growth,1.0139639617417817,Industrial
2026,com,5-23,NWPP,Western Electricity Coordinating Council / Northwest Power Pool Area,AEO2026 High Economic Growth,1.0128411471777365,Commercial
2026,ind,5-4,MISC,Midcontinent / Central,AEO2026 High Economic Growth,1.0043509015933056,Industrial
2026,ind,5-5,MISE,Midcontinent / East,AEO2026 High Economic Growth,1.003333811537252,Industrial
2026,ind,5-6,MISS,Midcontinent / South,AEO2026 High Economic Growth,1.0166776238104134,Industrial
2026,ind,5-3,MISW,Midcontinent / West,AEO2026 High Economic Growth,1.0032484784976983,Industrial
2026,ind,5-8,NYCW,Northeast Power Coordinating Council / New York City and Long Island,AEO2026 High Economic Growth,0.9909507139408154,Industrial
2026,ind,5-7,ISNE,Northeast Power Coordinating Council / New England,AEO2026 High Economic Growth,0.9907767489412811,Industrial
2026,ind,5-9,NYUP,Northeast Power Coordinating Council / Upstate New York,AEO2026 High Economic Growth,0.9909489318074829,Industrial
2026,ind,5-12,PJMC,PJM / Commonwealth Edison,AEO2026 High Economic Growth,1.0033337871760815,Industrial
2026,ind,5-13,PJMD,PJM / Dominion,AEO2026 High Economic Growth,1.013964090109973,Industrial
2026,ind,5-10,PJME,PJM / East,AEO2026 High Economic Growth,0.9930888793871728,Industrial
2026,ind,5-11,PJMW,PJM / West,AEO2026 High Economic Growth,1.0044690065125716,Industrial
2026,ind,5-2,FRCC,Florida Reliability Coordinating Council,AEO2026 High Economic Growth,1.013964059413135,Industrial
2026,com,5-16,SRCE,SERC Reliability Corporation / Central,AEO2026 High Economic Growth,0.9987177234294295,Commercial
2026,res,5-19,SPPN,Southwest Power Pool / North,AEO2026 High Economic Growth,1.0132611151088555,Residential
2026,res,5-1,TRE,Texas Reliability Entity,AEO2026 High Economic Growth,1.0083589046364099,Residential
2026,trans,5-24,RMRG,Western Electricity Coordinating Council / Rockies,AEO2026 High Economic Growth,1.061171453321783,Transportation
2026,trans,5-20,SRSG,Western Electricity Coordinating Council / Southwest,AEO2026 High Economic Growth,1.053063848888134,Transportation
2026,trans,5-23,NWPP,Western Electricity Coordinating Council / Northwest Power Pool Area,AEO2026 High Economic Growth,1.0107735112083367,Transportation
2026,trans,5-22,CASO,Western Electricity Coordinating Council / California South,AEO2026 High Economic Growth,1.0084445356389828,Transportation
2026,res,5-17,SPPS,Southwest Power Pool / South,AEO2026 High Economic Growth,1.0092971532030814,Residential
2026,trans,5-21,CANO,Western Electricity Coordinating Council / California North,AEO2026 High Economic Growth,1.0084449270117022,Transportation
2026,trans,5-1,TRE,Texas Reliability Entity,AEO2026 High Economic Growth,1.104109240490225,Transportation
2026,res,5-25,BASN,Western Electricity Coordinating Council / Basin,AEO2026 High Economic Growth,1.0348829172057403,Residential
2026,res,5-21,CANO,Western Electricity Coordinating Council / California North,AEO2026 High Economic Growth,1.0433483046701126,Residential
2026,res,5-22,CASO,Western Electricity Coordinating Council / California South,AEO2026 High Economic Growth,1.0433479632822384,Residential
2026,res,5-24,RMRG,Western Electricity Coordinating Council / Rockies,AEO2026 High Economic Growth,1.033492666083496,Residential
2026,res,5-20,SRSG,Western Electricity Coordinating Council / Southwest,AEO2026 High Economic Growth,1.0337435810977647,Residential
2026,res,5-23,NWPP,Western Electricity Coordinating Council / Northwest Power Pool Area,AEO2026 High Economic Growth,1.0422228217073775,Residential
2026,trans,5-2,FRCC,Florida Reliability Coordinating Council,AEO2026 High Economic Growth,1.056885368959962,Transportation
2026,trans,5-4,MISC,Midcontinent / Central,AEO2026 High Economic Growth,1.0179596430012243,Transportation
2026,trans,5-5,MISE,Midcontinent / East,AEO2026 High Economic Growth,1.016585400218388,Transportation
2026,trans,5-6,MISS,Midcontinent / South,AEO2026 High Economic Growth,1.103365105195862,Transportation
2026,trans,5-3,MISW,Midcontinent / West,AEO2026 High Economic Growth,1.0217303016126793,Transportation
2026,trans,5-25,BASN,Western Electricity Coordinating Council / Basin,AEO2026 High Economic Growth,1.0601591895803184,Transportation
2026,trans,5-8,NYCW,Northeast Power Coordinating Council / New York City and Long Island,AEO2026 High Economic Growth,1.0418226487523992,Transportation
2026,trans,5-9,NYUP,Northeast Power Coordinating Council / Upstate New York,AEO2026 High Economic Growth,1.0418230896525629,Transportation
2026,trans,5-12,PJMC,PJM / Commonwealth Edison,AEO2026 High Economic Growth,1.0165830219456649,Transportation
2026,trans,5-13,PJMD,PJM / Dominion,AEO2026 High Economic Growth,1.0568934053744587,Transportation
2026,trans,5-10,PJME,PJM / East,AEO2026 High Economic Growth,1.0424116278380062,Transportation
2026,trans,5-11,PJMW,PJM / West,AEO2026 High Economic Growth,1.0313259025322146,Transportation
2026,trans,5-16,SRCE,SERC Reliability Corporation / Central,AEO2026 High Economic Growth,1.031700288184438,Transportation
2026,trans,5-14,SRCA,SERC Reliability Corporation / East,AEO2026 High Economic Growth,1.0568902444909896,Transportation
2026,trans,5-15,SRSE,SERC Reliability Corporation / Southeastern,AEO2026 High Economic Growth,1.0565670013244488,Transportation
2026,trans,5-18,SPPC,Southwest Power Pool / Central,AEO2026 High Economic Growth,1.0459712748849332,Transportation
2026,trans,5-19,SPPN,Southwest Power Pool / North,AEO2026 High Economic Growth,1.0466518149652733,Transportation
2026,trans,5-17,SPPS,Southwest Power Pool / South,AEO2026 High Economic Growth,1.0949584936221908,Transportation
2026,trans,5-7,ISNE,Northeast Power Coordinating Council / New England,AEO2026 High Economic Growth,1.03850706965732,Transportation
2026,com,5-11,PJMW,PJM / West,AEO2026 High Economic Growth,1.0453056107722989,Commercial
2026,com,5-10,PJME,PJM / East,AEO2026 High Economic Growth,1.0214745303439832,Commercial
2026,com,5-13,PJMD,PJM / Dominion,AEO2026 High Economic Growth,1.0179173129902621,Commercial
2026,com,5-2,FRCC,Florida Reliability Coordinating Council,AEO2026 High Economic Growth,1.0179171943070464,Commercial
2026,com,5-4,MISC,Midcontinent / Central,AEO2026 High Economic Growth,1.0460619727311269,Commercial
2026,com,5-5,MISE,Midcontinent / East,AEO2026 High Economic Growth,1.0612940577755556,Commercial
2026,com,5-6,MISS,Midcontinent / South,AEO2026 High Economic Growth,1.1411004250906682,Commercial
2026,com,5-3,MISW,Midcontinent / West,AEO2026 High Economic Growth,1.0348846986314153,Commercial
2026,com,5-8,NYCW,Northeast Power Coordinating Council / New York City and Long Island,AEO2026 High Economic Growth,1.0236153328302235,Commercial
2026,com,5-7,ISNE,Northeast Power Coordinating Council / New England,AEO2026 High Economic Growth,1.0041322667074446,Commercial
2026,com,5-9,NYUP,Northeast Power Coordinating Council / Upstate New York,AEO2026 High Economic Growth,1.0236153849878142,Commercial
2026,com,5-12,PJMC,PJM / Commonwealth Edison,AEO2026 High Economic Growth,1.0612940370088435,Commercial
2027,com,5-16,SRCE,SERC Reliability Corporation / Central,AEO2026 High Economic Growth,1.0170607513442604,Commercial
2027,com,5-11,PJMW,PJM / West,AEO2026 High Economic Growth,1.0520678378444974,Commercial
2027,com,5-10,PJME,PJM / East,AEO2026 High Economic Growth,1.0306227703416666,Commercial
2027,com,5-13,PJMD,PJM / Dominion,AEO2026 High Economic Growth,1.0381096039534483,Commercial
2027,com,5-12,PJMC,PJM / Commonwealth Edison,AEO2026 High Economic Growth,1.0639475878962747,Commercial
2027,com,5-9,NYUP,Northeast Power Coordinating Council / Upstate New York,AEO2026 High Economic Growth,1.0261169338994844,Commercial
2027,com,5-7,ISNE,Northeast Power Coordinating Council / New England,AEO2026 High Economic Growth,0.99378702322917,Commercial
2027,com,5-8,NYCW,Northeast Power Coordinating Council / New York City and Long Island,AEO2026 High Economic Growth,1.0261168018089275,Commercial
2027,com,5-3,MISW,Midcontinent / West,AEO2026 High Economic Growth,1.0396625702349307,Commercial
2027,com,5-6,MISS,Midcontinent / South,AEO2026 High Economic Growth,1.1570444117866796,Commercial
2027,com,5-5,MISE,Midcontinent / East,AEO2026 High Economic Growth,1.0639476193802133,Commercial
2027,com,5-4,MISC,Midcontinent / Central,AEO2026 High Economic Growth,1.0501060234270105,Commercial
2027,com,5-2,FRCC,Florida Reliability Coordinating Council,AEO2026 High Economic Growth,1.0381095938064113,Commercial
2027,com,5-14,SRCA,SERC Reliability Corporation / East,AEO2026 High Economic Growth,1.0381096611862468,Commercial
2027,com,5-15,SRSE,SERC Reliability Corporation / Southeastern,AEO2026 High Economic Growth,1.0325261341376484,Commercial
2027,com,5-18,SPPC,Southwest Power Pool / Central,AEO2026 High Economic Growth,1.0256618758024885,Commercial
2027,com,5-19,SPPN,Southwest Power Pool / North,AEO2026 High Economic Growth,1.0261209164234117,Commercial
2027,ind,5-24,RMRG,Western Electricity Coordinating Council / Rockies,AEO2026 High Economic Growth,1.0117966589346592,Industrial
2027,ind,5-22,CASO,Western Electricity Coordinating Council / California South,AEO2026 High Economic Growth,0.9909975628627741,Industrial
2027,ind,5-21,CANO,Western Electricity Coordinating Council / California North,AEO2026 High Economic Growth,0.9909976554356119,Industrial
2027,ind,5-25,BASN,Western Electricity Coordinating Council / Basin,AEO2026 High Economic Growth,1.0317479689733668,Industrial
2027,ind,5-1,TRE,Texas Reliability Entity,AEO2026 High Economic Growth,1.012190396098713,Industrial
2027,ind,5-17,SPPS,Southwest Power Pool / South,AEO2026 High Economic Growth,1.012606162830583,Industrial
2027,ind,5-19,SPPN,Southwest Power Pool / North,AEO2026 High Economic Growth,0.9701558629337511,Industrial
2027,ind,5-18,SPPC,Southwest Power Pool / Central,AEO2026 High Economic Growth,0.9695362363216689,Industrial
2027,ind,5-15,SRSE,SERC Reliability Corporation / Southeastern,AEO2026 High Economic Growth,1.0278716816804818,Industrial
2027,ind,5-14,SRCA,SERC Reliability Corporation / East,AEO2026 High Economic Growth,1.019018322573994,Industrial
2027,ind,5-16,SRCE,SERC Reliability Corporation / Central,AEO2026 High Economic Growth,1.038107612893776,Industrial
2027,ind,5-11,PJMW,PJM / West,AEO2026 High Economic Growth,1.0101855700482707,Industrial
2027,ind,5-10,PJME,PJM / East,AEO2026 High Economic Growth,0.9901982374818606,Industrial
2027,ind,5-13,PJMD,PJM / Dominion,AEO2026 High Economic Growth,1.0190184391281056,Industrial
2027,ind,5-12,PJMC,PJM / Commonwealth Edison,AEO2026 High Economic Growth,1.0092206494909086,Industrial
2027,ind,5-9,NYUP,Northeast Power Coordinating Council / Upstate New York,AEO2026 High Economic Growth,0.9872434417456992,Industrial
2027,ind,5-7,ISNE,Northeast Power Coordinating Council / New England,AEO2026 High Economic Growth,0.9840083354787006,Industrial
2027,com,5-17,SPPS,Southwest Power Pool / South,AEO2026 High Economic Growth,1.172623775555936,Commercial
2027,com,5-1,TRE,Texas Reliability Entity,AEO2026 High Economic Growth,1.1823515294752767,Commercial
2027,com,5-25,BASN,Western Electricity Coordinating Council / Basin,AEO2026 High Economic Growth,1.0482787338498056,Commercial
2027,com,5-21,CANO,Western Electricity Coordinating Council / California North,AEO2026 High Economic Growth,1.019558724030298,Commercial
2027,com,5-22,CASO,Western Electricity Coordinating Council / California South,AEO2026 High Economic Growth,1.0195588032518412,Commercial
2027,com,5-24,RMRG,Western Electricity Coordinating Council / Rockies,AEO2026 High Economic Growth,1.0469664834118424,Commercial
2027,com,5-20,SRSG,Western Electricity Coordinating Council / Southwest,AEO2026 High Economic Growth,1.0563797299320348,Commercial
2027,ind,5-2,FRCC,Florida Reliability Coordinating Council,AEO2026 High Economic Growth,1.0190184406612361,Industrial
2027,ind,5-4,MISC,Midcontinent / Central,AEO2026 High Economic Growth,1.0065294737599153,Industrial
2027,ind,5-5,MISE,Midcontinent / East,AEO2026 High Economic Growth,1.0092207021277808,Industrial
2027,ind,5-6,MISS,Midcontinent / South,AEO2026 High Economic Growth,1.0143400200227914,Industrial
2027,ind,5-3,MISW,Midcontinent / West,AEO2026 High Economic Growth,0.98280059933613,Industrial
2027,ind,5-8,NYCW,Northeast Power Coordinating Council / New York City and Long Island,AEO2026 High Economic Growth,0.9872430502862661,Industrial
2027,com,5-23,NWPP,Western Electricity Coordinating Council / Northwest Power Pool Area,AEO2026 High Economic Growth,1.0232362907142616,Commercial
2027,ind,5-23,NWPP,Western Electricity Coordinating Council / Northwest Power Pool Area,AEO2026 High Economic Growth,0.9945076546988446,Industrial
2027,ind,5-20,SRSG,Western Electricity Coordinating Council / Southwest,AEO2026 High Economic Growth,1.013229760921511,Industrial
2027,res,5-4,MISC,Midcontinent / Central,AEO2026 High Economic Growth,0.9951052514980311,Residential
2027,res,5-2,FRCC,Florida Reliability Coordinating Council,AEO2026 High Economic Growth,0.9895136905730921,Residential
2027,trans,5-3,MISW,Midcontinent / West,AEO2026 High Economic Growth,1.0269739513985636,Transportation
2027,trans,5-8,NYCW,Northeast Power Coordinating Council / New York City and Long Island,AEO2026 High Economic Growth,1.0688076775431863,Transportation
2027,trans,5-7,ISNE,Northeast Power Coordinating Council / New England,AEO2026 High Economic Growth,1.103245517731771,Transportation
2027,trans,5-9,NYUP,Northeast Power Coordinating Council / Upstate New York,AEO2026 High Economic Growth,1.068808403494199,Transportation
2027,trans,5-12,PJMC,PJM / Commonwealth Edison,AEO2026 High Economic Growth,1.0151498569440753,Transportation
2027,trans,5-13,PJMD,PJM / Dominion,AEO2026 High Economic Growth,1.0974344294557554,Transportation
2027,trans,5-10,PJME,PJM / East,AEO2026 High Economic Growth,1.0699260992766304,Transportation
2027,trans,5-11,PJMW,PJM / West,AEO2026 High Economic Growth,1.0462577666650918,Transportation
2027,trans,5-16,SRCE,SERC Reliability Corporation / Central,AEO2026 High Economic Growth,1.055641764575482,Transportation
2027,trans,5-14,SRCA,SERC Reliability Corporation / East,AEO2026 High Economic Growth,1.097439263341795,Transportation
2027,trans,5-15,SRSE,SERC Reliability Corporation / Southeastern,AEO2026 High Economic Growth,1.096904358328587,Transportation
2027,trans,5-18,SPPC,Southwest Power Pool / Central,AEO2026 High Economic Growth,1.0826262962346809,Transportation
2027,trans,5-19,SPPN,Southwest Power Pool / North,AEO2026 High Economic Growth,1.083933953610274,Transportation
2027,trans,5-17,SPPS,Southwest Power Pool / South,AEO2026 High Economic Growth,1.1881815289387672,Transportation
2027,trans,5-1,TRE,Texas Reliability Entity,AEO2026 High Economic Growth,1.2084199143378143,Transportation
2027,trans,5-25,BASN,Western Electricity Coordinating Council / Basin,AEO2026 High Economic Growth,1.1129522431259047,Transportation
2027,trans,5-21,CANO,Western Electricity Coordinating Council / California North,AEO2026 High Economic Growth,1.0664029186998971,Transportation
2027,trans,5-22,CASO,Western Electricity Coordinating Council / California South,AEO2026 High Economic Growth,1.0664029886651478,Transportation
2027,trans,5-24,RMRG,Western Electricity Coordinating Council / Rockies,AEO2026 High Economic Growth,1.1134137402545479,Transportation
2027,trans,5-20,SRSG,Western Electricity Coordinating Council / Southwest,AEO2026 High Economic Growth,1.1076198910577588,Transportation
2027,trans,5-23,NWPP,Western Electricity Coordinating Council / Northwest Power Pool Area,AEO2026 High Economic Growth,1.068499209544046,Transportation
2027,trans,5-6,MISS,Midcontinent / South,AEO2026 High Economic Growth,1.2069045681738928,Transportation
2027,trans,5-5,MISE,Midcontinent / East,AEO2026 High Economic Growth,1.0151512864252323,Transportation
2027,trans,5-2,FRCC,Florida Reliability Coordinating Council,AEO2026 High Economic Growth,1.0974376491822913,Transportation
2027,res,5-5,MISE,Midcontinent / East,AEO2026 High Economic Growth,1.0073899942482083,Residential
2027,res,5-6,MISS,Midcontinent / South,AEO2026 High Economic Growth,1.0039749115742864,Residential
2027,res,5-3,MISW,Midcontinent / West,AEO2026 High Economic Growth,0.9872122915927412,Residential
2027,res,5-8,NYCW,Northeast Power Coordinating Council / New York City and Long Island,AEO2026 High Economic Growth,1.0014762575296459,Residential
2027,res,5-7,ISNE,Northeast Power Coordinating Council / New England,AEO2026 High Economic Growth,0.9595153797658819,Residential
2027,res,5-9,NYUP,Northeast Power Coordinating Council / Upstate New York,AEO2026 High Economic Growth,1.0014760974120822,Residential
2027,res,5-12,PJMC,PJM / Commonwealth Edison,AEO2026 High Economic Growth,1.0073901915441015,Residential
2027,res,5-13,PJMD,PJM / Dominion,AEO2026 High Economic Growth,0.98951360991828,Residential
2027,res,5-10,PJME,PJM / East,AEO2026 High Economic Growth,0.9976849781900622,Residential
2027,res,5-11,PJMW,PJM / West,AEO2026 High Economic Growth,0.9982873085953867,Residential
2027,res,5-16,SRCE,SERC Reliability Corporation / Central,AEO2026 High Economic Growth,0.9646890479141441,Residential
2027,res,5-14,SRCA,SERC Reliability Corporation / East,AEO2026 High Economic Growth,0.98951373978413,Residential
2027,res,5-15,SRSE,SERC Reliability Corporation / Southeastern,AEO2026 High Economic Growth,0.9818349460762742,Residential
2027,res,5-18,SPPC,Southwest Power Pool / Central,AEO2026 High Economic Growth,0.9757627664943551,Residential
2027,res,5-19,SPPN,Southwest Power Pool / North,AEO2026 High Economic Growth,0.97665277136985,Residential
2027,res,5-17,SPPS,Southwest Power Pool / South,AEO2026 High Economic Growth,1.0130473053523248,Residential
2027,res,5-1,TRE,Texas Reliability Entity,AEO2026 High Economic Growth,1.0122759141524362,Residential
2027,res,5-25,BASN,Western Electricity Coordinating Council / Basin,AEO2026 High Economic Growth,1.0335830907417056,Residential
2027,res,5-21,CANO,Western Electricity Coordinating Council / California North,AEO2026 High Economic Growth,0.9832673536988283,Residential
2027,res,5-22,CASO,Western Electricity Coordinating Council / California South,AEO2026 High Economic Growth,0.9832690462940574,Residential
2027,res,5-24,RMRG,Western Electricity Coordinating Council / Rockies,AEO2026 High Economic Growth,1.0305106638938089,Residential
2027,res,5-20,SRSG,Western Electricity Coordinating Council / Southwest,AEO2026 High Economic Growth,1.0308458459853365,Residential
2027,res,5-23,NWPP,Western Electricity Coordinating Council / Northwest Power Pool Area,AEO2026 High Economic Growth,0.9899568451571988,Residential
2027,trans,5-4,MISC,Midcontinent / Central,AEO2026 High Economic Growth,1.0183135275923816,Transportation
2028,trans,5-25,BASN,Western Electricity Coordinating Council / Basin,AEO2026 High Economic Growth,1.1839073806078149,Transportation
2028,trans,5-21,CANO,Western Electricity Coordinating Council / California North,AEO2026 High Economic Growth,1.1179003332210116,Transportation
2028,trans,5-22,CASO,Western Electricity Coordinating Council / California South,AEO2026 High Economic Growth,1.1178980287828832,Transportation
2028,trans,5-24,RMRG,Western Electricity Coordinating Council / Rockies,AEO2026 High Economic Growth,1.1837586903889297,Transportation
2028,trans,5-20,SRSG,Western Electricity Coordinating Council / Southwest,AEO2026 High Economic Growth,1.1757148576350556,Transportation
2028,trans,5-23,NWPP,Western Electricity Coordinating Council / Northwest Power Pool Area,AEO2026 High Economic Growth,1.120869531434446,Transportation
2028,trans,5-1,TRE,Texas Reliability Entity,AEO2026 High Economic Growth,1.285621898986472,Transportation
2028,trans,5-17,SPPS,Southwest Power Pool / South,AEO2026 High Economic Growth,1.264165678419576,Transportation
2028,trans,5-8,NYCW,Northeast Power Coordinating Council / New York City and Long Island,AEO2026 High Economic Growth,1.0883685220729367,Transportation
2028,trans,5-18,SPPC,Southwest Power Pool / Central,AEO2026 High Economic Growth,1.112238673542949,Transportation
2028,com,5-8,NYCW,Northeast Power Coordinating Council / New York City and Long Island,AEO2026 High Economic Growth,1.0405744297348127,Commercial
2028,com,5-7,ISNE,Northeast Power Coordinating Council / New England,AEO2026 High Economic Growth,1.0006561875387223,Commercial
2028,com,5-9,NYUP,Northeast Power Coordinating Council / Upstate New York,AEO2026 High Economic Growth,1.0405744448924934,Commercial
2028,com,5-12,PJMC,PJM / Commonwealth Edison,AEO2026 High Economic Growth,1.0747616768952184,Commercial
2028,com,5-13,PJMD,PJM / Dominion,AEO2026 High Economic Growth,1.0609437794622292,Commercial
2028,com,5-10,PJME,PJM / East,AEO2026 High Economic Growth,1.0482275819086264,Commercial
2028,com,5-11,PJMW,PJM / West,AEO2026 High Economic Growth,1.0656298544338771,Commercial
2028,com,5-16,SRCE,SERC Reliability Corporation / Central,AEO2026 High Economic Growth,1.0305366986170137,Commercial
2028,com,5-14,SRCA,SERC Reliability Corporation / East,AEO2026 High Economic Growth,1.0609436950406232,Commercial
2028,com,5-15,SRSE,SERC Reliability Corporation / Southeastern,AEO2026 High Economic Growth,1.0528777258653175,Commercial
2028,com,5-18,SPPC,Southwest Power Pool / Central,AEO2026 High Economic Growth,1.0325541768465323,Commercial
2028,com,5-19,SPPN,Southwest Power Pool / North,AEO2026 High Economic Growth,1.0336555082404246,Commercial
2028,com,5-17,SPPS,Southwest Power Pool / South,AEO2026 High Economic Growth,1.187318191956596,Commercial
2028,com,5-1,TRE,Texas Reliability Entity,AEO2026 High Economic Growth,1.1958939601729177,Commercial
2028,com,5-25,BASN,Western Electricity Coordinating Council / Basin,AEO2026 High Economic Growth,1.0775976323796352,Commercial
2028,com,5-21,CANO,Western Electricity Coordinating Council / California North,AEO2026 High Economic Growth,1.0372402184563816,Commercial
2028,com,5-22,CASO,Western Electricity Coordinating Council / California South,AEO2026 High Economic Growth,1.0372403325610138,Commercial
2028,com,5-24,RMRG,Western Electricity Coordinating Council / Rockies,AEO2026 High Economic Growth,1.0748897742720982,Commercial
2028,com,5-20,SRSG,Western Electricity Coordinating Council / Southwest,AEO2026 High Economic Growth,1.083903956706492,Commercial
2028,com,5-23,NWPP,Western Electricity Coordinating Council / Northwest Power Pool Area,AEO2026 High Economic Growth,1.0424080868653864,Commercial
2028,ind,5-2,FRCC,Florida Reliability Coordinating Council,AEO2026 High Economic Growth,1.0208722360100326,Industrial
2028,ind,5-4,MISC,Midcontinent / Central,AEO2026 High Economic Growth,1.004459525267802,Industrial
2028,ind,5-5,MISE,Midcontinent / East,AEO2026 High Economic Growth,1.0066955007285359,Industrial
2028,ind,5-6,MISS,Midcontinent / South,AEO2026 High Economic Growth,1.0175075490678993,Industrial
2028,ind,5-3,MISW,Midcontinent / West,AEO2026 High Economic Growth,0.980344471315888,Industrial
2028,com,5-3,MISW,Midcontinent / West,AEO2026 High Economic Growth,1.047995404470745,Commercial
2028,com,5-6,MISS,Midcontinent / South,AEO2026 High Economic Growth,1.1705597338048692,Commercial
2028,com,5-5,MISE,Midcontinent / East,AEO2026 High Economic Growth,1.0747616462133114,Commercial
2028,com,5-4,MISC,Midcontinent / Central,AEO2026 High Economic Growth,1.0596206977628777,Commercial
2028,ind,5-8,NYCW,Northeast Power Coordinating Council / New York City and Long Island,AEO2026 High Economic Growth,0.9801338207905084,Industrial
2028,com,5-2,FRCC,Florida Reliability Coordinating Council,AEO2026 High Economic Growth,1.0609437485471176,Commercial
2028,ind,5-7,ISNE,Northeast Power Coordinating Council / New England,AEO2026 High Economic Growth,0.9764531845620253,Industrial
2028,ind,5-9,NYUP,Northeast Power Coordinating Council / Upstate New York,AEO2026 High Economic Growth,0.9801338240750681,Industrial
2028,ind,5-12,PJMC,PJM / Commonwealth Edison,AEO2026 High Economic Growth,1.006695461917328,Industrial
2028,res,5-15,SRSE,SERC Reliability Corporation / Southeastern,AEO2026 High Economic Growth,0.99556920558746,Residential
2028,res,5-18,SPPC,Southwest Power Pool / Central,AEO2026 High Economic Growth,0.9875866179844142,Residential
2028,res,5-19,SPPN,Southwest Power Pool / North,AEO2026 High Economic Growth,0.9887398437478839,Residential
2028,res,5-17,SPPS,Southwest Power Pool / South,AEO2026 High Economic Growth,1.0260563683218475,Residential
2028,res,5-1,TRE,Texas Reliability Entity,AEO2026 High Economic Growth,1.0247196188417034,Residential
2028,res,5-25,BASN,Western Electricity Coordinating Council / Basin,AEO2026 High Economic Growth,1.0620210314451661,Residential
2028,res,5-21,CANO,Western Electricity Coordinating Council / California North,AEO2026 High Economic Growth,1.018536179701327,Residential
2028,res,5-22,CASO,Western Electricity Coordinating Council / California South,AEO2026 High Economic Growth,1.018537625071099,Residential
2028,res,5-24,RMRG,Western Electricity Coordinating Council / Rockies,AEO2026 High Economic Growth,1.0578939208355387,Residential
2028,res,5-20,SRSG,Western Electricity Coordinating Council / Southwest,AEO2026 High Economic Growth,1.0586518611600106,Residential
2028,res,5-23,NWPP,Western Electricity Coordinating Council / Northwest Power Pool Area,AEO2026 High Economic Growth,1.0243174762887752,Residential
2028,trans,5-2,FRCC,Florida Reliability Coordinating Council,AEO2026 High Economic Growth,1.1256125435422517,Transportation
2028,res,5-14,SRCA,SERC Reliability Corporation / East,AEO2026 High Economic Growth,1.0052517037374253,Residential
2028,trans,5-4,MISC,Midcontinent / Central,AEO2026 High Economic Growth,1.007141391049551,Transportation
2028,trans,5-6,MISS,Midcontinent / South,AEO2026 High Economic Growth,1.2835638730675347,Transportation
2028,trans,5-3,MISW,Midcontinent / West,AEO2026 High Economic Growth,1.021293330797189,Transportation
2028,trans,5-7,ISNE,Northeast Power Coordinating Council / New England,AEO2026 High Economic Growth,1.1619086316628444,Transportation
2028,trans,5-9,NYUP,Northeast Power Coordinating Council / Upstate New York,AEO2026 High Economic Growth,1.0883683500522887,Transportation
2028,trans,5-12,PJMC,PJM / Commonwealth Edison,AEO2026 High Economic Growth,1.0019595274203552,Transportation
2028,trans,5-13,PJMD,PJM / Dominion,AEO2026 High Economic Growth,1.125612767023294,Transportation
2028,trans,5-10,PJME,PJM / East,AEO2026 High Economic Growth,1.0898229456219013,Transportation
2028,trans,5-11,PJMW,PJM / West,AEO2026 High Economic Growth,1.0514341300789962,Transportation
2028,trans,5-16,SRCE,SERC Reliability Corporation / Central,AEO2026 High Economic Growth,1.0742629128796275,Transportation
2028,trans,5-14,SRCA,SERC Reliability Corporation / East,AEO2026 High Economic Growth,1.1256141231431522,Transportation
2028,trans,5-15,SRSE,SERC Reliability Corporation / Southeastern,AEO2026 High Economic Growth,1.1249648300519486,Transportation
2028,trans,5-5,MISE,Midcontinent / East,AEO2026 High Economic Growth,1.0019624715064233,Transportation
2028,trans,5-19,SPPN,Southwest Power Pool / North,AEO2026 High Economic Growth,1.115515659808675,Transportation
2028,res,5-16,SRCE,SERC Reliability Corporation / Central,AEO2026 High Economic Growth,0.9739499913852546,Residential
2028,res,5-10,PJME,PJM / East,AEO2026 High Economic Growth,1.0125816174866422,Residential
2028,ind,5-13,PJMD,PJM / Dominion,AEO2026 High Economic Growth,1.0208722836889035,Industrial
2028,ind,5-10,PJME,PJM / East,AEO2026 High Economic Growth,0.9839220055510891,Industrial
2028,ind,5-11,PJMW,PJM / West,AEO2026 High Economic Growth,1.0082087589137863,Industrial
2028,ind,5-16,SRCE,SERC Reliability Corporation / Central,AEO2026 High Economic Growth,1.0399018322524651,Industrial
2028,ind,5-14,SRCA,SERC Reliability Corporation / East,AEO2026 High Economic Growth,1.0208722560462702,Industrial
2028,ind,5-15,SRSE,SERC Reliability Corporation / Southeastern,AEO2026 High Economic Growth,1.029697743548751,Industrial
2028,ind,5-18,SPPC,Southwest Power Pool / Central,AEO2026 High Economic Growth,0.9671150243953731,Industrial
2028,ind,5-19,SPPN,Southwest Power Pool / North,AEO2026 High Economic Growth,0.9678353526051724,Industrial
2028,ind,5-17,SPPS,Southwest Power Pool / South,AEO2026 High Economic Growth,1.0159449540100856,Industrial
2028,ind,5-1,TRE,Texas Reliability Entity,AEO2026 High Economic Growth,1.0152733214458618,Industrial
2028,ind,5-25,BASN,Western Electricity Coordinating Council / Basin,AEO2026 High Economic Growth,1.0312223320192682,Industrial
2028,ind,5-21,CANO,Western Electricity Coordinating Council / California North,AEO2026 High Economic Growth,0.9942894459469849,Industrial
2028,res,5-11,PJMW,PJM / West,AEO2026 High Economic Growth,1.0133684911017058,Residential
2028,ind,5-22,CASO,Western Electricity Coordinating Council / California South,AEO2026 High Economic Growth,0.9942893358703966,Industrial
2028,ind,5-20,SRSG,Western Electricity Coordinating Council / Southwest,AEO2026 High Economic Growth,1.0180171853999609,Industrial
2028,ind,5-23,NWPP,Western Electricity Coordinating Council / Northwest Power Pool Area,AEO2026 High Economic Growth,0.9993545510977329,Industrial
2028,res,5-2,FRCC,Florida Reliability Coordinating Council,AEO2026 High Economic Growth,1.005251625337814,Residential
2028,res,5-4,MISC,Midcontinent / Central,AEO2026 High Economic Growth,1.0095109865309915,Residential
2028,res,5-5,MISE,Midcontinent / East,AEO2026 High Economic Growth,1.023472122355099,Residential
2028,res,5-6,MISS,Midcontinent / South,AEO2026 High Economic Growth,1.015851244333289,Residential
2028,res,5-3,MISW,Midcontinent / West,AEO2026 High Economic Growth,1.0005806054390427,Residential
2028,res,5-8,NYCW,Northeast Power Coordinating Council / New York City and Long Island,AEO2026 High Economic Growth,1.015982533028362,Residential
2028,res,5-7,ISNE,Northeast Power Coordinating Council / New England,AEO2026 High Economic Growth,0.9771348188558836,Residential
2028,res,5-9,NYUP,Northeast Power Coordinating Council / Upstate New York,AEO2026 High Economic Growth,1.015982590823473,Residential
2028,res,5-12,PJMC,PJM / Commonwealth Edison,AEO2026 High Economic Growth,1.0234723643108603,Residential
2028,res,5-13,PJMD,PJM / Dominion,AEO2026 High Economic Growth,1.0052514807863948,Residential
2028,ind,5-24,RMRG,Western Electricity Coordinating Council / Rockies,AEO2026 High Economic Growth,1.0162484410320003,Industrial
2029,com,5-15,SRSE,SERC Reliability Corporation / Southeastern,AEO2026 High Economic Growth,1.0728859904436898,Commercial
2029,com,5-18,SPPC,Southwest Power Pool / Central,AEO2026 High Economic Growth,1.038761416536797,Commercial
2029,com,5-19,SPPN,Southwest Power Pool / North,AEO2026 High Economic Growth,1.040595422056917,Commercial
2029,com,5-17,SPPS,Southwest Power Pool / South,AEO2026 High Economic Growth,1.1999480729174574,Commercial
2029,com,5-1,TRE,Texas Reliability Entity,AEO2026 High Economic Growth,1.2070252492446563,Commercial
2029,com,5-25,BASN,Western Electricity Coordinating Council / Basin,AEO2026 High Economic Growth,1.109282254379137,Commercial
2029,com,5-21,CANO,Western Electricity Coordinating Council / California North,AEO2026 High Economic Growth,1.0584770636744423,Commercial
2029,com,5-22,CASO,Western Electricity Coordinating Council / California South,AEO2026 High Economic Growth,1.0584772328006546,Commercial
2029,com,5-24,RMRG,Western Electricity Coordinating Council / Rockies,AEO2026 High Economic Growth,1.1049713088782676,Commercial
2029,com,5-20,SRSG,Western Electricity Coordinating Council / Southwest,AEO2026 High Economic Growth,1.1135143814642918,Commercial
2029,com,5-23,NWPP,Western Electricity Coordinating Council / Northwest Power Pool Area,AEO2026 High Economic Growth,1.0649827494866233,Commercial
2029,ind,5-2,FRCC,Florida Reliability Coordinating Council,AEO2026 High Economic Growth,1.0261169345576713,Industrial
2029,ind,5-4,MISC,Midcontinent / Central,AEO2026 High Economic Growth,1.0052615252623915,Industrial
2029,ind,5-5,MISE,Midcontinent / East,AEO2026 High Economic Growth,1.0070532837266626,Industrial
2029,ind,5-6,MISS,Midcontinent / South,AEO2026 High Economic Growth,1.0247627174302936,Industrial
2029,ind,5-3,MISW,Midcontinent / West,AEO2026 High Economic Growth,0.9806744001047881,Industrial
2029,ind,5-8,NYCW,Northeast Power Coordinating Council / New York City and Long Island,AEO2026 High Economic Growth,0.975934676139891,Industrial
2029,com,5-14,SRCA,SERC Reliability Corporation / East,AEO2026 High Economic Growth,1.0846434822244864,Commercial
2029,com,5-16,SRCE,SERC Reliability Corporation / Central,AEO2026 High Economic Growth,1.040320430542144,Commercial
2029,com,5-11,PJMW,PJM / West,AEO2026 High Economic Growth,1.0761319605761195,Commercial
2029,com,5-10,PJME,PJM / East,AEO2026 High Economic Growth,1.0666987060529363,Commercial
2029,ind,5-7,ISNE,Northeast Power Coordinating Council / New England,AEO2026 High Economic Growth,0.972108353293619,Industrial
2029,com,5-2,FRCC,Florida Reliability Coordinating Council,AEO2026 High Economic Growth,1.0846435035253217,Commercial
2029,com,5-5,MISE,Midcontinent / East,AEO2026 High Economic Growth,1.0807770253063749,Commercial
2029,com,5-6,MISS,Midcontinent / South,AEO2026 High Economic Growth,1.181459660906177,Commercial
2029,com,5-3,MISW,Midcontinent / West,AEO2026 High Economic Growth,1.0541260240942647,Commercial
2029,com,5-8,NYCW,Northeast Power Coordinating Council / New York City and Long Island,AEO2026 High Economic Growth,1.0558989393680813,Commercial
2029,com,5-7,ISNE,Northeast Power Coordinating Council / New England,AEO2026 High Economic Growth,1.0049768554015601,Commercial
2029,com,5-9,NYUP,Northeast Power Coordinating Council / Upstate New York,AEO2026 High Economic Growth,1.0558990426350932,Commercial
2029,com,5-12,PJMC,PJM / Commonwealth Edison,AEO2026 High Economic Growth,1.080776978691217,Commercial
2029,com,5-13,PJMD,PJM / Dominion,AEO2026 High Economic Growth,1.0846435234256058,Commercial
2029,com,5-4,MISC,Midcontinent / Central,AEO2026 High Economic Growth,1.0657543513724765,Commercial
2029,ind,5-9,NYUP,Northeast Power Coordinating Council / Upstate New York,AEO2026 High Economic Growth,0.9759360092139333,Industrial
2029,ind,5-12,PJMC,PJM / Commonwealth Edison,AEO2026 High Economic Growth,1.0070532474964795,Industrial
2029,ind,5-13,PJMD,PJM / Dominion,AEO2026 High Economic Growth,1.0261169707159592,Industrial
2029,res,5-9,NYUP,Northeast Power Coordinating Council / Upstate New York,AEO2026 High Economic Growth,1.0341600914279785,Residential
2029,res,5-12,PJMC,PJM / Commonwealth Edison,AEO2026 High Economic Growth,1.0376740712596273,Residential
2029,res,5-13,PJMD,PJM / Dominion,AEO2026 High Economic Growth,1.0184543092579579,Residential
2029,res,5-10,PJME,PJM / East,AEO2026 High Economic Growth,1.029182646641638,Residential
2029,res,5-11,PJMW,PJM / West,AEO2026 High Economic Growth,1.02663178739498,Residential
2029,res,5-16,SRCE,SERC Reliability Corporation / Central,AEO2026 High Economic Growth,0.9765795239874129,Residential
2029,res,5-14,SRCA,SERC Reliability Corporation / East,AEO2026 High Economic Growth,1.0184544834247031,Residential
2029,res,5-15,SRSE,SERC Reliability Corporation / Southeastern,AEO2026 High Economic Growth,1.0055016242182804,Residential
2029,res,5-7,ISNE,Northeast Power Coordinating Council / New England,AEO2026 High Economic Growth,0.9954327460120646,Residential
2029,res,5-18,SPPC,Southwest Power Pool / Central,AEO2026 High Economic Growth,0.9973344085796487,Residential
2029,res,5-17,SPPS,Southwest Power Pool / South,AEO2026 High Economic Growth,1.0346337727262431,Residential
2029,res,5-1,TRE,Texas Reliability Entity,AEO2026 High Economic Growth,1.032582551458219,Residential
2029,res,5-25,BASN,Western Electricity Coordinating Council / Basin,AEO2026 High Economic Growth,1.0900480999759816,Residential
2029,res,5-21,CANO,Western Electricity Coordinating Council / California North,AEO2026 High Economic Growth,1.0494074955489314,Residential
2029,res,5-22,CASO,Western Electricity Coordinating Council / California South,AEO2026 High Economic Growth,1.0494089401431888,Residential
2029,res,5-24,RMRG,Western Electricity Coordinating Council / Rockies,AEO2026 High Economic Growth,1.084798660953211,Residential
2029,res,5-20,SRSG,Western Electricity Coordinating Council / Southwest,AEO2026 High Economic Growth,1.0856981961232637,Residential
2029,res,5-23,NWPP,Western Electricity Coordinating Council / Northwest Power Pool Area,AEO2026 High Economic Growth,1.054810661903555,Residential
2029,res,5-19,SPPN,Southwest Power Pool / North,AEO2026 High Economic Growth,0.998780632779237,Residential
2029,res,5-8,NYCW,Northeast Power Coordinating Council / New York City and Long Island,AEO2026 High Economic Growth,1.0341600782518245,Residential
2029,res,5-6,MISS,Midcontinent / South,AEO2026 High Economic Growth,1.0227812282124358,Residential
2029,ind,5-10,PJME,PJM / East,AEO2026 High Economic Growth,0.9806022097484027,Industrial
2029,ind,5-11,PJMW,PJM / West,AEO2026 High Economic Growth,1.0092300581528209,Industrial
2029,ind,5-16,SRCE,SERC Reliability Corporation / Central,AEO2026 High Economic Growth,1.0446969020644556,Industrial
2029,ind,5-14,SRCA,SERC Reliability Corporation / East,AEO2026 High Economic Growth,1.0261168589004444,Industrial
2029,ind,5-15,SRSE,SERC Reliability Corporation / Southeastern,AEO2026 High Economic Growth,1.0347338740871321,Industrial
2029,ind,5-18,SPPC,Southwest Power Pool / Central,AEO2026 High Economic Growth,0.9674308763873444,Industrial
2029,ind,5-19,SPPN,Southwest Power Pool / North,AEO2026 High Economic Growth,0.9681994487735559,Industrial
2029,ind,5-17,SPPS,Southwest Power Pool / South,AEO2026 High Economic Growth,1.023074956562356,Industrial
2029,res,5-3,MISW,Midcontinent / West,AEO2026 High Economic Growth,1.0119455328739824,Residential
2029,ind,5-1,TRE,Texas Reliability Entity,AEO2026 High Economic Growth,1.0228947855167256,Industrial
2029,ind,5-21,CANO,Western Electricity Coordinating Council / California North,AEO2026 High Economic Growth,0.9998404786021747,Industrial
2029,ind,5-22,CASO,Western Electricity Coordinating Council / California South,AEO2026 High Economic Growth,0.9998404748266418,Industrial
2029,ind,5-24,RMRG,Western Electricity Coordinating Council / Rockies,AEO2026 High Economic Growth,1.0198541801297016,Industrial
2029,ind,5-20,SRSG,Western Electricity Coordinating Council / Southwest,AEO2026 High Economic Growth,1.0222316393040807,Industrial
2029,ind,5-23,NWPP,Western Electricity Coordinating Council / Northwest Power Pool Area,AEO2026 High Economic Growth,1.0036754084965445,Industrial
2029,res,5-2,FRCC,Florida Reliability Coordinating Council,AEO2026 High Economic Growth,1.01845446105579,Residential
2029,res,5-4,MISC,Midcontinent / Central,AEO2026 High Economic Growth,1.0218630583413686,Residential
2029,res,5-5,MISE,Midcontinent / East,AEO2026 High Economic Growth,1.0376738818778328,Residential
2029,ind,5-25,BASN,Western Electricity Coordinating Council / Basin,AEO2026 High Economic Growth,1.033642979594372,Industrial
2029,trans,5-2,FRCC,Florida Reliability Coordinating Council,AEO2026 High Economic Growth,1.1450916390442214,Transportation
2029,trans,5-4,MISC,Midcontinent / Central,AEO2026 High Economic Growth,0.988608455010652,Transportation
2029,trans,5-5,MISE,Midcontinent / East,AEO2026 High Economic Growth,0.9811653055165578,Transportation
2029,trans,5-6,MISS,Midcontinent / South,AEO2026 High Economic Growth,1.3511856329187493,Transportation
2029,trans,5-23,NWPP,Western Electricity Coordinating Council / Northwest Power Pool Area,AEO2026 High Economic Growth,1.1643311607001436,Transportation
2029,trans,5-24,RMRG,Western Electricity Coordinating Council / Rockies,AEO2026 High Economic Growth,1.2505275315963662,Transportation
2029,trans,5-3,MISW,Midcontinent / West,AEO2026 High Economic Growth,1.0089244863022502,Transportation
2029,trans,5-8,NYCW,Northeast Power Coordinating Council / New York City and Long Island,AEO2026 High Economic Growth,1.1070418426103645,Transportation
2029,trans,5-7,ISNE,Northeast Power Coordinating Council / New England,AEO2026 High Economic Growth,1.2092845170793076,Transportation
2029,trans,5-9,NYUP,Northeast Power Coordinating Council / Upstate New York,AEO2026 High Economic Growth,1.1070432135641892,Transportation
2029,trans,5-12,PJMC,PJM / Commonwealth Edison,AEO2026 High Economic Growth,0.9811603946154688,Transportation
2029,trans,5-13,PJMD,PJM / Dominion,AEO2026 High Economic Growth,1.1450960747128494,Transportation
2029,trans,5-10,PJME,PJM / East,AEO2026 High Economic Growth,1.1085286449556893,Transportation
2029,trans,5-11,PJMW,PJM / West,AEO2026 High Economic Growth,1.0520967724350472,Transportation
2029,trans,5-20,SRSG,Western Electricity Coordinating Council / Southwest,AEO2026 High Economic Growth,1.2391148746193692,Transportation
2029,trans,5-16,SRCE,SERC Reliability Corporation / Central,AEO2026 High Economic Growth,1.089115495455553,Transportation
2029,trans,5-15,SRSE,SERC Reliability Corporation / Southeastern,AEO2026 High Economic Growth,1.1443786413763288,Transportation
2029,trans,5-18,SPPC,Southwest Power Pool / Central,AEO2026 High Economic Growth,1.139521987467421,Transportation
2029,trans,5-19,SPPN,Southwest Power Pool / North,AEO2026 High Economic Growth,1.1446730441619708,Transportation
2029,trans,5-17,SPPS,Southwest Power Pool / South,AEO2026 High Economic Growth,1.332195643999653,Transportation
2029,trans,5-1,TRE,Texas Reliability Entity,AEO2026 High Economic Growth,1.353706373775497,Transportation
2029,trans,5-25,BASN,Western Electricity Coordinating Council / Basin,AEO2026 High Economic Growth,1.251085383502171,Transportation
2029,trans,5-21,CANO,Western Electricity Coordinating Council / California North,AEO2026 High Economic Growth,1.1602414500314084,Transportation
2029,trans,5-22,CASO,Western Electricity Coordinating Council / California South,AEO2026 High Economic Growth,1.1602409894292953,Transportation
2029,trans,5-14,SRCA,SERC Reliability Corporation / East,AEO2026 High Economic Growth,1.1450971496964375,Transportation
2030,trans,5-23,NWPP,Western Electricity Coordinating Council / Northwest Power Pool Area,AEO2026 High Economic Growth,1.2051688945869456,Transportation
2030,ind,5-24,RMRG,Western Electricity Coordinating Council / Rockies,AEO2026 High Economic Growth,1.0363383139234879,Industrial
2030,ind,5-20,SRSG,Western Electricity Coordinating Council / Southwest,AEO2026 High Economic Growth,1.0387427731060224,Industrial
2030,ind,5-23,NWPP,Western Electricity Coordinating Council / Northwest Power Pool Area,AEO2026 High Economic Growth,1.0180919568490787,Industrial
2030,res,5-2,FRCC,Florida Reliability Coordinating Council,AEO2026 High Economic Growth,1.0307363810816252,Residential
2030,res,5-4,MISC,Midcontinent / Central,AEO2026 High Economic Growth,1.0317598295732053,Residential
2030,res,5-5,MISE,Midcontinent / East,AEO2026 High Economic Growth,1.048947036413238,Residential
2030,ind,5-22,CASO,Western Electricity Coordinating Council / California South,AEO2026 High Economic Growth,1.014198693036708,Industrial
2030,res,5-6,MISS,Midcontinent / South,AEO2026 High Economic Growth,1.0294789815748209,Residential
2030,res,5-8,NYCW,Northeast Power Coordinating Council / New York City and Long Island,AEO2026 High Economic Growth,1.0524560252716402,Residential
2030,res,5-7,ISNE,Northeast Power Coordinating Council / New England,AEO2026 High Economic Growth,1.012085022738573,Residential
2030,res,5-9,NYUP,Northeast Power Coordinating Council / Upstate New York,AEO2026 High Economic Growth,1.0524560339489288,Residential
2030,res,5-12,PJMC,PJM / Commonwealth Edison,AEO2026 High Economic Growth,1.0489473262300377,Residential
2030,res,5-13,PJMD,PJM / Dominion,AEO2026 High Economic Growth,1.0307362574974248,Residential
2030,res,5-10,PJME,PJM / East,AEO2026 High Economic Growth,1.0455724171696248,Residential
2030,res,5-3,MISW,Midcontinent / West,AEO2026 High Economic Growth,1.0212785656290555,Residential
2030,ind,5-21,CANO,Western Electricity Coordinating Council / California North,AEO2026 High Economic Growth,1.0141987269690558,Industrial
2030,ind,5-25,BASN,Western Electricity Coordinating Council / Basin,AEO2026 High Economic Growth,1.0444810635090611,Industrial
2030,ind,5-1,TRE,Texas Reliability Entity,AEO2026 High Economic Growth,1.038452124965557,Industrial
2030,ind,5-6,MISS,Midcontinent / South,AEO2026 High Economic Growth,1.0401174567169313,Industrial
2030,ind,5-3,MISW,Midcontinent / West,AEO2026 High Economic Growth,0.9943129518582297,Industrial
2030,ind,5-8,NYCW,Northeast Power Coordinating Council / New York City and Long Island,AEO2026 High Economic Growth,0.981483237911292,Industrial
2030,ind,5-7,ISNE,Northeast Power Coordinating Council / New England,AEO2026 High Economic Growth,0.9771061118914316,Industrial
2030,ind,5-9,NYUP,Northeast Power Coordinating Council / Upstate New York,AEO2026 High Economic Growth,0.9814836145666227,Industrial
2030,ind,5-12,PJMC,PJM / Commonwealth Edison,AEO2026 High Economic Growth,1.0217668037607255,Industrial
2030,ind,5-13,PJMD,PJM / Dominion,AEO2026 High Economic Growth,1.0434948227157939,Industrial
2030,ind,5-10,PJME,PJM / East,AEO2026 High Economic Growth,0.9872498338738488,Industrial
2030,ind,5-11,PJMW,PJM / West,AEO2026 High Economic Growth,1.023327863567748,Industrial
2030,ind,5-16,SRCE,SERC Reliability Corporation / Central,AEO2026 High Economic Growth,1.0614351195728935,Industrial
2030,ind,5-14,SRCA,SERC Reliability Corporation / East,AEO2026 High Economic Growth,1.0434948675630205,Industrial
2030,ind,5-15,SRSE,SERC Reliability Corporation / Southeastern,AEO2026 High Economic Growth,1.051815134673651,Industrial
2030,ind,5-18,SPPC,Southwest Power Pool / Central,AEO2026 High Economic Growth,0.9805296137078747,Industrial
2030,ind,5-19,SPPN,Southwest Power Pool / North,AEO2026 High Economic Growth,0.981347782677679,Industrial
2030,ind,5-17,SPPS,Southwest Power Pool / South,AEO2026 High Economic Growth,1.0387914581265998,Industrial
2030,res,5-11,PJMW,PJM / West,AEO2026 High Economic Growth,1.0376314853832045,Residential
2030,res,5-16,SRCE,SERC Reliability Corporation / Central,AEO2026 High Economic Growth,0.9748708248398943,Residential
2030,res,5-14,SRCA,SERC Reliability Corporation / East,AEO2026 High Economic Growth,1.0307363601015953,Residential
2030,res,5-15,SRSE,SERC Reliability Corporation / Southeastern,AEO2026 High Economic Growth,1.0134558196772128,Residential
2030,trans,5-13,PJMD,PJM / Dominion,AEO2026 High Economic Growth,1.158237020073711,Transportation
2030,trans,5-10,PJME,PJM / East,AEO2026 High Economic Growth,1.1313858340320784,Transportation
2030,trans,5-11,PJMW,PJM / West,AEO2026 High Economic Growth,1.0526540219483624,Transportation
2030,trans,5-16,SRCE,SERC Reliability Corporation / Central,AEO2026 High Economic Growth,1.100864553314121,Transportation
2030,trans,5-14,SRCA,SERC Reliability Corporation / East,AEO2026 High Economic Growth,1.15823383492756,Transportation
2030,trans,5-15,SRSE,SERC Reliability Corporation / Southeastern,AEO2026 High Economic Growth,1.157499605410339,Transportation
2030,trans,5-18,SPPC,Southwest Power Pool / Central,AEO2026 High Economic Growth,1.164587145788277,Transportation
2030,trans,5-19,SPPN,Southwest Power Pool / North,AEO2026 High Economic Growth,1.1716681955182806,Transportation
2030,trans,5-17,SPPS,Southwest Power Pool / South,AEO2026 High Economic Growth,1.3994446533422036,Transportation
2030,trans,5-1,TRE,Texas Reliability Entity,AEO2026 High Economic Growth,1.4209851151350665,Transportation
2030,trans,5-25,BASN,Western Electricity Coordinating Council / Basin,AEO2026 High Economic Growth,1.3175832127351665,Transportation
2030,trans,5-21,CANO,Western Electricity Coordinating Council / California North,AEO2026 High Economic Growth,1.1998743661104663,Transportation
2030,trans,5-22,CASO,Western Electricity Coordinating Council / California South,AEO2026 High Economic Growth,1.1998705194786818,Transportation
2030,trans,5-24,RMRG,Western Electricity Coordinating Council / Rockies,AEO2026 High Economic Growth,1.3166300171031298,Transportation
2030,trans,5-20,SRSG,Western Electricity Coordinating Council / Southwest,AEO2026 High Economic Growth,1.3015200960826894,Transportation
2030,trans,5-12,PJMC,PJM / Commonwealth Edison,AEO2026 High Economic Growth,0.9564005148970989,Transportation
2030,ind,5-5,MISE,Midcontinent / East,AEO2026 High Economic Growth,1.0217669118107615,Industrial
2030,trans,5-9,NYUP,Northeast Power Coordinating Council / Upstate New York,AEO2026 High Economic Growth,1.1302951097541853,Transportation
2030,trans,5-8,NYCW,Northeast Power Coordinating Council / New York City and Long Island,AEO2026 High Economic Growth,1.1302940499040306,Transportation
2030,res,5-18,SPPC,Southwest Power Pool / Central,AEO2026 High Economic Growth,1.0055631682464705,Residential
2030,res,5-19,SPPN,Southwest Power Pool / North,AEO2026 High Economic Growth,1.0073325755174922,Residential
2030,res,5-17,SPPS,Southwest Power Pool / South,AEO2026 High Economic Growth,1.0438447787391905,Residential
2030,res,5-1,TRE,Texas Reliability Entity,AEO2026 High Economic Growth,1.04108317853197,Residential
2030,res,5-25,BASN,Western Electricity Coordinating Council / Basin,AEO2026 High Economic Growth,1.118544104052343,Residential
2030,res,5-21,CANO,Western Electricity Coordinating Council / California North,AEO2026 High Economic Growth,1.0747892183217667,Residential
2030,res,5-22,CASO,Western Electricity Coordinating Council / California South,AEO2026 High Economic Growth,1.074790780029622,Residential
2030,res,5-24,RMRG,Western Electricity Coordinating Council / Rockies,AEO2026 High Economic Growth,1.1121009469194219,Residential
2030,res,5-20,SRSG,Western Electricity Coordinating Council / Southwest,AEO2026 High Economic Growth,1.1130325165450874,Residential
2030,res,5-23,NWPP,Western Electricity Coordinating Council / Northwest Power Pool Area,AEO2026 High Economic Growth,1.0806066774633594,Residential
2030,trans,5-2,FRCC,Florida Reliability Coordinating Council,AEO2026 High Economic Growth,1.158228115010585,Transportation
2030,trans,5-4,MISC,Midcontinent / Central,AEO2026 High Economic Growth,0.9661969438526707,Transportation
2030,trans,5-5,MISE,Midcontinent / East,AEO2026 High Economic Growth,0.9564029406880729,Transportation
2030,trans,5-6,MISS,Midcontinent / South,AEO2026 High Economic Growth,1.417993723119842,Transportation
2030,trans,5-3,MISW,Midcontinent / West,AEO2026 High Economic Growth,0.9929005094565626,Transportation
2030,trans,5-7,ISNE,Northeast Power Coordinating Council / New England,AEO2026 High Economic Growth,1.2503233015436428,Transportation
2030,ind,5-4,MISC,Midcontinent / Central,AEO2026 High Economic Growth,1.0199515566584112,Industrial
2030,ind,5-2,FRCC,Florida Reliability Coordinating Council,AEO2026 High Economic Growth,1.043494757191214,Industrial
2030,com,5-23,NWPP,Western Electricity Coordinating Council / Northwest Power Pool Area,AEO2026 High Economic Growth,1.0910994174359145,Commercial
2030,com,5-13,PJMD,PJM / Dominion,AEO2026 High Economic Growth,1.107055378893814,Commercial
2030,com,5-10,PJME,PJM / East,AEO2026 High Economic Growth,1.0821952490356481,Commercial
2030,com,5-11,PJMW,PJM / West,AEO2026 High Economic Growth,1.082214815801195,Commercial
2030,com,5-16,SRCE,SERC Reliability Corporation / Central,AEO2026 High Economic Growth,1.0460605792363102,Commercial
2030,com,5-14,SRCA,SERC Reliability Corporation / East,AEO2026 High Economic Growth,1.1070553207522411,Commercial
2030,com,5-15,SRSE,SERC Reliability Corporation / Southeastern,AEO2026 High Economic Growth,1.0908755394340728,Commercial
2030,com,5-18,SPPC,Southwest Power Pool / Central,AEO2026 High Economic Growth,1.0453137528016188,Commercial
2030,com,5-19,SPPN,Southwest Power Pool / North,AEO2026 High Economic Growth,1.0479184795479768,Commercial
2030,com,5-17,SPPS,Southwest Power Pool / South,AEO2026 High Economic Growth,1.2146791025137191,Commercial
2030,com,5-1,TRE,Texas Reliability Entity,AEO2026 High Economic Growth,1.2202854410961659,Commercial
2030,com,5-25,BASN,Western Electricity Coordinating Council / Basin,AEO2026 High Economic Growth,1.1427260477739838,Commercial
2030,com,5-21,CANO,Western Electricity Coordinating Council / California North,AEO2026 High Economic Growth,1.0835177797008375,Commercial
2030,com,5-22,CASO,Western Electricity Coordinating Council / California South,AEO2026 High Economic Growth,1.0835176792870114,Commercial
2030,com,5-24,RMRG,Western Electricity Coordinating Council / Rockies,AEO2026 High Economic Growth,1.136706506527224,Commercial
2030,com,5-20,SRSG,Western Electricity Coordinating Council / Southwest,AEO2026 High Economic Growth,1.145025475307568,Commercial
2030,com,5-12,PJMC,PJM / Commonwealth Edison,AEO2026 High Economic Growth,1.081383654377181,Commercial
2030,com,5-9,NYUP,Northeast Power Coordinating Council / Upstate New York,AEO2026 High Economic Growth,1.0672335413875307,Commercial
2030,com,5-8,NYCW,Northeast Power Coordinating Council / New York City and Long Island,AEO2026 High Economic Growth,1.0672336055078244,Commercial
2030,com,5-2,FRCC,Florida Reliability Coordinating Council,AEO2026 High Economic Growth,1.1070552975224877,Commercial
2030,com,5-4,MISC,Midcontinent / Central,AEO2026 High Economic Growth,1.068458343659701,Commercial
2030,com,5-5,MISE,Midcontinent / East,AEO2026 High Economic Growth,1.0813836887694577,Commercial
2030,com,5-6,MISS,Midcontinent / South,AEO2026 High Economic Growth,1.193539854694675,Commercial
2030,com,5-3,MISW,Midcontinent / West,AEO2026 High Economic Growth,1.0584760102067783,Commercial
2030,com,5-7,ISNE,Northeast Power Coordinating Council / New England,AEO2026 High Economic Growth,1.0084477717722007,Commercial
2031,com,5-23,NWPP,Western Electricity Coordinating Council / Northwest Power Pool Area,AEO2026 High Economic Growth,1.1186193590942983,Commercial
2031,com,5-20,SRSG,Western Electricity Coordinating Council / Southwest,AEO2026 High Economic Growth,1.1824490844062392,Commercial
2031,com,5-24,RMRG,Western Electricity Coordinating Council / Rockies,AEO2026 High Economic Growth,1.1749298088943942,Commercial
2031,com,5-22,CASO,Western Electricity Coordinating Council / California South,AEO2026 High Economic Growth,1.1092057761483007,Commercial
2031,com,5-21,CANO,Western Electricity Coordinating Council / California North,AEO2026 High Economic Growth,1.109205780832804,Commercial
2031,com,5-25,BASN,Western Electricity Coordinating Council / Basin,AEO2026 High Economic Growth,1.1827200072422772,Commercial
2031,com,5-1,TRE,Texas Reliability Entity,AEO2026 High Economic Growth,1.2358614304940452,Commercial
2031,com,5-17,SPPS,Southwest Power Pool / South,AEO2026 High Economic Growth,1.2320363217554806,Commercial
2031,com,5-19,SPPN,Southwest Power Pool / North,AEO2026 High Economic Growth,1.060318701131601,Commercial
2031,com,5-18,SPPC,Southwest Power Pool / Central,AEO2026 High Economic Growth,1.0568946819971388,Commercial
2031,com,5-15,SRSE,SERC Reliability Corporation / Southeastern,AEO2026 High Economic Growth,1.109372041592187,Commercial
2031,com,5-14,SRCA,SERC Reliability Corporation / East,AEO2026 High Economic Growth,1.129192019571575,Commercial
2031,com,5-16,SRCE,SERC Reliability Corporation / Central,AEO2026 High Economic Growth,1.0544751749901171,Commercial
2031,com,5-11,PJMW,PJM / West,AEO2026 High Economic Growth,1.0858191579096612,Commercial
2031,com,5-10,PJME,PJM / East,AEO2026 High Economic Growth,1.092867099540635,Commercial
2031,com,5-13,PJMD,PJM / Dominion,AEO2026 High Economic Growth,1.1291921397182365,Commercial
2031,com,5-12,PJMC,PJM / Commonwealth Edison,AEO2026 High Economic Growth,1.0793085210669924,Commercial
2031,com,5-9,NYUP,Northeast Power Coordinating Council / Upstate New York,AEO2026 High Economic Growth,1.0710056108275057,Commercial
2031,com,5-7,ISNE,Northeast Power Coordinating Council / New England,AEO2026 High Economic Growth,1.0165797319077783,Commercial
2031,com,5-8,NYCW,Northeast Power Coordinating Council / New York City and Long Island,AEO2026 High Economic Growth,1.0710056064051818,Commercial
2031,com,5-3,MISW,Midcontinent / West,AEO2026 High Economic Growth,1.065010581461708,Commercial
2031,ind,5-2,FRCC,Florida Reliability Coordinating Council,AEO2026 High Economic Growth,1.059791636085038,Industrial
2031,com,5-6,MISS,Midcontinent / South,AEO2026 High Economic Growth,1.207996037569908,Commercial
2031,ind,5-4,MISC,Midcontinent / Central,AEO2026 High Economic Growth,1.0339975133726291,Industrial
2031,ind,5-6,MISS,Midcontinent / South,AEO2026 High Economic Growth,1.0501928398740508,Industrial
2031,ind,5-23,NWPP,Western Electricity Coordinating Council / Northwest Power Pool Area,AEO2026 High Economic Growth,1.0352740422468942,Industrial
2031,ind,5-20,SRSG,Western Electricity Coordinating Council / Southwest,AEO2026 High Economic Growth,1.0559137221829198,Industrial
2031,ind,5-24,RMRG,Western Electricity Coordinating Council / Rockies,AEO2026 High Economic Growth,1.053514277770772,Industrial
2031,ind,5-22,CASO,Western Electricity Coordinating Council / California South,AEO2026 High Economic Growth,1.0313786089272985,Industrial
2031,ind,5-21,CANO,Western Electricity Coordinating Council / California North,AEO2026 High Economic Growth,1.0313786457074179,Industrial
2031,ind,5-25,BASN,Western Electricity Coordinating Council / Basin,AEO2026 High Economic Growth,1.0583796307232256,Industrial
2031,ind,5-1,TRE,Texas Reliability Entity,AEO2026 High Economic Growth,1.0486536631834162,Industrial
2031,ind,5-17,SPPS,Southwest Power Pool / South,AEO2026 High Economic Growth,1.04996501744395,Industrial
2031,ind,5-19,SPPN,Southwest Power Pool / North,AEO2026 High Economic Growth,0.9936086847919511,Industrial
2031,ind,5-18,SPPC,Southwest Power Pool / Central,AEO2026 High Economic Growth,0.9927173893830472,Industrial
2031,ind,5-15,SRSE,SERC Reliability Corporation / Southeastern,AEO2026 High Economic Growth,1.0671006651652273,Industrial
2031,ind,5-14,SRCA,SERC Reliability Corporation / East,AEO2026 High Economic Growth,1.059791509,Industrial
2031,ind,5-16,SRCE,SERC Reliability Corporation / Central,AEO2026 High Economic Growth,1.075551416434528,Industrial
2031,ind,5-11,PJMW,PJM / West,AEO2026 High Economic Growth,1.0362624436385,Industrial
2031,ind,5-10,PJME,PJM / East,AEO2026 High Economic Growth,0.990198407933215,Industrial
2031,ind,5-13,PJMD,PJM / Dominion,AEO2026 High Economic Growth,1.0597915186796178,Industrial
2031,ind,5-12,PJMC,PJM / Commonwealth Edison,AEO2026 High Economic Growth,1.0361542362679252,Industrial
2031,ind,5-9,NYUP,Northeast Power Coordinating Council / Upstate New York,AEO2026 High Economic Growth,0.9856010536745302,Industrial
2031,ind,5-7,ISNE,Northeast Power Coordinating Council / New England,AEO2026 High Economic Growth,0.9777029380870795,Industrial
2031,ind,5-8,NYCW,Northeast Power Coordinating Council / New York City and Long Island,AEO2026 High Economic Growth,0.9830654618196869,Industrial
2031,ind,5-3,MISW,Midcontinent / West,AEO2026 High Economic Growth,1.0072357761498725,Industrial
2031,ind,5-5,MISE,Midcontinent / East,AEO2026 High Economic Growth,1.0361542329429883,Industrial
2031,com,5-5,MISE,Midcontinent / East,AEO2026 High Economic Growth,1.0793084744425487,Commercial
2031,com,5-4,MISC,Midcontinent / Central,AEO2026 High Economic Growth,1.071190750479552,Commercial
2031,res,5-4,MISC,Midcontinent / Central,AEO2026 High Economic Growth,1.0395280441257415,Residential
2031,res,5-6,MISS,Midcontinent / South,AEO2026 High Economic Growth,1.0335599020646724,Residential
2031,res,5-5,MISE,Midcontinent / East,AEO2026 High Economic Growth,1.0574864340304972,Residential
2031,res,5-23,NWPP,Western Electricity Coordinating Council / Northwest Power Pool Area,AEO2026 High Economic Growth,1.110397565793224,Residential
2031,res,5-20,SRSG,Western Electricity Coordinating Council / Southwest,AEO2026 High Economic Growth,1.1414861458308716,Residential
2031,res,5-24,RMRG,Western Electricity Coordinating Council / Rockies,AEO2026 High Economic Growth,1.140466717029552,Residential
2031,res,5-22,CASO,Western Electricity Coordinating Council / California South,AEO2026 High Economic Growth,1.1045918023619212,Residential
2031,res,5-21,CANO,Western Electricity Coordinating Council / California North,AEO2026 High Economic Growth,1.1045902707795965,Residential
2031,res,5-25,BASN,Western Electricity Coordinating Council / Basin,AEO2026 High Economic Growth,1.1482691644298568,Residential
2031,res,5-1,TRE,Texas Reliability Entity,AEO2026 High Economic Growth,1.046837772991291,Residential
2031,res,5-17,SPPS,Southwest Power Pool / South,AEO2026 High Economic Growth,1.0504496455643917,Residential
2031,res,5-19,SPPN,Southwest Power Pool / North,AEO2026 High Economic Growth,1.014830437953151,Residential
2031,res,5-18,SPPC,Southwest Power Pool / Central,AEO2026 High Economic Growth,1.0126994570808878,Residential
2031,res,5-15,SRSE,SERC Reliability Corporation / Southeastern,AEO2026 High Economic Growth,1.0191656901448556,Residential
2031,res,5-14,SRCA,SERC Reliability Corporation / East,AEO2026 High Economic Growth,1.0406663452652047,Residential
2031,res,5-16,SRCE,SERC Reliability Corporation / Central,AEO2026 High Economic Growth,0.9711577502061982,Residential
2031,res,5-11,PJMW,PJM / West,AEO2026 High Economic Growth,1.046095536066567,Residential
2031,res,5-10,PJME,PJM / East,AEO2026 High Economic Growth,1.0595594400091386,Residential
2031,res,5-13,PJMD,PJM / Dominion,AEO2026 High Economic Growth,1.040666241216306,Residential
2031,res,5-12,PJMC,PJM / Commonwealth Edison,AEO2026 High Economic Growth,1.0574867370846748,Residential
2031,res,5-9,NYUP,Northeast Power Coordinating Council / Upstate New York,AEO2026 High Economic Growth,1.0683253198323392,Residential
2031,res,5-7,ISNE,Northeast Power Coordinating Council / New England,AEO2026 High Economic Growth,1.030614159939887,Residential
2031,res,5-8,NYCW,Northeast Power Coordinating Council / New York City and Long Island,AEO2026 High Economic Growth,1.068325447749275,Residential
2031,res,5-3,MISW,Midcontinent / West,AEO2026 High Economic Growth,1.0289247494787295,Residential
2031,trans,5-2,FRCC,Florida Reliability Coordinating Council,AEO2026 High Economic Growth,1.16432192167877,Transportation
2031,trans,5-4,MISC,Midcontinent / Central,AEO2026 High Economic Growth,0.9437111169305467,Transportation
2031,trans,5-6,MISS,Midcontinent / South,AEO2026 High Economic Growth,1.4784086946414041,Transportation
2031,trans,5-23,NWPP,Western Electricity Coordinating Council / Northwest Power Pool Area,AEO2026 High Economic Growth,1.238009425701623,Transportation
2031,trans,5-20,SRSG,Western Electricity Coordinating Council / Southwest,AEO2026 High Economic Growth,1.3568889589828823,Transportation
2031,trans,5-24,RMRG,Western Electricity Coordinating Council / Rockies,AEO2026 High Economic Growth,1.3759800981764068,Transportation
2031,trans,5-22,CASO,Western Electricity Coordinating Council / California South,AEO2026 High Economic Growth,1.2314482007160343,Transportation
2031,trans,5-21,CANO,Western Electricity Coordinating Council / California North,AEO2026 High Economic Growth,1.2314534010591518,Transportation
2031,trans,5-25,BASN,Western Electricity Coordinating Council / Basin,AEO2026 High Economic Growth,1.3772214182344429,Transportation
2031,trans,5-1,TRE,Texas Reliability Entity,AEO2026 High Economic Growth,1.4817967855476866,Transportation
2031,trans,5-17,SPPS,Southwest Power Pool / South,AEO2026 High Economic Growth,1.4601856940387008,Transportation
2031,trans,5-19,SPPN,Southwest Power Pool / North,AEO2026 High Economic Growth,1.1942078364565587,Transportation
2031,trans,5-18,SPPC,Southwest Power Pool / Central,AEO2026 High Economic Growth,1.185326900682083,Transportation
2031,trans,5-15,SRSE,SERC Reliability Corporation / Southeastern,AEO2026 High Economic Growth,1.163620891978507,Transportation
2031,trans,5-14,SRCA,SERC Reliability Corporation / East,AEO2026 High Economic Growth,1.1643243921508064,Transportation
2031,trans,5-16,SRCE,SERC Reliability Corporation / Central,AEO2026 High Economic Growth,1.1088450454444692,Transportation
2031,trans,5-11,PJMW,PJM / West,AEO2026 High Economic Growth,1.0497417875352975,Transportation
2031,trans,5-10,PJME,PJM / East,AEO2026 High Economic Growth,1.1477798777577966,Transportation
2031,trans,5-13,PJMD,PJM / Dominion,AEO2026 High Economic Growth,1.1643199627867034,Transportation
2031,trans,5-12,PJMC,PJM / Commonwealth Edison,AEO2026 High Economic Growth,0.9317761344152427,Transportation
2031,trans,5-9,NYUP,Northeast Power Coordinating Council / Upstate New York,AEO2026 High Economic Growth,1.1471078000049242,Transportation
2031,trans,5-7,ISNE,Northeast Power Coordinating Council / New England,AEO2026 High Economic Growth,1.2813055521912227,Transportation
2031,trans,5-8,NYCW,Northeast Power Coordinating Council / New York City and Long Island,AEO2026 High Economic Growth,1.1471063339731287,Transportation
2031,trans,5-3,MISW,Midcontinent / West,AEO2026 High Economic Growth,0.976233928470448,Transportation
2031,trans,5-5,MISE,Midcontinent / East,AEO2026 High Economic Growth,0.9317814712497925,Transportation
2031,com,5-2,FRCC,Florida Reliability Coordinating Council,AEO2026 High Economic Growth,1.1291919803944905,Commercial
2031,res,5-2,FRCC,Florida Reliability Coordinating Council,AEO2026 High Economic Growth,1.0406664160773629,Residential
2032,trans,5-23,NWPP,Western Electricity Coordinating Council / Northwest Power Pool Area,AEO2026 High Economic Growth,1.2657246942026257,Transportation
2032,trans,5-20,SRSG,Western Electricity Coordinating Council / Southwest,AEO2026 High Economic Growth,1.4075992672481772,Transportation
2032,trans,5-24,RMRG,Western Electricity Coordinating Council / Rockies,AEO2026 High Economic Growth,1.430798960485107,Transportation
2032,trans,5-22,CASO,Western Electricity Coordinating Council / California South,AEO2026 High Economic Growth,1.257885576011434,Transportation
2032,trans,5-21,CANO,Western Electricity Coordinating Council / California North,AEO2026 High Economic Growth,1.2578864386120365,Transportation
2032,trans,5-25,BASN,Western Electricity Coordinating Council / Basin,AEO2026 High Economic Growth,1.432098408104197,Transportation
2032,trans,5-1,TRE,Texas Reliability Entity,AEO2026 High Economic Growth,1.5460328230354947,Transportation
2032,trans,5-17,SPPS,Southwest Power Pool / South,AEO2026 High Economic Growth,1.5225754201255315,Transportation
2032,res,5-7,ISNE,Northeast Power Coordinating Council / New England,AEO2026 High Economic Growth,1.0533373916466557,Residential
2032,res,5-8,NYCW,Northeast Power Coordinating Council / New York City and Long Island,AEO2026 High Economic Growth,1.0919161000556639,Residential
2032,res,5-3,MISW,Midcontinent / West,AEO2026 High Economic Growth,1.038538602139981,Residential
2032,res,5-6,MISS,Midcontinent / South,AEO2026 High Economic Growth,1.0424021144862148,Residential
2032,res,5-5,MISE,Midcontinent / East,AEO2026 High Economic Growth,1.0722967972614927,Residential
2032,res,5-4,MISC,Midcontinent / Central,AEO2026 High Economic Growth,1.051017924486856,Residential
2032,res,5-2,FRCC,Florida Reliability Coordinating Council,AEO2026 High Economic Growth,1.0527604088311553,Residential
2032,ind,5-23,NWPP,Western Electricity Coordinating Council / Northwest Power Pool Area,AEO2026 High Economic Growth,1.0527126884813647,Industrial
2032,ind,5-20,SRSG,Western Electricity Coordinating Council / Southwest,AEO2026 High Economic Growth,1.073147539574396,Industrial
2032,ind,5-24,RMRG,Western Electricity Coordinating Council / Rockies,AEO2026 High Economic Growth,1.0708330885508792,Industrial
2032,ind,5-22,CASO,Western Electricity Coordinating Council / California South,AEO2026 High Economic Growth,1.0487885429709303,Industrial
2032,ind,5-21,CANO,Western Electricity Coordinating Council / California North,AEO2026 High Economic Growth,1.0487885886042512,Industrial
2032,ind,5-25,BASN,Western Electricity Coordinating Council / Basin,AEO2026 High Economic Growth,1.0759884140057288,Industrial
2032,ind,5-1,TRE,Texas Reliability Entity,AEO2026 High Economic Growth,1.059452230325258,Industrial
2032,res,5-9,NYUP,Northeast Power Coordinating Council / Upstate New York,AEO2026 High Economic Growth,1.0919159912726777,Residential
2032,ind,5-17,SPPS,Southwest Power Pool / South,AEO2026 High Economic Growth,1.0616589353646562,Industrial
2032,ind,5-18,SPPC,Southwest Power Pool / Central,AEO2026 High Economic Growth,1.0065690776438514,Industrial
2032,ind,5-15,SRSE,SERC Reliability Corporation / Southeastern,AEO2026 High Economic Growth,1.0812572859997265,Industrial
2032,ind,5-14,SRCA,SERC Reliability Corporation / East,AEO2026 High Economic Growth,1.0744856513559224,Industrial
2032,ind,5-16,SRCE,SERC Reliability Corporation / Central,AEO2026 High Economic Growth,1.0890864675706922,Industrial
2032,ind,5-11,PJMW,PJM / West,AEO2026 High Economic Growth,1.0482160227374573,Industrial
2032,ind,5-10,PJME,PJM / East,AEO2026 High Economic Growth,0.9924063069387421,Industrial
2032,ind,5-13,PJMD,PJM / Dominion,AEO2026 High Economic Growth,1.0744857444060383,Industrial
2032,ind,5-12,PJMC,PJM / Commonwealth Edison,AEO2026 High Economic Growth,1.0496456322201886,Industrial
2032,ind,5-9,NYUP,Northeast Power Coordinating Council / Upstate New York,AEO2026 High Economic Growth,0.9895077006871599,Industrial
2032,ind,5-7,ISNE,Northeast Power Coordinating Council / New England,AEO2026 High Economic Growth,0.9785583977780515,Industrial
2032,ind,5-8,NYCW,Northeast Power Coordinating Council / New York City and Long Island,AEO2026 High Economic Growth,0.9839923777333242,Industrial
2032,ind,5-3,MISW,Midcontinent / West,AEO2026 High Economic Growth,1.0209672441719675,Industrial
2032,ind,5-6,MISS,Midcontinent / South,AEO2026 High Economic Growth,1.0611463888723718,Industrial
2032,ind,5-5,MISE,Midcontinent / East,AEO2026 High Economic Growth,1.0496455939545746,Industrial
2032,ind,5-19,SPPN,Southwest Power Pool / North,AEO2026 High Economic Growth,1.0075111577642015,Industrial
2032,res,5-12,PJMC,PJM / Commonwealth Edison,AEO2026 High Economic Growth,1.0722972842199963,Residential
2032,res,5-13,PJMD,PJM / Dominion,AEO2026 High Economic Growth,1.0527602638003297,Residential
2032,res,5-10,PJME,PJM / East,AEO2026 High Economic Growth,1.0795065725663142,Residential
2032,trans,5-19,SPPN,Southwest Power Pool / North,AEO2026 High Economic Growth,1.2195649325121216,Transportation
2032,trans,5-18,SPPC,Southwest Power Pool / Central,AEO2026 High Economic Growth,1.2091720734209506,Transportation
2032,trans,5-15,SRSE,SERC Reliability Corporation / Southeastern,AEO2026 High Economic Growth,1.1649590656116826,Transportation
2032,trans,5-14,SRCA,SERC Reliability Corporation / East,AEO2026 High Economic Growth,1.1656129648755345,Transportation
2032,trans,5-16,SRCE,SERC Reliability Corporation / Central,AEO2026 High Economic Growth,1.114608734205276,Transportation
2032,trans,5-11,PJMW,PJM / West,AEO2026 High Economic Growth,1.0478083740064907,Transportation
2032,trans,5-10,PJME,PJM / East,AEO2026 High Economic Growth,1.161746332599089,Transportation
2032,trans,5-13,PJMD,PJM / Dominion,AEO2026 High Economic Growth,1.1656081153612194,Transportation
2032,trans,5-12,PJMC,PJM / Commonwealth Edison,AEO2026 High Economic Growth,0.9124362241574292,Transportation
2032,trans,5-9,NYUP,Northeast Power Coordinating Council / Upstate New York,AEO2026 High Economic Growth,1.1615892100212653,Transportation
2032,trans,5-7,ISNE,Northeast Power Coordinating Council / New England,AEO2026 High Economic Growth,1.3058256789332419,Transportation
2032,trans,5-8,NYCW,Northeast Power Coordinating Council / New York City and Long Island,AEO2026 High Economic Growth,1.1615892514395394,Transportation
2032,trans,5-3,MISW,Midcontinent / West,AEO2026 High Economic Growth,0.9644717022840722,Transportation
2032,trans,5-6,MISS,Midcontinent / South,AEO2026 High Economic Growth,1.5422236429152623,Transportation
2032,trans,5-5,MISE,Midcontinent / East,AEO2026 High Economic Growth,0.9124385469659687,Transportation
2032,trans,5-4,MISC,Midcontinent / Central,AEO2026 High Economic Growth,0.9264096992688744,Transportation
2032,trans,5-2,FRCC,Florida Reliability Coordinating Council,AEO2026 High Economic Growth,1.1656081576883175,Transportation
2032,res,5-11,PJMW,PJM / West,AEO2026 High Economic Growth,1.059516529753578,Residential
2032,res,5-16,SRCE,SERC Reliability Corporation / Central,AEO2026 High Economic Growth,0.9678382470564469,Residential
2032,res,5-14,SRCA,SERC Reliability Corporation / East,AEO2026 High Economic Growth,1.052760350881911,Residential
2032,res,5-15,SRSE,SERC Reliability Corporation / Southeastern,AEO2026 High Economic Growth,1.0264919989718462,Residential
2032,res,5-18,SPPC,Southwest Power Pool / Central,AEO2026 High Economic Growth,1.019359577651727,Residential
2032,res,5-19,SPPN,Southwest Power Pool / North,AEO2026 High Economic Growth,1.0218894413500799,Residential
2032,res,5-17,SPPS,Southwest Power Pool / South,AEO2026 High Economic Growth,1.0626151811352726,Residential
2032,res,5-25,BASN,Western Electricity Coordinating Council / Basin,AEO2026 High Economic Growth,1.18028237323935,Residential
2032,res,5-21,CANO,Western Electricity Coordinating Council / California North,AEO2026 High Economic Growth,1.1370712143919355,Residential
2032,res,5-22,CASO,Western Electricity Coordinating Council / California South,AEO2026 High Economic Growth,1.1370726236188529,Residential
2032,res,5-24,RMRG,Western Electricity Coordinating Council / Rockies,AEO2026 High Economic Growth,1.1709508805889624,Residential
2032,res,5-20,SRSG,Western Electricity Coordinating Council / Southwest,AEO2026 High Economic Growth,1.1724210715509054,Residential
2032,res,5-23,NWPP,Western Electricity Coordinating Council / Northwest Power Pool Area,AEO2026 High Economic Growth,1.1428160949021422,Residential
2032,res,5-1,TRE,Texas Reliability Entity,AEO2026 High Economic Growth,1.0582735178152989,Residential
2032,ind,5-4,MISC,Midcontinent / Central,AEO2026 High Economic Growth,1.047542642275524,Industrial
2032,ind,5-2,FRCC,Florida Reliability Coordinating Council,AEO2026 High Economic Growth,1.0744855702667075,Industrial
2032,com,5-23,NWPP,Western Electricity Coordinating Council / Northwest Power Pool Area,AEO2026 High Economic Growth,1.153351106138705,Commercial
2032,com,5-20,SRSG,Western Electricity Coordinating Council / Southwest,AEO2026 High Economic Growth,1.226551586147603,Commercial
2032,com,5-24,RMRG,Western Electricity Coordinating Council / Rockies,AEO2026 High Economic Growth,1.2193997424138932,Commercial
2032,com,5-22,CASO,Western Electricity Coordinating Council / California South,AEO2026 High Economic Growth,1.142212138156444,Commercial
2032,com,5-21,CANO,Western Electricity Coordinating Council / California North,AEO2026 High Economic Growth,1.1422120670939624,Commercial
2032,com,5-25,BASN,Western Electricity Coordinating Council / Basin,AEO2026 High Economic Growth,1.2292010922594385,Commercial
2032,com,5-1,TRE,Texas Reliability Entity,AEO2026 High Economic Growth,1.2599288277306677,Commercial
2032,com,5-17,SPPS,Southwest Power Pool / South,AEO2026 High Economic Growth,1.2577390369410657,Commercial
2032,com,5-19,SPPN,Southwest Power Pool / North,AEO2026 High Economic Growth,1.0757193641584404,Commercial
2032,com,5-18,SPPC,Southwest Power Pool / Central,AEO2026 High Economic Growth,1.0713797075016618,Commercial
2032,com,5-15,SRSE,SERC Reliability Corporation / Southeastern,AEO2026 High Economic Growth,1.1318021817990207,Commercial
2032,com,5-14,SRCA,SERC Reliability Corporation / East,AEO2026 High Economic Growth,1.1559996163126711,Commercial
2032,com,5-16,SRCE,SERC Reliability Corporation / Central,AEO2026 High Economic Growth,1.0647799987544042,Commercial
2032,com,5-11,PJMW,PJM / West,AEO2026 High Economic Growth,1.1039436630806831,Commercial
2032,com,5-10,PJME,PJM / East,AEO2026 High Economic Growth,1.118628933184016,Commercial
2032,com,5-13,PJMD,PJM / Dominion,AEO2026 High Economic Growth,1.1559997545551213,Commercial
2032,com,5-12,PJMC,PJM / Commonwealth Edison,AEO2026 High Economic Growth,1.0944999658372117,Commercial
2032,com,5-9,NYUP,Northeast Power Coordinating Council / Upstate New York,AEO2026 High Economic Growth,1.0961379308729875,Commercial
2032,com,5-7,ISNE,Northeast Power Coordinating Council / New England,AEO2026 High Economic Growth,1.0303262759317668,Commercial
2032,com,5-2,FRCC,Florida Reliability Coordinating Council,AEO2026 High Economic Growth,1.1559997565551432,Commercial
2032,com,5-4,MISC,Midcontinent / Central,AEO2026 High Economic Growth,1.0860570523871385,Commercial
2032,com,5-5,MISE,Midcontinent / East,AEO2026 High Economic Growth,1.094499918739573,Commercial
2032,com,5-6,MISS,Midcontinent / South,AEO2026 High Economic Growth,1.2299292479845165,Commercial
2032,com,5-3,MISW,Midcontinent / West,AEO2026 High Economic Growth,1.0797460797215181,Commercial
2032,com,5-8,NYCW,Northeast Power Coordinating Council / New York City and Long Island,AEO2026 High Economic Growth,1.0961380412848691,Commercial
2033,com,5-4,MISC,Midcontinent / Central,AEO2026 High Economic Growth,1.1019624002200537,Commercial
2033,com,5-5,MISE,Midcontinent / East,AEO2026 High Economic Growth,1.1103405818354644,Commercial
2033,com,5-6,MISS,Midcontinent / South,AEO2026 High Economic Growth,1.2562138272119852,Commercial
2033,com,5-3,MISW,Midcontinent / West,AEO2026 High Economic Growth,1.095685017513723,Commercial
2033,com,5-8,NYCW,Northeast Power Coordinating Council / New York City and Long Island,AEO2026 High Economic Growth,1.1219264372886424,Commercial
2033,com,5-7,ISNE,Northeast Power Coordinating Council / New England,AEO2026 High Economic Growth,1.0481722455309581,Commercial
2033,com,5-9,NYUP,Northeast Power Coordinating Council / Upstate New York,AEO2026 High Economic Growth,1.121926491384621,Commercial
2033,com,5-2,FRCC,Florida Reliability Coordinating Council,AEO2026 High Economic Growth,1.186644240920813,Commercial
2033,com,5-12,PJMC,PJM / Commonwealth Edison,AEO2026 High Economic Growth,1.1103404734564777,Commercial
2033,com,5-10,PJME,PJM / East,AEO2026 High Economic Growth,1.146241871784035,Commercial
2033,com,5-11,PJMW,PJM / West,AEO2026 High Economic Growth,1.1236500946124885,Commercial
2033,com,5-16,SRCE,SERC Reliability Corporation / Central,AEO2026 High Economic Growth,1.0815422082416757,Commercial
2033,com,5-14,SRCA,SERC Reliability Corporation / East,AEO2026 High Economic Growth,1.1866442702786355,Commercial
2033,com,5-15,SRSE,SERC Reliability Corporation / Southeastern,AEO2026 High Economic Growth,1.158764153994772,Commercial
2033,com,5-18,SPPC,Southwest Power Pool / Central,AEO2026 High Economic Growth,1.087396107386616,Commercial
2033,com,5-19,SPPN,Southwest Power Pool / North,AEO2026 High Economic Growth,1.0927395975017855,Commercial
2033,com,5-13,PJMD,PJM / Dominion,AEO2026 High Economic Growth,1.1866443219075735,Commercial
2033,com,5-17,SPPS,Southwest Power Pool / South,AEO2026 High Economic Growth,1.2874586707660622,Commercial
2033,com,5-1,TRE,Texas Reliability Entity,AEO2026 High Economic Growth,1.2879613255737716,Commercial
2033,com,5-21,CANO,Western Electricity Coordinating Council / California North,AEO2026 High Economic Growth,1.1786314773227713,Commercial
2033,ind,5-17,SPPS,Southwest Power Pool / South,AEO2026 High Economic Growth,1.0807174341906767,Industrial
2033,ind,5-1,TRE,Texas Reliability Entity,AEO2026 High Economic Growth,1.0756643523093297,Industrial
2033,ind,5-25,BASN,Western Electricity Coordinating Council / Basin,AEO2026 High Economic Growth,1.1143784207685268,Industrial
2033,ind,5-21,CANO,Western Electricity Coordinating Council / California North,AEO2026 High Economic Growth,1.0859794222144468,Industrial
2033,ind,5-22,CASO,Western Electricity Coordinating Council / California South,AEO2026 High Economic Growth,1.0859793054008686,Industrial
2033,ind,5-24,RMRG,Western Electricity Coordinating Council / Rockies,AEO2026 High Economic Growth,1.1068146125583316,Industrial
2033,ind,5-20,SRSG,Western Electricity Coordinating Council / Southwest,AEO2026 High Economic Growth,1.1098132420743756,Industrial
2033,ind,5-19,SPPN,Southwest Power Pool / North,AEO2026 High Economic Growth,1.0214219352212681,Industrial
2033,ind,5-23,NWPP,Western Electricity Coordinating Council / Northwest Power Pool Area,AEO2026 High Economic Growth,1.0900000480051462,Industrial
2033,res,5-4,MISC,Midcontinent / Central,AEO2026 High Economic Growth,1.0645056253698062,Residential
2033,res,5-5,MISE,Midcontinent / East,AEO2026 High Economic Growth,1.0896893517979271,Residential
2033,res,5-6,MISS,Midcontinent / South,AEO2026 High Economic Growth,1.0549075291966818,Residential
2033,res,5-3,MISW,Midcontinent / West,AEO2026 High Economic Growth,1.0496793074064243,Residential
2033,res,5-8,NYCW,Northeast Power Coordinating Council / New York City and Long Island,AEO2026 High Economic Growth,1.1174532795221794,Residential
2033,res,5-7,ISNE,Northeast Power Coordinating Council / New England,AEO2026 High Economic Growth,1.0774937674765546,Residential
2033,res,5-9,NYUP,Northeast Power Coordinating Council / Upstate New York,AEO2026 High Economic Growth,1.1174532124373264,Residential
2033,res,5-2,FRCC,Florida Reliability Coordinating Council,AEO2026 High Economic Growth,1.066849939507095,Residential
2033,ind,5-18,SPPC,Southwest Power Pool / Central,AEO2026 High Economic Growth,1.0201515039168638,Industrial
2033,ind,5-15,SRSE,SERC Reliability Corporation / Southeastern,AEO2026 High Economic Growth,1.0951415644755724,Industrial
2033,ind,5-14,SRCA,SERC Reliability Corporation / East,AEO2026 High Economic Growth,1.0884996905647468,Industrial
2033,com,5-22,CASO,Western Electricity Coordinating Council / California South,AEO2026 High Economic Growth,1.1786315267028473,Commercial
2033,com,5-24,RMRG,Western Electricity Coordinating Council / Rockies,AEO2026 High Economic Growth,1.2683408166419305,Commercial
2033,com,5-20,SRSG,Western Electricity Coordinating Council / Southwest,AEO2026 High Economic Growth,1.2752016767052834,Commercial
2033,com,5-23,NWPP,Western Electricity Coordinating Council / Northwest Power Pool Area,AEO2026 High Economic Growth,1.1916567607013169,Commercial
2033,ind,5-2,FRCC,Florida Reliability Coordinating Council,AEO2026 High Economic Growth,1.088499677887056,Industrial
2033,ind,5-4,MISC,Midcontinent / Central,AEO2026 High Economic Growth,1.0609669981716296,Industrial
2033,ind,5-5,MISE,Midcontinent / East,AEO2026 High Economic Growth,1.062999781091216,Industrial
2033,ind,5-6,MISS,Midcontinent / South,AEO2026 High Economic Growth,1.0772174533816372,Industrial
2033,ind,5-3,MISW,Midcontinent / West,AEO2026 High Economic Growth,1.0344780696009432,Industrial
2033,ind,5-8,NYCW,Northeast Power Coordinating Council / New York City and Long Island,AEO2026 High Economic Growth,0.9863506242670897,Industrial
2033,ind,5-7,ISNE,Northeast Power Coordinating Council / New England,AEO2026 High Economic Growth,0.9801100005127736,Industrial
2033,ind,5-9,NYUP,Northeast Power Coordinating Council / Upstate New York,AEO2026 High Economic Growth,0.9891048894876907,Industrial
2033,ind,5-12,PJMC,PJM / Commonwealth Edison,AEO2026 High Economic Growth,1.0629997919965064,Industrial
2033,ind,5-13,PJMD,PJM / Dominion,AEO2026 High Economic Growth,1.0884996986383315,Industrial
2033,ind,5-10,PJME,PJM / East,AEO2026 High Economic Growth,0.9958497225861594,Industrial
2033,ind,5-11,PJMW,PJM / West,AEO2026 High Economic Growth,1.0601700429213148,Industrial
2033,ind,5-16,SRCE,SERC Reliability Corporation / Central,AEO2026 High Economic Growth,1.102820644918913,Industrial
2033,com,5-25,BASN,Western Electricity Coordinating Council / Basin,AEO2026 High Economic Growth,1.2803510948307535,Commercial
2033,res,5-12,PJMC,PJM / Commonwealth Edison,AEO2026 High Economic Growth,1.0896897914295123,Residential
2033,res,5-13,PJMD,PJM / Dominion,AEO2026 High Economic Growth,1.0668498896462364,Residential
2033,res,5-11,PJMW,PJM / West,AEO2026 High Economic Growth,1.0753608058213104,Residential
2033,res,5-10,PJME,PJM / East,AEO2026 High Economic Growth,1.1014157272214735,Residential
2033,trans,5-12,PJMC,PJM / Commonwealth Edison,AEO2026 High Economic Growth,0.8882652449669851,Transportation
2033,trans,5-13,PJMD,PJM / Dominion,AEO2026 High Economic Growth,1.163309120835868,Transportation
2033,trans,5-10,PJME,PJM / East,AEO2026 High Economic Growth,1.1770646233651387,Transportation
2033,trans,5-11,PJMW,PJM / West,AEO2026 High Economic Growth,1.0441414299264795,Transportation
2033,trans,5-16,SRCE,SERC Reliability Corporation / Central,AEO2026 High Economic Growth,1.1181556195965416,Transportation
2033,trans,5-14,SRCA,SERC Reliability Corporation / East,AEO2026 High Economic Growth,1.1633109079852901,Transportation
2033,trans,5-15,SRSE,SERC Reliability Corporation / Southeastern,AEO2026 High Economic Growth,1.1627356386519445,Transportation
2033,trans,5-9,NYUP,Northeast Power Coordinating Council / Upstate New York,AEO2026 High Economic Growth,1.1776230790263826,Transportation
2033,trans,5-18,SPPC,Southwest Power Pool / Central,AEO2026 High Economic Growth,1.2578605889203127,Transportation
2033,trans,5-17,SPPS,Southwest Power Pool / South,AEO2026 High Economic Growth,1.5828825962456252,Transportation
2033,trans,5-1,TRE,Texas Reliability Entity,AEO2026 High Economic Growth,1.6056146897926296,Transportation
2033,trans,5-25,BASN,Western Electricity Coordinating Council / Basin,AEO2026 High Economic Growth,1.4941968162083936,Transportation
2033,trans,5-21,CANO,Western Electricity Coordinating Council / California North,AEO2026 High Economic Growth,1.2921611941043594,Transportation
2033,trans,5-22,CASO,Western Electricity Coordinating Council / California South,AEO2026 High Economic Growth,1.2921589992500038,Transportation
2033,trans,5-24,RMRG,Western Electricity Coordinating Council / Rockies,AEO2026 High Economic Growth,1.493280913351547,Transportation
2033,trans,5-20,SRSG,Western Electricity Coordinating Council / Southwest,AEO2026 High Economic Growth,1.4653944606873794,Transportation
2033,trans,5-19,SPPN,Southwest Power Pool / North,AEO2026 High Economic Growth,1.26890315817062,Transportation
2033,trans,5-7,ISNE,Northeast Power Coordinating Council / New England,AEO2026 High Economic Growth,1.33351044918403,Transportation
2033,trans,5-8,NYCW,Northeast Power Coordinating Council / New York City and Long Island,AEO2026 High Economic Growth,1.1776230326295587,Transportation
2033,trans,5-3,MISW,Midcontinent / West,AEO2026 High Economic Growth,0.9530847569157058,Transportation
2033,res,5-16,SRCE,SERC Reliability Corporation / Central,AEO2026 High Economic Growth,0.967539243455572,Residential
2033,res,5-14,SRCA,SERC Reliability Corporation / East,AEO2026 High Economic Growth,1.0668500920619541,Residential
2033,res,5-15,SRSE,SERC Reliability Corporation / Southeastern,AEO2026 High Economic Growth,1.036130893278276,Residential
2033,res,5-18,SPPC,Southwest Power Pool / Central,AEO2026 High Economic Growth,1.0269488478999942,Residential
2033,res,5-19,SPPN,Southwest Power Pool / North,AEO2026 High Economic Growth,1.0298392244636678,Residential
2033,res,5-17,SPPS,Southwest Power Pool / South,AEO2026 High Economic Growth,1.0783945539950426,Residential
2033,res,5-1,TRE,Texas Reliability Entity,AEO2026 High Economic Growth,1.0735038232248577,Residential
2033,res,5-25,BASN,Western Electricity Coordinating Council / Basin,AEO2026 High Economic Growth,1.2109601823618295,Residential
2033,res,5-21,CANO,Western Electricity Coordinating Council / California North,AEO2026 High Economic Growth,1.1646680054286374,Residential
2033,res,5-22,CASO,Western Electricity Coordinating Council / California South,AEO2026 High Economic Growth,1.1646695395878437,Residential
2033,res,5-24,RMRG,Western Electricity Coordinating Council / Rockies,AEO2026 High Economic Growth,1.200264619517876,Residential
2033,res,5-20,SRSG,Western Electricity Coordinating Council / Southwest,AEO2026 High Economic Growth,1.2021796563883438,Residential
2033,res,5-23,NWPP,Western Electricity Coordinating Council / Northwest Power Pool Area,AEO2026 High Economic Growth,1.1708224908420883,Residential
2033,trans,5-2,FRCC,Florida Reliability Coordinating Council,AEO2026 High Economic Growth,1.1633098015401095,Transportation
2033,trans,5-4,MISC,Midcontinent / Central,AEO2026 High Economic Growth,0.9056685233811549,Transportation
2033,trans,5-5,MISE,Midcontinent / East,AEO2026 High Economic Growth,0.8882699555676323,Transportation
2033,trans,5-6,MISS,Midcontinent / South,AEO2026 High Economic Growth,1.6014181099616414,Transportation
2033,trans,5-23,NWPP,Western Electricity Coordinating Council / Northwest Power Pool Area,AEO2026 High Economic Growth,1.3012518790139174,Transportation
2034,res,5-17,SPPS,Southwest Power Pool / South,AEO2026 High Economic Growth,1.096669389418722,Residential
2034,res,5-9,NYUP,Northeast Power Coordinating Council / Upstate New York,AEO2026 High Economic Growth,1.143735295177403,Residential
2034,res,5-12,PJMC,PJM / Commonwealth Edison,AEO2026 High Economic Growth,1.1107402469924146,Residential
2034,res,5-13,PJMD,PJM / Dominion,AEO2026 High Economic Growth,1.0843421125465431,Residential
2034,res,5-10,PJME,PJM / East,AEO2026 High Economic Growth,1.1249119418264708,Residential
2034,res,5-11,PJMW,PJM / West,AEO2026 High Economic Growth,1.0944913066591304,Residential
2034,res,5-16,SRCE,SERC Reliability Corporation / Central,AEO2026 High Economic Growth,0.9714067085106255,Residential
2034,res,5-14,SRCA,SERC Reliability Corporation / East,AEO2026 High Economic Growth,1.0843422858605531,Residential
2034,res,5-7,ISNE,Northeast Power Coordinating Council / New England,AEO2026 High Economic Growth,1.1034056483539556,Residential
2034,res,5-15,SRSE,SERC Reliability Corporation / Southeastern,AEO2026 High Economic Growth,1.0494086039968553,Residential
2034,res,5-19,SPPN,Southwest Power Pool / North,AEO2026 High Economic Growth,1.0415489539101703,Residential
2034,res,5-1,TRE,Texas Reliability Entity,AEO2026 High Economic Growth,1.0912558665606364,Residential
2034,res,5-25,BASN,Western Electricity Coordinating Council / Basin,AEO2026 High Economic Growth,1.2433738721421375,Residential
2034,res,5-21,CANO,Western Electricity Coordinating Council / California North,AEO2026 High Economic Growth,1.1880358987877424,Residential
2034,res,5-22,CASO,Western Electricity Coordinating Council / California South,AEO2026 High Economic Growth,1.1880377736693994,Residential
2034,res,5-24,RMRG,Western Electricity Coordinating Council / Rockies,AEO2026 High Economic Growth,1.23148605586295,Residential
2034,res,5-20,SRSG,Western Electricity Coordinating Council / Southwest,AEO2026 High Economic Growth,1.2335258342229365,Residential
2034,res,5-18,SPPC,Southwest Power Pool / Central,AEO2026 High Economic Growth,1.0383285640516458,Residential
2034,res,5-23,NWPP,Western Electricity Coordinating Council / Northwest Power Pool Area,AEO2026 High Economic Growth,1.1953932039640205,Residential
2034,res,5-8,NYCW,Northeast Power Coordinating Council / New York City and Long Island,AEO2026 High Economic Growth,1.143735140757716,Residential
2034,res,5-6,MISS,Midcontinent / South,AEO2026 High Economic Growth,1.0702213585805889,Residential
2034,ind,5-16,SRCE,SERC Reliability Corporation / Central,AEO2026 High Economic Growth,1.120112728298663,Industrial
2034,ind,5-14,SRCA,SERC Reliability Corporation / East,AEO2026 High Economic Growth,1.1062013804829365,Industrial
2034,ind,5-15,SRSE,SERC Reliability Corporation / Southeastern,AEO2026 High Economic Growth,1.1126531632846326,Industrial
2034,ind,5-18,SPPC,Southwest Power Pool / Central,AEO2026 High Economic Growth,1.039933054964176,Industrial
2034,ind,5-19,SPPN,Southwest Power Pool / North,AEO2026 High Economic Growth,1.0413404908042374,Industrial
2034,ind,5-17,SPPS,Southwest Power Pool / South,AEO2026 High Economic Growth,1.1000935450838718,Industrial
2034,ind,5-1,TRE,Texas Reliability Entity,AEO2026 High Economic Growth,1.0934466659931676,Industrial
2034,res,5-3,MISW,Midcontinent / West,AEO2026 High Economic Growth,1.0645632859330274,Residential
2034,ind,5-25,BASN,Western Electricity Coordinating Council / Basin,AEO2026 High Economic Growth,1.143732453250955,Industrial
2034,ind,5-22,CASO,Western Electricity Coordinating Council / California South,AEO2026 High Economic Growth,1.1134014408852981,Industrial
2034,ind,5-24,RMRG,Western Electricity Coordinating Council / Rockies,AEO2026 High Economic Growth,1.1359359289877682,Industrial
2034,ind,5-20,SRSG,Western Electricity Coordinating Council / Southwest,AEO2026 High Economic Growth,1.13887931304866,Industrial
2034,ind,5-23,NWPP,Western Electricity Coordinating Council / Northwest Power Pool Area,AEO2026 High Economic Growth,1.1177773793582557,Industrial
2034,res,5-2,FRCC,Florida Reliability Coordinating Council,AEO2026 High Economic Growth,1.0843423082245498,Residential
2034,res,5-4,MISC,Midcontinent / Central,AEO2026 High Economic Growth,1.0817108014464183,Residential
2034,res,5-5,MISE,Midcontinent / East,AEO2026 High Economic Growth,1.1107396897877033,Residential
2034,ind,5-21,CANO,Western Electricity Coordinating Council / California North,AEO2026 High Economic Growth,1.1134015031839677,Industrial
2034,trans,5-2,FRCC,Florida Reliability Coordinating Council,AEO2026 High Economic Growth,1.160505385322571,Transportation
2034,trans,5-4,MISC,Midcontinent / Central,AEO2026 High Economic Growth,0.8973168470298467,Transportation
2034,trans,5-5,MISE,Midcontinent / East,AEO2026 High Economic Growth,0.8775518419556281,Transportation
2034,trans,5-24,RMRG,Western Electricity Coordinating Council / Rockies,AEO2026 High Economic Growth,1.5476555385264656,Transportation
2034,trans,5-22,CASO,Western Electricity Coordinating Council / California South,AEO2026 High Economic Growth,1.318953684180735,Transportation
2034,trans,5-21,CANO,Western Electricity Coordinating Council / California North,AEO2026 High Economic Growth,1.3189561571006028,Transportation
2034,trans,5-6,MISS,Midcontinent / South,AEO2026 High Economic Growth,1.6666279204928514,Transportation
2034,trans,5-3,MISW,Midcontinent / West,AEO2026 High Economic Growth,0.9511775078269185,Transportation
2034,trans,5-8,NYCW,Northeast Power Coordinating Council / New York City and Long Island,AEO2026 High Economic Growth,1.1893097888675623,Transportation
2034,trans,5-7,ISNE,Northeast Power Coordinating Council / New England,AEO2026 High Economic Growth,1.3535531914062346,Transportation
2034,trans,5-9,NYUP,Northeast Power Coordinating Council / Upstate New York,AEO2026 High Economic Growth,1.1893092853375562,Transportation
2034,trans,5-12,PJMC,PJM / Commonwealth Edison,AEO2026 High Economic Growth,0.8775503822641924,Transportation
2034,trans,5-13,PJMD,PJM / Dominion,AEO2026 High Economic Growth,1.1605091780870935,Transportation
2034,trans,5-10,PJME,PJM / East,AEO2026 High Economic Growth,1.1881850510780447,Transportation
2034,trans,5-11,PJMW,PJM / West,AEO2026 High Economic Growth,1.0445484643535967,Transportation
2034,trans,5-16,SRCE,SERC Reliability Corporation / Central,AEO2026 High Economic Growth,1.1214808246508534,Transportation
2034,trans,5-14,SRCA,SERC Reliability Corporation / East,AEO2026 High Economic Growth,1.1605069351273611,Transportation
2034,trans,5-15,SRSE,SERC Reliability Corporation / Southeastern,AEO2026 High Economic Growth,1.1600112543833765,Transportation
2034,trans,5-18,SPPC,Southwest Power Pool / Central,AEO2026 High Economic Growth,1.2973437586646703,Transportation
2034,trans,5-19,SPPN,Southwest Power Pool / North,AEO2026 High Economic Growth,1.309068274144935,Transportation
2034,trans,5-17,SPPS,Southwest Power Pool / South,AEO2026 High Economic Growth,1.6461979000954503,Transportation
2034,trans,5-1,TRE,Texas Reliability Entity,AEO2026 High Economic Growth,1.671281964293287,Transportation
2034,trans,5-25,BASN,Western Electricity Coordinating Council / Basin,AEO2026 High Economic Growth,1.54821997105644,Transportation
2034,ind,5-11,PJMW,PJM / West,AEO2026 High Economic Growth,1.078050695670658,Industrial
2034,ind,5-10,PJME,PJM / East,AEO2026 High Economic Growth,1.0032508482298583,Industrial
2034,ind,5-13,PJMD,PJM / Dominion,AEO2026 High Economic Growth,1.106201297765126,Industrial
2034,ind,5-12,PJMC,PJM / Commonwealth Edison,AEO2026 High Economic Growth,1.0838247089698432,Industrial
2034,com,5-17,SPPS,Southwest Power Pool / South,AEO2026 High Economic Growth,1.3198404891980884,Commercial
2034,com,5-1,TRE,Texas Reliability Entity,AEO2026 High Economic Growth,1.3185204382599685,Commercial
2034,com,5-25,BASN,Western Electricity Coordinating Council / Basin,AEO2026 High Economic Growth,1.335884855970717,Commercial
2034,com,5-21,CANO,Western Electricity Coordinating Council / California North,AEO2026 High Economic Growth,1.2180485931446123,Commercial
2034,com,5-22,CASO,Western Electricity Coordinating Council / California South,AEO2026 High Economic Growth,1.21804871527819,Commercial
2034,com,5-24,RMRG,Western Electricity Coordinating Council / Rockies,AEO2026 High Economic Growth,1.3216765810403952,Commercial
2034,com,5-20,SRSG,Western Electricity Coordinating Council / Southwest,AEO2026 High Economic Growth,1.3280234248271674,Commercial
2034,com,5-19,SPPN,Southwest Power Pool / North,AEO2026 High Economic Growth,1.1141745465566069,Commercial
2034,com,5-23,NWPP,Western Electricity Coordinating Council / Northwest Power Pool Area,AEO2026 High Economic Growth,1.2331377736403175,Commercial
2034,ind,5-4,MISC,Midcontinent / Central,AEO2026 High Economic Growth,1.0812836590728323,Industrial
2034,ind,5-5,MISE,Midcontinent / East,AEO2026 High Economic Growth,1.083824586366791,Industrial
2034,ind,5-6,MISS,Midcontinent / South,AEO2026 High Economic Growth,1.0949716295485807,Industrial
2034,ind,5-3,MISW,Midcontinent / West,AEO2026 High Economic Growth,1.0546083006137126,Industrial
2034,ind,5-8,NYCW,Northeast Power Coordinating Council / New York City and Long Island,AEO2026 High Economic Growth,0.9926967648478996,Industrial
2034,ind,5-7,ISNE,Northeast Power Coordinating Council / New England,AEO2026 High Economic Growth,0.9846391923974176,Industrial
2034,ind,5-9,NYUP,Northeast Power Coordinating Council / Upstate New York,AEO2026 High Economic Growth,0.9944325027362256,Industrial
2034,ind,5-2,FRCC,Florida Reliability Coordinating Council,AEO2026 High Economic Growth,1.1062013203460774,Industrial
2034,com,5-18,SPPC,Southwest Power Pool / Central,AEO2026 High Economic Growth,1.1078258512590444,Commercial
2034,com,5-15,SRSE,SERC Reliability Corporation / Southeastern,AEO2026 High Economic Growth,1.189668334933106,Commercial
2034,com,5-14,SRCA,SERC Reliability Corporation / East,AEO2026 High Economic Growth,1.2214230750721098,Commercial
2034,com,5-2,FRCC,Florida Reliability Coordinating Council,AEO2026 High Economic Growth,1.2214230709152594,Commercial
2034,com,5-4,MISC,Midcontinent / Central,AEO2026 High Economic Growth,1.1236982467416339,Commercial
2034,com,5-5,MISE,Midcontinent / East,AEO2026 High Economic Growth,1.132818040003907,Commercial
2034,com,5-6,MISS,Midcontinent / South,AEO2026 High Economic Growth,1.285158230896807,Commercial
2034,com,5-3,MISW,Midcontinent / West,AEO2026 High Economic Growth,1.1168598650697998,Commercial
2034,com,5-8,NYCW,Northeast Power Coordinating Council / New York City and Long Island,AEO2026 High Economic Growth,1.1540826126407577,Commercial
2034,com,5-7,ISNE,Northeast Power Coordinating Council / New England,AEO2026 High Economic Growth,1.072613361882787,Commercial
2034,com,5-9,NYUP,Northeast Power Coordinating Council / Upstate New York,AEO2026 High Economic Growth,1.1540826539582127,Commercial
2034,com,5-12,PJMC,PJM / Commonwealth Edison,AEO2026 High Economic Growth,1.1328180516413622,Commercial
2034,com,5-13,PJMD,PJM / Dominion,AEO2026 High Economic Growth,1.2214231403705165,Commercial
2034,com,5-10,PJME,PJM / East,AEO2026 High Economic Growth,1.17938336941037,Commercial
2034,com,5-11,PJMW,PJM / West,AEO2026 High Economic Growth,1.1493129337620311,Commercial
2034,com,5-16,SRCE,SERC Reliability Corporation / Central,AEO2026 High Economic Growth,1.101714680531934,Commercial
2034,trans,5-20,SRSG,Western Electricity Coordinating Council / Southwest,AEO2026 High Economic Growth,1.515473923012532,Transportation
2034,trans,5-23,NWPP,Western Electricity Coordinating Council / Northwest Power Pool Area,AEO2026 High Economic Growth,1.3292689851382327,Transportation
2035,trans,5-23,NWPP,Western Electricity Coordinating Council / Northwest Power Pool Area,AEO2026 High Economic Growth,1.3599309060806835,Transportation
2035,com,5-2,FRCC,Florida Reliability Coordinating Council,AEO2026 High Economic Growth,1.2577205284424482,Commercial
2035,com,5-5,MISE,Midcontinent / East,AEO2026 High Economic Growth,1.1573505291114297,Commercial
2035,com,5-6,MISS,Midcontinent / South,AEO2026 High Economic Growth,1.3166409762386673,Commercial
2035,com,5-3,MISW,Midcontinent / West,AEO2026 High Economic Growth,1.140206332405737,Commercial
2035,com,5-8,NYCW,Northeast Power Coordinating Council / New York City and Long Island,AEO2026 High Economic Growth,1.1881221188597966,Commercial
2035,com,5-7,ISNE,Northeast Power Coordinating Council / New England,AEO2026 High Economic Growth,1.1006220126836426,Commercial
2035,com,5-9,NYUP,Northeast Power Coordinating Council / Upstate New York,AEO2026 High Economic Growth,1.1881223197040394,Commercial
2035,com,5-12,PJMC,PJM / Commonwealth Edison,AEO2026 High Economic Growth,1.1573506088989785,Commercial
2035,com,5-13,PJMD,PJM / Dominion,AEO2026 High Economic Growth,1.2577206972254242,Commercial
2035,com,5-10,PJME,PJM / East,AEO2026 High Economic Growth,1.214271280136407,Commercial
2035,com,5-11,PJMW,PJM / West,AEO2026 High Economic Growth,1.1768596907716762,Commercial
2035,com,5-16,SRCE,SERC Reliability Corporation / Central,AEO2026 High Economic Growth,1.1230480758600812,Commercial
2035,com,5-14,SRCA,SERC Reliability Corporation / East,AEO2026 High Economic Growth,1.257720561190936,Commercial
2035,com,5-15,SRSE,SERC Reliability Corporation / Southeastern,AEO2026 High Economic Growth,1.221996546779711,Commercial
2035,com,5-18,SPPC,Southwest Power Pool / Central,AEO2026 High Economic Growth,1.1304961569684233,Commercial
2035,com,5-4,MISC,Midcontinent / Central,AEO2026 High Economic Growth,1.1475379669901202,Commercial
2035,com,5-19,SPPN,Southwest Power Pool / North,AEO2026 High Economic Growth,1.1377893199778235,Commercial
2035,com,5-17,SPPS,Southwest Power Pool / South,AEO2026 High Economic Growth,1.354818249601199,Commercial
2035,com,5-25,BASN,Western Electricity Coordinating Council / Basin,AEO2026 High Economic Growth,1.3915876338684707,Commercial
2035,com,5-1,TRE,Texas Reliability Entity,AEO2026 High Economic Growth,1.3518669762118447,Commercial
2035,com,5-21,CANO,Western Electricity Coordinating Council / California North,AEO2026 High Economic Growth,1.259528134983262,Commercial
2035,com,5-22,CASO,Western Electricity Coordinating Council / California South,AEO2026 High Economic Growth,1.259528181213768,Commercial
2035,com,5-24,RMRG,Western Electricity Coordinating Council / Rockies,AEO2026 High Economic Growth,1.37530520320646,Commercial
2035,com,5-20,SRSG,Western Electricity Coordinating Council / Southwest,AEO2026 High Economic Growth,1.3813099445683368,Commercial
2035,com,5-23,NWPP,Western Electricity Coordinating Council / Northwest Power Pool Area,AEO2026 High Economic Growth,1.276438496296776,Commercial
2035,ind,5-2,FRCC,Florida Reliability Coordinating Council,AEO2026 High Economic Growth,1.1245851058486056,Industrial
2035,ind,5-4,MISC,Midcontinent / Central,AEO2026 High Economic Growth,1.1024711821919793,Industrial
2035,ind,5-5,MISE,Midcontinent / East,AEO2026 High Economic Growth,1.1057681357386304,Industrial
2035,ind,5-6,MISS,Midcontinent / South,AEO2026 High Economic Growth,1.112725818538646,Industrial
2035,ind,5-3,MISW,Midcontinent / West,AEO2026 High Economic Growth,1.0752228054425856,Industrial
2035,ind,5-8,NYCW,Northeast Power Coordinating Council / New York City and Long Island,AEO2026 High Economic Growth,0.9990860177967856,Industrial
2035,ind,5-7,ISNE,Northeast Power Coordinating Council / New England,AEO2026 High Economic Growth,0.9907086874951432,Industrial
2035,ind,5-9,NYUP,Northeast Power Coordinating Council / Upstate New York,AEO2026 High Economic Growth,1.000686706067984,Industrial
2035,ind,5-12,PJMC,PJM / Commonwealth Edison,AEO2026 High Economic Growth,1.105768203870263,Industrial
2035,ind,5-13,PJMD,PJM / Dominion,AEO2026 High Economic Growth,1.1245852220978403,Industrial
2035,ind,5-11,PJMW,PJM / West,AEO2026 High Economic Growth,1.096727900825345,Industrial
2035,ind,5-16,SRCE,SERC Reliability Corporation / Central,AEO2026 High Economic Growth,1.1374121314104673,Industrial
2035,ind,5-14,SRCA,SERC Reliability Corporation / East,AEO2026 High Economic Growth,1.124585146846081,Industrial
2035,ind,5-15,SRSE,SERC Reliability Corporation / Southeastern,AEO2026 High Economic Growth,1.130533908686477,Industrial
2035,ind,5-18,SPPC,Southwest Power Pool / Central,AEO2026 High Economic Growth,1.0598873560997129,Industrial
2035,ind,5-19,SPPN,Southwest Power Pool / North,AEO2026 High Economic Growth,1.061503129355669,Industrial
2035,ind,5-17,SPPS,Southwest Power Pool / South,AEO2026 High Economic Growth,1.1201869405505704,Industrial
2035,ind,5-1,TRE,Texas Reliability Entity,AEO2026 High Economic Growth,1.1112288670831494,Industrial
2035,ind,5-25,BASN,Western Electricity Coordinating Council / Basin,AEO2026 High Economic Growth,1.179080731886987,Industrial
2035,ind,5-21,CANO,Western Electricity Coordinating Council / California North,AEO2026 High Economic Growth,1.1467953951896772,Industrial
2035,ind,5-10,PJME,PJM / East,AEO2026 High Economic Growth,1.0107540742348033,Industrial
2035,res,5-17,SPPS,Southwest Power Pool / South,AEO2026 High Economic Growth,1.1180564759436065,Residential
2035,res,5-19,SPPN,Southwest Power Pool / North,AEO2026 High Economic Growth,1.0560843312395585,Residential
2035,res,5-18,SPPC,Southwest Power Pool / Central,AEO2026 High Economic Growth,1.0525753828840598,Residential
2035,res,5-15,SRSE,SERC Reliability Corporation / Southeastern,AEO2026 High Economic Growth,1.064694664614683,Residential
2035,res,5-14,SRCA,SERC Reliability Corporation / East,AEO2026 High Economic Growth,1.1035342083912267,Residential
2035,res,5-16,SRCE,SERC Reliability Corporation / Central,AEO2026 High Economic Growth,0.9779714377720489,Residential
2035,res,5-11,PJMW,PJM / West,AEO2026 High Economic Growth,1.1151987001609682,Residential
2035,res,5-10,PJME,PJM / East,AEO2026 High Economic Growth,1.148804556966353,Residential
2035,res,5-13,PJMD,PJM / Dominion,AEO2026 High Economic Growth,1.1035341499599243,Residential
2035,res,5-12,PJMC,PJM / Commonwealth Edison,AEO2026 High Economic Growth,1.1335161272300978,Residential
2035,res,5-9,NYUP,Northeast Power Coordinating Council / Upstate New York,AEO2026 High Economic Growth,1.169808802103377,Residential
2035,res,5-7,ISNE,Northeast Power Coordinating Council / New England,AEO2026 High Economic Growth,1.130283597227167,Residential
2035,res,5-8,NYCW,Northeast Power Coordinating Council / New York City and Long Island,AEO2026 High Economic Growth,1.169808852530705,Residential
2035,res,5-3,MISW,Midcontinent / West,AEO2026 High Economic Growth,1.081899902892402,Residential
2035,res,5-1,TRE,Texas Reliability Entity,AEO2026 High Economic Growth,1.1122228159401968,Residential
2035,res,5-6,MISS,Midcontinent / South,AEO2026 High Economic Growth,1.088662969452187,Residential
2035,res,5-4,MISC,Midcontinent / Central,AEO2026 High Economic Growth,1.1010718559087938,Residential
2035,res,5-2,FRCC,Florida Reliability Coordinating Council,AEO2026 High Economic Growth,1.1035341327190955,Residential
2035,ind,5-23,NWPP,Western Electricity Coordinating Council / Northwest Power Pool Area,AEO2026 High Economic Growth,1.1514531981016771,Industrial
2035,ind,5-20,SRSG,Western Electricity Coordinating Council / Southwest,AEO2026 High Economic Growth,1.1731568095143505,Industrial
2035,ind,5-24,RMRG,Western Electricity Coordinating Council / Rockies,AEO2026 High Economic Growth,1.1701063278852555,Industrial
2035,ind,5-22,CASO,Western Electricity Coordinating Council / California South,AEO2026 High Economic Growth,1.1467953283232513,Industrial
2035,res,5-5,MISE,Midcontinent / East,AEO2026 High Economic Growth,1.1335156269229696,Residential
2035,res,5-25,BASN,Western Electricity Coordinating Council / Basin,AEO2026 High Economic Growth,1.2760804838236197,Residential
2035,res,5-22,CASO,Western Electricity Coordinating Council / California South,AEO2026 High Economic Growth,1.2088049838290815,Residential
2035,trans,5-20,SRSG,Western Electricity Coordinating Council / Southwest,AEO2026 High Economic Growth,1.5676400296012325,Transportation
2035,trans,5-24,RMRG,Western Electricity Coordinating Council / Rockies,AEO2026 High Economic Growth,1.6040070189467137,Transportation
2035,trans,5-22,CASO,Western Electricity Coordinating Council / California South,AEO2026 High Economic Growth,1.3484158093593899,Transportation
2035,trans,5-21,CANO,Western Electricity Coordinating Council / California North,AEO2026 High Economic Growth,1.3484177202025116,Transportation
2035,trans,5-25,BASN,Western Electricity Coordinating Council / Basin,AEO2026 High Economic Growth,1.6042981186685963,Transportation
2035,trans,5-1,TRE,Texas Reliability Entity,AEO2026 High Economic Growth,1.736079894830584,Transportation
2035,trans,5-17,SPPS,Southwest Power Pool / South,AEO2026 High Economic Growth,1.7092818095045268,Transportation
2035,trans,5-19,SPPN,Southwest Power Pool / North,AEO2026 High Economic Growth,1.3502817455117286,Transportation
2035,trans,5-18,SPPC,Southwest Power Pool / Central,AEO2026 High Economic Growth,1.337825098430655,Transportation
2035,trans,5-15,SRSE,SERC Reliability Corporation / Southeastern,AEO2026 High Economic Growth,1.1722606899486006,Transportation
2035,trans,5-14,SRCA,SERC Reliability Corporation / East,AEO2026 High Economic Growth,1.1727845718753318,Transportation
2035,res,5-21,CANO,Western Electricity Coordinating Council / California North,AEO2026 High Economic Growth,1.208802713752595,Residential
2035,trans,5-16,SRCE,SERC Reliability Corporation / Central,AEO2026 High Economic Growth,1.1316781201507427,Transportation
2035,trans,5-10,PJME,PJM / East,AEO2026 High Economic Growth,1.1998980865617157,Transportation
2035,trans,5-13,PJMD,PJM / Dominion,AEO2026 High Economic Growth,1.1727824095609547,Transportation
2035,trans,5-12,PJMC,PJM / Commonwealth Edison,AEO2026 High Economic Growth,0.8870353288201664,Transportation
2035,trans,5-9,NYUP,Northeast Power Coordinating Council / Upstate New York,AEO2026 High Economic Growth,1.2010006751511964,Transportation
2035,trans,5-7,ISNE,Northeast Power Coordinating Council / New England,AEO2026 High Economic Growth,1.3740022582270963,Transportation
2035,trans,5-8,NYCW,Northeast Power Coordinating Council / New York City and Long Island,AEO2026 High Economic Growth,1.2009996161228407,Transportation
2035,trans,5-3,MISW,Midcontinent / West,AEO2026 High Economic Growth,0.9661013463841951,Transportation
2035,trans,5-6,MISS,Midcontinent / South,AEO2026 High Economic Growth,1.7309659421132164,Transportation
2035,trans,5-5,MISE,Midcontinent / East,AEO2026 High Economic Growth,0.8870371209033407,Transportation
2035,trans,5-4,MISC,Midcontinent / Central,AEO2026 High Economic Growth,0.908251880896602,Transportation
2035,trans,5-2,FRCC,Florida Reliability Coordinating Council,AEO2026 High Economic Growth,1.1727815591710735,Transportation
2035,res,5-23,NWPP,Western Electricity Coordinating Council / Northwest Power Pool Area,AEO2026 High Economic Growth,1.2177473640047893,Residential
2035,res,5-20,SRSG,Western Electricity Coordinating Council / Southwest,AEO2026 High Economic Growth,1.2652277457420584,Residential
2035,res,5-24,RMRG,Western Electricity Coordinating Council / Rockies,AEO2026 High Economic Growth,1.2631785775053321,Residential
2035,trans,5-11,PJMW,PJM / West,AEO2026 High Economic Growth,1.0552694604249875,Transportation
2036,ind,5-20,SRSG,Western Electricity Coordinating Council / Southwest,AEO2026 High Economic Growth,1.2100506594086986,Industrial
2036,trans,5-23,NWPP,Western Electricity Coordinating Council / Northwest Power Pool Area,AEO2026 High Economic Growth,1.38583813733313,Transportation
2036,trans,5-20,SRSG,Western Electricity Coordinating Council / Southwest,AEO2026 High Economic Growth,1.613036673986097,Transportation
2036,trans,5-24,RMRG,Western Electricity Coordinating Council / Rockies,AEO2026 High Economic Growth,1.6531174340863155,Transportation
2036,trans,5-22,CASO,Western Electricity Coordinating Council / California South,AEO2026 High Economic Growth,1.3732470601553768,Transportation
2036,trans,5-21,CANO,Western Electricity Coordinating Council / California North,AEO2026 High Economic Growth,1.373244973604403,Transportation
2036,trans,5-25,BASN,Western Electricity Coordinating Council / Basin,AEO2026 High Economic Growth,1.6531259044862519,Transportation
2036,trans,5-17,SPPS,Southwest Power Pool / South,AEO2026 High Economic Growth,1.7682295432852226,Transportation
2036,trans,5-19,SPPN,Southwest Power Pool / North,AEO2026 High Economic Growth,1.3861223954920718,Transportation
2036,trans,5-18,SPPC,Southwest Power Pool / Central,AEO2026 High Economic Growth,1.372982864747962,Transportation
2036,trans,5-15,SRSE,SERC Reliability Corporation / Southeastern,AEO2026 High Economic Growth,1.1893069633065927,Transportation
2036,trans,5-14,SRCA,SERC Reliability Corporation / East,AEO2026 High Economic Growth,1.189893149812264,Transportation
2036,trans,5-16,SRCE,SERC Reliability Corporation / Central,AEO2026 High Economic Growth,1.1440922190201728,Transportation
2036,trans,5-1,TRE,Texas Reliability Entity,AEO2026 High Economic Growth,1.7976018828718037,Transportation
2036,trans,5-11,PJMW,PJM / West,AEO2026 High Economic Growth,1.063464662506678,Transportation
2036,trans,5-10,PJME,PJM / East,AEO2026 High Economic Growth,1.2089360290965563,Transportation
2036,trans,5-13,PJMD,PJM / Dominion,AEO2026 High Economic Growth,1.1898862131892511,Transportation
2036,trans,5-12,PJMC,PJM / Commonwealth Edison,AEO2026 High Economic Growth,0.8933204087907736,Transportation
2036,res,5-14,SRCA,SERC Reliability Corporation / East,AEO2026 High Economic Growth,1.122515806900641,Residential
2036,res,5-16,SRCE,SERC Reliability Corporation / Central,AEO2026 High Economic Growth,0.985311760037849,Residential
2036,res,5-11,PJMW,PJM / West,AEO2026 High Economic Growth,1.135456209538739,Residential
2036,res,5-10,PJME,PJM / East,AEO2026 High Economic Growth,1.171156561994331,Residential
2036,res,5-13,PJMD,PJM / Dominion,AEO2026 High Economic Growth,1.1225156057688774,Residential
2036,res,5-12,PJMC,PJM / Commonwealth Edison,AEO2026 High Economic Growth,1.1559076646603514,Residential
2036,res,5-9,NYUP,Northeast Power Coordinating Council / Upstate New York,AEO2026 High Economic Growth,1.193724560354062,Residential
2036,res,5-7,ISNE,Northeast Power Coordinating Council / New England,AEO2026 High Economic Growth,1.1557152297698572,Residential
2036,res,5-8,NYCW,Northeast Power Coordinating Council / New York City and Long Island,AEO2026 High Economic Growth,1.193724631529865,Residential
2036,res,5-3,MISW,Midcontinent / West,AEO2026 High Economic Growth,1.0996979918392764,Residential
2036,res,5-6,MISS,Midcontinent / South,AEO2026 High Economic Growth,1.1066079895752954,Residential
2036,res,5-5,MISE,Midcontinent / East,AEO2026 High Economic Growth,1.1559069509129811,Residential
2036,res,5-4,MISC,Midcontinent / Central,AEO2026 High Economic Growth,1.1205498753960632,Residential
2036,res,5-2,FRCC,Florida Reliability Coordinating Council,AEO2026 High Economic Growth,1.1225155886694225,Residential
2036,ind,5-23,NWPP,Western Electricity Coordinating Council / Northwest Power Pool Area,AEO2026 High Economic Growth,1.1902327291804522,Industrial
2036,res,5-15,SRSE,SERC Reliability Corporation / Southeastern,AEO2026 High Economic Growth,1.0800752673818357,Residential
2036,res,5-18,SPPC,Southwest Power Pool / Central,AEO2026 High Economic Growth,1.067763470906953,Residential
2036,res,5-17,SPPS,Southwest Power Pool / South,AEO2026 High Economic Growth,1.1386609513387855,Residential
2036,trans,5-9,NYUP,Northeast Power Coordinating Council / Upstate New York,AEO2026 High Economic Growth,1.2097102551708676,Transportation
2036,trans,5-7,ISNE,Northeast Power Coordinating Council / New England,AEO2026 High Economic Growth,1.3895324532238342,Transportation
2036,trans,5-8,NYCW,Northeast Power Coordinating Council / New York City and Long Island,AEO2026 High Economic Growth,1.2097090211132437,Transportation
2036,trans,5-3,MISW,Midcontinent / West,AEO2026 High Economic Growth,0.9774523059206975,Transportation
2036,trans,5-6,MISS,Midcontinent / South,AEO2026 High Economic Growth,1.7920492851330931,Transportation
2036,trans,5-5,MISE,Midcontinent / East,AEO2026 High Economic Growth,0.8933220617021169,Transportation
2036,trans,5-4,MISC,Midcontinent / Central,AEO2026 High Economic Growth,0.915895788065596,Transportation
2036,trans,5-2,FRCC,Florida Reliability Coordinating Council,AEO2026 High Economic Growth,1.1898863895144354,Transportation
2036,res,5-23,NWPP,Western Electricity Coordinating Council / Northwest Power Pool Area,AEO2026 High Economic Growth,1.237685216683304,Residential
2036,res,5-20,SRSG,Western Electricity Coordinating Council / Southwest,AEO2026 High Economic Growth,1.2956673445458227,Residential
2036,res,5-24,RMRG,Western Electricity Coordinating Council / Rockies,AEO2026 High Economic Growth,1.2937689465651585,Residential
2036,res,5-22,CASO,Western Electricity Coordinating Council / California South,AEO2026 High Economic Growth,1.2269763237651785,Residential
2036,res,5-21,CANO,Western Electricity Coordinating Council / California North,AEO2026 High Economic Growth,1.2269735449776291,Residential
2036,res,5-25,BASN,Western Electricity Coordinating Council / Basin,AEO2026 High Economic Growth,1.307542264259667,Residential
2036,res,5-1,TRE,Texas Reliability Entity,AEO2026 High Economic Growth,1.1324237514572058,Residential
2036,res,5-19,SPPN,Southwest Power Pool / North,AEO2026 High Economic Growth,1.0715284856594338,Residential
2036,ind,5-24,RMRG,Western Electricity Coordinating Council / Rockies,AEO2026 High Economic Growth,1.2066839829204836,Industrial
2036,ind,5-21,CANO,Western Electricity Coordinating Council / California North,AEO2026 High Economic Growth,1.185736148691577,Industrial
2036,com,5-25,BASN,Western Electricity Coordinating Council / Basin,AEO2026 High Economic Growth,1.4479165007238444,Commercial
2036,com,5-1,TRE,Texas Reliability Entity,AEO2026 High Economic Growth,1.3853031844772394,Commercial
2036,com,5-17,SPPS,Southwest Power Pool / South,AEO2026 High Economic Growth,1.389925816261887,Commercial
2036,com,5-19,SPPN,Southwest Power Pool / North,AEO2026 High Economic Growth,1.1620799257213945,Commercial
2036,com,5-18,SPPC,Southwest Power Pool / Central,AEO2026 High Economic Growth,1.1538425933747656,Commercial
2036,com,5-15,SRSE,SERC Reliability Corporation / Southeastern,AEO2026 High Economic Growth,1.2547583952443364,Commercial
2036,com,5-14,SRCA,SERC Reliability Corporation / East,AEO2026 High Economic Growth,1.2945601153658093,Commercial
2036,com,5-16,SRCE,SERC Reliability Corporation / Central,AEO2026 High Economic Growth,1.1445159449104614,Commercial
2036,com,5-11,PJMW,PJM / West,AEO2026 High Economic Growth,1.2047512464666428,Commercial
2036,com,5-13,PJMD,PJM / Dominion,AEO2026 High Economic Growth,1.2945601817775332,Commercial
2036,com,5-12,PJMC,PJM / Commonwealth Edison,AEO2026 High Economic Growth,1.1825199978839558,Commercial
2036,com,5-9,NYUP,Northeast Power Coordinating Council / Upstate New York,AEO2026 High Economic Growth,1.2206724860409668,Commercial
2036,com,5-7,ISNE,Northeast Power Coordinating Council / New England,AEO2026 High Economic Growth,1.1274945405971197,Commercial
2036,com,5-8,NYCW,Northeast Power Coordinating Council / New York City and Long Island,AEO2026 High Economic Growth,1.2206724945762604,Commercial
2036,com,5-3,MISW,Midcontinent / West,AEO2026 High Economic Growth,1.1642148605048939,Commercial
2036,com,5-6,MISS,Midcontinent / South,AEO2026 High Economic Growth,1.3482195650212807,Commercial
2036,com,5-5,MISE,Midcontinent / East,AEO2026 High Economic Growth,1.1825201053697132,Commercial
2036,com,5-4,MISC,Midcontinent / Central,AEO2026 High Economic Growth,1.1720204003634882,Commercial
2036,com,5-2,FRCC,Florida Reliability Coordinating Council,AEO2026 High Economic Growth,1.29456004893375,Commercial
2036,ind,5-22,CASO,Western Electricity Coordinating Council / California South,AEO2026 High Economic Growth,1.1857360313434357,Industrial
2036,com,5-21,CANO,Western Electricity Coordinating Council / California North,AEO2026 High Economic Growth,1.3000240136263623,Commercial
2036,com,5-22,CASO,Western Electricity Coordinating Council / California South,AEO2026 High Economic Growth,1.3000241919028297,Commercial
2036,com,5-10,PJME,PJM / East,AEO2026 High Economic Growth,1.2484331613988262,Commercial
2036,com,5-20,SRSG,Western Electricity Coordinating Council / Southwest,AEO2026 High Economic Growth,1.435093577957496,Commercial
2036,ind,5-25,BASN,Western Electricity Coordinating Council / Basin,AEO2026 High Economic Growth,1.2169042012024305,Industrial
2036,com,5-24,RMRG,Western Electricity Coordinating Council / Rockies,AEO2026 High Economic Growth,1.429573320893374,Commercial
2036,ind,5-1,TRE,Texas Reliability Entity,AEO2026 High Economic Growth,1.1299656670368285,Industrial
2036,ind,5-17,SPPS,Southwest Power Pool / South,AEO2026 High Economic Growth,1.141431224134502,Industrial
2036,ind,5-19,SPPN,Southwest Power Pool / North,AEO2026 High Economic Growth,1.083610395056589,Industrial
2036,ind,5-18,SPPC,Southwest Power Pool / Central,AEO2026 High Economic Growth,1.0817794060999923,Industrial
2036,ind,5-15,SRSE,SERC Reliability Corporation / Southeastern,AEO2026 High Economic Growth,1.1521945739361976,Industrial
2036,ind,5-16,SRCE,SERC Reliability Corporation / Central,AEO2026 High Economic Growth,1.1587123304371163,Industrial
2036,ind,5-11,PJMW,PJM / West,AEO2026 High Economic Growth,1.1167892116264349,Industrial
2036,ind,5-10,PJME,PJM / East,AEO2026 High Economic Growth,1.020393588370036,Industrial
2036,ind,5-13,PJMD,PJM / Dominion,AEO2026 High Economic Growth,1.1465574738227733,Industrial
2036,ind,5-14,SRCA,SERC Reliability Corporation / East,AEO2026 High Economic Growth,1.1465575567189734,Industrial
2036,ind,5-2,FRCC,Florida Reliability Coordinating Council,AEO2026 High Economic Growth,1.1465573660963568,Industrial
2036,ind,5-9,NYUP,Northeast Power Coordinating Council / Upstate New York,AEO2026 High Economic Growth,1.007459155845726,Industrial
2036,ind,5-7,ISNE,Northeast Power Coordinating Council / New England,AEO2026 High Economic Growth,0.9987158192774334,Industrial
2036,ind,5-8,NYCW,Northeast Power Coordinating Council / New York City and Long Island,AEO2026 High Economic Growth,1.0074584396771746,Industrial
2036,ind,5-3,MISW,Midcontinent / West,AEO2026 High Economic Growth,1.0971808966400758,Industrial
2036,ind,5-6,MISS,Midcontinent / South,AEO2026 High Economic Growth,1.1316081088343473,Industrial
2036,ind,5-5,MISE,Midcontinent / East,AEO2026 High Economic Growth,1.1278584283361603,Industrial
2036,ind,5-4,MISC,Midcontinent / Central,AEO2026 High Economic Growth,1.1244516453293285,Industrial
2036,ind,5-12,PJMC,PJM / Commonwealth Edison,AEO2026 High Economic Growth,1.1278584055358007,Industrial
2036,com,5-23,NWPP,Western Electricity Coordinating Council / Northwest Power Pool Area,AEO2026 High Economic Growth,1.3189619686670788,Commercial
2037,com,5-2,FRCC,Florida Reliability Coordinating Council,AEO2026 High Economic Growth,1.3305901721554474,Commercial
2037,com,5-5,MISE,Midcontinent / East,AEO2026 High Economic Growth,1.2035643808867371,Commercial
2037,res,5-23,NWPP,Western Electricity Coordinating Council / Northwest Power Pool Area,AEO2026 High Economic Growth,1.2541710253385687,Residential
2037,res,5-20,SRSG,Western Electricity Coordinating Council / Southwest,AEO2026 High Economic Growth,1.32395244078574,Residential
2037,res,5-24,RMRG,Western Electricity Coordinating Council / Rockies,AEO2026 High Economic Growth,1.3223793445695569,Residential
2037,res,5-22,CASO,Western Electricity Coordinating Council / California South,AEO2026 High Economic Growth,1.241489676283378,Residential
2037,res,5-21,CANO,Western Electricity Coordinating Council / California North,AEO2026 High Economic Growth,1.2414862599357017,Residential
2037,res,5-25,BASN,Western Electricity Coordinating Council / Basin,AEO2026 High Economic Growth,1.3368949780624075,Residential
2037,res,5-1,TRE,Texas Reliability Entity,AEO2026 High Economic Growth,1.1505913153790812,Residential
2037,res,5-17,SPPS,Southwest Power Pool / South,AEO2026 High Economic Growth,1.1572298684233484,Residential
2037,res,5-19,SPPN,Southwest Power Pool / North,AEO2026 High Economic Growth,1.0867705759189723,Residential
2037,res,5-18,SPPC,Southwest Power Pool / Central,AEO2026 High Economic Growth,1.0827782615840624,Residential
2037,res,5-15,SRSE,SERC Reliability Corporation / Southeastern,AEO2026 High Economic Growth,1.0946248816282114,Residential
2037,res,5-14,SRCA,SERC Reliability Corporation / East,AEO2026 High Economic Growth,1.1402270534562,Residential
2037,res,5-16,SRCE,SERC Reliability Corporation / Central,AEO2026 High Economic Growth,0.9928020000118638,Residential
2037,res,5-11,PJMW,PJM / West,AEO2026 High Economic Growth,1.153945075324323,Residential
2037,res,5-10,PJME,PJM / East,AEO2026 High Economic Growth,1.1909833251560973,Residential
2037,res,5-13,PJMD,PJM / Dominion,AEO2026 High Economic Growth,1.140226918621266,Residential
2037,res,5-12,PJMC,PJM / Commonwealth Edison,AEO2026 High Economic Growth,1.1762785197805459,Residential
2037,res,5-9,NYUP,Northeast Power Coordinating Council / Upstate New York,AEO2026 High Economic Growth,1.21453288508296,Residential
2037,res,5-7,ISNE,Northeast Power Coordinating Council / New England,AEO2026 High Economic Growth,1.1789786015700157,Residential
2037,res,5-8,NYCW,Northeast Power Coordinating Council / New York City and Long Island,AEO2026 High Economic Growth,1.2145329840785604,Residential
2037,res,5-3,MISW,Midcontinent / West,AEO2026 High Economic Growth,1.1166536958532107,Residential
2037,trans,5-2,FRCC,Florida Reliability Coordinating Council,AEO2026 High Economic Growth,1.2042163238109698,Transportation
2037,trans,5-4,MISC,Midcontinent / Central,AEO2026 High Economic Growth,0.9229947129642081,Transportation
2037,trans,5-5,MISE,Midcontinent / East,AEO2026 High Economic Growth,0.8990786447876254,Transportation
2037,trans,5-6,MISS,Midcontinent / South,AEO2026 High Economic Growth,1.8535685226083924,Transportation
2037,trans,5-23,NWPP,Western Electricity Coordinating Council / Northwest Power Pool Area,AEO2026 High Economic Growth,1.4124685834849993,Transportation
2037,trans,5-20,SRSG,Western Electricity Coordinating Council / Southwest,AEO2026 High Economic Growth,1.6580936320955002,Transportation
2037,trans,5-24,RMRG,Western Electricity Coordinating Council / Rockies,AEO2026 High Economic Growth,1.701628129095311,Transportation
2037,trans,5-22,CASO,Western Electricity Coordinating Council / California South,AEO2026 High Economic Growth,1.3988566091669379,Transportation
2037,trans,5-21,CANO,Western Electricity Coordinating Council / California North,AEO2026 High Economic Growth,1.3988584788315215,Transportation
2037,trans,5-25,BASN,Western Electricity Coordinating Council / Basin,AEO2026 High Economic Growth,1.7013892908827788,Transportation
2037,trans,5-1,TRE,Texas Reliability Entity,AEO2026 High Economic Growth,1.8595373393834018,Transportation
2037,trans,5-17,SPPS,Southwest Power Pool / South,AEO2026 High Economic Growth,1.8273508228964799,Transportation
2037,trans,5-19,SPPN,Southwest Power Pool / North,AEO2026 High Economic Growth,1.4211767789280567,Transportation
2037,res,5-6,MISS,Midcontinent / South,AEO2026 High Economic Growth,1.1229012488105503,Residential
2037,trans,5-18,SPPC,Southwest Power Pool / Central,AEO2026 High Economic Growth,1.407419730494094,Transportation
2037,trans,5-14,SRCA,SERC Reliability Corporation / East,AEO2026 High Economic Growth,1.204221885466637,Transportation
2037,trans,5-16,SRCE,SERC Reliability Corporation / Central,AEO2026 High Economic Growth,1.1549545555309244,Transportation
2037,trans,5-11,PJMW,PJM / West,AEO2026 High Economic Growth,1.0715447804497489,Transportation
2037,trans,5-10,PJME,PJM / East,AEO2026 High Economic Growth,1.2185288336842788,Transportation
2037,trans,5-13,PJMD,PJM / Dominion,AEO2026 High Economic Growth,1.204216910580742,Transportation
2037,trans,5-12,PJMC,PJM / Commonwealth Edison,AEO2026 High Economic Growth,0.8990739148335184,Transportation
2037,trans,5-9,NYUP,Northeast Power Coordinating Council / Upstate New York,AEO2026 High Economic Growth,1.2191105368942268,Transportation
2037,trans,5-7,ISNE,Northeast Power Coordinating Council / New England,AEO2026 High Economic Growth,1.4051407875664674,Transportation
2037,trans,5-8,NYCW,Northeast Power Coordinating Council / New York City and Long Island,AEO2026 High Economic Growth,1.219109404990403,Transportation
2037,trans,5-3,MISW,Midcontinent / West,AEO2026 High Economic Growth,0.9882377738136242,Transportation
2037,trans,5-15,SRSE,SERC Reliability Corporation / Southeastern,AEO2026 High Economic Growth,1.2035945402515766,Transportation
2037,com,5-4,MISC,Midcontinent / Central,AEO2026 High Economic Growth,1.1934619522145633,Commercial
2037,res,5-5,MISE,Midcontinent / East,AEO2026 High Economic Growth,1.176277677321062,Residential
2037,res,5-2,FRCC,Florida Reliability Coordinating Council,AEO2026 High Economic Growth,1.1402269656738244,Residential
2037,com,5-20,SRSG,Western Electricity Coordinating Council / Southwest,AEO2026 High Economic Growth,1.4879130686775068,Commercial
2037,com,5-24,RMRG,Western Electricity Coordinating Council / Rockies,AEO2026 High Economic Growth,1.4830093506374251,Commercial
2037,com,5-22,CASO,Western Electricity Coordinating Council / California South,AEO2026 High Economic Growth,1.3379072057959136,Commercial
2037,com,5-21,CANO,Western Electricity Coordinating Council / California North,AEO2026 High Economic Growth,1.3379069940737605,Commercial
2037,com,5-25,BASN,Western Electricity Coordinating Council / Basin,AEO2026 High Economic Growth,1.5034188835846818,Commercial
2037,com,5-1,TRE,Texas Reliability Entity,AEO2026 High Economic Growth,1.4173975242283683,Commercial
2037,com,5-17,SPPS,Southwest Power Pool / South,AEO2026 High Economic Growth,1.4237297333425933,Commercial
2037,com,5-19,SPPN,Southwest Power Pool / North,AEO2026 High Economic Growth,1.1852922168071451,Commercial
2037,com,5-18,SPPC,Southwest Power Pool / Central,AEO2026 High Economic Growth,1.1761026886908659,Commercial
2037,com,5-15,SRSE,SERC Reliability Corporation / Southeastern,AEO2026 High Economic Growth,1.2866740935215757,Commercial
2037,com,5-14,SRCA,SERC Reliability Corporation / East,AEO2026 High Economic Growth,1.3305900687808543,Commercial
2037,com,5-16,SRCE,SERC Reliability Corporation / Central,AEO2026 High Economic Growth,1.1650360200171346,Commercial
2037,com,5-11,PJMW,PJM / West,AEO2026 High Economic Growth,1.2291549231425667,Commercial
2037,com,5-10,PJME,PJM / East,AEO2026 High Economic Growth,1.278867414477361,Commercial
2037,com,5-13,PJMD,PJM / Dominion,AEO2026 High Economic Growth,1.330590104634896,Commercial
2037,com,5-12,PJMC,PJM / Commonwealth Edison,AEO2026 High Economic Growth,1.2035643657657291,Commercial
2037,com,5-9,NYUP,Northeast Power Coordinating Council / Upstate New York,AEO2026 High Economic Growth,1.2477392566572032,Commercial
2037,com,5-7,ISNE,Northeast Power Coordinating Council / New England,AEO2026 High Economic Growth,1.149745893019735,Commercial
2037,com,5-8,NYCW,Northeast Power Coordinating Council / New York City and Long Island,AEO2026 High Economic Growth,1.2477391713731631,Commercial
2037,com,5-3,MISW,Midcontinent / West,AEO2026 High Economic Growth,1.1860158537714776,Commercial
2037,com,5-6,MISS,Midcontinent / South,AEO2026 High Economic Growth,1.378516163295594,Commercial
2037,com,5-23,NWPP,Western Electricity Coordinating Council / Northwest Power Pool Area,AEO2026 High Economic Growth,1.3591010101447274,Commercial
2037,ind,5-2,FRCC,Florida Reliability Coordinating Council,AEO2026 High Economic Growth,1.1699795613119188,Industrial
2037,ind,5-4,MISC,Midcontinent / Central,AEO2026 High Economic Growth,1.1504300871635358,Industrial
2037,ind,5-5,MISE,Midcontinent / East,AEO2026 High Economic Growth,1.1542411678846896,Industrial
2037,ind,5-23,NWPP,Western Electricity Coordinating Council / Northwest Power Pool Area,AEO2026 High Economic Growth,1.2264562993036912,Industrial
2037,ind,5-20,SRSG,Western Electricity Coordinating Council / Southwest,AEO2026 High Economic Growth,1.2470322368550975,Industrial
2037,ind,5-24,RMRG,Western Electricity Coordinating Council / Rockies,AEO2026 High Economic Growth,1.2438770397550403,Industrial
2037,ind,5-22,CASO,Western Electricity Coordinating Council / California South,AEO2026 High Economic Growth,1.2216378420970446,Industrial
2037,ind,5-21,CANO,Western Electricity Coordinating Council / California North,AEO2026 High Economic Growth,1.2216378906998313,Industrial
2037,ind,5-25,BASN,Western Electricity Coordinating Council / Basin,AEO2026 High Economic Growth,1.2550354631335638,Industrial
2037,ind,5-1,TRE,Texas Reliability Entity,AEO2026 High Economic Growth,1.1494154464753155,Industrial
2037,ind,5-17,SPPS,Southwest Power Pool / South,AEO2026 High Economic Growth,1.1633392812520789,Industrial
2037,ind,5-19,SPPN,Southwest Power Pool / North,AEO2026 High Economic Growth,1.1095704059389082,Industrial
2037,ind,5-18,SPPC,Southwest Power Pool / Central,AEO2026 High Economic Growth,1.1075722536138455,Industrial
2037,res,5-4,MISC,Midcontinent / Central,AEO2026 High Economic Growth,1.1387174592720823,Residential
2037,ind,5-15,SRSE,SERC Reliability Corporation / Southeastern,AEO2026 High Economic Growth,1.1755329262043634,Industrial
2037,ind,5-16,SRCE,SERC Reliability Corporation / Central,AEO2026 High Economic Growth,1.1819537519047436,Industrial
2037,ind,5-11,PJMW,PJM / West,AEO2026 High Economic Growth,1.1401401242264007,Industrial
2037,ind,5-10,PJME,PJM / East,AEO2026 High Economic Growth,1.0324176317267242,Industrial
2037,ind,5-13,PJMD,PJM / Dominion,AEO2026 High Economic Growth,1.1699793996277525,Industrial
2037,ind,5-12,PJMC,PJM / Commonwealth Edison,AEO2026 High Economic Growth,1.1542410206932723,Industrial
2037,ind,5-9,NYUP,Northeast Power Coordinating Council / Upstate New York,AEO2026 High Economic Growth,1.0183148555091985,Industrial
2037,ind,5-7,ISNE,Northeast Power Coordinating Council / New England,AEO2026 High Economic Growth,1.0092354756873942,Industrial
2037,ind,5-8,NYCW,Northeast Power Coordinating Council / New York City and Long Island,AEO2026 High Economic Growth,1.01831413395875,Industrial
2037,ind,5-3,MISW,Midcontinent / West,AEO2026 High Economic Growth,1.1231710504036574,Industrial
2037,ind,5-6,MISS,Midcontinent / South,AEO2026 High Economic Growth,1.151273353292864,Industrial
2037,ind,5-14,SRCA,SERC Reliability Corporation / East,AEO2026 High Economic Growth,1.169979474681934,Industrial
2038,com,5-19,SPPN,Southwest Power Pool / North,AEO2026 High Economic Growth,1.207112237731463,Commercial
2038,com,5-17,SPPS,Southwest Power Pool / South,AEO2026 High Economic Growth,1.4540118914805034,Commercial
2038,com,5-1,TRE,Texas Reliability Entity,AEO2026 High Economic Growth,1.4458692786378458,Commercial
2038,com,5-25,BASN,Western Electricity Coordinating Council / Basin,AEO2026 High Economic Growth,1.5566965606538017,Commercial
2038,com,5-24,RMRG,Western Electricity Coordinating Council / Rockies,AEO2026 High Economic Growth,1.5342677915742355,Commercial
2038,com,5-22,CASO,Western Electricity Coordinating Council / California South,AEO2026 High Economic Growth,1.3749672686793588,Commercial
2038,com,5-18,SPPC,Southwest Power Pool / Central,AEO2026 High Economic Growth,1.1969924613593306,Commercial
2038,com,5-20,SRSG,Western Electricity Coordinating Council / Southwest,AEO2026 High Economic Growth,1.5384852419926367,Commercial
2038,com,5-23,NWPP,Western Electricity Coordinating Council / Northwest Power Pool Area,AEO2026 High Economic Growth,1.3982378630002628,Commercial
2038,com,5-21,CANO,Western Electricity Coordinating Council / California North,AEO2026 High Economic Growth,1.3749671560204506,Commercial
2038,com,5-15,SRSE,SERC Reliability Corporation / Southeastern,AEO2026 High Economic Growth,1.316438844576527,Commercial
2038,com,5-13,PJMD,PJM / Dominion,AEO2026 High Economic Growth,1.364519091712152,Commercial
2038,com,5-16,SRCE,SERC Reliability Corporation / Central,AEO2026 High Economic Growth,1.183266605605721,Commercial
2038,com,5-11,PJMW,PJM / West,AEO2026 High Economic Growth,1.247034612524903,Commercial
2038,com,5-10,PJME,PJM / East,AEO2026 High Economic Growth,1.3003218732830126,Commercial
2038,com,5-12,PJMC,PJM / Commonwealth Edison,AEO2026 High Economic Growth,1.2176170509307522,Commercial
2038,com,5-9,NYUP,Northeast Power Coordinating Council / Upstate New York,AEO2026 High Economic Growth,1.2616861544685252,Commercial
2038,com,5-7,ISNE,Northeast Power Coordinating Council / New England,AEO2026 High Economic Growth,1.1702163874135818,Commercial
2038,com,5-8,NYCW,Northeast Power Coordinating Council / New York City and Long Island,AEO2026 High Economic Growth,1.2616860823221525,Commercial
2038,com,5-3,MISW,Midcontinent / West,AEO2026 High Economic Growth,1.2043730099719612,Commercial
2038,com,5-5,MISE,Midcontinent / East,AEO2026 High Economic Growth,1.2176171794944886,Commercial
2038,com,5-4,MISC,Midcontinent / Central,AEO2026 High Economic Growth,1.2099001315420377,Commercial
2038,com,5-2,FRCC,Florida Reliability Coordinating Council,AEO2026 High Economic Growth,1.3645190438132486,Commercial
2038,com,5-14,SRCA,SERC Reliability Corporation / East,AEO2026 High Economic Growth,1.3645189648866316,Commercial
2038,com,5-6,MISS,Midcontinent / South,AEO2026 High Economic Growth,1.4053936696105818,Commercial
2038,ind,5-2,FRCC,Florida Reliability Coordinating Council,AEO2026 High Economic Growth,1.191057964236441,Industrial
2038,ind,5-4,MISC,Midcontinent / Central,AEO2026 High Economic Growth,1.1727288179872992,Industrial
2038,ind,5-5,MISE,Midcontinent / East,AEO2026 High Economic Growth,1.1771321225231197,Industrial
2038,ind,5-6,MISS,Midcontinent / South,AEO2026 High Economic Growth,1.1681211142815708,Industrial
2038,res,5-14,SRCA,SERC Reliability Corporation / East,AEO2026 High Economic Growth,1.1557062253717412,Residential
2038,res,5-15,SRSE,SERC Reliability Corporation / Southeastern,AEO2026 High Economic Growth,1.1073482795774243,Residential
2038,res,5-18,SPPC,Southwest Power Pool / Central,AEO2026 High Economic Growth,1.0974388195485174,Residential
2038,res,5-19,SPPN,Southwest Power Pool / North,AEO2026 High Economic Growth,1.1016226829509794,Residential
2038,res,5-17,SPPS,Southwest Power Pool / South,AEO2026 High Economic Growth,1.1710533810034065,Residential
2038,res,5-1,TRE,Texas Reliability Entity,AEO2026 High Economic Growth,1.1639447841087005,Residential
2038,res,5-25,BASN,Western Electricity Coordinating Council / Basin,AEO2026 High Economic Growth,1.3633722523882255,Residential
2038,res,5-21,CANO,Western Electricity Coordinating Council / California North,AEO2026 High Economic Growth,1.2535169261531125,Residential
2038,res,5-22,CASO,Western Electricity Coordinating Council / California South,AEO2026 High Economic Growth,1.2535206848234286,Residential
2038,res,5-24,RMRG,Western Electricity Coordinating Council / Rockies,AEO2026 High Economic Growth,1.348263107243015,Residential
2038,res,5-20,SRSG,Western Electricity Coordinating Council / Southwest,AEO2026 High Economic Growth,1.3492714684330096,Residential
2038,res,5-23,NWPP,Western Electricity Coordinating Council / Northwest Power Pool Area,AEO2026 High Economic Growth,1.2681224222853749,Residential
2038,trans,5-2,FRCC,Florida Reliability Coordinating Council,AEO2026 High Economic Growth,1.2076280121117042,Transportation
2038,trans,5-4,MISC,Midcontinent / Central,AEO2026 High Economic Growth,0.924275775184197,Transportation
2038,res,5-16,SRCE,SERC Reliability Corporation / Central,AEO2026 High Economic Growth,0.9993718156208553,Residential
2038,trans,5-5,MISE,Midcontinent / East,AEO2026 High Economic Growth,0.899083676765847,Transportation
2038,trans,5-3,MISW,Midcontinent / West,AEO2026 High Economic Growth,0.9930033261190309,Transportation
2038,trans,5-8,NYCW,Northeast Power Coordinating Council / New York City and Long Island,AEO2026 High Economic Growth,1.2252913627639155,Transportation
2038,trans,5-7,ISNE,Northeast Power Coordinating Council / New England,AEO2026 High Economic Growth,1.4148496012939875,Transportation
2038,trans,5-9,NYUP,Northeast Power Coordinating Council / Upstate New York,AEO2026 High Economic Growth,1.2252918635857657,Transportation
2038,trans,5-12,PJMC,PJM / Commonwealth Edison,AEO2026 High Economic Growth,0.8990843378517117,Transportation
2038,trans,5-13,PJMD,PJM / Dominion,AEO2026 High Economic Growth,1.207625147600816,Transportation
2038,trans,5-10,PJME,PJM / East,AEO2026 High Economic Growth,1.2246021196916717,Transportation
2038,trans,5-11,PJMW,PJM / West,AEO2026 High Economic Growth,1.0747041429078492,Transportation
2038,trans,5-16,SRCE,SERC Reliability Corporation / Central,AEO2026 High Economic Growth,1.1607182442917312,Transportation
2038,trans,5-14,SRCA,SERC Reliability Corporation / East,AEO2026 High Economic Growth,1.2076291227088018,Transportation
2038,trans,5-15,SRSE,SERC Reliability Corporation / Southeastern,AEO2026 High Economic Growth,1.2070326171245052,Transportation
2038,trans,5-18,SPPC,Southwest Power Pool / Central,AEO2026 High Economic Growth,1.4345921366383851,Transportation
2038,trans,5-19,SPPN,Southwest Power Pool / North,AEO2026 High Economic Growth,1.448958196828725,Transportation
2038,trans,5-17,SPPS,Southwest Power Pool / South,AEO2026 High Economic Growth,1.8868481184739536,Transportation
2038,trans,5-6,MISS,Midcontinent / South,AEO2026 High Economic Growth,1.9175287690340581,Transportation
2038,trans,5-1,TRE,Texas Reliability Entity,AEO2026 High Economic Growth,1.9239536067172722,Transportation
2038,res,5-11,PJMW,PJM / West,AEO2026 High Economic Growth,1.1694543155445472,Residential
2038,res,5-13,PJMD,PJM / Dominion,AEO2026 High Economic Growth,1.1557059774258698,Residential
2038,ind,5-3,MISW,Midcontinent / West,AEO2026 High Economic Growth,1.1449602796050005,Industrial
2038,ind,5-8,NYCW,Northeast Power Coordinating Council / New York City and Long Island,AEO2026 High Economic Growth,1.0249879285369388,Industrial
2038,ind,5-7,ISNE,Northeast Power Coordinating Council / New England,AEO2026 High Economic Growth,1.015788207052699,Industrial
2038,ind,5-9,NYUP,Northeast Power Coordinating Council / Upstate New York,AEO2026 High Economic Growth,1.0249875349204054,Industrial
2038,ind,5-12,PJMC,PJM / Commonwealth Edison,AEO2026 High Economic Growth,1.1771322035537846,Industrial
2038,ind,5-13,PJMD,PJM / Dominion,AEO2026 High Economic Growth,1.1910578759806165,Industrial
2038,ind,5-10,PJME,PJM / East,AEO2026 High Economic Growth,1.0404299533142263,Industrial
2038,ind,5-11,PJMW,PJM / West,AEO2026 High Economic Growth,1.1601073525568144,Industrial
2038,ind,5-16,SRCE,SERC Reliability Corporation / Central,AEO2026 High Economic Growth,1.2013486080838087,Industrial
2038,ind,5-14,SRCA,SERC Reliability Corporation / East,AEO2026 High Economic Growth,1.191057879947176,Industrial
2038,ind,5-15,SRSE,SERC Reliability Corporation / Southeastern,AEO2026 High Economic Growth,1.1958305429504594,Industrial
2038,ind,5-18,SPPC,Southwest Power Pool / Central,AEO2026 High Economic Growth,1.1288082598825446,Industrial
2038,ind,5-19,SPPN,Southwest Power Pool / North,AEO2026 High Economic Growth,1.130772750681494,Industrial
2038,ind,5-17,SPPS,Southwest Power Pool / South,AEO2026 High Economic Growth,1.1803047236164332,Industrial
2038,res,5-10,PJME,PJM / East,AEO2026 High Economic Growth,1.2058020335348394,Residential
2038,ind,5-1,TRE,Texas Reliability Entity,AEO2026 High Economic Growth,1.1661106664748444,Industrial
2038,ind,5-21,CANO,Western Electricity Coordinating Council / California North,AEO2026 High Economic Growth,1.243501342757123,Industrial
2038,ind,5-22,CASO,Western Electricity Coordinating Council / California South,AEO2026 High Economic Growth,1.2435013643176114,Industrial
2038,ind,5-24,RMRG,Western Electricity Coordinating Council / Rockies,AEO2026 High Economic Growth,1.2628209565711646,Industrial
2038,ind,5-20,SRSG,Western Electricity Coordinating Council / Southwest,AEO2026 High Economic Growth,1.2659244209482057,Industrial
2038,ind,5-23,NWPP,Western Electricity Coordinating Council / Northwest Power Pool Area,AEO2026 High Economic Growth,1.2478746649177026,Industrial
2038,res,5-2,FRCC,Florida Reliability Coordinating Council,AEO2026 High Economic Growth,1.1557060610993783,Residential
2038,res,5-4,MISC,Midcontinent / Central,AEO2026 High Economic Growth,1.154943809712558,Residential
2038,res,5-5,MISE,Midcontinent / East,AEO2026 High Economic Growth,1.1937498038041676,Residential
2038,res,5-6,MISS,Midcontinent / South,AEO2026 High Economic Growth,1.1350578311737267,Residential
2038,res,5-3,MISW,Midcontinent / West,AEO2026 High Economic Growth,1.1323350982135278,Residential
2038,res,5-8,NYCW,Northeast Power Coordinating Council / New York City and Long Island,AEO2026 High Economic Growth,1.229045161351244,Residential
2038,res,5-7,ISNE,Northeast Power Coordinating Council / New England,AEO2026 High Economic Growth,1.199670826139358,Residential
2038,res,5-9,NYUP,Northeast Power Coordinating Council / Upstate New York,AEO2026 High Economic Growth,1.2290452076874085,Residential
2038,res,5-12,PJMC,PJM / Commonwealth Edison,AEO2026 High Economic Growth,1.1937506065409929,Residential
2038,ind,5-25,BASN,Western Electricity Coordinating Council / Basin,AEO2026 High Economic Growth,1.2738152690946247,Industrial
2038,trans,5-25,BASN,Western Electricity Coordinating Council / Basin,AEO2026 High Economic Growth,1.742373371924747,Transportation
2038,trans,5-22,CASO,Western Electricity Coordinating Council / California South,AEO2026 High Economic Growth,1.418119490002406,Transportation
2038,trans,5-21,CANO,Western Electricity Coordinating Council / California North,AEO2026 High Economic Growth,1.4181195685183103,Transportation
2038,trans,5-24,RMRG,Western Electricity Coordinating Council / Rockies,AEO2026 High Economic Growth,1.742831123253593,Transportation
2038,trans,5-20,SRSG,Western Electricity Coordinating Council / Southwest,AEO2026 High Economic Growth,1.6961870215579467,Transportation
2038,trans,5-23,NWPP,Western Electricity Coordinating Council / Northwest Power Pool Area,AEO2026 High Economic Growth,1.4327066467035448,Transportation
2039,ind,5-24,RMRG,Western Electricity Coordinating Council / Rockies,AEO2026 High Economic Growth,1.2613613359471734,Industrial
2039,ind,5-20,SRSG,Western Electricity Coordinating Council / Southwest,AEO2026 High Economic Growth,1.2634976482464364,Industrial
2039,ind,5-23,NWPP,Western Electricity Coordinating Council / Northwest Power Pool Area,AEO2026 High Economic Growth,1.2448218854858342,Industrial
2039,res,5-2,FRCC,Florida Reliability Coordinating Council,AEO2026 High Economic Growth,1.1705737936235319,Residential
2039,res,5-4,MISC,Midcontinent / Central,AEO2026 High Economic Growth,1.1715941979999105,Residential
2039,res,5-5,MISE,Midcontinent / East,AEO2026 High Economic Growth,1.212945280593388,Residential
2039,res,5-6,MISS,Midcontinent / South,AEO2026 High Economic Growth,1.149763572997875,Residential
2039,res,5-3,MISW,Midcontinent / West,AEO2026 High Economic Growth,1.1475418962360053,Residential
2039,res,5-8,NYCW,Northeast Power Coordinating Council / New York City and Long Island,AEO2026 High Economic Growth,1.2478903396670358,Residential
2039,res,5-7,ISNE,Northeast Power Coordinating Council / New England,AEO2026 High Economic Growth,1.2190106908182075,Residential
2039,res,5-9,NYUP,Northeast Power Coordinating Council / Upstate New York,AEO2026 High Economic Growth,1.2478904423566948,Residential
2039,res,5-12,PJMC,PJM / Commonwealth Edison,AEO2026 High Economic Growth,1.212946196262184,Residential
2039,res,5-13,PJMD,PJM / Dominion,AEO2026 High Economic Growth,1.1705737213449858,Residential
2039,res,5-10,PJME,PJM / East,AEO2026 High Economic Growth,1.2233866844579233,Residential
2039,res,5-11,PJMW,PJM / West,AEO2026 High Economic Growth,1.1862170527313427,Residential
2039,ind,5-22,CASO,Western Electricity Coordinating Council / California South,AEO2026 High Economic Growth,1.2405081972270464,Industrial
2039,res,5-16,SRCE,SERC Reliability Corporation / Central,AEO2026 High Economic Growth,1.0047854894276584,Residential
2039,ind,5-21,CANO,Western Electricity Coordinating Council / California North,AEO2026 High Economic Growth,1.2405082479243315,Industrial
2039,ind,5-1,TRE,Texas Reliability Entity,AEO2026 High Economic Growth,1.180653922318177,Industrial
2039,ind,5-6,MISS,Midcontinent / South,AEO2026 High Economic Growth,1.1829224076370102,Industrial
2039,ind,5-3,MISW,Midcontinent / West,AEO2026 High Economic Growth,1.167184442818669,Industrial
2039,ind,5-8,NYCW,Northeast Power Coordinating Council / New York City and Long Island,AEO2026 High Economic Growth,1.0360160722908187,Industrial
2039,ind,5-7,ISNE,Northeast Power Coordinating Council / New England,AEO2026 High Economic Growth,1.026666540675899,Industrial
2039,ind,5-9,NYUP,Northeast Power Coordinating Council / Upstate New York,AEO2026 High Economic Growth,1.036013869883653,Industrial
2039,ind,5-12,PJMC,PJM / Commonwealth Edison,AEO2026 High Economic Growth,1.2003408084122875,Industrial
2039,ind,5-13,PJMD,PJM / Dominion,AEO2026 High Economic Growth,1.2114788359660138,Industrial
2039,ind,5-10,PJME,PJM / East,AEO2026 High Economic Growth,1.0523297163271856,Industrial
2039,ind,5-11,PJMW,PJM / West,AEO2026 High Economic Growth,1.180722985074907,Industrial
2039,ind,5-16,SRCE,SERC Reliability Corporation / Central,AEO2026 High Economic Growth,1.2204393358491823,Industrial
2039,ind,5-14,SRCA,SERC Reliability Corporation / East,AEO2026 High Economic Growth,1.2114787743122126,Industrial
2039,ind,5-15,SRSE,SERC Reliability Corporation / Southeastern,AEO2026 High Economic Growth,1.2156344845066442,Industrial
2039,ind,5-18,SPPC,Southwest Power Pool / Central,AEO2026 High Economic Growth,1.1505382331410117,Industrial
2039,ind,5-19,SPPN,Southwest Power Pool / North,AEO2026 High Economic Growth,1.1521627308575024,Industrial
2039,ind,5-17,SPPS,Southwest Power Pool / South,AEO2026 High Economic Growth,1.192488008011847,Industrial
2039,ind,5-25,BASN,Western Electricity Coordinating Council / Basin,AEO2026 High Economic Growth,1.2704085259374742,Industrial
2039,ind,5-5,MISE,Midcontinent / East,AEO2026 High Economic Growth,1.2003407242464255,Industrial
2039,res,5-14,SRCA,SERC Reliability Corporation / East,AEO2026 High Economic Growth,1.1705738723331907,Residential
2039,res,5-18,SPPC,Southwest Power Pool / Central,AEO2026 High Economic Growth,1.1103784845986904,Residential
2039,trans,5-10,PJME,PJM / East,AEO2026 High Economic Growth,1.230519569806661,Transportation
2039,trans,5-11,PJMW,PJM / West,AEO2026 High Economic Growth,1.0775327898939167,Transportation
2039,trans,5-16,SRCE,SERC Reliability Corporation / Central,AEO2026 High Economic Growth,1.1658168920416758,Transportation
2039,trans,5-14,SRCA,SERC Reliability Corporation / East,AEO2026 High Economic Growth,1.2105440962134302,Transportation
2039,trans,5-15,SRSE,SERC Reliability Corporation / Southeastern,AEO2026 High Economic Growth,1.2099765991174918,Transportation
2039,trans,5-18,SPPC,Southwest Power Pool / Central,AEO2026 High Economic Growth,1.4619309044529474,Transportation
2039,trans,5-19,SPPN,Southwest Power Pool / North,AEO2026 High Economic Growth,1.4770017035775127,Transportation
2039,trans,5-17,SPPS,Southwest Power Pool / South,AEO2026 High Economic Growth,1.9464611112718015,Transportation
2039,trans,5-1,TRE,Texas Reliability Entity,AEO2026 High Economic Growth,1.9880412196259698,Transportation
2039,trans,5-25,BASN,Western Electricity Coordinating Council / Basin,AEO2026 High Economic Growth,1.7849927641099856,Transportation
2039,trans,5-21,CANO,Western Electricity Coordinating Council / California North,AEO2026 High Economic Growth,1.4392235659224313,Transportation
2039,trans,5-22,CASO,Western Electricity Coordinating Council / California South,AEO2026 High Economic Growth,1.4392219848019587,Transportation
2039,trans,5-24,RMRG,Western Electricity Coordinating Council / Rockies,AEO2026 High Economic Growth,1.7856111592368007,Transportation
2039,trans,5-20,SRSG,Western Electricity Coordinating Council / Southwest,AEO2026 High Economic Growth,1.7359181841342246,Transportation
2039,trans,5-23,NWPP,Western Electricity Coordinating Council / Northwest Power Pool Area,AEO2026 High Economic Growth,1.4547796435925253,Transportation
2039,trans,5-13,PJMD,PJM / Dominion,AEO2026 High Economic Growth,1.2105413819014563,Transportation
2039,res,5-15,SRSE,SERC Reliability Corporation / Southeastern,AEO2026 High Economic Growth,1.1192914671189114,Residential
2039,trans,5-12,PJMC,PJM / Commonwealth Edison,AEO2026 High Economic Growth,0.8985892444875262,Transportation
2039,trans,5-7,ISNE,Northeast Power Coordinating Council / New England,AEO2026 High Economic Growth,1.4249999023258175,Transportation
2039,res,5-19,SPPN,Southwest Power Pool / North,AEO2026 High Economic Growth,1.1147498711141248,Residential
2039,res,5-17,SPPS,Southwest Power Pool / South,AEO2026 High Economic Growth,1.1880265724368322,Residential
2039,res,5-1,TRE,Texas Reliability Entity,AEO2026 High Economic Growth,1.1806250502655253,Residential
2039,res,5-25,BASN,Western Electricity Coordinating Council / Basin,AEO2026 High Economic Growth,1.3882137373540668,Residential
2039,res,5-21,CANO,Western Electricity Coordinating Council / California North,AEO2026 High Economic Growth,1.267259910871851,Residential
2039,res,5-22,CASO,Western Electricity Coordinating Council / California South,AEO2026 High Economic Growth,1.267264149328594,Residential
2039,res,5-24,RMRG,Western Electricity Coordinating Council / Rockies,AEO2026 High Economic Growth,1.3724786146588828,Residential
2039,res,5-20,SRSG,Western Electricity Coordinating Council / Southwest,AEO2026 High Economic Growth,1.3733252974559824,Residential
2039,res,5-23,NWPP,Western Electricity Coordinating Council / Northwest Power Pool Area,AEO2026 High Economic Growth,1.2833410392765277,Residential
2039,trans,5-2,FRCC,Florida Reliability Coordinating Council,AEO2026 High Economic Growth,1.2105420746775974,Transportation
2039,trans,5-4,MISC,Midcontinent / Central,AEO2026 High Economic Growth,0.9250897097438583,Transportation
2039,trans,5-5,MISE,Midcontinent / East,AEO2026 High Economic Growth,0.8985905429001304,Transportation
2039,trans,5-6,MISS,Midcontinent / South,AEO2026 High Economic Growth,1.981169359525747,Transportation
2039,trans,5-3,MISW,Midcontinent / West,AEO2026 High Economic Growth,0.9973884567733047,Transportation
2039,trans,5-8,NYCW,Northeast Power Coordinating Council / New York City and Long Island,AEO2026 High Economic Growth,1.231330518234165,Transportation
2039,trans,5-9,NYUP,Northeast Power Coordinating Council / Upstate New York,AEO2026 High Economic Growth,1.2313306439594702,Transportation
2039,ind,5-4,MISC,Midcontinent / Central,AEO2026 High Economic Growth,1.1953069674467844,Industrial
2039,com,5-23,NWPP,Western Electricity Coordinating Council / Northwest Power Pool Area,AEO2026 High Economic Growth,1.4377834425908678,Commercial
2039,ind,5-2,FRCC,Florida Reliability Coordinating Council,AEO2026 High Economic Growth,1.2114788519806898,Industrial
2039,com,5-13,PJMD,PJM / Dominion,AEO2026 High Economic Growth,1.3993493930838443,Commercial
2039,com,5-10,PJME,PJM / East,AEO2026 High Economic Growth,1.3322928056073877,Commercial
2039,com,5-11,PJMW,PJM / West,AEO2026 High Economic Growth,1.272378314347811,Commercial
2039,com,5-16,SRCE,SERC Reliability Corporation / Central,AEO2026 High Economic Growth,1.1975946911043733,Commercial
2039,com,5-14,SRCA,SERC Reliability Corporation / East,AEO2026 High Economic Growth,1.399349192505947,Commercial
2039,com,5-15,SRSE,SERC Reliability Corporation / Southeastern,AEO2026 High Economic Growth,1.3458304262709502,Commercial
2039,com,5-18,SPPC,Southwest Power Pool / Central,AEO2026 High Economic Growth,1.2152779478656912,Commercial
2039,com,5-19,SPPN,Southwest Power Pool / North,AEO2026 High Economic Growth,1.2263770033945307,Commercial
2039,com,5-17,SPPS,Southwest Power Pool / South,AEO2026 High Economic Growth,1.4870247895147684,Commercial
2039,com,5-1,TRE,Texas Reliability Entity,AEO2026 High Economic Growth,1.477336774974072,Commercial
2039,com,5-25,BASN,Western Electricity Coordinating Council / Basin,AEO2026 High Economic Growth,1.6093286686752741,Commercial
2039,com,5-21,CANO,Western Electricity Coordinating Council / California North,AEO2026 High Economic Growth,1.4125909711414784,Commercial
2039,com,5-22,CASO,Western Electricity Coordinating Council / California South,AEO2026 High Economic Growth,1.4125910341801773,Commercial
2039,com,5-24,RMRG,Western Electricity Coordinating Council / Rockies,AEO2026 High Economic Growth,1.5847443487569137,Commercial
2039,com,5-20,SRSG,Western Electricity Coordinating Council / Southwest,AEO2026 High Economic Growth,1.5887432356003497,Commercial
2039,com,5-12,PJMC,PJM / Commonwealth Edison,AEO2026 High Economic Growth,1.2404823496478823,Commercial
2039,com,5-9,NYUP,Northeast Power Coordinating Council / Upstate New York,AEO2026 High Economic Growth,1.291936029940109,Commercial
2039,com,5-8,NYCW,Northeast Power Coordinating Council / New York City and Long Island,AEO2026 High Economic Growth,1.2919361054270282,Commercial
2039,com,5-2,FRCC,Florida Reliability Coordinating Council,AEO2026 High Economic Growth,1.3993491929720618,Commercial
2039,com,5-4,MISC,Midcontinent / Central,AEO2026 High Economic Growth,1.2310620226608169,Commercial
2039,com,5-5,MISE,Midcontinent / East,AEO2026 High Economic Growth,1.2404823910748897,Commercial
2039,com,5-6,MISS,Midcontinent / South,AEO2026 High Economic Growth,1.4342035905737638,Commercial
2039,com,5-3,MISW,Midcontinent / West,AEO2026 High Economic Growth,1.2243357031039803,Commercial
2039,com,5-7,ISNE,Northeast Power Coordinating Council / New England,AEO2026 High Economic Growth,1.1919793022605414,Commercial
2040,com,5-2,FRCC,Florida Reliability Coordinating Council,AEO2026 High Economic Growth,1.4327999618396463,Commercial
2040,trans,5-18,SPPC,Southwest Power Pool / Central,AEO2026 High Economic Growth,1.490323296179227,Transportation
2040,trans,5-15,SRSE,SERC Reliability Corporation / Southeastern,AEO2026 High Economic Growth,1.2149587224902383,Transportation
2040,trans,5-14,SRCA,SERC Reliability Corporation / East,AEO2026 High Economic Growth,1.2155198208546085,Transportation
2040,trans,5-16,SRCE,SERC Reliability Corporation / Central,AEO2026 High Economic Growth,1.1718022611394368,Transportation
2040,trans,5-11,PJMW,PJM / West,AEO2026 High Economic Growth,1.0814735130826438,Transportation
2040,trans,5-10,PJME,PJM / East,AEO2026 High Economic Growth,1.2373925258086347,Transportation
2040,trans,5-13,PJMD,PJM / Dominion,AEO2026 High Economic Growth,1.2155150821197267,Transportation
2040,trans,5-12,PJMC,PJM / Commonwealth Edison,AEO2026 High Economic Growth,0.8992667406700959,Transportation
2040,trans,5-9,NYUP,Northeast Power Coordinating Council / Upstate New York,AEO2026 High Economic Growth,1.2382817207673138,Transportation
2040,trans,5-7,ISNE,Northeast Power Coordinating Council / New England,AEO2026 High Economic Growth,1.436443409532219,Transportation
2040,trans,5-8,NYCW,Northeast Power Coordinating Council / New York City and Long Island,AEO2026 High Economic Growth,1.2382802303262956,Transportation
2040,trans,5-3,MISW,Midcontinent / West,AEO2026 High Economic Growth,1.002930274880347,Transportation
2040,trans,5-6,MISS,Midcontinent / South,AEO2026 High Economic Growth,2.043095431826107,Transportation
2040,trans,5-5,MISE,Midcontinent / East,AEO2026 High Economic Growth,0.8992698599600462,Transportation
2040,trans,5-4,MISC,Midcontinent / Central,AEO2026 High Economic Growth,0.9270714634543382,Transportation
2040,trans,5-2,FRCC,Florida Reliability Coordinating Council,AEO2026 High Economic Growth,1.215514114858767,Transportation
2040,res,5-23,NWPP,Western Electricity Coordinating Council / Northwest Power Pool Area,AEO2026 High Economic Growth,1.29545241790446,Residential
2040,res,5-20,SRSG,Western Electricity Coordinating Council / Southwest,AEO2026 High Economic Growth,1.3949627327240863,Residential
2040,res,5-24,RMRG,Western Electricity Coordinating Council / Rockies,AEO2026 High Economic Growth,1.3943243633580489,Residential
2040,res,5-22,CASO,Western Electricity Coordinating Council / California South,AEO2026 High Economic Growth,1.2777935067913635,Residential
2040,res,5-21,CANO,Western Electricity Coordinating Council / California North,AEO2026 High Economic Growth,1.277788837637866,Residential
2040,res,5-25,BASN,Western Electricity Coordinating Council / Basin,AEO2026 High Economic Growth,1.410646923807714,Residential
2040,res,5-1,TRE,Texas Reliability Entity,AEO2026 High Economic Growth,1.1952298476055978,Residential
2040,res,5-17,SPPS,Southwest Power Pool / South,AEO2026 High Economic Growth,1.2029127933148334,Residential
2040,res,5-19,SPPN,Southwest Power Pool / North,AEO2026 High Economic Growth,1.1259987714836126,Residential
2040,res,5-18,SPPC,Southwest Power Pool / Central,AEO2026 High Economic Growth,1.1214485101708629,Residential
2040,res,5-15,SRSE,SERC Reliability Corporation / Southeastern,AEO2026 High Economic Growth,1.1291862484672686,Residential
2040,trans,5-19,SPPN,Southwest Power Pool / North,AEO2026 High Economic Growth,1.5061590879308087,Transportation
2040,res,5-14,SRCA,SERC Reliability Corporation / East,AEO2026 High Economic Growth,1.1831036836131112,Residential
2040,trans,5-17,SPPS,Southwest Power Pool / South,AEO2026 High Economic Growth,2.004888207560813,Transportation
2040,trans,5-25,BASN,Western Electricity Coordinating Council / Basin,AEO2026 High Economic Growth,1.8284659913169319,Transportation
2040,trans,5-23,NWPP,Western Electricity Coordinating Council / Northwest Power Pool Area,AEO2026 High Economic Growth,1.4790671125495716,Transportation
2040,trans,5-20,SRSG,Western Electricity Coordinating Council / Southwest,AEO2026 High Economic Growth,1.7766805371895813,Transportation
2040,trans,5-24,RMRG,Western Electricity Coordinating Council / Rockies,AEO2026 High Economic Growth,1.8292130339175052,Transportation
2040,trans,5-22,CASO,Western Electricity Coordinating Council / California South,AEO2026 High Economic Growth,1.4626063084608094,Transportation
2040,trans,5-21,CANO,Western Electricity Coordinating Council / California North,AEO2026 High Economic Growth,1.462607277613455,Transportation
2040,trans,5-1,TRE,Texas Reliability Entity,AEO2026 High Economic Growth,2.0504219498748992,Transportation
2040,res,5-16,SRCE,SERC Reliability Corporation / Central,AEO2026 High Economic Growth,1.008796626756111,Residential
2040,res,5-10,PJME,PJM / East,AEO2026 High Economic Growth,1.2393788157886803,Residential
2040,ind,5-6,MISS,Midcontinent / South,AEO2026 High Economic Growth,1.2017286824674625,Industrial
2040,ind,5-5,MISE,Midcontinent / East,AEO2026 High Economic Growth,1.2179681800898032,Industrial
2040,ind,5-4,MISC,Midcontinent / Central,AEO2026 High Economic Growth,1.2130332434384121,Industrial
2040,ind,5-2,FRCC,Florida Reliability Coordinating Council,AEO2026 High Economic Growth,1.2313923082062477,Industrial
2040,com,5-23,NWPP,Western Electricity Coordinating Council / Northwest Power Pool Area,AEO2026 High Economic Growth,1.4744997526946277,Commercial
2040,com,5-20,SRSG,Western Electricity Coordinating Council / Southwest,AEO2026 High Economic Growth,1.639396696480124,Commercial
2040,com,5-24,RMRG,Western Electricity Coordinating Council / Rockies,AEO2026 High Economic Growth,1.6358557529244477,Commercial
2040,com,5-22,CASO,Western Electricity Coordinating Council / California South,AEO2026 High Economic Growth,1.446859436186098,Commercial
2040,com,5-21,CANO,Western Electricity Coordinating Council / California North,AEO2026 High Economic Growth,1.446859252051381,Commercial
2040,com,5-25,BASN,Western Electricity Coordinating Council / Basin,AEO2026 High Economic Growth,1.6627141393620974,Commercial
2040,com,5-1,TRE,Texas Reliability Entity,AEO2026 High Economic Growth,1.507791879498455,Commercial
2040,com,5-17,SPPS,Southwest Power Pool / South,AEO2026 High Economic Growth,1.5191554675281829,Commercial
2040,com,5-19,SPPN,Southwest Power Pool / North,AEO2026 High Economic Growth,1.2442546029415635,Commercial
2040,com,5-18,SPPC,Southwest Power Pool / Central,AEO2026 High Economic Growth,1.2321118694060724,Commercial
2040,com,5-15,SRSE,SERC Reliability Corporation / Southeastern,AEO2026 High Economic Growth,1.3743394964405569,Commercial
2040,com,5-14,SRCA,SERC Reliability Corporation / East,AEO2026 High Economic Growth,1.4327999640644575,Commercial
2040,com,5-16,SRCE,SERC Reliability Corporation / Central,AEO2026 High Economic Growth,1.2124160003703905,Commercial
2040,com,5-11,PJMW,PJM / West,AEO2026 High Economic Growth,1.2951139912326524,Commercial
2040,com,5-10,PJME,PJM / East,AEO2026 High Economic Growth,1.3631133198740781,Commercial
2040,com,5-13,PJMD,PJM / Dominion,AEO2026 High Economic Growth,1.4328001423544698,Commercial
2040,com,5-12,PJMC,PJM / Commonwealth Edison,AEO2026 High Economic Growth,1.259814993137919,Commercial
2040,com,5-9,NYUP,Northeast Power Coordinating Council / Upstate New York,AEO2026 High Economic Growth,1.3211736976871875,Commercial
2040,com,5-7,ISNE,Northeast Power Coordinating Council / New England,AEO2026 High Economic Growth,1.2155884091167557,Commercial
2040,com,5-8,NYCW,Northeast Power Coordinating Council / New York City and Long Island,AEO2026 High Economic Growth,1.321173719181923,Commercial
2040,com,5-3,MISW,Midcontinent / West,AEO2026 High Economic Growth,1.2420781242540726,Commercial
2040,com,5-6,MISS,Midcontinent / South,AEO2026 High Economic Growth,1.4622348230086621,Commercial
2040,com,5-5,MISE,Midcontinent / East,AEO2026 High Economic Growth,1.259815077477055,Commercial
2040,ind,5-3,MISW,Midcontinent / West,AEO2026 High Economic Growth,1.1844039193260345,Industrial
2040,res,5-11,PJMW,PJM / West,AEO2026 High Economic Growth,1.2007825467897009,Residential
2040,ind,5-8,NYCW,Northeast Power Coordinating Council / New York City and Long Island,AEO2026 High Economic Growth,1.043793543491757,Industrial
2040,ind,5-9,NYUP,Northeast Power Coordinating Council / Upstate New York,AEO2026 High Economic Growth,1.0437945909045108,Industrial
2040,res,5-13,PJMD,PJM / Dominion,AEO2026 High Economic Growth,1.183103549410572,Residential
2040,res,5-12,PJMC,PJM / Commonwealth Edison,AEO2026 High Economic Growth,1.2296261593597837,Residential
2040,res,5-9,NYUP,Northeast Power Coordinating Council / Upstate New York,AEO2026 High Economic Growth,1.2654891769554655,Residential
2040,res,5-7,ISNE,Northeast Power Coordinating Council / New England,AEO2026 High Economic Growth,1.2357374243423827,Residential
2040,res,5-8,NYCW,Northeast Power Coordinating Council / New York City and Long Island,AEO2026 High Economic Growth,1.265489144724685,Residential
2040,res,5-3,MISW,Midcontinent / West,AEO2026 High Economic Growth,1.1606449007083632,Residential
2040,res,5-6,MISS,Midcontinent / South,AEO2026 High Economic Growth,1.162513023582142,Residential
2040,res,5-5,MISE,Midcontinent / East,AEO2026 High Economic Growth,1.229625445944078,Residential
2040,res,5-4,MISC,Midcontinent / Central,AEO2026 High Economic Growth,1.1859852107409927,Residential
2040,res,5-2,FRCC,Florida Reliability Coordinating Council,AEO2026 High Economic Growth,1.1831036705891835,Residential
2040,ind,5-23,NWPP,Western Electricity Coordinating Council / Northwest Power Pool Area,AEO2026 High Economic Growth,1.2761303547972227,Industrial
2040,ind,5-20,SRSG,Western Electricity Coordinating Council / Southwest,AEO2026 High Economic Growth,1.2940839893732567,Industrial
2040,ind,5-24,RMRG,Western Electricity Coordinating Council / Rockies,AEO2026 High Economic Growth,1.2914976420433604,Industrial
2040,ind,5-22,CASO,Western Electricity Coordinating Council / California South,AEO2026 High Economic Growth,1.2718278910237155,Industrial
2040,ind,5-21,CANO,Western Electricity Coordinating Council / California North,AEO2026 High Economic Growth,1.2718280565515563,Industrial
2040,ind,5-25,BASN,Western Electricity Coordinating Council / Basin,AEO2026 High Economic Growth,1.3016494217501386,Industrial
2040,ind,5-1,TRE,Texas Reliability Entity,AEO2026 High Economic Growth,1.199421108538873,Industrial
2040,ind,5-17,SPPS,Southwest Power Pool / South,AEO2026 High Economic Growth,1.212894664434063,Industrial
2040,ind,5-19,SPPN,Southwest Power Pool / North,AEO2026 High Economic Growth,1.1693699295523283,Industrial
2040,ind,5-18,SPPC,Southwest Power Pool / Central,AEO2026 High Economic Growth,1.1675530156128469,Industrial
2040,ind,5-15,SRSE,SERC Reliability Corporation / Southeastern,AEO2026 High Economic Growth,1.23533784273398,Industrial
2040,ind,5-14,SRCA,SERC Reliability Corporation / East,AEO2026 High Economic Growth,1.231392249228325,Industrial
2040,ind,5-16,SRCE,SERC Reliability Corporation / Central,AEO2026 High Economic Growth,1.239899737739716,Industrial
2040,ind,5-11,PJMW,PJM / West,AEO2026 High Economic Growth,1.1975476148803277,Industrial
2040,ind,5-10,PJME,PJM / East,AEO2026 High Economic Growth,1.0612387185705812,Industrial
2040,ind,5-13,PJMD,PJM / Dominion,AEO2026 High Economic Growth,1.2313923648417355,Industrial
2040,ind,5-12,PJMC,PJM / Commonwealth Edison,AEO2026 High Economic Growth,1.2179681958744297,Industrial
2040,ind,5-7,ISNE,Northeast Power Coordinating Council / New England,AEO2026 High Economic Growth,1.0344869990743644,Industrial
2040,com,5-4,MISC,Midcontinent / Central,AEO2026 High Economic Growth,1.2494626203645958,Commercial
2041,com,5-20,SRSG,Western Electricity Coordinating Council / Southwest,AEO2026 High Economic Growth,1.691126663789569,Commercial
2041,com,5-23,NWPP,Western Electricity Coordinating Council / Northwest Power Pool Area,AEO2026 High Economic Growth,1.5076940069056153,Commercial
2041,ind,5-2,FRCC,Florida Reliability Coordinating Council,AEO2026 High Economic Growth,1.2471292689718672,Industrial
2041,ind,5-4,MISC,Midcontinent / Central,AEO2026 High Economic Growth,1.226860736269706,Industrial
2041,ind,5-5,MISE,Midcontinent / East,AEO2026 High Economic Growth,1.2317378035856752,Industrial
2041,ind,5-6,MISS,Midcontinent / South,AEO2026 High Economic Growth,1.2142918666363032,Industrial
2041,ind,5-3,MISW,Midcontinent / West,AEO2026 High Economic Growth,1.1977042614843474,Industrial
2041,ind,5-8,NYCW,Northeast Power Coordinating Council / New York City and Long Island,AEO2026 High Economic Growth,1.0471821756225426,Industrial
2041,ind,5-7,ISNE,Northeast Power Coordinating Council / New England,AEO2026 High Economic Growth,1.037467231387243,Industrial
2041,ind,5-9,NYUP,Northeast Power Coordinating Council / Upstate New York,AEO2026 High Economic Growth,1.047179634711161,Industrial
2041,ind,5-12,PJMC,PJM / Commonwealth Edison,AEO2026 High Economic Growth,1.2317376986482291,Industrial
2041,ind,5-13,PJMD,PJM / Dominion,AEO2026 High Economic Growth,1.2471293832678843,Industrial
2041,ind,5-10,PJME,PJM / East,AEO2026 High Economic Growth,1.0657723836931574,Industrial
2041,ind,5-11,PJMW,PJM / West,AEO2026 High Economic Growth,1.210353454469011,Industrial
2041,ind,5-16,SRCE,SERC Reliability Corporation / Central,AEO2026 High Economic Growth,1.2552276069760402,Industrial
2041,ind,5-14,SRCA,SERC Reliability Corporation / East,AEO2026 High Economic Growth,1.2471293399087109,Industrial
2041,ind,5-15,SRSE,SERC Reliability Corporation / Southeastern,AEO2026 High Economic Growth,1.2508850714091302,Industrial
2041,ind,5-18,SPPC,Southwest Power Pool / Central,AEO2026 High Economic Growth,1.1806176434030444,Industrial
2041,ind,5-19,SPPN,Southwest Power Pool / North,AEO2026 High Economic Growth,1.1826336460450237,Industrial
2041,ind,5-17,SPPS,Southwest Power Pool / South,AEO2026 High Economic Growth,1.2273132370244029,Industrial
2041,ind,5-1,TRE,Texas Reliability Entity,AEO2026 High Economic Growth,1.2118177765826565,Industrial
2041,ind,5-25,BASN,Western Electricity Coordinating Council / Basin,AEO2026 High Economic Growth,1.3294200364736162,Industrial
2041,ind,5-21,CANO,Western Electricity Coordinating Council / California North,AEO2026 High Economic Growth,1.2987207733586517,Industrial
2041,ind,5-22,CASO,Western Electricity Coordinating Council / California South,AEO2026 High Economic Growth,1.2987208894953661,Industrial
2041,ind,5-24,RMRG,Western Electricity Coordinating Council / Rockies,AEO2026 High Economic Growth,1.3181348531174308,Industrial
2041,ind,5-20,SRSG,Western Electricity Coordinating Council / Southwest,AEO2026 High Economic Growth,1.32097773471941,Industrial
2041,ind,5-23,NWPP,Western Electricity Coordinating Council / Northwest Power Pool Area,AEO2026 High Economic Growth,1.3031497846134323,Industrial
2041,com,5-24,RMRG,Western Electricity Coordinating Council / Rockies,AEO2026 High Economic Growth,1.6884288713562006,Commercial
2041,com,5-22,CASO,Western Electricity Coordinating Council / California South,AEO2026 High Economic Growth,1.4768704204006808,Commercial
2041,com,5-21,CANO,Western Electricity Coordinating Council / California North,AEO2026 High Economic Growth,1.4768701856528361,Commercial
2041,com,5-25,BASN,Western Electricity Coordinating Council / Basin,AEO2026 High Economic Growth,1.7175821414485684,Commercial
2041,com,5-2,FRCC,Florida Reliability Coordinating Council,AEO2026 High Economic Growth,1.466490752978944,Commercial
2041,com,5-4,MISC,Midcontinent / Central,AEO2026 High Economic Growth,1.2676961624040328,Commercial
2041,com,5-5,MISE,Midcontinent / East,AEO2026 High Economic Growth,1.278530292711811,Commercial
2041,com,5-6,MISS,Midcontinent / South,AEO2026 High Economic Growth,1.490783641565899,Commercial
2041,com,5-3,MISW,Midcontinent / West,AEO2026 High Economic Growth,1.2599732342998338,Commercial
2041,com,5-7,ISNE,Northeast Power Coordinating Council / New England,AEO2026 High Economic Growth,1.2223809099722538,Commercial
2041,com,5-9,NYUP,Northeast Power Coordinating Council / Upstate New York,AEO2026 High Economic Growth,1.3467031859306955,Commercial
2041,com,5-12,PJMC,PJM / Commonwealth Edison,AEO2026 High Economic Growth,1.2785301457383338,Commercial
2041,com,5-13,PJMD,PJM / Dominion,AEO2026 High Economic Growth,1.4664909078824813,Commercial
2041,com,5-10,PJME,PJM / East,AEO2026 High Economic Growth,1.3917091108885777,Commercial
2041,com,5-11,PJMW,PJM / West,AEO2026 High Economic Growth,1.3171685633253072,Commercial
2041,com,5-16,SRCE,SERC Reliability Corporation / Central,AEO2026 High Economic Growth,1.2288362793036476,Commercial
2041,com,5-14,SRCA,SERC Reliability Corporation / East,AEO2026 High Economic Growth,1.466490796398074,Commercial
2041,com,5-15,SRSE,SERC Reliability Corporation / Southeastern,AEO2026 High Economic Growth,1.4034489200952727,Commercial
2041,com,5-18,SPPC,Southwest Power Pool / Central,AEO2026 High Economic Growth,1.2495489768383081,Commercial
2041,com,5-19,SPPN,Southwest Power Pool / North,AEO2026 High Economic Growth,1.262761984979135,Commercial
2041,com,5-17,SPPS,Southwest Power Pool / South,AEO2026 High Economic Growth,1.5516933786146285,Commercial
2041,com,5-1,TRE,Texas Reliability Entity,AEO2026 High Economic Growth,1.5385667781073096,Commercial
2041,com,5-8,NYCW,Northeast Power Coordinating Council / New York City and Long Island,AEO2026 High Economic Growth,1.3467031185061833,Commercial
2041,res,5-2,FRCC,Florida Reliability Coordinating Council,AEO2026 High Economic Growth,1.1954168922190993,Residential
2041,res,5-4,MISC,Midcontinent / Central,AEO2026 High Economic Growth,1.2001383371609684,Residential
2041,res,5-6,MISS,Midcontinent / South,AEO2026 High Economic Growth,1.1755820962316232,Residential
2041,trans,5-11,PJMW,PJM / West,AEO2026 High Economic Growth,1.0875366300699105,Transportation
2041,trans,5-16,SRCE,SERC Reliability Corporation / Central,AEO2026 High Economic Growth,1.1815561959654177,Transportation
2041,trans,5-14,SRCA,SERC Reliability Corporation / East,AEO2026 High Economic Growth,1.227797457602579,Transportation
2041,trans,5-15,SRSE,SERC Reliability Corporation / Southeastern,AEO2026 High Economic Growth,1.227201295626574,Transportation
2041,trans,5-18,SPPC,Southwest Power Pool / Central,AEO2026 High Economic Growth,1.521765651860478,Transportation
2041,trans,5-19,SPPN,Southwest Power Pool / North,AEO2026 High Economic Growth,1.538199449613419,Transportation
2041,trans,5-17,SPPS,Southwest Power Pool / South,AEO2026 High Economic Growth,2.054088450524976,Transportation
2041,trans,5-1,TRE,Texas Reliability Entity,AEO2026 High Economic Growth,2.1006106611254824,Transportation
2041,trans,5-25,BASN,Western Electricity Coordinating Council / Basin,AEO2026 High Economic Growth,1.873415340086831,Transportation
2041,trans,5-21,CANO,Western Electricity Coordinating Council / California North,AEO2026 High Economic Growth,1.488599348534202,Transportation
2041,trans,5-22,CASO,Western Electricity Coordinating Council / California South,AEO2026 High Economic Growth,1.4885979311418345,Transportation
2041,trans,5-24,RMRG,Western Electricity Coordinating Council / Rockies,AEO2026 High Economic Growth,1.8743253148530687,Transportation
2041,trans,5-20,SRSG,Western Electricity Coordinating Council / Southwest,AEO2026 High Economic Growth,1.8188258986521733,Transportation
2041,trans,5-23,NWPP,Western Electricity Coordinating Council / Northwest Power Pool Area,AEO2026 High Economic Growth,1.5059127300764756,Transportation
2041,trans,5-10,PJME,PJM / East,AEO2026 High Economic Growth,1.2447928434118893,Transportation
2041,trans,5-13,PJMD,PJM / Dominion,AEO2026 High Economic Growth,1.2277972590975774,Transportation
2041,trans,5-12,PJMC,PJM / Commonwealth Edison,AEO2026 High Economic Growth,0.9031962185289995,Transportation
2041,trans,5-9,NYUP,Northeast Power Coordinating Council / Upstate New York,AEO2026 High Economic Growth,1.2454841974447926,Transportation
2041,res,5-3,MISW,Midcontinent / West,AEO2026 High Economic Growth,1.1739733837472,Residential
2041,res,5-8,NYCW,Northeast Power Coordinating Council / New York City and Long Island,AEO2026 High Economic Growth,1.2812544517691564,Residential
2041,res,5-7,ISNE,Northeast Power Coordinating Council / New England,AEO2026 High Economic Growth,1.248783461087827,Residential
2041,res,5-9,NYUP,Northeast Power Coordinating Council / Upstate New York,AEO2026 High Economic Growth,1.281254375310336,Residential
2041,res,5-12,PJMC,PJM / Commonwealth Edison,AEO2026 High Economic Growth,1.2453335978892992,Residential
2041,res,5-13,PJMD,PJM / Dominion,AEO2026 High Economic Growth,1.1954168350816587,Residential
2041,res,5-10,PJME,PJM / East,AEO2026 High Economic Growth,1.254050247214613,Residential
2041,res,5-11,PJMW,PJM / West,AEO2026 High Economic Growth,1.21472219088683,Residential
2041,res,5-16,SRCE,SERC Reliability Corporation / Central,AEO2026 High Economic Growth,1.0146131174721973,Residential
2041,res,5-14,SRCA,SERC Reliability Corporation / East,AEO2026 High Economic Growth,1.1954169773203378,Residential
2041,res,5-15,SRSE,SERC Reliability Corporation / Southeastern,AEO2026 High Economic Growth,1.1394900223226163,Residential
2041,res,5-18,SPPC,Southwest Power Pool / Central,AEO2026 High Economic Growth,1.133425277960642,Residential
2041,res,5-19,SPPN,Southwest Power Pool / North,AEO2026 High Economic Growth,1.1381589770027871,Residential
2041,res,5-17,SPPS,Southwest Power Pool / South,AEO2026 High Economic Growth,1.2178411260711743,Residential
2041,res,5-25,BASN,Western Electricity Coordinating Council / Basin,AEO2026 High Economic Growth,1.4341677130713042,Residential
2041,res,5-21,CANO,Western Electricity Coordinating Council / California North,AEO2026 High Economic Growth,1.286088775897344,Residential
2041,res,5-22,CASO,Western Electricity Coordinating Council / California South,AEO2026 High Economic Growth,1.2860939000930542,Residential
2041,res,5-24,RMRG,Western Electricity Coordinating Council / Rockies,AEO2026 High Economic Growth,1.4172739796074822,Residential
2041,res,5-20,SRSG,Western Electricity Coordinating Council / Southwest,AEO2026 High Economic Growth,1.4175244459191056,Residential
2041,res,5-23,NWPP,Western Electricity Coordinating Council / Northwest Power Pool Area,AEO2026 High Economic Growth,1.3057760546056147,Residential
2041,trans,5-2,FRCC,Florida Reliability Coordinating Council,AEO2026 High Economic Growth,1.2277902887072694,Transportation
2041,trans,5-4,MISC,Midcontinent / Central,AEO2026 High Economic Growth,0.9322912611739059,Transportation
2041,trans,5-5,MISE,Midcontinent / East,AEO2026 High Economic Growth,0.9031998349511144,Transportation
2041,trans,5-6,MISS,Midcontinent / South,AEO2026 High Economic Growth,2.092932697896083,Transportation
2041,trans,5-3,MISW,Midcontinent / West,AEO2026 High Economic Growth,1.0116851136895244,Transportation
2041,trans,5-8,NYCW,Northeast Power Coordinating Council / New York City and Long Island,AEO2026 High Economic Growth,1.24548330134357,Transportation
2041,trans,5-7,ISNE,Northeast Power Coordinating Council / New England,AEO2026 High Economic Growth,1.4492504483244972,Transportation
2041,res,5-1,TRE,Texas Reliability Entity,AEO2026 High Economic Growth,1.2098372843324334,Residential
2041,res,5-5,MISE,Midcontinent / East,AEO2026 High Economic Growth,1.2453329420558195,Residential
2042,com,5-25,BASN,Western Electricity Coordinating Council / Basin,AEO2026 High Economic Growth,1.7728060101359508,Commercial
2042,com,5-21,CANO,Western Electricity Coordinating Council / California North,AEO2026 High Economic Growth,1.5037733055190723,Commercial
2042,com,5-22,CASO,Western Electricity Coordinating Council / California South,AEO2026 High Economic Growth,1.5037733444318775,Commercial
2042,com,5-24,RMRG,Western Electricity Coordinating Council / Rockies,AEO2026 High Economic Growth,1.7413071482969518,Commercial
2042,com,5-20,SRSG,Western Electricity Coordinating Council / Southwest,AEO2026 High Economic Growth,1.742921315156424,Commercial
2042,com,5-23,NWPP,Western Electricity Coordinating Council / Northwest Power Pool Area,AEO2026 High Economic Growth,1.53822316871961,Commercial
2042,ind,5-2,FRCC,Florida Reliability Coordinating Council,AEO2026 High Economic Growth,1.2602806698583726,Industrial
2042,ind,5-4,MISC,Midcontinent / Central,AEO2026 High Economic Growth,1.237325521221962,Industrial
2042,ind,5-5,MISE,Midcontinent / East,AEO2026 High Economic Growth,1.2420964675967547,Industrial
2042,ind,5-6,MISS,Midcontinent / South,AEO2026 High Economic Growth,1.2273244411738076,Industrial
2042,ind,5-3,MISW,Midcontinent / West,AEO2026 High Economic Growth,1.2074904364994425,Industrial
2042,ind,5-8,NYCW,Northeast Power Coordinating Council / New York City and Long Island,AEO2026 High Economic Growth,1.0481996275091399,Industrial
2042,ind,5-7,ISNE,Northeast Power Coordinating Council / New England,AEO2026 High Economic Growth,1.0384247171683478,Industrial
2042,ind,5-9,NYUP,Northeast Power Coordinating Council / Upstate New York,AEO2026 High Economic Growth,1.0481976032609308,Industrial
2042,ind,5-12,PJMC,PJM / Commonwealth Edison,AEO2026 High Economic Growth,1.2420963914469187,Industrial
2042,ind,5-13,PJMD,PJM / Dominion,AEO2026 High Economic Growth,1.2602806142504104,Industrial
2042,ind,5-10,PJME,PJM / East,AEO2026 High Economic Growth,1.0679186006148351,Industrial
2042,ind,5-11,PJMW,PJM / West,AEO2026 High Economic Growth,1.2201137154411157,Industrial
2042,ind,5-16,SRCE,SERC Reliability Corporation / Central,AEO2026 High Economic Growth,1.2678335499568394,Industrial
2042,ind,5-14,SRCA,SERC Reliability Corporation / East,AEO2026 High Economic Growth,1.2602807056472864,Industrial
2042,ind,5-15,SRSE,SERC Reliability Corporation / Southeastern,AEO2026 High Economic Growth,1.263783385723303,Industrial
2042,ind,5-18,SPPC,Southwest Power Pool / Central,AEO2026 High Economic Growth,1.1901165828733675,Industrial
2042,ind,5-19,SPPN,Southwest Power Pool / North,AEO2026 High Economic Growth,1.1923379531909486,Industrial
2042,ind,5-17,SPPS,Southwest Power Pool / South,AEO2026 High Economic Growth,1.241901273963509,Industrial
2042,ind,5-1,TRE,Texas Reliability Entity,AEO2026 High Economic Growth,1.2248763205746385,Industrial
2042,ind,5-25,BASN,Western Electricity Coordinating Council / Basin,AEO2026 High Economic Growth,1.3541042223307067,Industrial
2042,ind,5-21,CANO,Western Electricity Coordinating Council / California North,AEO2026 High Economic Growth,1.3223135947194078,Industrial
2042,com,5-1,TRE,Texas Reliability Entity,AEO2026 High Economic Growth,1.5683576733216198,Commercial
2042,com,5-17,SPPS,Southwest Power Pool / South,AEO2026 High Economic Growth,1.5833462761781198,Commercial
2042,com,5-19,SPPN,Southwest Power Pool / North,AEO2026 High Economic Growth,1.280551851656932,Commercial
2042,com,5-18,SPPC,Southwest Power Pool / Central,AEO2026 High Economic Growth,1.2662358091280042,Commercial
2042,com,5-2,FRCC,Florida Reliability Coordinating Council,AEO2026 High Economic Growth,1.4992629085203582,Commercial
2042,com,5-5,MISE,Midcontinent / East,AEO2026 High Economic Growth,1.2958375342654889,Commercial
2042,com,5-6,MISS,Midcontinent / South,AEO2026 High Economic Growth,1.5184078435352,Commercial
2042,com,5-3,MISW,Midcontinent / West,AEO2026 High Economic Growth,1.2768754600189796,Commercial
2042,com,5-8,NYCW,Northeast Power Coordinating Council / New York City and Long Island,AEO2026 High Economic Growth,1.3662462760515743,Commercial
2042,com,5-7,ISNE,Northeast Power Coordinating Council / New England,AEO2026 High Economic Growth,1.236355477578183,Commercial
2042,com,5-9,NYUP,Northeast Power Coordinating Council / Upstate New York,AEO2026 High Economic Growth,1.3662463548481243,Commercial
2042,com,5-12,PJMC,PJM / Commonwealth Edison,AEO2026 High Economic Growth,1.2958376348119653,Commercial
2042,com,5-13,PJMD,PJM / Dominion,AEO2026 High Economic Growth,1.4992629311650965,Commercial
2042,com,5-10,PJME,PJM / East,AEO2026 High Economic Growth,1.4162226292257873,Commercial
2042,com,5-11,PJMW,PJM / West,AEO2026 High Economic Growth,1.337427999432099,Commercial
2042,com,5-16,SRCE,SERC Reliability Corporation / Central,AEO2026 High Economic Growth,1.2446544434727977,Commercial
2042,com,5-14,SRCA,SERC Reliability Corporation / East,AEO2026 High Economic Growth,1.4992629679623315,Commercial
2042,com,5-15,SRSE,SERC Reliability Corporation / Southeastern,AEO2026 High Economic Growth,1.4317238281108067,Commercial
2042,com,5-4,MISC,Midcontinent / Central,AEO2026 High Economic Growth,1.2847586444179968,Commercial
2042,ind,5-22,CASO,Western Electricity Coordinating Council / California South,AEO2026 High Economic Growth,1.3223134682113669,Industrial
2042,ind,5-24,RMRG,Western Electricity Coordinating Council / Rockies,AEO2026 High Economic Growth,1.3416499185576032,Industrial
2042,ind,5-20,SRSG,Western Electricity Coordinating Council / Southwest,AEO2026 High Economic Growth,1.344967735265384,Industrial
2042,ind,5-23,NWPP,Western Electricity Coordinating Council / Northwest Power Pool Area,AEO2026 High Economic Growth,1.3269000639767135,Industrial
2042,trans,5-9,NYUP,Northeast Power Coordinating Council / Upstate New York,AEO2026 High Economic Growth,1.2510357285866274,Transportation
2042,trans,5-12,PJMC,PJM / Commonwealth Edison,AEO2026 High Economic Growth,0.9040613290390498,Transportation
2042,trans,5-13,PJMD,PJM / Dominion,AEO2026 High Economic Growth,1.234148566930261,Transportation
2042,trans,5-10,PJME,PJM / East,AEO2026 High Economic Growth,1.2503765135358842,Transportation
2042,trans,5-11,PJMW,PJM / West,AEO2026 High Economic Growth,1.091001268348349,Transportation
2042,trans,5-16,SRCE,SERC Reliability Corporation / Central,AEO2026 High Economic Growth,1.1882066060740413,Transportation
2042,trans,5-14,SRCA,SERC Reliability Corporation / East,AEO2026 High Economic Growth,1.2341534511548893,Transportation
2042,trans,5-15,SRSE,SERC Reliability Corporation / Southeastern,AEO2026 High Economic Growth,1.233562767205825,Transportation
2042,trans,5-18,SPPC,Southwest Power Pool / Central,AEO2026 High Economic Growth,1.548938058004769,Transportation
2042,trans,5-19,SPPN,Southwest Power Pool / North,AEO2026 High Economic Growth,1.566177434150177,Transportation
2042,trans,5-17,SPPS,Southwest Power Pool / South,AEO2026 High Economic Growth,2.1045613629132562,Transportation
2042,trans,5-1,TRE,Texas Reliability Entity,AEO2026 High Economic Growth,2.1530045375514186,Transportation
2042,trans,5-25,BASN,Western Electricity Coordinating Council / Basin,AEO2026 High Economic Growth,1.916410998552822,Transportation
2042,trans,5-21,CANO,Western Electricity Coordinating Council / California North,AEO2026 High Economic Growth,1.5122742646049396,Transportation
2042,trans,5-22,CASO,Western Electricity Coordinating Council / California South,AEO2026 High Economic Growth,1.5122758854911065,Transportation
2042,trans,5-24,RMRG,Western Electricity Coordinating Council / Rockies,AEO2026 High Economic Growth,1.9174163168299239,Transportation
2042,trans,5-20,SRSG,Western Electricity Coordinating Council / Southwest,AEO2026 High Economic Growth,1.8590423273362529,Transportation
2042,trans,5-23,NWPP,Western Electricity Coordinating Council / Northwest Power Pool Area,AEO2026 High Economic Growth,1.5304572092870357,Transportation
2042,trans,5-7,ISNE,Northeast Power Coordinating Council / New England,AEO2026 High Economic Growth,1.4596898649361407,Transportation
2042,trans,5-8,NYCW,Northeast Power Coordinating Council / New York City and Long Island,AEO2026 High Economic Growth,1.251035700575816,Transportation
2042,trans,5-3,MISW,Midcontinent / West,AEO2026 High Economic Growth,1.017165241799086,Transportation
2042,trans,5-6,MISS,Midcontinent / South,AEO2026 High Economic Growth,2.1449784958735325,Transportation
2042,res,5-2,FRCC,Florida Reliability Coordinating Council,AEO2026 High Economic Growth,1.2077398785965412,Residential
2042,res,5-4,MISC,Midcontinent / Central,AEO2026 High Economic Growth,1.214275362797317,Residential
2042,res,5-5,MISE,Midcontinent / East,AEO2026 High Economic Growth,1.2605583855847056,Residential
2042,res,5-6,MISS,Midcontinent / South,AEO2026 High Economic Growth,1.1886514081788822,Residential
2042,res,5-3,MISW,Midcontinent / West,AEO2026 High Economic Growth,1.1875945776016907,Residential
2042,res,5-8,NYCW,Northeast Power Coordinating Council / New York City and Long Island,AEO2026 High Economic Growth,1.2934918818453454,Residential
2042,res,5-7,ISNE,Northeast Power Coordinating Council / New England,AEO2026 High Economic Growth,1.2603628859566203,Residential
2042,res,5-9,NYUP,Northeast Power Coordinating Council / Upstate New York,AEO2026 High Economic Growth,1.293491746026576,Residential
2042,res,5-12,PJMC,PJM / Commonwealth Edison,AEO2026 High Economic Growth,1.2605592009403221,Residential
2042,res,5-13,PJMD,PJM / Dominion,AEO2026 High Economic Growth,1.2077398410452684,Residential
2042,res,5-10,PJME,PJM / East,AEO2026 High Economic Growth,1.2663147766691316,Residential
2042,res,5-11,PJMW,PJM / West,AEO2026 High Economic Growth,1.2280410871831526,Residential
2042,res,5-16,SRCE,SERC Reliability Corporation / Central,AEO2026 High Economic Growth,1.021310800859061,Residential
2042,res,5-14,SRCA,SERC Reliability Corporation / East,AEO2026 High Economic Growth,1.2077399090065672,Residential
2042,res,5-18,SPPC,Southwest Power Pool / Central,AEO2026 High Economic Growth,1.1461349840188046,Residential
2042,res,5-19,SPPN,Southwest Power Pool / North,AEO2026 High Economic Growth,1.1510529216087968,Residential
2042,res,5-17,SPPS,Southwest Power Pool / South,AEO2026 High Economic Growth,1.2326151994644619,Residential
2042,res,5-1,TRE,Texas Reliability Entity,AEO2026 High Economic Growth,1.2242579628387242,Residential
2042,res,5-25,BASN,Western Electricity Coordinating Council / Basin,AEO2026 High Economic Growth,1.4584008930297268,Residential
2042,res,5-21,CANO,Western Electricity Coordinating Council / California North,AEO2026 High Economic Growth,1.2928632768431358,Residential
2042,res,5-22,CASO,Western Electricity Coordinating Council / California South,AEO2026 High Economic Growth,1.292869026374703,Residential
2042,res,5-24,RMRG,Western Electricity Coordinating Council / Rockies,AEO2026 High Economic Growth,1.4409556829068801,Residential
2042,res,5-20,SRSG,Western Electricity Coordinating Council / Southwest,AEO2026 High Economic Growth,1.440679566571996,Residential
2042,res,5-23,NWPP,Western Electricity Coordinating Council / Northwest Power Pool Area,AEO2026 High Economic Growth,1.3148716927466122,Residential
2042,trans,5-2,FRCC,Florida Reliability Coordinating Council,AEO2026 High Economic Growth,1.2341497769118528,Transportation
2042,trans,5-4,MISC,Midcontinent / Central,AEO2026 High Economic Growth,0.9343933356453794,Transportation
2042,trans,5-5,MISE,Midcontinent / East,AEO2026 High Economic Growth,0.9040653352052292,Transportation
2042,res,5-15,SRSE,SERC Reliability Corporation / Southeastern,AEO2026 High Economic Growth,1.150072975447742,Residential
2043,trans,5-23,NWPP,Western Electricity Coordinating Council / Northwest Power Pool Area,AEO2026 High Economic Growth,1.5536299709817492,Transportation
2043,trans,5-20,SRSG,Western Electricity Coordinating Council / Southwest,AEO2026 High Economic Growth,1.897572456295721,Transportation
2043,trans,5-24,RMRG,Western Electricity Coordinating Council / Rockies,AEO2026 High Economic Growth,1.958708158414962,Transportation
2043,trans,5-22,CASO,Western Electricity Coordinating Council / California South,AEO2026 High Economic Growth,1.5345953556822847,Transportation
2043,trans,5-21,CANO,Western Electricity Coordinating Council / California North,AEO2026 High Economic Growth,1.5345971603412913,Transportation
2043,trans,5-25,BASN,Western Electricity Coordinating Council / Basin,AEO2026 High Economic Growth,1.9576410998552825,Transportation
2043,trans,5-1,TRE,Texas Reliability Entity,AEO2026 High Economic Growth,2.204221619100123,Transportation
2043,trans,5-17,SPPS,Southwest Power Pool / South,AEO2026 High Economic Growth,2.1537326815723254,Transportation
2043,trans,5-19,SPPN,Southwest Power Pool / North,AEO2026 High Economic Growth,1.59146900799371,Transportation
2043,trans,5-15,SRSE,SERC Reliability Corporation / Southeastern,AEO2026 High Economic Growth,1.2369939816498652,Transportation
2043,trans,5-18,SPPC,Southwest Power Pool / Central,AEO2026 High Economic Growth,1.5734486774247214,Transportation
2043,com,5-5,MISE,Midcontinent / East,AEO2026 High Economic Growth,1.3104271515471162,Commercial
2043,com,5-6,MISS,Midcontinent / South,AEO2026 High Economic Growth,1.5448159107501553,Commercial
2043,com,5-3,MISW,Midcontinent / West,AEO2026 High Economic Growth,1.291407677368834,Commercial
2043,com,5-8,NYCW,Northeast Power Coordinating Council / New York City and Long Island,AEO2026 High Economic Growth,1.382665455952279,Commercial
2043,com,5-2,FRCC,Florida Reliability Coordinating Council,AEO2026 High Economic Growth,1.531073464722424,Commercial
2043,com,5-4,MISC,Midcontinent / Central,AEO2026 High Economic Growth,1.2993035262162647,Commercial
2043,com,5-7,ISNE,Northeast Power Coordinating Council / New England,AEO2026 High Economic Growth,1.2495908226429098,Commercial
2043,com,5-9,NYUP,Northeast Power Coordinating Council / Upstate New York,AEO2026 High Economic Growth,1.3826654356171872,Commercial
2043,com,5-13,PJMD,PJM / Dominion,AEO2026 High Economic Growth,1.5310735100143897,Commercial
2043,res,5-2,FRCC,Florida Reliability Coordinating Council,AEO2026 High Economic Growth,1.2194325314034429,Residential
2043,res,5-4,MISC,Midcontinent / Central,AEO2026 High Economic Growth,1.2272870704793744,Residential
2043,res,5-5,MISE,Midcontinent / East,AEO2026 High Economic Growth,1.2743789206242568,Residential
2043,res,5-6,MISS,Midcontinent / South,AEO2026 High Economic Growth,1.2014953175726393,Residential
2043,res,5-3,MISW,Midcontinent / West,AEO2026 High Economic Growth,1.2002746695389124,Residential
2043,res,5-8,NYCW,Northeast Power Coordinating Council / New York City and Long Island,AEO2026 High Economic Growth,1.303415043190403,Residential
2043,res,5-7,ISNE,Northeast Power Coordinating Council / New England,AEO2026 High Economic Growth,1.2703266261726747,Residential
2043,res,5-9,NYUP,Northeast Power Coordinating Council / Upstate New York,AEO2026 High Economic Growth,1.3034151092611195,Residential
2043,res,5-12,PJMC,PJM / Commonwealth Edison,AEO2026 High Economic Growth,1.2743797564996144,Residential
2043,res,5-13,PJMD,PJM / Dominion,AEO2026 High Economic Growth,1.2194323883411695,Residential
2043,res,5-10,PJME,PJM / East,AEO2026 High Economic Growth,1.276798729002851,Residential
2043,res,5-11,PJMW,PJM / West,AEO2026 High Economic Growth,1.2400971039559496,Residential
2043,res,5-16,SRCE,SERC Reliability Corporation / Central,AEO2026 High Economic Growth,1.0274810177304212,Residential
2043,res,5-14,SRCA,SERC Reliability Corporation / East,AEO2026 High Economic Growth,1.2194326281146008,Residential
2043,res,5-15,SRSE,SERC Reliability Corporation / Southeastern,AEO2026 High Economic Growth,1.160057291908689,Residential
2043,res,5-18,SPPC,Southwest Power Pool / Central,AEO2026 High Economic Growth,1.158168023759857,Residential
2043,res,5-19,SPPN,Southwest Power Pool / North,AEO2026 High Economic Growth,1.1632711521057983,Residential
2043,res,5-17,SPPS,Southwest Power Pool / South,AEO2026 High Economic Growth,1.2472112760630043,Residential
2043,res,5-25,BASN,Western Electricity Coordinating Council / Basin,AEO2026 High Economic Growth,1.4820370564729692,Residential
2043,res,5-21,CANO,Western Electricity Coordinating Council / California North,AEO2026 High Economic Growth,1.2986470476155922,Residential
2043,res,5-22,CASO,Western Electricity Coordinating Council / California South,AEO2026 High Economic Growth,1.298653504217826,Residential
2043,ind,5-23,NWPP,Western Electricity Coordinating Council / Northwest Power Pool Area,AEO2026 High Economic Growth,1.347325766655519,Industrial
2043,res,5-24,RMRG,Western Electricity Coordinating Council / Rockies,AEO2026 High Economic Growth,1.4640386583121607,Residential
2043,ind,5-20,SRSG,Western Electricity Coordinating Council / Southwest,AEO2026 High Economic Growth,1.3641800226985747,Industrial
2043,ind,5-22,CASO,Western Electricity Coordinating Council / California South,AEO2026 High Economic Growth,1.342886060262411,Industrial
2043,com,5-12,PJMC,PJM / Commonwealth Edison,AEO2026 High Economic Growth,1.3104272240426977,Commercial
2043,ind,5-4,MISC,Midcontinent / Central,AEO2026 High Economic Growth,1.2436674246580126,Industrial
2043,ind,5-5,MISE,Midcontinent / East,AEO2026 High Economic Growth,1.2479216714634684,Industrial
2043,ind,5-6,MISS,Midcontinent / South,AEO2026 High Economic Growth,1.2389882500582072,Industrial
2043,ind,5-3,MISW,Midcontinent / West,AEO2026 High Economic Growth,1.2132041033439507,Industrial
2043,ind,5-8,NYCW,Northeast Power Coordinating Council / New York City and Long Island,AEO2026 High Economic Growth,1.0479237083534525,Industrial
2043,ind,5-7,ISNE,Northeast Power Coordinating Council / New England,AEO2026 High Economic Growth,1.0378265033121474,Industrial
2043,ind,5-9,NYUP,Northeast Power Coordinating Council / Upstate New York,AEO2026 High Economic Growth,1.0479248975924011,Industrial
2043,ind,5-12,PJMC,PJM / Commonwealth Edison,AEO2026 High Economic Growth,1.247921712405535,Industrial
2043,ind,5-13,PJMD,PJM / Dominion,AEO2026 High Economic Growth,1.2718162312400616,Industrial
2043,ind,5-10,PJME,PJM / East,AEO2026 High Economic Growth,1.068743968685359,Industrial
2043,ind,5-11,PJMW,PJM / West,AEO2026 High Economic Growth,1.2266138709939285,Industrial
2043,ind,5-16,SRCE,SERC Reliability Corporation / Central,AEO2026 High Economic Growth,1.2789738871416794,Industrial
2043,ind,5-14,SRCA,SERC Reliability Corporation / East,AEO2026 High Economic Growth,1.2718163431548863,Industrial
2043,ind,5-15,SRSE,SERC Reliability Corporation / Southeastern,AEO2026 High Economic Growth,1.2751357202458629,Industrial
2043,ind,5-18,SPPC,Southwest Power Pool / Central,AEO2026 High Economic Growth,1.1957739647263406,Industrial
2043,ind,5-19,SPPN,Southwest Power Pool / North,AEO2026 High Economic Growth,1.1981831624159378,Industrial
2043,ind,5-17,SPPS,Southwest Power Pool / South,AEO2026 High Economic Growth,1.254628733573456,Industrial
2043,ind,5-1,TRE,Texas Reliability Entity,AEO2026 High Economic Growth,1.236571810377196,Industrial
2043,ind,5-25,BASN,Western Electricity Coordinating Council / Basin,AEO2026 High Economic Growth,1.3736590324911768,Industrial
2043,ind,5-21,CANO,Western Electricity Coordinating Council / California North,AEO2026 High Economic Growth,1.3428862595816695,Industrial
2043,ind,5-24,RMRG,Western Electricity Coordinating Council / Rockies,AEO2026 High Economic Growth,1.3601175386098328,Industrial
2043,res,5-20,SRSG,Western Electricity Coordinating Council / Southwest,AEO2026 High Economic Growth,1.4632480404627841,Residential
2043,res,5-1,TRE,Texas Reliability Entity,AEO2026 High Economic Growth,1.2385157107369595,Residential
2043,trans,5-2,FRCC,Florida Reliability Coordinating Council,AEO2026 High Economic Growth,1.2375530308780984,Transportation
2043,com,5-21,CANO,Western Electricity Coordinating Council / California North,AEO2026 High Economic Growth,1.5276795878647669,Commercial
2043,com,5-22,CASO,Western Electricity Coordinating Council / California South,AEO2026 High Economic Growth,1.5276796311071164,Commercial
2043,com,5-24,RMRG,Western Electricity Coordinating Council / Rockies,AEO2026 High Economic Growth,1.7930975605412813,Commercial
2043,com,5-20,SRSG,Western Electricity Coordinating Council / Southwest,AEO2026 High Economic Growth,1.7935749448139082,Commercial
2043,com,5-23,NWPP,Western Electricity Coordinating Council / Northwest Power Pool Area,AEO2026 High Economic Growth,1.5660084378672472,Commercial
2043,ind,5-2,FRCC,Florida Reliability Coordinating Council,AEO2026 High Economic Growth,1.2718162634605903,Industrial
2043,com,5-17,SPPS,Southwest Power Pool / South,AEO2026 High Economic Growth,1.6139127532965098,Commercial
2043,res,5-23,NWPP,Western Electricity Coordinating Council / Northwest Power Pool Area,AEO2026 High Economic Growth,1.3230290235719275,Residential
2043,com,5-19,SPPN,Southwest Power Pool / North,AEO2026 High Economic Growth,1.2962088511859988,Commercial
2043,com,5-18,SPPC,Southwest Power Pool / Central,AEO2026 High Economic Growth,1.2807574236667936,Commercial
2043,com,5-15,SRSE,SERC Reliability Corporation / Southeastern,AEO2026 High Economic Growth,1.4587906327148055,Commercial
2043,com,5-14,SRCA,SERC Reliability Corporation / East,AEO2026 High Economic Growth,1.5310734775030195,Commercial
2043,com,5-16,SRCE,SERC Reliability Corporation / Central,AEO2026 High Economic Growth,1.258581639771155,Commercial
2043,com,5-11,PJMW,PJM / West,AEO2026 High Economic Growth,1.3552903593638017,Commercial
2043,com,5-25,BASN,Western Electricity Coordinating Council / Basin,AEO2026 High Economic Growth,1.8270039368807598,Commercial
2043,com,5-10,PJME,PJM / East,AEO2026 High Economic Growth,1.4384244854976747,Commercial
2043,trans,5-13,PJMD,PJM / Dominion,AEO2026 High Economic Growth,1.2375568039503346,Transportation
2043,trans,5-4,MISC,Midcontinent / Central,AEO2026 High Economic Growth,0.9348038417711215,Transportation
2043,trans,5-5,MISE,Midcontinent / East,AEO2026 High Economic Growth,0.9032853785808815,Transportation
2043,trans,5-6,MISS,Midcontinent / South,AEO2026 High Economic Growth,2.1958328490061607,Transportation
2043,trans,5-3,MISW,Midcontinent / West,AEO2026 High Economic Growth,1.0208203741498347,Transportation
2043,trans,5-8,NYCW,Northeast Power Coordinating Council / New York City and Long Island,AEO2026 High Economic Growth,1.2552476007677542,Transportation
2043,trans,5-7,ISNE,Northeast Power Coordinating Council / New England,AEO2026 High Economic Growth,1.4684258438072617,Transportation
2043,trans,5-9,NYUP,Northeast Power Coordinating Council / Upstate New York,AEO2026 High Economic Growth,1.255248620216437,Transportation
2043,trans,5-12,PJMC,PJM / Commonwealth Edison,AEO2026 High Economic Growth,0.9032848141836431,Transportation
2043,trans,5-10,PJME,PJM / East,AEO2026 High Economic Growth,1.2545576606282505,Transportation
2043,com,5-1,TRE,Texas Reliability Entity,AEO2026 High Economic Growth,1.5970566721800568,Commercial
2043,trans,5-16,SRCE,SERC Reliability Corporation / Central,AEO2026 High Economic Growth,1.1935269341609398,Transportation
2043,trans,5-14,SRCA,SERC Reliability Corporation / East,AEO2026 High Economic Growth,1.2375558622819802,Transportation
2043,trans,5-11,PJMW,PJM / West,AEO2026 High Economic Growth,1.0928728998658968,Transportation
2044,res,5-24,RMRG,Western Electricity Coordinating Council / Rockies,AEO2026 High Economic Growth,1.4868222493541001,Residential
2044,res,5-22,CASO,Western Electricity Coordinating Council / California South,AEO2026 High Economic Growth,1.3039643385603907,Residential
2044,res,5-21,CANO,Western Electricity Coordinating Council / California North,AEO2026 High Economic Growth,1.3039571956397475,Residential
2044,res,5-25,BASN,Western Electricity Coordinating Council / Basin,AEO2026 High Economic Growth,1.5054075640655222,Residential
2044,res,5-1,TRE,Texas Reliability Entity,AEO2026 High Economic Growth,1.2516709595261875,Residential
2044,res,5-17,SPPS,Southwest Power Pool / South,AEO2026 High Economic Growth,1.2607343030802067,Residential
2044,res,5-19,SPPN,Southwest Power Pool / North,AEO2026 High Economic Growth,1.1746511504023678,Residential
2044,res,5-18,SPPC,Southwest Power Pool / Central,AEO2026 High Economic Growth,1.1693536328552125,Residential
2044,res,5-15,SRSE,SERC Reliability Corporation / Southeastern,AEO2026 High Economic Growth,1.1693628591176939,Residential
2044,res,5-14,SRCA,SERC Reliability Corporation / East,AEO2026 High Economic Growth,1.2304180201154356,Residential
2044,res,5-20,SRSG,Western Electricity Coordinating Council / Southwest,AEO2026 High Economic Growth,1.4854995083561493,Residential
2044,res,5-16,SRCE,SERC Reliability Corporation / Central,AEO2026 High Economic Growth,1.0330358683639613,Residential
2044,res,5-10,PJME,PJM / East,AEO2026 High Economic Growth,1.2860340906365635,Residential
2044,res,5-13,PJMD,PJM / Dominion,AEO2026 High Economic Growth,1.2304177781726355,Residential
2044,res,5-12,PJMC,PJM / Commonwealth Edison,AEO2026 High Economic Growth,1.286575777371076,Residential
2044,res,5-9,NYUP,Northeast Power Coordinating Council / Upstate New York,AEO2026 High Economic Growth,1.3118383296622167,Residential
2044,res,5-7,ISNE,Northeast Power Coordinating Council / New England,AEO2026 High Economic Growth,1.2792694805207725,Residential
2044,res,5-8,NYCW,Northeast Power Coordinating Council / New York City and Long Island,AEO2026 High Economic Growth,1.3118383399099447,Residential
2044,res,5-3,MISW,Midcontinent / West,AEO2026 High Economic Growth,1.2118253793469353,Residential
2044,res,5-6,MISS,Midcontinent / South,AEO2026 High Economic Growth,1.213320967062304,Residential
2044,res,5-5,MISE,Midcontinent / East,AEO2026 High Economic Growth,1.2865749310661418,Residential
2044,res,5-4,MISC,Midcontinent / Central,AEO2026 High Economic Growth,1.238975095244475,Residential
2044,res,5-11,PJMW,PJM / West,AEO2026 High Economic Growth,1.2508469947516558,Residential
2044,res,5-23,NWPP,Western Electricity Coordinating Council / Northwest Power Pool Area,AEO2026 High Economic Growth,1.330740415771288,Residential
2044,trans,5-2,FRCC,Florida Reliability Coordinating Council,AEO2026 High Economic Growth,1.2426220659058895,Transportation
2044,trans,5-4,MISC,Midcontinent / Central,AEO2026 High Economic Growth,0.9362653851326007,Transportation
2044,trans,5-23,NWPP,Western Electricity Coordinating Council / Northwest Power Pool Area,AEO2026 High Economic Growth,1.5782252545447484,Transportation
2044,trans,5-20,SRSG,Western Electricity Coordinating Council / Southwest,AEO2026 High Economic Growth,1.9374128037462544,Transportation
2044,trans,5-24,RMRG,Western Electricity Coordinating Council / Rockies,AEO2026 High Economic Growth,2.001332711401346,Transportation
2044,trans,5-22,CASO,Western Electricity Coordinating Council / California South,AEO2026 High Economic Growth,1.558340526695629,Transportation
2044,trans,5-21,CANO,Western Electricity Coordinating Council / California North,AEO2026 High Economic Growth,1.5583427974756738,Transportation
2044,trans,5-25,BASN,Western Electricity Coordinating Council / Basin,AEO2026 High Economic Growth,2.000231548480463,Transportation
2044,trans,5-1,TRE,Texas Reliability Entity,AEO2026 High Economic Growth,2.253657605699504,Transportation
2044,trans,5-17,SPPS,Southwest Power Pool / South,AEO2026 High Economic Growth,2.201833800942932,Transportation
2044,trans,5-19,SPPN,Southwest Power Pool / North,AEO2026 High Economic Growth,1.6174813261695715,Transportation
2044,trans,5-18,SPPC,Southwest Power Pool / Central,AEO2026 High Economic Growth,1.5986801974158487,Transportation
2044,trans,5-15,SRSE,SERC Reliability Corporation / Southeastern,AEO2026 High Economic Growth,1.2420721790270448,Transportation
2044,trans,5-14,SRCA,SERC Reliability Corporation / East,AEO2026 High Economic Growth,1.2426232831095625,Transportation
2044,trans,5-16,SRCE,SERC Reliability Corporation / Central,AEO2026 High Economic Growth,1.199512303258701,Transportation
2044,trans,5-11,PJMW,PJM / West,AEO2026 High Economic Growth,1.0956494561365893,Transportation
2044,trans,5-10,PJME,PJM / East,AEO2026 High Economic Growth,1.2594133776216423,Transportation
2044,trans,5-13,PJMD,PJM / Dominion,AEO2026 High Economic Growth,1.2426199592085019,Transportation
2044,trans,5-12,PJMC,PJM / Commonwealth Edison,AEO2026 High Economic Growth,0.9035714471839611,Transportation
2044,trans,5-9,NYUP,Northeast Power Coordinating Council / Upstate New York,AEO2026 High Economic Growth,1.2600951950228008,Transportation
2044,trans,5-7,ISNE,Northeast Power Coordinating Council / New England,AEO2026 High Economic Growth,1.47799400671217,Transportation
2044,trans,5-8,NYCW,Northeast Power Coordinating Council / New York City and Long Island,AEO2026 High Economic Growth,1.2600952015355085,Transportation
2044,trans,5-3,MISW,Midcontinent / West,AEO2026 High Economic Growth,1.025483109792773,Transportation
2044,trans,5-6,MISS,Midcontinent / South,AEO2026 High Economic Growth,2.244943624317099,Transportation
2044,trans,5-5,MISE,Midcontinent / East,AEO2026 High Economic Growth,0.9035722013395127,Transportation
2044,res,5-2,FRCC,Florida Reliability Coordinating Council,AEO2026 High Economic Growth,1.2304180120768164,Residential
2044,ind,5-23,NWPP,Western Electricity Coordinating Council / Northwest Power Pool Area,AEO2026 High Economic Growth,1.3662976091326846,Industrial
2044,ind,5-24,RMRG,Western Electricity Coordinating Council / Rockies,AEO2026 High Economic Growth,1.3778734497786853,Industrial
2044,com,5-25,BASN,Western Electricity Coordinating Council / Basin,AEO2026 High Economic Growth,1.8796511803074578,Commercial
2044,com,5-1,TRE,Texas Reliability Entity,AEO2026 High Economic Growth,1.6244557518299185,Commercial
2044,com,5-17,SPPS,Southwest Power Pool / South,AEO2026 High Economic Growth,1.6431618422999827,Commercial
2044,com,5-19,SPPN,Southwest Power Pool / North,AEO2026 High Economic Growth,1.310255637815124,Commercial
2044,com,5-18,SPPC,Southwest Power Pool / Central,AEO2026 High Economic Growth,1.2936677211173144,Commercial
2044,com,5-15,SRSE,SERC Reliability Corporation / Southeastern,AEO2026 High Economic Growth,1.485002945889201,Commercial
2044,com,5-14,SRCA,SERC Reliability Corporation / East,AEO2026 High Economic Growth,1.5619403505993552,Commercial
2044,com,5-16,SRCE,SERC Reliability Corporation / Central,AEO2026 High Economic Growth,1.2719024629982705,Commercial
2044,com,5-11,PJMW,PJM / West,AEO2026 High Economic Growth,1.3709942271927473,Commercial
2044,com,5-10,PJME,PJM / East,AEO2026 High Economic Growth,1.4582189400751495,Commercial
2044,com,5-21,CANO,Western Electricity Coordinating Council / California North,AEO2026 High Economic Growth,1.5497905592365129,Commercial
2044,com,5-13,PJMD,PJM / Dominion,AEO2026 High Economic Growth,1.5619404580210867,Commercial
2044,com,5-9,NYUP,Northeast Power Coordinating Council / Upstate New York,AEO2026 High Economic Growth,1.3957959409226626,Commercial
2044,com,5-7,ISNE,Northeast Power Coordinating Council / New England,AEO2026 High Economic Growth,1.26194951639845,Commercial
2044,com,5-8,NYCW,Northeast Power Coordinating Council / New York City and Long Island,AEO2026 High Economic Growth,1.3957960654995352,Commercial
2044,com,5-3,MISW,Midcontinent / West,AEO2026 High Economic Growth,1.3040200796809247,Commercial
2044,com,5-6,MISS,Midcontinent / South,AEO2026 High Economic Growth,1.5700308690679465,Commercial
2044,com,5-5,MISE,Midcontinent / East,AEO2026 High Economic Growth,1.3225712014938409,Commercial
2044,com,5-4,MISC,Midcontinent / Central,AEO2026 High Economic Growth,1.3117155750674732,Commercial
2044,com,5-2,FRCC,Florida Reliability Coordinating Council,AEO2026 High Economic Growth,1.5619403877057445,Commercial
2044,com,5-12,PJMC,PJM / Commonwealth Edison,AEO2026 High Economic Growth,1.3225712818323978,Commercial
2044,com,5-22,CASO,Western Electricity Coordinating Council / California South,AEO2026 High Economic Growth,1.5497908199050834,Commercial
2044,com,5-24,RMRG,Western Electricity Coordinating Council / Rockies,AEO2026 High Economic Growth,1.843334610846379,Commercial
2044,com,5-20,SRSG,Western Electricity Coordinating Council / Southwest,AEO2026 High Economic Growth,1.8426817478552149,Commercial
2044,ind,5-22,CASO,Western Electricity Coordinating Council / California South,AEO2026 High Economic Growth,1.3618697024470812,Industrial
2044,ind,5-21,CANO,Western Electricity Coordinating Council / California North,AEO2026 High Economic Growth,1.3618699502482468,Industrial
2044,ind,5-25,BASN,Western Electricity Coordinating Council / Basin,AEO2026 High Economic Growth,1.3925605556955356,Industrial
2044,ind,5-1,TRE,Texas Reliability Entity,AEO2026 High Economic Growth,1.2492484078595354,Industrial
2044,ind,5-17,SPPS,Southwest Power Pool / South,AEO2026 High Economic Growth,1.268123324702738,Industrial
2044,ind,5-19,SPPN,Southwest Power Pool / North,AEO2026 High Economic Growth,1.2025294312664008,Industrial
2044,ind,5-18,SPPC,Southwest Power Pool / Central,AEO2026 High Economic Growth,1.1999208139347144,Industrial
2044,ind,5-15,SRSE,SERC Reliability Corporation / Southeastern,AEO2026 High Economic Growth,1.2861386782868713,Industrial
2044,ind,5-14,SRCA,SERC Reliability Corporation / East,AEO2026 High Economic Growth,1.2828549310951571,Industrial
2044,ind,5-16,SRCE,SERC Reliability Corporation / Central,AEO2026 High Economic Growth,1.2899355638640353,Industrial
2044,ind,5-11,PJMW,PJM / West,AEO2026 High Economic Growth,1.231666836374864,Industrial
2044,ind,5-10,PJME,PJM / East,AEO2026 High Economic Growth,1.0674002154334667,Industrial
2044,ind,5-13,PJMD,PJM / Dominion,AEO2026 High Economic Growth,1.2828550142728863,Industrial
2044,ind,5-12,PJMC,PJM / Commonwealth Edison,AEO2026 High Economic Growth,1.2520295717224843,Industrial
2044,ind,5-9,NYUP,Northeast Power Coordinating Council / Upstate New York,AEO2026 High Economic Growth,1.045311722098067,Industrial
2044,ind,5-7,ISNE,Northeast Power Coordinating Council / New England,AEO2026 High Economic Growth,1.0352603885555274,Industrial
2044,ind,5-8,NYCW,Northeast Power Coordinating Council / New York City and Long Island,AEO2026 High Economic Growth,1.0453110988480376,Industrial
2044,ind,5-3,MISW,Midcontinent / West,AEO2026 High Economic Growth,1.2173378485877584,Industrial
2044,ind,5-6,MISS,Midcontinent / South,AEO2026 High Economic Growth,1.2515671810204565,Industrial
2044,ind,5-5,MISE,Midcontinent / East,AEO2026 High Economic Growth,1.2520295722990546,Industrial
2044,ind,5-4,MISC,Midcontinent / Central,AEO2026 High Economic Growth,1.248478000000288,Industrial
2044,ind,5-2,FRCC,Florida Reliability Coordinating Council,AEO2026 High Economic Growth,1.282854971634066,Industrial
2044,com,5-23,NWPP,Western Electricity Coordinating Council / Northwest Power Pool Area,AEO2026 High Economic Growth,1.5920297035595068,Commercial
2044,ind,5-20,SRSG,Western Electricity Coordinating Council / Southwest,AEO2026 High Economic Growth,1.3827580975481126,Industrial
2045,trans,5-8,NYCW,Northeast Power Coordinating Council / New York City and Long Island,AEO2026 High Economic Growth,1.2653251439539348,Transportation
2045,trans,5-3,MISW,Midcontinent / West,AEO2026 High Economic Growth,1.0286909896617846,Transportation
2045,trans,5-6,MISS,Midcontinent / South,AEO2026 High Economic Growth,2.300447518307567,Transportation
2045,trans,5-5,MISE,Midcontinent / East,AEO2026 High Economic Growth,0.9024500701960962,Transportation
2045,trans,5-4,MISC,Midcontinent / Central,AEO2026 High Economic Growth,0.9363007735917163,Transportation
2045,trans,5-2,FRCC,Florida Reliability Coordinating Council,AEO2026 High Economic Growth,1.244224589458769,Transportation
2045,res,5-23,NWPP,Western Electricity Coordinating Council / Northwest Power Pool Area,AEO2026 High Economic Growth,1.3372289888033022,Residential
2045,res,5-20,SRSG,Western Electricity Coordinating Council / Southwest,AEO2026 High Economic Growth,1.5060970275279184,Residential
2045,res,5-24,RMRG,Western Electricity Coordinating Council / Rockies,AEO2026 High Economic Growth,1.5079773152237643,Residential
2045,res,5-22,CASO,Western Electricity Coordinating Council / California South,AEO2026 High Economic Growth,1.3081254221401513,Residential
2045,res,5-21,CANO,Western Electricity Coordinating Council / California North,AEO2026 High Economic Growth,1.3081177529023127,Residential
2045,trans,5-7,ISNE,Northeast Power Coordinating Council / New England,AEO2026 High Economic Growth,1.4874371466636453,Transportation
2045,res,5-25,BASN,Western Electricity Coordinating Council / Basin,AEO2026 High Economic Growth,1.5270793272452277,Residential
2045,res,5-17,SPPS,Southwest Power Pool / South,AEO2026 High Economic Growth,1.2730494138879636,Residential
2045,res,5-19,SPPN,Southwest Power Pool / North,AEO2026 High Economic Growth,1.1855502155320947,Residential
2045,res,5-18,SPPC,Southwest Power Pool / Central,AEO2026 High Economic Growth,1.180076985796827,Residential
2045,res,5-15,SRSE,SERC Reliability Corporation / Southeastern,AEO2026 High Economic Growth,1.1778585539798332,Residential
2045,res,5-14,SRCA,SERC Reliability Corporation / East,AEO2026 High Economic Growth,1.2405603724234893,Residential
2045,res,5-16,SRCE,SERC Reliability Corporation / Central,AEO2026 High Economic Growth,1.0378547531406663,Residential
2045,res,5-11,PJMW,PJM / West,AEO2026 High Economic Growth,1.260333048804359,Residential
2045,res,5-10,PJME,PJM / East,AEO2026 High Economic Growth,1.2941903772762553,Residential
2045,res,5-13,PJMD,PJM / Dominion,AEO2026 High Economic Growth,1.2405601243128954,Residential
2045,res,5-12,PJMC,PJM / Commonwealth Edison,AEO2026 High Economic Growth,1.297227117636215,Residential
2045,res,5-9,NYUP,Northeast Power Coordinating Council / Upstate New York,AEO2026 High Economic Growth,1.3190733054909212,Residential
2045,res,5-1,TRE,Texas Reliability Entity,AEO2026 High Economic Growth,1.263636243785117,Residential
2045,res,5-7,ISNE,Northeast Power Coordinating Council / New England,AEO2026 High Economic Growth,1.2865120257478053,Residential
2045,trans,5-9,NYUP,Northeast Power Coordinating Council / Upstate New York,AEO2026 High Economic Growth,1.265326644887317,Transportation
2045,trans,5-13,PJMD,PJM / Dominion,AEO2026 High Economic Growth,1.2442301499266468,Transportation
2045,trans,5-23,NWPP,Western Electricity Coordinating Council / Northwest Power Pool Area,AEO2026 High Economic Growth,1.6032090419793374,Transportation
2045,trans,5-20,SRSG,Western Electricity Coordinating Council / Southwest,AEO2026 High Economic Growth,1.9780295769692704,Transportation
2045,trans,5-12,PJMC,PJM / Commonwealth Edison,AEO2026 High Economic Growth,0.9024457612190763,Transportation
2045,trans,5-24,RMRG,Western Electricity Coordinating Council / Rockies,AEO2026 High Economic Growth,2.044623620088403,Transportation
2045,trans,5-21,CANO,Western Electricity Coordinating Council / California North,AEO2026 High Economic Growth,1.5824628402411172,Transportation
2045,trans,5-25,BASN,Western Electricity Coordinating Council / Basin,AEO2026 High Economic Growth,2.0435455861070912,Transportation
2045,trans,5-1,TRE,Texas Reliability Entity,AEO2026 High Economic Growth,2.309550061490183,Transportation
2045,trans,5-17,SPPS,Southwest Power Pool / South,AEO2026 High Economic Growth,2.255141295230382,Transportation
2045,trans,5-19,SPPN,Southwest Power Pool / North,AEO2026 High Economic Growth,1.6419866334687458,Transportation
2045,trans,5-18,SPPC,Southwest Power Pool / Central,AEO2026 High Economic Growth,1.6222481007042644,Transportation
2045,trans,5-15,SRSE,SERC Reliability Corporation / Southeastern,AEO2026 High Economic Growth,1.2437122995312961,Transportation
2045,trans,5-14,SRCA,SERC Reliability Corporation / East,AEO2026 High Economic Growth,1.244230379429167,Transportation
2045,trans,5-16,SRCE,SERC Reliability Corporation / Central,AEO2026 High Economic Growth,1.2039459099977832,Transportation
2045,trans,5-11,PJMW,PJM / West,AEO2026 High Economic Growth,1.0977161249837974,Transportation
2045,trans,5-10,PJME,PJM / East,AEO2026 High Economic Growth,1.2645025788413682,Transportation
2045,trans,5-22,CASO,Western Electricity Coordinating Council / California South,AEO2026 High Economic Growth,1.5824642336592754,Transportation
2045,res,5-8,NYCW,Northeast Power Coordinating Council / New York City and Long Island,AEO2026 High Economic Growth,1.3190733856694508,Residential
2045,res,5-3,MISW,Midcontinent / West,AEO2026 High Economic Growth,1.2225218282696606,Residential
2045,res,5-6,MISS,Midcontinent / South,AEO2026 High Economic Growth,1.2240356207823866,Residential
2045,com,5-20,SRSG,Western Electricity Coordinating Council / Southwest,AEO2026 High Economic Growth,1.890476747241708,Commercial
2045,com,5-24,RMRG,Western Electricity Coordinating Council / Rockies,AEO2026 High Economic Growth,1.8923074381510498,Commercial
2045,com,5-22,CASO,Western Electricity Coordinating Council / California South,AEO2026 High Economic Growth,1.5700358078363992,Commercial
2045,com,5-21,CANO,Western Electricity Coordinating Council / California North,AEO2026 High Economic Growth,1.570035631634444,Commercial
2045,com,5-25,BASN,Western Electricity Coordinating Council / Basin,AEO2026 High Economic Growth,1.930974714701161,Commercial
2045,com,5-1,TRE,Texas Reliability Entity,AEO2026 High Economic Growth,1.6511059465984228,Commercial
2045,com,5-17,SPPS,Southwest Power Pool / South,AEO2026 High Economic Growth,1.6716202786179464,Commercial
2045,com,5-19,SPPN,Southwest Power Pool / North,AEO2026 High Economic Growth,1.3238101676213878,Commercial
2045,com,5-18,SPPC,Southwest Power Pool / Central,AEO2026 High Economic Growth,1.3061098255519485,Commercial
2045,com,5-15,SRSE,SERC Reliability Corporation / Southeastern,AEO2026 High Economic Growth,1.5109276616701455,Commercial
2045,com,5-14,SRCA,SERC Reliability Corporation / East,AEO2026 High Economic Growth,1.5923958542271408,Commercial
2045,com,5-23,NWPP,Western Electricity Coordinating Council / Northwest Power Pool Area,AEO2026 High Economic Growth,1.6162546071361092,Commercial
2045,com,5-16,SRCE,SERC Reliability Corporation / Central,AEO2026 High Economic Growth,1.2852777399444268,Commercial
2045,com,5-10,PJME,PJM / East,AEO2026 High Economic Growth,1.477765760510682,Commercial
2045,com,5-13,PJMD,PJM / Dominion,AEO2026 High Economic Growth,1.5923959283975526,Commercial
2045,com,5-12,PJMC,PJM / Commonwealth Edison,AEO2026 High Economic Growth,1.3342645354228349,Commercial
2045,com,5-9,NYUP,Northeast Power Coordinating Council / Upstate New York,AEO2026 High Economic Growth,1.4087777177976761,Commercial
2045,com,5-7,ISNE,Northeast Power Coordinating Council / New England,AEO2026 High Economic Growth,1.2736891660792447,Commercial
2045,com,5-8,NYCW,Northeast Power Coordinating Council / New York City and Long Island,AEO2026 High Economic Growth,1.4087776745854494,Commercial
2045,com,5-3,MISW,Midcontinent / West,AEO2026 High Economic Growth,1.3161710919512497,Commercial
2045,com,5-6,MISS,Midcontinent / South,AEO2026 High Economic Growth,1.594620682122319,Commercial
2045,com,5-5,MISE,Midcontinent / East,AEO2026 High Economic Growth,1.3342642999775605,Commercial
2045,com,5-4,MISC,Midcontinent / Central,AEO2026 High Economic Growth,1.3236786743031859,Commercial
2045,com,5-2,FRCC,Florida Reliability Coordinating Council,AEO2026 High Economic Growth,1.5923958061111956,Commercial
2045,com,5-11,PJMW,PJM / West,AEO2026 High Economic Growth,1.38632018675685,Commercial
2045,ind,5-2,FRCC,Florida Reliability Coordinating Council,AEO2026 High Economic Growth,1.2983740611541543,Industrial
2045,ind,5-4,MISC,Midcontinent / Central,AEO2026 High Economic Growth,1.2581454590093775,Industrial
2045,ind,5-5,MISE,Midcontinent / East,AEO2026 High Economic Growth,1.2609756894203157,Industrial
2045,res,5-5,MISE,Midcontinent / East,AEO2026 High Economic Growth,1.2972263277232392,Residential
2045,res,5-4,MISC,Midcontinent / Central,AEO2026 High Economic Growth,1.2495242239115576,Residential
2045,res,5-2,FRCC,Florida Reliability Coordinating Council,AEO2026 High Economic Growth,1.2405602097420712,Residential
2045,ind,5-23,NWPP,Western Electricity Coordinating Council / Northwest Power Pool Area,AEO2026 High Economic Growth,1.3909450977202729,Industrial
2045,ind,5-20,SRSG,Western Electricity Coordinating Council / Southwest,AEO2026 High Economic Growth,1.4073696254967492,Industrial
2045,ind,5-24,RMRG,Western Electricity Coordinating Council / Rockies,AEO2026 High Economic Growth,1.4017851563420858,Industrial
2045,ind,5-22,CASO,Western Electricity Coordinating Council / California South,AEO2026 High Economic Growth,1.3864328419904257,Industrial
2045,ind,5-21,CANO,Western Electricity Coordinating Council / California North,AEO2026 High Economic Growth,1.3864329899746024,Industrial
2045,ind,5-25,BASN,Western Electricity Coordinating Council / Basin,AEO2026 High Economic Growth,1.4177078794909617,Industrial
2045,ind,5-1,TRE,Texas Reliability Entity,AEO2026 High Economic Growth,1.265063988355318,Industrial
2045,ind,5-17,SPPS,Southwest Power Pool / South,AEO2026 High Economic Growth,1.2851661710534206,Industrial
2045,ind,5-19,SPPN,Southwest Power Pool / North,AEO2026 High Economic Growth,1.2119038169210883,Industrial
2045,ind,5-18,SPPC,Southwest Power Pool / Central,AEO2026 High Economic Growth,1.209079053410837,Industrial
2045,ind,5-15,SRSE,SERC Reliability Corporation / Southeastern,AEO2026 High Economic Growth,1.3017615713693673,Industrial
2045,ind,5-14,SRCA,SERC Reliability Corporation / East,AEO2026 High Economic Growth,1.298374093176507,Industrial
2045,ind,5-16,SRCE,SERC Reliability Corporation / Central,AEO2026 High Economic Growth,1.3056782609378645,Industrial
2045,ind,5-11,PJMW,PJM / West,AEO2026 High Economic Growth,1.2413038000402608,Industrial
2045,ind,5-10,PJME,PJM / East,AEO2026 High Economic Growth,1.069724170504876,Industrial
2045,ind,5-13,PJMD,PJM / Dominion,AEO2026 High Economic Growth,1.2983740928036214,Industrial
2045,ind,5-12,PJMC,PJM / Commonwealth Edison,AEO2026 High Economic Growth,1.2609757139146789,Industrial
2045,ind,5-9,NYUP,Northeast Power Coordinating Council / Upstate New York,AEO2026 High Economic Growth,1.0462830068190092,Industrial
2045,ind,5-7,ISNE,Northeast Power Coordinating Council / New England,AEO2026 High Economic Growth,1.0359939984341904,Industrial
2045,ind,5-8,NYCW,Northeast Power Coordinating Council / New York City and Long Island,AEO2026 High Economic Growth,1.0462854383665585,Industrial
2045,ind,5-3,MISW,Midcontinent / West,AEO2026 High Economic Growth,1.2264251772290609,Industrial
2045,ind,5-6,MISS,Midcontinent / South,AEO2026 High Economic Growth,1.2673786927240362,Industrial
2046,com,5-2,FRCC,Florida Reliability Coordinating Council,AEO2026 High Economic Growth,1.6215465134624691,Commercial
2046,com,5-4,MISC,Midcontinent / Central,AEO2026 High Economic Growth,1.3354479918732622,Commercial
2046,com,5-5,MISE,Midcontinent / East,AEO2026 High Economic Growth,1.346370955267317,Commercial
2046,com,5-6,MISS,Midcontinent / South,AEO2026 High Economic Growth,1.6181280771174258,Commercial
2046,res,5-8,NYCW,Northeast Power Coordinating Council / New York City and Long Island,AEO2026 High Economic Growth,1.327451340484167,Residential
2046,res,5-3,MISW,Midcontinent / West,AEO2026 High Economic Growth,1.2339383428074715,Residential
2046,res,5-6,MISS,Midcontinent / South,AEO2026 High Economic Growth,1.2348721089777395,Residential
2046,res,5-5,MISE,Midcontinent / East,AEO2026 High Economic Growth,1.309037570989775,Residential
2046,res,5-4,MISC,Midcontinent / Central,AEO2026 High Economic Growth,1.2609706817825823,Residential
2046,res,5-2,FRCC,Florida Reliability Coordinating Council,AEO2026 High Economic Growth,1.250885746424507,Residential
2046,ind,5-23,NWPP,Western Electricity Coordinating Council / Northwest Power Pool Area,AEO2026 High Economic Growth,1.418398637841223,Industrial
2046,ind,5-20,SRSG,Western Electricity Coordinating Council / Southwest,AEO2026 High Economic Growth,1.4347662244278019,Industrial
2046,ind,5-24,RMRG,Western Electricity Coordinating Council / Rockies,AEO2026 High Economic Growth,1.4286122219349275,Industrial
2046,ind,5-22,CASO,Western Electricity Coordinating Council / California South,AEO2026 High Economic Growth,1.4137701953776685,Industrial
2046,res,5-7,ISNE,Northeast Power Coordinating Council / New England,AEO2026 High Economic Growth,1.2949744924780329,Residential
2046,ind,5-21,CANO,Western Electricity Coordinating Council / California North,AEO2026 High Economic Growth,1.413770189554082,Industrial
2046,ind,5-1,TRE,Texas Reliability Entity,AEO2026 High Economic Growth,1.2801846184575616,Industrial
2046,ind,5-17,SPPS,Southwest Power Pool / South,AEO2026 High Economic Growth,1.3019999159548432,Industrial
2046,ind,5-19,SPPN,Southwest Power Pool / North,AEO2026 High Economic Growth,1.2232131475378982,Industrial
2046,ind,5-18,SPPC,Southwest Power Pool / Central,AEO2026 High Economic Growth,1.220157422259213,Industrial
2046,ind,5-15,SRSE,SERC Reliability Corporation / Southeastern,AEO2026 High Economic Growth,1.3181961776915816,Industrial
2046,ind,5-14,SRCA,SERC Reliability Corporation / East,AEO2026 High Economic Growth,1.3148646211957764,Industrial
2046,ind,5-16,SRCE,SERC Reliability Corporation / Central,AEO2026 High Economic Growth,1.3220483346429568,Industrial
2046,ind,5-11,PJMW,PJM / West,AEO2026 High Economic Growth,1.25298094090917,Industrial
2046,ind,5-10,PJME,PJM / East,AEO2026 High Economic Growth,1.0728190557455188,Industrial
2046,ind,5-13,PJMD,PJM / Dominion,AEO2026 High Economic Growth,1.314864741309123,Industrial
2046,ind,5-12,PJMC,PJM / Commonwealth Edison,AEO2026 High Economic Growth,1.2728233860228924,Industrial
2046,ind,5-25,BASN,Western Electricity Coordinating Council / Basin,AEO2026 High Economic Growth,1.4458524220528461,Industrial
2046,ind,5-9,NYUP,Northeast Power Coordinating Council / Upstate New York,AEO2026 High Economic Growth,1.0480044652367408,Industrial
2046,res,5-9,NYUP,Northeast Power Coordinating Council / Upstate New York,AEO2026 High Economic Growth,1.32745134964582,Residential
2046,res,5-13,PJMD,PJM / Dominion,AEO2026 High Economic Growth,1.2508856225298277,Residential
2046,trans,5-12,PJMC,PJM / Commonwealth Edison,AEO2026 High Economic Growth,0.898844608433264,Transportation
2046,trans,5-9,NYUP,Northeast Power Coordinating Council / Upstate New York,AEO2026 High Economic Growth,1.269220751115425,Transportation
2046,trans,5-7,ISNE,Northeast Power Coordinating Council / New England,AEO2026 High Economic Growth,1.4942587115603256,Transportation
2046,trans,5-8,NYCW,Northeast Power Coordinating Council / New York City and Long Island,AEO2026 High Economic Growth,1.2692207293666027,Transportation
2046,trans,5-3,MISW,Midcontinent / West,AEO2026 High Economic Growth,1.0290457071473003,Transportation
2046,trans,5-6,MISS,Midcontinent / South,AEO2026 High Economic Growth,2.360717191677322,Transportation
2046,trans,5-5,MISE,Midcontinent / East,AEO2026 High Economic Growth,0.8988471737894319,Transportation
2046,trans,5-4,MISC,Midcontinent / Central,AEO2026 High Economic Growth,0.9337598822272081,Transportation
2046,trans,5-2,FRCC,Florida Reliability Coordinating Council,AEO2026 High Economic Growth,1.240277320917993,Transportation
2046,res,5-23,NWPP,Western Electricity Coordinating Council / Northwest Power Pool Area,AEO2026 High Economic Growth,1.3447969331069782,Residential
2046,res,5-20,SRSG,Western Electricity Coordinating Council / Southwest,AEO2026 High Economic Growth,1.5268931698870214,Residential
2046,res,5-12,PJMC,PJM / Commonwealth Edison,AEO2026 High Economic Growth,1.3090384182207042,Residential
2046,res,5-24,RMRG,Western Electricity Coordinating Council / Rockies,AEO2026 High Economic Growth,1.5293135143498084,Residential
2046,res,5-21,CANO,Western Electricity Coordinating Council / California North,AEO2026 High Economic Growth,1.313496524377857,Residential
2046,res,5-25,BASN,Western Electricity Coordinating Council / Basin,AEO2026 High Economic Growth,1.5489228781209283,Residential
2046,res,5-1,TRE,Texas Reliability Entity,AEO2026 High Economic Growth,1.2756517495241642,Residential
2046,res,5-17,SPPS,Southwest Power Pool / South,AEO2026 High Economic Growth,1.2854184939755915,Residential
2046,res,5-19,SPPN,Southwest Power Pool / North,AEO2026 High Economic Growth,1.1969140824032936,Residential
2046,res,5-18,SPPC,Southwest Power Pool / Central,AEO2026 High Economic Growth,1.1912695704318486,Residential
2046,res,5-15,SRSE,SERC Reliability Corporation / Southeastern,AEO2026 High Economic Growth,1.1866228647431103,Residential
2046,res,5-14,SRCA,SERC Reliability Corporation / East,AEO2026 High Economic Growth,1.2508858570295776,Residential
2046,res,5-16,SRCE,SERC Reliability Corporation / Central,AEO2026 High Economic Growth,1.0431331682838547,Residential
2046,res,5-11,PJMW,PJM / West,AEO2026 High Economic Growth,1.270694633585595,Residential
2046,res,5-10,PJME,PJM / East,AEO2026 High Economic Growth,1.303185552753119,Residential
2046,res,5-22,CASO,Western Electricity Coordinating Council / California South,AEO2026 High Economic Growth,1.3135049517623154,Residential
2046,ind,5-7,ISNE,Northeast Power Coordinating Council / New England,AEO2026 High Economic Growth,1.0376742571258353,Industrial
2046,ind,5-8,NYCW,Northeast Power Coordinating Council / New York City and Long Island,AEO2026 High Economic Growth,1.048005621852797,Industrial
2046,ind,5-3,MISW,Midcontinent / West,AEO2026 High Economic Growth,1.2377606680872681,Industrial
2046,ind,5-6,MISS,Midcontinent / South,AEO2026 High Economic Growth,1.2825704501342716,Industrial
2046,ind,5-5,MISE,Midcontinent / East,AEO2026 High Economic Growth,1.2728235342127225,Industrial
2046,ind,5-4,MISC,Midcontinent / Central,AEO2026 High Economic Growth,1.2703441729761427,Industrial
2046,ind,5-2,FRCC,Florida Reliability Coordinating Council,AEO2026 High Economic Growth,1.3148647320707936,Industrial
2046,com,5-23,NWPP,Western Electricity Coordinating Council / Northwest Power Pool Area,AEO2026 High Economic Growth,1.6386271549278555,Commercial
2046,com,5-20,SRSG,Western Electricity Coordinating Council / Southwest,AEO2026 High Economic Growth,1.9361033117055948,Commercial
2046,com,5-24,RMRG,Western Electricity Coordinating Council / Rockies,AEO2026 High Economic Growth,1.9390505772873818,Commercial
2046,com,5-22,CASO,Western Electricity Coordinating Council / California South,AEO2026 High Economic Growth,1.5884938227599712,Commercial
2046,com,5-21,CANO,Western Electricity Coordinating Council / California North,AEO2026 High Economic Growth,1.5884937311231355,Commercial
2046,com,5-25,BASN,Western Electricity Coordinating Council / Basin,AEO2026 High Economic Growth,1.980004141932845,Commercial
2046,com,5-1,TRE,Texas Reliability Entity,AEO2026 High Economic Growth,1.6768060108125264,Commercial
2046,com,5-17,SPPS,Southwest Power Pool / South,AEO2026 High Economic Growth,1.699030189949671,Commercial
2046,com,5-19,SPPN,Southwest Power Pool / North,AEO2026 High Economic Growth,1.3360660581434705,Commercial
2046,com,5-18,SPPC,Southwest Power Pool / Central,AEO2026 High Economic Growth,1.3172835434553596,Commercial
2046,com,5-15,SRSE,SERC Reliability Corporation / Southeastern,AEO2026 High Economic Growth,1.5354142150208117,Commercial
2046,com,5-14,SRCA,SERC Reliability Corporation / East,AEO2026 High Economic Growth,1.6215464872264926,Commercial
2046,com,5-16,SRCE,SERC Reliability Corporation / Central,AEO2026 High Economic Growth,1.29684645886084,Commercial
2046,com,5-11,PJMW,PJM / West,AEO2026 High Economic Growth,1.4015465995296972,Commercial
2046,com,5-10,PJME,PJM / East,AEO2026 High Economic Growth,1.4967175133020074,Commercial
2046,com,5-13,PJMD,PJM / Dominion,AEO2026 High Economic Growth,1.6215464383030584,Commercial
2046,com,5-12,PJMC,PJM / Commonwealth Edison,AEO2026 High Economic Growth,1.3463710261959296,Commercial
2046,com,5-9,NYUP,Northeast Power Coordinating Council / Upstate New York,AEO2026 High Economic Growth,1.4215917163453906,Commercial
2046,com,5-7,ISNE,Northeast Power Coordinating Council / New England,AEO2026 High Economic Growth,1.2849725637232183,Commercial
2046,com,5-8,NYCW,Northeast Power Coordinating Council / New York City and Long Island,AEO2026 High Economic Growth,1.4215916906362034,Commercial
2046,com,5-3,MISW,Midcontinent / West,AEO2026 High Economic Growth,1.3276742925201739,Commercial
2046,trans,5-13,PJMD,PJM / Dominion,AEO2026 High Economic Growth,1.2402762371632017,Transportation
2046,trans,5-10,PJME,PJM / East,AEO2026 High Economic Growth,1.26809111816297,Transportation
2046,trans,5-16,SRCE,SERC Reliability Corporation / Central,AEO2026 High Economic Growth,1.205719352693416,Transportation
2046,trans,5-20,SRSG,Western Electricity Coordinating Council / Southwest,AEO2026 High Economic Growth,2.0152737507430634,Transportation
2046,trans,5-24,RMRG,Western Electricity Coordinating Council / Rockies,AEO2026 High Economic Growth,2.0843162079918263,Transportation
2046,trans,5-22,CASO,Western Electricity Coordinating Council / California South,AEO2026 High Economic Growth,1.6033686161857728,Transportation
2046,trans,5-21,CANO,Western Electricity Coordinating Council / California North,AEO2026 High Economic Growth,1.603371314704573,Transportation
2046,trans,5-25,BASN,Western Electricity Coordinating Council / Basin,AEO2026 High Economic Growth,2.08328509406657,Transportation
2046,trans,5-1,TRE,Texas Reliability Entity,AEO2026 High Economic Growth,2.3702663161019464,Transportation
2046,trans,5-17,SPPS,Southwest Power Pool / South,AEO2026 High Economic Growth,2.311456917247563,Transportation
2046,trans,5-19,SPPN,Southwest Power Pool / North,AEO2026 High Economic Growth,1.6619709081378586,Transportation
2046,trans,5-18,SPPC,Southwest Power Pool / Central,AEO2026 High Economic Growth,1.641268785005268,Transportation
2046,trans,5-15,SRSE,SERC Reliability Corporation / Southeastern,AEO2026 High Economic Growth,1.2398350272095306,Transportation
2046,trans,5-14,SRCA,SERC Reliability Corporation / East,AEO2026 High Economic Growth,1.2402777911836531,Transportation
2046,trans,5-23,NWPP,Western Electricity Coordinating Council / Northwest Power Pool Area,AEO2026 High Economic Growth,1.6249592818057659,Transportation
2046,trans,5-11,PJMW,PJM / West,AEO2026 High Economic Growth,1.0976252690848873,Transportation
2047,com,5-8,NYCW,Northeast Power Coordinating Council / New York City and Long Island,AEO2026 High Economic Growth,1.4314752146579979,Commercial
2047,com,5-3,MISW,Midcontinent / West,AEO2026 High Economic Growth,1.3377057033574395,Commercial
2047,trans,5-2,FRCC,Florida Reliability Coordinating Council,AEO2026 High Economic Growth,1.2439631250896148,Transportation
2047,res,5-23,NWPP,Western Electricity Coordinating Council / Northwest Power Pool Area,AEO2026 High Economic Growth,1.3518123142433829,Residential
2047,res,5-20,SRSG,Western Electricity Coordinating Council / Southwest,AEO2026 High Economic Growth,1.546862327794736,Residential
2047,res,5-24,RMRG,Western Electricity Coordinating Council / Rockies,AEO2026 High Economic Growth,1.5498559692534055,Residential
2047,res,5-22,CASO,Western Electricity Coordinating Council / California South,AEO2026 High Economic Growth,1.31837339595539,Residential
2047,res,5-21,CANO,Western Electricity Coordinating Council / California North,AEO2026 High Economic Growth,1.3183643894976529,Residential
2047,res,5-25,BASN,Western Electricity Coordinating Council / Basin,AEO2026 High Economic Growth,1.569942861125669,Residential
2047,res,5-1,TRE,Texas Reliability Entity,AEO2026 High Economic Growth,1.2865948730862844,Residential
2047,res,5-17,SPPS,Southwest Power Pool / South,AEO2026 High Economic Growth,1.2967240963918947,Residential
2047,trans,5-4,MISC,Midcontinent / Central,AEO2026 High Economic Growth,0.9350444832931084,Transportation
2047,res,5-19,SPPN,Southwest Power Pool / North,AEO2026 High Economic Growth,1.2079813236617014,Residential
2047,res,5-15,SRSE,SERC Reliability Corporation / Southeastern,AEO2026 High Economic Growth,1.195138714512614,Residential
2047,res,5-14,SRCA,SERC Reliability Corporation / East,AEO2026 High Economic Growth,1.2606188359120596,Residential
2047,res,5-16,SRCE,SERC Reliability Corporation / Central,AEO2026 High Economic Growth,1.0489312363308672,Residential
2047,res,5-11,PJMW,PJM / West,AEO2026 High Economic Growth,1.2811620453013328,Residential
2047,res,5-10,PJME,PJM / East,AEO2026 High Economic Growth,1.311959598416902,Residential
2047,res,5-13,PJMD,PJM / Dominion,AEO2026 High Economic Growth,1.2606187023078053,Residential
2047,res,5-12,PJMC,PJM / Commonwealth Edison,AEO2026 High Economic Growth,1.3211797045584295,Residential
2047,res,5-9,NYUP,Northeast Power Coordinating Council / Upstate New York,AEO2026 High Economic Growth,1.3357803557141192,Residential
2047,res,5-7,ISNE,Northeast Power Coordinating Council / New England,AEO2026 High Economic Growth,1.3027794631040104,Residential
2047,res,5-18,SPPC,Southwest Power Pool / Central,AEO2026 High Economic Growth,1.2021735080148757,Residential
2047,trans,5-5,MISE,Midcontinent / East,AEO2026 High Economic Growth,0.8989729732449718,Transportation
2047,trans,5-6,MISS,Midcontinent / South,AEO2026 High Economic Growth,2.4168603975357437,Transportation
2047,trans,5-3,MISW,Midcontinent / West,AEO2026 High Economic Growth,1.0335028094653018,Transportation
2047,com,5-6,MISS,Midcontinent / South,AEO2026 High Economic Growth,1.6407099993772654,Commercial
2047,trans,5-23,NWPP,Western Electricity Coordinating Council / Northwest Power Pool Area,AEO2026 High Economic Growth,1.6530481117217595,Transportation
2047,trans,5-20,SRSG,Western Electricity Coordinating Council / Southwest,AEO2026 High Economic Growth,2.059639204648849,Transportation
2047,trans,5-24,RMRG,Western Electricity Coordinating Council / Rockies,AEO2026 High Economic Growth,2.1315164034561653,Transportation
2047,trans,5-22,CASO,Western Electricity Coordinating Council / California South,AEO2026 High Economic Growth,1.6305524502242916,Transportation
2047,trans,5-21,CANO,Western Electricity Coordinating Council / California North,AEO2026 High Economic Growth,1.6305531635195794,Transportation
2047,trans,5-25,BASN,Western Electricity Coordinating Council / Basin,AEO2026 High Economic Growth,2.1305499276410997,Transportation
2047,trans,5-1,TRE,Texas Reliability Entity,AEO2026 High Economic Growth,2.426794877231669,Transportation
2047,trans,5-17,SPPS,Southwest Power Pool / South,AEO2026 High Economic Growth,2.366094929569317,Transportation
2047,trans,5-19,SPPN,Southwest Power Pool / North,AEO2026 High Economic Growth,1.6878521818896608,Transportation
2047,trans,5-18,SPPC,Southwest Power Pool / Central,AEO2026 High Economic Growth,1.6660566738756724,Transportation
2047,trans,5-15,SRSE,SERC Reliability Corporation / Southeastern,AEO2026 High Economic Growth,1.2435476012379822,Transportation
2047,trans,5-14,SRCA,SERC Reliability Corporation / East,AEO2026 High Economic Growth,1.243969769215177,Transportation
2047,trans,5-16,SRCE,SERC Reliability Corporation / Central,AEO2026 High Economic Growth,1.211261361117269,Transportation
2047,trans,5-11,PJMW,PJM / West,AEO2026 High Economic Growth,1.1007773630710747,Transportation
2047,trans,5-10,PJME,PJM / East,AEO2026 High Economic Growth,1.2740107251761241,Transportation
2047,trans,5-13,PJMD,PJM / Dominion,AEO2026 High Economic Growth,1.2439707303109457,Transportation
2047,trans,5-12,PJMC,PJM / Commonwealth Edison,AEO2026 High Economic Growth,0.8989696846515847,Transportation
2047,trans,5-9,NYUP,Northeast Power Coordinating Council / Upstate New York,AEO2026 High Economic Growth,1.2752310222255627,Transportation
2047,trans,5-7,ISNE,Northeast Power Coordinating Council / New England,AEO2026 High Economic Growth,1.5052138478548798,Transportation
2047,trans,5-8,NYCW,Northeast Power Coordinating Council / New York City and Long Island,AEO2026 High Economic Growth,1.2752307101727447,Transportation
2047,res,5-8,NYCW,Northeast Power Coordinating Council / New York City and Long Island,AEO2026 High Economic Growth,1.335780249522119,Residential
2047,res,5-3,MISW,Midcontinent / West,AEO2026 High Economic Growth,1.2452909455764891,Residential
2047,res,5-6,MISS,Midcontinent / South,AEO2026 High Economic Growth,1.2449145273804276,Residential
2047,res,5-5,MISE,Midcontinent / East,AEO2026 High Economic Growth,1.3211787159121005,Residential
2047,ind,5-4,MISC,Midcontinent / Central,AEO2026 High Economic Growth,1.2823633681528288,Industrial
2047,ind,5-2,FRCC,Florida Reliability Coordinating Council,AEO2026 High Economic Growth,1.332331190627952,Industrial
2047,com,5-23,NWPP,Western Electricity Coordinating Council / Northwest Power Pool Area,AEO2026 High Economic Growth,1.6587890347895158,Commercial
2047,com,5-20,SRSG,Western Electricity Coordinating Council / Southwest,AEO2026 High Economic Growth,1.9794872212488435,Commercial
2047,com,5-24,RMRG,Western Electricity Coordinating Council / Rockies,AEO2026 High Economic Growth,1.9835087821929893,Commercial
2047,com,5-22,CASO,Western Electricity Coordinating Council / California South,AEO2026 High Economic Growth,1.6047598669204504,Commercial
2047,com,5-21,CANO,Western Electricity Coordinating Council / California North,AEO2026 High Economic Growth,1.6047596734457492,Commercial
2047,com,5-25,BASN,Western Electricity Coordinating Council / Basin,AEO2026 High Economic Growth,2.0266930903013205,Commercial
2047,com,5-1,TRE,Texas Reliability Entity,AEO2026 High Economic Growth,1.7014046070470774,Commercial
2047,com,5-17,SPPS,Southwest Power Pool / South,AEO2026 High Economic Growth,1.7252492221756717,Commercial
2047,com,5-19,SPPN,Southwest Power Pool / North,AEO2026 High Economic Growth,1.3468238546295281,Commercial
2047,com,5-18,SPPC,Southwest Power Pool / Central,AEO2026 High Economic Growth,1.3269847026846053,Commercial
2047,com,5-15,SRSE,SERC Reliability Corporation / Southeastern,AEO2026 High Economic Growth,1.5586426310037977,Commercial
2047,com,5-14,SRCA,SERC Reliability Corporation / East,AEO2026 High Economic Growth,1.6489751650217472,Commercial
2047,com,5-16,SRCE,SERC Reliability Corporation / Central,AEO2026 High Economic Growth,1.3084407769440851,Commercial
2047,com,5-11,PJMW,PJM / West,AEO2026 High Economic Growth,1.415181893299405,Commercial
2047,com,5-10,PJME,PJM / East,AEO2026 High Economic Growth,1.5131930003798546,Commercial
2047,com,5-13,PJMD,PJM / Dominion,AEO2026 High Economic Growth,1.6489752001444429,Commercial
2047,com,5-12,PJMC,PJM / Commonwealth Edison,AEO2026 High Economic Growth,1.357007432545364,Commercial
2047,com,5-9,NYUP,Northeast Power Coordinating Council / Upstate New York,AEO2026 High Economic Growth,1.431475258503461,Commercial
2047,com,5-7,ISNE,Northeast Power Coordinating Council / New England,AEO2026 High Economic Growth,1.293675894000462,Commercial
2047,ind,5-5,MISE,Midcontinent / East,AEO2026 High Economic Growth,1.2842475200355317,Industrial
2047,ind,5-6,MISS,Midcontinent / South,AEO2026 High Economic Growth,1.300729657422226,Industrial
2047,ind,5-8,NYCW,Northeast Power Coordinating Council / New York City and Long Island,AEO2026 High Economic Growth,1.0521012968200318,Industrial
2047,res,5-4,MISC,Midcontinent / Central,AEO2026 High Economic Growth,1.2725300794825936,Residential
2047,res,5-2,FRCC,Florida Reliability Coordinating Council,AEO2026 High Economic Growth,1.260618758521176,Residential
2047,ind,5-23,NWPP,Western Electricity Coordinating Council / Northwest Power Pool Area,AEO2026 High Economic Growth,1.4456450137251817,Industrial
2047,ind,5-20,SRSG,Western Electricity Coordinating Council / Southwest,AEO2026 High Economic Growth,1.4617683746356787,Industrial
2047,ind,5-24,RMRG,Western Electricity Coordinating Council / Rockies,AEO2026 High Economic Growth,1.4548914737500285,Industrial
2047,ind,5-22,CASO,Western Electricity Coordinating Council / California South,AEO2026 High Economic Growth,1.4409708861795583,Industrial
2047,ind,5-21,CANO,Western Electricity Coordinating Council / California North,AEO2026 High Economic Growth,1.4409709617136097,Industrial
2047,ind,5-25,BASN,Western Electricity Coordinating Council / Basin,AEO2026 High Economic Growth,1.4733691857871003,Industrial
2047,ind,5-1,TRE,Texas Reliability Entity,AEO2026 High Economic Growth,1.2984062170724544,Industrial
2047,ind,5-17,SPPS,Southwest Power Pool / South,AEO2026 High Economic Growth,1.3214436599169603,Industrial
2047,ind,5-19,SPPN,Southwest Power Pool / North,AEO2026 High Economic Growth,1.2349622331548025,Industrial
2047,ind,5-18,SPPC,Southwest Power Pool / Central,AEO2026 High Economic Growth,1.2316901707119874,Industrial
2047,ind,5-15,SRSE,SERC Reliability Corporation / Southeastern,AEO2026 High Economic Growth,1.3355067088585266,Industrial
2047,ind,5-14,SRCA,SERC Reliability Corporation / East,AEO2026 High Economic Growth,1.3323311060908354,Industrial
2047,ind,5-16,SRCE,SERC Reliability Corporation / Central,AEO2026 High Economic Growth,1.3391785911001868,Industrial
2047,ind,5-11,PJMW,PJM / West,AEO2026 High Economic Growth,1.2650006076648357,Industrial
2047,ind,5-10,PJME,PJM / East,AEO2026 High Economic Growth,1.0781584231136128,Industrial
2047,ind,5-13,PJMD,PJM / Dominion,AEO2026 High Economic Growth,1.3323312315099192,Industrial
2047,ind,5-12,PJMC,PJM / Commonwealth Edison,AEO2026 High Economic Growth,1.284247502630098,Industrial
2047,ind,5-9,NYUP,Northeast Power Coordinating Council / Upstate New York,AEO2026 High Economic Growth,1.0521006448646761,Industrial
2047,ind,5-7,ISNE,Northeast Power Coordinating Council / New England,AEO2026 High Economic Growth,1.042001247044283,Industrial
2047,ind,5-3,MISW,Midcontinent / West,AEO2026 High Economic Growth,1.2492570340528988,Industrial
2047,com,5-5,MISE,Midcontinent / East,AEO2026 High Economic Growth,1.357007384499077,Commercial
2047,com,5-2,FRCC,Florida Reliability Coordinating Council,AEO2026 High Economic Growth,1.6489751505015648,Commercial
2047,com,5-4,MISC,Midcontinent / Central,AEO2026 High Economic Growth,1.3457700383732363,Commercial
2048,com,5-2,FRCC,Florida Reliability Coordinating Council,AEO2026 High Economic Growth,1.674860544853597,Commercial
2048,com,5-4,MISC,Midcontinent / Central,AEO2026 High Economic Growth,1.355036553072083,Commercial
2048,com,5-5,MISE,Midcontinent / East,AEO2026 High Economic Growth,1.3664907937948105,Commercial
2048,com,5-6,MISS,Midcontinent / South,AEO2026 High Economic Growth,1.6630060810793152,Commercial
2048,com,5-3,MISW,Midcontinent / West,AEO2026 High Economic Growth,1.346749450245093,Commercial
2048,com,5-8,NYCW,Northeast Power Coordinating Council / New York City and Long Island,AEO2026 High Economic Growth,1.4395706858944592,Commercial
2048,com,5-7,ISNE,Northeast Power Coordinating Council / New England,AEO2026 High Economic Growth,1.3017004597410229,Commercial
2048,com,5-12,PJMC,PJM / Commonwealth Edison,AEO2026 High Economic Growth,1.3664907393538328,Commercial
2048,com,5-13,PJMD,PJM / Dominion,AEO2026 High Economic Growth,1.6748605426488434,Commercial
2048,com,5-10,PJME,PJM / East,AEO2026 High Economic Growth,1.5279723809576082,Commercial
2048,com,5-11,PJMW,PJM / West,AEO2026 High Economic Growth,1.4275537209239793,Commercial
2048,com,5-16,SRCE,SERC Reliability Corporation / Central,AEO2026 High Economic Growth,1.319412165526416,Commercial
2048,com,5-14,SRCA,SERC Reliability Corporation / East,AEO2026 High Economic Growth,1.6748605931001526,Commercial
2048,com,5-9,NYUP,Northeast Power Coordinating Council / Upstate New York,AEO2026 High Economic Growth,1.439570800128261,Commercial
2048,com,5-15,SRSE,SERC Reliability Corporation / Southeastern,AEO2026 High Economic Growth,1.5805719052601168,Commercial
2048,com,5-18,SPPC,Southwest Power Pool / Central,AEO2026 High Economic Growth,1.335795928626857,Commercial
2048,com,5-19,SPPN,Southwest Power Pool / North,AEO2026 High Economic Growth,1.3566696149145199,Commercial
2048,com,5-17,SPPS,Southwest Power Pool / South,AEO2026 High Economic Growth,1.7511394683631192,Commercial
2048,ind,5-16,SRCE,SERC Reliability Corporation / Central,AEO2026 High Economic Growth,1.358389439909222,Industrial
2048,ind,5-14,SRCA,SERC Reliability Corporation / East,AEO2026 High Economic Growth,1.3518326450114677,Industrial
2048,ind,5-15,SRSE,SERC Reliability Corporation / Southeastern,AEO2026 High Economic Growth,1.354873645142973,Industrial
2048,ind,5-18,SPPC,Southwest Power Pool / Central,AEO2026 High Economic Growth,1.244620619290148,Industrial
2048,ind,5-19,SPPN,Southwest Power Pool / North,AEO2026 High Economic Growth,1.2481106818674714,Industrial
2048,ind,5-17,SPPS,Southwest Power Pool / South,AEO2026 High Economic Growth,1.342195161021856,Industrial
2048,ind,5-1,TRE,Texas Reliability Entity,AEO2026 High Economic Growth,1.3178986273598512,Industrial
2048,ind,5-25,BASN,Western Electricity Coordinating Council / Basin,AEO2026 High Economic Growth,1.5024357938807613,Industrial
2048,ind,5-21,CANO,Western Electricity Coordinating Council / California North,AEO2026 High Economic Growth,1.4695128123591916,Industrial
2048,ind,5-22,CASO,Western Electricity Coordinating Council / California South,AEO2026 High Economic Growth,1.4695127022560466,Industrial
2048,ind,5-24,RMRG,Western Electricity Coordinating Council / Rockies,AEO2026 High Economic Growth,1.4827103760195266,Industrial
2048,ind,5-20,SRSG,Western Electricity Coordinating Council / Southwest,AEO2026 High Economic Growth,1.4902901909398534,Industrial
2048,ind,5-23,NWPP,Western Electricity Coordinating Council / Northwest Power Pool Area,AEO2026 High Economic Growth,1.4742626902357556,Industrial
2048,res,5-2,FRCC,Florida Reliability Coordinating Council,AEO2026 High Economic Growth,1.2698710112146068,Residential
2048,res,5-4,MISC,Midcontinent / Central,AEO2026 High Economic Growth,1.2841848688116284,Residential
2048,ind,5-11,PJMW,PJM / West,AEO2026 High Economic Growth,1.2789456100086858,Industrial
2048,ind,5-10,PJME,PJM / East,AEO2026 High Economic Growth,1.084775472527375,Industrial
2048,ind,5-12,PJMC,PJM / Commonwealth Edison,AEO2026 High Economic Growth,1.2977155890510763,Industrial
2048,com,5-1,TRE,Texas Reliability Entity,AEO2026 High Economic Growth,1.7257766574436737,Commercial
2048,com,5-25,BASN,Western Electricity Coordinating Council / Basin,AEO2026 High Economic Growth,2.071757211743723,Commercial
2048,com,5-21,CANO,Western Electricity Coordinating Council / California North,AEO2026 High Economic Growth,1.6197888637538753,Commercial
2048,com,5-22,CASO,Western Electricity Coordinating Council / California South,AEO2026 High Economic Growth,1.6197893391579927,Commercial
2048,com,5-24,RMRG,Western Electricity Coordinating Council / Rockies,AEO2026 High Economic Growth,2.026387807905615,Commercial
2048,com,5-20,SRSG,Western Electricity Coordinating Council / Southwest,AEO2026 High Economic Growth,2.021369557699445,Commercial
2048,com,5-23,NWPP,Western Electricity Coordinating Council / Northwest Power Pool Area,AEO2026 High Economic Growth,1.6776644296699903,Commercial
2048,ind,5-2,FRCC,Florida Reliability Coordinating Council,AEO2026 High Economic Growth,1.3518327397449332,Industrial
2048,ind,5-4,MISC,Midcontinent / Central,AEO2026 High Economic Growth,1.2963389739903284,Industrial
2048,ind,5-5,MISE,Midcontinent / East,AEO2026 High Economic Growth,1.2977154717262853,Industrial
2048,ind,5-6,MISS,Midcontinent / South,AEO2026 High Economic Growth,1.320206081414179,Industrial
2048,ind,5-3,MISW,Midcontinent / West,AEO2026 High Economic Growth,1.262367352154703,Industrial
2048,ind,5-8,NYCW,Northeast Power Coordinating Council / New York City and Long Island,AEO2026 High Economic Growth,1.0573954956197835,Industrial
2048,ind,5-7,ISNE,Northeast Power Coordinating Council / New England,AEO2026 High Economic Growth,1.0475726380827977,Industrial
2048,ind,5-9,NYUP,Northeast Power Coordinating Council / Upstate New York,AEO2026 High Economic Growth,1.0573967418665862,Industrial
2048,ind,5-13,PJMD,PJM / Dominion,AEO2026 High Economic Growth,1.3518327036516065,Industrial
2048,res,5-5,MISE,Midcontinent / East,AEO2026 High Economic Growth,1.3333394534624103,Residential
2048,res,5-6,MISS,Midcontinent / South,AEO2026 High Economic Growth,1.2555724675271718,Residential
2048,res,5-3,MISW,Midcontinent / West,AEO2026 High Economic Growth,1.2568164376821518,Residential
2048,res,5-8,NYCW,Northeast Power Coordinating Council / New York City and Long Island,AEO2026 High Economic Growth,1.3439667833508433,Residential
2048,trans,5-2,FRCC,Florida Reliability Coordinating Council,AEO2026 High Economic Growth,1.2441360289466359,Transportation
2048,trans,5-4,MISC,Midcontinent / Central,AEO2026 High Economic Growth,0.9373624273651877,Transportation
2048,trans,5-5,MISE,Midcontinent / East,AEO2026 High Economic Growth,0.9003014154954737,Transportation
2048,trans,5-6,MISS,Midcontinent / South,AEO2026 High Economic Growth,2.4780599790770665,Transportation
2048,trans,5-3,MISW,Midcontinent / West,AEO2026 High Economic Growth,1.0385151217606325,Transportation
2048,trans,5-8,NYCW,Northeast Power Coordinating Council / New York City and Long Island,AEO2026 High Economic Growth,1.2806602687140116,Transportation
2048,trans,5-7,ISNE,Northeast Power Coordinating Council / New England,AEO2026 High Economic Growth,1.5151414517509074,Transportation
2048,trans,5-9,NYUP,Northeast Power Coordinating Council / Upstate New York,AEO2026 High Economic Growth,1.2806607410594302,Transportation
2048,trans,5-12,PJMC,PJM / Commonwealth Edison,AEO2026 High Economic Growth,0.900303830980337,Transportation
2048,trans,5-13,PJMD,PJM / Dominion,AEO2026 High Economic Growth,1.24414069488675,Transportation
2048,trans,5-10,PJME,PJM / East,AEO2026 High Economic Growth,1.279234732531147,Transportation
2048,trans,5-11,PJMW,PJM / West,AEO2026 High Economic Growth,1.1039609537688844,Transportation
2048,trans,5-16,SRCE,SERC Reliability Corporation / Central,AEO2026 High Economic Growth,1.2148082465085346,Transportation
2048,trans,5-14,SRCA,SERC Reliability Corporation / East,AEO2026 High Economic Growth,1.2441386832427632,Transportation
2048,trans,5-15,SRSE,SERC Reliability Corporation / Southeastern,AEO2026 High Economic Growth,1.2437603365335126,Transportation
2048,res,5-23,NWPP,Western Electricity Coordinating Council / Northwest Power Pool Area,AEO2026 High Economic Growth,1.3593260239187765,Residential
2048,trans,5-18,SPPC,Southwest Power Pool / Central,AEO2026 High Economic Growth,1.6884045915820993,Transportation
2048,res,5-20,SRSG,Western Electricity Coordinating Council / Southwest,AEO2026 High Economic Growth,1.5666211776110863,Residential
2048,res,5-22,CASO,Western Electricity Coordinating Council / California South,AEO2026 High Economic Growth,1.323862746955546,Residential
2048,res,5-7,ISNE,Northeast Power Coordinating Council / New England,AEO2026 High Economic Growth,1.3103618990359458,Residential
2048,res,5-9,NYUP,Northeast Power Coordinating Council / Upstate New York,AEO2026 High Economic Growth,1.3439666194174136,Residential
2048,res,5-12,PJMC,PJM / Commonwealth Edison,AEO2026 High Economic Growth,1.3333405168834247,Residential
2048,res,5-13,PJMD,PJM / Dominion,AEO2026 High Economic Growth,1.2698710604433514,Residential
2048,res,5-10,PJME,PJM / East,AEO2026 High Economic Growth,1.3204838630547489,Residential
2048,res,5-11,PJMW,PJM / West,AEO2026 High Economic Growth,1.2914696103946957,Residential
2048,res,5-16,SRCE,SERC Reliability Corporation / Central,AEO2026 High Economic Growth,1.0542567785979042,Residential
2048,res,5-14,SRCA,SERC Reliability Corporation / East,AEO2026 High Economic Growth,1.2698712101789809,Residential
2048,res,5-15,SRSE,SERC Reliability Corporation / Southeastern,AEO2026 High Economic Growth,1.2031764873442234,Residential
2048,res,5-18,SPPC,Southwest Power Pool / Central,AEO2026 High Economic Growth,1.213338229460728,Residential
2048,res,5-19,SPPN,Southwest Power Pool / North,AEO2026 High Economic Growth,1.2192998058510727,Residential
2048,res,5-17,SPPS,Southwest Power Pool / South,AEO2026 High Economic Growth,1.3088318610732528,Residential
2048,res,5-1,TRE,Texas Reliability Entity,AEO2026 High Economic Growth,1.2983812109116877,Residential
2048,res,5-25,BASN,Western Electricity Coordinating Council / Basin,AEO2026 High Economic Growth,1.5906618466155569,Residential
2048,res,5-21,CANO,Western Electricity Coordinating Council / California North,AEO2026 High Economic Growth,1.3238533650385516,Residential
2048,res,5-24,RMRG,Western Electricity Coordinating Council / Rockies,AEO2026 High Economic Growth,1.5701238251603487,Residential
2048,trans,5-19,SPPN,Southwest Power Pool / North,AEO2026 High Economic Growth,1.7112436115843273,Transportation
2048,trans,5-1,TRE,Texas Reliability Entity,AEO2026 High Economic Growth,2.488412281073746,Transportation
2048,trans,5-17,SPPS,Southwest Power Pool / South,AEO2026 High Economic Growth,2.424637723078703,Transportation
2048,trans,5-25,BASN,Western Electricity Coordinating Council / Basin,AEO2026 High Economic Growth,2.177221418234443,Transportation
2048,trans,5-21,CANO,Western Electricity Coordinating Council / California North,AEO2026 High Economic Growth,1.6566825165050483,Transportation
2048,trans,5-22,CASO,Western Electricity Coordinating Council / California South,AEO2026 High Economic Growth,1.656682043952623,Transportation
2048,trans,5-24,RMRG,Western Electricity Coordinating Council / Rockies,AEO2026 High Economic Growth,2.178094666933209,Transportation
2048,trans,5-20,SRSG,Western Electricity Coordinating Council / Southwest,AEO2026 High Economic Growth,2.103458734183358,Transportation
2048,trans,5-23,NWPP,Western Electricity Coordinating Council / Northwest Power Pool Area,AEO2026 High Economic Growth,1.6801029236410583,Transportation
2049,trans,5-20,SRSG,Western Electricity Coordinating Council / Southwest,AEO2026 High Economic Growth,2.1484429023765905,Transportation
2049,ind,5-22,CASO,Western Electricity Coordinating Council / California South,AEO2026 High Economic Growth,1.494697381772025,Industrial
2049,ind,5-24,RMRG,Western Electricity Coordinating Council / Rockies,AEO2026 High Economic Growth,1.507068303846558,Industrial
2049,ind,5-20,SRSG,Western Electricity Coordinating Council / Southwest,AEO2026 High Economic Growth,1.5152086259230737,Industrial
2049,ind,5-23,NWPP,Western Electricity Coordinating Council / Northwest Power Pool Area,AEO2026 High Economic Growth,1.4994948443980443,Industrial
2049,res,5-2,FRCC,Florida Reliability Coordinating Council,AEO2026 High Economic Growth,1.2786523721939405,Residential
2049,res,5-4,MISC,Midcontinent / Central,AEO2026 High Economic Growth,1.2954608486080672,Residential
2049,ind,5-21,CANO,Western Electricity Coordinating Council / California North,AEO2026 High Economic Growth,1.4946974226001601,Industrial
2049,res,5-5,MISE,Midcontinent / East,AEO2026 High Economic Growth,1.3451356633917508,Residential
2049,res,5-3,MISW,Midcontinent / West,AEO2026 High Economic Growth,1.2679682112165351,Residential
2049,res,5-8,NYCW,Northeast Power Coordinating Council / New York City and Long Island,AEO2026 High Economic Growth,1.3518589204133162,Residential
2049,res,5-7,ISNE,Northeast Power Coordinating Council / New England,AEO2026 High Economic Growth,1.316825533038642,Residential
2049,res,5-9,NYUP,Northeast Power Coordinating Council / Upstate New York,AEO2026 High Economic Growth,1.3518589460607642,Residential
2049,res,5-12,PJMC,PJM / Commonwealth Edison,AEO2026 High Economic Growth,1.3451366153372273,Residential
2049,res,5-13,PJMD,PJM / Dominion,AEO2026 High Economic Growth,1.2786522193604386,Residential
2049,res,5-6,MISS,Midcontinent / South,AEO2026 High Economic Growth,1.266019713957156,Residential
2049,ind,5-25,BASN,Western Electricity Coordinating Council / Basin,AEO2026 High Economic Growth,1.5279501285194108,Industrial
2049,ind,5-1,TRE,Texas Reliability Entity,AEO2026 High Economic Growth,1.3326008023944884,Industrial
2049,ind,5-17,SPPS,Southwest Power Pool / South,AEO2026 High Economic Growth,1.358318968621653,Industrial
2049,ind,5-5,MISE,Midcontinent / East,AEO2026 High Economic Growth,1.3088534446815603,Industrial
2049,ind,5-6,MISS,Midcontinent / South,AEO2026 High Economic Growth,1.334935078009653,Industrial
2049,ind,5-3,MISW,Midcontinent / West,AEO2026 High Economic Growth,1.2731315057202097,Industrial
2049,ind,5-8,NYCW,Northeast Power Coordinating Council / New York City and Long Island,AEO2026 High Economic Growth,1.0602495343864249,Industrial
2049,ind,5-7,ISNE,Northeast Power Coordinating Council / New England,AEO2026 High Economic Growth,1.0506634867654188,Industrial
2049,ind,5-9,NYUP,Northeast Power Coordinating Council / Upstate New York,AEO2026 High Economic Growth,1.0602476256983848,Industrial
2049,ind,5-12,PJMC,PJM / Commonwealth Edison,AEO2026 High Economic Growth,1.3088533513863965,Industrial
2049,ind,5-13,PJMD,PJM / Dominion,AEO2026 High Economic Growth,1.3674406668287185,Industrial
2049,ind,5-10,PJME,PJM / East,AEO2026 High Economic Growth,1.0888126980804536,Industrial
2049,ind,5-11,PJMW,PJM / West,AEO2026 High Economic Growth,1.2901045136593203,Industrial
2049,ind,5-16,SRCE,SERC Reliability Corporation / Central,AEO2026 High Economic Growth,1.373571301694317,Industrial
2049,ind,5-14,SRCA,SERC Reliability Corporation / East,AEO2026 High Economic Growth,1.3674404444108403,Industrial
2049,ind,5-15,SRSE,SERC Reliability Corporation / Southeastern,AEO2026 High Economic Growth,1.3702837537394679,Industrial
2049,ind,5-18,SPPC,Southwest Power Pool / Central,AEO2026 High Economic Growth,1.2551971714389607,Industrial
2049,ind,5-19,SPPN,Southwest Power Pool / North,AEO2026 High Economic Growth,1.2588894439244256,Industrial
2049,res,5-10,PJME,PJM / East,AEO2026 High Economic Growth,1.32865759577716,Residential
2049,res,5-11,PJMW,PJM / West,AEO2026 High Economic Growth,1.3013573263826919,Residential
2049,res,5-16,SRCE,SERC Reliability Corporation / Central,AEO2026 High Economic Growth,1.0588286823366628,Residential
2049,res,5-14,SRCA,SERC Reliability Corporation / East,AEO2026 High Economic Growth,1.2786523610818237,Residential
2049,trans,5-12,PJMC,PJM / Commonwealth Edison,AEO2026 High Economic Growth,0.9046867101306525,Transportation
2049,trans,5-13,PJMD,PJM / Dominion,AEO2026 High Economic Growth,1.2449368447418327,Transportation
2049,trans,5-10,PJME,PJM / East,AEO2026 High Economic Growth,1.284387562246733,Transportation
2049,trans,5-11,PJMW,PJM / West,AEO2026 High Economic Growth,1.1085388796619677,Transportation
2049,trans,5-16,SRCE,SERC Reliability Corporation / Central,AEO2026 High Economic Growth,1.219020172910663,Transportation
2049,trans,5-14,SRCA,SERC Reliability Corporation / East,AEO2026 High Economic Growth,1.2449446444601027,Transportation
2049,trans,5-15,SRSE,SERC Reliability Corporation / Southeastern,AEO2026 High Economic Growth,1.2446044152867466,Transportation
2049,trans,5-18,SPPC,Southwest Power Pool / Central,AEO2026 High Economic Growth,1.7107525092885265,Transportation
2049,trans,5-19,SPPN,Southwest Power Pool / North,AEO2026 High Economic Growth,1.7348316079150834,Transportation
2049,trans,5-17,SPPS,Southwest Power Pool / South,AEO2026 High Economic Growth,2.4837011540797733,Transportation
2049,trans,5-1,TRE,Texas Reliability Entity,AEO2026 High Economic Growth,2.5503689410966452,Transportation
2049,trans,5-25,BASN,Western Electricity Coordinating Council / Basin,AEO2026 High Economic Growth,2.225151953690304,Transportation
2049,trans,5-21,CANO,Western Electricity Coordinating Council / California North,AEO2026 High Economic Growth,1.6836688423793895,Transportation
2049,trans,5-22,CASO,Western Electricity Coordinating Council / California South,AEO2026 High Economic Growth,1.6836677657180863,Transportation
2049,trans,5-24,RMRG,Western Electricity Coordinating Council / Rockies,AEO2026 High Economic Growth,2.2258945825281535,Transportation
2049,trans,5-9,NYUP,Northeast Power Coordinating Council / Upstate New York,AEO2026 High Economic Growth,1.2859906774708136,Transportation
2049,ind,5-4,MISC,Midcontinent / Central,AEO2026 High Economic Growth,1.3078082478087303,Industrial
2049,trans,5-7,ISNE,Northeast Power Coordinating Council / New England,AEO2026 High Economic Growth,1.5253425433575696,Transportation
2049,trans,5-3,MISW,Midcontinent / West,AEO2026 High Economic Growth,1.0460567239526837,Transportation
2049,res,5-15,SRSE,SERC Reliability Corporation / Southeastern,AEO2026 High Economic Growth,1.2106555213550065,Residential
2049,res,5-18,SPPC,Southwest Power Pool / Central,AEO2026 High Economic Growth,1.2241239335948886,Residential
2049,res,5-19,SPPN,Southwest Power Pool / North,AEO2026 High Economic Growth,1.2302342638095987,Residential
2049,res,5-17,SPPS,Southwest Power Pool / South,AEO2026 High Economic Growth,1.3208233824880706,Residential
2049,res,5-1,TRE,Texas Reliability Entity,AEO2026 High Economic Growth,1.310071380652645,Residential
2049,res,5-25,BASN,Western Electricity Coordinating Council / Basin,AEO2026 High Economic Growth,1.6107170108720918,Residential
2049,res,5-21,CANO,Western Electricity Coordinating Council / California North,AEO2026 High Economic Growth,1.3291501846233293,Residential
2049,res,5-22,CASO,Western Electricity Coordinating Council / California South,AEO2026 High Economic Growth,1.3291599829857585,Residential
2049,res,5-24,RMRG,Western Electricity Coordinating Council / Rockies,AEO2026 High Economic Growth,1.5897410549836206,Residential
2049,res,5-20,SRSG,Western Electricity Coordinating Council / Southwest,AEO2026 High Economic Growth,1.5857610504127322,Residential
2049,res,5-23,NWPP,Western Electricity Coordinating Council / Northwest Power Pool Area,AEO2026 High Economic Growth,1.3665850919394018,Residential
2049,trans,5-2,FRCC,Florida Reliability Coordinating Council,AEO2026 High Economic Growth,1.2449372907230756,Transportation
2049,trans,5-4,MISC,Midcontinent / Central,AEO2026 High Economic Growth,0.94259284162249,Transportation
2049,trans,5-5,MISE,Midcontinent / East,AEO2026 High Economic Growth,0.9046893005047075,Transportation
2049,trans,5-6,MISS,Midcontinent / South,AEO2026 High Economic Growth,2.5395792165523656,Transportation
2049,trans,5-8,NYCW,Northeast Power Coordinating Council / New York City and Long Island,AEO2026 High Economic Growth,1.285990019193858,Transportation
2049,ind,5-2,FRCC,Florida Reliability Coordinating Council,AEO2026 High Economic Growth,1.3674405261486946,Industrial
2049,com,5-23,NWPP,Western Electricity Coordinating Council / Northwest Power Pool Area,AEO2026 High Economic Growth,1.6945883978412413,Commercial
2049,com,5-20,SRSG,Western Electricity Coordinating Council / Southwest,AEO2026 High Economic Growth,2.061345634302922,Commercial
2049,com,5-12,PJMC,PJM / Commonwealth Edison,AEO2026 High Economic Growth,1.3750452641880107,Commercial
2049,com,5-13,PJMD,PJM / Dominion,AEO2026 High Economic Growth,1.6992441149109794,Commercial
2049,com,5-10,PJME,PJM / East,AEO2026 High Economic Growth,1.5412895958646384,Commercial
2049,com,5-11,PJMW,PJM / West,AEO2026 High Economic Growth,1.4387787979749058,Commercial
2049,com,5-16,SRCE,SERC Reliability Corporation / Central,AEO2026 High Economic Growth,1.3285430118286237,Commercial
2049,com,5-14,SRCA,SERC Reliability Corporation / East,AEO2026 High Economic Growth,1.6992438808183914,Commercial
2049,com,5-15,SRSE,SERC Reliability Corporation / Southeastern,AEO2026 High Economic Growth,1.600909176505598,Commercial
2049,com,5-18,SPPC,Southwest Power Pool / Central,AEO2026 High Economic Growth,1.3430957075497805,Commercial
2049,com,5-19,SPPN,Southwest Power Pool / North,AEO2026 High Economic Growth,1.3649896058951045,Commercial
2049,com,5-17,SPPS,Southwest Power Pool / South,AEO2026 High Economic Growth,1.775941187530109,Commercial
2049,com,5-1,TRE,Texas Reliability Entity,AEO2026 High Economic Growth,1.7491293429765244,Commercial
2049,com,5-25,BASN,Western Electricity Coordinating Council / Basin,AEO2026 High Economic Growth,2.1148439336685327,Commercial
2049,com,5-21,CANO,Western Electricity Coordinating Council / California North,AEO2026 High Economic Growth,1.6328707618702174,Commercial
2049,com,5-22,CASO,Western Electricity Coordinating Council / California South,AEO2026 High Economic Growth,1.6328710988480484,Commercial
2049,com,5-24,RMRG,Western Electricity Coordinating Council / Rockies,AEO2026 High Economic Growth,2.0673196691644087,Commercial
2049,com,5-9,NYUP,Northeast Power Coordinating Council / Upstate New York,AEO2026 High Economic Growth,1.4462276631652935,Commercial
2049,com,5-7,ISNE,Northeast Power Coordinating Council / New England,AEO2026 High Economic Growth,1.306375250480217,Commercial
2049,com,5-3,MISW,Midcontinent / West,AEO2026 High Economic Growth,1.3544964897172336,Commercial
2049,com,5-2,FRCC,Florida Reliability Coordinating Council,AEO2026 High Economic Growth,1.6992438558025038,Commercial
2049,com,5-4,MISC,Midcontinent / Central,AEO2026 High Economic Growth,1.3631613845593795,Commercial
2049,com,5-5,MISE,Midcontinent / East,AEO2026 High Economic Growth,1.375045199845936,Commercial
2049,com,5-6,MISS,Midcontinent / South,AEO2026 High Economic Growth,1.6841570206649634,Commercial
2049,com,5-8,NYCW,Northeast Power Coordinating Council / New York City and Long Island,AEO2026 High Economic Growth,1.4462277250570819,Commercial
2049,trans,5-23,NWPP,Western Electricity Coordinating Council / Northwest Power Pool Area,AEO2026 High Economic Growth,1.708030375025776,Transportation
2050,com,5-4,MISC,Midcontinent / Central,AEO2026 High Economic Growth,1.3706266902334803,Commercial
2050,com,5-2,FRCC,Florida Reliability Coordinating Council,AEO2026 High Economic Growth,1.723180485058582,Commercial
2050,trans,5-18,SPPC,Southwest Power Pool / Central,AEO2026 High Economic Growth,1.7382021848832694,Transportation
2050,trans,5-19,SPPN,Southwest Power Pool / North,AEO2026 High Economic Growth,1.7636613812082296,Transportation
2050,trans,5-17,SPPS,Southwest Power Pool / South,AEO2026 High Economic Growth,2.546958609319411,Transportation
2050,trans,5-1,TRE,Texas Reliability Entity,AEO2026 High Economic Growth,2.6154107120139094,Transportation
2050,trans,5-25,BASN,Western Electricity Coordinating Council / Basin,AEO2026 High Economic Growth,2.2811866859623735,Transportation
2050,trans,5-21,CANO,Western Electricity Coordinating Council / California North,AEO2026 High Economic Growth,1.7170242240443296,Transportation
2050,trans,5-22,CASO,Western Electricity Coordinating Council / California South,AEO2026 High Economic Growth,1.7170249196937752,Transportation
2050,trans,5-24,RMRG,Western Electricity Coordinating Council / Rockies,AEO2026 High Economic Growth,2.281757402101242,Transportation
2050,trans,5-20,SRSG,Western Electricity Coordinating Council / Southwest,AEO2026 High Economic Growth,2.2011791966419585,Transportation
2050,trans,5-15,SRSE,SERC Reliability Corporation / Southeastern,AEO2026 High Economic Growth,1.2497512369528072,Transportation
2050,trans,5-14,SRCA,SERC Reliability Corporation / East,AEO2026 High Economic Growth,1.2500699786685712,Transportation
2050,trans,5-16,SRCE,SERC Reliability Corporation / Central,AEO2026 High Economic Growth,1.2250055420084238,Transportation
2050,trans,5-11,PJMW,PJM / West,AEO2026 High Economic Growth,1.1134269270233306,Transportation
2050,com,5-23,NWPP,Western Electricity Coordinating Council / Northwest Power Pool Area,AEO2026 High Economic Growth,1.7110863272251093,Commercial
2050,ind,5-2,FRCC,Florida Reliability Coordinating Council,AEO2026 High Economic Growth,1.386735847391129,Industrial
2050,ind,5-4,MISC,Midcontinent / Central,AEO2026 High Economic Growth,1.322986173339534,Industrial
2050,ind,5-5,MISE,Midcontinent / East,AEO2026 High Economic Growth,1.3237554545299248,Industrial
2050,ind,5-6,MISS,Midcontinent / South,AEO2026 High Economic Growth,1.3538191250730227,Industrial
2050,ind,5-3,MISW,Midcontinent / West,AEO2026 High Economic Growth,1.2873890605182534,Industrial
2050,ind,5-8,NYCW,Northeast Power Coordinating Council / New York City and Long Island,AEO2026 High Economic Growth,1.0668069255708077,Industrial
2050,ind,5-7,ISNE,Northeast Power Coordinating Council / New England,AEO2026 High Economic Growth,1.0574467019405573,Industrial
2050,com,5-20,SRSG,Western Electricity Coordinating Council / Southwest,AEO2026 High Economic Growth,2.1002629472335053,Commercial
2050,ind,5-9,NYUP,Northeast Power Coordinating Council / Upstate New York,AEO2026 High Economic Growth,1.0668054293230764,Industrial
2050,ind,5-13,PJMD,PJM / Dominion,AEO2026 High Economic Growth,1.3867358641579728,Industrial
2050,ind,5-10,PJME,PJM / East,AEO2026 High Economic Growth,1.096554705126401,Industrial
2050,ind,5-11,PJMW,PJM / West,AEO2026 High Economic Growth,1.3050053751356687,Industrial
2050,ind,5-16,SRCE,SERC Reliability Corporation / Central,AEO2026 High Economic Growth,1.392537962767012,Industrial
2050,ind,5-14,SRCA,SERC Reliability Corporation / East,AEO2026 High Economic Growth,1.3867359750623478,Industrial
2050,ind,5-15,SRSE,SERC Reliability Corporation / Southeastern,AEO2026 High Economic Growth,1.3894268322953118,Industrial
2050,ind,5-18,SPPC,Southwest Power Pool / Central,AEO2026 High Economic Growth,1.2691311969435148,Industrial
2050,ind,5-19,SPPN,Southwest Power Pool / North,AEO2026 High Economic Growth,1.2730402095118192,Industrial
2050,ind,5-12,PJMC,PJM / Commonwealth Edison,AEO2026 High Economic Growth,1.3237554457635083,Industrial
2050,ind,5-17,SPPS,Southwest Power Pool / South,AEO2026 High Economic Growth,1.3786565416043948,Industrial
2050,com,5-24,RMRG,Western Electricity Coordinating Council / Rockies,AEO2026 High Economic Growth,2.107085355774272,Commercial
2050,com,5-21,CANO,Western Electricity Coordinating Council / California North,AEO2026 High Economic Growth,1.6456400168259864,Commercial
2050,com,5-5,MISE,Midcontinent / East,AEO2026 High Economic Growth,1.3828916472251827,Commercial
2050,com,5-6,MISS,Midcontinent / South,AEO2026 High Economic Growth,1.705458709771552,Commercial
2050,com,5-3,MISW,Midcontinent / West,AEO2026 High Economic Growth,1.3615825524388652,Commercial
2050,com,5-8,NYCW,Northeast Power Coordinating Council / New York City and Long Island,AEO2026 High Economic Growth,1.4524778774358635,Commercial
2050,com,5-7,ISNE,Northeast Power Coordinating Council / New England,AEO2026 High Economic Growth,1.31621578947142,Commercial
2050,com,5-9,NYUP,Northeast Power Coordinating Council / Upstate New York,AEO2026 High Economic Growth,1.452478117855003,Commercial
2050,com,5-12,PJMC,PJM / Commonwealth Edison,AEO2026 High Economic Growth,1.3828917396306297,Commercial
2050,com,5-13,PJMD,PJM / Dominion,AEO2026 High Economic Growth,1.723180597193732,Commercial
2050,com,5-22,CASO,Western Electricity Coordinating Council / California South,AEO2026 High Economic Growth,1.6456402656021232,Commercial
2050,com,5-10,PJME,PJM / East,AEO2026 High Economic Growth,1.5541847406721288,Commercial
2050,com,5-16,SRCE,SERC Reliability Corporation / Central,AEO2026 High Economic Growth,1.338442786733522,Commercial
2050,com,5-14,SRCA,SERC Reliability Corporation / East,AEO2026 High Economic Growth,1.723180720134765,Commercial
2050,com,5-15,SRSE,SERC Reliability Corporation / Southeastern,AEO2026 High Economic Growth,1.6211224763760632,Commercial
2050,com,5-18,SPPC,Southwest Power Pool / Central,AEO2026 High Economic Growth,1.3497629427127356,Commercial
2050,com,5-19,SPPN,Southwest Power Pool / North,AEO2026 High Economic Growth,1.3726597384732508,Commercial
2050,com,5-17,SPPS,Southwest Power Pool / South,AEO2026 High Economic Growth,1.8006894637962014,Commercial
2050,com,5-1,TRE,Texas Reliability Entity,AEO2026 High Economic Growth,1.7725190810089537,Commercial
2050,com,5-25,BASN,Western Electricity Coordinating Council / Basin,AEO2026 High Economic Growth,2.1567330560061393,Commercial
2050,com,5-11,PJMW,PJM / West,AEO2026 High Economic Growth,1.449468280236681,Commercial
2050,ind,5-1,TRE,Texas Reliability Entity,AEO2026 High Economic Growth,1.3514799772796857,Industrial
2050,ind,5-21,CANO,Western Electricity Coordinating Council / California North,AEO2026 High Economic Growth,1.5246964320346774,Industrial
2050,res,5-1,TRE,Texas Reliability Entity,AEO2026 High Economic Growth,1.3219167622912502,Residential
2050,res,5-25,BASN,Western Electricity Coordinating Council / Basin,AEO2026 High Economic Growth,1.6311590809639032,Residential
2050,res,5-21,CANO,Western Electricity Coordinating Council / California North,AEO2026 High Economic Growth,1.3353088756470757,Residential
2050,res,5-22,CASO,Western Electricity Coordinating Council / California South,AEO2026 High Economic Growth,1.3353194389489484,Residential
2050,res,5-24,RMRG,Western Electricity Coordinating Council / Rockies,AEO2026 High Economic Growth,1.6097160189049875,Residential
2050,res,5-20,SRSG,Western Electricity Coordinating Council / Southwest,AEO2026 High Economic Growth,1.6052904805589332,Residential
2050,res,5-23,NWPP,Western Electricity Coordinating Council / Northwest Power Pool Area,AEO2026 High Economic Growth,1.3746427088105204,Residential
2050,trans,5-2,FRCC,Florida Reliability Coordinating Council,AEO2026 High Economic Growth,1.250069583259533,Transportation
2050,res,5-17,SPPS,Southwest Power Pool / South,AEO2026 High Economic Growth,1.3329782826033796,Residential
2050,trans,5-4,MISC,Midcontinent / Central,AEO2026 High Economic Growth,0.9456928706410267,Transportation
2050,trans,5-6,MISS,Midcontinent / South,AEO2026 High Economic Growth,2.6041497152156228,Transportation
2050,trans,5-3,MISW,Midcontinent / West,AEO2026 High Economic Growth,1.052436497858843,Transportation
2050,trans,5-8,NYCW,Northeast Power Coordinating Council / New York City and Long Island,AEO2026 High Economic Growth,1.2937381957773513,Transportation
2050,trans,5-7,ISNE,Northeast Power Coordinating Council / New England,AEO2026 High Economic Growth,1.5397279969369377,Transportation
2050,trans,5-9,NYUP,Northeast Power Coordinating Council / Upstate New York,AEO2026 High Economic Growth,1.2937387177829123,Transportation
2050,trans,5-12,PJMC,PJM / Commonwealth Edison,AEO2026 High Economic Growth,0.9065889109509441,Transportation
2050,trans,5-13,PJMD,PJM / Dominion,AEO2026 High Economic Growth,1.2500715640319175,Transportation
2050,trans,5-10,PJME,PJM / East,AEO2026 High Economic Growth,1.2920337662407693,Transportation
2050,trans,5-5,MISE,Midcontinent / East,AEO2026 High Economic Growth,0.9065913882724715,Transportation
2050,ind,5-25,BASN,Western Electricity Coordinating Council / Basin,AEO2026 High Economic Growth,1.557923765198798,Industrial
2050,res,5-19,SPPN,Southwest Power Pool / North,AEO2026 High Economic Growth,1.2411474138405825,Residential
2050,res,5-15,SRSE,SERC Reliability Corporation / Southeastern,AEO2026 High Economic Growth,1.2182533404461424,Residential
2050,ind,5-22,CASO,Western Electricity Coordinating Council / California South,AEO2026 High Economic Growth,1.52469646800128,Industrial
2050,ind,5-24,RMRG,Western Electricity Coordinating Council / Rockies,AEO2026 High Economic Growth,1.5357971420136123,Industrial
2050,ind,5-20,SRSG,Western Electricity Coordinating Council / Southwest,AEO2026 High Economic Growth,1.5445968447354759,Industrial
2050,ind,5-23,NWPP,Western Electricity Coordinating Council / Northwest Power Pool Area,AEO2026 High Economic Growth,1.5294901990304957,Industrial
2050,res,5-2,FRCC,Florida Reliability Coordinating Council,AEO2026 High Economic Growth,1.287487020165233,Residential
2050,res,5-4,MISC,Midcontinent / Central,AEO2026 High Economic Growth,1.3069281217045001,Residential
2050,res,5-5,MISE,Midcontinent / East,AEO2026 High Economic Growth,1.357246834057742,Residential
2050,res,5-6,MISS,Midcontinent / South,AEO2026 High Economic Growth,1.2766416158585636,Residential
2050,res,5-18,SPPC,Southwest Power Pool / Central,AEO2026 High Economic Growth,1.234881852478871,Residential
2050,res,5-3,MISW,Midcontinent / West,AEO2026 High Economic Growth,1.2792162786819956,Residential
2050,res,5-7,ISNE,Northeast Power Coordinating Council / New England,AEO2026 High Economic Growth,1.3247267483279852,Residential
2050,res,5-9,NYUP,Northeast Power Coordinating Council / Upstate New York,AEO2026 High Economic Growth,1.3602534212535948,Residential
2050,res,5-12,PJMC,PJM / Commonwealth Edison,AEO2026 High Economic Growth,1.357247566046223,Residential
2050,res,5-13,PJMD,PJM / Dominion,AEO2026 High Economic Growth,1.28748697592103,Residential
2050,res,5-10,PJME,PJM / East,AEO2026 High Economic Growth,1.3371917506574222,Residential
2050,res,5-11,PJMW,PJM / West,AEO2026 High Economic Growth,1.311523250084497,Residential
2050,res,5-16,SRCE,SERC Reliability Corporation / Central,AEO2026 High Economic Growth,1.0636646261503857,Residential
2050,res,5-14,SRCA,SERC Reliability Corporation / East,AEO2026 High Economic Growth,1.2874870503696936,Residential
2050,res,5-8,NYCW,Northeast Power Coordinating Council / New York City and Long Island,AEO2026 High Economic Growth,1.3602533594932518,Residential
2050,trans,5-23,NWPP,Western Electricity Coordinating Council / Northwest Power Pool Area,AEO2026 High Economic Growth,1.7424069906788955,Transportation
