year,sector_abbr,nerc_region_ID,nerc_region_abbr,nerc_region_desc,scenario,load_multiplier,sector
2014,trans,5-20,SRSG,Western Electricity Coordinating Council / Southwest,AEO2026 Low Economic Growth,1.0,Transportation
2014,com,5-2,FRCC,Florida Reliability Coordinating Council,AEO2026 Low Economic Growth,1.0,Commercial
2014,com,5-4,MISC,Midcontinent / Central,AEO2026 Low Economic Growth,1.0,Commercial
2014,com,5-5,MISE,Midcontinent / East,AEO2026 Low Economic Growth,1.0,Commercial
2014,com,5-6,MISS,Midcontinent / South,AEO2026 Low Economic Growth,1.0,Commercial
2014,com,5-3,MISW,Midcontinent / West,AEO2026 Low Economic Growth,1.0,Commercial
2014,com,5-8,NYCW,Northeast Power Coordinating Council / New York City and Long Island,AEO2026 Low Economic Growth,1.0,Commercial
2014,com,5-7,ISNE,Northeast Power Coordinating Council / New England,AEO2026 Low Economic Growth,1.0,Commercial
2014,com,5-9,NYUP,Northeast Power Coordinating Council / Upstate New York,AEO2026 Low Economic Growth,1.0,Commercial
2014,com,5-12,PJMC,PJM / Commonwealth Edison,AEO2026 Low Economic Growth,1.0,Commercial
2014,com,5-13,PJMD,PJM / Dominion,AEO2026 Low Economic Growth,1.0,Commercial
2014,com,5-10,PJME,PJM / East,AEO2026 Low Economic Growth,1.0,Commercial
2014,com,5-11,PJMW,PJM / West,AEO2026 Low Economic Growth,1.0,Commercial
2014,com,5-16,SRCE,SERC Reliability Corporation / Central,AEO2026 Low Economic Growth,1.0,Commercial
2014,com,5-14,SRCA,SERC Reliability Corporation / East,AEO2026 Low Economic Growth,1.0,Commercial
2014,com,5-18,SPPC,Southwest Power Pool / Central,AEO2026 Low Economic Growth,1.0,Commercial
2014,com,5-19,SPPN,Southwest Power Pool / North,AEO2026 Low Economic Growth,1.0,Commercial
2014,com,5-17,SPPS,Southwest Power Pool / South,AEO2026 Low Economic Growth,1.0,Commercial
2014,com,5-1,TRE,Texas Reliability Entity,AEO2026 Low Economic Growth,1.0,Commercial
2014,com,5-25,BASN,Western Electricity Coordinating Council / Basin,AEO2026 Low Economic Growth,1.0,Commercial
2014,com,5-21,CANO,Western Electricity Coordinating Council / California North,AEO2026 Low Economic Growth,1.0,Commercial
2014,com,5-22,CASO,Western Electricity Coordinating Council / California South,AEO2026 Low Economic Growth,1.0,Commercial
2014,com,5-24,RMRG,Western Electricity Coordinating Council / Rockies,AEO2026 Low Economic Growth,1.0,Commercial
2014,com,5-20,SRSG,Western Electricity Coordinating Council / Southwest,AEO2026 Low Economic Growth,1.0,Commercial
2014,com,5-23,NWPP,Western Electricity Coordinating Council / Northwest Power Pool Area,AEO2026 Low Economic Growth,1.0,Commercial
2014,ind,5-2,FRCC,Florida Reliability Coordinating Council,AEO2026 Low Economic Growth,1.0,Industrial
2014,ind,5-4,MISC,Midcontinent / Central,AEO2026 Low Economic Growth,1.0,Industrial
2014,ind,5-5,MISE,Midcontinent / East,AEO2026 Low Economic Growth,1.0,Industrial
2014,ind,5-6,MISS,Midcontinent / South,AEO2026 Low Economic Growth,1.0,Industrial
2014,com,5-15,SRSE,SERC Reliability Corporation / Southeastern,AEO2026 Low Economic Growth,1.0,Commercial
2014,ind,5-3,MISW,Midcontinent / West,AEO2026 Low Economic Growth,1.0,Industrial
2014,ind,5-8,NYCW,Northeast Power Coordinating Council / New York City and Long Island,AEO2026 Low Economic Growth,1.0,Industrial
2014,ind,5-9,NYUP,Northeast Power Coordinating Council / Upstate New York,AEO2026 Low Economic Growth,1.0,Industrial
2014,res,5-1,TRE,Texas Reliability Entity,AEO2026 Low Economic Growth,1.0,Residential
2014,res,5-25,BASN,Western Electricity Coordinating Council / Basin,AEO2026 Low Economic Growth,1.0,Residential
2014,res,5-21,CANO,Western Electricity Coordinating Council / California North,AEO2026 Low Economic Growth,1.0,Residential
2014,res,5-22,CASO,Western Electricity Coordinating Council / California South,AEO2026 Low Economic Growth,1.0,Residential
2014,res,5-24,RMRG,Western Electricity Coordinating Council / Rockies,AEO2026 Low Economic Growth,1.0,Residential
2014,res,5-20,SRSG,Western Electricity Coordinating Council / Southwest,AEO2026 Low Economic Growth,1.0,Residential
2014,res,5-23,NWPP,Western Electricity Coordinating Council / Northwest Power Pool Area,AEO2026 Low Economic Growth,1.0,Residential
2014,trans,5-2,FRCC,Florida Reliability Coordinating Council,AEO2026 Low Economic Growth,1.0,Transportation
2014,trans,5-4,MISC,Midcontinent / Central,AEO2026 Low Economic Growth,1.0,Transportation
2014,trans,5-5,MISE,Midcontinent / East,AEO2026 Low Economic Growth,1.0,Transportation
2014,trans,5-6,MISS,Midcontinent / South,AEO2026 Low Economic Growth,1.0,Transportation
2014,trans,5-3,MISW,Midcontinent / West,AEO2026 Low Economic Growth,1.0,Transportation
2014,trans,5-8,NYCW,Northeast Power Coordinating Council / New York City and Long Island,AEO2026 Low Economic Growth,1.0,Transportation
2014,trans,5-7,ISNE,Northeast Power Coordinating Council / New England,AEO2026 Low Economic Growth,1.0,Transportation
2014,res,5-17,SPPS,Southwest Power Pool / South,AEO2026 Low Economic Growth,1.0,Residential
2014,trans,5-9,NYUP,Northeast Power Coordinating Council / Upstate New York,AEO2026 Low Economic Growth,1.0,Transportation
2014,trans,5-13,PJMD,PJM / Dominion,AEO2026 Low Economic Growth,1.0,Transportation
2014,trans,5-10,PJME,PJM / East,AEO2026 Low Economic Growth,1.0,Transportation
2014,trans,5-11,PJMW,PJM / West,AEO2026 Low Economic Growth,1.0,Transportation
2014,trans,5-16,SRCE,SERC Reliability Corporation / Central,AEO2026 Low Economic Growth,1.0,Transportation
2014,trans,5-14,SRCA,SERC Reliability Corporation / East,AEO2026 Low Economic Growth,1.0,Transportation
2014,trans,5-15,SRSE,SERC Reliability Corporation / Southeastern,AEO2026 Low Economic Growth,1.0,Transportation
2014,trans,5-18,SPPC,Southwest Power Pool / Central,AEO2026 Low Economic Growth,1.0,Transportation
2014,trans,5-19,SPPN,Southwest Power Pool / North,AEO2026 Low Economic Growth,1.0,Transportation
2014,trans,5-17,SPPS,Southwest Power Pool / South,AEO2026 Low Economic Growth,1.0,Transportation
2014,trans,5-1,TRE,Texas Reliability Entity,AEO2026 Low Economic Growth,1.0,Transportation
2014,trans,5-25,BASN,Western Electricity Coordinating Council / Basin,AEO2026 Low Economic Growth,1.0,Transportation
2014,trans,5-21,CANO,Western Electricity Coordinating Council / California North,AEO2026 Low Economic Growth,1.0,Transportation
2014,trans,5-22,CASO,Western Electricity Coordinating Council / California South,AEO2026 Low Economic Growth,1.0,Transportation
2014,trans,5-24,RMRG,Western Electricity Coordinating Council / Rockies,AEO2026 Low Economic Growth,1.0,Transportation
2014,trans,5-12,PJMC,PJM / Commonwealth Edison,AEO2026 Low Economic Growth,1.0,Transportation
2014,res,5-19,SPPN,Southwest Power Pool / North,AEO2026 Low Economic Growth,1.0,Residential
2014,res,5-18,SPPC,Southwest Power Pool / Central,AEO2026 Low Economic Growth,1.0,Residential
2014,res,5-15,SRSE,SERC Reliability Corporation / Southeastern,AEO2026 Low Economic Growth,1.0,Residential
2014,ind,5-12,PJMC,PJM / Commonwealth Edison,AEO2026 Low Economic Growth,1.0,Industrial
2014,ind,5-13,PJMD,PJM / Dominion,AEO2026 Low Economic Growth,1.0,Industrial
2014,ind,5-10,PJME,PJM / East,AEO2026 Low Economic Growth,1.0,Industrial
2014,ind,5-11,PJMW,PJM / West,AEO2026 Low Economic Growth,1.0,Industrial
2014,ind,5-16,SRCE,SERC Reliability Corporation / Central,AEO2026 Low Economic Growth,1.0,Industrial
2014,ind,5-14,SRCA,SERC Reliability Corporation / East,AEO2026 Low Economic Growth,1.0,Industrial
2014,ind,5-15,SRSE,SERC Reliability Corporation / Southeastern,AEO2026 Low Economic Growth,1.0,Industrial
2014,ind,5-18,SPPC,Southwest Power Pool / Central,AEO2026 Low Economic Growth,1.0,Industrial
2014,ind,5-19,SPPN,Southwest Power Pool / North,AEO2026 Low Economic Growth,1.0,Industrial
2014,ind,5-17,SPPS,Southwest Power Pool / South,AEO2026 Low Economic Growth,1.0,Industrial
2014,ind,5-1,TRE,Texas Reliability Entity,AEO2026 Low Economic Growth,1.0,Industrial
2014,ind,5-25,BASN,Western Electricity Coordinating Council / Basin,AEO2026 Low Economic Growth,1.0,Industrial
2014,ind,5-21,CANO,Western Electricity Coordinating Council / California North,AEO2026 Low Economic Growth,1.0,Industrial
2014,ind,5-22,CASO,Western Electricity Coordinating Council / California South,AEO2026 Low Economic Growth,1.0,Industrial
2014,ind,5-24,RMRG,Western Electricity Coordinating Council / Rockies,AEO2026 Low Economic Growth,1.0,Industrial
2014,ind,5-20,SRSG,Western Electricity Coordinating Council / Southwest,AEO2026 Low Economic Growth,1.0,Industrial
2014,ind,5-23,NWPP,Western Electricity Coordinating Council / Northwest Power Pool Area,AEO2026 Low Economic Growth,1.0,Industrial
2014,res,5-14,SRCA,SERC Reliability Corporation / East,AEO2026 Low Economic Growth,1.0,Residential
2014,res,5-16,SRCE,SERC Reliability Corporation / Central,AEO2026 Low Economic Growth,1.0,Residential
2014,res,5-11,PJMW,PJM / West,AEO2026 Low Economic Growth,1.0,Residential
2014,res,5-10,PJME,PJM / East,AEO2026 Low Economic Growth,1.0,Residential
2014,res,5-13,PJMD,PJM / Dominion,AEO2026 Low Economic Growth,1.0,Residential
2014,res,5-12,PJMC,PJM / Commonwealth Edison,AEO2026 Low Economic Growth,1.0,Residential
2014,ind,5-7,ISNE,Northeast Power Coordinating Council / New England,AEO2026 Low Economic Growth,1.0,Industrial
2014,res,5-9,NYUP,Northeast Power Coordinating Council / Upstate New York,AEO2026 Low Economic Growth,1.0,Residential
2014,res,5-8,NYCW,Northeast Power Coordinating Council / New York City and Long Island,AEO2026 Low Economic Growth,1.0,Residential
2014,res,5-3,MISW,Midcontinent / West,AEO2026 Low Economic Growth,1.0,Residential
2014,res,5-6,MISS,Midcontinent / South,AEO2026 Low Economic Growth,1.0,Residential
2014,res,5-5,MISE,Midcontinent / East,AEO2026 Low Economic Growth,1.0,Residential
2014,res,5-4,MISC,Midcontinent / Central,AEO2026 Low Economic Growth,1.0,Residential
2014,res,5-2,FRCC,Florida Reliability Coordinating Council,AEO2026 Low Economic Growth,1.0,Residential
2014,res,5-7,ISNE,Northeast Power Coordinating Council / New England,AEO2026 Low Economic Growth,1.0,Residential
2014,trans,5-23,NWPP,Western Electricity Coordinating Council / Northwest Power Pool Area,AEO2026 Low Economic Growth,1.0,Transportation
2015,com,5-4,MISC,Midcontinent / Central,AEO2026 Low Economic Growth,1.0,Commercial
2015,com,5-5,MISE,Midcontinent / East,AEO2026 Low Economic Growth,1.0,Commercial
2015,com,5-6,MISS,Midcontinent / South,AEO2026 Low Economic Growth,1.0,Commercial
2015,com,5-3,MISW,Midcontinent / West,AEO2026 Low Economic Growth,1.0,Commercial
2015,com,5-8,NYCW,Northeast Power Coordinating Council / New York City and Long Island,AEO2026 Low Economic Growth,1.0,Commercial
2015,com,5-7,ISNE,Northeast Power Coordinating Council / New England,AEO2026 Low Economic Growth,1.0,Commercial
2015,com,5-9,NYUP,Northeast Power Coordinating Council / Upstate New York,AEO2026 Low Economic Growth,1.0,Commercial
2015,com,5-12,PJMC,PJM / Commonwealth Edison,AEO2026 Low Economic Growth,1.0,Commercial
2015,com,5-13,PJMD,PJM / Dominion,AEO2026 Low Economic Growth,1.0,Commercial
2015,com,5-10,PJME,PJM / East,AEO2026 Low Economic Growth,1.0,Commercial
2015,com,5-11,PJMW,PJM / West,AEO2026 Low Economic Growth,1.0,Commercial
2015,com,5-16,SRCE,SERC Reliability Corporation / Central,AEO2026 Low Economic Growth,1.0,Commercial
2015,com,5-14,SRCA,SERC Reliability Corporation / East,AEO2026 Low Economic Growth,1.0,Commercial
2015,com,5-15,SRSE,SERC Reliability Corporation / Southeastern,AEO2026 Low Economic Growth,1.0,Commercial
2015,com,5-2,FRCC,Florida Reliability Coordinating Council,AEO2026 Low Economic Growth,1.0,Commercial
2015,com,5-18,SPPC,Southwest Power Pool / Central,AEO2026 Low Economic Growth,1.0,Commercial
2015,com,5-17,SPPS,Southwest Power Pool / South,AEO2026 Low Economic Growth,1.0,Commercial
2015,com,5-1,TRE,Texas Reliability Entity,AEO2026 Low Economic Growth,1.0,Commercial
2015,com,5-25,BASN,Western Electricity Coordinating Council / Basin,AEO2026 Low Economic Growth,1.0,Commercial
2015,com,5-21,CANO,Western Electricity Coordinating Council / California North,AEO2026 Low Economic Growth,1.0,Commercial
2015,com,5-22,CASO,Western Electricity Coordinating Council / California South,AEO2026 Low Economic Growth,1.0,Commercial
2015,com,5-24,RMRG,Western Electricity Coordinating Council / Rockies,AEO2026 Low Economic Growth,1.0,Commercial
2015,com,5-20,SRSG,Western Electricity Coordinating Council / Southwest,AEO2026 Low Economic Growth,1.0,Commercial
2015,com,5-23,NWPP,Western Electricity Coordinating Council / Northwest Power Pool Area,AEO2026 Low Economic Growth,1.0,Commercial
2015,ind,5-2,FRCC,Florida Reliability Coordinating Council,AEO2026 Low Economic Growth,1.0,Industrial
2015,ind,5-4,MISC,Midcontinent / Central,AEO2026 Low Economic Growth,1.0,Industrial
2015,ind,5-5,MISE,Midcontinent / East,AEO2026 Low Economic Growth,1.0,Industrial
2015,ind,5-6,MISS,Midcontinent / South,AEO2026 Low Economic Growth,1.0,Industrial
2015,ind,5-3,MISW,Midcontinent / West,AEO2026 Low Economic Growth,1.0,Industrial
2015,ind,5-8,NYCW,Northeast Power Coordinating Council / New York City and Long Island,AEO2026 Low Economic Growth,1.0,Industrial
2015,com,5-19,SPPN,Southwest Power Pool / North,AEO2026 Low Economic Growth,1.0,Commercial
2015,ind,5-7,ISNE,Northeast Power Coordinating Council / New England,AEO2026 Low Economic Growth,1.0,Industrial
2015,ind,5-9,NYUP,Northeast Power Coordinating Council / Upstate New York,AEO2026 Low Economic Growth,1.0,Industrial
2015,ind,5-12,PJMC,PJM / Commonwealth Edison,AEO2026 Low Economic Growth,1.0,Industrial
2015,ind,5-13,PJMD,PJM / Dominion,AEO2026 Low Economic Growth,1.0,Industrial
2015,res,5-21,CANO,Western Electricity Coordinating Council / California North,AEO2026 Low Economic Growth,1.0,Residential
2015,res,5-22,CASO,Western Electricity Coordinating Council / California South,AEO2026 Low Economic Growth,1.0,Residential
2015,res,5-24,RMRG,Western Electricity Coordinating Council / Rockies,AEO2026 Low Economic Growth,1.0,Residential
2015,res,5-20,SRSG,Western Electricity Coordinating Council / Southwest,AEO2026 Low Economic Growth,1.0,Residential
2015,res,5-23,NWPP,Western Electricity Coordinating Council / Northwest Power Pool Area,AEO2026 Low Economic Growth,1.0,Residential
2015,trans,5-2,FRCC,Florida Reliability Coordinating Council,AEO2026 Low Economic Growth,1.0,Transportation
2015,trans,5-4,MISC,Midcontinent / Central,AEO2026 Low Economic Growth,1.0,Transportation
2015,trans,5-5,MISE,Midcontinent / East,AEO2026 Low Economic Growth,1.0,Transportation
2015,trans,5-6,MISS,Midcontinent / South,AEO2026 Low Economic Growth,1.0,Transportation
2015,trans,5-3,MISW,Midcontinent / West,AEO2026 Low Economic Growth,1.0,Transportation
2015,trans,5-8,NYCW,Northeast Power Coordinating Council / New York City and Long Island,AEO2026 Low Economic Growth,1.0,Transportation
2015,trans,5-7,ISNE,Northeast Power Coordinating Council / New England,AEO2026 Low Economic Growth,1.0,Transportation
2015,trans,5-9,NYUP,Northeast Power Coordinating Council / Upstate New York,AEO2026 Low Economic Growth,1.0,Transportation
2015,trans,5-12,PJMC,PJM / Commonwealth Edison,AEO2026 Low Economic Growth,1.0,Transportation
2015,res,5-25,BASN,Western Electricity Coordinating Council / Basin,AEO2026 Low Economic Growth,1.0,Residential
2015,trans,5-13,PJMD,PJM / Dominion,AEO2026 Low Economic Growth,1.0,Transportation
2015,trans,5-11,PJMW,PJM / West,AEO2026 Low Economic Growth,1.0,Transportation
2015,trans,5-16,SRCE,SERC Reliability Corporation / Central,AEO2026 Low Economic Growth,1.0,Transportation
2015,trans,5-14,SRCA,SERC Reliability Corporation / East,AEO2026 Low Economic Growth,1.0,Transportation
2015,trans,5-15,SRSE,SERC Reliability Corporation / Southeastern,AEO2026 Low Economic Growth,1.0,Transportation
2015,trans,5-18,SPPC,Southwest Power Pool / Central,AEO2026 Low Economic Growth,1.0,Transportation
2015,trans,5-19,SPPN,Southwest Power Pool / North,AEO2026 Low Economic Growth,1.0,Transportation
2015,trans,5-17,SPPS,Southwest Power Pool / South,AEO2026 Low Economic Growth,1.0,Transportation
2015,trans,5-1,TRE,Texas Reliability Entity,AEO2026 Low Economic Growth,1.0,Transportation
2015,trans,5-25,BASN,Western Electricity Coordinating Council / Basin,AEO2026 Low Economic Growth,1.0,Transportation
2015,trans,5-21,CANO,Western Electricity Coordinating Council / California North,AEO2026 Low Economic Growth,1.0,Transportation
2015,trans,5-22,CASO,Western Electricity Coordinating Council / California South,AEO2026 Low Economic Growth,1.0,Transportation
2015,trans,5-24,RMRG,Western Electricity Coordinating Council / Rockies,AEO2026 Low Economic Growth,1.0,Transportation
2015,trans,5-20,SRSG,Western Electricity Coordinating Council / Southwest,AEO2026 Low Economic Growth,1.0,Transportation
2015,trans,5-23,NWPP,Western Electricity Coordinating Council / Northwest Power Pool Area,AEO2026 Low Economic Growth,1.0,Transportation
2015,trans,5-10,PJME,PJM / East,AEO2026 Low Economic Growth,1.0,Transportation
2015,res,5-1,TRE,Texas Reliability Entity,AEO2026 Low Economic Growth,1.0,Residential
2015,res,5-17,SPPS,Southwest Power Pool / South,AEO2026 Low Economic Growth,1.0,Residential
2015,res,5-19,SPPN,Southwest Power Pool / North,AEO2026 Low Economic Growth,1.0,Residential
2015,ind,5-10,PJME,PJM / East,AEO2026 Low Economic Growth,1.0,Industrial
2015,ind,5-11,PJMW,PJM / West,AEO2026 Low Economic Growth,1.0,Industrial
2015,ind,5-16,SRCE,SERC Reliability Corporation / Central,AEO2026 Low Economic Growth,1.0,Industrial
2015,ind,5-14,SRCA,SERC Reliability Corporation / East,AEO2026 Low Economic Growth,1.0,Industrial
2015,ind,5-15,SRSE,SERC Reliability Corporation / Southeastern,AEO2026 Low Economic Growth,1.0,Industrial
2015,ind,5-18,SPPC,Southwest Power Pool / Central,AEO2026 Low Economic Growth,1.0,Industrial
2015,ind,5-19,SPPN,Southwest Power Pool / North,AEO2026 Low Economic Growth,1.0,Industrial
2015,ind,5-17,SPPS,Southwest Power Pool / South,AEO2026 Low Economic Growth,1.0,Industrial
2015,ind,5-1,TRE,Texas Reliability Entity,AEO2026 Low Economic Growth,1.0,Industrial
2015,ind,5-25,BASN,Western Electricity Coordinating Council / Basin,AEO2026 Low Economic Growth,1.0,Industrial
2015,ind,5-21,CANO,Western Electricity Coordinating Council / California North,AEO2026 Low Economic Growth,1.0,Industrial
2015,ind,5-22,CASO,Western Electricity Coordinating Council / California South,AEO2026 Low Economic Growth,1.0,Industrial
2015,ind,5-24,RMRG,Western Electricity Coordinating Council / Rockies,AEO2026 Low Economic Growth,1.0,Industrial
2015,ind,5-20,SRSG,Western Electricity Coordinating Council / Southwest,AEO2026 Low Economic Growth,1.0,Industrial
2015,ind,5-23,NWPP,Western Electricity Coordinating Council / Northwest Power Pool Area,AEO2026 Low Economic Growth,1.0,Industrial
2015,res,5-2,FRCC,Florida Reliability Coordinating Council,AEO2026 Low Economic Growth,1.0,Residential
2015,res,5-4,MISC,Midcontinent / Central,AEO2026 Low Economic Growth,1.0,Residential
2015,res,5-18,SPPC,Southwest Power Pool / Central,AEO2026 Low Economic Growth,1.0,Residential
2015,res,5-15,SRSE,SERC Reliability Corporation / Southeastern,AEO2026 Low Economic Growth,1.0,Residential
2015,res,5-14,SRCA,SERC Reliability Corporation / East,AEO2026 Low Economic Growth,1.0,Residential
2015,res,5-16,SRCE,SERC Reliability Corporation / Central,AEO2026 Low Economic Growth,1.0,Residential
2015,res,5-11,PJMW,PJM / West,AEO2026 Low Economic Growth,1.0,Residential
2015,res,5-10,PJME,PJM / East,AEO2026 Low Economic Growth,1.0,Residential
2015,res,5-13,PJMD,PJM / Dominion,AEO2026 Low Economic Growth,1.0,Residential
2015,res,5-9,NYUP,Northeast Power Coordinating Council / Upstate New York,AEO2026 Low Economic Growth,1.0,Residential
2015,res,5-7,ISNE,Northeast Power Coordinating Council / New England,AEO2026 Low Economic Growth,1.0,Residential
2015,res,5-8,NYCW,Northeast Power Coordinating Council / New York City and Long Island,AEO2026 Low Economic Growth,1.0,Residential
2015,res,5-3,MISW,Midcontinent / West,AEO2026 Low Economic Growth,1.0,Residential
2015,res,5-6,MISS,Midcontinent / South,AEO2026 Low Economic Growth,1.0,Residential
2015,res,5-5,MISE,Midcontinent / East,AEO2026 Low Economic Growth,1.0,Residential
2015,res,5-12,PJMC,PJM / Commonwealth Edison,AEO2026 Low Economic Growth,1.0,Residential
2016,com,5-4,MISC,Midcontinent / Central,AEO2026 Low Economic Growth,1.0,Commercial
2016,com,5-5,MISE,Midcontinent / East,AEO2026 Low Economic Growth,1.0,Commercial
2016,com,5-6,MISS,Midcontinent / South,AEO2026 Low Economic Growth,1.0,Commercial
2016,com,5-3,MISW,Midcontinent / West,AEO2026 Low Economic Growth,1.0,Commercial
2016,com,5-8,NYCW,Northeast Power Coordinating Council / New York City and Long Island,AEO2026 Low Economic Growth,1.0,Commercial
2016,com,5-7,ISNE,Northeast Power Coordinating Council / New England,AEO2026 Low Economic Growth,1.0,Commercial
2016,com,5-9,NYUP,Northeast Power Coordinating Council / Upstate New York,AEO2026 Low Economic Growth,1.0,Commercial
2016,com,5-12,PJMC,PJM / Commonwealth Edison,AEO2026 Low Economic Growth,1.0,Commercial
2016,com,5-13,PJMD,PJM / Dominion,AEO2026 Low Economic Growth,1.0,Commercial
2016,com,5-10,PJME,PJM / East,AEO2026 Low Economic Growth,1.0,Commercial
2016,com,5-11,PJMW,PJM / West,AEO2026 Low Economic Growth,1.0,Commercial
2016,com,5-16,SRCE,SERC Reliability Corporation / Central,AEO2026 Low Economic Growth,1.0,Commercial
2016,com,5-14,SRCA,SERC Reliability Corporation / East,AEO2026 Low Economic Growth,1.0,Commercial
2016,com,5-15,SRSE,SERC Reliability Corporation / Southeastern,AEO2026 Low Economic Growth,1.0,Commercial
2016,com,5-2,FRCC,Florida Reliability Coordinating Council,AEO2026 Low Economic Growth,1.0,Commercial
2016,com,5-18,SPPC,Southwest Power Pool / Central,AEO2026 Low Economic Growth,1.0,Commercial
2016,com,5-17,SPPS,Southwest Power Pool / South,AEO2026 Low Economic Growth,1.0,Commercial
2016,com,5-1,TRE,Texas Reliability Entity,AEO2026 Low Economic Growth,1.0,Commercial
2016,com,5-25,BASN,Western Electricity Coordinating Council / Basin,AEO2026 Low Economic Growth,1.0,Commercial
2016,com,5-21,CANO,Western Electricity Coordinating Council / California North,AEO2026 Low Economic Growth,1.0,Commercial
2016,com,5-22,CASO,Western Electricity Coordinating Council / California South,AEO2026 Low Economic Growth,1.0,Commercial
2016,com,5-24,RMRG,Western Electricity Coordinating Council / Rockies,AEO2026 Low Economic Growth,1.0,Commercial
2016,com,5-20,SRSG,Western Electricity Coordinating Council / Southwest,AEO2026 Low Economic Growth,1.0,Commercial
2016,com,5-23,NWPP,Western Electricity Coordinating Council / Northwest Power Pool Area,AEO2026 Low Economic Growth,1.0,Commercial
2016,ind,5-2,FRCC,Florida Reliability Coordinating Council,AEO2026 Low Economic Growth,1.0,Industrial
2016,ind,5-4,MISC,Midcontinent / Central,AEO2026 Low Economic Growth,1.0,Industrial
2016,ind,5-5,MISE,Midcontinent / East,AEO2026 Low Economic Growth,1.0,Industrial
2016,ind,5-6,MISS,Midcontinent / South,AEO2026 Low Economic Growth,1.0,Industrial
2016,ind,5-3,MISW,Midcontinent / West,AEO2026 Low Economic Growth,1.0,Industrial
2016,ind,5-8,NYCW,Northeast Power Coordinating Council / New York City and Long Island,AEO2026 Low Economic Growth,1.0,Industrial
2016,com,5-19,SPPN,Southwest Power Pool / North,AEO2026 Low Economic Growth,1.0,Commercial
2016,ind,5-7,ISNE,Northeast Power Coordinating Council / New England,AEO2026 Low Economic Growth,1.0,Industrial
2016,ind,5-9,NYUP,Northeast Power Coordinating Council / Upstate New York,AEO2026 Low Economic Growth,1.0,Industrial
2016,ind,5-12,PJMC,PJM / Commonwealth Edison,AEO2026 Low Economic Growth,1.0,Industrial
2016,ind,5-13,PJMD,PJM / Dominion,AEO2026 Low Economic Growth,1.0,Industrial
2016,res,5-21,CANO,Western Electricity Coordinating Council / California North,AEO2026 Low Economic Growth,1.0,Residential
2016,res,5-22,CASO,Western Electricity Coordinating Council / California South,AEO2026 Low Economic Growth,1.0,Residential
2016,res,5-24,RMRG,Western Electricity Coordinating Council / Rockies,AEO2026 Low Economic Growth,1.0,Residential
2016,res,5-20,SRSG,Western Electricity Coordinating Council / Southwest,AEO2026 Low Economic Growth,1.0,Residential
2016,res,5-23,NWPP,Western Electricity Coordinating Council / Northwest Power Pool Area,AEO2026 Low Economic Growth,1.0,Residential
2016,trans,5-2,FRCC,Florida Reliability Coordinating Council,AEO2026 Low Economic Growth,1.0,Transportation
2016,trans,5-4,MISC,Midcontinent / Central,AEO2026 Low Economic Growth,1.0,Transportation
2016,trans,5-5,MISE,Midcontinent / East,AEO2026 Low Economic Growth,1.0,Transportation
2016,trans,5-6,MISS,Midcontinent / South,AEO2026 Low Economic Growth,1.0,Transportation
2016,trans,5-3,MISW,Midcontinent / West,AEO2026 Low Economic Growth,1.0,Transportation
2016,trans,5-8,NYCW,Northeast Power Coordinating Council / New York City and Long Island,AEO2026 Low Economic Growth,1.0,Transportation
2016,trans,5-7,ISNE,Northeast Power Coordinating Council / New England,AEO2026 Low Economic Growth,1.0,Transportation
2016,trans,5-9,NYUP,Northeast Power Coordinating Council / Upstate New York,AEO2026 Low Economic Growth,1.0,Transportation
2016,trans,5-12,PJMC,PJM / Commonwealth Edison,AEO2026 Low Economic Growth,1.0,Transportation
2016,res,5-25,BASN,Western Electricity Coordinating Council / Basin,AEO2026 Low Economic Growth,1.0,Residential
2016,trans,5-13,PJMD,PJM / Dominion,AEO2026 Low Economic Growth,1.0,Transportation
2016,trans,5-11,PJMW,PJM / West,AEO2026 Low Economic Growth,1.0,Transportation
2016,trans,5-16,SRCE,SERC Reliability Corporation / Central,AEO2026 Low Economic Growth,1.0,Transportation
2016,trans,5-14,SRCA,SERC Reliability Corporation / East,AEO2026 Low Economic Growth,1.0,Transportation
2016,trans,5-15,SRSE,SERC Reliability Corporation / Southeastern,AEO2026 Low Economic Growth,1.0,Transportation
2016,trans,5-18,SPPC,Southwest Power Pool / Central,AEO2026 Low Economic Growth,1.0,Transportation
2016,trans,5-19,SPPN,Southwest Power Pool / North,AEO2026 Low Economic Growth,1.0,Transportation
2016,trans,5-17,SPPS,Southwest Power Pool / South,AEO2026 Low Economic Growth,1.0,Transportation
2016,trans,5-1,TRE,Texas Reliability Entity,AEO2026 Low Economic Growth,1.0,Transportation
2016,trans,5-25,BASN,Western Electricity Coordinating Council / Basin,AEO2026 Low Economic Growth,1.0,Transportation
2016,trans,5-21,CANO,Western Electricity Coordinating Council / California North,AEO2026 Low Economic Growth,1.0,Transportation
2016,trans,5-22,CASO,Western Electricity Coordinating Council / California South,AEO2026 Low Economic Growth,1.0,Transportation
2016,trans,5-24,RMRG,Western Electricity Coordinating Council / Rockies,AEO2026 Low Economic Growth,1.0,Transportation
2016,trans,5-20,SRSG,Western Electricity Coordinating Council / Southwest,AEO2026 Low Economic Growth,1.0,Transportation
2016,trans,5-23,NWPP,Western Electricity Coordinating Council / Northwest Power Pool Area,AEO2026 Low Economic Growth,1.0,Transportation
2016,trans,5-10,PJME,PJM / East,AEO2026 Low Economic Growth,1.0,Transportation
2016,res,5-1,TRE,Texas Reliability Entity,AEO2026 Low Economic Growth,1.0,Residential
2016,res,5-17,SPPS,Southwest Power Pool / South,AEO2026 Low Economic Growth,1.0,Residential
2016,res,5-19,SPPN,Southwest Power Pool / North,AEO2026 Low Economic Growth,1.0,Residential
2016,ind,5-10,PJME,PJM / East,AEO2026 Low Economic Growth,1.0,Industrial
2016,ind,5-11,PJMW,PJM / West,AEO2026 Low Economic Growth,1.0,Industrial
2016,ind,5-16,SRCE,SERC Reliability Corporation / Central,AEO2026 Low Economic Growth,1.0,Industrial
2016,ind,5-14,SRCA,SERC Reliability Corporation / East,AEO2026 Low Economic Growth,1.0,Industrial
2016,ind,5-15,SRSE,SERC Reliability Corporation / Southeastern,AEO2026 Low Economic Growth,1.0,Industrial
2016,ind,5-18,SPPC,Southwest Power Pool / Central,AEO2026 Low Economic Growth,1.0,Industrial
2016,ind,5-19,SPPN,Southwest Power Pool / North,AEO2026 Low Economic Growth,1.0,Industrial
2016,ind,5-17,SPPS,Southwest Power Pool / South,AEO2026 Low Economic Growth,1.0,Industrial
2016,ind,5-1,TRE,Texas Reliability Entity,AEO2026 Low Economic Growth,1.0,Industrial
2016,ind,5-25,BASN,Western Electricity Coordinating Council / Basin,AEO2026 Low Economic Growth,1.0,Industrial
2016,ind,5-21,CANO,Western Electricity Coordinating Council / California North,AEO2026 Low Economic Growth,1.0,Industrial
2016,ind,5-22,CASO,Western Electricity Coordinating Council / California South,AEO2026 Low Economic Growth,1.0,Industrial
2016,ind,5-24,RMRG,Western Electricity Coordinating Council / Rockies,AEO2026 Low Economic Growth,1.0,Industrial
2016,ind,5-20,SRSG,Western Electricity Coordinating Council / Southwest,AEO2026 Low Economic Growth,1.0,Industrial
2016,ind,5-23,NWPP,Western Electricity Coordinating Council / Northwest Power Pool Area,AEO2026 Low Economic Growth,1.0,Industrial
2016,res,5-2,FRCC,Florida Reliability Coordinating Council,AEO2026 Low Economic Growth,1.0,Residential
2016,res,5-4,MISC,Midcontinent / Central,AEO2026 Low Economic Growth,1.0,Residential
2016,res,5-18,SPPC,Southwest Power Pool / Central,AEO2026 Low Economic Growth,1.0,Residential
2016,res,5-15,SRSE,SERC Reliability Corporation / Southeastern,AEO2026 Low Economic Growth,1.0,Residential
2016,res,5-14,SRCA,SERC Reliability Corporation / East,AEO2026 Low Economic Growth,1.0,Residential
2016,res,5-16,SRCE,SERC Reliability Corporation / Central,AEO2026 Low Economic Growth,1.0,Residential
2016,res,5-11,PJMW,PJM / West,AEO2026 Low Economic Growth,1.0,Residential
2016,res,5-10,PJME,PJM / East,AEO2026 Low Economic Growth,1.0,Residential
2016,res,5-13,PJMD,PJM / Dominion,AEO2026 Low Economic Growth,1.0,Residential
2016,res,5-9,NYUP,Northeast Power Coordinating Council / Upstate New York,AEO2026 Low Economic Growth,1.0,Residential
2016,res,5-7,ISNE,Northeast Power Coordinating Council / New England,AEO2026 Low Economic Growth,1.0,Residential
2016,res,5-8,NYCW,Northeast Power Coordinating Council / New York City and Long Island,AEO2026 Low Economic Growth,1.0,Residential
2016,res,5-3,MISW,Midcontinent / West,AEO2026 Low Economic Growth,1.0,Residential
2016,res,5-6,MISS,Midcontinent / South,AEO2026 Low Economic Growth,1.0,Residential
2016,res,5-5,MISE,Midcontinent / East,AEO2026 Low Economic Growth,1.0,Residential
2016,res,5-12,PJMC,PJM / Commonwealth Edison,AEO2026 Low Economic Growth,1.0,Residential
2017,com,5-5,MISE,Midcontinent / East,AEO2026 Low Economic Growth,1.0,Commercial
2017,com,5-6,MISS,Midcontinent / South,AEO2026 Low Economic Growth,1.0,Commercial
2017,com,5-3,MISW,Midcontinent / West,AEO2026 Low Economic Growth,1.0,Commercial
2017,com,5-8,NYCW,Northeast Power Coordinating Council / New York City and Long Island,AEO2026 Low Economic Growth,1.0,Commercial
2017,com,5-7,ISNE,Northeast Power Coordinating Council / New England,AEO2026 Low Economic Growth,1.0,Commercial
2017,com,5-9,NYUP,Northeast Power Coordinating Council / Upstate New York,AEO2026 Low Economic Growth,1.0,Commercial
2017,com,5-12,PJMC,PJM / Commonwealth Edison,AEO2026 Low Economic Growth,1.0,Commercial
2017,com,5-13,PJMD,PJM / Dominion,AEO2026 Low Economic Growth,1.0,Commercial
2017,com,5-10,PJME,PJM / East,AEO2026 Low Economic Growth,1.0,Commercial
2017,com,5-11,PJMW,PJM / West,AEO2026 Low Economic Growth,1.0,Commercial
2017,com,5-16,SRCE,SERC Reliability Corporation / Central,AEO2026 Low Economic Growth,1.0,Commercial
2017,com,5-14,SRCA,SERC Reliability Corporation / East,AEO2026 Low Economic Growth,1.0,Commercial
2017,com,5-15,SRSE,SERC Reliability Corporation / Southeastern,AEO2026 Low Economic Growth,1.0,Commercial
2017,com,5-18,SPPC,Southwest Power Pool / Central,AEO2026 Low Economic Growth,1.0,Commercial
2017,com,5-4,MISC,Midcontinent / Central,AEO2026 Low Economic Growth,1.0,Commercial
2017,com,5-19,SPPN,Southwest Power Pool / North,AEO2026 Low Economic Growth,1.0,Commercial
2017,com,5-1,TRE,Texas Reliability Entity,AEO2026 Low Economic Growth,1.0,Commercial
2017,com,5-25,BASN,Western Electricity Coordinating Council / Basin,AEO2026 Low Economic Growth,1.0,Commercial
2017,com,5-21,CANO,Western Electricity Coordinating Council / California North,AEO2026 Low Economic Growth,1.0,Commercial
2017,com,5-22,CASO,Western Electricity Coordinating Council / California South,AEO2026 Low Economic Growth,1.0,Commercial
2017,com,5-24,RMRG,Western Electricity Coordinating Council / Rockies,AEO2026 Low Economic Growth,1.0,Commercial
2017,com,5-20,SRSG,Western Electricity Coordinating Council / Southwest,AEO2026 Low Economic Growth,1.0,Commercial
2017,com,5-23,NWPP,Western Electricity Coordinating Council / Northwest Power Pool Area,AEO2026 Low Economic Growth,1.0,Commercial
2017,ind,5-2,FRCC,Florida Reliability Coordinating Council,AEO2026 Low Economic Growth,1.0,Industrial
2017,ind,5-4,MISC,Midcontinent / Central,AEO2026 Low Economic Growth,1.0,Industrial
2017,ind,5-5,MISE,Midcontinent / East,AEO2026 Low Economic Growth,1.0,Industrial
2017,ind,5-6,MISS,Midcontinent / South,AEO2026 Low Economic Growth,1.0,Industrial
2017,ind,5-3,MISW,Midcontinent / West,AEO2026 Low Economic Growth,1.0,Industrial
2017,ind,5-8,NYCW,Northeast Power Coordinating Council / New York City and Long Island,AEO2026 Low Economic Growth,1.0,Industrial
2017,ind,5-7,ISNE,Northeast Power Coordinating Council / New England,AEO2026 Low Economic Growth,1.0,Industrial
2017,com,5-17,SPPS,Southwest Power Pool / South,AEO2026 Low Economic Growth,1.0,Commercial
2017,com,5-2,FRCC,Florida Reliability Coordinating Council,AEO2026 Low Economic Growth,1.0,Commercial
2017,ind,5-9,NYUP,Northeast Power Coordinating Council / Upstate New York,AEO2026 Low Economic Growth,1.0,Industrial
2017,ind,5-12,PJMC,PJM / Commonwealth Edison,AEO2026 Low Economic Growth,1.0,Industrial
2017,ind,5-10,PJME,PJM / East,AEO2026 Low Economic Growth,1.0,Industrial
2017,res,5-22,CASO,Western Electricity Coordinating Council / California South,AEO2026 Low Economic Growth,1.0,Residential
2017,res,5-24,RMRG,Western Electricity Coordinating Council / Rockies,AEO2026 Low Economic Growth,1.0,Residential
2017,res,5-20,SRSG,Western Electricity Coordinating Council / Southwest,AEO2026 Low Economic Growth,1.0,Residential
2017,res,5-23,NWPP,Western Electricity Coordinating Council / Northwest Power Pool Area,AEO2026 Low Economic Growth,1.0,Residential
2017,trans,5-2,FRCC,Florida Reliability Coordinating Council,AEO2026 Low Economic Growth,1.0,Transportation
2017,trans,5-4,MISC,Midcontinent / Central,AEO2026 Low Economic Growth,1.0,Transportation
2017,trans,5-5,MISE,Midcontinent / East,AEO2026 Low Economic Growth,1.0,Transportation
2017,trans,5-6,MISS,Midcontinent / South,AEO2026 Low Economic Growth,1.0,Transportation
2017,trans,5-3,MISW,Midcontinent / West,AEO2026 Low Economic Growth,1.0,Transportation
2017,trans,5-8,NYCW,Northeast Power Coordinating Council / New York City and Long Island,AEO2026 Low Economic Growth,1.0,Transportation
2017,trans,5-7,ISNE,Northeast Power Coordinating Council / New England,AEO2026 Low Economic Growth,1.0,Transportation
2017,trans,5-9,NYUP,Northeast Power Coordinating Council / Upstate New York,AEO2026 Low Economic Growth,1.0,Transportation
2017,trans,5-12,PJMC,PJM / Commonwealth Edison,AEO2026 Low Economic Growth,1.0,Transportation
2017,trans,5-13,PJMD,PJM / Dominion,AEO2026 Low Economic Growth,1.0,Transportation
2017,res,5-21,CANO,Western Electricity Coordinating Council / California North,AEO2026 Low Economic Growth,1.0,Residential
2017,trans,5-10,PJME,PJM / East,AEO2026 Low Economic Growth,1.0,Transportation
2017,trans,5-16,SRCE,SERC Reliability Corporation / Central,AEO2026 Low Economic Growth,1.0,Transportation
2017,trans,5-14,SRCA,SERC Reliability Corporation / East,AEO2026 Low Economic Growth,1.0,Transportation
2017,trans,5-15,SRSE,SERC Reliability Corporation / Southeastern,AEO2026 Low Economic Growth,1.0,Transportation
2017,trans,5-18,SPPC,Southwest Power Pool / Central,AEO2026 Low Economic Growth,1.0,Transportation
2017,trans,5-19,SPPN,Southwest Power Pool / North,AEO2026 Low Economic Growth,1.0,Transportation
2017,trans,5-17,SPPS,Southwest Power Pool / South,AEO2026 Low Economic Growth,1.0,Transportation
2017,trans,5-1,TRE,Texas Reliability Entity,AEO2026 Low Economic Growth,1.0,Transportation
2017,trans,5-25,BASN,Western Electricity Coordinating Council / Basin,AEO2026 Low Economic Growth,1.0,Transportation
2017,trans,5-21,CANO,Western Electricity Coordinating Council / California North,AEO2026 Low Economic Growth,1.0,Transportation
2017,trans,5-22,CASO,Western Electricity Coordinating Council / California South,AEO2026 Low Economic Growth,1.0,Transportation
2017,trans,5-24,RMRG,Western Electricity Coordinating Council / Rockies,AEO2026 Low Economic Growth,1.0,Transportation
2017,trans,5-20,SRSG,Western Electricity Coordinating Council / Southwest,AEO2026 Low Economic Growth,1.0,Transportation
2017,trans,5-23,NWPP,Western Electricity Coordinating Council / Northwest Power Pool Area,AEO2026 Low Economic Growth,1.0,Transportation
2017,trans,5-11,PJMW,PJM / West,AEO2026 Low Economic Growth,1.0,Transportation
2017,res,5-25,BASN,Western Electricity Coordinating Council / Basin,AEO2026 Low Economic Growth,1.0,Residential
2017,res,5-1,TRE,Texas Reliability Entity,AEO2026 Low Economic Growth,1.0,Residential
2017,res,5-17,SPPS,Southwest Power Pool / South,AEO2026 Low Economic Growth,1.0,Residential
2017,ind,5-11,PJMW,PJM / West,AEO2026 Low Economic Growth,1.0,Industrial
2017,ind,5-16,SRCE,SERC Reliability Corporation / Central,AEO2026 Low Economic Growth,1.0,Industrial
2017,ind,5-14,SRCA,SERC Reliability Corporation / East,AEO2026 Low Economic Growth,1.0,Industrial
2017,ind,5-15,SRSE,SERC Reliability Corporation / Southeastern,AEO2026 Low Economic Growth,1.0,Industrial
2017,ind,5-18,SPPC,Southwest Power Pool / Central,AEO2026 Low Economic Growth,1.0,Industrial
2017,ind,5-19,SPPN,Southwest Power Pool / North,AEO2026 Low Economic Growth,1.0,Industrial
2017,ind,5-17,SPPS,Southwest Power Pool / South,AEO2026 Low Economic Growth,1.0,Industrial
2017,ind,5-1,TRE,Texas Reliability Entity,AEO2026 Low Economic Growth,1.0,Industrial
2017,ind,5-25,BASN,Western Electricity Coordinating Council / Basin,AEO2026 Low Economic Growth,1.0,Industrial
2017,ind,5-21,CANO,Western Electricity Coordinating Council / California North,AEO2026 Low Economic Growth,1.0,Industrial
2017,ind,5-22,CASO,Western Electricity Coordinating Council / California South,AEO2026 Low Economic Growth,1.0,Industrial
2017,ind,5-24,RMRG,Western Electricity Coordinating Council / Rockies,AEO2026 Low Economic Growth,1.0,Industrial
2017,ind,5-20,SRSG,Western Electricity Coordinating Council / Southwest,AEO2026 Low Economic Growth,1.0,Industrial
2017,ind,5-23,NWPP,Western Electricity Coordinating Council / Northwest Power Pool Area,AEO2026 Low Economic Growth,1.0,Industrial
2017,res,5-2,FRCC,Florida Reliability Coordinating Council,AEO2026 Low Economic Growth,1.0,Residential
2017,res,5-4,MISC,Midcontinent / Central,AEO2026 Low Economic Growth,1.0,Residential
2017,res,5-5,MISE,Midcontinent / East,AEO2026 Low Economic Growth,1.0,Residential
2017,res,5-19,SPPN,Southwest Power Pool / North,AEO2026 Low Economic Growth,1.0,Residential
2017,res,5-18,SPPC,Southwest Power Pool / Central,AEO2026 Low Economic Growth,1.0,Residential
2017,res,5-15,SRSE,SERC Reliability Corporation / Southeastern,AEO2026 Low Economic Growth,1.0,Residential
2017,res,5-14,SRCA,SERC Reliability Corporation / East,AEO2026 Low Economic Growth,1.0,Residential
2017,res,5-16,SRCE,SERC Reliability Corporation / Central,AEO2026 Low Economic Growth,1.0,Residential
2017,res,5-11,PJMW,PJM / West,AEO2026 Low Economic Growth,1.0,Residential
2017,ind,5-13,PJMD,PJM / Dominion,AEO2026 Low Economic Growth,1.0,Industrial
2017,res,5-10,PJME,PJM / East,AEO2026 Low Economic Growth,1.0,Residential
2017,res,5-12,PJMC,PJM / Commonwealth Edison,AEO2026 Low Economic Growth,1.0,Residential
2017,res,5-9,NYUP,Northeast Power Coordinating Council / Upstate New York,AEO2026 Low Economic Growth,1.0,Residential
2017,res,5-7,ISNE,Northeast Power Coordinating Council / New England,AEO2026 Low Economic Growth,1.0,Residential
2017,res,5-8,NYCW,Northeast Power Coordinating Council / New York City and Long Island,AEO2026 Low Economic Growth,1.0,Residential
2017,res,5-3,MISW,Midcontinent / West,AEO2026 Low Economic Growth,1.0,Residential
2017,res,5-6,MISS,Midcontinent / South,AEO2026 Low Economic Growth,1.0,Residential
2017,res,5-13,PJMD,PJM / Dominion,AEO2026 Low Economic Growth,1.0,Residential
2018,com,5-5,MISE,Midcontinent / East,AEO2026 Low Economic Growth,1.0,Commercial
2018,com,5-6,MISS,Midcontinent / South,AEO2026 Low Economic Growth,1.0,Commercial
2018,com,5-3,MISW,Midcontinent / West,AEO2026 Low Economic Growth,1.0,Commercial
2018,com,5-8,NYCW,Northeast Power Coordinating Council / New York City and Long Island,AEO2026 Low Economic Growth,1.0,Commercial
2018,com,5-7,ISNE,Northeast Power Coordinating Council / New England,AEO2026 Low Economic Growth,1.0,Commercial
2018,com,5-9,NYUP,Northeast Power Coordinating Council / Upstate New York,AEO2026 Low Economic Growth,1.0,Commercial
2018,com,5-12,PJMC,PJM / Commonwealth Edison,AEO2026 Low Economic Growth,1.0,Commercial
2018,com,5-13,PJMD,PJM / Dominion,AEO2026 Low Economic Growth,1.0,Commercial
2018,com,5-10,PJME,PJM / East,AEO2026 Low Economic Growth,1.0,Commercial
2018,com,5-11,PJMW,PJM / West,AEO2026 Low Economic Growth,1.0,Commercial
2018,com,5-16,SRCE,SERC Reliability Corporation / Central,AEO2026 Low Economic Growth,1.0,Commercial
2018,com,5-14,SRCA,SERC Reliability Corporation / East,AEO2026 Low Economic Growth,1.0,Commercial
2018,com,5-15,SRSE,SERC Reliability Corporation / Southeastern,AEO2026 Low Economic Growth,1.0,Commercial
2018,com,5-18,SPPC,Southwest Power Pool / Central,AEO2026 Low Economic Growth,1.0,Commercial
2018,com,5-4,MISC,Midcontinent / Central,AEO2026 Low Economic Growth,1.0,Commercial
2018,com,5-19,SPPN,Southwest Power Pool / North,AEO2026 Low Economic Growth,1.0,Commercial
2018,com,5-1,TRE,Texas Reliability Entity,AEO2026 Low Economic Growth,1.0,Commercial
2018,com,5-25,BASN,Western Electricity Coordinating Council / Basin,AEO2026 Low Economic Growth,1.0,Commercial
2018,com,5-21,CANO,Western Electricity Coordinating Council / California North,AEO2026 Low Economic Growth,1.0,Commercial
2018,com,5-22,CASO,Western Electricity Coordinating Council / California South,AEO2026 Low Economic Growth,1.0,Commercial
2018,com,5-24,RMRG,Western Electricity Coordinating Council / Rockies,AEO2026 Low Economic Growth,1.0,Commercial
2018,com,5-20,SRSG,Western Electricity Coordinating Council / Southwest,AEO2026 Low Economic Growth,1.0,Commercial
2018,com,5-23,NWPP,Western Electricity Coordinating Council / Northwest Power Pool Area,AEO2026 Low Economic Growth,1.0,Commercial
2018,ind,5-2,FRCC,Florida Reliability Coordinating Council,AEO2026 Low Economic Growth,1.0,Industrial
2018,ind,5-4,MISC,Midcontinent / Central,AEO2026 Low Economic Growth,1.0,Industrial
2018,ind,5-5,MISE,Midcontinent / East,AEO2026 Low Economic Growth,1.0,Industrial
2018,ind,5-6,MISS,Midcontinent / South,AEO2026 Low Economic Growth,1.0,Industrial
2018,ind,5-3,MISW,Midcontinent / West,AEO2026 Low Economic Growth,1.0,Industrial
2018,ind,5-8,NYCW,Northeast Power Coordinating Council / New York City and Long Island,AEO2026 Low Economic Growth,1.0,Industrial
2018,ind,5-7,ISNE,Northeast Power Coordinating Council / New England,AEO2026 Low Economic Growth,1.0,Industrial
2018,com,5-17,SPPS,Southwest Power Pool / South,AEO2026 Low Economic Growth,1.0,Commercial
2018,com,5-2,FRCC,Florida Reliability Coordinating Council,AEO2026 Low Economic Growth,1.0,Commercial
2018,ind,5-9,NYUP,Northeast Power Coordinating Council / Upstate New York,AEO2026 Low Economic Growth,1.0,Industrial
2018,ind,5-12,PJMC,PJM / Commonwealth Edison,AEO2026 Low Economic Growth,1.0,Industrial
2018,ind,5-10,PJME,PJM / East,AEO2026 Low Economic Growth,1.0,Industrial
2018,res,5-22,CASO,Western Electricity Coordinating Council / California South,AEO2026 Low Economic Growth,1.0,Residential
2018,res,5-24,RMRG,Western Electricity Coordinating Council / Rockies,AEO2026 Low Economic Growth,1.0,Residential
2018,res,5-20,SRSG,Western Electricity Coordinating Council / Southwest,AEO2026 Low Economic Growth,1.0,Residential
2018,res,5-23,NWPP,Western Electricity Coordinating Council / Northwest Power Pool Area,AEO2026 Low Economic Growth,1.0,Residential
2018,trans,5-2,FRCC,Florida Reliability Coordinating Council,AEO2026 Low Economic Growth,1.0,Transportation
2018,trans,5-4,MISC,Midcontinent / Central,AEO2026 Low Economic Growth,1.0,Transportation
2018,trans,5-5,MISE,Midcontinent / East,AEO2026 Low Economic Growth,1.0,Transportation
2018,trans,5-6,MISS,Midcontinent / South,AEO2026 Low Economic Growth,1.0,Transportation
2018,trans,5-3,MISW,Midcontinent / West,AEO2026 Low Economic Growth,1.0,Transportation
2018,trans,5-8,NYCW,Northeast Power Coordinating Council / New York City and Long Island,AEO2026 Low Economic Growth,1.0,Transportation
2018,trans,5-7,ISNE,Northeast Power Coordinating Council / New England,AEO2026 Low Economic Growth,1.0,Transportation
2018,trans,5-9,NYUP,Northeast Power Coordinating Council / Upstate New York,AEO2026 Low Economic Growth,1.0,Transportation
2018,trans,5-12,PJMC,PJM / Commonwealth Edison,AEO2026 Low Economic Growth,1.0,Transportation
2018,trans,5-13,PJMD,PJM / Dominion,AEO2026 Low Economic Growth,1.0,Transportation
2018,res,5-21,CANO,Western Electricity Coordinating Council / California North,AEO2026 Low Economic Growth,1.0,Residential
2018,trans,5-10,PJME,PJM / East,AEO2026 Low Economic Growth,1.0,Transportation
2018,trans,5-16,SRCE,SERC Reliability Corporation / Central,AEO2026 Low Economic Growth,1.0,Transportation
2018,trans,5-14,SRCA,SERC Reliability Corporation / East,AEO2026 Low Economic Growth,1.0,Transportation
2018,trans,5-15,SRSE,SERC Reliability Corporation / Southeastern,AEO2026 Low Economic Growth,1.0,Transportation
2018,trans,5-18,SPPC,Southwest Power Pool / Central,AEO2026 Low Economic Growth,1.0,Transportation
2018,trans,5-19,SPPN,Southwest Power Pool / North,AEO2026 Low Economic Growth,1.0,Transportation
2018,trans,5-17,SPPS,Southwest Power Pool / South,AEO2026 Low Economic Growth,1.0,Transportation
2018,trans,5-1,TRE,Texas Reliability Entity,AEO2026 Low Economic Growth,1.0,Transportation
2018,trans,5-25,BASN,Western Electricity Coordinating Council / Basin,AEO2026 Low Economic Growth,1.0,Transportation
2018,trans,5-21,CANO,Western Electricity Coordinating Council / California North,AEO2026 Low Economic Growth,1.0,Transportation
2018,trans,5-22,CASO,Western Electricity Coordinating Council / California South,AEO2026 Low Economic Growth,1.0,Transportation
2018,trans,5-24,RMRG,Western Electricity Coordinating Council / Rockies,AEO2026 Low Economic Growth,1.0,Transportation
2018,trans,5-20,SRSG,Western Electricity Coordinating Council / Southwest,AEO2026 Low Economic Growth,1.0,Transportation
2018,trans,5-23,NWPP,Western Electricity Coordinating Council / Northwest Power Pool Area,AEO2026 Low Economic Growth,1.0,Transportation
2018,trans,5-11,PJMW,PJM / West,AEO2026 Low Economic Growth,1.0,Transportation
2018,res,5-25,BASN,Western Electricity Coordinating Council / Basin,AEO2026 Low Economic Growth,1.0,Residential
2018,res,5-1,TRE,Texas Reliability Entity,AEO2026 Low Economic Growth,1.0,Residential
2018,res,5-17,SPPS,Southwest Power Pool / South,AEO2026 Low Economic Growth,1.0,Residential
2018,ind,5-11,PJMW,PJM / West,AEO2026 Low Economic Growth,1.0,Industrial
2018,ind,5-16,SRCE,SERC Reliability Corporation / Central,AEO2026 Low Economic Growth,1.0,Industrial
2018,ind,5-14,SRCA,SERC Reliability Corporation / East,AEO2026 Low Economic Growth,1.0,Industrial
2018,ind,5-15,SRSE,SERC Reliability Corporation / Southeastern,AEO2026 Low Economic Growth,1.0,Industrial
2018,ind,5-18,SPPC,Southwest Power Pool / Central,AEO2026 Low Economic Growth,1.0,Industrial
2018,ind,5-19,SPPN,Southwest Power Pool / North,AEO2026 Low Economic Growth,1.0,Industrial
2018,ind,5-17,SPPS,Southwest Power Pool / South,AEO2026 Low Economic Growth,1.0,Industrial
2018,ind,5-1,TRE,Texas Reliability Entity,AEO2026 Low Economic Growth,1.0,Industrial
2018,ind,5-25,BASN,Western Electricity Coordinating Council / Basin,AEO2026 Low Economic Growth,1.0,Industrial
2018,ind,5-21,CANO,Western Electricity Coordinating Council / California North,AEO2026 Low Economic Growth,1.0,Industrial
2018,ind,5-22,CASO,Western Electricity Coordinating Council / California South,AEO2026 Low Economic Growth,1.0,Industrial
2018,ind,5-24,RMRG,Western Electricity Coordinating Council / Rockies,AEO2026 Low Economic Growth,1.0,Industrial
2018,ind,5-20,SRSG,Western Electricity Coordinating Council / Southwest,AEO2026 Low Economic Growth,1.0,Industrial
2018,ind,5-23,NWPP,Western Electricity Coordinating Council / Northwest Power Pool Area,AEO2026 Low Economic Growth,1.0,Industrial
2018,res,5-2,FRCC,Florida Reliability Coordinating Council,AEO2026 Low Economic Growth,1.0,Residential
2018,res,5-4,MISC,Midcontinent / Central,AEO2026 Low Economic Growth,1.0,Residential
2018,res,5-5,MISE,Midcontinent / East,AEO2026 Low Economic Growth,1.0,Residential
2018,res,5-19,SPPN,Southwest Power Pool / North,AEO2026 Low Economic Growth,1.0,Residential
2018,res,5-18,SPPC,Southwest Power Pool / Central,AEO2026 Low Economic Growth,1.0,Residential
2018,res,5-15,SRSE,SERC Reliability Corporation / Southeastern,AEO2026 Low Economic Growth,1.0,Residential
2018,res,5-14,SRCA,SERC Reliability Corporation / East,AEO2026 Low Economic Growth,1.0,Residential
2018,res,5-16,SRCE,SERC Reliability Corporation / Central,AEO2026 Low Economic Growth,1.0,Residential
2018,res,5-11,PJMW,PJM / West,AEO2026 Low Economic Growth,1.0,Residential
2018,ind,5-13,PJMD,PJM / Dominion,AEO2026 Low Economic Growth,1.0,Industrial
2018,res,5-10,PJME,PJM / East,AEO2026 Low Economic Growth,1.0,Residential
2018,res,5-12,PJMC,PJM / Commonwealth Edison,AEO2026 Low Economic Growth,1.0,Residential
2018,res,5-9,NYUP,Northeast Power Coordinating Council / Upstate New York,AEO2026 Low Economic Growth,1.0,Residential
2018,res,5-7,ISNE,Northeast Power Coordinating Council / New England,AEO2026 Low Economic Growth,1.0,Residential
2018,res,5-8,NYCW,Northeast Power Coordinating Council / New York City and Long Island,AEO2026 Low Economic Growth,1.0,Residential
2018,res,5-3,MISW,Midcontinent / West,AEO2026 Low Economic Growth,1.0,Residential
2018,res,5-6,MISS,Midcontinent / South,AEO2026 Low Economic Growth,1.0,Residential
2018,res,5-13,PJMD,PJM / Dominion,AEO2026 Low Economic Growth,1.0,Residential
2019,res,5-15,SRSE,SERC Reliability Corporation / Southeastern,AEO2026 Low Economic Growth,1.0,Residential
2019,res,5-14,SRCA,SERC Reliability Corporation / East,AEO2026 Low Economic Growth,1.0,Residential
2019,res,5-16,SRCE,SERC Reliability Corporation / Central,AEO2026 Low Economic Growth,1.0,Residential
2019,res,5-11,PJMW,PJM / West,AEO2026 Low Economic Growth,1.0,Residential
2019,res,5-10,PJME,PJM / East,AEO2026 Low Economic Growth,1.0,Residential
2019,res,5-13,PJMD,PJM / Dominion,AEO2026 Low Economic Growth,1.0,Residential
2019,res,5-12,PJMC,PJM / Commonwealth Edison,AEO2026 Low Economic Growth,1.0,Residential
2019,res,5-9,NYUP,Northeast Power Coordinating Council / Upstate New York,AEO2026 Low Economic Growth,1.0,Residential
2019,res,5-7,ISNE,Northeast Power Coordinating Council / New England,AEO2026 Low Economic Growth,1.0,Residential
2019,res,5-8,NYCW,Northeast Power Coordinating Council / New York City and Long Island,AEO2026 Low Economic Growth,1.0,Residential
2019,res,5-3,MISW,Midcontinent / West,AEO2026 Low Economic Growth,1.0,Residential
2019,res,5-6,MISS,Midcontinent / South,AEO2026 Low Economic Growth,1.0,Residential
2019,res,5-5,MISE,Midcontinent / East,AEO2026 Low Economic Growth,1.0,Residential
2019,res,5-4,MISC,Midcontinent / Central,AEO2026 Low Economic Growth,1.0,Residential
2019,res,5-18,SPPC,Southwest Power Pool / Central,AEO2026 Low Economic Growth,1.0,Residential
2019,res,5-2,FRCC,Florida Reliability Coordinating Council,AEO2026 Low Economic Growth,1.0,Residential
2019,ind,5-20,SRSG,Western Electricity Coordinating Council / Southwest,AEO2026 Low Economic Growth,1.0,Industrial
2019,ind,5-24,RMRG,Western Electricity Coordinating Council / Rockies,AEO2026 Low Economic Growth,1.0,Industrial
2019,ind,5-22,CASO,Western Electricity Coordinating Council / California South,AEO2026 Low Economic Growth,1.0,Industrial
2019,ind,5-21,CANO,Western Electricity Coordinating Council / California North,AEO2026 Low Economic Growth,1.0,Industrial
2019,ind,5-25,BASN,Western Electricity Coordinating Council / Basin,AEO2026 Low Economic Growth,1.0,Industrial
2019,ind,5-1,TRE,Texas Reliability Entity,AEO2026 Low Economic Growth,1.0,Industrial
2019,ind,5-17,SPPS,Southwest Power Pool / South,AEO2026 Low Economic Growth,1.0,Industrial
2019,ind,5-19,SPPN,Southwest Power Pool / North,AEO2026 Low Economic Growth,1.0,Industrial
2019,ind,5-18,SPPC,Southwest Power Pool / Central,AEO2026 Low Economic Growth,1.0,Industrial
2019,ind,5-15,SRSE,SERC Reliability Corporation / Southeastern,AEO2026 Low Economic Growth,1.0,Industrial
2019,ind,5-14,SRCA,SERC Reliability Corporation / East,AEO2026 Low Economic Growth,1.0,Industrial
2019,ind,5-16,SRCE,SERC Reliability Corporation / Central,AEO2026 Low Economic Growth,1.0,Industrial
2019,ind,5-11,PJMW,PJM / West,AEO2026 Low Economic Growth,1.0,Industrial
2019,ind,5-10,PJME,PJM / East,AEO2026 Low Economic Growth,1.0,Industrial
2019,ind,5-23,NWPP,Western Electricity Coordinating Council / Northwest Power Pool Area,AEO2026 Low Economic Growth,1.0,Industrial
2019,res,5-19,SPPN,Southwest Power Pool / North,AEO2026 Low Economic Growth,1.0,Residential
2019,res,5-17,SPPS,Southwest Power Pool / South,AEO2026 Low Economic Growth,1.0,Residential
2019,res,5-1,TRE,Texas Reliability Entity,AEO2026 Low Economic Growth,1.0,Residential
2019,trans,5-23,NWPP,Western Electricity Coordinating Council / Northwest Power Pool Area,AEO2026 Low Economic Growth,1.0,Transportation
2019,trans,5-24,RMRG,Western Electricity Coordinating Council / Rockies,AEO2026 Low Economic Growth,1.0,Transportation
2019,trans,5-22,CASO,Western Electricity Coordinating Council / California South,AEO2026 Low Economic Growth,1.0,Transportation
2019,trans,5-21,CANO,Western Electricity Coordinating Council / California North,AEO2026 Low Economic Growth,1.0,Transportation
2019,trans,5-25,BASN,Western Electricity Coordinating Council / Basin,AEO2026 Low Economic Growth,1.0,Transportation
2019,trans,5-1,TRE,Texas Reliability Entity,AEO2026 Low Economic Growth,1.0,Transportation
2019,trans,5-17,SPPS,Southwest Power Pool / South,AEO2026 Low Economic Growth,1.0,Transportation
2019,trans,5-19,SPPN,Southwest Power Pool / North,AEO2026 Low Economic Growth,1.0,Transportation
2019,trans,5-18,SPPC,Southwest Power Pool / Central,AEO2026 Low Economic Growth,1.0,Transportation
2019,trans,5-15,SRSE,SERC Reliability Corporation / Southeastern,AEO2026 Low Economic Growth,1.0,Transportation
2019,trans,5-14,SRCA,SERC Reliability Corporation / East,AEO2026 Low Economic Growth,1.0,Transportation
2019,trans,5-16,SRCE,SERC Reliability Corporation / Central,AEO2026 Low Economic Growth,1.0,Transportation
2019,trans,5-11,PJMW,PJM / West,AEO2026 Low Economic Growth,1.0,Transportation
2019,trans,5-10,PJME,PJM / East,AEO2026 Low Economic Growth,1.0,Transportation
2019,trans,5-13,PJMD,PJM / Dominion,AEO2026 Low Economic Growth,1.0,Transportation
2019,trans,5-12,PJMC,PJM / Commonwealth Edison,AEO2026 Low Economic Growth,1.0,Transportation
2019,res,5-25,BASN,Western Electricity Coordinating Council / Basin,AEO2026 Low Economic Growth,1.0,Residential
2019,res,5-21,CANO,Western Electricity Coordinating Council / California North,AEO2026 Low Economic Growth,1.0,Residential
2019,res,5-22,CASO,Western Electricity Coordinating Council / California South,AEO2026 Low Economic Growth,1.0,Residential
2019,res,5-24,RMRG,Western Electricity Coordinating Council / Rockies,AEO2026 Low Economic Growth,1.0,Residential
2019,res,5-20,SRSG,Western Electricity Coordinating Council / Southwest,AEO2026 Low Economic Growth,1.0,Residential
2019,res,5-23,NWPP,Western Electricity Coordinating Council / Northwest Power Pool Area,AEO2026 Low Economic Growth,1.0,Residential
2019,ind,5-13,PJMD,PJM / Dominion,AEO2026 Low Economic Growth,1.0,Industrial
2019,trans,5-2,FRCC,Florida Reliability Coordinating Council,AEO2026 Low Economic Growth,1.0,Transportation
2019,trans,5-5,MISE,Midcontinent / East,AEO2026 Low Economic Growth,1.0,Transportation
2019,trans,5-6,MISS,Midcontinent / South,AEO2026 Low Economic Growth,1.0,Transportation
2019,trans,5-3,MISW,Midcontinent / West,AEO2026 Low Economic Growth,1.0,Transportation
2019,trans,5-8,NYCW,Northeast Power Coordinating Council / New York City and Long Island,AEO2026 Low Economic Growth,1.0,Transportation
2019,trans,5-7,ISNE,Northeast Power Coordinating Council / New England,AEO2026 Low Economic Growth,1.0,Transportation
2019,trans,5-9,NYUP,Northeast Power Coordinating Council / Upstate New York,AEO2026 Low Economic Growth,1.0,Transportation
2019,trans,5-4,MISC,Midcontinent / Central,AEO2026 Low Economic Growth,1.0,Transportation
2019,ind,5-12,PJMC,PJM / Commonwealth Edison,AEO2026 Low Economic Growth,1.0,Industrial
2019,ind,5-7,ISNE,Northeast Power Coordinating Council / New England,AEO2026 Low Economic Growth,1.0,Industrial
2019,ind,5-8,NYCW,Northeast Power Coordinating Council / New York City and Long Island,AEO2026 Low Economic Growth,1.0,Industrial
2019,ind,5-3,MISW,Midcontinent / West,AEO2026 Low Economic Growth,1.0,Industrial
2019,ind,5-6,MISS,Midcontinent / South,AEO2026 Low Economic Growth,1.0,Industrial
2019,ind,5-5,MISE,Midcontinent / East,AEO2026 Low Economic Growth,1.0,Industrial
2019,ind,5-4,MISC,Midcontinent / Central,AEO2026 Low Economic Growth,1.0,Industrial
2019,ind,5-2,FRCC,Florida Reliability Coordinating Council,AEO2026 Low Economic Growth,1.0,Industrial
2019,com,5-23,NWPP,Western Electricity Coordinating Council / Northwest Power Pool Area,AEO2026 Low Economic Growth,1.0,Commercial
2019,com,5-20,SRSG,Western Electricity Coordinating Council / Southwest,AEO2026 Low Economic Growth,1.0,Commercial
2019,com,5-24,RMRG,Western Electricity Coordinating Council / Rockies,AEO2026 Low Economic Growth,1.0,Commercial
2019,com,5-22,CASO,Western Electricity Coordinating Council / California South,AEO2026 Low Economic Growth,1.0,Commercial
2019,com,5-21,CANO,Western Electricity Coordinating Council / California North,AEO2026 Low Economic Growth,1.0,Commercial
2019,com,5-25,BASN,Western Electricity Coordinating Council / Basin,AEO2026 Low Economic Growth,1.0,Commercial
2019,com,5-1,TRE,Texas Reliability Entity,AEO2026 Low Economic Growth,1.0,Commercial
2019,com,5-17,SPPS,Southwest Power Pool / South,AEO2026 Low Economic Growth,1.0,Commercial
2019,com,5-19,SPPN,Southwest Power Pool / North,AEO2026 Low Economic Growth,1.0,Commercial
2019,com,5-18,SPPC,Southwest Power Pool / Central,AEO2026 Low Economic Growth,1.0,Commercial
2019,com,5-15,SRSE,SERC Reliability Corporation / Southeastern,AEO2026 Low Economic Growth,1.0,Commercial
2019,com,5-2,FRCC,Florida Reliability Coordinating Council,AEO2026 Low Economic Growth,1.0,Commercial
2019,com,5-4,MISC,Midcontinent / Central,AEO2026 Low Economic Growth,1.0,Commercial
2019,com,5-5,MISE,Midcontinent / East,AEO2026 Low Economic Growth,1.0,Commercial
2019,com,5-6,MISS,Midcontinent / South,AEO2026 Low Economic Growth,1.0,Commercial
2019,com,5-3,MISW,Midcontinent / West,AEO2026 Low Economic Growth,1.0,Commercial
2019,com,5-8,NYCW,Northeast Power Coordinating Council / New York City and Long Island,AEO2026 Low Economic Growth,1.0,Commercial
2019,ind,5-9,NYUP,Northeast Power Coordinating Council / Upstate New York,AEO2026 Low Economic Growth,1.0,Industrial
2019,com,5-7,ISNE,Northeast Power Coordinating Council / New England,AEO2026 Low Economic Growth,1.0,Commercial
2019,com,5-12,PJMC,PJM / Commonwealth Edison,AEO2026 Low Economic Growth,1.0,Commercial
2019,com,5-13,PJMD,PJM / Dominion,AEO2026 Low Economic Growth,1.0,Commercial
2019,com,5-10,PJME,PJM / East,AEO2026 Low Economic Growth,1.0,Commercial
2019,com,5-11,PJMW,PJM / West,AEO2026 Low Economic Growth,1.0,Commercial
2019,com,5-16,SRCE,SERC Reliability Corporation / Central,AEO2026 Low Economic Growth,1.0,Commercial
2019,com,5-14,SRCA,SERC Reliability Corporation / East,AEO2026 Low Economic Growth,1.0,Commercial
2019,com,5-9,NYUP,Northeast Power Coordinating Council / Upstate New York,AEO2026 Low Economic Growth,1.0,Commercial
2019,trans,5-20,SRSG,Western Electricity Coordinating Council / Southwest,AEO2026 Low Economic Growth,1.0,Transportation
2020,com,5-4,MISC,Midcontinent / Central,AEO2026 Low Economic Growth,1.0,Commercial
2020,com,5-5,MISE,Midcontinent / East,AEO2026 Low Economic Growth,1.0,Commercial
2020,com,5-6,MISS,Midcontinent / South,AEO2026 Low Economic Growth,1.0,Commercial
2020,com,5-3,MISW,Midcontinent / West,AEO2026 Low Economic Growth,1.0,Commercial
2020,com,5-8,NYCW,Northeast Power Coordinating Council / New York City and Long Island,AEO2026 Low Economic Growth,1.0,Commercial
2020,com,5-7,ISNE,Northeast Power Coordinating Council / New England,AEO2026 Low Economic Growth,1.0,Commercial
2020,com,5-9,NYUP,Northeast Power Coordinating Council / Upstate New York,AEO2026 Low Economic Growth,1.0,Commercial
2020,com,5-12,PJMC,PJM / Commonwealth Edison,AEO2026 Low Economic Growth,1.0,Commercial
2020,com,5-13,PJMD,PJM / Dominion,AEO2026 Low Economic Growth,1.0,Commercial
2020,com,5-10,PJME,PJM / East,AEO2026 Low Economic Growth,1.0,Commercial
2020,com,5-11,PJMW,PJM / West,AEO2026 Low Economic Growth,1.0,Commercial
2020,com,5-16,SRCE,SERC Reliability Corporation / Central,AEO2026 Low Economic Growth,1.0,Commercial
2020,com,5-14,SRCA,SERC Reliability Corporation / East,AEO2026 Low Economic Growth,1.0,Commercial
2020,com,5-15,SRSE,SERC Reliability Corporation / Southeastern,AEO2026 Low Economic Growth,1.0,Commercial
2020,com,5-2,FRCC,Florida Reliability Coordinating Council,AEO2026 Low Economic Growth,1.0,Commercial
2020,com,5-18,SPPC,Southwest Power Pool / Central,AEO2026 Low Economic Growth,1.0,Commercial
2020,com,5-17,SPPS,Southwest Power Pool / South,AEO2026 Low Economic Growth,1.0,Commercial
2020,com,5-1,TRE,Texas Reliability Entity,AEO2026 Low Economic Growth,1.0,Commercial
2020,com,5-25,BASN,Western Electricity Coordinating Council / Basin,AEO2026 Low Economic Growth,1.0,Commercial
2020,com,5-21,CANO,Western Electricity Coordinating Council / California North,AEO2026 Low Economic Growth,1.0,Commercial
2020,com,5-22,CASO,Western Electricity Coordinating Council / California South,AEO2026 Low Economic Growth,1.0,Commercial
2020,com,5-24,RMRG,Western Electricity Coordinating Council / Rockies,AEO2026 Low Economic Growth,1.0,Commercial
2020,com,5-20,SRSG,Western Electricity Coordinating Council / Southwest,AEO2026 Low Economic Growth,1.0,Commercial
2020,com,5-23,NWPP,Western Electricity Coordinating Council / Northwest Power Pool Area,AEO2026 Low Economic Growth,1.0,Commercial
2020,ind,5-2,FRCC,Florida Reliability Coordinating Council,AEO2026 Low Economic Growth,1.0,Industrial
2020,ind,5-4,MISC,Midcontinent / Central,AEO2026 Low Economic Growth,1.0,Industrial
2020,ind,5-5,MISE,Midcontinent / East,AEO2026 Low Economic Growth,1.0,Industrial
2020,ind,5-6,MISS,Midcontinent / South,AEO2026 Low Economic Growth,1.0,Industrial
2020,ind,5-3,MISW,Midcontinent / West,AEO2026 Low Economic Growth,1.0,Industrial
2020,ind,5-8,NYCW,Northeast Power Coordinating Council / New York City and Long Island,AEO2026 Low Economic Growth,1.0,Industrial
2020,com,5-19,SPPN,Southwest Power Pool / North,AEO2026 Low Economic Growth,1.0,Commercial
2020,ind,5-7,ISNE,Northeast Power Coordinating Council / New England,AEO2026 Low Economic Growth,1.0,Industrial
2020,ind,5-9,NYUP,Northeast Power Coordinating Council / Upstate New York,AEO2026 Low Economic Growth,1.0,Industrial
2020,ind,5-12,PJMC,PJM / Commonwealth Edison,AEO2026 Low Economic Growth,1.0,Industrial
2020,ind,5-13,PJMD,PJM / Dominion,AEO2026 Low Economic Growth,1.0,Industrial
2020,res,5-21,CANO,Western Electricity Coordinating Council / California North,AEO2026 Low Economic Growth,1.0,Residential
2020,res,5-22,CASO,Western Electricity Coordinating Council / California South,AEO2026 Low Economic Growth,1.0,Residential
2020,res,5-24,RMRG,Western Electricity Coordinating Council / Rockies,AEO2026 Low Economic Growth,1.0,Residential
2020,res,5-20,SRSG,Western Electricity Coordinating Council / Southwest,AEO2026 Low Economic Growth,1.0,Residential
2020,res,5-23,NWPP,Western Electricity Coordinating Council / Northwest Power Pool Area,AEO2026 Low Economic Growth,1.0,Residential
2020,trans,5-2,FRCC,Florida Reliability Coordinating Council,AEO2026 Low Economic Growth,1.0,Transportation
2020,trans,5-4,MISC,Midcontinent / Central,AEO2026 Low Economic Growth,1.0,Transportation
2020,trans,5-5,MISE,Midcontinent / East,AEO2026 Low Economic Growth,1.0,Transportation
2020,trans,5-6,MISS,Midcontinent / South,AEO2026 Low Economic Growth,1.0,Transportation
2020,trans,5-3,MISW,Midcontinent / West,AEO2026 Low Economic Growth,1.0,Transportation
2020,trans,5-8,NYCW,Northeast Power Coordinating Council / New York City and Long Island,AEO2026 Low Economic Growth,1.0,Transportation
2020,trans,5-7,ISNE,Northeast Power Coordinating Council / New England,AEO2026 Low Economic Growth,1.0,Transportation
2020,trans,5-9,NYUP,Northeast Power Coordinating Council / Upstate New York,AEO2026 Low Economic Growth,1.0,Transportation
2020,trans,5-12,PJMC,PJM / Commonwealth Edison,AEO2026 Low Economic Growth,1.0,Transportation
2020,res,5-25,BASN,Western Electricity Coordinating Council / Basin,AEO2026 Low Economic Growth,1.0,Residential
2020,trans,5-13,PJMD,PJM / Dominion,AEO2026 Low Economic Growth,1.0,Transportation
2020,trans,5-11,PJMW,PJM / West,AEO2026 Low Economic Growth,1.0,Transportation
2020,trans,5-16,SRCE,SERC Reliability Corporation / Central,AEO2026 Low Economic Growth,1.0,Transportation
2020,trans,5-14,SRCA,SERC Reliability Corporation / East,AEO2026 Low Economic Growth,1.0,Transportation
2020,trans,5-15,SRSE,SERC Reliability Corporation / Southeastern,AEO2026 Low Economic Growth,1.0,Transportation
2020,trans,5-18,SPPC,Southwest Power Pool / Central,AEO2026 Low Economic Growth,1.0,Transportation
2020,trans,5-19,SPPN,Southwest Power Pool / North,AEO2026 Low Economic Growth,1.0,Transportation
2020,trans,5-17,SPPS,Southwest Power Pool / South,AEO2026 Low Economic Growth,1.0,Transportation
2020,trans,5-1,TRE,Texas Reliability Entity,AEO2026 Low Economic Growth,1.0,Transportation
2020,trans,5-25,BASN,Western Electricity Coordinating Council / Basin,AEO2026 Low Economic Growth,1.0,Transportation
2020,trans,5-21,CANO,Western Electricity Coordinating Council / California North,AEO2026 Low Economic Growth,1.0,Transportation
2020,trans,5-22,CASO,Western Electricity Coordinating Council / California South,AEO2026 Low Economic Growth,1.0,Transportation
2020,trans,5-24,RMRG,Western Electricity Coordinating Council / Rockies,AEO2026 Low Economic Growth,1.0,Transportation
2020,trans,5-20,SRSG,Western Electricity Coordinating Council / Southwest,AEO2026 Low Economic Growth,1.0,Transportation
2020,trans,5-23,NWPP,Western Electricity Coordinating Council / Northwest Power Pool Area,AEO2026 Low Economic Growth,1.0,Transportation
2020,trans,5-10,PJME,PJM / East,AEO2026 Low Economic Growth,1.0,Transportation
2020,res,5-1,TRE,Texas Reliability Entity,AEO2026 Low Economic Growth,1.0,Residential
2020,res,5-17,SPPS,Southwest Power Pool / South,AEO2026 Low Economic Growth,1.0,Residential
2020,res,5-19,SPPN,Southwest Power Pool / North,AEO2026 Low Economic Growth,1.0,Residential
2020,ind,5-10,PJME,PJM / East,AEO2026 Low Economic Growth,1.0,Industrial
2020,ind,5-11,PJMW,PJM / West,AEO2026 Low Economic Growth,1.0,Industrial
2020,ind,5-16,SRCE,SERC Reliability Corporation / Central,AEO2026 Low Economic Growth,1.0,Industrial
2020,ind,5-14,SRCA,SERC Reliability Corporation / East,AEO2026 Low Economic Growth,1.0,Industrial
2020,ind,5-15,SRSE,SERC Reliability Corporation / Southeastern,AEO2026 Low Economic Growth,1.0,Industrial
2020,ind,5-18,SPPC,Southwest Power Pool / Central,AEO2026 Low Economic Growth,1.0,Industrial
2020,ind,5-19,SPPN,Southwest Power Pool / North,AEO2026 Low Economic Growth,1.0,Industrial
2020,ind,5-17,SPPS,Southwest Power Pool / South,AEO2026 Low Economic Growth,1.0,Industrial
2020,ind,5-1,TRE,Texas Reliability Entity,AEO2026 Low Economic Growth,1.0,Industrial
2020,ind,5-25,BASN,Western Electricity Coordinating Council / Basin,AEO2026 Low Economic Growth,1.0,Industrial
2020,ind,5-21,CANO,Western Electricity Coordinating Council / California North,AEO2026 Low Economic Growth,1.0,Industrial
2020,ind,5-22,CASO,Western Electricity Coordinating Council / California South,AEO2026 Low Economic Growth,1.0,Industrial
2020,ind,5-24,RMRG,Western Electricity Coordinating Council / Rockies,AEO2026 Low Economic Growth,1.0,Industrial
2020,ind,5-20,SRSG,Western Electricity Coordinating Council / Southwest,AEO2026 Low Economic Growth,1.0,Industrial
2020,ind,5-23,NWPP,Western Electricity Coordinating Council / Northwest Power Pool Area,AEO2026 Low Economic Growth,1.0,Industrial
2020,res,5-2,FRCC,Florida Reliability Coordinating Council,AEO2026 Low Economic Growth,1.0,Residential
2020,res,5-4,MISC,Midcontinent / Central,AEO2026 Low Economic Growth,1.0,Residential
2020,res,5-18,SPPC,Southwest Power Pool / Central,AEO2026 Low Economic Growth,1.0,Residential
2020,res,5-15,SRSE,SERC Reliability Corporation / Southeastern,AEO2026 Low Economic Growth,1.0,Residential
2020,res,5-14,SRCA,SERC Reliability Corporation / East,AEO2026 Low Economic Growth,1.0,Residential
2020,res,5-16,SRCE,SERC Reliability Corporation / Central,AEO2026 Low Economic Growth,1.0,Residential
2020,res,5-11,PJMW,PJM / West,AEO2026 Low Economic Growth,1.0,Residential
2020,res,5-10,PJME,PJM / East,AEO2026 Low Economic Growth,1.0,Residential
2020,res,5-13,PJMD,PJM / Dominion,AEO2026 Low Economic Growth,1.0,Residential
2020,res,5-9,NYUP,Northeast Power Coordinating Council / Upstate New York,AEO2026 Low Economic Growth,1.0,Residential
2020,res,5-7,ISNE,Northeast Power Coordinating Council / New England,AEO2026 Low Economic Growth,1.0,Residential
2020,res,5-8,NYCW,Northeast Power Coordinating Council / New York City and Long Island,AEO2026 Low Economic Growth,1.0,Residential
2020,res,5-3,MISW,Midcontinent / West,AEO2026 Low Economic Growth,1.0,Residential
2020,res,5-6,MISS,Midcontinent / South,AEO2026 Low Economic Growth,1.0,Residential
2020,res,5-5,MISE,Midcontinent / East,AEO2026 Low Economic Growth,1.0,Residential
2020,res,5-12,PJMC,PJM / Commonwealth Edison,AEO2026 Low Economic Growth,1.0,Residential
2021,trans,5-23,NWPP,Western Electricity Coordinating Council / Northwest Power Pool Area,AEO2026 Low Economic Growth,1.0,Transportation
2021,com,5-4,MISC,Midcontinent / Central,AEO2026 Low Economic Growth,1.0,Commercial
2021,com,5-5,MISE,Midcontinent / East,AEO2026 Low Economic Growth,1.0,Commercial
2021,com,5-6,MISS,Midcontinent / South,AEO2026 Low Economic Growth,1.0,Commercial
2021,com,5-3,MISW,Midcontinent / West,AEO2026 Low Economic Growth,1.0,Commercial
2021,com,5-8,NYCW,Northeast Power Coordinating Council / New York City and Long Island,AEO2026 Low Economic Growth,1.0,Commercial
2021,com,5-7,ISNE,Northeast Power Coordinating Council / New England,AEO2026 Low Economic Growth,1.0,Commercial
2021,com,5-9,NYUP,Northeast Power Coordinating Council / Upstate New York,AEO2026 Low Economic Growth,1.0,Commercial
2021,com,5-12,PJMC,PJM / Commonwealth Edison,AEO2026 Low Economic Growth,1.0,Commercial
2021,com,5-13,PJMD,PJM / Dominion,AEO2026 Low Economic Growth,1.0,Commercial
2021,com,5-10,PJME,PJM / East,AEO2026 Low Economic Growth,1.0,Commercial
2021,com,5-11,PJMW,PJM / West,AEO2026 Low Economic Growth,1.0,Commercial
2021,com,5-16,SRCE,SERC Reliability Corporation / Central,AEO2026 Low Economic Growth,1.0,Commercial
2021,com,5-14,SRCA,SERC Reliability Corporation / East,AEO2026 Low Economic Growth,1.0,Commercial
2021,com,5-15,SRSE,SERC Reliability Corporation / Southeastern,AEO2026 Low Economic Growth,1.0,Commercial
2021,com,5-2,FRCC,Florida Reliability Coordinating Council,AEO2026 Low Economic Growth,1.0,Commercial
2021,com,5-18,SPPC,Southwest Power Pool / Central,AEO2026 Low Economic Growth,1.0,Commercial
2021,com,5-17,SPPS,Southwest Power Pool / South,AEO2026 Low Economic Growth,1.0,Commercial
2021,com,5-1,TRE,Texas Reliability Entity,AEO2026 Low Economic Growth,1.0,Commercial
2021,com,5-25,BASN,Western Electricity Coordinating Council / Basin,AEO2026 Low Economic Growth,1.0,Commercial
2021,com,5-21,CANO,Western Electricity Coordinating Council / California North,AEO2026 Low Economic Growth,1.0,Commercial
2021,com,5-22,CASO,Western Electricity Coordinating Council / California South,AEO2026 Low Economic Growth,1.0,Commercial
2021,com,5-24,RMRG,Western Electricity Coordinating Council / Rockies,AEO2026 Low Economic Growth,1.0,Commercial
2021,com,5-20,SRSG,Western Electricity Coordinating Council / Southwest,AEO2026 Low Economic Growth,1.0,Commercial
2021,com,5-23,NWPP,Western Electricity Coordinating Council / Northwest Power Pool Area,AEO2026 Low Economic Growth,1.0,Commercial
2021,ind,5-2,FRCC,Florida Reliability Coordinating Council,AEO2026 Low Economic Growth,1.0,Industrial
2021,ind,5-4,MISC,Midcontinent / Central,AEO2026 Low Economic Growth,1.0,Industrial
2021,ind,5-5,MISE,Midcontinent / East,AEO2026 Low Economic Growth,1.0,Industrial
2021,ind,5-6,MISS,Midcontinent / South,AEO2026 Low Economic Growth,1.0,Industrial
2021,ind,5-3,MISW,Midcontinent / West,AEO2026 Low Economic Growth,1.0,Industrial
2021,ind,5-8,NYCW,Northeast Power Coordinating Council / New York City and Long Island,AEO2026 Low Economic Growth,1.0,Industrial
2021,com,5-19,SPPN,Southwest Power Pool / North,AEO2026 Low Economic Growth,1.0,Commercial
2021,ind,5-7,ISNE,Northeast Power Coordinating Council / New England,AEO2026 Low Economic Growth,1.0,Industrial
2021,ind,5-9,NYUP,Northeast Power Coordinating Council / Upstate New York,AEO2026 Low Economic Growth,1.0,Industrial
2021,ind,5-12,PJMC,PJM / Commonwealth Edison,AEO2026 Low Economic Growth,1.0,Industrial
2021,ind,5-13,PJMD,PJM / Dominion,AEO2026 Low Economic Growth,1.0,Industrial
2021,res,5-21,CANO,Western Electricity Coordinating Council / California North,AEO2026 Low Economic Growth,1.0,Residential
2021,res,5-22,CASO,Western Electricity Coordinating Council / California South,AEO2026 Low Economic Growth,1.0,Residential
2021,res,5-24,RMRG,Western Electricity Coordinating Council / Rockies,AEO2026 Low Economic Growth,1.0,Residential
2021,res,5-20,SRSG,Western Electricity Coordinating Council / Southwest,AEO2026 Low Economic Growth,1.0,Residential
2021,res,5-23,NWPP,Western Electricity Coordinating Council / Northwest Power Pool Area,AEO2026 Low Economic Growth,1.0,Residential
2021,trans,5-2,FRCC,Florida Reliability Coordinating Council,AEO2026 Low Economic Growth,1.0,Transportation
2021,trans,5-4,MISC,Midcontinent / Central,AEO2026 Low Economic Growth,1.0,Transportation
2021,trans,5-5,MISE,Midcontinent / East,AEO2026 Low Economic Growth,1.0,Transportation
2021,trans,5-6,MISS,Midcontinent / South,AEO2026 Low Economic Growth,1.0,Transportation
2021,trans,5-3,MISW,Midcontinent / West,AEO2026 Low Economic Growth,1.0,Transportation
2021,trans,5-8,NYCW,Northeast Power Coordinating Council / New York City and Long Island,AEO2026 Low Economic Growth,1.0,Transportation
2021,trans,5-7,ISNE,Northeast Power Coordinating Council / New England,AEO2026 Low Economic Growth,1.0,Transportation
2021,trans,5-9,NYUP,Northeast Power Coordinating Council / Upstate New York,AEO2026 Low Economic Growth,1.0,Transportation
2021,trans,5-12,PJMC,PJM / Commonwealth Edison,AEO2026 Low Economic Growth,1.0,Transportation
2021,res,5-25,BASN,Western Electricity Coordinating Council / Basin,AEO2026 Low Economic Growth,1.0,Residential
2021,trans,5-13,PJMD,PJM / Dominion,AEO2026 Low Economic Growth,1.0,Transportation
2021,trans,5-11,PJMW,PJM / West,AEO2026 Low Economic Growth,1.0,Transportation
2021,trans,5-16,SRCE,SERC Reliability Corporation / Central,AEO2026 Low Economic Growth,1.0,Transportation
2021,trans,5-14,SRCA,SERC Reliability Corporation / East,AEO2026 Low Economic Growth,1.0,Transportation
2021,trans,5-15,SRSE,SERC Reliability Corporation / Southeastern,AEO2026 Low Economic Growth,1.0,Transportation
2021,trans,5-18,SPPC,Southwest Power Pool / Central,AEO2026 Low Economic Growth,1.0,Transportation
2021,trans,5-19,SPPN,Southwest Power Pool / North,AEO2026 Low Economic Growth,1.0,Transportation
2021,trans,5-17,SPPS,Southwest Power Pool / South,AEO2026 Low Economic Growth,1.0,Transportation
2021,trans,5-1,TRE,Texas Reliability Entity,AEO2026 Low Economic Growth,1.0,Transportation
2021,trans,5-25,BASN,Western Electricity Coordinating Council / Basin,AEO2026 Low Economic Growth,1.0,Transportation
2021,trans,5-21,CANO,Western Electricity Coordinating Council / California North,AEO2026 Low Economic Growth,1.0,Transportation
2021,trans,5-22,CASO,Western Electricity Coordinating Council / California South,AEO2026 Low Economic Growth,1.0,Transportation
2021,trans,5-24,RMRG,Western Electricity Coordinating Council / Rockies,AEO2026 Low Economic Growth,1.0,Transportation
2021,trans,5-20,SRSG,Western Electricity Coordinating Council / Southwest,AEO2026 Low Economic Growth,1.0,Transportation
2021,trans,5-10,PJME,PJM / East,AEO2026 Low Economic Growth,1.0,Transportation
2021,res,5-1,TRE,Texas Reliability Entity,AEO2026 Low Economic Growth,1.0,Residential
2021,res,5-17,SPPS,Southwest Power Pool / South,AEO2026 Low Economic Growth,1.0,Residential
2021,res,5-19,SPPN,Southwest Power Pool / North,AEO2026 Low Economic Growth,1.0,Residential
2021,ind,5-10,PJME,PJM / East,AEO2026 Low Economic Growth,1.0,Industrial
2021,ind,5-11,PJMW,PJM / West,AEO2026 Low Economic Growth,1.0,Industrial
2021,ind,5-16,SRCE,SERC Reliability Corporation / Central,AEO2026 Low Economic Growth,1.0,Industrial
2021,ind,5-14,SRCA,SERC Reliability Corporation / East,AEO2026 Low Economic Growth,1.0,Industrial
2021,ind,5-15,SRSE,SERC Reliability Corporation / Southeastern,AEO2026 Low Economic Growth,1.0,Industrial
2021,ind,5-18,SPPC,Southwest Power Pool / Central,AEO2026 Low Economic Growth,1.0,Industrial
2021,ind,5-19,SPPN,Southwest Power Pool / North,AEO2026 Low Economic Growth,1.0,Industrial
2021,ind,5-17,SPPS,Southwest Power Pool / South,AEO2026 Low Economic Growth,1.0,Industrial
2021,ind,5-1,TRE,Texas Reliability Entity,AEO2026 Low Economic Growth,1.0,Industrial
2021,ind,5-25,BASN,Western Electricity Coordinating Council / Basin,AEO2026 Low Economic Growth,1.0,Industrial
2021,ind,5-21,CANO,Western Electricity Coordinating Council / California North,AEO2026 Low Economic Growth,1.0,Industrial
2021,ind,5-22,CASO,Western Electricity Coordinating Council / California South,AEO2026 Low Economic Growth,1.0,Industrial
2021,ind,5-24,RMRG,Western Electricity Coordinating Council / Rockies,AEO2026 Low Economic Growth,1.0,Industrial
2021,ind,5-20,SRSG,Western Electricity Coordinating Council / Southwest,AEO2026 Low Economic Growth,1.0,Industrial
2021,ind,5-23,NWPP,Western Electricity Coordinating Council / Northwest Power Pool Area,AEO2026 Low Economic Growth,1.0,Industrial
2021,res,5-2,FRCC,Florida Reliability Coordinating Council,AEO2026 Low Economic Growth,1.0,Residential
2021,res,5-4,MISC,Midcontinent / Central,AEO2026 Low Economic Growth,1.0,Residential
2021,res,5-18,SPPC,Southwest Power Pool / Central,AEO2026 Low Economic Growth,1.0,Residential
2021,res,5-15,SRSE,SERC Reliability Corporation / Southeastern,AEO2026 Low Economic Growth,1.0,Residential
2021,res,5-14,SRCA,SERC Reliability Corporation / East,AEO2026 Low Economic Growth,1.0,Residential
2021,res,5-16,SRCE,SERC Reliability Corporation / Central,AEO2026 Low Economic Growth,1.0,Residential
2021,res,5-11,PJMW,PJM / West,AEO2026 Low Economic Growth,1.0,Residential
2021,res,5-10,PJME,PJM / East,AEO2026 Low Economic Growth,1.0,Residential
2021,res,5-13,PJMD,PJM / Dominion,AEO2026 Low Economic Growth,1.0,Residential
2021,res,5-9,NYUP,Northeast Power Coordinating Council / Upstate New York,AEO2026 Low Economic Growth,1.0,Residential
2021,res,5-7,ISNE,Northeast Power Coordinating Council / New England,AEO2026 Low Economic Growth,1.0,Residential
2021,res,5-8,NYCW,Northeast Power Coordinating Council / New York City and Long Island,AEO2026 Low Economic Growth,1.0,Residential
2021,res,5-3,MISW,Midcontinent / West,AEO2026 Low Economic Growth,1.0,Residential
2021,res,5-6,MISS,Midcontinent / South,AEO2026 Low Economic Growth,1.0,Residential
2021,res,5-5,MISE,Midcontinent / East,AEO2026 Low Economic Growth,1.0,Residential
2021,res,5-12,PJMC,PJM / Commonwealth Edison,AEO2026 Low Economic Growth,1.0,Residential
2022,com,5-4,MISC,Midcontinent / Central,AEO2026 Low Economic Growth,1.0,Commercial
2022,com,5-5,MISE,Midcontinent / East,AEO2026 Low Economic Growth,1.0,Commercial
2022,com,5-6,MISS,Midcontinent / South,AEO2026 Low Economic Growth,1.0,Commercial
2022,com,5-3,MISW,Midcontinent / West,AEO2026 Low Economic Growth,1.0,Commercial
2022,com,5-8,NYCW,Northeast Power Coordinating Council / New York City and Long Island,AEO2026 Low Economic Growth,1.0,Commercial
2022,com,5-7,ISNE,Northeast Power Coordinating Council / New England,AEO2026 Low Economic Growth,1.0,Commercial
2022,com,5-9,NYUP,Northeast Power Coordinating Council / Upstate New York,AEO2026 Low Economic Growth,1.0,Commercial
2022,com,5-12,PJMC,PJM / Commonwealth Edison,AEO2026 Low Economic Growth,1.0,Commercial
2022,com,5-13,PJMD,PJM / Dominion,AEO2026 Low Economic Growth,1.0,Commercial
2022,com,5-10,PJME,PJM / East,AEO2026 Low Economic Growth,1.0,Commercial
2022,com,5-11,PJMW,PJM / West,AEO2026 Low Economic Growth,1.0,Commercial
2022,com,5-16,SRCE,SERC Reliability Corporation / Central,AEO2026 Low Economic Growth,1.0,Commercial
2022,com,5-14,SRCA,SERC Reliability Corporation / East,AEO2026 Low Economic Growth,1.0,Commercial
2022,com,5-15,SRSE,SERC Reliability Corporation / Southeastern,AEO2026 Low Economic Growth,1.0,Commercial
2022,com,5-2,FRCC,Florida Reliability Coordinating Council,AEO2026 Low Economic Growth,1.0,Commercial
2022,com,5-18,SPPC,Southwest Power Pool / Central,AEO2026 Low Economic Growth,1.0,Commercial
2022,com,5-17,SPPS,Southwest Power Pool / South,AEO2026 Low Economic Growth,1.0,Commercial
2022,com,5-1,TRE,Texas Reliability Entity,AEO2026 Low Economic Growth,1.0,Commercial
2022,com,5-25,BASN,Western Electricity Coordinating Council / Basin,AEO2026 Low Economic Growth,1.0,Commercial
2022,com,5-21,CANO,Western Electricity Coordinating Council / California North,AEO2026 Low Economic Growth,1.0,Commercial
2022,com,5-22,CASO,Western Electricity Coordinating Council / California South,AEO2026 Low Economic Growth,1.0,Commercial
2022,com,5-24,RMRG,Western Electricity Coordinating Council / Rockies,AEO2026 Low Economic Growth,1.0,Commercial
2022,com,5-20,SRSG,Western Electricity Coordinating Council / Southwest,AEO2026 Low Economic Growth,1.0,Commercial
2022,com,5-23,NWPP,Western Electricity Coordinating Council / Northwest Power Pool Area,AEO2026 Low Economic Growth,1.0,Commercial
2022,ind,5-2,FRCC,Florida Reliability Coordinating Council,AEO2026 Low Economic Growth,1.0,Industrial
2022,ind,5-4,MISC,Midcontinent / Central,AEO2026 Low Economic Growth,1.0,Industrial
2022,ind,5-5,MISE,Midcontinent / East,AEO2026 Low Economic Growth,1.0,Industrial
2022,ind,5-6,MISS,Midcontinent / South,AEO2026 Low Economic Growth,1.0,Industrial
2022,ind,5-3,MISW,Midcontinent / West,AEO2026 Low Economic Growth,1.0,Industrial
2022,ind,5-8,NYCW,Northeast Power Coordinating Council / New York City and Long Island,AEO2026 Low Economic Growth,1.0,Industrial
2022,com,5-19,SPPN,Southwest Power Pool / North,AEO2026 Low Economic Growth,1.0,Commercial
2022,ind,5-7,ISNE,Northeast Power Coordinating Council / New England,AEO2026 Low Economic Growth,1.0,Industrial
2022,ind,5-9,NYUP,Northeast Power Coordinating Council / Upstate New York,AEO2026 Low Economic Growth,1.0,Industrial
2022,ind,5-12,PJMC,PJM / Commonwealth Edison,AEO2026 Low Economic Growth,1.0,Industrial
2022,ind,5-13,PJMD,PJM / Dominion,AEO2026 Low Economic Growth,1.0,Industrial
2022,res,5-21,CANO,Western Electricity Coordinating Council / California North,AEO2026 Low Economic Growth,1.0,Residential
2022,res,5-22,CASO,Western Electricity Coordinating Council / California South,AEO2026 Low Economic Growth,1.0,Residential
2022,res,5-24,RMRG,Western Electricity Coordinating Council / Rockies,AEO2026 Low Economic Growth,1.0,Residential
2022,res,5-20,SRSG,Western Electricity Coordinating Council / Southwest,AEO2026 Low Economic Growth,1.0,Residential
2022,res,5-23,NWPP,Western Electricity Coordinating Council / Northwest Power Pool Area,AEO2026 Low Economic Growth,1.0,Residential
2022,trans,5-2,FRCC,Florida Reliability Coordinating Council,AEO2026 Low Economic Growth,1.0,Transportation
2022,trans,5-4,MISC,Midcontinent / Central,AEO2026 Low Economic Growth,1.0,Transportation
2022,trans,5-5,MISE,Midcontinent / East,AEO2026 Low Economic Growth,1.0,Transportation
2022,trans,5-6,MISS,Midcontinent / South,AEO2026 Low Economic Growth,1.0,Transportation
2022,trans,5-3,MISW,Midcontinent / West,AEO2026 Low Economic Growth,1.0,Transportation
2022,trans,5-8,NYCW,Northeast Power Coordinating Council / New York City and Long Island,AEO2026 Low Economic Growth,1.0,Transportation
2022,trans,5-7,ISNE,Northeast Power Coordinating Council / New England,AEO2026 Low Economic Growth,1.0,Transportation
2022,trans,5-9,NYUP,Northeast Power Coordinating Council / Upstate New York,AEO2026 Low Economic Growth,1.0,Transportation
2022,trans,5-12,PJMC,PJM / Commonwealth Edison,AEO2026 Low Economic Growth,1.0,Transportation
2022,res,5-25,BASN,Western Electricity Coordinating Council / Basin,AEO2026 Low Economic Growth,1.0,Residential
2022,trans,5-13,PJMD,PJM / Dominion,AEO2026 Low Economic Growth,1.0,Transportation
2022,trans,5-11,PJMW,PJM / West,AEO2026 Low Economic Growth,1.0,Transportation
2022,trans,5-16,SRCE,SERC Reliability Corporation / Central,AEO2026 Low Economic Growth,1.0,Transportation
2022,trans,5-14,SRCA,SERC Reliability Corporation / East,AEO2026 Low Economic Growth,1.0,Transportation
2022,trans,5-15,SRSE,SERC Reliability Corporation / Southeastern,AEO2026 Low Economic Growth,1.0,Transportation
2022,trans,5-18,SPPC,Southwest Power Pool / Central,AEO2026 Low Economic Growth,1.0,Transportation
2022,trans,5-19,SPPN,Southwest Power Pool / North,AEO2026 Low Economic Growth,1.0,Transportation
2022,trans,5-17,SPPS,Southwest Power Pool / South,AEO2026 Low Economic Growth,1.0,Transportation
2022,trans,5-1,TRE,Texas Reliability Entity,AEO2026 Low Economic Growth,1.0,Transportation
2022,trans,5-25,BASN,Western Electricity Coordinating Council / Basin,AEO2026 Low Economic Growth,1.0,Transportation
2022,trans,5-21,CANO,Western Electricity Coordinating Council / California North,AEO2026 Low Economic Growth,1.0,Transportation
2022,trans,5-22,CASO,Western Electricity Coordinating Council / California South,AEO2026 Low Economic Growth,1.0,Transportation
2022,trans,5-24,RMRG,Western Electricity Coordinating Council / Rockies,AEO2026 Low Economic Growth,1.0,Transportation
2022,trans,5-20,SRSG,Western Electricity Coordinating Council / Southwest,AEO2026 Low Economic Growth,1.0,Transportation
2022,trans,5-23,NWPP,Western Electricity Coordinating Council / Northwest Power Pool Area,AEO2026 Low Economic Growth,1.0,Transportation
2022,trans,5-10,PJME,PJM / East,AEO2026 Low Economic Growth,1.0,Transportation
2022,res,5-1,TRE,Texas Reliability Entity,AEO2026 Low Economic Growth,1.0,Residential
2022,res,5-17,SPPS,Southwest Power Pool / South,AEO2026 Low Economic Growth,1.0,Residential
2022,res,5-19,SPPN,Southwest Power Pool / North,AEO2026 Low Economic Growth,1.0,Residential
2022,ind,5-10,PJME,PJM / East,AEO2026 Low Economic Growth,1.0,Industrial
2022,ind,5-11,PJMW,PJM / West,AEO2026 Low Economic Growth,1.0,Industrial
2022,ind,5-16,SRCE,SERC Reliability Corporation / Central,AEO2026 Low Economic Growth,1.0,Industrial
2022,ind,5-14,SRCA,SERC Reliability Corporation / East,AEO2026 Low Economic Growth,1.0,Industrial
2022,ind,5-15,SRSE,SERC Reliability Corporation / Southeastern,AEO2026 Low Economic Growth,1.0,Industrial
2022,ind,5-18,SPPC,Southwest Power Pool / Central,AEO2026 Low Economic Growth,1.0,Industrial
2022,ind,5-19,SPPN,Southwest Power Pool / North,AEO2026 Low Economic Growth,1.0,Industrial
2022,ind,5-17,SPPS,Southwest Power Pool / South,AEO2026 Low Economic Growth,1.0,Industrial
2022,ind,5-1,TRE,Texas Reliability Entity,AEO2026 Low Economic Growth,1.0,Industrial
2022,ind,5-25,BASN,Western Electricity Coordinating Council / Basin,AEO2026 Low Economic Growth,1.0,Industrial
2022,ind,5-21,CANO,Western Electricity Coordinating Council / California North,AEO2026 Low Economic Growth,1.0,Industrial
2022,ind,5-22,CASO,Western Electricity Coordinating Council / California South,AEO2026 Low Economic Growth,1.0,Industrial
2022,ind,5-24,RMRG,Western Electricity Coordinating Council / Rockies,AEO2026 Low Economic Growth,1.0,Industrial
2022,ind,5-20,SRSG,Western Electricity Coordinating Council / Southwest,AEO2026 Low Economic Growth,1.0,Industrial
2022,ind,5-23,NWPP,Western Electricity Coordinating Council / Northwest Power Pool Area,AEO2026 Low Economic Growth,1.0,Industrial
2022,res,5-2,FRCC,Florida Reliability Coordinating Council,AEO2026 Low Economic Growth,1.0,Residential
2022,res,5-4,MISC,Midcontinent / Central,AEO2026 Low Economic Growth,1.0,Residential
2022,res,5-18,SPPC,Southwest Power Pool / Central,AEO2026 Low Economic Growth,1.0,Residential
2022,res,5-15,SRSE,SERC Reliability Corporation / Southeastern,AEO2026 Low Economic Growth,1.0,Residential
2022,res,5-14,SRCA,SERC Reliability Corporation / East,AEO2026 Low Economic Growth,1.0,Residential
2022,res,5-16,SRCE,SERC Reliability Corporation / Central,AEO2026 Low Economic Growth,1.0,Residential
2022,res,5-11,PJMW,PJM / West,AEO2026 Low Economic Growth,1.0,Residential
2022,res,5-10,PJME,PJM / East,AEO2026 Low Economic Growth,1.0,Residential
2022,res,5-13,PJMD,PJM / Dominion,AEO2026 Low Economic Growth,1.0,Residential
2022,res,5-9,NYUP,Northeast Power Coordinating Council / Upstate New York,AEO2026 Low Economic Growth,1.0,Residential
2022,res,5-7,ISNE,Northeast Power Coordinating Council / New England,AEO2026 Low Economic Growth,1.0,Residential
2022,res,5-8,NYCW,Northeast Power Coordinating Council / New York City and Long Island,AEO2026 Low Economic Growth,1.0,Residential
2022,res,5-3,MISW,Midcontinent / West,AEO2026 Low Economic Growth,1.0,Residential
2022,res,5-6,MISS,Midcontinent / South,AEO2026 Low Economic Growth,1.0,Residential
2022,res,5-5,MISE,Midcontinent / East,AEO2026 Low Economic Growth,1.0,Residential
2022,res,5-12,PJMC,PJM / Commonwealth Edison,AEO2026 Low Economic Growth,1.0,Residential
2023,com,5-4,MISC,Midcontinent / Central,AEO2026 Low Economic Growth,1.0,Commercial
2023,com,5-5,MISE,Midcontinent / East,AEO2026 Low Economic Growth,1.0,Commercial
2023,com,5-6,MISS,Midcontinent / South,AEO2026 Low Economic Growth,1.0,Commercial
2023,com,5-3,MISW,Midcontinent / West,AEO2026 Low Economic Growth,1.0,Commercial
2023,com,5-8,NYCW,Northeast Power Coordinating Council / New York City and Long Island,AEO2026 Low Economic Growth,1.0,Commercial
2023,com,5-7,ISNE,Northeast Power Coordinating Council / New England,AEO2026 Low Economic Growth,1.0,Commercial
2023,com,5-9,NYUP,Northeast Power Coordinating Council / Upstate New York,AEO2026 Low Economic Growth,1.0,Commercial
2023,com,5-12,PJMC,PJM / Commonwealth Edison,AEO2026 Low Economic Growth,1.0,Commercial
2023,com,5-13,PJMD,PJM / Dominion,AEO2026 Low Economic Growth,1.0,Commercial
2023,com,5-10,PJME,PJM / East,AEO2026 Low Economic Growth,1.0,Commercial
2023,com,5-11,PJMW,PJM / West,AEO2026 Low Economic Growth,1.0,Commercial
2023,com,5-16,SRCE,SERC Reliability Corporation / Central,AEO2026 Low Economic Growth,1.0,Commercial
2023,com,5-14,SRCA,SERC Reliability Corporation / East,AEO2026 Low Economic Growth,1.0,Commercial
2023,com,5-15,SRSE,SERC Reliability Corporation / Southeastern,AEO2026 Low Economic Growth,1.0,Commercial
2023,com,5-2,FRCC,Florida Reliability Coordinating Council,AEO2026 Low Economic Growth,1.0,Commercial
2023,com,5-18,SPPC,Southwest Power Pool / Central,AEO2026 Low Economic Growth,1.0,Commercial
2023,com,5-17,SPPS,Southwest Power Pool / South,AEO2026 Low Economic Growth,1.0,Commercial
2023,com,5-1,TRE,Texas Reliability Entity,AEO2026 Low Economic Growth,1.0,Commercial
2023,com,5-25,BASN,Western Electricity Coordinating Council / Basin,AEO2026 Low Economic Growth,1.0,Commercial
2023,com,5-21,CANO,Western Electricity Coordinating Council / California North,AEO2026 Low Economic Growth,1.0,Commercial
2023,com,5-22,CASO,Western Electricity Coordinating Council / California South,AEO2026 Low Economic Growth,1.0,Commercial
2023,com,5-24,RMRG,Western Electricity Coordinating Council / Rockies,AEO2026 Low Economic Growth,1.0,Commercial
2023,com,5-20,SRSG,Western Electricity Coordinating Council / Southwest,AEO2026 Low Economic Growth,1.0,Commercial
2023,com,5-23,NWPP,Western Electricity Coordinating Council / Northwest Power Pool Area,AEO2026 Low Economic Growth,1.0,Commercial
2023,ind,5-2,FRCC,Florida Reliability Coordinating Council,AEO2026 Low Economic Growth,1.0,Industrial
2023,ind,5-4,MISC,Midcontinent / Central,AEO2026 Low Economic Growth,1.0,Industrial
2023,ind,5-5,MISE,Midcontinent / East,AEO2026 Low Economic Growth,1.0,Industrial
2023,ind,5-6,MISS,Midcontinent / South,AEO2026 Low Economic Growth,1.0,Industrial
2023,ind,5-3,MISW,Midcontinent / West,AEO2026 Low Economic Growth,1.0,Industrial
2023,ind,5-8,NYCW,Northeast Power Coordinating Council / New York City and Long Island,AEO2026 Low Economic Growth,1.0,Industrial
2023,com,5-19,SPPN,Southwest Power Pool / North,AEO2026 Low Economic Growth,1.0,Commercial
2023,ind,5-7,ISNE,Northeast Power Coordinating Council / New England,AEO2026 Low Economic Growth,1.0,Industrial
2023,ind,5-9,NYUP,Northeast Power Coordinating Council / Upstate New York,AEO2026 Low Economic Growth,1.0,Industrial
2023,ind,5-13,PJMD,PJM / Dominion,AEO2026 Low Economic Growth,1.0,Industrial
2023,res,5-21,CANO,Western Electricity Coordinating Council / California North,AEO2026 Low Economic Growth,1.0,Residential
2023,res,5-22,CASO,Western Electricity Coordinating Council / California South,AEO2026 Low Economic Growth,1.0,Residential
2023,res,5-24,RMRG,Western Electricity Coordinating Council / Rockies,AEO2026 Low Economic Growth,1.0,Residential
2023,res,5-20,SRSG,Western Electricity Coordinating Council / Southwest,AEO2026 Low Economic Growth,1.0,Residential
2023,res,5-23,NWPP,Western Electricity Coordinating Council / Northwest Power Pool Area,AEO2026 Low Economic Growth,1.0,Residential
2023,trans,5-2,FRCC,Florida Reliability Coordinating Council,AEO2026 Low Economic Growth,1.0,Transportation
2023,trans,5-4,MISC,Midcontinent / Central,AEO2026 Low Economic Growth,1.0,Transportation
2023,trans,5-5,MISE,Midcontinent / East,AEO2026 Low Economic Growth,1.0,Transportation
2023,trans,5-6,MISS,Midcontinent / South,AEO2026 Low Economic Growth,1.0,Transportation
2023,trans,5-3,MISW,Midcontinent / West,AEO2026 Low Economic Growth,1.0,Transportation
2023,trans,5-8,NYCW,Northeast Power Coordinating Council / New York City and Long Island,AEO2026 Low Economic Growth,1.0,Transportation
2023,trans,5-7,ISNE,Northeast Power Coordinating Council / New England,AEO2026 Low Economic Growth,1.0,Transportation
2023,trans,5-9,NYUP,Northeast Power Coordinating Council / Upstate New York,AEO2026 Low Economic Growth,1.0,Transportation
2023,trans,5-12,PJMC,PJM / Commonwealth Edison,AEO2026 Low Economic Growth,1.0,Transportation
2023,res,5-25,BASN,Western Electricity Coordinating Council / Basin,AEO2026 Low Economic Growth,1.0,Residential
2023,trans,5-13,PJMD,PJM / Dominion,AEO2026 Low Economic Growth,1.0,Transportation
2023,trans,5-11,PJMW,PJM / West,AEO2026 Low Economic Growth,1.0,Transportation
2023,trans,5-16,SRCE,SERC Reliability Corporation / Central,AEO2026 Low Economic Growth,1.0,Transportation
2023,trans,5-14,SRCA,SERC Reliability Corporation / East,AEO2026 Low Economic Growth,1.0,Transportation
2023,trans,5-15,SRSE,SERC Reliability Corporation / Southeastern,AEO2026 Low Economic Growth,1.0,Transportation
2023,trans,5-18,SPPC,Southwest Power Pool / Central,AEO2026 Low Economic Growth,1.0,Transportation
2023,trans,5-19,SPPN,Southwest Power Pool / North,AEO2026 Low Economic Growth,1.0,Transportation
2023,trans,5-17,SPPS,Southwest Power Pool / South,AEO2026 Low Economic Growth,1.0,Transportation
2023,trans,5-1,TRE,Texas Reliability Entity,AEO2026 Low Economic Growth,1.0,Transportation
2023,trans,5-25,BASN,Western Electricity Coordinating Council / Basin,AEO2026 Low Economic Growth,1.0,Transportation
2023,trans,5-21,CANO,Western Electricity Coordinating Council / California North,AEO2026 Low Economic Growth,1.0,Transportation
2023,trans,5-22,CASO,Western Electricity Coordinating Council / California South,AEO2026 Low Economic Growth,1.0,Transportation
2023,trans,5-24,RMRG,Western Electricity Coordinating Council / Rockies,AEO2026 Low Economic Growth,1.0,Transportation
2023,trans,5-20,SRSG,Western Electricity Coordinating Council / Southwest,AEO2026 Low Economic Growth,1.0,Transportation
2023,trans,5-23,NWPP,Western Electricity Coordinating Council / Northwest Power Pool Area,AEO2026 Low Economic Growth,1.0,Transportation
2023,trans,5-10,PJME,PJM / East,AEO2026 Low Economic Growth,1.0,Transportation
2023,res,5-1,TRE,Texas Reliability Entity,AEO2026 Low Economic Growth,1.0,Residential
2023,res,5-17,SPPS,Southwest Power Pool / South,AEO2026 Low Economic Growth,1.0,Residential
2023,res,5-19,SPPN,Southwest Power Pool / North,AEO2026 Low Economic Growth,1.0,Residential
2023,ind,5-10,PJME,PJM / East,AEO2026 Low Economic Growth,1.0,Industrial
2023,ind,5-11,PJMW,PJM / West,AEO2026 Low Economic Growth,1.0,Industrial
2023,ind,5-16,SRCE,SERC Reliability Corporation / Central,AEO2026 Low Economic Growth,1.0,Industrial
2023,ind,5-14,SRCA,SERC Reliability Corporation / East,AEO2026 Low Economic Growth,1.0,Industrial
2023,ind,5-15,SRSE,SERC Reliability Corporation / Southeastern,AEO2026 Low Economic Growth,1.0,Industrial
2023,ind,5-18,SPPC,Southwest Power Pool / Central,AEO2026 Low Economic Growth,1.0,Industrial
2023,ind,5-19,SPPN,Southwest Power Pool / North,AEO2026 Low Economic Growth,1.0,Industrial
2023,ind,5-17,SPPS,Southwest Power Pool / South,AEO2026 Low Economic Growth,1.0,Industrial
2023,ind,5-1,TRE,Texas Reliability Entity,AEO2026 Low Economic Growth,1.0,Industrial
2023,ind,5-25,BASN,Western Electricity Coordinating Council / Basin,AEO2026 Low Economic Growth,1.0,Industrial
2023,ind,5-21,CANO,Western Electricity Coordinating Council / California North,AEO2026 Low Economic Growth,1.0,Industrial
2023,ind,5-22,CASO,Western Electricity Coordinating Council / California South,AEO2026 Low Economic Growth,1.0,Industrial
2023,ind,5-24,RMRG,Western Electricity Coordinating Council / Rockies,AEO2026 Low Economic Growth,1.0,Industrial
2023,ind,5-20,SRSG,Western Electricity Coordinating Council / Southwest,AEO2026 Low Economic Growth,1.0,Industrial
2023,ind,5-23,NWPP,Western Electricity Coordinating Council / Northwest Power Pool Area,AEO2026 Low Economic Growth,1.0,Industrial
2023,res,5-2,FRCC,Florida Reliability Coordinating Council,AEO2026 Low Economic Growth,1.0,Residential
2023,res,5-4,MISC,Midcontinent / Central,AEO2026 Low Economic Growth,1.0,Residential
2023,res,5-18,SPPC,Southwest Power Pool / Central,AEO2026 Low Economic Growth,1.0,Residential
2023,res,5-15,SRSE,SERC Reliability Corporation / Southeastern,AEO2026 Low Economic Growth,1.0,Residential
2023,res,5-14,SRCA,SERC Reliability Corporation / East,AEO2026 Low Economic Growth,1.0,Residential
2023,res,5-16,SRCE,SERC Reliability Corporation / Central,AEO2026 Low Economic Growth,1.0,Residential
2023,res,5-11,PJMW,PJM / West,AEO2026 Low Economic Growth,1.0,Residential
2023,res,5-10,PJME,PJM / East,AEO2026 Low Economic Growth,1.0,Residential
2023,ind,5-12,PJMC,PJM / Commonwealth Edison,AEO2026 Low Economic Growth,1.0,Industrial
2023,res,5-13,PJMD,PJM / Dominion,AEO2026 Low Economic Growth,1.0,Residential
2023,res,5-9,NYUP,Northeast Power Coordinating Council / Upstate New York,AEO2026 Low Economic Growth,1.0,Residential
2023,res,5-7,ISNE,Northeast Power Coordinating Council / New England,AEO2026 Low Economic Growth,1.0,Residential
2023,res,5-8,NYCW,Northeast Power Coordinating Council / New York City and Long Island,AEO2026 Low Economic Growth,1.0,Residential
2023,res,5-3,MISW,Midcontinent / West,AEO2026 Low Economic Growth,1.0,Residential
2023,res,5-6,MISS,Midcontinent / South,AEO2026 Low Economic Growth,1.0,Residential
2023,res,5-5,MISE,Midcontinent / East,AEO2026 Low Economic Growth,1.0,Residential
2023,res,5-12,PJMC,PJM / Commonwealth Edison,AEO2026 Low Economic Growth,1.0,Residential
2024,trans,5-20,SRSG,Western Electricity Coordinating Council / Southwest,AEO2026 Low Economic Growth,1.0,Transportation
2024,trans,5-23,NWPP,Western Electricity Coordinating Council / Northwest Power Pool Area,AEO2026 Low Economic Growth,1.0,Transportation
2024,com,5-2,FRCC,Florida Reliability Coordinating Council,AEO2026 Low Economic Growth,1.0,Commercial
2024,com,5-4,MISC,Midcontinent / Central,AEO2026 Low Economic Growth,1.0,Commercial
2024,com,5-5,MISE,Midcontinent / East,AEO2026 Low Economic Growth,1.0,Commercial
2024,com,5-6,MISS,Midcontinent / South,AEO2026 Low Economic Growth,1.0,Commercial
2024,com,5-3,MISW,Midcontinent / West,AEO2026 Low Economic Growth,1.0,Commercial
2024,com,5-8,NYCW,Northeast Power Coordinating Council / New York City and Long Island,AEO2026 Low Economic Growth,1.0,Commercial
2024,com,5-7,ISNE,Northeast Power Coordinating Council / New England,AEO2026 Low Economic Growth,1.0,Commercial
2024,com,5-9,NYUP,Northeast Power Coordinating Council / Upstate New York,AEO2026 Low Economic Growth,1.0,Commercial
2024,com,5-12,PJMC,PJM / Commonwealth Edison,AEO2026 Low Economic Growth,1.0,Commercial
2024,com,5-13,PJMD,PJM / Dominion,AEO2026 Low Economic Growth,1.0,Commercial
2024,com,5-10,PJME,PJM / East,AEO2026 Low Economic Growth,1.0,Commercial
2024,com,5-11,PJMW,PJM / West,AEO2026 Low Economic Growth,1.0,Commercial
2024,com,5-16,SRCE,SERC Reliability Corporation / Central,AEO2026 Low Economic Growth,1.0,Commercial
2024,com,5-14,SRCA,SERC Reliability Corporation / East,AEO2026 Low Economic Growth,1.0,Commercial
2024,com,5-18,SPPC,Southwest Power Pool / Central,AEO2026 Low Economic Growth,1.0,Commercial
2024,com,5-19,SPPN,Southwest Power Pool / North,AEO2026 Low Economic Growth,1.0,Commercial
2024,com,5-17,SPPS,Southwest Power Pool / South,AEO2026 Low Economic Growth,1.0,Commercial
2024,com,5-1,TRE,Texas Reliability Entity,AEO2026 Low Economic Growth,1.0,Commercial
2024,com,5-25,BASN,Western Electricity Coordinating Council / Basin,AEO2026 Low Economic Growth,1.0,Commercial
2024,com,5-21,CANO,Western Electricity Coordinating Council / California North,AEO2026 Low Economic Growth,1.0,Commercial
2024,com,5-22,CASO,Western Electricity Coordinating Council / California South,AEO2026 Low Economic Growth,1.0,Commercial
2024,com,5-24,RMRG,Western Electricity Coordinating Council / Rockies,AEO2026 Low Economic Growth,1.0,Commercial
2024,com,5-20,SRSG,Western Electricity Coordinating Council / Southwest,AEO2026 Low Economic Growth,1.0,Commercial
2024,com,5-23,NWPP,Western Electricity Coordinating Council / Northwest Power Pool Area,AEO2026 Low Economic Growth,1.0,Commercial
2024,ind,5-2,FRCC,Florida Reliability Coordinating Council,AEO2026 Low Economic Growth,1.0,Industrial
2024,ind,5-4,MISC,Midcontinent / Central,AEO2026 Low Economic Growth,1.0,Industrial
2024,ind,5-5,MISE,Midcontinent / East,AEO2026 Low Economic Growth,1.0,Industrial
2024,ind,5-6,MISS,Midcontinent / South,AEO2026 Low Economic Growth,1.0,Industrial
2024,com,5-15,SRSE,SERC Reliability Corporation / Southeastern,AEO2026 Low Economic Growth,1.0,Commercial
2024,ind,5-3,MISW,Midcontinent / West,AEO2026 Low Economic Growth,1.0,Industrial
2024,ind,5-8,NYCW,Northeast Power Coordinating Council / New York City and Long Island,AEO2026 Low Economic Growth,1.0,Industrial
2024,ind,5-7,ISNE,Northeast Power Coordinating Council / New England,AEO2026 Low Economic Growth,1.0,Industrial
2024,ind,5-9,NYUP,Northeast Power Coordinating Council / Upstate New York,AEO2026 Low Economic Growth,1.0,Industrial
2024,res,5-1,TRE,Texas Reliability Entity,AEO2026 Low Economic Growth,1.0,Residential
2024,res,5-25,BASN,Western Electricity Coordinating Council / Basin,AEO2026 Low Economic Growth,1.0,Residential
2024,res,5-21,CANO,Western Electricity Coordinating Council / California North,AEO2026 Low Economic Growth,1.0,Residential
2024,res,5-22,CASO,Western Electricity Coordinating Council / California South,AEO2026 Low Economic Growth,1.0,Residential
2024,res,5-24,RMRG,Western Electricity Coordinating Council / Rockies,AEO2026 Low Economic Growth,1.0,Residential
2024,res,5-20,SRSG,Western Electricity Coordinating Council / Southwest,AEO2026 Low Economic Growth,1.0,Residential
2024,res,5-23,NWPP,Western Electricity Coordinating Council / Northwest Power Pool Area,AEO2026 Low Economic Growth,1.0,Residential
2024,trans,5-2,FRCC,Florida Reliability Coordinating Council,AEO2026 Low Economic Growth,1.0,Transportation
2024,trans,5-4,MISC,Midcontinent / Central,AEO2026 Low Economic Growth,1.0,Transportation
2024,trans,5-5,MISE,Midcontinent / East,AEO2026 Low Economic Growth,1.0,Transportation
2024,trans,5-6,MISS,Midcontinent / South,AEO2026 Low Economic Growth,1.0,Transportation
2024,trans,5-3,MISW,Midcontinent / West,AEO2026 Low Economic Growth,1.0,Transportation
2024,trans,5-8,NYCW,Northeast Power Coordinating Council / New York City and Long Island,AEO2026 Low Economic Growth,1.0,Transportation
2024,trans,5-7,ISNE,Northeast Power Coordinating Council / New England,AEO2026 Low Economic Growth,1.0,Transportation
2024,res,5-17,SPPS,Southwest Power Pool / South,AEO2026 Low Economic Growth,1.0,Residential
2024,trans,5-9,NYUP,Northeast Power Coordinating Council / Upstate New York,AEO2026 Low Economic Growth,1.0,Transportation
2024,trans,5-13,PJMD,PJM / Dominion,AEO2026 Low Economic Growth,1.0,Transportation
2024,trans,5-10,PJME,PJM / East,AEO2026 Low Economic Growth,1.0,Transportation
2024,trans,5-11,PJMW,PJM / West,AEO2026 Low Economic Growth,1.0,Transportation
2024,trans,5-16,SRCE,SERC Reliability Corporation / Central,AEO2026 Low Economic Growth,1.0,Transportation
2024,trans,5-14,SRCA,SERC Reliability Corporation / East,AEO2026 Low Economic Growth,1.0,Transportation
2024,trans,5-15,SRSE,SERC Reliability Corporation / Southeastern,AEO2026 Low Economic Growth,1.0,Transportation
2024,trans,5-18,SPPC,Southwest Power Pool / Central,AEO2026 Low Economic Growth,1.0,Transportation
2024,trans,5-19,SPPN,Southwest Power Pool / North,AEO2026 Low Economic Growth,1.0,Transportation
2024,trans,5-17,SPPS,Southwest Power Pool / South,AEO2026 Low Economic Growth,1.0,Transportation
2024,trans,5-1,TRE,Texas Reliability Entity,AEO2026 Low Economic Growth,1.0,Transportation
2024,trans,5-25,BASN,Western Electricity Coordinating Council / Basin,AEO2026 Low Economic Growth,1.0,Transportation
2024,trans,5-21,CANO,Western Electricity Coordinating Council / California North,AEO2026 Low Economic Growth,1.0,Transportation
2024,trans,5-22,CASO,Western Electricity Coordinating Council / California South,AEO2026 Low Economic Growth,1.0,Transportation
2024,trans,5-24,RMRG,Western Electricity Coordinating Council / Rockies,AEO2026 Low Economic Growth,1.0,Transportation
2024,trans,5-12,PJMC,PJM / Commonwealth Edison,AEO2026 Low Economic Growth,1.0,Transportation
2024,res,5-19,SPPN,Southwest Power Pool / North,AEO2026 Low Economic Growth,1.0,Residential
2024,res,5-18,SPPC,Southwest Power Pool / Central,AEO2026 Low Economic Growth,1.0,Residential
2024,res,5-15,SRSE,SERC Reliability Corporation / Southeastern,AEO2026 Low Economic Growth,1.0,Residential
2024,ind,5-12,PJMC,PJM / Commonwealth Edison,AEO2026 Low Economic Growth,1.0,Industrial
2024,ind,5-13,PJMD,PJM / Dominion,AEO2026 Low Economic Growth,1.0,Industrial
2024,ind,5-10,PJME,PJM / East,AEO2026 Low Economic Growth,1.0,Industrial
2024,ind,5-11,PJMW,PJM / West,AEO2026 Low Economic Growth,1.0,Industrial
2024,ind,5-16,SRCE,SERC Reliability Corporation / Central,AEO2026 Low Economic Growth,1.0,Industrial
2024,ind,5-14,SRCA,SERC Reliability Corporation / East,AEO2026 Low Economic Growth,1.0,Industrial
2024,ind,5-15,SRSE,SERC Reliability Corporation / Southeastern,AEO2026 Low Economic Growth,1.0,Industrial
2024,ind,5-18,SPPC,Southwest Power Pool / Central,AEO2026 Low Economic Growth,1.0,Industrial
2024,ind,5-19,SPPN,Southwest Power Pool / North,AEO2026 Low Economic Growth,1.0,Industrial
2024,ind,5-17,SPPS,Southwest Power Pool / South,AEO2026 Low Economic Growth,1.0,Industrial
2024,ind,5-1,TRE,Texas Reliability Entity,AEO2026 Low Economic Growth,1.0,Industrial
2024,ind,5-25,BASN,Western Electricity Coordinating Council / Basin,AEO2026 Low Economic Growth,1.0,Industrial
2024,ind,5-21,CANO,Western Electricity Coordinating Council / California North,AEO2026 Low Economic Growth,1.0,Industrial
2024,ind,5-22,CASO,Western Electricity Coordinating Council / California South,AEO2026 Low Economic Growth,1.0,Industrial
2024,ind,5-24,RMRG,Western Electricity Coordinating Council / Rockies,AEO2026 Low Economic Growth,1.0,Industrial
2024,ind,5-20,SRSG,Western Electricity Coordinating Council / Southwest,AEO2026 Low Economic Growth,1.0,Industrial
2024,ind,5-23,NWPP,Western Electricity Coordinating Council / Northwest Power Pool Area,AEO2026 Low Economic Growth,1.0,Industrial
2024,res,5-14,SRCA,SERC Reliability Corporation / East,AEO2026 Low Economic Growth,1.0,Residential
2024,res,5-16,SRCE,SERC Reliability Corporation / Central,AEO2026 Low Economic Growth,1.0,Residential
2024,res,5-11,PJMW,PJM / West,AEO2026 Low Economic Growth,1.0,Residential
2024,res,5-10,PJME,PJM / East,AEO2026 Low Economic Growth,1.0,Residential
2024,res,5-13,PJMD,PJM / Dominion,AEO2026 Low Economic Growth,1.0,Residential
2024,res,5-12,PJMC,PJM / Commonwealth Edison,AEO2026 Low Economic Growth,1.0,Residential
2024,res,5-9,NYUP,Northeast Power Coordinating Council / Upstate New York,AEO2026 Low Economic Growth,1.0,Residential
2024,res,5-8,NYCW,Northeast Power Coordinating Council / New York City and Long Island,AEO2026 Low Economic Growth,1.0,Residential
2024,res,5-3,MISW,Midcontinent / West,AEO2026 Low Economic Growth,1.0,Residential
2024,res,5-6,MISS,Midcontinent / South,AEO2026 Low Economic Growth,1.0,Residential
2024,res,5-5,MISE,Midcontinent / East,AEO2026 Low Economic Growth,1.0,Residential
2024,res,5-4,MISC,Midcontinent / Central,AEO2026 Low Economic Growth,1.0,Residential
2024,res,5-2,FRCC,Florida Reliability Coordinating Council,AEO2026 Low Economic Growth,1.0,Residential
2024,res,5-7,ISNE,Northeast Power Coordinating Council / New England,AEO2026 Low Economic Growth,1.0,Residential
2025,res,5-20,SRSG,Western Electricity Coordinating Council / Southwest,AEO2026 Low Economic Growth,1.0,Residential
2025,com,5-3,MISW,Midcontinent / West,AEO2026 Low Economic Growth,1.0,Commercial
2025,com,5-6,MISS,Midcontinent / South,AEO2026 Low Economic Growth,1.0,Commercial
2025,com,5-5,MISE,Midcontinent / East,AEO2026 Low Economic Growth,1.0,Commercial
2025,com,5-4,MISC,Midcontinent / Central,AEO2026 Low Economic Growth,1.0,Commercial
2025,com,5-2,FRCC,Florida Reliability Coordinating Council,AEO2026 Low Economic Growth,1.0,Commercial
2025,com,5-8,NYCW,Northeast Power Coordinating Council / New York City and Long Island,AEO2026 Low Economic Growth,1.0,Commercial
2025,com,5-7,ISNE,Northeast Power Coordinating Council / New England,AEO2026 Low Economic Growth,1.0,Commercial
2025,com,5-9,NYUP,Northeast Power Coordinating Council / Upstate New York,AEO2026 Low Economic Growth,1.0,Commercial
2025,com,5-12,PJMC,PJM / Commonwealth Edison,AEO2026 Low Economic Growth,1.0,Commercial
2025,com,5-20,SRSG,Western Electricity Coordinating Council / Southwest,AEO2026 Low Economic Growth,1.0,Commercial
2025,com,5-24,RMRG,Western Electricity Coordinating Council / Rockies,AEO2026 Low Economic Growth,1.0,Commercial
2025,com,5-22,CASO,Western Electricity Coordinating Council / California South,AEO2026 Low Economic Growth,1.0,Commercial
2025,com,5-21,CANO,Western Electricity Coordinating Council / California North,AEO2026 Low Economic Growth,1.0,Commercial
2025,com,5-25,BASN,Western Electricity Coordinating Council / Basin,AEO2026 Low Economic Growth,1.0,Commercial
2025,com,5-1,TRE,Texas Reliability Entity,AEO2026 Low Economic Growth,1.0,Commercial
2025,com,5-17,SPPS,Southwest Power Pool / South,AEO2026 Low Economic Growth,1.0,Commercial
2025,com,5-19,SPPN,Southwest Power Pool / North,AEO2026 Low Economic Growth,1.0,Commercial
2025,com,5-18,SPPC,Southwest Power Pool / Central,AEO2026 Low Economic Growth,1.0,Commercial
2025,com,5-15,SRSE,SERC Reliability Corporation / Southeastern,AEO2026 Low Economic Growth,1.0,Commercial
2025,com,5-14,SRCA,SERC Reliability Corporation / East,AEO2026 Low Economic Growth,1.0,Commercial
2025,com,5-16,SRCE,SERC Reliability Corporation / Central,AEO2026 Low Economic Growth,1.0,Commercial
2025,com,5-11,PJMW,PJM / West,AEO2026 Low Economic Growth,1.0,Commercial
2025,com,5-10,PJME,PJM / East,AEO2026 Low Economic Growth,1.0,Commercial
2025,com,5-13,PJMD,PJM / Dominion,AEO2026 Low Economic Growth,1.0,Commercial
2025,com,5-23,NWPP,Western Electricity Coordinating Council / Northwest Power Pool Area,AEO2026 Low Economic Growth,1.0,Commercial
2025,ind,5-2,FRCC,Florida Reliability Coordinating Council,AEO2026 Low Economic Growth,1.0,Industrial
2025,ind,5-4,MISC,Midcontinent / Central,AEO2026 Low Economic Growth,1.0,Industrial
2025,ind,5-5,MISE,Midcontinent / East,AEO2026 Low Economic Growth,1.0,Industrial
2025,trans,5-7,ISNE,Northeast Power Coordinating Council / New England,AEO2026 Low Economic Growth,1.0,Transportation
2025,trans,5-8,NYCW,Northeast Power Coordinating Council / New York City and Long Island,AEO2026 Low Economic Growth,1.0,Transportation
2025,trans,5-3,MISW,Midcontinent / West,AEO2026 Low Economic Growth,1.0,Transportation
2025,trans,5-6,MISS,Midcontinent / South,AEO2026 Low Economic Growth,1.0,Transportation
2025,trans,5-5,MISE,Midcontinent / East,AEO2026 Low Economic Growth,1.0,Transportation
2025,trans,5-4,MISC,Midcontinent / Central,AEO2026 Low Economic Growth,1.0,Transportation
2025,trans,5-2,FRCC,Florida Reliability Coordinating Council,AEO2026 Low Economic Growth,1.0,Transportation
2025,res,5-23,NWPP,Western Electricity Coordinating Council / Northwest Power Pool Area,AEO2026 Low Economic Growth,1.0,Residential
2025,res,5-24,RMRG,Western Electricity Coordinating Council / Rockies,AEO2026 Low Economic Growth,1.0,Residential
2025,res,5-22,CASO,Western Electricity Coordinating Council / California South,AEO2026 Low Economic Growth,1.0,Residential
2025,res,5-21,CANO,Western Electricity Coordinating Council / California North,AEO2026 Low Economic Growth,1.0,Residential
2025,res,5-25,BASN,Western Electricity Coordinating Council / Basin,AEO2026 Low Economic Growth,1.0,Residential
2025,res,5-1,TRE,Texas Reliability Entity,AEO2026 Low Economic Growth,1.0,Residential
2025,res,5-17,SPPS,Southwest Power Pool / South,AEO2026 Low Economic Growth,1.0,Residential
2025,res,5-19,SPPN,Southwest Power Pool / North,AEO2026 Low Economic Growth,1.0,Residential
2025,trans,5-9,NYUP,Northeast Power Coordinating Council / Upstate New York,AEO2026 Low Economic Growth,1.0,Transportation
2025,res,5-18,SPPC,Southwest Power Pool / Central,AEO2026 Low Economic Growth,1.0,Residential
2025,trans,5-12,PJMC,PJM / Commonwealth Edison,AEO2026 Low Economic Growth,1.0,Transportation
2025,trans,5-10,PJME,PJM / East,AEO2026 Low Economic Growth,1.0,Transportation
2025,trans,5-23,NWPP,Western Electricity Coordinating Council / Northwest Power Pool Area,AEO2026 Low Economic Growth,1.0,Transportation
2025,trans,5-20,SRSG,Western Electricity Coordinating Council / Southwest,AEO2026 Low Economic Growth,1.0,Transportation
2025,trans,5-24,RMRG,Western Electricity Coordinating Council / Rockies,AEO2026 Low Economic Growth,1.0,Transportation
2025,trans,5-22,CASO,Western Electricity Coordinating Council / California South,AEO2026 Low Economic Growth,1.0,Transportation
2025,trans,5-21,CANO,Western Electricity Coordinating Council / California North,AEO2026 Low Economic Growth,1.0,Transportation
2025,trans,5-25,BASN,Western Electricity Coordinating Council / Basin,AEO2026 Low Economic Growth,1.0,Transportation
2025,trans,5-1,TRE,Texas Reliability Entity,AEO2026 Low Economic Growth,1.0,Transportation
2025,trans,5-17,SPPS,Southwest Power Pool / South,AEO2026 Low Economic Growth,1.0,Transportation
2025,trans,5-19,SPPN,Southwest Power Pool / North,AEO2026 Low Economic Growth,1.0,Transportation
2025,trans,5-18,SPPC,Southwest Power Pool / Central,AEO2026 Low Economic Growth,1.0,Transportation
2025,trans,5-15,SRSE,SERC Reliability Corporation / Southeastern,AEO2026 Low Economic Growth,1.0,Transportation
2025,trans,5-14,SRCA,SERC Reliability Corporation / East,AEO2026 Low Economic Growth,1.0,Transportation
2025,trans,5-16,SRCE,SERC Reliability Corporation / Central,AEO2026 Low Economic Growth,1.0,Transportation
2025,trans,5-11,PJMW,PJM / West,AEO2026 Low Economic Growth,1.0,Transportation
2025,trans,5-13,PJMD,PJM / Dominion,AEO2026 Low Economic Growth,1.0,Transportation
2025,res,5-15,SRSE,SERC Reliability Corporation / Southeastern,AEO2026 Low Economic Growth,1.0,Residential
2025,res,5-16,SRCE,SERC Reliability Corporation / Central,AEO2026 Low Economic Growth,1.0,Residential
2025,ind,5-17,SPPS,Southwest Power Pool / South,AEO2026 Low Economic Growth,1.0,Industrial
2025,ind,5-19,SPPN,Southwest Power Pool / North,AEO2026 Low Economic Growth,1.0,Industrial
2025,ind,5-18,SPPC,Southwest Power Pool / Central,AEO2026 Low Economic Growth,1.0,Industrial
2025,ind,5-15,SRSE,SERC Reliability Corporation / Southeastern,AEO2026 Low Economic Growth,1.0,Industrial
2025,ind,5-14,SRCA,SERC Reliability Corporation / East,AEO2026 Low Economic Growth,1.0,Industrial
2025,ind,5-16,SRCE,SERC Reliability Corporation / Central,AEO2026 Low Economic Growth,1.0,Industrial
2025,ind,5-11,PJMW,PJM / West,AEO2026 Low Economic Growth,1.0,Industrial
2025,ind,5-10,PJME,PJM / East,AEO2026 Low Economic Growth,1.0,Industrial
2025,ind,5-13,PJMD,PJM / Dominion,AEO2026 Low Economic Growth,1.0,Industrial
2025,ind,5-12,PJMC,PJM / Commonwealth Edison,AEO2026 Low Economic Growth,1.0,Industrial
2025,ind,5-9,NYUP,Northeast Power Coordinating Council / Upstate New York,AEO2026 Low Economic Growth,1.0,Industrial
2025,ind,5-7,ISNE,Northeast Power Coordinating Council / New England,AEO2026 Low Economic Growth,1.0,Industrial
2025,ind,5-8,NYCW,Northeast Power Coordinating Council / New York City and Long Island,AEO2026 Low Economic Growth,1.0,Industrial
2025,ind,5-3,MISW,Midcontinent / West,AEO2026 Low Economic Growth,1.0,Industrial
2025,ind,5-6,MISS,Midcontinent / South,AEO2026 Low Economic Growth,1.0,Industrial
2025,ind,5-1,TRE,Texas Reliability Entity,AEO2026 Low Economic Growth,1.0,Industrial
2025,res,5-14,SRCA,SERC Reliability Corporation / East,AEO2026 Low Economic Growth,1.0,Residential
2025,ind,5-25,BASN,Western Electricity Coordinating Council / Basin,AEO2026 Low Economic Growth,1.0,Industrial
2025,ind,5-22,CASO,Western Electricity Coordinating Council / California South,AEO2026 Low Economic Growth,1.0,Industrial
2025,res,5-11,PJMW,PJM / West,AEO2026 Low Economic Growth,1.0,Residential
2025,res,5-10,PJME,PJM / East,AEO2026 Low Economic Growth,1.0,Residential
2025,res,5-13,PJMD,PJM / Dominion,AEO2026 Low Economic Growth,1.0,Residential
2025,res,5-12,PJMC,PJM / Commonwealth Edison,AEO2026 Low Economic Growth,1.0,Residential
2025,res,5-9,NYUP,Northeast Power Coordinating Council / Upstate New York,AEO2026 Low Economic Growth,1.0,Residential
2025,res,5-7,ISNE,Northeast Power Coordinating Council / New England,AEO2026 Low Economic Growth,1.0,Residential
2025,res,5-8,NYCW,Northeast Power Coordinating Council / New York City and Long Island,AEO2026 Low Economic Growth,1.0,Residential
2025,res,5-3,MISW,Midcontinent / West,AEO2026 Low Economic Growth,1.0,Residential
2025,res,5-6,MISS,Midcontinent / South,AEO2026 Low Economic Growth,1.0,Residential
2025,res,5-5,MISE,Midcontinent / East,AEO2026 Low Economic Growth,1.0,Residential
2025,res,5-4,MISC,Midcontinent / Central,AEO2026 Low Economic Growth,1.0,Residential
2025,res,5-2,FRCC,Florida Reliability Coordinating Council,AEO2026 Low Economic Growth,1.0,Residential
2025,ind,5-23,NWPP,Western Electricity Coordinating Council / Northwest Power Pool Area,AEO2026 Low Economic Growth,1.0,Industrial
2025,ind,5-20,SRSG,Western Electricity Coordinating Council / Southwest,AEO2026 Low Economic Growth,1.0,Industrial
2025,ind,5-24,RMRG,Western Electricity Coordinating Council / Rockies,AEO2026 Low Economic Growth,1.0,Industrial
2025,ind,5-21,CANO,Western Electricity Coordinating Council / California North,AEO2026 Low Economic Growth,1.0,Industrial
2026,com,5-2,FRCC,Florida Reliability Coordinating Council,AEO2026 Low Economic Growth,1.0175553976667424,Commercial
2026,com,5-4,MISC,Midcontinent / Central,AEO2026 Low Economic Growth,1.0457237569538285,Commercial
2026,com,5-5,MISE,Midcontinent / East,AEO2026 Low Economic Growth,1.06091631689202,Commercial
2026,com,5-6,MISS,Midcontinent / South,AEO2026 Low Economic Growth,1.1407995516435976,Commercial
2026,com,5-3,MISW,Midcontinent / West,AEO2026 Low Economic Growth,1.034575630735827,Commercial
2026,com,5-8,NYCW,Northeast Power Coordinating Council / New York City and Long Island,AEO2026 Low Economic Growth,1.0231408588924644,Commercial
2026,com,5-7,ISNE,Northeast Power Coordinating Council / New England,AEO2026 Low Economic Growth,1.0036507506401533,Commercial
2026,com,5-9,NYUP,Northeast Power Coordinating Council / Upstate New York,AEO2026 Low Economic Growth,1.0231409302367238,Commercial
2026,com,5-13,PJMD,PJM / Dominion,AEO2026 Low Economic Growth,1.0175553522615137,Commercial
2026,com,5-10,PJME,PJM / East,AEO2026 Low Economic Growth,1.021042450936297,Commercial
2026,com,5-11,PJMW,PJM / West,AEO2026 Low Economic Growth,1.0449298082214735,Commercial
2026,com,5-16,SRCE,SERC Reliability Corporation / Central,AEO2026 Low Economic Growth,0.9985053409348995,Commercial
2026,com,5-14,SRCA,SERC Reliability Corporation / East,AEO2026 Low Economic Growth,1.0175553615599482,Commercial
2026,com,5-15,SRSE,SERC Reliability Corporation / Southeastern,AEO2026 Low Economic Growth,1.0125020115310774,Commercial
2026,com,5-18,SPPC,Southwest Power Pool / Central,AEO2026 Low Economic Growth,1.0193575675284057,Commercial
2026,com,5-19,SPPN,Southwest Power Pool / North,AEO2026 Low Economic Growth,1.0192803089531848,Commercial
2026,com,5-17,SPPS,Southwest Power Pool / South,AEO2026 Low Economic Growth,1.1561060556678884,Commercial
2026,com,5-1,TRE,Texas Reliability Entity,AEO2026 Low Economic Growth,1.1665194782699675,Commercial
2026,com,5-25,BASN,Western Electricity Coordinating Council / Basin,AEO2026 Low Economic Growth,1.0231101627439931,Commercial
2026,com,5-12,PJMC,PJM / Commonwealth Edison,AEO2026 Low Economic Growth,1.0609162161456192,Commercial
2026,com,5-21,CANO,Western Electricity Coordinating Council / California North,AEO2026 Low Economic Growth,1.0098163630985775,Commercial
2026,com,5-22,CASO,Western Electricity Coordinating Council / California South,AEO2026 Low Economic Growth,1.0098164361355695,Commercial
2026,com,5-24,RMRG,Western Electricity Coordinating Council / Rockies,AEO2026 Low Economic Growth,1.0229363165670793,Commercial
2026,com,5-20,SRSG,Western Electricity Coordinating Council / Southwest,AEO2026 Low Economic Growth,1.0327525656161982,Commercial
2026,res,5-6,MISS,Midcontinent / South,AEO2026 Low Economic Growth,1.0047751257473339,Residential
2026,res,5-3,MISW,Midcontinent / West,AEO2026 Low Economic Growth,1.0041257280109182,Residential
2026,res,5-8,NYCW,Northeast Power Coordinating Council / New York City and Long Island,AEO2026 Low Economic Growth,1.0138340738318787,Residential
2026,res,5-7,ISNE,Northeast Power Coordinating Council / New England,AEO2026 Low Economic Growth,1.0203372382597518,Residential
2026,res,5-9,NYUP,Northeast Power Coordinating Council / Upstate New York,AEO2026 Low Economic Growth,1.0138340731072637,Residential
2026,res,5-12,PJMC,PJM / Commonwealth Edison,AEO2026 Low Economic Growth,0.9895106447848468,Residential
2026,res,5-13,PJMD,PJM / Dominion,AEO2026 Low Economic Growth,0.9968218054614575,Residential
2026,res,5-10,PJME,PJM / East,AEO2026 Low Economic Growth,1.0084421251208688,Residential
2026,res,5-11,PJMW,PJM / West,AEO2026 Low Economic Growth,0.9943379478904949,Residential
2026,res,5-16,SRCE,SERC Reliability Corporation / Central,AEO2026 Low Economic Growth,0.9911255466776022,Residential
2026,res,5-14,SRCA,SERC Reliability Corporation / East,AEO2026 Low Economic Growth,0.9968217181650644,Residential
2026,res,5-5,MISE,Midcontinent / East,AEO2026 Low Economic Growth,0.9895108547923498,Residential
2026,res,5-15,SRSE,SERC Reliability Corporation / Southeastern,AEO2026 Low Economic Growth,0.9950596394050917,Residential
2026,res,5-19,SPPN,Southwest Power Pool / North,AEO2026 Low Economic Growth,1.0127802519585263,Residential
2026,res,5-17,SPPS,Southwest Power Pool / South,AEO2026 Low Economic Growth,1.0085618917946022,Residential
2026,res,5-1,TRE,Texas Reliability Entity,AEO2026 Low Economic Growth,1.0076501714524404,Residential
2026,res,5-25,BASN,Western Electricity Coordinating Council / Basin,AEO2026 Low Economic Growth,1.033400098096117,Residential
2026,res,5-21,CANO,Western Electricity Coordinating Council / California North,AEO2026 Low Economic Growth,1.0390228051951809,Residential
2026,res,5-22,CASO,Western Electricity Coordinating Council / California South,AEO2026 Low Economic Growth,1.0390226261621063,Residential
2026,res,5-24,RMRG,Western Electricity Coordinating Council / Rockies,AEO2026 Low Economic Growth,1.0320942625801102,Residential
2026,res,5-20,SRSG,Western Electricity Coordinating Council / Southwest,AEO2026 Low Economic Growth,1.032211025873572,Residential
2026,res,5-23,NWPP,Western Electricity Coordinating Council / Northwest Power Pool Area,AEO2026 Low Economic Growth,1.0382751239758865,Residential
2026,trans,5-2,FRCC,Florida Reliability Coordinating Council,AEO2026 Low Economic Growth,1.0493213550883551,Transportation
2026,trans,5-4,MISC,Midcontinent / Central,AEO2026 Low Economic Growth,1.0155441886899688,Transportation
2026,res,5-18,SPPC,Southwest Power Pool / Central,AEO2026 Low Economic Growth,1.0124421099978531,Residential
2026,trans,5-5,MISE,Midcontinent / East,AEO2026 Low Economic Growth,1.0149659932642932,Transportation
2026,res,5-4,MISC,Midcontinent / Central,AEO2026 Low Economic Growth,0.9977690005511225,Residential
2026,ind,5-20,SRSG,Western Electricity Coordinating Council / Southwest,AEO2026 Low Economic Growth,0.9752709673561542,Industrial
2026,com,5-23,NWPP,Western Electricity Coordinating Council / Northwest Power Pool Area,AEO2026 Low Economic Growth,1.0115188212276192,Commercial
2026,ind,5-2,FRCC,Florida Reliability Coordinating Council,AEO2026 Low Economic Growth,0.9797568933356439,Industrial
2026,ind,5-4,MISC,Midcontinent / Central,AEO2026 Low Economic Growth,0.9726585505773272,Industrial
2026,ind,5-5,MISE,Midcontinent / East,AEO2026 Low Economic Growth,0.9716256973004422,Industrial
2026,ind,5-6,MISS,Midcontinent / South,AEO2026 Low Economic Growth,0.9852037487220945,Industrial
2026,ind,5-3,MISW,Midcontinent / West,AEO2026 Low Economic Growth,0.9723859706259366,Industrial
2026,ind,5-8,NYCW,Northeast Power Coordinating Council / New York City and Long Island,AEO2026 Low Economic Growth,0.9570780042589401,Industrial
2026,ind,5-7,ISNE,Northeast Power Coordinating Council / New England,AEO2026 Low Economic Growth,0.9562466006915307,Industrial
2026,ind,5-9,NYUP,Northeast Power Coordinating Council / Upstate New York,AEO2026 Low Economic Growth,0.9570771017921228,Industrial
2026,ind,5-12,PJMC,PJM / Commonwealth Edison,AEO2026 Low Economic Growth,0.9716256124220093,Industrial
2026,ind,5-13,PJMD,PJM / Dominion,AEO2026 Low Economic Growth,0.9797568439973428,Industrial
2026,ind,5-23,NWPP,Western Electricity Coordinating Council / Northwest Power Pool Area,AEO2026 Low Economic Growth,0.977142282919924,Industrial
2026,ind,5-10,PJME,PJM / East,AEO2026 Low Economic Growth,0.9591905983706955,Industrial
2026,ind,5-16,SRCE,SERC Reliability Corporation / Central,AEO2026 Low Economic Growth,0.9802286387094933,Industrial
2026,ind,5-14,SRCA,SERC Reliability Corporation / East,AEO2026 Low Economic Growth,0.9797569816134585,Industrial
2026,ind,5-15,SRSE,SERC Reliability Corporation / Southeastern,AEO2026 Low Economic Growth,0.9799757777025206,Industrial
2026,ind,5-18,SPPC,Southwest Power Pool / Central,AEO2026 Low Economic Growth,0.9727678915990703,Industrial
2026,ind,5-19,SPPN,Southwest Power Pool / North,AEO2026 Low Economic Growth,0.9727951923488158,Industrial
2026,ind,5-17,SPPS,Southwest Power Pool / South,AEO2026 Low Economic Growth,0.9822295079102513,Industrial
2026,ind,5-1,TRE,Texas Reliability Entity,AEO2026 Low Economic Growth,0.9833559264261447,Industrial
2026,ind,5-25,BASN,Western Electricity Coordinating Council / Basin,AEO2026 Low Economic Growth,0.9917669126968786,Industrial
2026,ind,5-21,CANO,Western Electricity Coordinating Council / California North,AEO2026 Low Economic Growth,0.9751217535492677,Industrial
2026,ind,5-22,CASO,Western Electricity Coordinating Council / California South,AEO2026 Low Economic Growth,0.9751215632665998,Industrial
2026,ind,5-24,RMRG,Western Electricity Coordinating Council / Rockies,AEO2026 Low Economic Growth,0.9746346908580749,Industrial
2026,ind,5-11,PJMW,PJM / West,AEO2026 Low Economic Growth,0.9718342914302479,Industrial
2026,trans,5-6,MISS,Midcontinent / South,AEO2026 Low Economic Growth,1.0439576595119084,Transportation
2026,trans,5-3,MISW,Midcontinent / West,AEO2026 Low Economic Growth,1.0171419127255072,Transportation
2026,trans,5-8,NYCW,Northeast Power Coordinating Council / New York City and Long Island,AEO2026 Low Economic Growth,1.0238898745642004,Transportation
2026,trans,5-7,ISNE,Northeast Power Coordinating Council / New England,AEO2026 Low Economic Growth,1.0304446884111862,Transportation
2026,trans,5-9,NYUP,Northeast Power Coordinating Council / Upstate New York,AEO2026 Low Economic Growth,1.0238905169581702,Transportation
2026,trans,5-12,PJMC,PJM / Commonwealth Edison,AEO2026 Low Economic Growth,1.014966584041919,Transportation
2026,trans,5-13,PJMD,PJM / Dominion,AEO2026 Low Economic Growth,1.0493197431637558,Transportation
2026,trans,5-10,PJME,PJM / East,AEO2026 Low Economic Growth,1.0248899846561128,Transportation
2026,trans,5-11,PJMW,PJM / West,AEO2026 Low Economic Growth,1.0215898657126448,Transportation
2026,trans,5-16,SRCE,SERC Reliability Corporation / Central,AEO2026 Low Economic Growth,1.0273211905819635,Transportation
2026,trans,5-14,SRCA,SERC Reliability Corporation / East,AEO2026 Low Economic Growth,1.0493161436607026,Transportation
2026,trans,5-15,SRSE,SERC Reliability Corporation / Southeastern,AEO2026 Low Economic Growth,1.0490358847884043,Transportation
2026,trans,5-18,SPPC,Southwest Power Pool / Central,AEO2026 Low Economic Growth,1.0274555947778339,Transportation
2026,trans,5-19,SPPN,Southwest Power Pool / North,AEO2026 Low Economic Growth,1.0280757515560852,Transportation
2026,trans,5-17,SPPS,Southwest Power Pool / South,AEO2026 Low Economic Growth,1.0435329937349962,Transportation
2026,trans,5-1,TRE,Texas Reliability Entity,AEO2026 Low Economic Growth,1.0442861434150108,Transportation
2026,trans,5-25,BASN,Western Electricity Coordinating Council / Basin,AEO2026 Low Economic Growth,1.0399343464689244,Transportation
2026,trans,5-21,CANO,Western Electricity Coordinating Council / California North,AEO2026 Low Economic Growth,1.011607944696226,Transportation
2026,trans,5-22,CASO,Western Electricity Coordinating Council / California South,AEO2026 Low Economic Growth,1.0116120048735608,Transportation
2026,trans,5-24,RMRG,Western Electricity Coordinating Council / Rockies,AEO2026 Low Economic Growth,1.0403815437223012,Transportation
2026,trans,5-20,SRSG,Western Electricity Coordinating Council / Southwest,AEO2026 Low Economic Growth,1.0356660859323241,Transportation
2026,trans,5-23,NWPP,Western Electricity Coordinating Council / Northwest Power Pool Area,AEO2026 Low Economic Growth,1.0128748150127127,Transportation
2026,res,5-2,FRCC,Florida Reliability Coordinating Council,AEO2026 Low Economic Growth,0.9968217563950494,Residential
2027,com,5-2,FRCC,Florida Reliability Coordinating Council,AEO2026 Low Economic Growth,1.0363483171495123,Commercial
2027,trans,5-23,NWPP,Western Electricity Coordinating Council / Northwest Power Pool Area,AEO2026 Low Economic Growth,1.0159786990703357,Transportation
2027,trans,5-20,SRSG,Western Electricity Coordinating Council / Southwest,AEO2026 Low Economic Growth,1.0620813191666871,Transportation
2027,trans,5-24,RMRG,Western Electricity Coordinating Council / Rockies,AEO2026 Low Economic Growth,1.0710445209331625,Transportation
2027,trans,5-22,CASO,Western Electricity Coordinating Council / California South,AEO2026 Low Economic Growth,1.0134626792507786,Transportation
2027,trans,5-21,CANO,Western Electricity Coordinating Council / California North,AEO2026 Low Economic Growth,1.0134583655312128,Transportation
2027,trans,5-25,BASN,Western Electricity Coordinating Council / Basin,AEO2026 Low Economic Growth,1.069918079634216,Transportation
2027,trans,5-1,TRE,Texas Reliability Entity,AEO2026 Low Economic Growth,1.1153177702441746,Transportation
2027,trans,5-17,SPPS,Southwest Power Pool / South,AEO2026 Low Economic Growth,1.1059195503249604,Transportation
2027,trans,5-19,SPPN,Southwest Power Pool / North,AEO2026 Low Economic Growth,1.0547609588134021,Transportation
2027,trans,5-18,SPPC,Southwest Power Pool / Central,AEO2026 Low Economic Growth,1.053958648512355,Transportation
2027,trans,5-15,SRSE,SERC Reliability Corporation / Southeastern,AEO2026 Low Economic Growth,1.0854855709945646,Transportation
2027,trans,5-14,SRCA,SERC Reliability Corporation / East,AEO2026 Low Economic Growth,1.085958052935277,Transportation
2027,trans,5-16,SRCE,SERC Reliability Corporation / Central,AEO2026 Low Economic Growth,1.0486450466459352,Transportation
2027,trans,5-11,PJMW,PJM / West,AEO2026 Low Economic Growth,1.033907770571401,Transportation
2027,trans,5-13,PJMD,PJM / Dominion,AEO2026 Low Economic Growth,1.0859503390058822,Transportation
2027,res,5-13,PJMD,PJM / Dominion,AEO2026 Low Economic Growth,0.9784768946615029,Residential
2027,res,5-12,PJMC,PJM / Commonwealth Edison,AEO2026 Low Economic Growth,0.9974993297547569,Residential
2027,res,5-9,NYUP,Northeast Power Coordinating Council / Upstate New York,AEO2026 Low Economic Growth,0.9912139160940956,Residential
2027,res,5-7,ISNE,Northeast Power Coordinating Council / New England,AEO2026 Low Economic Growth,0.9494959369326756,Residential
2027,res,5-8,NYCW,Northeast Power Coordinating Council / New York City and Long Island,AEO2026 Low Economic Growth,0.9912138325106595,Residential
2027,res,5-3,MISW,Midcontinent / West,AEO2026 Low Economic Growth,0.9773619997035381,Residential
2027,res,5-6,MISS,Midcontinent / South,AEO2026 Low Economic Growth,0.9942902477419946,Residential
2027,res,5-5,MISE,Midcontinent / East,AEO2026 Low Economic Growth,0.9974990826087733,Residential
2027,res,5-4,MISC,Midcontinent / Central,AEO2026 Low Economic Growth,0.9852807111097583,Residential
2027,res,5-2,FRCC,Florida Reliability Coordinating Council,AEO2026 Low Economic Growth,0.9784768038551929,Residential
2027,ind,5-23,NWPP,Western Electricity Coordinating Council / Northwest Power Pool Area,AEO2026 Low Economic Growth,0.9465878071585018,Industrial
2027,ind,5-20,SRSG,Western Electricity Coordinating Council / Southwest,AEO2026 Low Economic Growth,0.9639191779483844,Industrial
2027,ind,5-24,RMRG,Western Electricity Coordinating Council / Rockies,AEO2026 Low Economic Growth,0.9625812990527829,Industrial
2027,ind,5-22,CASO,Western Electricity Coordinating Council / California South,AEO2026 Low Economic Growth,0.942973307512876,Industrial
2027,ind,5-21,CANO,Western Electricity Coordinating Council / California North,AEO2026 Low Economic Growth,0.942973293840934,Industrial
2027,ind,5-25,BASN,Western Electricity Coordinating Council / Basin,AEO2026 Low Economic Growth,1.0047574411911018,Industrial
2027,ind,5-1,TRE,Texas Reliability Entity,AEO2026 Low Economic Growth,0.9639483606215706,Industrial
2027,ind,5-17,SPPS,Southwest Power Pool / South,AEO2026 Low Economic Growth,0.9641993568293912,Industrial
2027,ind,5-19,SPPN,Southwest Power Pool / North,AEO2026 Low Economic Growth,0.9241593209484462,Industrial
2027,res,5-10,PJME,PJM / East,AEO2026 Low Economic Growth,0.9871770055231115,Residential
2027,res,5-11,PJMW,PJM / West,AEO2026 Low Economic Growth,0.9883152673689131,Residential
2027,res,5-16,SRCE,SERC Reliability Corporation / Central,AEO2026 Low Economic Growth,0.9567664611065745,Residential
2027,res,5-14,SRCA,SERC Reliability Corporation / East,AEO2026 Low Economic Growth,0.9784767728924233,Residential
2027,trans,5-12,PJMC,PJM / Commonwealth Edison,AEO2026 Low Economic Growth,1.018658550615502,Transportation
2027,trans,5-9,NYUP,Northeast Power Coordinating Council / Upstate New York,AEO2026 Low Economic Growth,1.0409723740129602,Transportation
2027,trans,5-7,ISNE,Northeast Power Coordinating Council / New England,AEO2026 Low Economic Growth,1.0481676917204772,Transportation
2027,trans,5-8,NYCW,Northeast Power Coordinating Council / New York City and Long Island,AEO2026 Low Economic Growth,1.0409713520018857,Transportation
2027,trans,5-3,MISW,Midcontinent / West,AEO2026 Low Economic Growth,1.0248064497802383,Transportation
2027,trans,5-6,MISS,Midcontinent / South,AEO2026 Low Economic Growth,1.114495736548074,Transportation
2027,trans,5-5,MISE,Midcontinent / East,AEO2026 Low Economic Growth,1.0186569990254937,Transportation
2027,trans,5-4,MISC,Midcontinent / Central,AEO2026 Low Economic Growth,1.0202969593634554,Transportation
2027,trans,5-2,FRCC,Florida Reliability Coordinating Council,AEO2026 Low Economic Growth,1.0859588664132156,Transportation
2027,ind,5-18,SPPC,Southwest Power Pool / Central,AEO2026 Low Economic Growth,0.9235870765150793,Industrial
2027,res,5-23,NWPP,Western Electricity Coordinating Council / Northwest Power Pool Area,AEO2026 Low Economic Growth,0.9740101064749782,Residential
2027,res,5-24,RMRG,Western Electricity Coordinating Council / Rockies,AEO2026 Low Economic Growth,1.0150869313283364,Residential
2027,res,5-22,CASO,Western Electricity Coordinating Council / California South,AEO2026 Low Economic Growth,0.9672952810284192,Residential
2027,res,5-21,CANO,Western Electricity Coordinating Council / California North,AEO2026 Low Economic Growth,0.9672934387921509,Residential
2027,res,5-25,BASN,Western Electricity Coordinating Council / Basin,AEO2026 Low Economic Growth,1.0177998453030657,Residential
2027,res,5-1,TRE,Texas Reliability Entity,AEO2026 Low Economic Growth,1.002213036991576,Residential
2027,res,5-17,SPPS,Southwest Power Pool / South,AEO2026 Low Economic Growth,1.0027811563430642,Residential
2027,res,5-19,SPPN,Southwest Power Pool / North,AEO2026 Low Economic Growth,0.9667310153636903,Residential
2027,res,5-18,SPPC,Southwest Power Pool / Central,AEO2026 Low Economic Growth,0.965935607148086,Residential
2027,res,5-15,SRSE,SERC Reliability Corporation / Southeastern,AEO2026 Low Economic Growth,0.9717609500116331,Residential
2027,res,5-20,SRSG,Western Electricity Coordinating Council / Southwest,AEO2026 Low Economic Growth,1.0153609630738751,Residential
2027,trans,5-10,PJME,PJM / East,AEO2026 Low Economic Growth,1.0427390962025784,Transportation
2027,ind,5-15,SRSE,SERC Reliability Corporation / Southeastern,AEO2026 Low Economic Growth,0.9770802860949594,Industrial
2027,ind,5-16,SRCE,SERC Reliability Corporation / Central,AEO2026 Low Economic Growth,0.9879414091812989,Industrial
2027,com,5-16,SRCE,SERC Reliability Corporation / Central,AEO2026 Low Economic Growth,1.0156606576726788,Commercial
2027,com,5-11,PJMW,PJM / West,AEO2026 Low Economic Growth,1.0503825183649789,Commercial
2027,com,5-10,PJME,PJM / East,AEO2026 Low Economic Growth,1.028997635686582,Commercial
2027,com,5-13,PJMD,PJM / Dominion,AEO2026 Low Economic Growth,1.0363483279549608,Commercial
2027,com,5-12,PJMC,PJM / Commonwealth Edison,AEO2026 Low Economic Growth,1.0622310005741487,Commercial
2027,com,5-9,NYUP,Northeast Power Coordinating Council / Upstate New York,AEO2026 Low Economic Growth,1.0245736659486164,Commercial
2027,com,5-7,ISNE,Northeast Power Coordinating Council / New England,AEO2026 Low Economic Growth,0.9914668843964479,Commercial
2027,com,5-8,NYCW,Northeast Power Coordinating Council / New York City and Long Island,AEO2026 Low Economic Growth,1.0245736040392062,Commercial
2027,com,5-3,MISW,Midcontinent / West,AEO2026 Low Economic Growth,1.0375511974479648,Commercial
2027,com,5-6,MISS,Midcontinent / South,AEO2026 Low Economic Growth,1.1559322336353417,Commercial
2027,com,5-5,MISE,Midcontinent / East,AEO2026 Low Economic Growth,1.062231163684807,Commercial
2027,com,5-4,MISC,Midcontinent / Central,AEO2026 Low Economic Growth,1.0481813502642154,Commercial
2027,com,5-14,SRCA,SERC Reliability Corporation / East,AEO2026 Low Economic Growth,1.0363481261538818,Commercial
2027,com,5-15,SRSE,SERC Reliability Corporation / Southeastern,AEO2026 Low Economic Growth,1.0308604569340138,Commercial
2027,com,5-18,SPPC,Southwest Power Pool / Central,AEO2026 Low Economic Growth,1.0233213326083488,Commercial
2027,com,5-19,SPPN,Southwest Power Pool / North,AEO2026 Low Economic Growth,1.0237726710188852,Commercial
2027,ind,5-11,PJMW,PJM / West,AEO2026 Low Economic Growth,0.9612636793432182,Industrial
2027,ind,5-10,PJME,PJM / East,AEO2026 Low Economic Growth,0.9414017617117052,Industrial
2027,ind,5-13,PJMD,PJM / Dominion,AEO2026 Low Economic Growth,0.9676862489417557,Industrial
2027,ind,5-12,PJMC,PJM / Commonwealth Edison,AEO2026 Low Economic Growth,0.9611838433878004,Industrial
2027,ind,5-9,NYUP,Northeast Power Coordinating Council / Upstate New York,AEO2026 Low Economic Growth,0.938700729574238,Industrial
2027,ind,5-7,ISNE,Northeast Power Coordinating Council / New England,AEO2026 Low Economic Growth,0.9350444496306485,Industrial
2027,ind,5-8,NYCW,Northeast Power Coordinating Council / New York City and Long Island,AEO2026 Low Economic Growth,0.9387032261687248,Industrial
2027,ind,5-3,MISW,Midcontinent / West,AEO2026 Low Economic Growth,0.9361533290591453,Industrial
2027,ind,5-6,MISS,Midcontinent / South,AEO2026 Low Economic Growth,0.9663533510024138,Industrial
2027,ind,5-14,SRCA,SERC Reliability Corporation / East,AEO2026 Low Economic Growth,0.9676862693635433,Industrial
2027,ind,5-5,MISE,Midcontinent / East,AEO2026 Low Economic Growth,0.9611839301686126,Industrial
2027,ind,5-2,FRCC,Florida Reliability Coordinating Council,AEO2026 Low Economic Growth,0.9676862590539507,Industrial
2027,com,5-23,NWPP,Western Electricity Coordinating Council / Northwest Power Pool Area,AEO2026 Low Economic Growth,1.019433940049936,Commercial
2027,com,5-20,SRSG,Western Electricity Coordinating Council / Southwest,AEO2026 Low Economic Growth,1.0538481267965558,Commercial
2027,com,5-24,RMRG,Western Electricity Coordinating Council / Rockies,AEO2026 Low Economic Growth,1.0444285480609865,Commercial
2027,com,5-22,CASO,Western Electricity Coordinating Council / California South,AEO2026 Low Economic Growth,1.0155739189452195,Commercial
2027,com,5-21,CANO,Western Electricity Coordinating Council / California North,AEO2026 Low Economic Growth,1.0155737939759353,Commercial
2027,com,5-25,BASN,Western Electricity Coordinating Council / Basin,AEO2026 Low Economic Growth,1.0457175120615583,Commercial
2027,com,5-1,TRE,Texas Reliability Entity,AEO2026 Low Economic Growth,1.18129057725336,Commercial
2027,com,5-17,SPPS,Southwest Power Pool / South,AEO2026 Low Economic Growth,1.1714549731509813,Commercial
2027,ind,5-4,MISC,Midcontinent / Central,AEO2026 Low Economic Growth,0.9585771782240713,Industrial
2028,com,5-11,PJMW,PJM / West,AEO2026 Low Economic Growth,1.060468431058951,Commercial
2028,com,5-4,MISC,Midcontinent / Central,AEO2026 Low Economic Growth,1.053986397415584,Commercial
2028,ind,5-9,NYUP,Northeast Power Coordinating Council / Upstate New York,AEO2026 Low Economic Growth,0.9274677625642668,Industrial
2028,ind,5-12,PJMC,PJM / Commonwealth Edison,AEO2026 Low Economic Growth,0.9532034059265247,Industrial
2028,ind,5-13,PJMD,PJM / Dominion,AEO2026 Low Economic Growth,0.964111415571608,Industrial
2028,ind,5-10,PJME,PJM / East,AEO2026 Low Economic Growth,0.9308825591761967,Industrial
2028,ind,5-11,PJMW,PJM / West,AEO2026 Low Economic Growth,0.954007188700877,Industrial
2028,ind,5-16,SRCE,SERC Reliability Corporation / Central,AEO2026 Low Economic Growth,0.9839987256791628,Industrial
2028,ind,5-14,SRCA,SERC Reliability Corporation / East,AEO2026 Low Economic Growth,0.9641113282281916,Industrial
2028,ind,5-15,SRSE,SERC Reliability Corporation / Southeastern,AEO2026 Low Economic Growth,0.9733347376679324,Industrial
2028,ind,5-18,SPPC,Southwest Power Pool / Central,AEO2026 Low Economic Growth,0.9154217268566969,Industrial
2028,ind,5-19,SPPN,Southwest Power Pool / North,AEO2026 Low Economic Growth,0.9161114965293785,Industrial
2028,ind,5-17,SPPS,Southwest Power Pool / South,AEO2026 Low Economic Growth,0.961602785995416,Industrial
2028,ind,5-1,TRE,Texas Reliability Entity,AEO2026 Low Economic Growth,0.9608791378873978,Industrial
2028,ind,5-7,ISNE,Northeast Power Coordinating Council / New England,AEO2026 Low Economic Growth,0.9230690189964033,Industrial
2028,ind,5-25,BASN,Western Electricity Coordinating Council / Basin,AEO2026 Low Economic Growth,0.9901429668876979,Industrial
2028,ind,5-22,CASO,Western Electricity Coordinating Council / California South,AEO2026 Low Economic Growth,0.9423332137779097,Industrial
2028,ind,5-24,RMRG,Western Electricity Coordinating Council / Rockies,AEO2026 Low Economic Growth,0.9624323959651843,Industrial
2028,ind,5-20,SRSG,Western Electricity Coordinating Council / Southwest,AEO2026 Low Economic Growth,0.9641602658215482,Industrial
2028,ind,5-23,NWPP,Western Electricity Coordinating Council / Northwest Power Pool Area,AEO2026 Low Economic Growth,0.9478389266540725,Industrial
2028,res,5-2,FRCC,Florida Reliability Coordinating Council,AEO2026 Low Economic Growth,0.9909245281620305,Residential
2028,res,5-4,MISC,Midcontinent / Central,AEO2026 Low Economic Growth,0.9968462999294259,Residential
2028,res,5-5,MISE,Midcontinent / East,AEO2026 Low Economic Growth,1.010567983395858,Residential
2028,res,5-6,MISS,Midcontinent / South,AEO2026 Low Economic Growth,1.0039291230740688,Residential
2028,res,5-3,MISW,Midcontinent / West,AEO2026 Low Economic Growth,0.9879416846371206,Residential
2028,res,5-8,NYCW,Northeast Power Coordinating Council / New York City and Long Island,AEO2026 Low Economic Growth,1.0030003543190285,Residential
2028,res,5-7,ISNE,Northeast Power Coordinating Council / New England,AEO2026 Low Economic Growth,0.9642177981687127,Residential
2028,res,5-9,NYUP,Northeast Power Coordinating Council / Upstate New York,AEO2026 Low Economic Growth,1.003000488810111,Residential
2028,ind,5-21,CANO,Western Electricity Coordinating Council / California North,AEO2026 Low Economic Growth,0.9423332364319417,Industrial
2028,com,5-2,FRCC,Florida Reliability Coordinating Council,AEO2026 Low Economic Growth,1.0560681667760277,Commercial
2028,ind,5-8,NYCW,Northeast Power Coordinating Council / New York City and Long Island,AEO2026 Low Economic Growth,0.9274684358977682,Industrial
2028,ind,5-6,MISS,Midcontinent / South,AEO2026 Low Economic Growth,0.9636617354845524,Industrial
2028,com,5-5,MISE,Midcontinent / East,AEO2026 Low Economic Growth,1.069253839847121,Commercial
2028,com,5-6,MISS,Midcontinent / South,AEO2026 Low Economic Growth,1.1666662273047905,Commercial
2028,com,5-3,MISW,Midcontinent / West,AEO2026 Low Economic Growth,1.0421966093548334,Commercial
2028,com,5-8,NYCW,Northeast Power Coordinating Council / New York City and Long Island,AEO2026 Low Economic Growth,1.036047425607977,Commercial
2028,com,5-7,ISNE,Northeast Power Coordinating Council / New England,AEO2026 Low Economic Growth,0.9946207562797507,Commercial
2028,com,5-9,NYUP,Northeast Power Coordinating Council / Upstate New York,AEO2026 Low Economic Growth,1.0360474507586304,Commercial
2028,com,5-12,PJMC,PJM / Commonwealth Edison,AEO2026 Low Economic Growth,1.0692536185118033,Commercial
2028,com,5-13,PJMD,PJM / Dominion,AEO2026 Low Economic Growth,1.0560681417341375,Commercial
2028,com,5-10,PJME,PJM / East,AEO2026 Low Economic Growth,1.0435696329695026,Commercial
2028,com,5-16,SRCE,SERC Reliability Corporation / Central,AEO2026 Low Economic Growth,1.026979086101744,Commercial
2028,com,5-14,SRCA,SERC Reliability Corporation / East,AEO2026 Low Economic Growth,1.056068121836938,Commercial
2028,ind,5-3,MISW,Midcontinent / West,AEO2026 Low Economic Growth,0.9280496753649253,Industrial
2028,com,5-15,SRSE,SERC Reliability Corporation / Southeastern,AEO2026 Low Economic Growth,1.048351699940493,Commercial
2028,com,5-19,SPPN,Southwest Power Pool / North,AEO2026 Low Economic Growth,1.0276875012016553,Commercial
2028,com,5-17,SPPS,Southwest Power Pool / South,AEO2026 Low Economic Growth,1.1832177242795454,Commercial
2028,com,5-1,TRE,Texas Reliability Entity,AEO2026 Low Economic Growth,1.1919370537124057,Commercial
2028,com,5-25,BASN,Western Electricity Coordinating Council / Basin,AEO2026 Low Economic Growth,1.0716399368531087,Commercial
2028,com,5-21,CANO,Western Electricity Coordinating Council / California North,AEO2026 Low Economic Growth,1.0284394854820074,Commercial
2028,com,5-22,CASO,Western Electricity Coordinating Council / California South,AEO2026 Low Economic Growth,1.028439418725158,Commercial
2028,com,5-24,RMRG,Western Electricity Coordinating Council / Rockies,AEO2026 Low Economic Growth,1.0689491705370742,Commercial
2028,com,5-20,SRSG,Western Electricity Coordinating Council / Southwest,AEO2026 Low Economic Growth,1.0779323459011962,Commercial
2028,com,5-23,NWPP,Western Electricity Coordinating Council / Northwest Power Pool Area,AEO2026 Low Economic Growth,1.0339716421675538,Commercial
2028,ind,5-2,FRCC,Florida Reliability Coordinating Council,AEO2026 Low Economic Growth,0.9641114155398052,Industrial
2028,ind,5-4,MISC,Midcontinent / Central,AEO2026 Low Economic Growth,0.9509827670995638,Industrial
2028,ind,5-5,MISE,Midcontinent / East,AEO2026 Low Economic Growth,0.9532034782600438,Industrial
2028,com,5-18,SPPC,Southwest Power Pool / Central,AEO2026 Low Economic Growth,1.0265879621193348,Commercial
2028,res,5-12,PJMC,PJM / Commonwealth Edison,AEO2026 Low Economic Growth,1.0105682883467106,Residential
2028,res,5-13,PJMD,PJM / Dominion,AEO2026 Low Economic Growth,0.9909245820993394,Residential
2028,res,5-11,PJMW,PJM / West,AEO2026 Low Economic Growth,1.000590071601429,Residential
2028,trans,5-20,SRSG,Western Electricity Coordinating Council / Southwest,AEO2026 Low Economic Growth,1.0815522783598754,Transportation
2028,trans,5-21,CANO,Western Electricity Coordinating Council / California North,AEO2026 Low Economic Growth,1.0202794427852384,Transportation
2028,trans,5-22,CASO,Western Electricity Coordinating Council / California South,AEO2026 Low Economic Growth,1.020279270670896,Transportation
2028,trans,5-24,RMRG,Western Electricity Coordinating Council / Rockies,AEO2026 Low Economic Growth,1.0925063553125915,Transportation
2028,trans,5-25,BASN,Western Electricity Coordinating Council / Basin,AEO2026 Low Economic Growth,1.0909184166947548,Transportation
2028,trans,5-1,TRE,Texas Reliability Entity,AEO2026 Low Economic Growth,1.1714156975496717,Transportation
2028,trans,5-17,SPPS,Southwest Power Pool / South,AEO2026 Low Economic Growth,1.1545757948357631,Transportation
2028,trans,5-19,SPPN,Southwest Power Pool / North,AEO2026 Low Economic Growth,1.0787975102635412,Transportation
2028,res,5-16,SRCE,SERC Reliability Corporation / Central,AEO2026 Low Economic Growth,0.9651572227676652,Residential
2028,res,5-14,SRCA,SERC Reliability Corporation / East,AEO2026 Low Economic Growth,0.9909244978233717,Residential
2028,res,5-15,SRSE,SERC Reliability Corporation / Southeastern,AEO2026 Low Economic Growth,0.9829537123372496,Residential
2028,res,5-18,SPPC,Southwest Power Pool / Central,AEO2026 Low Economic Growth,0.975098672010492,Residential
2028,res,5-19,SPPN,Southwest Power Pool / North,AEO2026 Low Economic Growth,0.9761341194504516,Residential
2028,res,5-17,SPPS,Southwest Power Pool / South,AEO2026 Low Economic Growth,1.0132035339681005,Residential
2028,res,5-1,TRE,Texas Reliability Entity,AEO2026 Low Economic Growth,1.0121256515670445,Residential
2028,res,5-25,BASN,Western Electricity Coordinating Council / Basin,AEO2026 Low Economic Growth,1.0421204220014717,Residential
2028,res,5-21,CANO,Western Electricity Coordinating Council / California North,AEO2026 Low Economic Growth,0.9968278746288944,Residential
2028,res,5-22,CASO,Western Electricity Coordinating Council / California South,AEO2026 Low Economic Growth,0.9968294818965752,Residential
2028,res,5-24,RMRG,Western Electricity Coordinating Council / Rockies,AEO2026 Low Economic Growth,1.0384533693207363,Residential
2028,res,5-20,SRSG,Western Electricity Coordinating Council / Southwest,AEO2026 Low Economic Growth,1.0390821465085127,Residential
2028,res,5-23,NWPP,Western Electricity Coordinating Council / Northwest Power Pool Area,AEO2026 Low Economic Growth,1.0028510876614878,Residential
2028,trans,5-2,FRCC,Florida Reliability Coordinating Council,AEO2026 Low Economic Growth,1.1141630610568742,Transportation
2028,trans,5-4,MISC,Midcontinent / Central,AEO2026 Low Economic Growth,1.0167590224495595,Transportation
2028,trans,5-5,MISE,Midcontinent / East,AEO2026 Low Economic Growth,1.0137592212028337,Transportation
2028,trans,5-6,MISS,Midcontinent / South,AEO2026 Low Economic Growth,1.1701852396354013,Transportation
2028,trans,5-3,MISW,Midcontinent / West,AEO2026 Low Economic Growth,1.0249820523812228,Transportation
2028,trans,5-8,NYCW,Northeast Power Coordinating Council / New York City and Long Island,AEO2026 Low Economic Growth,1.0515995856027989,Transportation
2028,trans,5-7,ISNE,Northeast Power Coordinating Council / New England,AEO2026 Low Economic Growth,1.0762159971353584,Transportation
2028,trans,5-9,NYUP,Northeast Power Coordinating Council / Upstate New York,AEO2026 Low Economic Growth,1.0516002706710628,Transportation
2028,trans,5-12,PJMC,PJM / Commonwealth Edison,AEO2026 Low Economic Growth,1.0137585893131686,Transportation
2028,trans,5-13,PJMD,PJM / Dominion,AEO2026 Low Economic Growth,1.114157424453325,Transportation
2028,trans,5-10,PJME,PJM / East,AEO2026 Low Economic Growth,1.054057527053266,Transportation
2028,trans,5-16,SRCE,SERC Reliability Corporation / Central,AEO2026 Low Economic Growth,1.0650821856952466,Transportation
2028,trans,5-14,SRCA,SERC Reliability Corporation / East,AEO2026 Low Economic Growth,1.1141601624007402,Transportation
2028,trans,5-15,SRSE,SERC Reliability Corporation / Southeastern,AEO2026 Low Economic Growth,1.1135375691483131,Transportation
2028,trans,5-18,SPPC,Southwest Power Pool / Central,AEO2026 Low Economic Growth,1.0781643973777106,Transportation
2028,res,5-10,PJME,PJM / East,AEO2026 Low Economic Growth,0.999173073685122,Residential
2028,trans,5-11,PJMW,PJM / West,AEO2026 Low Economic Growth,1.038652273422858,Transportation
2028,trans,5-23,NWPP,Western Electricity Coordinating Council / Northwest Power Pool Area,AEO2026 Low Economic Growth,1.0234322233595792,Transportation
2029,com,5-2,FRCC,Florida Reliability Coordinating Council,AEO2026 Low Economic Growth,1.0759865973549052,Commercial
2029,ind,5-7,ISNE,Northeast Power Coordinating Council / New England,AEO2026 Low Economic Growth,0.909830096645464,Industrial
2029,com,5-6,MISS,Midcontinent / South,AEO2026 Low Economic Growth,1.1761825802299009,Commercial
2029,com,5-3,MISW,Midcontinent / West,AEO2026 Low Economic Growth,1.0442242876897427,Commercial
2029,com,5-8,NYCW,Northeast Power Coordinating Council / New York City and Long Island,AEO2026 Low Economic Growth,1.0445821846332235,Commercial
2029,com,5-7,ISNE,Northeast Power Coordinating Council / New England,AEO2026 Low Economic Growth,0.9947172184952161,Commercial
2029,com,5-9,NYUP,Northeast Power Coordinating Council / Upstate New York,AEO2026 Low Economic Growth,1.044582407367527,Commercial
2029,com,5-12,PJMC,PJM / Commonwealth Edison,AEO2026 Low Economic Growth,1.0702666111066808,Commercial
2029,com,5-13,PJMD,PJM / Dominion,AEO2026 Low Economic Growth,1.0759865721506603,Commercial
2029,com,5-5,MISE,Midcontinent / East,AEO2026 Low Economic Growth,1.070266563705462,Commercial
2029,com,5-10,PJME,PJM / East,AEO2026 Low Economic Growth,1.05638152868608,Commercial
2029,com,5-16,SRCE,SERC Reliability Corporation / Central,AEO2026 Low Economic Growth,1.0323924240989537,Commercial
2029,com,5-14,SRCA,SERC Reliability Corporation / East,AEO2026 Low Economic Growth,1.0759865030071583,Commercial
2029,com,5-15,SRSE,SERC Reliability Corporation / Southeastern,AEO2026 Low Economic Growth,1.0644224193395946,Commercial
2029,com,5-18,SPPC,Southwest Power Pool / Central,AEO2026 Low Economic Growth,1.0292224074081726,Commercial
2029,com,5-19,SPPN,Southwest Power Pool / North,AEO2026 Low Economic Growth,1.0310540645954351,Commercial
2029,com,5-17,SPPS,Southwest Power Pool / South,AEO2026 Low Economic Growth,1.1948137259659086,Commercial
2029,com,5-1,TRE,Texas Reliability Entity,AEO2026 Low Economic Growth,1.2022251563411221,Commercial
2029,com,5-11,PJMW,PJM / West,AEO2026 Low Economic Growth,1.0660220144463708,Commercial
2029,com,5-25,BASN,Western Electricity Coordinating Council / Basin,AEO2026 Low Economic Growth,1.099851476212509,Commercial
2029,com,5-4,MISC,Midcontinent / Central,AEO2026 Low Economic Growth,1.0556128150883508,Commercial
2029,res,5-14,SRCA,SERC Reliability Corporation / East,AEO2026 Low Economic Growth,1.0008915141738568,Residential
2029,trans,5-3,MISW,Midcontinent / West,AEO2026 Low Economic Growth,1.0202872651960808,Transportation
2029,trans,5-6,MISS,Midcontinent / South,AEO2026 Low Economic Growth,1.2187885915907086,Transportation
2029,trans,5-5,MISE,Midcontinent / East,AEO2026 Low Economic Growth,1.0030346025478543,Transportation
2029,trans,5-4,MISC,Midcontinent / Central,AEO2026 Low Economic Growth,1.0076513213981244,Transportation
2029,trans,5-2,FRCC,Florida Reliability Coordinating Council,AEO2026 Low Economic Growth,1.1359787642989594,Transportation
2029,res,5-23,NWPP,Western Electricity Coordinating Council / Northwest Power Pool Area,AEO2026 Low Economic Growth,1.0292857862371463,Residential
2029,res,5-20,SRSG,Western Electricity Coordinating Council / Southwest,AEO2026 Low Economic Growth,1.0630213178665788,Residential
2029,res,5-16,SRCE,SERC Reliability Corporation / Central,AEO2026 Low Economic Growth,0.9657265252620619,Residential
2029,res,5-24,RMRG,Western Electricity Coordinating Council / Rockies,AEO2026 Low Economic Growth,1.062145856712152,Residential
2029,res,5-21,CANO,Western Electricity Coordinating Council / California North,AEO2026 Low Economic Growth,1.0235194189133785,Residential
2029,res,5-25,BASN,Western Electricity Coordinating Council / Basin,AEO2026 Low Economic Growth,1.0668802976962117,Residential
2029,res,5-1,TRE,Texas Reliability Entity,AEO2026 Low Economic Growth,1.0202806418525996,Residential
2029,res,5-17,SPPS,Southwest Power Pool / South,AEO2026 Low Economic Growth,1.021946871445779,Residential
2029,res,5-19,SPPN,Southwest Power Pool / North,AEO2026 Low Economic Growth,0.9836859770743998,Residential
2029,res,5-18,SPPC,Southwest Power Pool / Central,AEO2026 Low Economic Growth,0.9823729597986697,Residential
2029,res,5-15,SRSE,SERC Reliability Corporation / Southeastern,AEO2026 Low Economic Growth,0.9900136913968199,Residential
2029,res,5-22,CASO,Western Electricity Coordinating Council / California South,AEO2026 Low Economic Growth,1.023520905100321,Residential
2029,trans,5-8,NYCW,Northeast Power Coordinating Council / New York City and Long Island,AEO2026 Low Economic Growth,1.0599681757838186,Transportation
2029,com,5-21,CANO,Western Electricity Coordinating Council / California North,AEO2026 Low Economic Growth,1.045511863353166,Commercial
2029,com,5-24,RMRG,Western Electricity Coordinating Council / Rockies,AEO2026 Low Economic Growth,1.095555296324426,Commercial
2029,ind,5-1,TRE,Texas Reliability Entity,AEO2026 Low Economic Growth,0.957078432920992,Industrial
2029,ind,5-25,BASN,Western Electricity Coordinating Council / Basin,AEO2026 Low Economic Growth,0.9790409323282342,Industrial
2029,ind,5-21,CANO,Western Electricity Coordinating Council / California North,AEO2026 Low Economic Growth,0.9390889371814706,Industrial
2029,ind,5-22,CASO,Western Electricity Coordinating Council / California South,AEO2026 Low Economic Growth,0.9390888178194248,Industrial
2029,ind,5-24,RMRG,Western Electricity Coordinating Council / Rockies,AEO2026 Low Economic Growth,0.9575370083294591,Industrial
2029,ind,5-20,SRSG,Western Electricity Coordinating Council / Southwest,AEO2026 Low Economic Growth,0.9598208233812433,Industrial
2029,ind,5-23,NWPP,Western Electricity Coordinating Council / Northwest Power Pool Area,AEO2026 Low Economic Growth,0.9426940838014423,Industrial
2029,ind,5-17,SPPS,Southwest Power Pool / South,AEO2026 Low Economic Growth,0.9577136242715893,Industrial
2029,res,5-2,FRCC,Florida Reliability Coordinating Council,AEO2026 Low Economic Growth,1.0008915965858087,Residential
2029,res,5-5,MISE,Midcontinent / East,AEO2026 Low Economic Growth,1.0210210521992913,Residential
2029,res,5-6,MISS,Midcontinent / South,AEO2026 Low Economic Growth,1.0107469524926616,Residential
2029,res,5-3,MISW,Midcontinent / West,AEO2026 Low Economic Growth,0.9963685348808791,Residential
2029,res,5-8,NYCW,Northeast Power Coordinating Council / New York City and Long Island,AEO2026 Low Economic Growth,1.0165338838738924,Residential
2029,res,5-7,ISNE,Northeast Power Coordinating Council / New England,AEO2026 Low Economic Growth,0.9785493505204043,Residential
2029,res,5-9,NYUP,Northeast Power Coordinating Council / Upstate New York,AEO2026 Low Economic Growth,1.0165338425849255,Residential
2029,res,5-12,PJMC,PJM / Commonwealth Edison,AEO2026 Low Economic Growth,1.0210212656838418,Residential
2029,res,5-4,MISC,Midcontinent / Central,AEO2026 Low Economic Growth,1.0059427698978585,Residential
2029,com,5-22,CASO,Western Electricity Coordinating Council / California South,AEO2026 Low Economic Growth,1.0455119408092874,Commercial
2029,ind,5-19,SPPN,Southwest Power Pool / North,AEO2026 Low Economic Growth,0.9062697701288365,Industrial
2029,ind,5-15,SRSE,SERC Reliability Corporation / Southeastern,AEO2026 Low Economic Growth,0.9677518643036674,Industrial
2029,com,5-20,SRSG,Western Electricity Coordinating Council / Southwest,AEO2026 Low Economic Growth,1.104221509120864,Commercial
2029,com,5-23,NWPP,Western Electricity Coordinating Council / Northwest Power Pool Area,AEO2026 Low Economic Growth,1.0524705644318106,Commercial
2029,ind,5-2,FRCC,Florida Reliability Coordinating Council,AEO2026 Low Economic Growth,0.9585897761193848,Industrial
2029,ind,5-4,MISC,Midcontinent / Central,AEO2026 Low Economic Growth,0.9407360010638437,Industrial
2029,ind,5-5,MISE,Midcontinent / East,AEO2026 Low Economic Growth,0.9422762214382134,Industrial
2029,ind,5-6,MISS,Midcontinent / South,AEO2026 Low Economic Growth,0.9590427703950215,Industrial
2029,ind,5-3,MISW,Midcontinent / West,AEO2026 Low Economic Growth,0.9177959714892298,Industrial
2029,ind,5-18,SPPC,Southwest Power Pool / Central,AEO2026 Low Economic Growth,0.9055061670386202,Industrial
2029,ind,5-8,NYCW,Northeast Power Coordinating Council / New York City and Long Island,AEO2026 Low Economic Growth,0.9147175320608346,Industrial
2029,ind,5-9,NYUP,Northeast Power Coordinating Council / Upstate New York,AEO2026 Low Economic Growth,0.9147152229055319,Industrial
2029,ind,5-12,PJMC,PJM / Commonwealth Edison,AEO2026 Low Economic Growth,0.9422761399126419,Industrial
2029,ind,5-13,PJMD,PJM / Dominion,AEO2026 Low Economic Growth,0.9585896590544243,Industrial
2029,ind,5-10,PJME,PJM / East,AEO2026 Low Economic Growth,0.9188037089301004,Industrial
2029,ind,5-11,PJMW,PJM / West,AEO2026 Low Economic Growth,0.9442986802788014,Industrial
2029,ind,5-16,SRCE,SERC Reliability Corporation / Central,AEO2026 Low Economic Growth,0.9783448945365154,Industrial
2029,ind,5-14,SRCA,SERC Reliability Corporation / East,AEO2026 Low Economic Growth,0.958589820705482,Industrial
2029,res,5-11,PJMW,PJM / West,AEO2026 Low Economic Growth,1.0102794269627897,Residential
2029,res,5-13,PJMD,PJM / Dominion,AEO2026 Low Economic Growth,1.0008915923178359,Residential
2029,trans,5-7,ISNE,Northeast Power Coordinating Council / New England,AEO2026 Low Economic Growth,1.1097181397142442,Transportation
2029,trans,5-12,PJMC,PJM / Commonwealth Edison,AEO2026 Low Economic Growth,1.0030330603579012,Transportation
2029,trans,5-20,SRSG,Western Electricity Coordinating Council / Southwest,AEO2026 Low Economic Growth,1.12741393271661,Transportation
2029,trans,5-23,NWPP,Western Electricity Coordinating Council / Northwest Power Pool Area,AEO2026 Low Economic Growth,1.0518864951025273,Transportation
2029,trans,5-9,NYUP,Northeast Power Coordinating Council / Upstate New York,AEO2026 Low Economic Growth,1.059967776007916,Transportation
2029,trans,5-24,RMRG,Western Electricity Coordinating Council / Rockies,AEO2026 Low Economic Growth,1.1416166115497965,Transportation
2029,trans,5-22,CASO,Western Electricity Coordinating Council / California South,AEO2026 Low Economic Growth,1.0477658701544124,Transportation
2029,trans,5-21,CANO,Western Electricity Coordinating Council / California North,AEO2026 Low Economic Growth,1.0477642488669827,Transportation
2029,trans,5-25,BASN,Western Electricity Coordinating Council / Basin,AEO2026 Low Economic Growth,1.1401292553893048,Transportation
2029,trans,5-1,TRE,Texas Reliability Entity,AEO2026 Low Economic Growth,1.220357893833412,Transportation
2029,res,5-10,PJME,PJM / East,AEO2026 Low Economic Growth,1.0115762060622198,Residential
2029,trans,5-19,SPPN,Southwest Power Pool / North,AEO2026 Low Economic Growth,1.103827307641372,Transportation
2029,trans,5-10,PJME,PJM / East,AEO2026 Low Economic Growth,1.0629534968054442,Transportation
2029,trans,5-13,PJMD,PJM / Dominion,AEO2026 Low Economic Growth,1.1359705446544834,Transportation
2029,trans,5-17,SPPS,Southwest Power Pool / South,AEO2026 Low Economic Growth,1.2037004508460682,Transportation
2029,trans,5-11,PJMW,PJM / West,AEO2026 Low Economic Growth,1.0392070790762669,Transportation
2029,trans,5-14,SRCA,SERC Reliability Corporation / East,AEO2026 Low Economic Growth,1.1359767057649357,Transportation
2029,trans,5-15,SRSE,SERC Reliability Corporation / Southeastern,AEO2026 Low Economic Growth,1.1352585785242388,Transportation
2029,trans,5-18,SPPC,Southwest Power Pool / Central,AEO2026 Low Economic Growth,1.102033955286603,Transportation
2029,trans,5-16,SRCE,SERC Reliability Corporation / Central,AEO2026 Low Economic Growth,1.079298089737894,Transportation
2030,com,5-2,FRCC,Florida Reliability Coordinating Council,AEO2026 Low Economic Growth,1.0938576767529111,Commercial
2030,trans,5-2,FRCC,Florida Reliability Coordinating Council,AEO2026 Low Economic Growth,1.1507413020837742,Transportation
2030,ind,5-20,SRSG,Western Electricity Coordinating Council / Southwest,AEO2026 Low Economic Growth,0.9603138627059112,Industrial
2030,ind,5-23,NWPP,Western Electricity Coordinating Council / Northwest Power Pool Area,AEO2026 Low Economic Growth,0.9424130991889123,Industrial
2030,res,5-2,FRCC,Florida Reliability Coordinating Council,AEO2026 Low Economic Growth,1.0088221124248093,Residential
2030,res,5-5,MISE,Midcontinent / East,AEO2026 Low Economic Growth,1.0285565534914027,Residential
2030,trans,5-23,NWPP,Western Electricity Coordinating Council / Northwest Power Pool Area,AEO2026 Low Economic Growth,1.0784286061639416,Transportation
2030,trans,5-20,SRSG,Western Electricity Coordinating Council / Southwest,AEO2026 Low Economic Growth,1.172306333276078,Transportation
2030,trans,5-24,RMRG,Western Electricity Coordinating Council / Rockies,AEO2026 Low Economic Growth,1.1900294706530787,Transportation
2030,trans,5-22,CASO,Western Electricity Coordinating Council / California South,AEO2026 Low Economic Growth,1.0732845740429597,Transportation
2030,trans,5-21,CANO,Western Electricity Coordinating Council / California North,AEO2026 Low Economic Growth,1.0732816774921157,Transportation
2030,trans,5-25,BASN,Western Electricity Coordinating Council / Basin,AEO2026 Low Economic Growth,1.188592698975629,Transportation
2030,trans,5-1,TRE,Texas Reliability Entity,AEO2026 Low Economic Growth,1.2667896837317083,Transportation
2030,trans,5-17,SPPS,Southwest Power Pool / South,AEO2026 Low Economic Growth,1.250687979389894,Transportation
2030,ind,5-24,RMRG,Western Electricity Coordinating Council / Rockies,AEO2026 Low Economic Growth,0.9577799456330803,Industrial
2030,trans,5-19,SPPN,Southwest Power Pool / North,AEO2026 Low Economic Growth,1.1283935902529465,Transportation
2030,ind,5-22,CASO,Western Electricity Coordinating Council / California South,AEO2026 Low Economic Growth,0.9385831415724372,Industrial
2030,ind,5-25,BASN,Western Electricity Coordinating Council / Basin,AEO2026 Low Economic Growth,0.9789554902490593,Industrial
2030,ind,5-3,MISW,Midcontinent / West,AEO2026 Low Economic Growth,0.913068725095934,Industrial
2030,ind,5-8,NYCW,Northeast Power Coordinating Council / New York City and Long Island,AEO2026 Low Economic Growth,0.9039665159191924,Industrial
2030,ind,5-7,ISNE,Northeast Power Coordinating Council / New England,AEO2026 Low Economic Growth,0.8985610932076727,Industrial
2030,ind,5-9,NYUP,Northeast Power Coordinating Council / Upstate New York,AEO2026 Low Economic Growth,0.9039670443499225,Industrial
2030,ind,5-12,PJMC,PJM / Commonwealth Edison,AEO2026 Low Economic Growth,0.9376153339422005,Industrial
2030,ind,5-13,PJMD,PJM / Dominion,AEO2026 Low Economic Growth,0.9584365164281391,Industrial
2030,ind,5-10,PJME,PJM / East,AEO2026 Low Economic Growth,0.9090427319099872,Industrial
2030,ind,5-11,PJMW,PJM / West,AEO2026 Low Economic Growth,0.939975157961655,Industrial
2030,ind,5-16,SRCE,SERC Reliability Corporation / Central,AEO2026 Low Economic Growth,0.9776495691785978,Industrial
2030,ind,5-14,SRCA,SERC Reliability Corporation / East,AEO2026 Low Economic Growth,0.9584364913419128,Industrial
2030,ind,5-15,SRSE,SERC Reliability Corporation / Southeastern,AEO2026 Low Economic Growth,0.9673471256146506,Industrial
2030,ind,5-18,SPPC,Southwest Power Pool / Central,AEO2026 Low Economic Growth,0.900745523081518,Industrial
2030,ind,5-19,SPPN,Southwest Power Pool / North,AEO2026 Low Economic Growth,0.9015826594171871,Industrial
2030,ind,5-17,SPPS,Southwest Power Pool / South,AEO2026 Low Economic Growth,0.9571223473065964,Industrial
2030,ind,5-1,TRE,Texas Reliability Entity,AEO2026 Low Economic Growth,0.9562972537405942,Industrial
2030,ind,5-21,CANO,Western Electricity Coordinating Council / California North,AEO2026 Low Economic Growth,0.9385832542197845,Industrial
2030,ind,5-6,MISS,Midcontinent / South,AEO2026 Low Economic Growth,0.9583291803178823,Industrial
2030,trans,5-18,SPPC,Southwest Power Pool / Central,AEO2026 Low Economic Growth,1.1253992267608002,Transportation
2030,trans,5-14,SRCA,SERC Reliability Corporation / East,AEO2026 Low Economic Growth,1.1507390880946498,Transportation
2030,res,5-17,SPPS,Southwest Power Pool / South,AEO2026 Low Economic Growth,1.0270586475761128,Residential
2030,res,5-19,SPPN,Southwest Power Pool / North,AEO2026 Low Economic Growth,0.9897035062204712,Residential
2030,res,5-18,SPPC,Southwest Power Pool / Central,AEO2026 Low Economic Growth,0.9881018774405926,Residential
2030,res,5-15,SRSE,SERC Reliability Corporation / Southeastern,AEO2026 Low Economic Growth,0.9940793402944894,Residential
2030,res,5-14,SRCA,SERC Reliability Corporation / East,AEO2026 Low Economic Growth,1.0088220064501268,Residential
2030,res,5-16,SRCE,SERC Reliability Corporation / Central,AEO2026 Low Economic Growth,0.9611630505771702,Residential
2030,res,5-11,PJMW,PJM / West,AEO2026 Low Economic Growth,1.0171704712955107,Residential
2030,res,5-10,PJME,PJM / East,AEO2026 Low Economic Growth,1.0222432572562459,Residential
2030,res,5-13,PJMD,PJM / Dominion,AEO2026 Low Economic Growth,1.0088220518273747,Residential
2030,res,5-12,PJMC,PJM / Commonwealth Edison,AEO2026 Low Economic Growth,1.0285568401598597,Residential
2030,res,5-9,NYUP,Northeast Power Coordinating Council / Upstate New York,AEO2026 Low Economic Growth,1.0284706838732198,Residential
2030,res,5-7,ISNE,Northeast Power Coordinating Council / New England,AEO2026 Low Economic Growth,0.9905343528040058,Residential
2030,res,5-8,NYCW,Northeast Power Coordinating Council / New York City and Long Island,AEO2026 Low Economic Growth,1.028470738882182,Residential
2030,res,5-3,MISW,Midcontinent / West,AEO2026 Low Economic Growth,1.0027535666308829,Residential
2030,res,5-6,MISS,Midcontinent / South,AEO2026 Low Economic Growth,1.0135851169259515,Residential
2030,res,5-1,TRE,Texas Reliability Entity,AEO2026 Low Economic Growth,1.024706921943957,Residential
2030,trans,5-15,SRSE,SERC Reliability Corporation / Southeastern,AEO2026 Low Economic Growth,1.1499665883617274,Transportation
2030,res,5-25,BASN,Western Electricity Coordinating Council / Basin,AEO2026 Low Economic Growth,1.0906173521627158,Residential
2030,res,5-22,CASO,Western Electricity Coordinating Council / California South,AEO2026 Low Economic Growth,1.0450428171514599,Residential
2030,trans,5-16,SRCE,SERC Reliability Corporation / Central,AEO2026 Low Economic Growth,1.0897378942692137,Transportation
2030,trans,5-11,PJMW,PJM / West,AEO2026 Low Economic Growth,1.036892746922048,Transportation
2030,trans,5-10,PJME,PJM / East,AEO2026 Low Economic Growth,1.0707038477328836,Transportation
2030,trans,5-13,PJMD,PJM / Dominion,AEO2026 Low Economic Growth,1.150734138565848,Transportation
2030,trans,5-12,PJMC,PJM / Commonwealth Edison,AEO2026 Low Economic Growth,0.9880717057303923,Transportation
2030,trans,5-9,NYUP,Northeast Power Coordinating Council / Upstate New York,AEO2026 Low Economic Growth,1.0674321718996842,Transportation
2030,trans,5-7,ISNE,Northeast Power Coordinating Council / New England,AEO2026 Low Economic Growth,1.1384039066158271,Transportation
2030,trans,5-8,NYCW,Northeast Power Coordinating Council / New York City and Long Island,AEO2026 Low Economic Growth,1.067431047531607,Transportation
2030,trans,5-3,MISW,Midcontinent / West,AEO2026 Low Economic Growth,1.0120184486026682,Transportation
2030,trans,5-6,MISS,Midcontinent / South,AEO2026 Low Economic Growth,1.2648926786239343,Transportation
2030,trans,5-5,MISE,Midcontinent / East,AEO2026 Low Economic Growth,0.9880686092835611,Transportation
2030,trans,5-4,MISC,Midcontinent / Central,AEO2026 Low Economic Growth,0.9944835180448992,Transportation
2030,res,5-23,NWPP,Western Electricity Coordinating Council / Northwest Power Pool Area,AEO2026 Low Economic Growth,1.05110220062522,Residential
2030,res,5-20,SRSG,Western Electricity Coordinating Council / Southwest,AEO2026 Low Economic Growth,1.085661402305412,Residential
2030,res,5-24,RMRG,Western Electricity Coordinating Council / Rockies,AEO2026 Low Economic Growth,1.0848176428662177,Residential
2030,res,5-21,CANO,Western Electricity Coordinating Council / California North,AEO2026 Low Economic Growth,1.0450412457383977,Residential
2030,ind,5-5,MISE,Midcontinent / East,AEO2026 Low Economic Growth,0.9376153858966491,Industrial
2030,res,5-4,MISC,Midcontinent / Central,AEO2026 Low Economic Growth,1.0125659163941039,Residential
2030,ind,5-2,FRCC,Florida Reliability Coordinating Council,AEO2026 Low Economic Growth,0.9584365258860666,Industrial
2030,com,5-5,MISE,Midcontinent / East,AEO2026 Low Economic Growth,1.0684185095192908,Commercial
2030,com,5-6,MISS,Midcontinent / South,AEO2026 Low Economic Growth,1.183854334278998,Commercial
2030,ind,5-4,MISC,Midcontinent / Central,AEO2026 Low Economic Growth,0.9364633310936652,Industrial
2030,com,5-4,MISC,Midcontinent / Central,AEO2026 Low Economic Growth,1.0555921700625737,Commercial
2030,com,5-10,PJME,PJM / East,AEO2026 Low Economic Growth,1.0671304124807737,Commercial
2030,com,5-11,PJMW,PJM / West,AEO2026 Low Economic Growth,1.0688942104909782,Commercial
2030,com,5-16,SRCE,SERC Reliability Corporation / Central,AEO2026 Low Economic Growth,1.0340110900137969,Commercial
2030,com,5-14,SRCA,SERC Reliability Corporation / East,AEO2026 Low Economic Growth,1.0938575286063883,Commercial
2030,com,5-15,SRSE,SERC Reliability Corporation / Southeastern,AEO2026 Low Economic Growth,1.0779821567441168,Commercial
2030,com,5-18,SPPC,Southwest Power Pool / Central,AEO2026 Low Economic Growth,1.0326018769706184,Commercial
2030,com,5-19,SPPN,Southwest Power Pool / North,AEO2026 Low Economic Growth,1.0351708012402727,Commercial
2030,com,5-17,SPPS,Southwest Power Pool / South,AEO2026 Low Economic Growth,1.2050886928650453,Commercial
2030,com,5-1,TRE,Texas Reliability Entity,AEO2026 Low Economic Growth,1.2110241721535788,Commercial
2030,com,5-21,CANO,Western Electricity Coordinating Council / California North,AEO2026 Low Economic Growth,1.0652897162430448,Commercial
2030,com,5-22,CASO,Western Electricity Coordinating Council / California South,AEO2026 Low Economic Growth,1.0652898365112766,Commercial
2030,com,5-23,NWPP,Western Electricity Coordinating Council / Northwest Power Pool Area,AEO2026 Low Economic Growth,1.073435790978666,Commercial
2030,com,5-20,SRSG,Western Electricity Coordinating Council / Southwest,AEO2026 Low Economic Growth,1.1312859464146021,Commercial
2030,com,5-24,RMRG,Western Electricity Coordinating Council / Rockies,AEO2026 Low Economic Growth,1.1229832213485849,Commercial
2030,com,5-13,PJMD,PJM / Dominion,AEO2026 Low Economic Growth,1.0938576640494067,Commercial
2030,com,5-12,PJMC,PJM / Commonwealth Edison,AEO2026 Low Economic Growth,1.0684184411712152,Commercial
2030,com,5-25,BASN,Western Electricity Coordinating Council / Basin,AEO2026 Low Economic Growth,1.128902420059055,Commercial
2030,com,5-7,ISNE,Northeast Power Coordinating Council / New England,AEO2026 Low Economic Growth,0.9932614954819193,Commercial
2030,com,5-9,NYUP,Northeast Power Coordinating Council / Upstate New York,AEO2026 Low Economic Growth,1.0510448926071654,Commercial
2030,com,5-8,NYCW,Northeast Power Coordinating Council / New York City and Long Island,AEO2026 Low Economic Growth,1.05104484762594,Commercial
2030,com,5-3,MISW,Midcontinent / West,AEO2026 Low Economic Growth,1.0456676735472543,Commercial
2031,trans,5-23,NWPP,Western Electricity Coordinating Council / Northwest Power Pool Area,AEO2026 Low Economic Growth,1.1007231389453398,Transportation
2031,trans,5-20,SRSG,Western Electricity Coordinating Council / Southwest,AEO2026 Low Economic Growth,1.2140578607709862,Transportation
2031,trans,5-24,RMRG,Western Electricity Coordinating Council / Rockies,AEO2026 Low Economic Growth,1.2354727677667545,Transportation
2031,ind,5-22,CASO,Western Electricity Coordinating Council / California South,AEO2026 Low Economic Growth,0.9401429994149618,Industrial
2031,com,5-21,CANO,Western Electricity Coordinating Council / California North,AEO2026 Low Economic Growth,1.0862976046738837,Commercial
2031,com,5-25,BASN,Western Electricity Coordinating Council / Basin,AEO2026 Low Economic Growth,1.1636847269789832,Commercial
2031,com,5-1,TRE,Texas Reliability Entity,AEO2026 Low Economic Growth,1.2210495504480214,Commercial
2031,com,5-17,SPPS,Southwest Power Pool / South,AEO2026 Low Economic Growth,1.2169195909779529,Commercial
2031,com,5-19,SPPN,Southwest Power Pool / North,AEO2026 Low Economic Growth,1.0426501879233052,Commercial
2031,com,5-18,SPPC,Southwest Power Pool / Central,AEO2026 Low Economic Growth,1.0392699375307344,Commercial
2031,com,5-15,SRSE,SERC Reliability Corporation / Southeastern,AEO2026 Low Economic Growth,1.0928938212055341,Commercial
2031,com,5-14,SRCA,SERC Reliability Corporation / East,AEO2026 Low Economic Growth,1.1125892363516001,Commercial
2031,com,5-16,SRCE,SERC Reliability Corporation / Central,AEO2026 Low Economic Growth,1.038342467424895,Commercial
2031,com,5-11,PJMW,PJM / West,AEO2026 Low Economic Growth,1.0684149678953598,Commercial
2031,com,5-10,PJME,PJM / East,AEO2026 Low Economic Growth,1.0735291772553666,Commercial
2031,com,5-13,PJMD,PJM / Dominion,AEO2026 Low Economic Growth,1.112589289600056,Commercial
2031,com,5-12,PJMC,PJM / Commonwealth Edison,AEO2026 Low Economic Growth,1.062196534181247,Commercial
2031,com,5-9,NYUP,Northeast Power Coordinating Council / Upstate New York,AEO2026 Low Economic Growth,1.0500212839087986,Commercial
2031,com,5-7,ISNE,Northeast Power Coordinating Council / New England,AEO2026 Low Economic Growth,0.9959949535591187,Commercial
2031,com,5-8,NYCW,Northeast Power Coordinating Council / New York City and Long Island,AEO2026 Low Economic Growth,1.050021262474767,Commercial
2031,com,5-3,MISW,Midcontinent / West,AEO2026 Low Economic Growth,1.047572693539965,Commercial
2031,com,5-6,MISS,Midcontinent / South,AEO2026 Low Economic Growth,1.1929828545899877,Commercial
2031,com,5-5,MISE,Midcontinent / East,AEO2026 Low Economic Growth,1.062196549653949,Commercial
2031,com,5-4,MISC,Midcontinent / Central,AEO2026 Low Economic Growth,1.053918306961174,Commercial
2031,com,5-2,FRCC,Florida Reliability Coordinating Council,AEO2026 Low Economic Growth,1.1125893193791834,Commercial
2031,com,5-22,CASO,Western Electricity Coordinating Council / California South,AEO2026 Low Economic Growth,1.086297635009221,Commercial
2031,ind,5-24,RMRG,Western Electricity Coordinating Council / Rockies,AEO2026 Low Economic Growth,0.961189200067469,Industrial
2031,com,5-24,RMRG,Western Electricity Coordinating Council / Rockies,AEO2026 Low Economic Growth,1.1560109321470624,Commercial
2031,com,5-23,NWPP,Western Electricity Coordinating Council / Northwest Power Pool Area,AEO2026 Low Economic Growth,1.0962077637994045,Commercial
2031,ind,5-21,CANO,Western Electricity Coordinating Council / California North,AEO2026 Low Economic Growth,0.9401431294541606,Industrial
2031,ind,5-25,BASN,Western Electricity Coordinating Council / Basin,AEO2026 Low Economic Growth,0.9661533276685161,Industrial
2031,ind,5-1,TRE,Texas Reliability Entity,AEO2026 Low Economic Growth,0.952907055133959,Industrial
2031,ind,5-17,SPPS,Southwest Power Pool / South,AEO2026 Low Economic Growth,0.9546807973352894,Industrial
2031,ind,5-19,SPPN,Southwest Power Pool / North,AEO2026 Low Economic Growth,0.9001479819808802,Industrial
2031,ind,5-18,SPPC,Southwest Power Pool / Central,AEO2026 Low Economic Growth,0.8992388371272821,Industrial
2031,ind,5-15,SRSE,SERC Reliability Corporation / Southeastern,AEO2026 Low Economic Growth,0.9685807241384828,Industrial
2031,ind,5-14,SRCA,SERC Reliability Corporation / East,AEO2026 Low Economic Growth,0.9604543283090023,Industrial
2031,ind,5-16,SRCE,SERC Reliability Corporation / Central,AEO2026 Low Economic Growth,0.9779762769982491,Industrial
2031,ind,5-11,PJMW,PJM / West,AEO2026 Low Economic Growth,0.9391029515560536,Industrial
2031,ind,5-10,PJME,PJM / East,AEO2026 Low Economic Growth,0.8995531000415257,Industrial
2031,ind,5-13,PJMD,PJM / Dominion,AEO2026 Low Economic Growth,0.9604542218507018,Industrial
2031,ind,5-12,PJMC,PJM / Commonwealth Edison,AEO2026 Low Economic Growth,0.937974395410279,Industrial
2031,ind,5-9,NYUP,Northeast Power Coordinating Council / Upstate New York,AEO2026 Low Economic Growth,0.8958373088809956,Industrial
2031,ind,5-7,ISNE,Northeast Power Coordinating Council / New England,AEO2026 Low Economic Growth,0.8873457173265008,Industrial
2031,ind,5-8,NYCW,Northeast Power Coordinating Council / New York City and Long Island,AEO2026 Low Economic Growth,0.8932932491911901,Industrial
2031,ind,5-3,MISW,Midcontinent / West,AEO2026 Low Economic Growth,0.9121856267611079,Industrial
2031,ind,5-6,MISS,Midcontinent / South,AEO2026 Low Economic Growth,0.9543434905269392,Industrial
2031,ind,5-5,MISE,Midcontinent / East,AEO2026 Low Economic Growth,0.9379744290827591,Industrial
2031,ind,5-4,MISC,Midcontinent / Central,AEO2026 Low Economic Growth,0.9365533779559869,Industrial
2031,ind,5-2,FRCC,Florida Reliability Coordinating Council,AEO2026 Low Economic Growth,0.9604542495345214,Industrial
2031,com,5-20,SRSG,Western Electricity Coordinating Council / Southwest,AEO2026 Low Economic Growth,1.1635030319326665,Commercial
2031,res,5-22,CASO,Western Electricity Coordinating Council / California South,AEO2026 Low Economic Growth,1.0723036655556664,Residential
2031,res,5-21,CANO,Western Electricity Coordinating Council / California North,AEO2026 Low Economic Growth,1.0723020376124024,Residential
2031,res,5-25,BASN,Western Electricity Coordinating Council / Basin,AEO2026 Low Economic Growth,1.117076236628122,Residential
2031,res,5-1,TRE,Texas Reliability Entity,AEO2026 Low Economic Growth,1.0268324094887618,Residential
2031,res,5-17,SPPS,Southwest Power Pool / South,AEO2026 Low Economic Growth,1.0300471607156383,Residential
2031,res,5-19,SPPN,Southwest Power Pool / North,AEO2026 Low Economic Growth,0.9950973720727299,Residential
2031,res,5-18,SPPC,Southwest Power Pool / Central,AEO2026 Low Economic Growth,0.9931515804493275,Residential
2031,res,5-15,SRSE,SERC Reliability Corporation / Southeastern,AEO2026 Low Economic Growth,0.997551301644024,Residential
2031,res,5-14,SRCA,SERC Reliability Corporation / East,AEO2026 Low Economic Growth,1.0163615466110614,Residential
2031,res,5-16,SRCE,SERC Reliability Corporation / Central,AEO2026 Low Economic Growth,0.955552936411347,Residential
2031,res,5-11,PJMW,PJM / West,AEO2026 Low Economic Growth,1.022535563987859,Residential
2031,res,5-10,PJME,PJM / East,AEO2026 Low Economic Growth,1.032265363672382,Residential
2031,res,5-13,PJMD,PJM / Dominion,AEO2026 Low Economic Growth,1.016361566224321,Residential
2031,res,5-12,PJMC,PJM / Commonwealth Edison,AEO2026 Low Economic Growth,1.033861798656819,Residential
2031,res,5-9,NYUP,Northeast Power Coordinating Council / Upstate New York,AEO2026 Low Economic Growth,1.0396448866508927,Residential
2031,res,5-7,ISNE,Northeast Power Coordinating Council / New England,AEO2026 Low Economic Growth,1.0049915634412243,Residential
2031,res,5-8,NYCW,Northeast Power Coordinating Council / New York City and Long Island,AEO2026 Low Economic Growth,1.0396448961288365,Residential
2031,res,5-3,MISW,Midcontinent / West,AEO2026 Low Economic Growth,1.0078976760340386,Residential
2031,res,5-6,MISS,Midcontinent / South,AEO2026 Low Economic Growth,1.0143381243970129,Residential
2031,res,5-5,MISE,Midcontinent / East,AEO2026 Low Economic Growth,1.033861602595209,Residential
2031,res,5-4,MISC,Midcontinent / Central,AEO2026 Low Economic Growth,1.0175407411916844,Residential
2031,res,5-24,RMRG,Western Electricity Coordinating Council / Rockies,AEO2026 Low Economic Growth,1.1099822122574237,Residential
2031,res,5-2,FRCC,Florida Reliability Coordinating Council,AEO2026 Low Economic Growth,1.0163617058814152,Residential
2031,res,5-20,SRSG,Western Electricity Coordinating Council / Southwest,AEO2026 Low Economic Growth,1.110852833547308,Residential
2031,trans,5-2,FRCC,Florida Reliability Coordinating Council,AEO2026 Low Economic Growth,1.159077246132613,Transportation
2031,trans,5-22,CASO,Western Electricity Coordinating Council / California South,AEO2026 Low Economic Growth,1.094498062297749,Transportation
2031,trans,5-21,CANO,Western Electricity Coordinating Council / California North,AEO2026 Low Economic Growth,1.0944967732503497,Transportation
2031,trans,5-25,BASN,Western Electricity Coordinating Council / Basin,AEO2026 Low Economic Growth,1.234037252516963,Transportation
2031,trans,5-1,TRE,Texas Reliability Entity,AEO2026 Low Economic Growth,1.3137900699480753,Transportation
2031,trans,5-17,SPPS,Southwest Power Pool / South,AEO2026 Low Economic Growth,1.2975291293401252,Transportation
2031,trans,5-19,SPPN,Southwest Power Pool / North,AEO2026 Low Economic Growth,1.1503112170573433,Transportation
2031,trans,5-18,SPPC,Southwest Power Pool / Central,AEO2026 Low Economic Growth,1.1461310024093687,Transportation
2031,trans,5-15,SRSE,SERC Reliability Corporation / Southeastern,AEO2026 Low Economic Growth,1.1582884974407375,Transportation
2031,trans,5-14,SRCA,SERC Reliability Corporation / East,AEO2026 Low Economic Growth,1.159077145196533,Transportation
2031,trans,5-16,SRCE,SERC Reliability Corporation / Central,AEO2026 Low Economic Growth,1.0968458462905375,Transportation
2031,trans,5-11,PJMW,PJM / West,AEO2026 Low Economic Growth,1.0331444555405573,Transportation
2031,trans,5-10,PJME,PJM / East,AEO2026 Low Economic Growth,1.0768245232123936,Transportation
2031,trans,5-13,PJMD,PJM / Dominion,AEO2026 Low Economic Growth,1.159067846077859,Transportation
2031,trans,5-12,PJMC,PJM / Commonwealth Edison,AEO2026 Low Economic Growth,0.9724462154727914,Transportation
2031,trans,5-9,NYUP,Northeast Power Coordinating Council / Upstate New York,AEO2026 Low Economic Growth,1.0734620635134622,Transportation
2031,trans,5-7,ISNE,Northeast Power Coordinating Council / New England,AEO2026 Low Economic Growth,1.1613013658202596,Transportation
2031,trans,5-8,NYCW,Northeast Power Coordinating Council / New York City and Long Island,AEO2026 Low Economic Growth,1.073460899018598,Transportation
2031,trans,5-3,MISW,Midcontinent / West,AEO2026 Low Economic Growth,1.00272700509764,Transportation
2031,trans,5-6,MISS,Midcontinent / South,AEO2026 Low Economic Growth,1.3115554248750367,Transportation
2031,trans,5-5,MISE,Midcontinent / East,AEO2026 Low Economic Growth,0.9724462128059218,Transportation
2031,trans,5-4,MISC,Midcontinent / Central,AEO2026 Low Economic Growth,0.9805591077010514,Transportation
2031,res,5-23,NWPP,Western Electricity Coordinating Council / Northwest Power Pool Area,AEO2026 Low Economic Growth,1.078256573728616,Residential
2031,ind,5-23,NWPP,Western Electricity Coordinating Council / Northwest Power Pool Area,AEO2026 Low Economic Growth,0.9438956191401056,Industrial
2031,ind,5-20,SRSG,Western Electricity Coordinating Council / Southwest,AEO2026 Low Economic Growth,0.9635729362079537,Industrial
2032,com,5-2,FRCC,Florida Reliability Coordinating Council,AEO2026 Low Economic Growth,1.135582832103914,Commercial
2032,trans,5-2,FRCC,Florida Reliability Coordinating Council,AEO2026 Low Economic Growth,1.164619018991897,Transportation
2032,trans,5-4,MISC,Midcontinent / Central,AEO2026 Low Economic Growth,0.9659242682580278,Transportation
2032,trans,5-5,MISE,Midcontinent / East,AEO2026 Low Economic Growth,0.9561118713045761,Transportation
2032,trans,5-6,MISS,Midcontinent / South,AEO2026 Low Economic Growth,1.3608056453984123,Transportation
2032,trans,5-3,MISW,Midcontinent / West,AEO2026 Low Economic Growth,0.9927228216239108,Transportation
2032,trans,5-8,NYCW,Northeast Power Coordinating Council / New York City and Long Island,AEO2026 Low Economic Growth,1.079990136354049,Transportation
2032,trans,5-7,ISNE,Northeast Power Coordinating Council / New England,AEO2026 Low Economic Growth,1.1832347628997415,Transportation
2032,trans,5-9,NYUP,Northeast Power Coordinating Council / Upstate New York,AEO2026 Low Economic Growth,1.0799893197491712,Transportation
2032,trans,5-12,PJMC,PJM / Commonwealth Edison,AEO2026 Low Economic Growth,0.9561095248554067,Transportation
2032,trans,5-13,PJMD,PJM / Dominion,AEO2026 Low Economic Growth,1.1646176642270216,Transportation
2032,trans,5-10,PJME,PJM / East,AEO2026 Low Economic Growth,1.0833138222395977,Transportation
2032,trans,5-11,PJMW,PJM / West,AEO2026 Low Economic Growth,1.0291071774780607,Transportation
2032,trans,5-16,SRCE,SERC Reliability Corporation / Central,AEO2026 Low Economic Growth,1.1028431808085295,Transportation
2032,trans,5-14,SRCA,SERC Reliability Corporation / East,AEO2026 Low Economic Growth,1.1646197002950538,Transportation
2032,res,5-23,NWPP,Western Electricity Coordinating Council / Northwest Power Pool Area,AEO2026 Low Economic Growth,1.109417868949138,Residential
2032,trans,5-15,SRSE,SERC Reliability Corporation / Southeastern,AEO2026 Low Economic Growth,1.1638341404942167,Transportation
2032,trans,5-19,SPPN,Southwest Power Pool / North,AEO2026 Low Economic Growth,1.171500463514766,Transportation
2032,trans,5-17,SPPS,Southwest Power Pool / South,AEO2026 Low Economic Growth,1.3466830610691491,Transportation
2032,trans,5-1,TRE,Texas Reliability Entity,AEO2026 Low Economic Growth,1.3633759601768012,Transportation
2032,trans,5-25,BASN,Western Electricity Coordinating Council / Basin,AEO2026 Low Economic Growth,1.2810205606928793,Transportation
2032,trans,5-21,CANO,Western Electricity Coordinating Council / California North,AEO2026 Low Economic Growth,1.117023453979658,Transportation
2032,trans,5-22,CASO,Western Electricity Coordinating Council / California South,AEO2026 Low Economic Growth,1.117025849054593,Transportation
2032,trans,5-24,RMRG,Western Electricity Coordinating Council / Rockies,AEO2026 Low Economic Growth,1.282378349193494,Transportation
2032,trans,5-20,SRSG,Western Electricity Coordinating Council / Southwest,AEO2026 Low Economic Growth,1.2573184796211323,Transportation
2032,trans,5-23,NWPP,Western Electricity Coordinating Council / Northwest Power Pool Area,AEO2026 Low Economic Growth,1.1243414752754923,Transportation
2032,trans,5-18,SPPC,Southwest Power Pool / Central,AEO2026 Low Economic Growth,1.166078332492856,Transportation
2032,res,5-20,SRSG,Western Electricity Coordinating Council / Southwest,AEO2026 Low Economic Growth,1.1380835821810131,Residential
2032,res,5-22,CASO,Western Electricity Coordinating Council / California South,AEO2026 Low Economic Growth,1.1039357323941752,Residential
2032,ind,5-19,SPPN,Southwest Power Pool / North,AEO2026 Low Economic Growth,0.901646486673294,Industrial
2032,ind,5-17,SPPS,Southwest Power Pool / South,AEO2026 Low Economic Growth,0.9570937506694885,Industrial
2032,ind,5-1,TRE,Texas Reliability Entity,AEO2026 Low Economic Growth,0.9545850306587044,Industrial
2032,ind,5-25,BASN,Western Electricity Coordinating Council / Basin,AEO2026 Low Economic Growth,0.973417707204417,Industrial
2032,ind,5-21,CANO,Western Electricity Coordinating Council / California North,AEO2026 Low Economic Growth,0.9471809487798217,Industrial
2032,ind,5-22,CASO,Western Electricity Coordinating Council / California South,AEO2026 Low Economic Growth,0.9471808823775965,Industrial
2032,ind,5-24,RMRG,Western Electricity Coordinating Council / Rockies,AEO2026 Low Economic Growth,0.9680025211638912,Industrial
2032,ind,5-20,SRSG,Western Electricity Coordinating Council / Southwest,AEO2026 Low Economic Growth,0.9705253942179022,Industrial
2032,ind,5-23,NWPP,Western Electricity Coordinating Council / Northwest Power Pool Area,AEO2026 Low Economic Growth,0.950966157723913,Industrial
2032,res,5-2,FRCC,Florida Reliability Coordinating Council,AEO2026 Low Economic Growth,1.026829102891483,Residential
2032,res,5-4,MISC,Midcontinent / Central,AEO2026 Low Economic Growth,1.0253948766321477,Residential
2032,res,5-5,MISE,Midcontinent / East,AEO2026 Low Economic Growth,1.0444795260860593,Residential
2032,res,5-6,MISS,Midcontinent / South,AEO2026 Low Economic Growth,1.0215189047248758,Residential
2032,res,5-3,MISW,Midcontinent / West,AEO2026 Low Economic Growth,1.0142086521135034,Residential
2032,res,5-24,RMRG,Western Electricity Coordinating Council / Rockies,AEO2026 Low Economic Growth,1.1365880310712337,Residential
2032,res,5-8,NYCW,Northeast Power Coordinating Council / New York City and Long Island,AEO2026 Low Economic Growth,1.0589049278677451,Residential
2032,res,5-9,NYUP,Northeast Power Coordinating Council / Upstate New York,AEO2026 Low Economic Growth,1.058904915957637,Residential
2032,res,5-12,PJMC,PJM / Commonwealth Edison,AEO2026 Low Economic Growth,1.0444798835139164,Residential
2032,res,5-13,PJMD,PJM / Dominion,AEO2026 Low Economic Growth,1.0268290504993238,Residential
2032,res,5-10,PJME,PJM / East,AEO2026 Low Economic Growth,1.0487386998513626,Residential
2032,res,5-11,PJMW,PJM / West,AEO2026 Low Economic Growth,1.0325689306051755,Residential
2032,res,5-16,SRCE,SERC Reliability Corporation / Central,AEO2026 Low Economic Growth,0.9506434319574768,Residential
2032,res,5-14,SRCA,SERC Reliability Corporation / East,AEO2026 Low Economic Growth,1.0268290501352735,Residential
2032,res,5-15,SRSE,SERC Reliability Corporation / Southeastern,AEO2026 Low Economic Growth,1.003262001385493,Residential
2032,res,5-18,SPPC,Southwest Power Pool / Central,AEO2026 Low Economic Growth,0.9970165841150758,Residential
2032,res,5-19,SPPN,Southwest Power Pool / North,AEO2026 Low Economic Growth,0.9993417857235942,Residential
2032,res,5-17,SPPS,Southwest Power Pool / South,AEO2026 Low Economic Growth,1.040455915205078,Residential
2032,res,5-1,TRE,Texas Reliability Entity,AEO2026 Low Economic Growth,1.0365918324783356,Residential
2032,res,5-25,BASN,Western Electricity Coordinating Council / Basin,AEO2026 Low Economic Growth,1.1451683580474117,Residential
2032,res,5-21,CANO,Western Electricity Coordinating Council / California North,AEO2026 Low Economic Growth,1.103934225724302,Residential
2032,res,5-7,ISNE,Northeast Power Coordinating Council / New England,AEO2026 Low Economic Growth,1.0234038059255743,Residential
2032,ind,5-18,SPPC,Southwest Power Pool / Central,AEO2026 Low Economic Growth,0.9006581142773777,Industrial
2032,ind,5-15,SRSE,SERC Reliability Corporation / Southeastern,AEO2026 Low Economic Growth,0.9718329354293659,Industrial
2032,ind,5-14,SRCA,SERC Reliability Corporation / East,AEO2026 Low Economic Growth,0.9640324092948026,Industrial
2032,ind,5-16,SRCE,SERC Reliability Corporation / Central,AEO2026 Low Economic Growth,0.9808519582316023,Industrial
2032,com,5-9,NYUP,Northeast Power Coordinating Council / Upstate New York,AEO2026 Low Economic Growth,1.0700851853203277,Commercial
2032,com,5-12,PJMC,PJM / Commonwealth Edison,AEO2026 Low Economic Growth,1.0713307308595603,Commercial
2032,com,5-13,PJMD,PJM / Dominion,AEO2026 Low Economic Growth,1.1355828514246982,Commercial
2032,com,5-10,PJME,PJM / East,AEO2026 Low Economic Growth,1.0946937973977646,Commercial
2032,com,5-11,PJMW,PJM / West,AEO2026 Low Economic Growth,1.0811062543362355,Commercial
2032,com,5-16,SRCE,SERC Reliability Corporation / Central,AEO2026 Low Economic Growth,1.044316549204075,Commercial
2032,com,5-14,SRCA,SERC Reliability Corporation / East,AEO2026 Low Economic Growth,1.1355826648372649,Commercial
2032,com,5-15,SRSE,SERC Reliability Corporation / Southeastern,AEO2026 Low Economic Growth,1.1113725467858304,Commercial
2032,com,5-18,SPPC,Southwest Power Pool / Central,AEO2026 Low Economic Growth,1.0478090234450035,Commercial
2032,com,5-19,SPPN,Southwest Power Pool / North,AEO2026 Low Economic Growth,1.0520666856209193,Commercial
2032,com,5-17,SPPS,Southwest Power Pool / South,AEO2026 Low Economic Growth,1.2378542483931474,Commercial
2032,com,5-1,TRE,Texas Reliability Entity,AEO2026 Low Economic Growth,1.2405405723758822,Commercial
2032,com,5-25,BASN,Western Electricity Coordinating Council / Basin,AEO2026 Low Economic Growth,1.202969919119315,Commercial
2032,com,5-21,CANO,Western Electricity Coordinating Council / California North,AEO2026 Low Economic Growth,1.1145572125658696,Commercial
2032,com,5-7,ISNE,Northeast Power Coordinating Council / New England,AEO2026 Low Economic Growth,1.0054334781051977,Commercial
2032,com,5-22,CASO,Western Electricity Coordinating Council / California South,AEO2026 Low Economic Growth,1.1145572972195272,Commercial
2032,com,5-20,SRSG,Western Electricity Coordinating Council / Southwest,AEO2026 Low Economic Growth,1.2007366749452029,Commercial
2032,com,5-23,NWPP,Western Electricity Coordinating Council / Northwest Power Pool Area,AEO2026 Low Economic Growth,1.1258791323891206,Commercial
2032,ind,5-2,FRCC,Florida Reliability Coordinating Council,AEO2026 Low Economic Growth,0.9640324444454195,Industrial
2032,ind,5-4,MISC,Midcontinent / Central,AEO2026 Low Economic Growth,0.9380983790555899,Industrial
2032,ind,5-5,MISE,Midcontinent / East,AEO2026 Low Economic Growth,0.9393648262937196,Industrial
2032,ind,5-6,MISS,Midcontinent / South,AEO2026 Low Economic Growth,0.9560890325663801,Industrial
2032,ind,5-3,MISW,Midcontinent / West,AEO2026 Low Economic Growth,0.9135952802613936,Industrial
2032,ind,5-8,NYCW,Northeast Power Coordinating Council / New York City and Long Island,AEO2026 Low Economic Growth,0.885168435465827,Industrial
2032,ind,5-7,ISNE,Northeast Power Coordinating Council / New England,AEO2026 Low Economic Growth,0.8782241333935816,Industrial
2032,ind,5-9,NYUP,Northeast Power Coordinating Council / Upstate New York,AEO2026 Low Economic Growth,0.8880095074340042,Industrial
2032,ind,5-12,PJMC,PJM / Commonwealth Edison,AEO2026 Low Economic Growth,0.9393647664509523,Industrial
2032,ind,5-13,PJMD,PJM / Dominion,AEO2026 Low Economic Growth,0.9640324218952078,Industrial
2032,ind,5-10,PJME,PJM / East,AEO2026 Low Economic Growth,0.8925157334408869,Industrial
2032,ind,5-11,PJMW,PJM / West,AEO2026 Low Economic Growth,0.9396942905046641,Industrial
2032,com,5-24,RMRG,Western Electricity Coordinating Council / Rockies,AEO2026 Low Economic Growth,1.1933510862948562,Commercial
2032,com,5-8,NYCW,Northeast Power Coordinating Council / New York City and Long Island,AEO2026 Low Economic Growth,1.0700851049483102,Commercial
2032,com,5-3,MISW,Midcontinent / West,AEO2026 Low Economic Growth,1.0563202631424407,Commercial
2032,com,5-6,MISS,Midcontinent / South,AEO2026 Low Economic Growth,1.210376470265374,Commercial
2032,com,5-5,MISE,Midcontinent / East,AEO2026 Low Economic Growth,1.0713308438252216,Commercial
2032,com,5-4,MISC,Midcontinent / Central,AEO2026 Low Economic Growth,1.0627913284137163,Commercial
2033,res,5-23,NWPP,Western Electricity Coordinating Council / Northwest Power Pool Area,AEO2026 Low Economic Growth,1.1382970930923852,Residential
2033,res,5-20,SRSG,Western Electricity Coordinating Council / Southwest,AEO2026 Low Economic Growth,1.1640332077151012,Residential
2033,res,5-24,RMRG,Western Electricity Coordinating Council / Rockies,AEO2026 Low Economic Growth,1.1618617191991845,Residential
2033,res,5-22,CASO,Western Electricity Coordinating Council / California South,AEO2026 Low Economic Growth,1.1331607871444083,Residential
2033,res,5-21,CANO,Western Electricity Coordinating Council / California North,AEO2026 Low Economic Growth,1.1331595061142632,Residential
2033,res,5-25,BASN,Western Electricity Coordinating Council / Basin,AEO2026 Low Economic Growth,1.171792193134308,Residential
2033,res,5-1,TRE,Texas Reliability Entity,AEO2026 Low Economic Growth,1.0489628924316023,Residential
2033,res,5-17,SPPS,Southwest Power Pool / South,AEO2026 Low Economic Growth,1.0533319281740317,Residential
2033,res,5-19,SPPN,Southwest Power Pool / North,AEO2026 Low Economic Growth,1.0042188916706911,Residential
2033,res,5-18,SPPC,Southwest Power Pool / Central,AEO2026 Low Economic Growth,1.001550202472522,Residential
2033,res,5-15,SRSE,SERC Reliability Corporation / Southeastern,AEO2026 Low Economic Growth,1.0113211469013648,Residential
2033,res,5-14,SRCA,SERC Reliability Corporation / East,AEO2026 Low Economic Growth,1.0392865528807906,Residential
2033,res,5-16,SRCE,SERC Reliability Corporation / Central,AEO2026 Low Economic Growth,0.9488821506608569,Residential
2033,res,5-11,PJMW,PJM / West,AEO2026 Low Economic Growth,1.045105021555567,Residential
2033,res,5-10,PJME,PJM / East,AEO2026 Low Economic Growth,1.0676273008593156,Residential
2033,res,5-13,PJMD,PJM / Dominion,AEO2026 Low Economic Growth,1.0392865579441013,Residential
2033,res,5-12,PJMC,PJM / Commonwealth Edison,AEO2026 Low Economic Growth,1.0576480576203624,Residential
2033,res,5-9,NYUP,Northeast Power Coordinating Council / Upstate New York,AEO2026 Low Economic Growth,1.0807774831799584,Residential
2033,res,5-7,ISNE,Northeast Power Coordinating Council / New England,AEO2026 Low Economic Growth,1.045066267431281,Residential
2033,res,5-8,NYCW,Northeast Power Coordinating Council / New York City and Long Island,AEO2026 Low Economic Growth,1.0807774518274296,Residential
2033,res,5-3,MISW,Midcontinent / West,AEO2026 Low Economic Growth,1.0218695324859985,Residential
2033,trans,5-2,FRCC,Florida Reliability Coordinating Council,AEO2026 Low Economic Growth,1.166608807566277,Transportation
2033,trans,5-4,MISC,Midcontinent / Central,AEO2026 Low Economic Growth,0.9512148337595909,Transportation
2033,trans,5-6,MISS,Midcontinent / South,AEO2026 Low Economic Growth,1.4096442222875625,Transportation
2033,trans,5-23,NWPP,Western Electricity Coordinating Council / Northwest Power Pool Area,AEO2026 Low Economic Growth,1.1491065076501437,Transportation
2033,trans,5-20,SRSG,Western Electricity Coordinating Council / Southwest,AEO2026 Low Economic Growth,1.301217088312517,Transportation
2033,trans,5-24,RMRG,Western Electricity Coordinating Council / Rockies,AEO2026 Low Economic Growth,1.3298013543002407,Transportation
2033,trans,5-22,CASO,Western Electricity Coordinating Council / California South,AEO2026 Low Economic Growth,1.1407258479889455,Transportation
2033,trans,5-21,CANO,Western Electricity Coordinating Council / California North,AEO2026 Low Economic Growth,1.1407238779474111,Transportation
2033,trans,5-25,BASN,Western Electricity Coordinating Council / Basin,AEO2026 Low Economic Growth,1.3285607514984539,Transportation
2033,trans,5-1,TRE,Texas Reliability Entity,AEO2026 Low Economic Growth,1.4125756340385358,Transportation
2033,trans,5-17,SPPS,Southwest Power Pool / South,AEO2026 Low Economic Growth,1.3956906142045786,Transportation
2033,trans,5-19,SPPN,Southwest Power Pool / North,AEO2026 Low Economic Growth,1.1912991656734206,Transportation
2033,trans,5-18,SPPC,Southwest Power Pool / Central,AEO2026 Low Economic Growth,1.1844567714461816,Transportation
2033,trans,5-15,SRSE,SERC Reliability Corporation / Southeastern,AEO2026 Low Economic Growth,1.1658526167857315,Transportation
2033,trans,5-14,SRCA,SERC Reliability Corporation / East,AEO2026 Low Economic Growth,1.1666061055314119,Transportation
2033,trans,5-16,SRCE,SERC Reliability Corporation / Central,AEO2026 Low Economic Growth,1.1070635273211906,Transportation
2033,trans,5-11,PJMW,PJM / West,AEO2026 Low Economic Growth,1.0247626224382915,Transportation
2033,trans,5-10,PJME,PJM / East,AEO2026 Low Economic Growth,1.0895542867597174,Transportation
2033,trans,5-13,PJMD,PJM / Dominion,AEO2026 Low Economic Growth,1.1666023079340846,Transportation
2033,trans,5-12,PJMC,PJM / Commonwealth Edison,AEO2026 Low Economic Growth,0.939772834238022,Transportation
2033,trans,5-9,NYUP,Northeast Power Coordinating Council / Upstate New York,AEO2026 Low Economic Growth,1.0864040145178115,Transportation
2033,trans,5-7,ISNE,Northeast Power Coordinating Council / New England,AEO2026 Low Economic Growth,1.2039640660598978,Transportation
2033,trans,5-8,NYCW,Northeast Power Coordinating Council / New York City and Long Island,AEO2026 Low Economic Growth,1.086404607997618,Transportation
2033,trans,5-3,MISW,Midcontinent / West,AEO2026 Low Economic Growth,0.9824449046839411,Transportation
2033,trans,5-5,MISE,Midcontinent / East,AEO2026 Low Economic Growth,0.9397724805477433,Transportation
2033,res,5-6,MISS,Midcontinent / South,AEO2026 Low Economic Growth,1.0314075700519585,Residential
2033,res,5-5,MISE,Midcontinent / East,AEO2026 Low Economic Growth,1.0576476292826904,Residential
2033,res,5-2,FRCC,Florida Reliability Coordinating Council,AEO2026 Low Economic Growth,1.03928658536693,Residential
2033,res,5-4,MISC,Midcontinent / Central,AEO2026 Low Economic Growth,1.035137024736874,Residential
2033,ind,5-18,SPPC,Southwest Power Pool / Central,AEO2026 Low Economic Growth,0.9035352030342099,Industrial
2033,ind,5-23,NWPP,Western Electricity Coordinating Council / Northwest Power Pool Area,AEO2026 Low Economic Growth,0.9606032788520074,Industrial
2033,ind,5-20,SRSG,Western Electricity Coordinating Council / Southwest,AEO2026 Low Economic Growth,0.9798716463576557,Industrial
2033,ind,5-24,RMRG,Western Electricity Coordinating Council / Rockies,AEO2026 Low Economic Growth,0.9772234827366593,Industrial
2033,ind,5-22,CASO,Western Electricity Coordinating Council / California South,AEO2026 Low Economic Growth,0.9567985414970434,Industrial
2033,ind,5-21,CANO,Western Electricity Coordinating Council / California North,AEO2026 Low Economic Growth,0.9567986829542321,Industrial
2033,ind,5-25,BASN,Western Electricity Coordinating Council / Basin,AEO2026 Low Economic Growth,0.983170341459108,Industrial
2033,ind,5-1,TRE,Texas Reliability Entity,AEO2026 Low Economic Growth,0.9568360406995774,Industrial
2033,ind,5-17,SPPS,Southwest Power Pool / South,AEO2026 Low Economic Growth,0.9603314470426813,Industrial
2033,ind,5-19,SPPN,Southwest Power Pool / North,AEO2026 Low Economic Growth,0.904616655682278,Industrial
2033,ind,5-15,SRSE,SERC Reliability Corporation / Southeastern,AEO2026 Low Economic Growth,0.9755772961654242,Industrial
2033,ind,5-14,SRCA,SERC Reliability Corporation / East,AEO2026 Low Economic Growth,0.9683144608529585,Industrial
2033,ind,5-11,PJMW,PJM / West,AEO2026 Low Economic Growth,0.9419650035242697,Industrial
2033,com,5-10,PJME,PJM / East,AEO2026 Low Economic Growth,1.1165460250882684,Commercial
2033,com,5-13,PJMD,PJM / Dominion,AEO2026 Low Economic Growth,1.1609950417633383,Commercial
2033,com,5-12,PJMC,PJM / Commonwealth Edison,AEO2026 Low Economic Growth,1.0802529170423751,Commercial
2033,com,5-9,NYUP,Northeast Power Coordinating Council / Upstate New York,AEO2026 Low Economic Growth,1.0897948981848755,Commercial
2033,com,5-7,ISNE,Northeast Power Coordinating Council / New England,AEO2026 Low Economic Growth,1.0212497163553962,Commercial
2033,com,5-8,NYCW,Northeast Power Coordinating Council / New York City and Long Island,AEO2026 Low Economic Growth,1.089794813042966,Commercial
2033,com,5-3,MISW,Midcontinent / West,AEO2026 Low Economic Growth,1.0653833153073546,Commercial
2033,com,5-6,MISS,Midcontinent / South,AEO2026 Low Economic Growth,1.2306733216246772,Commercial
2033,com,5-5,MISE,Midcontinent / East,AEO2026 Low Economic Growth,1.0802528061819092,Commercial
2033,com,5-4,MISC,Midcontinent / Central,AEO2026 Low Economic Growth,1.0718338860190124,Commercial
2033,com,5-2,FRCC,Florida Reliability Coordinating Council,AEO2026 Low Economic Growth,1.1609950447442174,Commercial
2033,com,5-11,PJMW,PJM / West,AEO2026 Low Economic Growth,1.09442232593799,Commercial
2033,ind,5-16,SRCE,SERC Reliability Corporation / Central,AEO2026 Low Economic Growth,0.9839746008675239,Industrial
2033,com,5-16,SRCE,SERC Reliability Corporation / Central,AEO2026 Low Economic Growth,1.056241611512913,Commercial
2033,com,5-15,SRSE,SERC Reliability Corporation / Southeastern,AEO2026 Low Economic Growth,1.1332071311580891,Commercial
2033,ind,5-10,PJME,PJM / East,AEO2026 Low Economic Growth,0.8876655615729507,Industrial
2033,ind,5-13,PJMD,PJM / Dominion,AEO2026 Low Economic Growth,0.9683144211085555,Industrial
2033,ind,5-12,PJMC,PJM / Commonwealth Edison,AEO2026 Low Economic Growth,0.9427912527325596,Industrial
2033,ind,5-9,NYUP,Northeast Power Coordinating Council / Upstate New York,AEO2026 Low Economic Growth,0.8855345577438851,Industrial
2033,ind,5-7,ISNE,Northeast Power Coordinating Council / New England,AEO2026 Low Economic Growth,0.8715232046768526,Industrial
2033,ind,5-8,NYCW,Northeast Power Coordinating Council / New York City and Long Island,AEO2026 Low Economic Growth,0.8793804235615278,Industrial
2033,ind,5-3,MISW,Midcontinent / West,AEO2026 Low Economic Growth,0.9166583729827681,Industrial
2033,ind,5-6,MISS,Midcontinent / South,AEO2026 Low Economic Growth,0.9583889324619889,Industrial
2033,ind,5-5,MISE,Midcontinent / East,AEO2026 Low Economic Growth,0.9427911862988645,Industrial
2033,ind,5-4,MISC,Midcontinent / Central,AEO2026 Low Economic Growth,0.9414148836237587,Industrial
2033,ind,5-2,FRCC,Florida Reliability Coordinating Council,AEO2026 Low Economic Growth,0.968314432674339,Industrial
2033,com,5-23,NWPP,Western Electricity Coordinating Council / Northwest Power Pool Area,AEO2026 Low Economic Growth,1.1602324379343436,Commercial
2033,com,5-20,SRSG,Western Electricity Coordinating Council / Southwest,AEO2026 Low Economic Growth,1.240572309414533,Commercial
2033,com,5-24,RMRG,Western Electricity Coordinating Council / Rockies,AEO2026 Low Economic Growth,1.2330230331944665,Commercial
2033,com,5-22,CASO,Western Electricity Coordinating Council / California South,AEO2026 Low Economic Growth,1.1478239362944571,Commercial
2033,com,5-21,CANO,Western Electricity Coordinating Council / California North,AEO2026 Low Economic Growth,1.1478238512886416,Commercial
2033,com,5-25,BASN,Western Electricity Coordinating Council / Basin,AEO2026 Low Economic Growth,1.2447236255685157,Commercial
2033,com,5-1,TRE,Texas Reliability Entity,AEO2026 Low Economic Growth,1.262377315107611,Commercial
2033,com,5-17,SPPS,Southwest Power Pool / South,AEO2026 Low Economic Growth,1.2611423353499818,Commercial
2033,com,5-19,SPPN,Southwest Power Pool / North,AEO2026 Low Economic Growth,1.0621605908418292,Commercial
2033,com,5-18,SPPC,Southwest Power Pool / Central,AEO2026 Low Economic Growth,1.056975028156692,Commercial
2033,com,5-14,SRCA,SERC Reliability Corporation / East,AEO2026 Low Economic Growth,1.160995032440015,Commercial
2034,res,5-8,NYCW,Northeast Power Coordinating Council / New York City and Long Island,AEO2026 Low Economic Growth,1.1033722101854344,Residential
2034,res,5-3,MISW,Midcontinent / West,AEO2026 Low Economic Growth,1.033235948605873,Residential
2034,com,5-2,FRCC,Florida Reliability Coordinating Council,AEO2026 Low Economic Growth,1.1899627959841101,Commercial
2034,com,5-4,MISC,Midcontinent / Central,AEO2026 Low Economic Growth,1.087483596328628,Commercial
2034,com,5-5,MISE,Midcontinent / East,AEO2026 Low Economic Growth,1.096475329707426,Commercial
2034,com,5-3,MISW,Midcontinent / West,AEO2026 Low Economic Growth,1.0805841486936916,Commercial
2034,com,5-8,NYCW,Northeast Power Coordinating Council / New York City and Long Island,AEO2026 Low Economic Growth,1.1166925346918322,Commercial
2034,com,5-7,ISNE,Northeast Power Coordinating Council / New England,AEO2026 Low Economic Growth,1.0415669373092924,Commercial
2034,com,5-9,NYUP,Northeast Power Coordinating Council / Upstate New York,AEO2026 Low Economic Growth,1.116692625830529,Commercial
2034,com,5-12,PJMC,PJM / Commonwealth Edison,AEO2026 Low Economic Growth,1.0964752599840086,Commercial
2034,com,5-13,PJMD,PJM / Dominion,AEO2026 Low Economic Growth,1.1899627517413962,Commercial
2034,com,5-10,PJME,PJM / East,AEO2026 Low Economic Growth,1.1442213960782162,Commercial
2034,com,5-11,PJMW,PJM / West,AEO2026 Low Economic Growth,1.1140925740696428,Commercial
2034,com,5-16,SRCE,SERC Reliability Corporation / Central,AEO2026 Low Economic Growth,1.0712670094870174,Commercial
2034,com,5-14,SRCA,SERC Reliability Corporation / East,AEO2026 Low Economic Growth,1.1899627034233013,Commercial
2034,ind,5-12,PJMC,PJM / Commonwealth Edison,AEO2026 Low Economic Growth,0.9496210081553702,Industrial
2034,ind,5-13,PJMD,PJM / Dominion,AEO2026 Low Economic Growth,0.9748981581006702,Industrial
2034,ind,5-10,PJME,PJM / East,AEO2026 Low Economic Growth,0.8854195903302867,Industrial
2034,ind,5-11,PJMW,PJM / West,AEO2026 Low Economic Growth,0.9473045742421069,Industrial
2034,ind,5-16,SRCE,SERC Reliability Corporation / Central,AEO2026 Low Economic Growth,0.9904634564301388,Industrial
2034,ind,5-14,SRCA,SERC Reliability Corporation / East,AEO2026 Low Economic Growth,0.9748982240623445,Industrial
2034,ind,5-15,SRSE,SERC Reliability Corporation / Southeastern,AEO2026 Low Economic Growth,0.9821170855449266,Industrial
2034,ind,5-18,SPPC,Southwest Power Pool / Central,AEO2026 Low Economic Growth,0.9104785810008404,Industrial
2034,ind,5-19,SPPN,Southwest Power Pool / North,AEO2026 Low Economic Growth,0.9116566833359057,Industrial
2034,ind,5-17,SPPS,Southwest Power Pool / South,AEO2026 Low Economic Growth,0.9676229790366427,Industrial
2034,ind,5-1,TRE,Texas Reliability Entity,AEO2026 Low Economic Growth,0.9630991225118768,Industrial
2034,ind,5-25,BASN,Western Electricity Coordinating Council / Basin,AEO2026 Low Economic Growth,1.0005602902583246,Industrial
2034,ind,5-21,CANO,Western Electricity Coordinating Council / California North,AEO2026 Low Economic Growth,0.9698007151729283,Industrial
2034,ind,5-22,CASO,Western Electricity Coordinating Council / California South,AEO2026 Low Economic Growth,0.9698005049734105,Industrial
2034,ind,5-24,RMRG,Western Electricity Coordinating Council / Rockies,AEO2026 Low Economic Growth,0.990753193038832,Industrial
2034,ind,5-9,NYUP,Northeast Power Coordinating Council / Upstate New York,AEO2026 Low Economic Growth,0.8783658045271169,Industrial
2034,ind,5-7,ISNE,Northeast Power Coordinating Council / New England,AEO2026 Low Economic Growth,0.8666001287723428,Industrial
2034,ind,5-3,MISW,Midcontinent / West,AEO2026 Low Economic Growth,0.9235649233326062,Industrial
2034,com,5-15,SRSE,SERC Reliability Corporation / Southeastern,AEO2026 Low Economic Growth,1.158476429310094,Commercial
2034,com,5-18,SPPC,Southwest Power Pool / Central,AEO2026 Low Economic Growth,1.0715942799624996,Commercial
2034,com,5-19,SPPN,Southwest Power Pool / North,AEO2026 Low Economic Growth,1.0777018870370778,Commercial
2034,com,5-17,SPPS,Southwest Power Pool / South,AEO2026 Low Economic Growth,1.2869681876091974,Commercial
2034,com,5-1,TRE,Texas Reliability Entity,AEO2026 Low Economic Growth,1.2865498996284261,Commercial
2034,com,5-25,BASN,Western Electricity Coordinating Council / Basin,AEO2026 Low Economic Growth,1.2915696491875976,Commercial
2034,com,5-21,CANO,Western Electricity Coordinating Council / California North,AEO2026 Low Economic Growth,1.1829637941344964,Commercial
2034,com,5-22,CASO,Western Electricity Coordinating Council / California South,AEO2026 Low Economic Growth,1.1829637808411337,Commercial
2034,com,5-24,RMRG,Western Electricity Coordinating Council / Rockies,AEO2026 Low Economic Growth,1.2778314398931103,Commercial
2034,com,5-20,SRSG,Western Electricity Coordinating Council / Southwest,AEO2026 Low Economic Growth,1.285120016832208,Commercial
2034,com,5-23,NWPP,Western Electricity Coordinating Council / Northwest Power Pool Area,AEO2026 Low Economic Growth,1.1968715472944789,Commercial
2034,ind,5-2,FRCC,Florida Reliability Coordinating Council,AEO2026 Low Economic Growth,0.9748982820618377,Industrial
2034,ind,5-4,MISC,Midcontinent / Central,AEO2026 Low Economic Growth,0.9482255843809962,Industrial
2034,ind,5-5,MISE,Midcontinent / East,AEO2026 Low Economic Growth,0.9496210383244081,Industrial
2034,ind,5-6,MISS,Midcontinent / South,AEO2026 Low Economic Growth,0.9646649330895849,Industrial
2034,ind,5-8,NYCW,Northeast Power Coordinating Council / New York City and Long Island,AEO2026 Low Economic Growth,0.8762272528972456,Industrial
2034,ind,5-20,SRSG,Western Electricity Coordinating Council / Southwest,AEO2026 Low Economic Growth,0.99345422979458,Industrial
2034,ind,5-23,NWPP,Western Electricity Coordinating Council / Northwest Power Pool Area,AEO2026 Low Economic Growth,0.9737597861226781,Industrial
2034,res,5-4,MISC,Midcontinent / Central,AEO2026 Low Economic Growth,1.0484937545111792,Residential
2034,trans,5-23,NWPP,Western Electricity Coordinating Council / Northwest Power Pool Area,AEO2026 Low Economic Growth,1.1703594081607536,Transportation
2034,trans,5-20,SRSG,Western Electricity Coordinating Council / Southwest,AEO2026 Low Economic Growth,1.340600691973597,Transportation
2034,trans,5-24,RMRG,Western Electricity Coordinating Council / Rockies,AEO2026 Low Economic Growth,1.372477559559965,Transportation
2034,trans,5-22,CASO,Western Electricity Coordinating Council / California South,AEO2026 Low Economic Growth,1.1609731492368187,Transportation
2034,trans,5-21,CANO,Western Electricity Coordinating Council / California North,AEO2026 Low Economic Growth,1.1609699045550428,Transportation
2034,trans,5-25,BASN,Western Electricity Coordinating Council / Basin,AEO2026 Low Economic Growth,1.371367439951932,Transportation
2034,res,5-6,MISS,Midcontinent / South,AEO2026 Low Economic Growth,1.0432949541862622,Residential
2034,trans,5-1,TRE,Texas Reliability Entity,AEO2026 Low Economic Growth,1.4577629489765267,Transportation
2034,trans,5-17,SPPS,Southwest Power Pool / South,AEO2026 Low Economic Growth,1.4404824638444873,Transportation
2034,trans,5-19,SPPN,Southwest Power Pool / North,AEO2026 Low Economic Growth,1.207654615282744,Transportation
2034,trans,5-18,SPPC,Southwest Power Pool / Central,AEO2026 Low Economic Growth,1.1995293326609515,Transportation
2034,res,5-21,CANO,Western Electricity Coordinating Council / California North,AEO2026 Low Economic Growth,1.1560099291153667,Residential
2034,res,5-25,BASN,Western Electricity Coordinating Council / Basin,AEO2026 Low Economic Growth,1.199218432806403,Residential
2034,res,5-1,TRE,Texas Reliability Entity,AEO2026 Low Economic Growth,1.0629928707903074,Residential
2034,res,5-17,SPPS,Southwest Power Pool / South,AEO2026 Low Economic Growth,1.0678382819750551,Residential
2034,res,5-19,SPPN,Southwest Power Pool / North,AEO2026 Low Economic Growth,1.01287668170437,Residential
2034,res,5-18,SPPC,Southwest Power Pool / Central,AEO2026 Low Economic Growth,1.0099094644188606,Residential
2034,res,5-15,SRSE,SERC Reliability Corporation / Southeastern,AEO2026 Low Economic Growth,1.0218184373138883,Residential
2034,res,5-14,SRCA,SERC Reliability Corporation / East,AEO2026 Low Economic Growth,1.0536619300928836,Residential
2034,res,5-16,SRCE,SERC Reliability Corporation / Central,AEO2026 Low Economic Growth,0.9507204244333646,Residential
2034,res,5-11,PJMW,PJM / West,AEO2026 Low Economic Growth,1.060456627709821,Residential
2034,res,5-10,PJME,PJM / East,AEO2026 Low Economic Growth,1.0876169868887053,Residential
2034,res,5-13,PJMD,PJM / Dominion,AEO2026 Low Economic Growth,1.053661984477463,Residential
2034,res,5-12,PJMC,PJM / Commonwealth Edison,AEO2026 Low Economic Growth,1.074307444135591,Residential
2034,res,5-9,NYUP,Northeast Power Coordinating Council / Upstate New York,AEO2026 Low Economic Growth,1.103372279638736,Residential
2034,res,5-7,ISNE,Northeast Power Coordinating Council / New England,AEO2026 Low Economic Growth,1.0681181744330845,Residential
2034,res,5-22,CASO,Western Electricity Coordinating Council / California South,AEO2026 Low Economic Growth,1.15601144772423,Residential
2034,res,5-24,RMRG,Western Electricity Coordinating Council / Rockies,AEO2026 Low Economic Growth,1.1881777934631426,Residential
2034,res,5-23,NWPP,Western Electricity Coordinating Council / Northwest Power Pool Area,AEO2026 Low Economic Growth,1.161756137582884,Residential
2034,trans,5-15,SRSE,SERC Reliability Corporation / Southeastern,AEO2026 Low Economic Growth,1.1651637170275353,Transportation
2034,trans,5-14,SRCA,SERC Reliability Corporation / East,AEO2026 Low Economic Growth,1.165879371908354,Transportation
2034,trans,5-16,SRCE,SERC Reliability Corporation / Central,AEO2026 Low Economic Growth,1.109729009329187,Transportation
2034,trans,5-11,PJMW,PJM / West,AEO2026 Low Economic Growth,1.0214020853376449,Transportation
2034,trans,5-10,PJME,PJM / East,AEO2026 Low Economic Growth,1.095539927320722,Transportation
2034,trans,5-13,PJMD,PJM / Dominion,AEO2026 Low Economic Growth,1.1658749045844372,Transportation
2034,trans,5-12,PJMC,PJM / Commonwealth Edison,AEO2026 Low Economic Growth,0.9261606685283382,Transportation
2034,trans,5-9,NYUP,Northeast Power Coordinating Council / Upstate New York,AEO2026 Low Economic Growth,1.0926642644827997,Transportation
2034,trans,5-7,ISNE,Northeast Power Coordinating Council / New England,AEO2026 Low Economic Growth,1.220093415652434,Transportation
2034,trans,5-8,NYCW,Northeast Power Coordinating Council / New York City and Long Island,AEO2026 Low Economic Growth,1.092663990868373,Transportation
2034,trans,5-3,MISW,Midcontinent / West,AEO2026 Low Economic Growth,0.9738300476709413,Transportation
2034,trans,5-6,MISS,Midcontinent / South,AEO2026 Low Economic Growth,1.4545133784181123,Transportation
2034,trans,5-5,MISE,Midcontinent / East,AEO2026 Low Economic Growth,0.9261596877540407,Transportation
2034,trans,5-4,MISC,Midcontinent / Central,AEO2026 Low Economic Growth,0.938942171071327,Transportation
2034,trans,5-2,FRCC,Florida Reliability Coordinating Council,AEO2026 Low Economic Growth,1.1658806296199082,Transportation
2034,res,5-20,SRSG,Western Electricity Coordinating Council / Southwest,AEO2026 Low Economic Growth,1.190601555638521,Residential
2034,res,5-2,FRCC,Florida Reliability Coordinating Council,AEO2026 Low Economic Growth,1.0536620222784505,Residential
2034,res,5-5,MISE,Midcontinent / East,AEO2026 Low Economic Growth,1.0743069795149183,Residential
2034,com,5-6,MISS,Midcontinent / South,AEO2026 Low Economic Growth,1.2534222403494673,Commercial
2035,com,5-7,ISNE,Northeast Power Coordinating Council / New England,AEO2026 Low Economic Growth,1.0631093595292038,Commercial
2035,com,5-9,NYUP,Northeast Power Coordinating Council / Upstate New York,AEO2026 Low Economic Growth,1.144503990301715,Commercial
2035,com,5-12,PJMC,PJM / Commonwealth Edison,AEO2026 Low Economic Growth,1.1143383418164146,Commercial
2035,com,5-13,PJMD,PJM / Dominion,AEO2026 Low Economic Growth,1.2202638038340454,Commercial
2035,com,5-10,PJME,PJM / East,AEO2026 Low Economic Growth,1.172968201132022,Commercial
2035,com,5-11,PJMW,PJM / West,AEO2026 Low Economic Growth,1.1352155966172057,Commercial
2035,com,5-16,SRCE,SERC Reliability Corporation / Central,AEO2026 Low Economic Growth,1.0871356606162386,Commercial
2035,com,5-14,SRCA,SERC Reliability Corporation / East,AEO2026 Low Economic Growth,1.2202636920081802,Commercial
2035,com,5-15,SRSE,SERC Reliability Corporation / Southeastern,AEO2026 Low Economic Growth,1.1849489746678419,Commercial
2035,com,5-8,NYCW,Northeast Power Coordinating Council / New York City and Long Island,AEO2026 Low Economic Growth,1.1445038847636477,Commercial
2035,com,5-18,SPPC,Southwest Power Pool / Central,AEO2026 Low Economic Growth,1.088417045366233,Commercial
2035,com,5-17,SPPS,Southwest Power Pool / South,AEO2026 Low Economic Growth,1.31481406212106,Commercial
2035,com,5-1,TRE,Texas Reliability Entity,AEO2026 Low Economic Growth,1.3126986723413783,Commercial
2035,com,5-25,BASN,Western Electricity Coordinating Council / Basin,AEO2026 Low Economic Growth,1.340967426096224,Commercial
2035,com,5-21,CANO,Western Electricity Coordinating Council / California North,AEO2026 Low Economic Growth,1.2162706899782663,Commercial
2035,com,5-22,CASO,Western Electricity Coordinating Council / California South,AEO2026 Low Economic Growth,1.2162707595760005,Commercial
2035,com,5-24,RMRG,Western Electricity Coordinating Council / Rockies,AEO2026 Low Economic Growth,1.3251967579769777,Commercial
2035,com,5-20,SRSG,Western Electricity Coordinating Council / Southwest,AEO2026 Low Economic Growth,1.3319319997032588,Commercial
2035,com,5-23,NWPP,Western Electricity Coordinating Council / Northwest Power Pool Area,AEO2026 Low Economic Growth,1.232239054109238,Commercial
2035,ind,5-2,FRCC,Florida Reliability Coordinating Council,AEO2026 Low Economic Growth,0.9818565129338321,Industrial
2035,com,5-19,SPPN,Southwest Power Pool / North,AEO2026 Low Economic Growth,1.0954580857781455,Commercial
2035,com,5-3,MISW,Midcontinent / West,AEO2026 Low Economic Growth,1.0977808653870553,Commercial
2035,com,5-5,MISE,Midcontinent / East,AEO2026 Low Economic Growth,1.1143383042972685,Commercial
2035,com,5-6,MISS,Midcontinent / South,AEO2026 Low Economic Growth,1.2779731060512096,Commercial
2035,com,5-2,FRCC,Florida Reliability Coordinating Council,AEO2026 Low Economic Growth,1.2202637699948478,Commercial
2035,com,5-4,MISC,Midcontinent / Central,AEO2026 Low Economic Growth,1.1049533917208072,Commercial
2035,ind,5-4,MISC,Midcontinent / Central,AEO2026 Low Economic Growth,0.9565211215460812,Industrial
2035,ind,5-5,MISE,Midcontinent / East,AEO2026 Low Economic Growth,0.9582422290097319,Industrial
2035,ind,5-3,MISW,Midcontinent / West,AEO2026 Low Economic Growth,0.9316212697856782,Industrial
2035,ind,5-6,MISS,Midcontinent / South,AEO2026 Low Economic Growth,0.97211929830292,Industrial
2035,res,5-14,SRCA,SERC Reliability Corporation / East,AEO2026 Low Economic Growth,1.0686593004063538,Residential
2035,res,5-15,SRSE,SERC Reliability Corporation / Southeastern,AEO2026 Low Economic Growth,1.033250981841458,Residential
2035,res,5-18,SPPC,Southwest Power Pool / Central,AEO2026 Low Economic Growth,1.0210524190878603,Residential
2035,res,5-19,SPPN,Southwest Power Pool / North,AEO2026 Low Economic Growth,1.0242965639649746,Residential
2035,res,5-17,SPPS,Southwest Power Pool / South,AEO2026 Low Economic Growth,1.0840162533512179,Residential
2035,res,5-1,TRE,Texas Reliability Entity,AEO2026 Low Economic Growth,1.0787061149173054,Residential
2035,res,5-25,BASN,Western Electricity Coordinating Council / Basin,AEO2026 Low Economic Growth,1.2279249069967113,Residential
2035,res,5-21,CANO,Western Electricity Coordinating Council / California North,AEO2026 Low Economic Growth,1.1725787561917,Residential
2035,res,5-22,CASO,Western Electricity Coordinating Council / California South,AEO2026 Low Economic Growth,1.1725805615008722,Residential
2035,res,5-24,RMRG,Western Electricity Coordinating Council / Rockies,AEO2026 Low Economic Growth,1.215925561092669,Residential
2035,res,5-20,SRSG,Western Electricity Coordinating Council / Southwest,AEO2026 Low Economic Growth,1.2182304551775553,Residential
2035,res,5-23,NWPP,Western Electricity Coordinating Council / Northwest Power Pool Area,AEO2026 Low Economic Growth,1.1799389600391479,Residential
2035,trans,5-2,FRCC,Florida Reliability Coordinating Council,AEO2026 Low Economic Growth,1.1632134662116966,Transportation
2035,trans,5-4,MISC,Midcontinent / Central,AEO2026 Low Economic Growth,0.928569906223359,Transportation
2035,res,5-16,SRCE,SERC Reliability Corporation / Central,AEO2026 Low Economic Growth,0.9541939769383398,Residential
2035,trans,5-5,MISE,Midcontinent / East,AEO2026 Low Economic Growth,0.9143999717241693,Transportation
2035,trans,5-3,MISW,Midcontinent / West,AEO2026 Low Economic Growth,0.9672346205692622,Transportation
2035,trans,5-8,NYCW,Northeast Power Coordinating Council / New York City and Long Island,AEO2026 Low Economic Growth,1.0972949416245859,Transportation
2035,trans,5-7,ISNE,Northeast Power Coordinating Council / New England,AEO2026 Low Economic Growth,1.2328190357017783,Transportation
2035,trans,5-9,NYUP,Northeast Power Coordinating Council / Upstate New York,AEO2026 Low Economic Growth,1.0972949908838299,Transportation
2035,trans,5-12,PJMC,PJM / Commonwealth Edison,AEO2026 Low Economic Growth,0.9143997155198561,Transportation
2035,trans,5-13,PJMD,PJM / Dominion,AEO2026 Low Economic Growth,1.163207758969063,Transportation
2035,trans,5-10,PJME,PJM / East,AEO2026 Low Economic Growth,1.0998839135297365,Transportation
2035,trans,5-11,PJMW,PJM / West,AEO2026 Low Economic Growth,1.0179903354074529,Transportation
2035,trans,5-16,SRCE,SERC Reliability Corporation / Central,AEO2026 Low Economic Growth,1.1112838738338515,Transportation
2035,trans,5-14,SRCA,SERC Reliability Corporation / East,AEO2026 Low Economic Growth,1.1632098370663218,Transportation
2035,trans,5-15,SRSE,SERC Reliability Corporation / Southeastern,AEO2026 Low Economic Growth,1.1625527869439716,Transportation
2035,trans,5-18,SPPC,Southwest Power Pool / Central,AEO2026 Low Economic Growth,1.217403485179582,Transportation
2035,trans,5-19,SPPN,Southwest Power Pool / North,AEO2026 Low Economic Growth,1.2265262879088863,Transportation
2035,trans,5-17,SPPS,Southwest Power Pool / South,AEO2026 Low Economic Growth,1.4799461326775571,Transportation
2035,trans,5-6,MISS,Midcontinent / South,AEO2026 Low Economic Growth,1.4935901205527786,Transportation
2035,trans,5-1,TRE,Texas Reliability Entity,AEO2026 Low Economic Growth,1.497114105479981,Transportation
2035,res,5-11,PJMW,PJM / West,AEO2026 Low Economic Growth,1.0764317294300716,Residential
2035,res,5-13,PJMD,PJM / Dominion,AEO2026 Low Economic Growth,1.0686593365385637,Residential
2035,ind,5-8,NYCW,Northeast Power Coordinating Council / New York City and Long Island,AEO2026 Low Economic Growth,0.87351034283172,Industrial
2035,ind,5-7,ISNE,Northeast Power Coordinating Council / New England,AEO2026 Low Economic Growth,0.8635196559891554,Industrial
2035,ind,5-9,NYUP,Northeast Power Coordinating Council / Upstate New York,AEO2026 Low Economic Growth,0.8757824874281349,Industrial
2035,ind,5-12,PJMC,PJM / Commonwealth Edison,AEO2026 Low Economic Growth,0.9582422247055549,Industrial
2035,ind,5-13,PJMD,PJM / Dominion,AEO2026 Low Economic Growth,0.9818564992006201,Industrial
2035,ind,5-10,PJME,PJM / East,AEO2026 Low Economic Growth,0.8836040705870457,Industrial
2035,ind,5-11,PJMW,PJM / West,AEO2026 Low Economic Growth,0.9538346252525909,Industrial
2035,ind,5-16,SRCE,SERC Reliability Corporation / Central,AEO2026 Low Economic Growth,0.9970639975225718,Industrial
2035,ind,5-14,SRCA,SERC Reliability Corporation / East,AEO2026 Low Economic Growth,0.9818566559646743,Industrial
2035,ind,5-15,SRSE,SERC Reliability Corporation / Southeastern,AEO2026 Low Economic Growth,0.9889094572037828,Industrial
2035,ind,5-18,SPPC,Southwest Power Pool / Central,AEO2026 Low Economic Growth,0.9182566085180586,Industrial
2035,ind,5-19,SPPN,Southwest Power Pool / North,AEO2026 Low Economic Growth,0.9196937486314185,Industrial
2035,ind,5-17,SPPS,Southwest Power Pool / South,AEO2026 Low Economic Growth,0.9776808684358007,Industrial
2035,ind,5-1,TRE,Texas Reliability Entity,AEO2026 Low Economic Growth,0.9706053034115117,Industrial
2035,res,5-10,PJME,PJM / East,AEO2026 Low Economic Growth,1.1068113744359271,Residential
2035,ind,5-25,BASN,Western Electricity Coordinating Council / Basin,AEO2026 Low Economic Growth,1.0241402008369607,Industrial
2035,ind,5-22,CASO,Western Electricity Coordinating Council / California South,AEO2026 Low Economic Growth,0.9954694863882891,Industrial
2035,ind,5-24,RMRG,Western Electricity Coordinating Council / Rockies,AEO2026 Low Economic Growth,1.0161788859815033,Industrial
2035,ind,5-20,SRSG,Western Electricity Coordinating Council / Southwest,AEO2026 Low Economic Growth,1.0192367045585802,Industrial
2035,ind,5-23,NWPP,Western Electricity Coordinating Council / Northwest Power Pool Area,AEO2026 Low Economic Growth,0.9996058754630877,Industrial
2035,res,5-2,FRCC,Florida Reliability Coordinating Council,AEO2026 Low Economic Growth,1.0686592979330802,Residential
2035,res,5-4,MISC,Midcontinent / Central,AEO2026 Low Economic Growth,1.0634480058916527,Residential
2035,res,5-5,MISE,Midcontinent / East,AEO2026 Low Economic Growth,1.0918742474519076,Residential
2035,res,5-6,MISS,Midcontinent / South,AEO2026 Low Economic Growth,1.0568598734923838,Residential
2035,res,5-3,MISW,Midcontinent / West,AEO2026 Low Economic Growth,1.0467067064881055,Residential
2035,res,5-8,NYCW,Northeast Power Coordinating Council / New York City and Long Island,AEO2026 Low Economic Growth,1.1245139104413062,Residential
2035,res,5-7,ISNE,Northeast Power Coordinating Council / New England,AEO2026 Low Economic Growth,1.090480752002547,Residential
2035,res,5-9,NYUP,Northeast Power Coordinating Council / Upstate New York,AEO2026 Low Economic Growth,1.1245140183561586,Residential
2035,res,5-12,PJMC,PJM / Commonwealth Edison,AEO2026 Low Economic Growth,1.0918747675762464,Residential
2035,ind,5-21,CANO,Western Electricity Coordinating Council / California North,AEO2026 Low Economic Growth,0.9954695888873755,Industrial
2035,trans,5-25,BASN,Western Electricity Coordinating Council / Basin,AEO2026 Low Economic Growth,1.41067162976098,Transportation
2035,trans,5-22,CASO,Western Electricity Coordinating Council / California South,AEO2026 Low Economic Growth,1.1792774199965188,Transportation
2035,trans,5-21,CANO,Western Electricity Coordinating Council / California North,AEO2026 Low Economic Growth,1.1792736158392683,Transportation
2035,trans,5-24,RMRG,Western Electricity Coordinating Council / Rockies,AEO2026 Low Economic Growth,1.4117567658770334,Transportation
2035,trans,5-20,SRSG,Western Electricity Coordinating Council / Southwest,AEO2026 Low Economic Growth,1.3766593870389912,Transportation
2035,trans,5-23,NWPP,Western Electricity Coordinating Council / Northwest Power Pool Area,AEO2026 Low Economic Growth,1.1896010878603311,Transportation
2036,ind,5-14,SRCA,SERC Reliability Corporation / East,AEO2026 Low Economic Growth,0.9916179277007167,Industrial
2036,ind,5-15,SRSE,SERC Reliability Corporation / Southeastern,AEO2026 Low Economic Growth,0.9986020877297831,Industrial
2036,ind,5-18,SPPC,Southwest Power Pool / Central,AEO2026 Low Economic Growth,0.9282533619053334,Industrial
2036,ind,5-19,SPPN,Southwest Power Pool / North,AEO2026 Low Economic Growth,0.9301166591474049,Industrial
2036,ind,5-17,SPPS,Southwest Power Pool / South,AEO2026 Low Economic Growth,0.9906504258371207,Industrial
2036,ind,5-22,CASO,Western Electricity Coordinating Council / California South,AEO2026 Low Economic Growth,1.036666908998848,Industrial
2036,ind,5-25,BASN,Western Electricity Coordinating Council / Basin,AEO2026 Low Economic Growth,1.065618314935789,Industrial
2036,ind,5-21,CANO,Western Electricity Coordinating Council / California North,AEO2026 Low Economic Growth,1.0366671477854643,Industrial
2036,ind,5-24,RMRG,Western Electricity Coordinating Council / Rockies,AEO2026 Low Economic Growth,1.0552197238917995,Industrial
2036,ind,5-20,SRSG,Western Electricity Coordinating Council / Southwest,AEO2026 Low Economic Growth,1.058958310971694,Industrial
2036,ind,5-1,TRE,Texas Reliability Entity,AEO2026 Low Economic Growth,0.9792573282156639,Industrial
2036,ind,5-23,NWPP,Western Electricity Coordinating Council / Northwest Power Pool Area,AEO2026 Low Economic Growth,1.0408439761053485,Industrial
2036,res,5-2,FRCC,Florida Reliability Coordinating Council,AEO2026 Low Economic Growth,1.0836547793200833,Residential
2036,res,5-24,RMRG,Western Electricity Coordinating Council / Rockies,AEO2026 Low Economic Growth,1.2440608799241821,Residential
2036,res,5-22,CASO,Western Electricity Coordinating Council / California South,AEO2026 Low Economic Growth,1.1853310477641106,Residential
2036,res,5-21,CANO,Western Electricity Coordinating Council / California North,AEO2026 Low Economic Growth,1.1853286254184314,Residential
2036,res,5-25,BASN,Western Electricity Coordinating Council / Basin,AEO2026 Low Economic Growth,1.2569209277149496,Residential
2036,res,5-1,TRE,Texas Reliability Entity,AEO2026 Low Economic Growth,1.094291126497229,Residential
2036,res,5-17,SPPS,Southwest Power Pool / South,AEO2026 Low Economic Growth,1.1000818451736072,Residential
2036,res,5-19,SPPN,Southwest Power Pool / North,AEO2026 Low Economic Growth,1.0370600821723492,Residential
2036,res,5-18,SPPC,Southwest Power Pool / Central,AEO2026 Low Economic Growth,1.033554153756594,Residential
2036,res,5-15,SRSE,SERC Reliability Corporation / Southeastern,AEO2026 Low Economic Growth,1.0449739841909813,Residential
2036,res,5-14,SRCA,SERC Reliability Corporation / East,AEO2026 Low Economic Growth,1.0836547237151724,Residential
2036,ind,5-16,SRCE,SERC Reliability Corporation / Central,AEO2026 Low Economic Growth,1.0066771912770063,Industrial
2036,res,5-16,SRCE,SERC Reliability Corporation / Central,AEO2026 Low Economic Growth,0.9586104486317205,Residential
2036,res,5-10,PJME,PJM / East,AEO2026 Low Economic Growth,1.1246439641340187,Residential
2036,res,5-13,PJMD,PJM / Dominion,AEO2026 Low Economic Growth,1.0836548086990914,Residential
2036,res,5-12,PJMC,PJM / Commonwealth Edison,AEO2026 Low Economic Growth,1.1092581425016201,Residential
2036,res,5-9,NYUP,Northeast Power Coordinating Council / Upstate New York,AEO2026 Low Economic Growth,1.1436630223622883,Residential
2036,res,5-7,ISNE,Northeast Power Coordinating Council / New England,AEO2026 Low Economic Growth,1.11102629961843,Residential
2036,res,5-8,NYCW,Northeast Power Coordinating Council / New York City and Long Island,AEO2026 Low Economic Growth,1.1436630139457755,Residential
2036,res,5-3,MISW,Midcontinent / West,AEO2026 Low Economic Growth,1.0609773134768605,Residential
2036,res,5-6,MISS,Midcontinent / South,AEO2026 Low Economic Growth,1.0704846836870063,Residential
2036,res,5-5,MISE,Midcontinent / East,AEO2026 Low Economic Growth,1.109257559616412,Residential
2036,res,5-4,MISC,Midcontinent / Central,AEO2026 Low Economic Growth,1.0787963612190137,Residential
2036,res,5-11,PJMW,PJM / West,AEO2026 Low Economic Growth,1.0921509901635014,Residential
2036,ind,5-11,PJMW,PJM / West,AEO2026 Low Economic Growth,0.9618514316311157,Industrial
2036,ind,5-10,PJME,PJM / East,AEO2026 Low Economic Growth,0.8838265633671284,Industrial
2036,ind,5-13,PJMD,PJM / Dominion,AEO2026 Low Economic Growth,0.991617801988637,Industrial
2036,res,5-20,SRSG,Western Electricity Coordinating Council / Southwest,AEO2026 Low Economic Growth,1.2459957788253353,Residential
2036,com,5-17,SPPS,Southwest Power Pool / South,AEO2026 Low Economic Growth,1.3428782084927218,Commercial
2036,com,5-1,TRE,Texas Reliability Entity,AEO2026 Low Economic Growth,1.3389975891025103,Commercial
2036,com,5-25,BASN,Western Electricity Coordinating Council / Basin,AEO2026 Low Economic Growth,1.3914304404412738,Commercial
2036,com,5-21,CANO,Western Electricity Coordinating Council / California North,AEO2026 Low Economic Growth,1.2478012689172484,Commercial
2036,com,5-22,CASO,Western Electricity Coordinating Council / California South,AEO2026 Low Economic Growth,1.247801159752764,Commercial
2036,com,5-24,RMRG,Western Electricity Coordinating Council / Rockies,AEO2026 Low Economic Growth,1.3736138932563613,Commercial
2036,com,5-20,SRSG,Western Electricity Coordinating Council / Southwest,AEO2026 Low Economic Growth,1.3795839683179092,Commercial
2036,com,5-23,NWPP,Western Electricity Coordinating Council / Northwest Power Pool Area,AEO2026 Low Economic Growth,1.2661941257420535,Commercial
2036,ind,5-2,FRCC,Florida Reliability Coordinating Council,AEO2026 Low Economic Growth,0.9916178520496045,Industrial
2036,ind,5-4,MISC,Midcontinent / Central,AEO2026 Low Economic Growth,0.9659857786170266,Industrial
2036,ind,5-5,MISE,Midcontinent / East,AEO2026 Low Economic Growth,0.9675880341252052,Industrial
2036,ind,5-6,MISS,Midcontinent / South,AEO2026 Low Economic Growth,0.9808259715405705,Industrial
2036,ind,5-3,MISW,Midcontinent / West,AEO2026 Low Economic Growth,0.9414004053182135,Industrial
2036,ind,5-8,NYCW,Northeast Power Coordinating Council / New York City and Long Island,AEO2026 Low Economic Growth,0.8727501263427972,Industrial
2036,ind,5-7,ISNE,Northeast Power Coordinating Council / New England,AEO2026 Low Economic Growth,0.8624177090109192,Industrial
2036,ind,5-9,NYUP,Northeast Power Coordinating Council / Upstate New York,AEO2026 Low Economic Growth,0.8727501306636917,Industrial
2036,ind,5-12,PJMC,PJM / Commonwealth Edison,AEO2026 Low Economic Growth,0.9675881726851742,Industrial
2036,com,5-19,SPPN,Southwest Power Pool / North,AEO2026 Low Economic Growth,1.1138120637636488,Commercial
2036,com,5-18,SPPC,Southwest Power Pool / Central,AEO2026 Low Economic Growth,1.1058229732213827,Commercial
2036,com,5-15,SRSE,SERC Reliability Corporation / Southeastern,AEO2026 Low Economic Growth,1.212149072695309,Commercial
2036,com,5-14,SRCA,SERC Reliability Corporation / East,AEO2026 Low Economic Growth,1.251484514435392,Commercial
2036,com,5-2,FRCC,Florida Reliability Coordinating Council,AEO2026 Low Economic Growth,1.2514845637586525,Commercial
2036,com,5-4,MISC,Midcontinent / Central,AEO2026 Low Economic Growth,1.1227091125491453,Commercial
2036,com,5-5,MISE,Midcontinent / East,AEO2026 Low Economic Growth,1.132332628460883,Commercial
2036,com,5-6,MISS,Midcontinent / South,AEO2026 Low Economic Growth,1.3026797086395376,Commercial
2036,com,5-8,NYCW,Northeast Power Coordinating Council / New York City and Long Island,AEO2026 Low Economic Growth,1.171095693280361,Commercial
2036,com,5-7,ISNE,Northeast Power Coordinating Council / New England,AEO2026 Low Economic Growth,1.0826707617349471,Commercial
2036,com,5-9,NYUP,Northeast Power Coordinating Council / Upstate New York,AEO2026 Low Economic Growth,1.1710958220846874,Commercial
2036,com,5-12,PJMC,PJM / Commonwealth Edison,AEO2026 Low Economic Growth,1.1323325706840492,Commercial
2036,com,5-13,PJMD,PJM / Dominion,AEO2026 Low Economic Growth,1.2514845889064286,Commercial
2036,com,5-10,PJME,PJM / East,AEO2026 Low Economic Growth,1.2012992580082749,Commercial
2036,com,5-11,PJMW,PJM / West,AEO2026 Low Economic Growth,1.1564612072997384,Commercial
2036,com,5-16,SRCE,SERC Reliability Corporation / Central,AEO2026 Low Economic Growth,1.1031991185812786,Commercial
2036,com,5-3,MISW,Midcontinent / West,AEO2026 Low Economic Growth,1.115394084107848,Commercial
2036,res,5-23,NWPP,Western Electricity Coordinating Council / Northwest Power Pool Area,AEO2026 Low Economic Growth,1.1948494686812614,Residential
2036,trans,5-24,RMRG,Western Electricity Coordinating Council / Rockies,AEO2026 Low Economic Growth,1.4447818946705362,Transportation
2036,trans,5-4,MISC,Midcontinent / Central,AEO2026 Low Economic Growth,0.9220161977834613,Transportation
2036,trans,5-2,FRCC,Florida Reliability Coordinating Council,AEO2026 Low Economic Growth,1.159835059227962,Transportation
2036,trans,5-23,NWPP,Western Electricity Coordinating Council / Northwest Power Pool Area,AEO2026 Low Economic Growth,1.2045771783472567,Transportation
2036,trans,5-20,SRSG,Western Electricity Coordinating Council / Southwest,AEO2026 Low Economic Growth,1.4065467572939416,Transportation
2036,trans,5-22,CASO,Western Electricity Coordinating Council / California South,AEO2026 Low Economic Growth,1.1934256657632343,Transportation
2036,trans,5-21,CANO,Western Electricity Coordinating Council / California North,AEO2026 Low Economic Growth,1.193421190033625,Transportation
2036,trans,5-25,BASN,Western Electricity Coordinating Council / Basin,AEO2026 Low Economic Growth,1.443337192432258,Transportation
2036,trans,5-1,TRE,Texas Reliability Entity,AEO2026 Low Economic Growth,1.532935673518431,Transportation
2036,trans,5-17,SPPS,Southwest Power Pool / South,AEO2026 Low Economic Growth,1.515223373733825,Transportation
2036,trans,5-19,SPPN,Southwest Power Pool / North,AEO2026 Low Economic Growth,1.2541385246987153,Transportation
2036,trans,5-18,SPPC,Southwest Power Pool / Central,AEO2026 Low Economic Growth,1.2447470163052614,Transportation
2036,trans,5-15,SRSE,SERC Reliability Corporation / Southeastern,AEO2026 Low Economic Growth,1.159232290109466,Transportation
2036,trans,5-14,SRCA,SERC Reliability Corporation / East,AEO2026 Low Economic Growth,1.159832948164513,Transportation
2036,trans,5-16,SRCE,SERC Reliability Corporation / Central,AEO2026 Low Economic Growth,1.1121723678365172,Transportation
2036,trans,5-11,PJMW,PJM / West,AEO2026 Low Economic Growth,1.0151309524245007,Transportation
2036,trans,5-10,PJME,PJM / East,AEO2026 Low Economic Growth,1.102106000233044,Transportation
2036,trans,5-13,PJMD,PJM / Dominion,AEO2026 Low Economic Growth,1.1598311705805755,Transportation
2036,trans,5-12,PJMC,PJM / Commonwealth Edison,AEO2026 Low Economic Growth,0.9061790760670619,Transportation
2036,trans,5-9,NYUP,Northeast Power Coordinating Council / Upstate New York,AEO2026 Low Economic Growth,1.0997451660739737,Transportation
2036,trans,5-7,ISNE,Northeast Power Coordinating Council / New England,AEO2026 Low Economic Growth,1.2413303270334826,Transportation
2036,trans,5-8,NYCW,Northeast Power Coordinating Council / New York City and Long Island,AEO2026 Low Economic Growth,1.0997453442350402,Transportation
2036,trans,5-3,MISW,Midcontinent / West,AEO2026 Low Economic Growth,0.9652306850050872,Transportation
2036,trans,5-6,MISS,Midcontinent / South,AEO2026 Low Economic Growth,1.5291678917965303,Transportation
2036,trans,5-5,MISE,Midcontinent / East,AEO2026 Low Economic Growth,0.9061797837908799,Transportation
2037,trans,5-23,NWPP,Western Electricity Coordinating Council / Northwest Power Pool Area,AEO2026 Low Economic Growth,1.218202448886474,Transportation
2037,ind,5-2,FRCC,Florida Reliability Coordinating Council,AEO2026 Low Economic Growth,1.0033151407330712,Industrial
2037,ind,5-4,MISC,Midcontinent / Central,AEO2026 Low Economic Growth,0.9791351667459548,Industrial
2037,ind,5-5,MISE,Midcontinent / East,AEO2026 Low Economic Growth,0.9812483712000916,Industrial
2037,ind,5-6,MISS,Midcontinent / South,AEO2026 Low Economic Growth,0.9892972128695069,Industrial
2037,ind,5-3,MISW,Midcontinent / West,AEO2026 Low Economic Growth,0.9541005967770112,Industrial
2037,ind,5-8,NYCW,Northeast Power Coordinating Council / New York City and Long Island,AEO2026 Low Economic Growth,0.8734325934180802,Industrial
2037,ind,5-7,ISNE,Northeast Power Coordinating Council / New England,AEO2026 Low Economic Growth,0.8627711874365862,Industrial
2037,ind,5-9,NYUP,Northeast Power Coordinating Council / Upstate New York,AEO2026 Low Economic Growth,0.8734302295744871,Industrial
2037,ind,5-12,PJMC,PJM / Commonwealth Edison,AEO2026 Low Economic Growth,0.9812483478766806,Industrial
2037,com,5-23,NWPP,Western Electricity Coordinating Council / Northwest Power Pool Area,AEO2026 Low Economic Growth,1.3005360686348844,Commercial
2037,ind,5-13,PJMD,PJM / Dominion,AEO2026 Low Economic Growth,1.003315188874537,Industrial
2037,ind,5-11,PJMW,PJM / West,AEO2026 Low Economic Growth,0.973055502457224,Industrial
2037,ind,5-16,SRCE,SERC Reliability Corporation / Central,AEO2026 Low Economic Growth,1.0173380542769928,Industrial
2037,ind,5-14,SRCA,SERC Reliability Corporation / East,AEO2026 Low Economic Growth,1.0033150983834902,Industrial
2037,ind,5-15,SRSE,SERC Reliability Corporation / Southeastern,AEO2026 Low Economic Growth,1.0098186742300586,Industrial
2037,ind,5-18,SPPC,Southwest Power Pool / Central,AEO2026 Low Economic Growth,0.9404714967630492,Industrial
2037,ind,5-19,SPPN,Southwest Power Pool / North,AEO2026 Low Economic Growth,0.9422549798182199,Industrial
2037,ind,5-17,SPPS,Southwest Power Pool / South,AEO2026 Low Economic Growth,0.9987227471329868,Industrial
2037,ind,5-1,TRE,Texas Reliability Entity,AEO2026 Low Economic Growth,0.987597079741476,Industrial
2037,ind,5-25,BASN,Western Electricity Coordinating Council / Basin,AEO2026 Low Economic Growth,1.0719104084076754,Industrial
2037,ind,5-10,PJME,PJM / East,AEO2026 Low Economic Growth,0.8855333230904843,Industrial
2037,com,5-20,SRSG,Western Electricity Coordinating Council / Southwest,AEO2026 Low Economic Growth,1.4246526605885381,Commercial
2037,com,5-24,RMRG,Western Electricity Coordinating Council / Rockies,AEO2026 Low Economic Growth,1.4191629205900904,Commercial
2037,com,5-22,CASO,Western Electricity Coordinating Council / California South,AEO2026 Low Economic Growth,1.2802137719571338,Commercial
2037,com,5-2,FRCC,Florida Reliability Coordinating Council,AEO2026 Low Economic Growth,1.2815321822902137,Commercial
2037,com,5-4,MISC,Midcontinent / Central,AEO2026 Low Economic Growth,1.137095826637999,Commercial
2037,com,5-5,MISE,Midcontinent / East,AEO2026 Low Economic Growth,1.145572481753596,Commercial
2037,com,5-6,MISS,Midcontinent / South,AEO2026 Low Economic Growth,1.3268297861846559,Commercial
2037,com,5-3,MISW,Midcontinent / West,AEO2026 Low Economic Growth,1.1307157072187737,Commercial
2037,com,5-8,NYCW,Northeast Power Coordinating Council / New York City and Long Island,AEO2026 Low Economic Growth,1.1901215385691652,Commercial
2037,com,5-7,ISNE,Northeast Power Coordinating Council / New England,AEO2026 Low Economic Growth,1.1001923814724113,Commercial
2037,com,5-9,NYUP,Northeast Power Coordinating Council / Upstate New York,AEO2026 Low Economic Growth,1.1901216206632435,Commercial
2037,com,5-12,PJMC,PJM / Commonwealth Edison,AEO2026 Low Economic Growth,1.145572516160867,Commercial
2037,com,5-13,PJMD,PJM / Dominion,AEO2026 Low Economic Growth,1.2815321563302502,Commercial
2037,com,5-10,PJME,PJM / East,AEO2026 Low Economic Growth,1.2244660941177974,Commercial
2037,com,5-11,PJMW,PJM / West,AEO2026 Low Economic Growth,1.1734970902390303,Commercial
2037,com,5-16,SRCE,SERC Reliability Corporation / Central,AEO2026 Low Economic Growth,1.11811563650248,Commercial
2037,com,5-14,SRCA,SERC Reliability Corporation / East,AEO2026 Low Economic Growth,1.2815321965889153,Commercial
2037,com,5-15,SRSE,SERC Reliability Corporation / Southeastern,AEO2026 Low Economic Growth,1.2381829078830935,Commercial
2037,com,5-18,SPPC,Southwest Power Pool / Central,AEO2026 Low Economic Growth,1.1223781684026795,Commercial
2037,com,5-19,SPPN,Southwest Power Pool / North,AEO2026 Low Economic Growth,1.1312528120153853,Commercial
2037,com,5-17,SPPS,Southwest Power Pool / South,AEO2026 Low Economic Growth,1.3703062934449906,Commercial
2037,com,5-1,TRE,Texas Reliability Entity,AEO2026 Low Economic Growth,1.3648466678964613,Commercial
2037,com,5-25,BASN,Western Electricity Coordinating Council / Basin,AEO2026 Low Economic Growth,1.438910256053442,Commercial
2037,com,5-21,CANO,Western Electricity Coordinating Council / California North,AEO2026 Low Economic Growth,1.2802136890021796,Commercial
2037,ind,5-21,CANO,Western Electricity Coordinating Council / California North,AEO2026 Low Economic Growth,1.0413749968659514,Industrial
2037,ind,5-22,CASO,Western Electricity Coordinating Council / California South,AEO2026 Low Economic Growth,1.0413748156243785,Industrial
2037,ind,5-24,RMRG,Western Electricity Coordinating Council / Rockies,AEO2026 Low Economic Growth,1.0619844388328223,Industrial
2037,ind,5-20,SRSG,Western Electricity Coordinating Council / Southwest,AEO2026 Low Economic Growth,1.065244190956823,Industrial
2037,res,5-23,NWPP,Western Electricity Coordinating Council / Northwest Power Pool Area,AEO2026 Low Economic Growth,1.2086157548716758,Residential
2037,trans,5-2,FRCC,Florida Reliability Coordinating Council,AEO2026 Low Economic Growth,1.1626080624539596,Transportation
2037,trans,5-4,MISC,Midcontinent / Central,AEO2026 Low Economic Growth,0.9199417448138676,Transportation
2037,trans,5-5,MISE,Midcontinent / East,AEO2026 Low Economic Growth,0.9028472751692762,Transportation
2037,trans,5-6,MISS,Midcontinent / South,AEO2026 Low Economic Growth,1.569920611584828,Transportation
2037,trans,5-3,MISW,Midcontinent / West,AEO2026 Low Economic Growth,0.9666045171186712,Transportation
2037,trans,5-8,NYCW,Northeast Power Coordinating Council / New York City and Long Island,AEO2026 Low Economic Growth,1.1016172657228998,Transportation
2037,trans,5-7,ISNE,Northeast Power Coordinating Council / New England,AEO2026 Low Economic Growth,1.2485627604443343,Transportation
2037,trans,5-9,NYUP,Northeast Power Coordinating Council / Upstate New York,AEO2026 Low Economic Growth,1.101618136531824,Transportation
2037,trans,5-12,PJMC,PJM / Commonwealth Edison,AEO2026 Low Economic Growth,0.9028479390877809,Transportation
2037,trans,5-13,PJMD,PJM / Dominion,AEO2026 Low Economic Growth,1.162606079655157,Transportation
2037,trans,5-10,PJME,PJM / East,AEO2026 Low Economic Growth,1.1040139129525712,Transportation
2037,trans,5-11,PJMW,PJM / West,AEO2026 Low Economic Growth,1.0146773530770985,Transportation
2037,trans,5-16,SRCE,SERC Reliability Corporation / Central,AEO2026 Low Economic Growth,1.115726343847179,Transportation
2037,trans,5-14,SRCA,SERC Reliability Corporation / East,AEO2026 Low Economic Growth,1.162609070604594,Transportation
2037,trans,5-15,SRSE,SERC Reliability Corporation / Southeastern,AEO2026 Low Economic Growth,1.1620154451325786,Transportation
2037,trans,5-18,SPPC,Southwest Power Pool / Central,AEO2026 Low Economic Growth,1.2683924469098449,Transportation
2037,trans,5-19,SPPN,Southwest Power Pool / North,AEO2026 Low Economic Growth,1.278108859753675,Transportation
2037,trans,5-17,SPPS,Southwest Power Pool / South,AEO2026 Low Economic Growth,1.5540429767550792,Transportation
2037,trans,5-1,TRE,Texas Reliability Entity,AEO2026 Low Economic Growth,1.5739818907436811,Transportation
2037,trans,5-25,BASN,Western Electricity Coordinating Council / Basin,AEO2026 Low Economic Growth,1.4735554024942479,Transportation
2037,res,5-20,SRSG,Western Electricity Coordinating Council / Southwest,AEO2026 Low Economic Growth,1.2714761853542431,Residential
2037,res,5-24,RMRG,Western Electricity Coordinating Council / Rockies,AEO2026 Low Economic Growth,1.2699087890691123,Residential
2037,res,5-21,CANO,Western Electricity Coordinating Council / California North,AEO2026 Low Economic Growth,1.1971323657153972,Residential
2037,ind,5-23,NWPP,Western Electricity Coordinating Council / Northwest Power Pool Area,AEO2026 Low Economic Growth,1.0457803106271337,Industrial
2037,res,5-2,FRCC,Florida Reliability Coordinating Council,AEO2026 Low Economic Growth,1.0982356598748637,Residential
2037,res,5-4,MISC,Midcontinent / Central,AEO2026 Low Economic Growth,1.0931261781382373,Residential
2037,res,5-5,MISE,Midcontinent / East,AEO2026 Low Economic Growth,1.1248718032216076,Residential
2037,res,5-6,MISS,Midcontinent / South,AEO2026 Low Economic Growth,1.0837384862598671,Residential
2037,res,5-3,MISW,Midcontinent / West,AEO2026 Low Economic Growth,1.0747301739537936,Residential
2037,res,5-8,NYCW,Northeast Power Coordinating Council / New York City and Long Island,AEO2026 Low Economic Growth,1.160024378972859,Residential
2037,res,5-7,ISNE,Northeast Power Coordinating Council / New England,AEO2026 Low Economic Growth,1.1305424005863152,Residential
2037,res,5-9,NYUP,Northeast Power Coordinating Council / Upstate New York,AEO2026 Low Economic Growth,1.160024405889843,Residential
2037,res,5-12,PJMC,PJM / Commonwealth Edison,AEO2026 Low Economic Growth,1.1248721798050063,Residential
2037,res,5-13,PJMD,PJM / Dominion,AEO2026 Low Economic Growth,1.0982357627832622,Residential
2037,res,5-10,PJME,PJM / East,AEO2026 Low Economic Growth,1.1404410135821768,Residential
2037,res,5-11,PJMW,PJM / West,AEO2026 Low Economic Growth,1.1064866468732857,Residential
2037,res,5-16,SRCE,SERC Reliability Corporation / Central,AEO2026 Low Economic Growth,0.9633939641580798,Residential
2037,res,5-14,SRCA,SERC Reliability Corporation / East,AEO2026 Low Economic Growth,1.098235606198454,Residential
2037,res,5-15,SRSE,SERC Reliability Corporation / Southeastern,AEO2026 Low Economic Growth,1.056524275322788,Residential
2037,res,5-18,SPPC,Southwest Power Pool / Central,AEO2026 Low Economic Growth,1.046250311616846,Residential
2037,res,5-19,SPPN,Southwest Power Pool / North,AEO2026 Low Economic Growth,1.0499766118740652,Residential
2037,res,5-17,SPPS,Southwest Power Pool / South,AEO2026 Low Economic Growth,1.1155518434648315,Residential
2037,res,5-1,TRE,Texas Reliability Entity,AEO2026 Low Economic Growth,1.1093483880440143,Residential
2037,res,5-25,BASN,Western Electricity Coordinating Council / Basin,AEO2026 Low Economic Growth,1.2834833622633794,Residential
2037,res,5-22,CASO,Western Electricity Coordinating Council / California South,AEO2026 Low Economic Growth,1.1971352528760373,Residential
2037,trans,5-21,CANO,Western Electricity Coordinating Council / California North,AEO2026 Low Economic Growth,1.2062697103235105,Transportation
2037,trans,5-20,SRSG,Western Electricity Coordinating Council / Southwest,AEO2026 Low Economic Growth,1.434287046352416,Transportation
2037,trans,5-22,CASO,Western Electricity Coordinating Council / California South,AEO2026 Low Economic Growth,1.2062773738184633,Transportation
2037,trans,5-24,RMRG,Western Electricity Coordinating Council / Rockies,AEO2026 Low Economic Growth,1.4752873951092214,Transportation
2038,trans,5-20,SRSG,Western Electricity Coordinating Council / Southwest,AEO2026 Low Economic Growth,1.4582607415405002,Transportation
2038,trans,5-24,RMRG,Western Electricity Coordinating Council / Rockies,AEO2026 Low Economic Growth,1.5017434928348068,Transportation
2038,trans,5-22,CASO,Western Electricity Coordinating Council / California South,AEO2026 Low Economic Growth,1.2156976971358948,Transportation
2038,trans,5-21,CANO,Western Electricity Coordinating Council / California North,AEO2026 Low Economic Growth,1.2156930724086799,Transportation
2038,trans,5-25,BASN,Western Electricity Coordinating Council / Basin,AEO2026 Low Economic Growth,1.4997435408942361,Transportation
2038,trans,5-1,TRE,Texas Reliability Entity,AEO2026 Low Economic Growth,1.6198879972535722,Transportation
2038,trans,5-17,SPPS,Southwest Power Pool / South,AEO2026 Low Economic Growth,1.595819427366942,Transportation
2038,trans,5-19,SPPN,Southwest Power Pool / North,AEO2026 Low Economic Growth,1.297245397960535,Transportation
2038,trans,5-18,SPPC,Southwest Power Pool / Central,AEO2026 Low Economic Growth,1.287219140471788,Transportation
2038,trans,5-15,SRSE,SERC Reliability Corporation / Southeastern,AEO2026 Low Economic Growth,1.1658801727760593,Transportation
2038,trans,5-14,SRCA,SERC Reliability Corporation / East,AEO2026 Low Economic Growth,1.166470448588441,Transportation
2038,trans,5-16,SRCE,SERC Reliability Corporation / Central,AEO2026 Low Economic Growth,1.11994669035984,Transportation
2038,trans,5-11,PJMW,PJM / West,AEO2026 Low Economic Growth,1.0163795699829412,Transportation
2038,trans,5-10,PJME,PJM / East,AEO2026 Low Economic Growth,1.1042899722416122,Transportation
2038,trans,5-12,PJMC,PJM / Commonwealth Edison,AEO2026 Low Economic Growth,0.9058234758871702,Transportation
2038,trans,5-9,NYUP,Northeast Power Coordinating Council / Upstate New York,AEO2026 Low Economic Growth,1.1017477131043798,Transportation
2038,trans,5-7,ISNE,Northeast Power Coordinating Council / New England,AEO2026 Low Economic Growth,1.2526787154757548,Transportation
2038,trans,5-8,NYCW,Northeast Power Coordinating Council / New York City and Long Island,AEO2026 Low Economic Growth,1.1017475402920631,Transportation
2038,trans,5-3,MISW,Midcontinent / West,AEO2026 Low Economic Growth,0.972337425562574,Transportation
2038,trans,5-6,MISS,Midcontinent / South,AEO2026 Low Economic Growth,1.6154954425169068,Transportation
2038,trans,5-5,MISE,Midcontinent / East,AEO2026 Low Economic Growth,0.9058212866512833,Transportation
2038,trans,5-4,MISC,Midcontinent / Central,AEO2026 Low Economic Growth,0.9236537368570618,Transportation
2038,trans,5-2,FRCC,Florida Reliability Coordinating Council,AEO2026 Low Economic Growth,1.1664690990067992,Transportation
2038,res,5-23,NWPP,Western Electricity Coordinating Council / Northwest Power Pool Area,AEO2026 Low Economic Growth,1.2227506015245169,Residential
2038,res,5-20,SRSG,Western Electricity Coordinating Council / Southwest,AEO2026 Low Economic Growth,1.2942244563921113,Residential
2038,res,5-24,RMRG,Western Electricity Coordinating Council / Rockies,AEO2026 Low Economic Growth,1.2930536000464246,Residential
2038,res,5-22,CASO,Western Electricity Coordinating Council / California South,AEO2026 Low Economic Growth,1.2097989380323544,Residential
2038,res,5-21,CANO,Western Electricity Coordinating Council / California North,AEO2026 Low Economic Growth,1.2097954345952049,Residential
2038,trans,5-13,PJMD,PJM / Dominion,AEO2026 Low Economic Growth,1.166467603610076,Transportation
2038,res,5-25,BASN,Western Electricity Coordinating Council / Basin,AEO2026 Low Economic Growth,1.3072131505652655,Residential
2038,res,5-1,TRE,Texas Reliability Entity,AEO2026 Low Economic Growth,1.121247094530857,Residential
2038,res,5-19,SPPN,Southwest Power Pool / North,AEO2026 Low Economic Growth,1.0626737970103288,Residential
2038,ind,5-7,ISNE,Northeast Power Coordinating Council / New England,AEO2026 Low Economic Growth,0.8588974240565936,Industrial
2038,ind,5-8,NYCW,Northeast Power Coordinating Council / New York City and Long Island,AEO2026 Low Economic Growth,0.8700764103959605,Industrial
2038,ind,5-3,MISW,Midcontinent / West,AEO2026 Low Economic Growth,0.9628004623528462,Industrial
2038,ind,5-6,MISS,Midcontinent / South,AEO2026 Low Economic Growth,0.9936424410928917,Industrial
2038,ind,5-5,MISE,Midcontinent / East,AEO2026 Low Economic Growth,0.9906019308571051,Industrial
2038,ind,5-4,MISC,Midcontinent / Central,AEO2026 Low Economic Growth,0.9882282824239207,Industrial
2038,ind,5-2,FRCC,Florida Reliability Coordinating Council,AEO2026 Low Economic Growth,1.012574684353267,Industrial
2038,com,5-23,NWPP,Western Electricity Coordinating Council / Northwest Power Pool Area,AEO2026 Low Economic Growth,1.3352277512629496,Commercial
2038,com,5-20,SRSG,Western Electricity Coordinating Council / Southwest,AEO2026 Low Economic Growth,1.4673447234311439,Commercial
2038,com,5-24,RMRG,Western Electricity Coordinating Council / Rockies,AEO2026 Low Economic Growth,1.4622159026091375,Commercial
2038,com,5-22,CASO,Western Electricity Coordinating Council / California South,AEO2026 Low Economic Growth,1.3134018359085906,Commercial
2038,com,5-21,CANO,Western Electricity Coordinating Council / California North,AEO2026 Low Economic Growth,1.3134017098172588,Commercial
2038,com,5-25,BASN,Western Electricity Coordinating Council / Basin,AEO2026 Low Economic Growth,1.4838410163300624,Commercial
2038,com,5-1,TRE,Texas Reliability Entity,AEO2026 Low Economic Growth,1.3879559948852167,Commercial
2038,ind,5-9,NYUP,Northeast Power Coordinating Council / Upstate New York,AEO2026 Low Economic Growth,0.8700762582701771,Industrial
2038,com,5-17,SPPS,Southwest Power Pool / South,AEO2026 Low Economic Growth,1.3950069419015587,Commercial
2038,com,5-18,SPPC,Southwest Power Pool / Central,AEO2026 Low Economic Growth,1.137516797704648,Commercial
2038,com,5-15,SRSE,SERC Reliability Corporation / Southeastern,AEO2026 Low Economic Growth,1.26306891842245,Commercial
2038,com,5-14,SRCA,SERC Reliability Corporation / East,AEO2026 Low Economic Growth,1.310557902455095,Commercial
2038,com,5-16,SRCE,SERC Reliability Corporation / Central,AEO2026 Low Economic Growth,1.1315358675837035,Commercial
2038,com,5-11,PJMW,PJM / West,AEO2026 Low Economic Growth,1.1860884675220635,Commercial
2038,com,5-10,PJME,PJM / East,AEO2026 Low Economic Growth,1.2403797759758028,Commercial
2038,com,5-13,PJMD,PJM / Dominion,AEO2026 Low Economic Growth,1.3105579234792246,Commercial
2038,com,5-12,PJMC,PJM / Commonwealth Edison,AEO2026 Low Economic Growth,1.1542966410963593,Commercial
2038,com,5-9,NYUP,Northeast Power Coordinating Council / Upstate New York,AEO2026 Low Economic Growth,1.1981438393487842,Commercial
2038,com,5-7,ISNE,Northeast Power Coordinating Council / New England,AEO2026 Low Economic Growth,1.1178137006874573,Commercial
2038,com,5-8,NYCW,Northeast Power Coordinating Council / New York City and Long Island,AEO2026 Low Economic Growth,1.1981437489777202,Commercial
2038,com,5-3,MISW,Midcontinent / West,AEO2026 Low Economic Growth,1.1434775952249319,Commercial
2038,com,5-6,MISS,Midcontinent / South,AEO2026 Low Economic Growth,1.3484294694295273,Commercial
2038,com,5-5,MISE,Midcontinent / East,AEO2026 Low Economic Growth,1.154296757732642,Commercial
2038,com,5-19,SPPN,Southwest Power Pool / North,AEO2026 Low Economic Growth,1.147244881401789,Commercial
2038,res,5-17,SPPS,Southwest Power Pool / South,AEO2026 Low Economic Growth,1.1278734717563095,Residential
2038,ind,5-12,PJMC,PJM / Commonwealth Edison,AEO2026 Low Economic Growth,0.9906018833856185,Industrial
2038,ind,5-10,PJME,PJM / East,AEO2026 Low Economic Growth,0.8833547719621877,Industrial
2038,res,5-18,SPPC,Southwest Power Pool / Central,AEO2026 Low Economic Growth,1.0587664653236357,Residential
2038,res,5-15,SRSE,SERC Reliability Corporation / Southeastern,AEO2026 Low Economic Growth,1.0673205064680134,Residential
2038,res,5-14,SRCA,SERC Reliability Corporation / East,AEO2026 Low Economic Growth,1.111804923484803,Residential
2038,res,5-16,SRCE,SERC Reliability Corporation / Central,AEO2026 Low Economic Growth,0.9679988533221198,Residential
2038,res,5-11,PJMW,PJM / West,AEO2026 Low Economic Growth,1.1190386505568757,Residential
2038,res,5-10,PJME,PJM / East,AEO2026 Low Economic Growth,1.1524892738622206,Residential
2038,res,5-13,PJMD,PJM / Dominion,AEO2026 Low Economic Growth,1.1118049840616588,Residential
2038,res,5-12,PJMC,PJM / Commonwealth Edison,AEO2026 Low Economic Growth,1.1388427263531096,Residential
2038,res,5-9,NYUP,Northeast Power Coordinating Council / Upstate New York,AEO2026 Low Economic Growth,1.1713669867161343,Residential
2038,res,5-7,ISNE,Northeast Power Coordinating Council / New England,AEO2026 Low Economic Growth,1.149327478408179,Residential
2038,res,5-8,NYCW,Northeast Power Coordinating Council / New York City and Long Island,AEO2026 Low Economic Growth,1.1713671064282525,Residential
2038,res,5-3,MISW,Midcontinent / West,AEO2026 Low Economic Growth,1.0877743526261494,Residential
2038,res,5-6,MISS,Midcontinent / South,AEO2026 Low Economic Growth,1.094351601601853,Residential
2038,res,5-5,MISE,Midcontinent / East,AEO2026 Low Economic Growth,1.138842213607496,Residential
2038,ind,5-13,PJMD,PJM / Dominion,AEO2026 Low Economic Growth,1.0125746108411842,Industrial
2038,res,5-4,MISC,Midcontinent / Central,AEO2026 Low Economic Growth,1.1063704859982126,Residential
2038,ind,5-23,NWPP,Western Electricity Coordinating Council / Northwest Power Pool Area,AEO2026 Low Economic Growth,1.0411596001172134,Industrial
2038,ind,5-20,SRSG,Western Electricity Coordinating Council / Southwest,AEO2026 Low Economic Growth,1.0599644454579655,Industrial
2038,ind,5-24,RMRG,Western Electricity Coordinating Council / Rockies,AEO2026 Low Economic Growth,1.0571589692821717,Industrial
2038,ind,5-22,CASO,Western Electricity Coordinating Council / California South,AEO2026 Low Economic Growth,1.0369733750144685,Industrial
2038,ind,5-21,CANO,Western Electricity Coordinating Council / California North,AEO2026 Low Economic Growth,1.0369735391437576,Industrial
2038,ind,5-25,BASN,Western Electricity Coordinating Council / Basin,AEO2026 Low Economic Growth,1.0659901027042198,Industrial
2038,ind,5-1,TRE,Texas Reliability Entity,AEO2026 Low Economic Growth,0.9917118871490931,Industrial
2038,ind,5-17,SPPS,Southwest Power Pool / South,AEO2026 Low Economic Growth,1.0015159460781506,Industrial
2038,ind,5-19,SPPN,Southwest Power Pool / North,AEO2026 Low Economic Growth,0.9504329858034322,Industrial
2038,ind,5-18,SPPC,Southwest Power Pool / Central,AEO2026 Low Economic Growth,0.9488432487236449,Industrial
2038,ind,5-15,SRSE,SERC Reliability Corporation / Southeastern,AEO2026 Low Economic Growth,1.0185748434186166,Industrial
2038,ind,5-14,SRCA,SERC Reliability Corporation / East,AEO2026 Low Economic Growth,1.0125746985013957,Industrial
2038,ind,5-16,SRCE,SERC Reliability Corporation / Central,AEO2026 Low Economic Growth,1.0255119606632506,Industrial
2038,ind,5-11,PJMW,PJM / West,AEO2026 Low Economic Growth,0.9805021048956858,Industrial
2038,res,5-2,FRCC,Florida Reliability Coordinating Council,AEO2026 Low Economic Growth,1.111805110297749,Residential
2038,com,5-4,MISC,Midcontinent / Central,AEO2026 Low Economic Growth,1.1480694476878197,Commercial
2038,com,5-2,FRCC,Florida Reliability Coordinating Council,AEO2026 Low Economic Growth,1.3105579150883029,Commercial
2038,trans,5-23,NWPP,Western Electricity Coordinating Council / Northwest Power Pool Area,AEO2026 Low Economic Growth,1.2283696203595582,Transportation
2039,trans,5-23,NWPP,Western Electricity Coordinating Council / Northwest Power Pool Area,AEO2026 Low Economic Growth,1.2480075405771303,Transportation
2039,trans,5-20,SRSG,Western Electricity Coordinating Council / Southwest,AEO2026 Low Economic Growth,1.4915098274973622,Transportation
2039,trans,5-24,RMRG,Western Electricity Coordinating Council / Rockies,AEO2026 Low Economic Growth,1.5378056736631347,Transportation
2039,trans,5-21,CANO,Western Electricity Coordinating Council / California North,AEO2026 Low Economic Growth,1.2345773897788266,Transportation
2039,trans,5-25,BASN,Western Electricity Coordinating Council / Basin,AEO2026 Low Economic Growth,1.5355452320588536,Transportation
2039,trans,5-1,TRE,Texas Reliability Entity,AEO2026 Low Economic Growth,1.6582199716774664,Transportation
2039,trans,5-17,SPPS,Southwest Power Pool / South,AEO2026 Low Economic Growth,1.6337022073891914,Transportation
2039,trans,5-19,SPPN,Southwest Power Pool / North,AEO2026 Low Economic Growth,1.3257184478876969,Transportation
2039,trans,5-18,SPPC,Southwest Power Pool / Central,AEO2026 Low Economic Growth,1.3152910853364712,Transportation
2039,trans,5-22,CASO,Western Electricity Coordinating Council / California South,AEO2026 Low Economic Growth,1.2345809696681218,Transportation
2039,trans,5-15,SRSE,SERC Reliability Corporation / Southeastern,AEO2026 Low Economic Growth,1.1824688789534235,Transportation
2039,trans,5-14,SRCA,SERC Reliability Corporation / East,AEO2026 Low Economic Growth,1.1831368730105667,Transportation
2039,trans,5-16,SRCE,SERC Reliability Corporation / Central,AEO2026 Low Economic Growth,1.1303864948911595,Transportation
2039,trans,5-11,PJMW,PJM / West,AEO2026 Low Economic Growth,1.0170477754732006,Transportation
2039,res,5-19,SPPN,Southwest Power Pool / North,AEO2026 Low Economic Growth,1.0730405364286841,Residential
2039,res,5-18,SPPC,Southwest Power Pool / Central,AEO2026 Low Economic Growth,1.0689443966429517,Residential
2039,res,5-15,SRSE,SERC Reliability Corporation / Southeastern,AEO2026 Low Economic Growth,1.077482832828218,Residential
2039,res,5-14,SRCA,SERC Reliability Corporation / East,AEO2026 Low Economic Growth,1.124890238949997,Residential
2039,res,5-16,SRCE,SERC Reliability Corporation / Central,AEO2026 Low Economic Growth,0.9716351318658427,Residential
2039,res,5-11,PJMW,PJM / West,AEO2026 Low Economic Growth,1.1330922220104436,Residential
2039,res,5-10,PJME,PJM / East,AEO2026 Low Economic Growth,1.1671099184969143,Residential
2039,res,5-13,PJMD,PJM / Dominion,AEO2026 Low Economic Growth,1.1248903535623003,Residential
2039,res,5-12,PJMC,PJM / Commonwealth Edison,AEO2026 Low Economic Growth,1.1549792666686527,Residential
2039,res,5-9,NYUP,Northeast Power Coordinating Council / Upstate New York,AEO2026 Low Economic Growth,1.186699919600484,Residential
2039,res,5-7,ISNE,Northeast Power Coordinating Council / New England,AEO2026 Low Economic Growth,1.1668709194267888,Residential
2039,res,5-8,NYCW,Northeast Power Coordinating Council / New York City and Long Island,AEO2026 Low Economic Growth,1.1866999122995272,Residential
2039,res,5-3,MISW,Midcontinent / West,AEO2026 Low Economic Growth,1.1001108965343114,Residential
2039,res,5-6,MISS,Midcontinent / South,AEO2026 Low Economic Growth,1.1073589325880189,Residential
2039,res,5-5,MISE,Midcontinent / East,AEO2026 Low Economic Growth,1.154978625423686,Residential
2039,res,5-17,SPPS,Southwest Power Pool / South,AEO2026 Low Economic Growth,1.1431320851478564,Residential
2039,res,5-1,TRE,Texas Reliability Entity,AEO2026 Low Economic Growth,1.1362453160497463,Residential
2039,res,5-21,CANO,Western Electricity Coordinating Council / California North,AEO2026 Low Economic Growth,1.2229575282453142,Residential
2039,trans,5-10,PJME,PJM / East,AEO2026 Low Economic Growth,1.1098628851081531,Transportation
2039,trans,5-13,PJMD,PJM / Dominion,AEO2026 Low Economic Growth,1.1831350186340983,Transportation
2039,trans,5-12,PJMC,PJM / Commonwealth Edison,AEO2026 Low Economic Growth,0.899464507964398,Transportation
2039,trans,5-9,NYUP,Northeast Power Coordinating Council / Upstate New York,AEO2026 Low Economic Growth,1.1068666421474633,Transportation
2039,trans,5-7,ISNE,Northeast Power Coordinating Council / New England,AEO2026 Low Economic Growth,1.2631968300063354,Transportation
2039,trans,5-8,NYCW,Northeast Power Coordinating Council / New York City and Long Island,AEO2026 Low Economic Growth,1.1068670206826385,Transportation
2039,trans,5-3,MISW,Midcontinent / West,AEO2026 Low Economic Growth,0.9719810555782231,Transportation
2039,trans,5-6,MISS,Midcontinent / South,AEO2026 Low Economic Growth,1.65354307556601,Transportation
2039,trans,5-5,MISE,Midcontinent / East,AEO2026 Low Economic Growth,0.8994642739927997,Transportation
2039,trans,5-4,MISC,Midcontinent / Central,AEO2026 Low Economic Growth,0.9189009661835749,Transportation
2039,trans,5-2,FRCC,Florida Reliability Coordinating Council,AEO2026 Low Economic Growth,1.1831409871044767,Transportation
2039,res,5-23,NWPP,Western Electricity Coordinating Council / Northwest Power Pool Area,AEO2026 Low Economic Growth,1.2371222024581563,Residential
2039,res,5-20,SRSG,Western Electricity Coordinating Council / Southwest,AEO2026 Low Economic Growth,1.3158060076220284,Residential
2039,res,5-24,RMRG,Western Electricity Coordinating Council / Rockies,AEO2026 Low Economic Growth,1.3146577622728257,Residential
2039,res,5-22,CASO,Western Electricity Coordinating Council / California South,AEO2026 Low Economic Growth,1.2229612740133078,Residential
2039,res,5-25,BASN,Western Electricity Coordinating Council / Basin,AEO2026 Low Economic Growth,1.3294704260007568,Residential
2039,res,5-4,MISC,Midcontinent / Central,AEO2026 Low Economic Growth,1.1200956508531286,Residential
2039,res,5-2,FRCC,Florida Reliability Coordinating Council,AEO2026 Low Economic Growth,1.1248902775932035,Residential
2039,ind,5-23,NWPP,Western Electricity Coordinating Council / Northwest Power Pool Area,AEO2026 Low Economic Growth,1.0584851618367797,Industrial
2039,ind,5-20,SRSG,Western Electricity Coordinating Council / Southwest,AEO2026 Low Economic Growth,1.0765195174862756,Industrial
2039,ind,5-6,MISS,Midcontinent / South,AEO2026 Low Economic Growth,1.0028850760642487,Industrial
2039,ind,5-5,MISE,Midcontinent / East,AEO2026 Low Economic Growth,0.999204763852252,Industrial
2039,ind,5-4,MISC,Midcontinent / Central,AEO2026 Low Economic Growth,0.9969103180812932,Industrial
2039,ind,5-2,FRCC,Florida Reliability Coordinating Council,AEO2026 Low Economic Growth,1.022084851516062,Industrial
2039,com,5-23,NWPP,Western Electricity Coordinating Council / Northwest Power Pool Area,AEO2026 Low Economic Growth,1.3701136980477595,Commercial
2039,com,5-20,SRSG,Western Electricity Coordinating Council / Southwest,AEO2026 Low Economic Growth,1.5102349512558872,Commercial
2039,com,5-24,RMRG,Western Electricity Coordinating Council / Rockies,AEO2026 Low Economic Growth,1.5050430865263047,Commercial
2039,com,5-22,CASO,Western Electricity Coordinating Council / California South,AEO2026 Low Economic Growth,1.3468084040441382,Commercial
2039,com,5-21,CANO,Western Electricity Coordinating Council / California North,AEO2026 Low Economic Growth,1.3468083802622763,Commercial
2039,com,5-25,BASN,Western Electricity Coordinating Council / Basin,AEO2026 Low Economic Growth,1.5287998353282477,Commercial
2039,com,5-1,TRE,Texas Reliability Entity,AEO2026 Low Economic Growth,1.4132926707948454,Commercial
2039,com,5-17,SPPS,Southwest Power Pool / South,AEO2026 Low Economic Growth,1.4217748987407028,Commercial
2039,com,5-19,SPPN,Southwest Power Pool / North,AEO2026 Low Economic Growth,1.1595216450249595,Commercial
2039,com,5-18,SPPC,Southwest Power Pool / Central,AEO2026 Low Economic Growth,1.1488362611538692,Commercial
2039,com,5-15,SRSE,SERC Reliability Corporation / Southeastern,AEO2026 Low Economic Growth,1.286728424798865,Commercial
2039,ind,5-3,MISW,Midcontinent / West,AEO2026 Low Economic Growth,0.9715286227731841,Industrial
2039,com,5-14,SRCA,SERC Reliability Corporation / East,AEO2026 Low Economic Growth,1.3393535578878184,Commercial
2039,ind,5-8,NYCW,Northeast Power Coordinating Council / New York City and Long Island,AEO2026 Low Economic Growth,0.8714499833702642,Industrial
2039,ind,5-9,NYUP,Northeast Power Coordinating Council / Upstate New York,AEO2026 Low Economic Growth,0.8714510919199765,Industrial
2039,ind,5-24,RMRG,Western Electricity Coordinating Council / Rockies,AEO2026 Low Economic Growth,1.0734519395187998,Industrial
2039,ind,5-22,CASO,Western Electricity Coordinating Council / California South,AEO2026 Low Economic Growth,1.0543657972798324,Industrial
2039,ind,5-21,CANO,Western Electricity Coordinating Council / California North,AEO2026 Low Economic Growth,1.0543660514444746,Industrial
2039,ind,5-25,BASN,Western Electricity Coordinating Council / Basin,AEO2026 Low Economic Growth,1.0829174951835032,Industrial
2039,ind,5-1,TRE,Texas Reliability Entity,AEO2026 Low Economic Growth,1.0009618512253897,Industrial
2039,ind,5-17,SPPS,Southwest Power Pool / South,AEO2026 Low Economic Growth,1.0117751184113486,Industrial
2039,ind,5-19,SPPN,Southwest Power Pool / North,AEO2026 Low Economic Growth,0.9593342269659704,Industrial
2039,ind,5-18,SPPC,Southwest Power Pool / Central,AEO2026 Low Economic Growth,0.957634303034289,Industrial
2039,ind,5-15,SRSE,SERC Reliability Corporation / Southeastern,AEO2026 Low Economic Growth,1.027906976744186,Industrial
2039,ind,5-14,SRCA,SERC Reliability Corporation / East,AEO2026 Low Economic Growth,1.0220850438557605,Industrial
2039,ind,5-16,SRCE,SERC Reliability Corporation / Central,AEO2026 Low Economic Growth,1.0346381428458296,Industrial
2039,ind,5-11,PJMW,PJM / West,AEO2026 Low Economic Growth,0.9883017211286229,Industrial
2039,ind,5-10,PJME,PJM / East,AEO2026 Low Economic Growth,0.8854876507116473,Industrial
2039,ind,5-13,PJMD,PJM / Dominion,AEO2026 Low Economic Growth,1.022084973218516,Industrial
2039,ind,5-12,PJMC,PJM / Commonwealth Edison,AEO2026 Low Economic Growth,0.9992047779756051,Industrial
2039,ind,5-7,ISNE,Northeast Power Coordinating Council / New England,AEO2026 Low Economic Growth,0.8600160551635558,Industrial
2039,com,5-16,SRCE,SERC Reliability Corporation / Central,AEO2026 Low Economic Growth,1.1409694971265745,Commercial
2039,com,5-10,PJME,PJM / East,AEO2026 Low Economic Growth,1.2656000844177953,Commercial
2039,com,5-11,PJMW,PJM / West,AEO2026 Low Economic Growth,1.2050921763841378,Commercial
2039,com,5-13,PJMD,PJM / Dominion,AEO2026 Low Economic Growth,1.3393537314251538,Commercial
2039,com,5-12,PJMC,PJM / Commonwealth Edison,AEO2026 Low Economic Growth,1.1707484084977375,Commercial
2039,com,5-9,NYUP,Northeast Power Coordinating Council / Upstate New York,AEO2026 Low Economic Growth,1.2212125204385496,Commercial
2039,com,5-7,ISNE,Northeast Power Coordinating Council / New England,AEO2026 Low Economic Growth,1.1352978665315758,Commercial
2039,com,5-8,NYCW,Northeast Power Coordinating Council / New York City and Long Island,AEO2026 Low Economic Growth,1.2212123350657935,Commercial
2039,com,5-3,MISW,Midcontinent / West,AEO2026 Low Economic Growth,1.1566776241357268,Commercial
2039,com,5-6,MISS,Midcontinent / South,AEO2026 Low Economic Growth,1.3712995844380187,Commercial
2039,com,5-5,MISE,Midcontinent / East,AEO2026 Low Economic Growth,1.1707483931766964,Commercial
2039,com,5-4,MISC,Midcontinent / Central,AEO2026 Low Economic Growth,1.162653097528282,Commercial
2039,com,5-2,FRCC,Florida Reliability Coordinating Council,AEO2026 Low Economic Growth,1.3393536439109484,Commercial
2040,com,5-21,CANO,Western Electricity Coordinating Council / California North,AEO2026 Low Economic Growth,1.3779224510765171,Commercial
2040,com,5-25,BASN,Western Electricity Coordinating Council / Basin,AEO2026 Low Economic Growth,1.5751802204870242,Commercial
2040,com,5-1,TRE,Texas Reliability Entity,AEO2026 Low Economic Growth,1.4373854592550905,Commercial
2040,com,5-17,SPPS,Southwest Power Pool / South,AEO2026 Low Economic Growth,1.4474948667070404,Commercial
2040,com,5-19,SPPN,Southwest Power Pool / North,AEO2026 Low Economic Growth,1.1709081486101887,Commercial
2040,com,5-18,SPPC,Southwest Power Pool / Central,AEO2026 Low Economic Growth,1.1591958176798034,Commercial
2040,com,5-15,SRSE,SERC Reliability Corporation / Southeastern,AEO2026 Low Economic Growth,1.310023689161359,Commercial
2040,com,5-14,SRCA,SERC Reliability Corporation / East,AEO2026 Low Economic Growth,1.367392578771941,Commercial
2040,com,5-16,SRCE,SERC Reliability Corporation / Central,AEO2026 Low Economic Growth,1.1511257929462795,Commercial
2040,com,5-11,PJMW,PJM / West,AEO2026 Low Economic Growth,1.2232201622533905,Commercial
2040,com,5-10,PJME,PJM / East,AEO2026 Low Economic Growth,1.290517274298922,Commercial
2040,com,5-13,PJMD,PJM / Dominion,AEO2026 Low Economic Growth,1.3673926750006147,Commercial
2040,com,5-12,PJMC,PJM / Commonwealth Edison,AEO2026 Low Economic Growth,1.1859874348908297,Commercial
2040,com,5-9,NYUP,Northeast Power Coordinating Council / Upstate New York,AEO2026 Low Economic Growth,1.2442508841026527,Commercial
2040,com,5-7,ISNE,Northeast Power Coordinating Council / New England,AEO2026 Low Economic Growth,1.1535010323895245,Commercial
2040,com,5-8,NYCW,Northeast Power Coordinating Council / New York City and Long Island,AEO2026 Low Economic Growth,1.2442507976410857,Commercial
2040,com,5-3,MISW,Midcontinent / West,AEO2026 Low Economic Growth,1.1688243232847686,Commercial
2040,com,5-6,MISS,Midcontinent / South,AEO2026 Low Economic Growth,1.3932293974372676,Commercial
2040,com,5-5,MISE,Midcontinent / East,AEO2026 Low Economic Growth,1.185987564781064,Commercial
2040,com,5-4,MISC,Midcontinent / Central,AEO2026 Low Economic Growth,1.1761408360443775,Commercial
2040,com,5-2,FRCC,Florida Reliability Coordinating Council,AEO2026 Low Economic Growth,1.3673927388984615,Commercial
2040,com,5-22,CASO,Western Electricity Coordinating Council / California South,AEO2026 Low Economic Growth,1.3779224640449939,Commercial
2040,com,5-24,RMRG,Western Electricity Coordinating Council / Rockies,AEO2026 Low Economic Growth,1.5491600088888782,Commercial
2040,com,5-20,SRSG,Western Electricity Coordinating Council / Southwest,AEO2026 Low Economic Growth,1.5541454375677766,Commercial
2040,com,5-23,NWPP,Western Electricity Coordinating Council / Northwest Power Pool Area,AEO2026 Low Economic Growth,1.4031827702420454,Commercial
2040,trans,5-23,NWPP,Western Electricity Coordinating Council / Northwest Power Pool Area,AEO2026 Low Economic Growth,1.2619870261248576,Transportation
2040,trans,5-20,SRSG,Western Electricity Coordinating Council / Southwest,AEO2026 Low Economic Growth,1.5178882536255,Transportation
2040,trans,5-24,RMRG,Western Electricity Coordinating Council / Rockies,AEO2026 Low Economic Growth,1.5664214528357068,Transportation
2040,trans,5-22,CASO,Western Electricity Coordinating Council / California South,AEO2026 Low Economic Growth,1.2478838018037857,Transportation
2040,trans,5-21,CANO,Western Electricity Coordinating Council / California North,AEO2026 Low Economic Growth,1.2478770284664062,Transportation
2040,trans,5-25,BASN,Western Electricity Coordinating Council / Basin,AEO2026 Low Economic Growth,1.563975555783519,Transportation
2040,trans,5-1,TRE,Texas Reliability Entity,AEO2026 Low Economic Growth,1.7017444105909107,Transportation
2040,trans,5-17,SPPS,Southwest Power Pool / South,AEO2026 Low Economic Growth,1.674073423502547,Transportation
2040,trans,5-19,SPPN,Southwest Power Pool / North,AEO2026 Low Economic Growth,1.3463779631836843,Transportation
2040,trans,5-18,SPPC,Southwest Power Pool / Central,AEO2026 Low Economic Growth,1.3355185745503446,Transportation
2040,trans,5-15,SRSE,SERC Reliability Corporation / Southeastern,AEO2026 Low Economic Growth,1.1880489669948124,Transportation
2040,trans,5-14,SRCA,SERC Reliability Corporation / East,AEO2026 Low Economic Growth,1.1887278770172913,Transportation
2040,trans,5-16,SRCE,SERC Reliability Corporation / Central,AEO2026 Low Economic Growth,1.1350510884051532,Transportation
2040,trans,5-11,PJMW,PJM / West,AEO2026 Low Economic Growth,1.0200400679423538,Transportation
2040,trans,5-10,PJME,PJM / East,AEO2026 Low Economic Growth,1.113961303783918,Transportation
2040,trans,5-13,PJMD,PJM / Dominion,AEO2026 Low Economic Growth,1.188729738224597,Transportation
2040,res,5-4,MISC,Midcontinent / Central,AEO2026 Low Economic Growth,1.1328058615669494,Residential
2040,res,5-2,FRCC,Florida Reliability Coordinating Council,AEO2026 Low Economic Growth,1.1363725756135263,Residential
2040,ind,5-23,NWPP,Western Electricity Coordinating Council / Northwest Power Pool Area,AEO2026 Low Economic Growth,1.0767015932988357,Industrial
2040,ind,5-20,SRSG,Western Electricity Coordinating Council / Southwest,AEO2026 Low Economic Growth,1.0934041644831183,Industrial
2040,ind,5-24,RMRG,Western Electricity Coordinating Council / Rockies,AEO2026 Low Economic Growth,1.0898189406690366,Industrial
2040,ind,5-22,CASO,Western Electricity Coordinating Council / California South,AEO2026 Low Economic Growth,1.0727530993078012,Industrial
2040,ind,5-21,CANO,Western Electricity Coordinating Council / California North,AEO2026 Low Economic Growth,1.0727533276818815,Industrial
2040,ind,5-25,BASN,Western Electricity Coordinating Council / Basin,AEO2026 Low Economic Growth,1.1001208262445725,Industrial
2040,ind,5-1,TRE,Texas Reliability Entity,AEO2026 Low Economic Growth,1.0105250594433963,Industrial
2040,ind,5-17,SPPS,Southwest Power Pool / South,AEO2026 Low Economic Growth,1.0223416044384575,Industrial
2040,ind,5-19,SPPN,Southwest Power Pool / North,AEO2026 Low Economic Growth,0.9660232621440544,Industrial
2040,ind,5-18,SPPC,Southwest Power Pool / Central,AEO2026 Low Economic Growth,0.964179340943267,Industrial
2040,ind,5-15,SRSE,SERC Reliability Corporation / Southeastern,AEO2026 Low Economic Growth,1.0385615049892094,Industrial
2040,ind,5-14,SRCA,SERC Reliability Corporation / East,AEO2026 Low Economic Growth,1.0329222980605688,Industrial
2040,ind,5-16,SRCE,SERC Reliability Corporation / Central,AEO2026 Low Economic Growth,1.0450814770820465,Industrial
2040,ind,5-11,PJMW,PJM / West,AEO2026 Low Economic Growth,0.9944002555430034,Industrial
2040,ind,5-10,PJME,PJM / East,AEO2026 Low Economic Growth,0.8859523778374312,Industrial
2040,ind,5-13,PJMD,PJM / Dominion,AEO2026 Low Economic Growth,1.0329222158629483,Industrial
2040,ind,5-12,PJMC,PJM / Commonwealth Edison,AEO2026 Low Economic Growth,1.004745842243727,Industrial
2040,ind,5-9,NYUP,Northeast Power Coordinating Council / Upstate New York,AEO2026 Low Economic Growth,0.8708500264815069,Industrial
2040,ind,5-7,ISNE,Northeast Power Coordinating Council / New England,AEO2026 Low Economic Growth,0.8591422570249616,Industrial
2040,ind,5-8,NYCW,Northeast Power Coordinating Council / New York City and Long Island,AEO2026 Low Economic Growth,0.8708495851204899,Industrial
2040,ind,5-3,MISW,Midcontinent / West,AEO2026 Low Economic Growth,0.977738107317576,Industrial
2040,ind,5-6,MISS,Midcontinent / South,AEO2026 Low Economic Growth,1.0124981204867565,Industrial
2040,ind,5-5,MISE,Midcontinent / East,AEO2026 Low Economic Growth,1.004745898114582,Industrial
2040,ind,5-4,MISC,Midcontinent / Central,AEO2026 Low Economic Growth,1.0030921160505002,Industrial
2040,ind,5-2,FRCC,Florida Reliability Coordinating Council,AEO2026 Low Economic Growth,1.0329222327273277,Industrial
2040,res,5-5,MISE,Midcontinent / East,AEO2026 Low Economic Growth,1.1702067806448953,Residential
2040,res,5-6,MISS,Midcontinent / South,AEO2026 Low Economic Growth,1.1189879116288082,Residential
2040,res,5-3,MISW,Midcontinent / West,AEO2026 Low Economic Growth,1.111344592806743,Residential
2040,res,5-8,NYCW,Northeast Power Coordinating Council / New York City and Long Island,AEO2026 Low Economic Growth,1.2021574462846816,Residential
2040,trans,5-12,PJMC,PJM / Commonwealth Edison,AEO2026 Low Economic Growth,0.9009810381433486,Transportation
2040,trans,5-9,NYUP,Northeast Power Coordinating Council / Upstate New York,AEO2026 Low Economic Growth,1.1109044575649814,Transportation
2040,trans,5-7,ISNE,Northeast Power Coordinating Council / New England,AEO2026 Low Economic Growth,1.2691386006539882,Transportation
2040,trans,5-8,NYCW,Northeast Power Coordinating Council / New York City and Long Island,AEO2026 Low Economic Growth,1.1109039814389756,Transportation
2040,trans,5-3,MISW,Midcontinent / West,AEO2026 Low Economic Growth,0.9767688088462393,Transportation
2040,trans,5-6,MISS,Midcontinent / South,AEO2026 Low Economic Growth,1.6967362540429287,Transportation
2040,trans,5-5,MISE,Midcontinent / East,AEO2026 Low Economic Growth,0.9009840998944705,Transportation
2040,trans,5-4,MISC,Midcontinent / Central,AEO2026 Low Economic Growth,0.9212951122477977,Transportation
2040,trans,5-2,FRCC,Florida Reliability Coordinating Council,AEO2026 Low Economic Growth,1.1887293294835863,Transportation
2040,res,5-23,NWPP,Western Electricity Coordinating Council / Northwest Power Pool Area,AEO2026 Low Economic Growth,1.2488704699982727,Residential
2040,res,5-20,SRSG,Western Electricity Coordinating Council / Southwest,AEO2026 Low Economic Growth,1.336492536769668,Residential
2040,res,5-24,RMRG,Western Electricity Coordinating Council / Rockies,AEO2026 Low Economic Growth,1.3354637895475279,Residential
2040,res,5-22,CASO,Western Electricity Coordinating Council / California South,AEO2026 Low Economic Growth,1.2332189616935245,Residential
2040,res,5-21,CANO,Western Electricity Coordinating Council / California North,AEO2026 Low Economic Growth,1.2332148992538077,Residential
2040,res,5-1,TRE,Texas Reliability Entity,AEO2026 Low Economic Growth,1.149740350534076,Residential
2040,res,5-17,SPPS,Southwest Power Pool / South,AEO2026 Low Economic Growth,1.1569134029997556,Residential
2040,res,5-19,SPPN,Southwest Power Pool / North,AEO2026 Low Economic Growth,1.0822008807370507,Residential
2040,res,5-18,SPPC,Southwest Power Pool / Central,AEO2026 Low Economic Growth,1.0779088295135417,Residential
2040,res,5-15,SRSE,SERC Reliability Corporation / Southeastern,AEO2026 Low Economic Growth,1.0862926578432,Residential
2040,res,5-14,SRCA,SERC Reliability Corporation / East,AEO2026 Low Economic Growth,1.1363725705086072,Residential
2040,res,5-16,SRCE,SERC Reliability Corporation / Central,AEO2026 Low Economic Growth,0.9744775942554067,Residential
2040,res,5-11,PJMW,PJM / West,AEO2026 Low Economic Growth,1.1462337464006134,Residential
2040,res,5-10,PJME,PJM / East,AEO2026 Low Economic Growth,1.1813075754129174,Residential
2040,res,5-13,PJMD,PJM / Dominion,AEO2026 Low Economic Growth,1.136372662584809,Residential
2040,res,5-12,PJMC,PJM / Commonwealth Edison,AEO2026 Low Economic Growth,1.170207355277476,Residential
2040,res,5-9,NYUP,Northeast Power Coordinating Council / Upstate New York,AEO2026 Low Economic Growth,1.2021575054396747,Residential
2040,res,5-7,ISNE,Northeast Power Coordinating Council / New England,AEO2026 Low Economic Growth,1.1825420440304324,Residential
2040,res,5-25,BASN,Western Electricity Coordinating Council / Basin,AEO2026 Low Economic Growth,1.3509380343507786,Residential
2041,ind,5-15,SRSE,SERC Reliability Corporation / Southeastern,AEO2026 Low Economic Growth,1.0462199343041936,Industrial
2041,ind,5-14,SRCA,SERC Reliability Corporation / East,AEO2026 Low Economic Growth,1.0408614300468995,Industrial
2041,ind,5-16,SRCE,SERC Reliability Corporation / Central,AEO2026 Low Economic Growth,1.0524154566801964,Industrial
2041,ind,5-11,PJMW,PJM / West,AEO2026 Low Economic Growth,0.9988279975824405,Industrial
2041,ind,5-10,PJME,PJM / East,AEO2026 Low Economic Growth,0.8848395297768223,Industrial
2041,ind,5-13,PJMD,PJM / Dominion,AEO2026 Low Economic Growth,1.0408613266831934,Industrial
2041,ind,5-12,PJMC,PJM / Commonwealth Edison,AEO2026 Low Economic Growth,1.0091661550037834,Industrial
2041,ind,5-9,NYUP,Northeast Power Coordinating Council / Upstate New York,AEO2026 Low Economic Growth,0.868806927143719,Industrial
2041,ind,5-7,ISNE,Northeast Power Coordinating Council / New England,AEO2026 Low Economic Growth,0.8572027270605644,Industrial
2041,ind,5-8,NYCW,Northeast Power Coordinating Council / New York City and Long Island,AEO2026 Low Economic Growth,0.8688065033065099,Industrial
2041,ind,5-3,MISW,Midcontinent / West,AEO2026 Low Economic Growth,0.9822039236676949,Industrial
2041,ind,5-6,MISS,Midcontinent / South,AEO2026 Low Economic Growth,1.0170761141425686,Industrial
2041,ind,5-5,MISE,Midcontinent / East,AEO2026 Low Economic Growth,1.0091662637404244,Industrial
2041,ind,5-4,MISC,Midcontinent / Central,AEO2026 Low Economic Growth,1.0078180629970284,Industrial
2041,ind,5-2,FRCC,Florida Reliability Coordinating Council,AEO2026 Low Economic Growth,1.0408614478960176,Industrial
2041,com,5-23,NWPP,Western Electricity Coordinating Council / Northwest Power Pool Area,AEO2026 Low Economic Growth,1.4334961963267487,Commercial
2041,com,5-20,SRSG,Western Electricity Coordinating Council / Southwest,AEO2026 Low Economic Growth,1.5998771976331942,Commercial
2041,com,5-24,RMRG,Western Electricity Coordinating Council / Rockies,AEO2026 Low Economic Growth,1.5955606963107078,Commercial
2041,com,5-22,CASO,Western Electricity Coordinating Council / California South,AEO2026 Low Economic Growth,1.4055375499869505,Commercial
2041,com,5-21,CANO,Western Electricity Coordinating Council / California North,AEO2026 Low Economic Growth,1.4055374423897067,Commercial
2041,com,5-25,BASN,Western Electricity Coordinating Council / Basin,AEO2026 Low Economic Growth,1.6238676403080914,Commercial
2041,com,5-1,TRE,Texas Reliability Entity,AEO2026 Low Economic Growth,1.4615646254328123,Commercial
2041,com,5-17,SPPS,Southwest Power Pool / South,AEO2026 Low Economic Growth,1.4734651191286459,Commercial
2041,com,5-19,SPPN,Southwest Power Pool / North,AEO2026 Low Economic Growth,1.1837182061835896,Commercial
2041,com,5-18,SPPC,Southwest Power Pool / Central,AEO2026 Low Economic Growth,1.1709495453672327,Commercial
2041,com,5-15,SRSE,SERC Reliability Corporation / Southeastern,AEO2026 Low Economic Growth,1.334139291059375,Commercial
2041,com,5-14,SRCA,SERC Reliability Corporation / East,AEO2026 Low Economic Growth,1.3960246407414758,Commercial
2041,ind,5-18,SPPC,Southwest Power Pool / Central,AEO2026 Low Economic Growth,0.9686681531248562,Industrial
2041,com,5-16,SRCE,SERC Reliability Corporation / Central,AEO2026 Low Economic Growth,1.1627316140731234,Commercial
2041,ind,5-19,SPPN,Southwest Power Pool / North,AEO2026 Low Economic Growth,0.9706814648902804,Industrial
2041,ind,5-1,TRE,Texas Reliability Entity,AEO2026 Low Economic Growth,1.0149371128528417,Industrial
2041,res,5-21,CANO,Western Electricity Coordinating Council / California North,AEO2026 Low Economic Growth,1.2413124294827622,Residential
2041,res,5-25,BASN,Western Electricity Coordinating Council / Basin,AEO2026 Low Economic Growth,1.3743844422325582,Residential
2041,res,5-1,TRE,Texas Reliability Entity,AEO2026 Low Economic Growth,1.1631608137399283,Residential
2041,res,5-17,SPPS,Southwest Power Pool / South,AEO2026 Low Economic Growth,1.1706942682557882,Residential
2041,res,5-19,SPPN,Southwest Power Pool / North,AEO2026 Low Economic Growth,1.09308413928717,Residential
2041,res,5-18,SPPC,Southwest Power Pool / Central,AEO2026 Low Economic Growth,1.088589322764672,Residential
2041,res,5-15,SRSE,SERC Reliability Corporation / Southeastern,AEO2026 Low Economic Growth,1.0958933795941777,Residential
2041,res,5-14,SRCA,SERC Reliability Corporation / East,AEO2026 Low Economic Growth,1.148303654545917,Residential
2041,res,5-16,SRCE,SERC Reliability Corporation / Central,AEO2026 Low Economic Growth,0.9788755337534756,Residential
2041,res,5-11,PJMW,PJM / West,AEO2026 Low Economic Growth,1.1592535862464493,Residential
2041,res,5-10,PJME,PJM / East,AEO2026 Low Economic Growth,1.1951538574944771,Residential
2041,res,5-13,PJMD,PJM / Dominion,AEO2026 Low Economic Growth,1.1483036494559296,Residential
2041,res,5-12,PJMC,PJM / Commonwealth Edison,AEO2026 Low Economic Growth,1.1849102296926675,Residential
2041,res,5-9,NYUP,Northeast Power Coordinating Council / Upstate New York,AEO2026 Low Economic Growth,1.2168924247914723,Residential
2041,res,5-7,ISNE,Northeast Power Coordinating Council / New England,AEO2026 Low Economic Growth,1.1973354114780466,Residential
2041,res,5-8,NYCW,Northeast Power Coordinating Council / New York City and Long Island,AEO2026 Low Economic Growth,1.2168925016258618,Residential
2041,res,5-3,MISW,Midcontinent / West,AEO2026 Low Economic Growth,1.1234825580273522,Residential
2041,res,5-6,MISS,Midcontinent / South,AEO2026 Low Economic Growth,1.130827354335316,Residential
2041,res,5-5,MISE,Midcontinent / East,AEO2026 Low Economic Growth,1.1849095019857272,Residential
2041,res,5-4,MISC,Midcontinent / Central,AEO2026 Low Economic Growth,1.1458404484480524,Residential
2041,res,5-2,FRCC,Florida Reliability Coordinating Council,AEO2026 Low Economic Growth,1.1483035949652027,Residential
2041,ind,5-23,NWPP,Western Electricity Coordinating Council / Northwest Power Pool Area,AEO2026 Low Economic Growth,1.093332953651534,Industrial
2041,ind,5-20,SRSG,Western Electricity Coordinating Council / Southwest,AEO2026 Low Economic Growth,1.1097005069298487,Industrial
2041,ind,5-24,RMRG,Western Electricity Coordinating Council / Rockies,AEO2026 Low Economic Growth,1.1058459324149168,Industrial
2041,ind,5-22,CASO,Western Electricity Coordinating Council / California South,AEO2026 Low Economic Growth,1.0893237153081532,Industrial
2041,ind,5-21,CANO,Western Electricity Coordinating Council / California North,AEO2026 Low Economic Growth,1.0893237705890044,Industrial
2041,ind,5-25,BASN,Western Electricity Coordinating Council / Basin,AEO2026 Low Economic Growth,1.11711303779479,Industrial
2041,ind,5-17,SPPS,Southwest Power Pool / South,AEO2026 Low Economic Growth,1.0284087463281986,Industrial
2041,com,5-11,PJMW,PJM / West,AEO2026 Low Economic Growth,1.2411226552766785,Commercial
2041,com,5-10,PJME,PJM / East,AEO2026 Low Economic Growth,1.3151146134821938,Commercial
2041,com,5-13,PJMD,PJM / Dominion,AEO2026 Low Economic Growth,1.3960246056792254,Commercial
2041,com,5-12,PJMC,PJM / Commonwealth Edison,AEO2026 Low Economic Growth,1.2007267287148107,Commercial
2041,com,5-9,NYUP,Northeast Power Coordinating Council / Upstate New York,AEO2026 Low Economic Growth,1.2664199478027605,Commercial
2041,com,5-7,ISNE,Northeast Power Coordinating Council / New England,AEO2026 Low Economic Growth,1.1715437898607106,Commercial
2041,com,5-8,NYCW,Northeast Power Coordinating Council / New York City and Long Island,AEO2026 Low Economic Growth,1.266419647561516,Commercial
2041,com,5-3,MISW,Midcontinent / West,AEO2026 Low Economic Growth,1.1816670610971345,Commercial
2041,com,5-6,MISS,Midcontinent / South,AEO2026 Low Economic Growth,1.4154554755293574,Commercial
2041,com,5-5,MISE,Midcontinent / East,AEO2026 Low Economic Growth,1.2007266838834316,Commercial
2041,com,5-4,MISC,Midcontinent / Central,AEO2026 Low Economic Growth,1.189804356877578,Commercial
2041,com,5-2,FRCC,Florida Reliability Coordinating Council,AEO2026 Low Economic Growth,1.3960247423942234,Commercial
2041,res,5-22,CASO,Western Electricity Coordinating Council / California South,AEO2026 Low Economic Growth,1.2413171819498838,Residential
2041,res,5-24,RMRG,Western Electricity Coordinating Council / Rockies,AEO2026 Low Economic Growth,1.3582665426883973,Residential
2041,res,5-20,SRSG,Western Electricity Coordinating Council / Southwest,AEO2026 Low Economic Growth,1.358916429667034,Residential
2041,res,5-23,NWPP,Western Electricity Coordinating Council / Northwest Power Pool Area,AEO2026 Low Economic Growth,1.2590091122148857,Residential
2041,trans,5-23,NWPP,Western Electricity Coordinating Council / Northwest Power Pool Area,AEO2026 Low Economic Growth,1.2726404927791168,Transportation
2041,trans,5-20,SRSG,Western Electricity Coordinating Council / Southwest,AEO2026 Low Economic Growth,1.539714867617108,Transportation
2041,trans,5-24,RMRG,Western Electricity Coordinating Council / Rockies,AEO2026 Low Economic Growth,1.5902229421160379,Transportation
2041,trans,5-22,CASO,Western Electricity Coordinating Council / California South,AEO2026 Low Economic Growth,1.2579293049492217,Transportation
2041,trans,5-21,CANO,Western Electricity Coordinating Council / California North,AEO2026 Low Economic Growth,1.2579269438817067,Transportation
2041,trans,5-25,BASN,Western Electricity Coordinating Council / Basin,AEO2026 Low Economic Growth,1.58759910312587,Transportation
2041,trans,5-1,TRE,Texas Reliability Entity,AEO2026 Low Economic Growth,1.7410204694674507,Transportation
2041,trans,5-17,SPPS,Southwest Power Pool / South,AEO2026 Low Economic Growth,1.7100825575267873,Transportation
2041,trans,5-19,SPPN,Southwest Power Pool / North,AEO2026 Low Economic Growth,1.3628658455833664,Transportation
2041,trans,5-18,SPPC,Southwest Power Pool / Central,AEO2026 Low Economic Growth,1.351711772286659,Transportation
2041,trans,5-15,SRSE,SERC Reliability Corporation / Southeastern,AEO2026 Low Economic Growth,1.1902327792282945,Transportation
2041,trans,5-14,SRCA,SERC Reliability Corporation / East,AEO2026 Low Economic Growth,1.190898388104824,Transportation
2041,trans,5-16,SRCE,SERC Reliability Corporation / Central,AEO2026 Low Economic Growth,1.1381608174144824,Transportation
2041,trans,5-11,PJMW,PJM / West,AEO2026 Low Economic Growth,1.0228555542142672,Transportation
2041,trans,5-10,PJME,PJM / East,AEO2026 Low Economic Growth,1.1158496146604362,Transportation
2041,trans,5-13,PJMD,PJM / Dominion,AEO2026 Low Economic Growth,1.1908939876970053,Transportation
2041,trans,5-12,PJMC,PJM / Commonwealth Edison,AEO2026 Low Economic Growth,0.9048560342212878,Transportation
2041,trans,5-9,NYUP,Northeast Power Coordinating Council / Upstate New York,AEO2026 Low Economic Growth,1.1127813545856364,Transportation
2041,trans,5-7,ISNE,Northeast Power Coordinating Council / New England,AEO2026 Low Economic Growth,1.271967827869659,Transportation
2041,trans,5-8,NYCW,Northeast Power Coordinating Council / New York City and Long Island,AEO2026 Low Economic Growth,1.1127805555900196,Transportation
2041,trans,5-3,MISW,Midcontinent / West,AEO2026 Low Economic Growth,0.982790945103528,Transportation
2041,trans,5-6,MISS,Midcontinent / South,AEO2026 Low Economic Growth,1.7357541899441342,Transportation
2041,trans,5-5,MISE,Midcontinent / East,AEO2026 Low Economic Growth,0.9048568788532131,Transportation
2041,trans,5-4,MISC,Midcontinent / Central,AEO2026 Low Economic Growth,0.9257423984086388,Transportation
2041,trans,5-2,FRCC,Florida Reliability Coordinating Council,AEO2026 Low Economic Growth,1.1909011625445585,Transportation
2042,ind,5-1,TRE,Texas Reliability Entity,AEO2026 Low Economic Growth,1.0205344145561968,Industrial
2042,ind,5-17,SPPS,Southwest Power Pool / South,AEO2026 Low Economic Growth,1.0354991480052624,Industrial
2042,ind,5-19,SPPN,Southwest Power Pool / North,AEO2026 Low Economic Growth,0.9763123153790875,Industrial
2042,ind,5-18,SPPC,Southwest Power Pool / Central,AEO2026 Low Economic Growth,0.9741436621045713,Industrial
2042,ind,5-15,SRSE,SERC Reliability Corporation / Southeastern,AEO2026 Low Economic Growth,1.0543655973433992,Industrial
2042,ind,5-14,SRCA,SERC Reliability Corporation / East,AEO2026 Low Economic Growth,1.0495070283841474,Industrial
2042,ind,5-16,SRCE,SERC Reliability Corporation / Central,AEO2026 Low Economic Growth,1.0599832755526586,Industrial
2042,ind,5-11,PJMW,PJM / West,AEO2026 Low Economic Growth,1.004705032224879,Industrial
2042,ind,5-10,PJME,PJM / East,AEO2026 Low Economic Growth,0.8838702936027533,Industrial
2042,ind,5-13,PJMD,PJM / Dominion,AEO2026 Low Economic Growth,1.0495070285485772,Industrial
2042,ind,5-12,PJMC,PJM / Commonwealth Edison,AEO2026 Low Economic Growth,1.015776816146822,Industrial
2042,ind,5-9,NYUP,Northeast Power Coordinating Council / Upstate New York,AEO2026 Low Economic Growth,0.8668497743715811,Industrial
2042,ind,5-7,ISNE,Northeast Power Coordinating Council / New England,AEO2026 Low Economic Growth,0.8551353516494612,Industrial
2042,ind,5-8,NYCW,Northeast Power Coordinating Council / New York City and Long Island,AEO2026 Low Economic Growth,0.8668498097299072,Industrial
2042,ind,5-3,MISW,Midcontinent / West,AEO2026 Low Economic Growth,0.9880589235469978,Industrial
2042,ind,5-6,MISS,Midcontinent / South,AEO2026 Low Economic Growth,1.0227848347596824,Industrial
2042,ind,5-5,MISE,Midcontinent / East,AEO2026 Low Economic Growth,1.0157768125835318,Industrial
2042,ind,5-4,MISC,Midcontinent / Central,AEO2026 Low Economic Growth,1.014364324160185,Industrial
2042,ind,5-2,FRCC,Florida Reliability Coordinating Council,AEO2026 Low Economic Growth,1.0495070765656445,Industrial
2042,com,5-23,NWPP,Western Electricity Coordinating Council / Northwest Power Pool Area,AEO2026 Low Economic Growth,1.461107915083314,Commercial
2042,com,5-20,SRSG,Western Electricity Coordinating Council / Southwest,AEO2026 Low Economic Growth,1.6456255417782506,Commercial
2042,com,5-24,RMRG,Western Electricity Coordinating Council / Rockies,AEO2026 Low Economic Growth,1.6422031314627734,Commercial
2042,com,5-22,CASO,Western Electricity Coordinating Council / California South,AEO2026 Low Economic Growth,1.430011901307153,Commercial
2042,com,5-21,CANO,Western Electricity Coordinating Council / California North,AEO2026 Low Economic Growth,1.4300116928430104,Commercial
2042,com,5-25,BASN,Western Electricity Coordinating Council / Basin,AEO2026 Low Economic Growth,1.6728420372358546,Commercial
2042,com,5-1,TRE,Texas Reliability Entity,AEO2026 Low Economic Growth,1.484955305195479,Commercial
2042,com,5-17,SPPS,Southwest Power Pool / South,AEO2026 Low Economic Growth,1.4987266749714698,Commercial
2042,ind,5-25,BASN,Western Electricity Coordinating Council / Basin,AEO2026 Low Economic Growth,1.1340557541252296,Industrial
2042,com,5-19,SPPN,Southwest Power Pool / North,AEO2026 Low Economic Growth,1.195819832965506,Commercial
2042,ind,5-21,CANO,Western Electricity Coordinating Council / California North,AEO2026 Low Economic Growth,1.1053747068394086,Industrial
2042,ind,5-24,RMRG,Western Electricity Coordinating Council / Rockies,AEO2026 Low Economic Growth,1.121907649519895,Industrial
2042,res,5-23,NWPP,Western Electricity Coordinating Council / Northwest Power Pool Area,AEO2026 Low Economic Growth,1.2679015081750211,Residential
2042,res,5-20,SRSG,Western Electricity Coordinating Council / Southwest,AEO2026 Low Economic Growth,1.382121809269892,Residential
2042,res,5-24,RMRG,Western Electricity Coordinating Council / Rockies,AEO2026 Low Economic Growth,1.3819849621149303,Residential
2042,res,5-22,CASO,Western Electricity Coordinating Council / California South,AEO2026 Low Economic Growth,1.2478378459245152,Residential
2042,res,5-21,CANO,Western Electricity Coordinating Council / California North,AEO2026 Low Economic Growth,1.247832546171053,Residential
2042,res,5-25,BASN,Western Electricity Coordinating Council / Basin,AEO2026 Low Economic Growth,1.3987427971972057,Residential
2042,res,5-1,TRE,Texas Reliability Entity,AEO2026 Low Economic Growth,1.1765276090285315,Residential
2042,res,5-17,SPPS,Southwest Power Pool / South,AEO2026 Low Economic Growth,1.1844563281535472,Residential
2042,res,5-19,SPPN,Southwest Power Pool / North,AEO2026 Low Economic Growth,1.104614115183947,Residential
2042,res,5-18,SPPC,Southwest Power Pool / Central,AEO2026 Low Economic Growth,1.0999111514463134,Residential
2042,res,5-15,SRSE,SERC Reliability Corporation / Southeastern,AEO2026 Low Economic Growth,1.105939808054231,Residential
2042,res,5-14,SRCA,SERC Reliability Corporation / East,AEO2026 Low Economic Growth,1.160353559356111,Residential
2042,res,5-16,SRCE,SERC Reliability Corporation / Central,AEO2026 Low Economic Growth,0.9844488153515744,Residential
2042,res,5-11,PJMW,PJM / West,AEO2026 Low Economic Growth,1.1718791027837483,Residential
2042,res,5-10,PJME,PJM / East,AEO2026 Low Economic Growth,1.2072267701406616,Residential
2042,res,5-13,PJMD,PJM / Dominion,AEO2026 Low Economic Growth,1.1603536142448971,Residential
2042,res,5-12,PJMC,PJM / Commonwealth Edison,AEO2026 Low Economic Growth,1.1992394758455696,Residential
2042,res,5-9,NYUP,Northeast Power Coordinating Council / Upstate New York,AEO2026 Low Economic Growth,1.2289759637693873,Residential
2042,res,5-7,ISNE,Northeast Power Coordinating Council / New England,AEO2026 Low Economic Growth,1.208190305154798,Residential
2042,res,5-8,NYCW,Northeast Power Coordinating Council / New York City and Long Island,AEO2026 Low Economic Growth,1.2289759447340474,Residential
2042,res,5-3,MISW,Midcontinent / West,AEO2026 Low Economic Growth,1.1358939503652001,Residential
2042,res,5-6,MISS,Midcontinent / South,AEO2026 Low Economic Growth,1.1428285534932128,Residential
2042,res,5-5,MISE,Midcontinent / East,AEO2026 Low Economic Growth,1.1992387354970775,Residential
2042,res,5-4,MISC,Midcontinent / Central,AEO2026 Low Economic Growth,1.1588994221306819,Residential
2042,res,5-2,FRCC,Florida Reliability Coordinating Council,AEO2026 Low Economic Growth,1.1603534330722585,Residential
2042,ind,5-23,NWPP,Western Electricity Coordinating Council / Northwest Power Pool Area,AEO2026 Low Economic Growth,1.109512333560872,Industrial
2042,ind,5-20,SRSG,Western Electricity Coordinating Council / Southwest,AEO2026 Low Economic Growth,1.1259786969871304,Industrial
2042,ind,5-22,CASO,Western Electricity Coordinating Council / California South,AEO2026 Low Economic Growth,1.1053745251186091,Industrial
2042,com,5-18,SPPC,Southwest Power Pool / Central,AEO2026 Low Economic Growth,1.1819645472954445,Commercial
2042,com,5-15,SRSE,SERC Reliability Corporation / Southeastern,AEO2026 Low Economic Growth,1.357241561821163,Commercial
2042,com,5-14,SRCA,SERC Reliability Corporation / East,AEO2026 Low Economic Growth,1.4232590172372668,Commercial
2042,com,5-16,SRCE,SERC Reliability Corporation / Central,AEO2026 Low Economic Growth,1.1743888498670512,Commercial
2042,com,5-11,PJMW,PJM / West,AEO2026 Low Economic Growth,1.2575014561716717,Commercial
2042,com,5-10,PJME,PJM / East,AEO2026 Low Economic Growth,1.3364717289109893,Commercial
2042,com,5-13,PJMD,PJM / Dominion,AEO2026 Low Economic Growth,1.4232592631224854,Commercial
2042,com,5-12,PJMC,PJM / Commonwealth Edison,AEO2026 Low Economic Growth,1.2142599699389185,Commercial
2042,com,5-9,NYUP,Northeast Power Coordinating Council / Upstate New York,AEO2026 Low Economic Growth,1.2842397267836638,Commercial
2042,com,5-7,ISNE,Northeast Power Coordinating Council / New England,AEO2026 Low Economic Growth,1.1743991165142884,Commercial
2042,com,5-8,NYCW,Northeast Power Coordinating Council / New York City and Long Island,AEO2026 Low Economic Growth,1.284239583661394,Commercial
2042,com,5-3,MISW,Midcontinent / West,AEO2026 Low Economic Growth,1.193598598200156,Commercial
2042,com,5-6,MISS,Midcontinent / South,AEO2026 Low Economic Growth,1.4370238626898153,Commercial
2042,com,5-5,MISE,Midcontinent / East,AEO2026 Low Economic Growth,1.2142599052737462,Commercial
2042,com,5-4,MISC,Midcontinent / Central,AEO2026 Low Economic Growth,1.2024411099731833,Commercial
2042,com,5-2,FRCC,Florida Reliability Coordinating Council,AEO2026 Low Economic Growth,1.4232591667279222,Commercial
2042,trans,5-2,FRCC,Florida Reliability Coordinating Council,AEO2026 Low Economic Growth,1.1971245438303855,Transportation
2042,trans,5-4,MISC,Midcontinent / Central,AEO2026 Low Economic Growth,0.9275007104290992,Transportation
2042,trans,5-6,MISS,Midcontinent / South,AEO2026 Low Economic Growth,1.7710967362540428,Transportation
2042,trans,5-23,NWPP,Western Electricity Coordinating Council / Northwest Power Pool Area,AEO2026 Low Economic Growth,1.286881136850068,Transportation
2042,trans,5-20,SRSG,Western Electricity Coordinating Council / Southwest,AEO2026 Low Economic Growth,1.5654921110102322,Transportation
2042,trans,5-24,RMRG,Western Electricity Coordinating Council / Rockies,AEO2026 Low Economic Growth,1.618186317518166,Transportation
2042,trans,5-22,CASO,Western Electricity Coordinating Council / California South,AEO2026 Low Economic Growth,1.2715376226826607,Transportation
2042,trans,5-21,CANO,Western Electricity Coordinating Council / California North,AEO2026 Low Economic Growth,1.27153150518995,Transportation
2042,trans,5-25,BASN,Western Electricity Coordinating Council / Basin,AEO2026 Low Economic Growth,1.6154285798027461,Transportation
2042,trans,5-1,TRE,Texas Reliability Entity,AEO2026 Low Economic Growth,1.7766382010899884,Transportation
2042,trans,5-17,SPPS,Southwest Power Pool / South,AEO2026 Low Economic Growth,1.7441009426781429,Transportation
2042,trans,5-19,SPPN,Southwest Power Pool / North,AEO2026 Low Economic Growth,1.3822672493709443,Transportation
2042,trans,5-18,SPPC,Southwest Power Pool / Central,AEO2026 Low Economic Growth,1.3706505295007567,Transportation
2042,trans,5-15,SRSE,SERC Reliability Corporation / Southeastern,AEO2026 Low Economic Growth,1.196439766049642,Transportation
2042,trans,5-14,SRCA,SERC Reliability Corporation / East,AEO2026 Low Economic Growth,1.1971240728090193,Transportation
2042,trans,5-16,SRCE,SERC Reliability Corporation / Central,AEO2026 Low Economic Growth,1.1430475344291426,Transportation
2042,trans,5-11,PJMW,PJM / West,AEO2026 Low Economic Growth,1.024955280225629,Transportation
2042,trans,5-10,PJME,PJM / East,AEO2026 Low Economic Growth,1.1186227309505477,Transportation
2042,trans,5-13,PJMD,PJM / Dominion,AEO2026 Low Economic Growth,1.1971173274662117,Transportation
2042,trans,5-12,PJMC,PJM / Commonwealth Edison,AEO2026 Low Economic Growth,0.9057711817430684,Transportation
2042,trans,5-9,NYUP,Northeast Power Coordinating Council / Upstate New York,AEO2026 Low Economic Growth,1.1154134605190655,Transportation
2042,trans,5-7,ISNE,Northeast Power Coordinating Council / New England,AEO2026 Low Economic Growth,1.277075389658171,Transportation
2042,trans,5-8,NYCW,Northeast Power Coordinating Council / New York City and Long Island,AEO2026 Low Economic Growth,1.1154124120646658,Transportation
2042,trans,5-3,MISW,Midcontinent / West,AEO2026 Low Economic Growth,0.986845299273315,Transportation
2042,trans,5-5,MISE,Midcontinent / East,AEO2026 Low Economic Growth,0.9057758433518978,Transportation
2043,ind,5-11,PJMW,PJM / West,AEO2026 Low Economic Growth,1.005545803708838,Industrial
2043,ind,5-10,PJME,PJM / East,AEO2026 Low Economic Growth,0.8794091906442565,Industrial
2043,ind,5-13,PJMD,PJM / Dominion,AEO2026 Low Economic Growth,1.0541640424398042,Industrial
2043,ind,5-12,PJMC,PJM / Commonwealth Edison,AEO2026 Low Economic Growth,1.0164265813879654,Industrial
2043,ind,5-9,NYUP,Northeast Power Coordinating Council / Upstate New York,AEO2026 Low Economic Growth,0.8614517072475624,Industrial
2043,ind,5-7,ISNE,Northeast Power Coordinating Council / New England,AEO2026 Low Economic Growth,0.8492816059135967,Industrial
2043,ind,5-16,SRCE,SERC Reliability Corporation / Central,AEO2026 Low Economic Growth,1.0639022581321305,Industrial
2043,ind,5-8,NYCW,Northeast Power Coordinating Council / New York City and Long Island,AEO2026 Low Economic Growth,0.8614505448938072,Industrial
2043,ind,5-6,MISS,Midcontinent / South,AEO2026 Low Economic Growth,1.0262770854219396,Industrial
2043,ind,5-5,MISE,Midcontinent / East,AEO2026 Low Economic Growth,1.0164265719494257,Industrial
2043,ind,5-4,MISC,Midcontinent / Central,AEO2026 Low Economic Growth,1.0152433339899618,Industrial
2043,ind,5-2,FRCC,Florida Reliability Coordinating Council,AEO2026 Low Economic Growth,1.0541639946894377,Industrial
2043,com,5-23,NWPP,Western Electricity Coordinating Council / Northwest Power Pool Area,AEO2026 Low Economic Growth,1.4860816554356486,Commercial
2043,com,5-20,SRSG,Western Electricity Coordinating Council / Southwest,AEO2026 Low Economic Growth,1.6896598179059614,Commercial
2043,ind,5-3,MISW,Midcontinent / West,AEO2026 Low Economic Growth,0.9882241664617538,Industrial
2043,com,5-24,RMRG,Western Electricity Coordinating Council / Rockies,AEO2026 Low Economic Growth,1.6871901310852035,Commercial
2043,ind,5-14,SRCA,SERC Reliability Corporation / East,AEO2026 Low Economic Growth,1.0541639901622044,Industrial
2043,ind,5-18,SPPC,Southwest Power Pool / Central,AEO2026 Low Economic Growth,0.9740655761528441,Industrial
2043,res,5-6,MISS,Midcontinent / South,AEO2026 Low Economic Growth,1.1544368403437022,Residential
2043,res,5-5,MISE,Midcontinent / East,AEO2026 Low Economic Growth,1.212609186962622,Residential
2043,res,5-4,MISC,Midcontinent / Central,AEO2026 Low Economic Growth,1.1712969606876764,Residential
2043,res,5-2,FRCC,Florida Reliability Coordinating Council,AEO2026 Low Economic Growth,1.1711952584389553,Residential
2043,ind,5-23,NWPP,Western Electricity Coordinating Council / Northwest Power Pool Area,AEO2026 Low Economic Growth,1.1206087117927137,Industrial
2043,ind,5-15,SRSE,SERC Reliability Corporation / Southeastern,AEO2026 Low Economic Growth,1.0586804456414463,Industrial
2043,ind,5-20,SRSG,Western Electricity Coordinating Council / Southwest,AEO2026 Low Economic Growth,1.1372964100423288,Industrial
2043,ind,5-22,CASO,Western Electricity Coordinating Council / California South,AEO2026 Low Economic Growth,1.1163487319694059,Industrial
2043,ind,5-21,CANO,Western Electricity Coordinating Council / California North,AEO2026 Low Economic Growth,1.1163488910889345,Industrial
2043,ind,5-25,BASN,Western Electricity Coordinating Council / Basin,AEO2026 Low Economic Growth,1.1458764254049676,Industrial
2043,ind,5-1,TRE,Texas Reliability Entity,AEO2026 Low Economic Growth,1.0240013676510082,Industrial
2043,ind,5-17,SPPS,Southwest Power Pool / South,AEO2026 Low Economic Growth,1.0400658916882624,Industrial
2043,ind,5-19,SPPN,Southwest Power Pool / North,AEO2026 Low Economic Growth,0.9763952486944608,Industrial
2043,ind,5-24,RMRG,Western Electricity Coordinating Council / Rockies,AEO2026 Low Economic Growth,1.1328134219541945,Industrial
2043,com,5-22,CASO,Western Electricity Coordinating Council / California South,AEO2026 Low Economic Growth,1.4517060000731208,Commercial
2043,com,5-25,BASN,Western Electricity Coordinating Council / Basin,AEO2026 Low Economic Growth,1.7201465142377563,Commercial
2043,com,5-2,FRCC,Florida Reliability Coordinating Council,AEO2026 Low Economic Growth,1.4488300930956097,Commercial
2043,com,5-4,MISC,Midcontinent / Central,AEO2026 Low Economic Growth,1.213310743281029,Commercial
2043,com,5-21,CANO,Western Electricity Coordinating Council / California North,AEO2026 Low Economic Growth,1.451705940054725,Commercial
2043,com,5-5,MISE,Midcontinent / East,AEO2026 Low Economic Growth,1.2259058108175953,Commercial
2043,com,5-3,MISW,Midcontinent / West,AEO2026 Low Economic Growth,1.2038511467199893,Commercial
2043,com,5-1,TRE,Texas Reliability Entity,AEO2026 Low Economic Growth,1.5069257508919647,Commercial
2043,com,5-17,SPPS,Southwest Power Pool / South,AEO2026 Low Economic Growth,1.5225505721724766,Commercial
2043,com,5-19,SPPN,Southwest Power Pool / North,AEO2026 Low Economic Growth,1.206361448751461,Commercial
2043,com,5-18,SPPC,Southwest Power Pool / Central,AEO2026 Low Economic Growth,1.1914223831738888,Commercial
2043,com,5-15,SRSE,SERC Reliability Corporation / Southeastern,AEO2026 Low Economic Growth,1.3787575137316606,Commercial
2043,com,5-14,SRCA,SERC Reliability Corporation / East,AEO2026 Low Economic Growth,1.4488299723511149,Commercial
2043,com,5-6,MISS,Midcontinent / South,AEO2026 Low Economic Growth,1.4571801633114856,Commercial
2043,com,5-16,SRCE,SERC Reliability Corporation / Central,AEO2026 Low Economic Growth,1.1846739865346188,Commercial
2043,com,5-10,PJME,PJM / East,AEO2026 Low Economic Growth,1.3548144949707768,Commercial
2043,com,5-13,PJMD,PJM / Dominion,AEO2026 Low Economic Growth,1.4488298869415952,Commercial
2043,com,5-12,PJMC,PJM / Commonwealth Edison,AEO2026 Low Economic Growth,1.225905724232161,Commercial
2043,com,5-9,NYUP,Northeast Power Coordinating Council / Upstate New York,AEO2026 Low Economic Growth,1.2982323896501877,Commercial
2043,com,5-7,ISNE,Northeast Power Coordinating Council / New England,AEO2026 Low Economic Growth,1.1849335772207388,Commercial
2043,com,5-8,NYCW,Northeast Power Coordinating Council / New York City and Long Island,AEO2026 Low Economic Growth,1.2982321797981045,Commercial
2043,com,5-11,PJMW,PJM / West,AEO2026 Low Economic Growth,1.2718426381985821,Commercial
2043,res,5-3,MISW,Midcontinent / West,AEO2026 Low Economic Growth,1.1478400977875887,Residential
2043,res,5-8,NYCW,Northeast Power Coordinating Council / New York City and Long Island,AEO2026 Low Economic Growth,1.2387504115539265,Residential
2043,res,5-9,NYUP,Northeast Power Coordinating Council / Upstate New York,AEO2026 Low Economic Growth,1.2387504898576913,Residential
2043,res,5-7,ISNE,Northeast Power Coordinating Council / New England,AEO2026 Low Economic Growth,1.2170447364393087,Residential
2043,trans,5-23,NWPP,Western Electricity Coordinating Council / Northwest Power Pool Area,AEO2026 Low Economic Growth,1.301103769988383,Transportation
2043,trans,5-20,SRSG,Western Electricity Coordinating Council / Southwest,AEO2026 Low Economic Growth,1.5905577503496677,Transportation
2043,trans,5-24,RMRG,Western Electricity Coordinating Council / Rockies,AEO2026 Low Economic Growth,1.6454073024228926,Transportation
2043,trans,5-22,CASO,Western Electricity Coordinating Council / California South,AEO2026 Low Economic Growth,1.2851601490485542,Transportation
2043,trans,5-21,CANO,Western Electricity Coordinating Council / California North,AEO2026 Low Economic Growth,1.2851527745869968,Transportation
2043,trans,5-25,BASN,Western Electricity Coordinating Council / Basin,AEO2026 Low Economic Growth,1.6425106613713967,Transportation
2043,trans,5-1,TRE,Texas Reliability Entity,AEO2026 Low Economic Growth,1.8062266660944943,Transportation
2043,trans,5-17,SPPS,Southwest Power Pool / South,AEO2026 Low Economic Growth,1.7732302828034427,Transportation
2043,trans,5-18,SPPC,Southwest Power Pool / Central,AEO2026 Low Economic Growth,1.3893651594105452,Transportation
2043,res,5-22,CASO,Western Electricity Coordinating Council / California South,AEO2026 Low Economic Growth,1.2533588270172173,Residential
2043,res,5-21,CANO,Western Electricity Coordinating Council / California North,AEO2026 Low Economic Growth,1.2533528371550584,Residential
2043,res,5-25,BASN,Western Electricity Coordinating Council / Basin,AEO2026 Low Economic Growth,1.422185904908601,Residential
2043,res,5-1,TRE,Texas Reliability Entity,AEO2026 Low Economic Growth,1.1894291582594743,Residential
2043,res,5-17,SPPS,Southwest Power Pool / South,AEO2026 Low Economic Growth,1.1977373917936631,Residential
2043,res,5-19,SPPN,Southwest Power Pool / North,AEO2026 Low Economic Growth,1.115947800568117,Residential
2043,res,5-24,RMRG,Western Electricity Coordinating Council / Rockies,AEO2026 Low Economic Growth,1.4048330452699418,Residential
2043,res,5-18,SPPC,Southwest Power Pool / Central,AEO2026 Low Economic Growth,1.1110481826185978,Residential
2043,res,5-14,SRCA,SERC Reliability Corporation / East,AEO2026 Low Economic Growth,1.1711951124278044,Residential
2043,res,5-16,SRCE,SERC Reliability Corporation / Central,AEO2026 Low Economic Growth,0.9899584274721809,Residential
2043,res,5-11,PJMW,PJM / West,AEO2026 Low Economic Growth,1.183415707917718,Residential
2043,res,5-10,PJME,PJM / East,AEO2026 Low Economic Growth,1.2173393193890516,Residential
2043,res,5-13,PJMD,PJM / Dominion,AEO2026 Low Economic Growth,1.1711952234694705,Residential
2043,res,5-12,PJMC,PJM / Commonwealth Edison,AEO2026 Low Economic Growth,1.2126098903625666,Residential
2043,res,5-15,SRSE,SERC Reliability Corporation / Southeastern,AEO2026 Low Economic Growth,1.115131987330271,Residential
2043,trans,5-19,SPPN,Southwest Power Pool / North,AEO2026 Low Economic Growth,1.4013375711826248,Transportation
2043,res,5-20,SRSG,Western Electricity Coordinating Council / Southwest,AEO2026 Low Economic Growth,1.404433438386692,Residential
2043,trans,5-2,FRCC,Florida Reliability Coordinating Council,AEO2026 Low Economic Growth,1.2049609239392733,Transportation
2043,trans,5-15,SRSE,SERC Reliability Corporation / Southeastern,AEO2026 Low Economic Growth,1.2042450003100047,Transportation
2043,trans,5-14,SRCA,SERC Reliability Corporation / East,AEO2026 Low Economic Growth,1.2049582612655825,Transportation
2043,trans,5-16,SRCE,SERC Reliability Corporation / Central,AEO2026 Low Economic Growth,1.148600621945802,Transportation
2043,trans,5-11,PJMW,PJM / West,AEO2026 Low Economic Growth,1.0260917173003035,Transportation
2043,trans,5-10,PJME,PJM / East,AEO2026 Low Economic Growth,1.120503418888118,Transportation
2043,trans,5-13,PJMD,PJM / Dominion,AEO2026 Low Economic Growth,1.2049571191235238,Transportation
2043,res,5-23,NWPP,Western Electricity Coordinating Council / Northwest Power Pool Area,AEO2026 Low Economic Growth,1.275805194523495,Residential
2043,trans,5-12,PJMC,PJM / Commonwealth Edison,AEO2026 Low Economic Growth,0.9053632874190748,Transportation
2043,trans,5-7,ISNE,Northeast Power Coordinating Council / New England,AEO2026 Low Economic Growth,1.2816556684885472,Transportation
2043,trans,5-8,NYCW,Northeast Power Coordinating Council / New York City and Long Island,AEO2026 Low Economic Growth,1.117050149505577,Transportation
2043,trans,5-3,MISW,Midcontinent / West,AEO2026 Low Economic Growth,0.9897685661014672,Transportation
2043,trans,5-6,MISS,Midcontinent / South,AEO2026 Low Economic Growth,1.800470449867686,Transportation
2043,trans,5-5,MISE,Midcontinent / East,AEO2026 Low Economic Growth,0.9053618044019409,Transportation
2043,trans,5-4,MISC,Midcontinent / Central,AEO2026 Low Economic Growth,0.9279802500710429,Transportation
2043,trans,5-9,NYUP,Northeast Power Coordinating Council / Upstate New York,AEO2026 Low Economic Growth,1.1170508372086327,Transportation
2044,ind,5-25,BASN,Western Electricity Coordinating Council / Basin,AEO2026 Low Economic Growth,1.15694803078406,Industrial
2044,ind,5-21,CANO,Western Electricity Coordinating Council / California North,AEO2026 Low Economic Growth,1.126555758619311,Industrial
2044,ind,5-22,CASO,Western Electricity Coordinating Council / California South,AEO2026 Low Economic Growth,1.1265555291747813,Industrial
2044,ind,5-24,RMRG,Western Electricity Coordinating Council / Rockies,AEO2026 Low Economic Growth,1.1428331135229008,Industrial
2044,ind,5-20,SRSG,Western Electricity Coordinating Council / Southwest,AEO2026 Low Economic Growth,1.1479690865271943,Industrial
2044,ind,5-23,NWPP,Western Electricity Coordinating Council / Northwest Power Pool Area,AEO2026 Low Economic Growth,1.130940381840178,Industrial
2044,res,5-2,FRCC,Florida Reliability Coordinating Council,AEO2026 Low Economic Growth,1.1811077928925706,Residential
2044,res,5-4,MISC,Midcontinent / Central,AEO2026 Low Economic Growth,1.1822619917788495,Residential
2044,res,5-5,MISE,Midcontinent / East,AEO2026 Low Economic Growth,1.224186015732085,Residential
2044,res,5-6,MISS,Midcontinent / South,AEO2026 Low Economic Growth,1.1651732632715235,Residential
2044,ind,5-1,TRE,Texas Reliability Entity,AEO2026 Low Economic Growth,1.028713354524654,Industrial
2044,res,5-3,MISW,Midcontinent / West,AEO2026 Low Economic Growth,1.158588326307443,Residential
2044,res,5-7,ISNE,Northeast Power Coordinating Council / New England,AEO2026 Low Economic Growth,1.2247584914024279,Residential
2044,res,5-9,NYUP,Northeast Power Coordinating Council / Upstate New York,AEO2026 Low Economic Growth,1.247349321049497,Residential
2044,res,5-12,PJMC,PJM / Commonwealth Edison,AEO2026 Low Economic Growth,1.224186772536816,Residential
2044,res,5-13,PJMD,PJM / Dominion,AEO2026 Low Economic Growth,1.181107766042416,Residential
2044,res,5-10,PJME,PJM / East,AEO2026 Low Economic Growth,1.226354566758393,Residential
2044,res,5-11,PJMW,PJM / West,AEO2026 Low Economic Growth,1.1935487774717601,Residential
2044,res,5-16,SRCE,SERC Reliability Corporation / Central,AEO2026 Low Economic Growth,0.9948684637550556,Residential
2044,res,5-14,SRCA,SERC Reliability Corporation / East,AEO2026 Low Economic Growth,1.181107612648046,Residential
2044,res,5-15,SRSE,SERC Reliability Corporation / Southeastern,AEO2026 Low Economic Growth,1.123497088090348,Residential
2044,res,5-18,SPPC,Southwest Power Pool / Central,AEO2026 Low Economic Growth,1.121326618530202,Residential
2044,res,5-8,NYCW,Northeast Power Coordinating Council / New York City and Long Island,AEO2026 Low Economic Growth,1.2473493647496205,Residential
2044,ind,5-17,SPPS,Southwest Power Pool / South,AEO2026 Low Economic Growth,1.0456152417672067,Industrial
2044,ind,5-19,SPPN,Southwest Power Pool / North,AEO2026 Low Economic Growth,0.9739844775329399,Industrial
2044,ind,5-18,SPPC,Southwest Power Pool / Central,AEO2026 Low Economic Growth,0.9714694160153947,Industrial
2044,com,5-17,SPPS,Southwest Power Pool / South,AEO2026 Low Economic Growth,1.5451370611947328,Commercial
2044,com,5-1,TRE,Texas Reliability Entity,AEO2026 Low Economic Growth,1.5277099835194787,Commercial
2044,com,5-25,BASN,Western Electricity Coordinating Council / Basin,AEO2026 Low Economic Growth,1.7655596118899457,Commercial
2044,com,5-21,CANO,Western Electricity Coordinating Council / California North,AEO2026 Low Economic Growth,1.4714336885936679,Commercial
2044,com,5-22,CASO,Western Electricity Coordinating Council / California South,AEO2026 Low Economic Growth,1.4714338380502194,Commercial
2044,com,5-24,RMRG,Western Electricity Coordinating Council / Rockies,AEO2026 Low Economic Growth,1.7303096652530625,Commercial
2044,com,5-20,SRSG,Western Electricity Coordinating Council / Southwest,AEO2026 Low Economic Growth,1.7318494844123575,Commercial
2044,com,5-23,NWPP,Western Electricity Coordinating Council / Northwest Power Pool Area,AEO2026 Low Economic Growth,1.509098787626971,Commercial
2044,ind,5-2,FRCC,Florida Reliability Coordinating Council,AEO2026 Low Economic Growth,1.0591947458873487,Industrial
2044,ind,5-4,MISC,Midcontinent / Central,AEO2026 Low Economic Growth,1.0132591642699944,Industrial
2044,ind,5-5,MISE,Midcontinent / East,AEO2026 Low Economic Growth,1.013662671350146,Industrial
2044,ind,5-6,MISS,Midcontinent / South,AEO2026 Low Economic Growth,1.03098604408616,Industrial
2044,ind,5-3,MISW,Midcontinent / West,AEO2026 Low Economic Growth,0.9855719435226209,Industrial
2044,ind,5-8,NYCW,Northeast Power Coordinating Council / New York City and Long Island,AEO2026 Low Economic Growth,0.8545135694323861,Industrial
2044,ind,5-7,ISNE,Northeast Power Coordinating Council / New England,AEO2026 Low Economic Growth,0.8420643961024021,Industrial
2044,ind,5-9,NYUP,Northeast Power Coordinating Council / Upstate New York,AEO2026 Low Economic Growth,0.8545127053936078,Industrial
2044,ind,5-12,PJMC,PJM / Commonwealth Edison,AEO2026 Low Economic Growth,1.013662692712755,Industrial
2044,ind,5-13,PJMD,PJM / Dominion,AEO2026 Low Economic Growth,1.0591947571847704,Industrial
2044,ind,5-10,PJME,PJM / East,AEO2026 Low Economic Growth,0.8735855568400971,Industrial
2044,ind,5-11,PJMW,PJM / West,AEO2026 Low Economic Growth,1.0043072508956394,Industrial
2044,ind,5-16,SRCE,SERC Reliability Corporation / Central,AEO2026 Low Economic Growth,1.0685635255959183,Industrial
2044,ind,5-14,SRCA,SERC Reliability Corporation / East,AEO2026 Low Economic Growth,1.059194735034361,Industrial
2044,ind,5-15,SRSE,SERC Reliability Corporation / Southeastern,AEO2026 Low Economic Growth,1.0635398502486644,Industrial
2044,res,5-19,SPPN,Southwest Power Pool / North,AEO2026 Low Economic Growth,1.126423008402209,Residential
2044,com,5-19,SPPN,Southwest Power Pool / North,AEO2026 Low Economic Growth,1.2153617128746053,Commercial
2044,res,5-17,SPPS,Southwest Power Pool / South,AEO2026 Low Economic Growth,1.2100907017958302,Residential
2044,res,5-25,BASN,Western Electricity Coordinating Council / Basin,AEO2026 Low Economic Growth,1.4447646574679336,Residential
2044,trans,5-24,RMRG,Western Electricity Coordinating Council / Rockies,AEO2026 Low Economic Growth,1.6721333603293516,Transportation
2044,trans,5-20,SRSG,Western Electricity Coordinating Council / Southwest,AEO2026 Low Economic Growth,1.6151939734498073,Transportation
2044,trans,5-23,NWPP,Western Electricity Coordinating Council / Northwest Power Pool Area,AEO2026 Low Economic Growth,1.3151012664687465,Transportation
2044,trans,5-22,CASO,Western Electricity Coordinating Council / California South,AEO2026 Low Economic Growth,1.2985659937695144,Transportation
2044,trans,5-21,CANO,Western Electricity Coordinating Council / California North,AEO2026 Low Economic Growth,1.2985610158517993,Transportation
2044,trans,5-25,BASN,Western Electricity Coordinating Council / Basin,AEO2026 Low Economic Growth,1.6691237891466504,Transportation
2044,trans,5-1,TRE,Texas Reliability Entity,AEO2026 Low Economic Growth,1.8358580440286658,Transportation
2044,res,5-21,CANO,Western Electricity Coordinating Council / California North,AEO2026 Low Economic Growth,1.2581049502170922,Residential
2044,res,5-22,CASO,Western Electricity Coordinating Council / California South,AEO2026 Low Economic Growth,1.2581114775103448,Residential
2044,res,5-24,RMRG,Western Electricity Coordinating Council / Rockies,AEO2026 Low Economic Growth,1.4268160193983057,Residential
2044,res,5-20,SRSG,Western Electricity Coordinating Council / Southwest,AEO2026 Low Economic Growth,1.4258799380244187,Residential
2044,res,5-23,NWPP,Western Electricity Coordinating Council / Northwest Power Pool Area,AEO2026 Low Economic Growth,1.2829280232916924,Residential
2044,trans,5-2,FRCC,Florida Reliability Coordinating Council,AEO2026 Low Economic Growth,1.2112266411522146,Transportation
2044,trans,5-4,MISC,Midcontinent / Central,AEO2026 Low Economic Growth,0.9294224211423701,Transportation
2044,trans,5-5,MISE,Midcontinent / East,AEO2026 Low Economic Growth,0.9060283061262616,Transportation
2044,trans,5-6,MISS,Midcontinent / South,AEO2026 Low Economic Growth,1.8299029697147897,Transportation
2044,trans,5-3,MISW,Midcontinent / West,AEO2026 Low Economic Growth,0.9933529250745019,Transportation
2044,trans,5-8,NYCW,Northeast Power Coordinating Council / New York City and Long Island,AEO2026 Low Economic Growth,1.1184568046749959,Transportation
2044,trans,5-7,ISNE,Northeast Power Coordinating Council / New England,AEO2026 Low Economic Growth,1.285736208992929,Transportation
2044,trans,5-9,NYUP,Northeast Power Coordinating Council / Upstate New York,AEO2026 Low Economic Growth,1.1184578555469897,Transportation
2044,trans,5-12,PJMC,PJM / Commonwealth Edison,AEO2026 Low Economic Growth,0.9060274230491668,Transportation
2044,trans,5-13,PJMD,PJM / Dominion,AEO2026 Low Economic Growth,1.2112163800457996,Transportation
2044,trans,5-10,PJME,PJM / East,AEO2026 Low Economic Growth,1.1221009690933386,Transportation
2044,trans,5-11,PJMW,PJM / West,AEO2026 Low Economic Growth,1.027502508818971,Transportation
2044,trans,5-16,SRCE,SERC Reliability Corporation / Central,AEO2026 Low Economic Growth,1.153487338960462,Transportation
2044,trans,5-14,SRCA,SERC Reliability Corporation / East,AEO2026 Low Economic Growth,1.2112227050963407,Transportation
2044,trans,5-15,SRSE,SERC Reliability Corporation / Southeastern,AEO2026 Low Economic Growth,1.2104933211168443,Transportation
2044,trans,5-18,SPPC,Southwest Power Pool / Central,AEO2026 Low Economic Growth,1.406735025494481,Transportation
2044,trans,5-19,SPPN,Southwest Power Pool / North,AEO2026 Low Economic Growth,1.4191497814858958,Transportation
2044,trans,5-17,SPPS,Southwest Power Pool / South,AEO2026 Low Economic Growth,1.802301071491305,Transportation
2044,res,5-1,TRE,Texas Reliability Entity,AEO2026 Low Economic Growth,1.2014008071051057,Residential
2044,com,5-18,SPPC,Southwest Power Pool / Central,AEO2026 Low Economic Growth,1.1993501466120857,Commercial
2044,com,5-14,SRCA,SERC Reliability Corporation / East,AEO2026 Low Economic Growth,1.4736877960853139,Commercial
2044,com,5-15,SRSE,SERC Reliability Corporation / Southeastern,AEO2026 Low Economic Growth,1.399463211070668,Commercial
2044,com,5-2,FRCC,Florida Reliability Coordinating Council,AEO2026 Low Economic Growth,1.473687636418362,Commercial
2044,com,5-4,MISC,Midcontinent / Central,AEO2026 Low Economic Growth,1.221735620598826,Commercial
2044,com,5-6,MISS,Midcontinent / South,AEO2026 Low Economic Growth,1.4761655757987222,Commercial
2044,com,5-3,MISW,Midcontinent / West,AEO2026 Low Economic Growth,1.2120447781830366,Commercial
2044,com,5-8,NYCW,Northeast Power Coordinating Council / New York City and Long Island,AEO2026 Low Economic Growth,1.3112546570655432,Commercial
2044,com,5-7,ISNE,Northeast Power Coordinating Council / New England,AEO2026 Low Economic Growth,1.1949930824011266,Commercial
2044,com,5-9,NYUP,Northeast Power Coordinating Council / Upstate New York,AEO2026 Low Economic Growth,1.311254673369455,Commercial
2044,com,5-12,PJMC,PJM / Commonwealth Edison,AEO2026 Low Economic Growth,1.2345902308925956,Commercial
2044,com,5-13,PJMD,PJM / Dominion,AEO2026 Low Economic Growth,1.4736877751800876,Commercial
2044,com,5-10,PJME,PJM / East,AEO2026 Low Economic Growth,1.372283593633365,Commercial
2044,com,5-11,PJMW,PJM / West,AEO2026 Low Economic Growth,1.2839712426897314,Commercial
2044,com,5-16,SRCE,SERC Reliability Corporation / Central,AEO2026 Low Economic Growth,1.1938789219283161,Commercial
2044,com,5-5,MISE,Midcontinent / East,AEO2026 Low Economic Growth,1.234590176629914,Commercial
2045,res,5-12,PJMC,PJM / Commonwealth Edison,AEO2026 Low Economic Growth,1.2335228803811633,Residential
2045,res,5-13,PJMD,PJM / Dominion,AEO2026 Low Economic Growth,1.1906531838218726,Residential
2045,res,5-10,PJME,PJM / East,AEO2026 Low Economic Growth,1.2339406915910187,Residential
2045,res,5-11,PJMW,PJM / West,AEO2026 Low Economic Growth,1.202026696996589,Residential
2045,res,5-16,SRCE,SERC Reliability Corporation / Central,AEO2026 Low Economic Growth,0.9989161052154685,Residential
2045,res,5-14,SRCA,SERC Reliability Corporation / East,AEO2026 Low Economic Growth,1.190653166678436,Residential
2045,res,5-15,SRSE,SERC Reliability Corporation / Southeastern,AEO2026 Low Economic Growth,1.1313419212645592,Residential
2045,res,5-18,SPPC,Southwest Power Pool / Central,AEO2026 Low Economic Growth,1.1307777523907447,Residential
2045,res,5-19,SPPN,Southwest Power Pool / North,AEO2026 Low Economic Growth,1.136050513295778,Residential
2045,res,5-17,SPPS,Southwest Power Pool / South,AEO2026 Low Economic Growth,1.2207381327157272,Residential
2045,res,5-1,TRE,Texas Reliability Entity,AEO2026 Low Economic Growth,1.211682701098297,Residential
2045,res,5-25,BASN,Western Electricity Coordinating Council / Basin,AEO2026 Low Economic Growth,1.4651992545899362,Residential
2045,res,5-21,CANO,Western Electricity Coordinating Council / California North,AEO2026 Low Economic Growth,1.2610934357083188,Residential
2045,res,5-22,CASO,Western Electricity Coordinating Council / California South,AEO2026 Low Economic Growth,1.2611007320426846,Residential
2045,res,5-24,RMRG,Western Electricity Coordinating Council / Rockies,AEO2026 Low Economic Growth,1.4467312914761972,Residential
2045,res,5-20,SRSG,Western Electricity Coordinating Council / Southwest,AEO2026 Low Economic Growth,1.4452187366513933,Residential
2045,res,5-23,NWPP,Western Electricity Coordinating Council / Northwest Power Pool Area,AEO2026 Low Economic Growth,1.2882365403246567,Residential
2045,trans,5-2,FRCC,Florida Reliability Coordinating Council,AEO2026 Low Economic Growth,1.2163958578528913,Transportation
2045,trans,5-4,MISC,Midcontinent / Central,AEO2026 Low Economic Growth,0.9314187269110542,Transportation
2045,res,5-9,NYUP,Northeast Power Coordinating Council / Upstate New York,AEO2026 Low Economic Growth,1.2540262521819276,Residential
2045,res,5-7,ISNE,Northeast Power Coordinating Council / New England,AEO2026 Low Economic Growth,1.2307250707962243,Residential
2045,res,5-8,NYCW,Northeast Power Coordinating Council / New York City and Long Island,AEO2026 Low Economic Growth,1.2540261860650364,Residential
2045,res,5-3,MISW,Midcontinent / West,AEO2026 Low Economic Growth,1.1679969264877434,Residential
2045,ind,5-13,PJMD,PJM / Dominion,AEO2026 Low Economic Growth,1.0640560707297226,Industrial
2045,ind,5-10,PJME,PJM / East,AEO2026 Low Economic Growth,0.8693880944871029,Industrial
2045,ind,5-11,PJMW,PJM / West,AEO2026 Low Economic Growth,1.004836846700666,Industrial
2045,ind,5-16,SRCE,SERC Reliability Corporation / Central,AEO2026 Low Economic Growth,1.0732335288585735,Industrial
2045,ind,5-14,SRCA,SERC Reliability Corporation / East,AEO2026 Low Economic Growth,1.0640561695092545,Industrial
2045,ind,5-15,SRSE,SERC Reliability Corporation / Southeastern,AEO2026 Low Economic Growth,1.0683122894838377,Industrial
2045,ind,5-18,SPPC,Southwest Power Pool / Central,AEO2026 Low Economic Growth,0.9708444458908991,Industrial
2045,ind,5-19,SPPN,Southwest Power Pool / North,AEO2026 Low Economic Growth,0.9735275402357718,Industrial
2045,ind,5-17,SPPS,Southwest Power Pool / South,AEO2026 Low Economic Growth,1.0507724802523433,Industrial
2045,trans,5-5,MISE,Midcontinent / East,AEO2026 Low Economic Growth,0.9073360632974667,Transportation
2045,ind,5-1,TRE,Texas Reliability Entity,AEO2026 Low Economic Growth,1.0328674467225534,Industrial
2045,ind,5-21,CANO,Western Electricity Coordinating Council / California North,AEO2026 Low Economic Growth,1.1383845386036848,Industrial
2045,ind,5-22,CASO,Western Electricity Coordinating Council / California South,AEO2026 Low Economic Growth,1.1383843413290506,Industrial
2045,ind,5-24,RMRG,Western Electricity Coordinating Council / Rockies,AEO2026 Low Economic Growth,1.1536527035047421,Industrial
2045,ind,5-20,SRSG,Western Electricity Coordinating Council / Southwest,AEO2026 Low Economic Growth,1.159350495434883,Industrial
2045,ind,5-23,NWPP,Western Electricity Coordinating Council / Northwest Power Pool Area,AEO2026 Low Economic Growth,1.1427622411640395,Industrial
2045,res,5-2,FRCC,Florida Reliability Coordinating Council,AEO2026 Low Economic Growth,1.1906530760600635,Residential
2045,res,5-4,MISC,Midcontinent / Central,AEO2026 Low Economic Growth,1.1915231588178525,Residential
2045,res,5-5,MISE,Midcontinent / East,AEO2026 Low Economic Growth,1.2335221023738674,Residential
2045,res,5-6,MISS,Midcontinent / South,AEO2026 Low Economic Growth,1.174362031614444,Residential
2045,ind,5-25,BASN,Western Electricity Coordinating Council / Basin,AEO2026 Low Economic Growth,1.1687292315380917,Industrial
2045,trans,5-6,MISS,Midcontinent / South,AEO2026 Low Economic Growth,1.858894442810938,Transportation
2045,trans,5-8,NYCW,Northeast Power Coordinating Council / New York City and Long Island,AEO2026 Low Economic Growth,1.119337708904577,Transportation
2045,trans,5-9,NYUP,Northeast Power Coordinating Council / Upstate New York,AEO2026 Low Economic Growth,1.1193374056152465,Transportation
2045,trans,5-12,PJMC,PJM / Commonwealth Edison,AEO2026 Low Economic Growth,0.9073347766517105,Transportation
2045,trans,5-13,PJMD,PJM / Dominion,AEO2026 Low Economic Growth,1.2163890260877372,Transportation
2045,trans,5-10,PJME,PJM / East,AEO2026 Low Economic Growth,1.1231496676943113,Transportation
2045,trans,5-11,PJMW,PJM / West,AEO2026 Low Economic Growth,1.0288852552166974,Transportation
2045,trans,5-16,SRCE,SERC Reliability Corporation / Central,AEO2026 Low Economic Growth,1.157707685473123,Transportation
2045,trans,5-14,SRCA,SERC Reliability Corporation / East,AEO2026 Low Economic Growth,1.2163970484925122,Transportation
2045,trans,5-15,SRSE,SERC Reliability Corporation / Southeastern,AEO2026 Low Economic Growth,1.2156531803057338,Transportation
2045,trans,5-3,MISW,Midcontinent / West,AEO2026 Low Economic Growth,0.9972265118609227,Transportation
2045,trans,5-18,SPPC,Southwest Power Pool / Central,AEO2026 Low Economic Growth,1.4227601277525637,Transportation
2045,trans,5-17,SPPS,Southwest Power Pool / South,AEO2026 Low Economic Growth,1.8307863458047893,Transportation
2045,trans,5-1,TRE,Texas Reliability Entity,AEO2026 Low Economic Growth,1.8650602926661803,Transportation
2045,trans,5-25,BASN,Western Electricity Coordinating Council / Basin,AEO2026 Low Economic Growth,1.6946378064686314,Transportation
2045,trans,5-21,CANO,Western Electricity Coordinating Council / California North,AEO2026 Low Economic Growth,1.3113343497420689,Transportation
2045,trans,5-22,CASO,Western Electricity Coordinating Council / California South,AEO2026 Low Economic Growth,1.311339554346243,Transportation
2045,trans,5-24,RMRG,Western Electricity Coordinating Council / Rockies,AEO2026 Low Economic Growth,1.6977345841488383,Transportation
2045,trans,5-20,SRSG,Western Electricity Coordinating Council / Southwest,AEO2026 Low Economic Growth,1.6388118666110472,Transportation
2045,trans,5-23,NWPP,Western Electricity Coordinating Council / Northwest Power Pool Area,AEO2026 Low Economic Growth,1.328441363907892,Transportation
2045,trans,5-19,SPPN,Southwest Power Pool / North,AEO2026 Low Economic Growth,1.435637663885578,Transportation
2045,ind,5-12,PJMC,PJM / Commonwealth Edison,AEO2026 Low Economic Growth,1.0135482503926634,Industrial
2045,ind,5-9,NYUP,Northeast Power Coordinating Council / Upstate New York,AEO2026 Low Economic Growth,0.8493842489092259,Industrial
2045,trans,5-7,ISNE,Northeast Power Coordinating Council / New England,AEO2026 Low Economic Growth,1.2890022153754135,Transportation
2045,ind,5-8,NYCW,Northeast Power Coordinating Council / New York City and Long Island,AEO2026 Low Economic Growth,0.8493864275440257,Industrial
2045,ind,5-7,ISNE,Northeast Power Coordinating Council / New England,AEO2026 Low Economic Growth,0.8364376736895593,Industrial
2045,com,5-4,MISC,Midcontinent / Central,AEO2026 Low Economic Growth,1.2283511257322197,Commercial
2045,com,5-5,MISE,Midcontinent / East,AEO2026 Low Economic Growth,1.2412122649643806,Commercial
2045,com,5-6,MISS,Midcontinent / South,AEO2026 Low Economic Growth,1.4939327391944073,Commercial
2045,com,5-3,MISW,Midcontinent / West,AEO2026 Low Economic Growth,1.2185945681910704,Commercial
2045,com,5-8,NYCW,Northeast Power Coordinating Council / New York City and Long Island,AEO2026 Low Economic Growth,1.3213380717894578,Commercial
2045,com,5-7,ISNE,Northeast Power Coordinating Council / New England,AEO2026 Low Economic Growth,1.203728240040937,Commercial
2045,com,5-9,NYUP,Northeast Power Coordinating Council / Upstate New York,AEO2026 Low Economic Growth,1.3213381288876047,Commercial
2045,com,5-12,PJMC,PJM / Commonwealth Edison,AEO2026 Low Economic Growth,1.2412121167568342,Commercial
2045,com,5-13,PJMD,PJM / Dominion,AEO2026 Low Economic Growth,1.4982210980233772,Commercial
2045,com,5-10,PJME,PJM / East,AEO2026 Low Economic Growth,1.3877961206142908,Commercial
2045,com,5-11,PJMW,PJM / West,AEO2026 Low Economic Growth,1.2943582830774776,Commercial
2045,com,5-16,SRCE,SERC Reliability Corporation / Central,AEO2026 Low Economic Growth,1.2027746458640105,Commercial
2045,com,5-14,SRCA,SERC Reliability Corporation / East,AEO2026 Low Economic Growth,1.4982208504657992,Commercial
2045,com,5-15,SRSE,SERC Reliability Corporation / Southeastern,AEO2026 Low Economic Growth,1.4198482242604538,Commercial
2045,com,5-18,SPPC,Southwest Power Pool / Central,AEO2026 Low Economic Growth,1.2058788400442615,Commercial
2045,com,5-19,SPPN,Southwest Power Pool / North,AEO2026 Low Economic Growth,1.2229400677532296,Commercial
2045,com,5-17,SPPS,Southwest Power Pool / South,AEO2026 Low Economic Growth,1.5662813576024226,Commercial
2045,com,5-1,TRE,Texas Reliability Entity,AEO2026 Low Economic Growth,1.5471115393134771,Commercial
2045,com,5-25,BASN,Western Electricity Coordinating Council / Basin,AEO2026 Low Economic Growth,1.8087723718605329,Commercial
2045,com,5-22,CASO,Western Electricity Coordinating Council / California South,AEO2026 Low Economic Growth,1.4889684388951678,Commercial
2045,com,5-24,RMRG,Western Electricity Coordinating Council / Rockies,AEO2026 Low Economic Growth,1.7712815783866656,Commercial
2045,com,5-20,SRSG,Western Electricity Coordinating Council / Southwest,AEO2026 Low Economic Growth,1.7718986441818618,Commercial
2045,com,5-23,NWPP,Western Electricity Coordinating Council / Northwest Power Pool Area,AEO2026 Low Economic Growth,1.5299214568489494,Commercial
2045,ind,5-2,FRCC,Florida Reliability Coordinating Council,AEO2026 Low Economic Growth,1.0640560382785569,Industrial
2045,ind,5-4,MISC,Midcontinent / Central,AEO2026 Low Economic Growth,1.013559603392174,Industrial
2045,ind,5-5,MISE,Midcontinent / East,AEO2026 Low Economic Growth,1.01354825229844,Industrial
2045,ind,5-6,MISS,Midcontinent / South,AEO2026 Low Economic Growth,1.0351692966947015,Industrial
2045,ind,5-3,MISW,Midcontinent / West,AEO2026 Low Economic Growth,0.9851175638642641,Industrial
2045,com,5-2,FRCC,Florida Reliability Coordinating Council,AEO2026 Low Economic Growth,1.4982210440005195,Commercial
2045,com,5-21,CANO,Western Electricity Coordinating Council / California North,AEO2026 Low Economic Growth,1.4889682236972608,Commercial
2046,trans,5-23,NWPP,Western Electricity Coordinating Council / Northwest Power Pool Area,AEO2026 Low Economic Growth,1.3410580222194872,Transportation
2046,trans,5-20,SRSG,Western Electricity Coordinating Council / Southwest,AEO2026 Low Economic Growth,1.6616077343999216,Transportation
2046,trans,5-22,CASO,Western Electricity Coordinating Council / California South,AEO2026 Low Economic Growth,1.3233955789840115,Transportation
2046,res,5-24,RMRG,Western Electricity Coordinating Council / Rockies,AEO2026 Low Economic Growth,1.4666146283549366,Residential
2046,res,5-20,SRSG,Western Electricity Coordinating Council / Southwest,AEO2026 Low Economic Growth,1.4645498451488475,Residential
2046,res,5-23,NWPP,Western Electricity Coordinating Council / Northwest Power Pool Area,AEO2026 Low Economic Growth,1.2942270425571711,Residential
2046,trans,5-2,FRCC,Florida Reliability Coordinating Council,AEO2026 Low Economic Growth,1.2194017086780184,Transportation
2046,trans,5-4,MISC,Midcontinent / Central,AEO2026 Low Economic Growth,0.934668940039784,Transportation
2046,trans,5-5,MISE,Midcontinent / East,AEO2026 Low Economic Growth,0.9100475134941353,Transportation
2046,trans,5-6,MISS,Midcontinent / South,AEO2026 Low Economic Growth,1.8890914436930315,Transportation
2046,trans,5-3,MISW,Midcontinent / West,AEO2026 Low Economic Growth,1.001952287740356,Transportation
2046,trans,5-8,NYCW,Northeast Power Coordinating Council / New York City and Long Island,AEO2026 Low Economic Growth,1.1197548977034455,Transportation
2046,trans,5-7,ISNE,Northeast Power Coordinating Council / New England,AEO2026 Low Economic Growth,1.2915127118477334,Transportation
2046,trans,5-9,NYUP,Northeast Power Coordinating Council / Upstate New York,AEO2026 Low Economic Growth,1.1197562389810831,Transportation
2046,trans,5-24,RMRG,Western Electricity Coordinating Council / Rockies,AEO2026 Low Economic Growth,1.7224134440170078,Transportation
2046,trans,5-12,PJMC,PJM / Commonwealth Edison,AEO2026 Low Economic Growth,0.9100436133161809,Transportation
2046,trans,5-10,PJME,PJM / East,AEO2026 Low Economic Growth,1.1236696610296848,Transportation
2046,trans,5-11,PJMW,PJM / West,AEO2026 Low Economic Growth,1.0305411367053323,Transportation
2046,trans,5-16,SRCE,SERC Reliability Corporation / Central,AEO2026 Low Economic Growth,1.1608174144824521,Transportation
2046,trans,5-14,SRCA,SERC Reliability Corporation / East,AEO2026 Low Economic Growth,1.2194008808011512,Transportation
2046,trans,5-15,SRSE,SERC Reliability Corporation / Southeastern,AEO2026 Low Economic Growth,1.218656783251469,Transportation
2046,trans,5-18,SPPC,Southwest Power Pool / Central,AEO2026 Low Economic Growth,1.4370482434022527,Transportation
2046,trans,5-19,SPPN,Southwest Power Pool / North,AEO2026 Low Economic Growth,1.4504039200105945,Transportation
2046,trans,5-17,SPPS,Southwest Power Pool / South,AEO2026 Low Economic Growth,1.860032788804965,Transportation
2046,trans,5-1,TRE,Texas Reliability Entity,AEO2026 Low Economic Growth,1.8954748315667511,Transportation
2046,trans,5-25,BASN,Western Electricity Coordinating Council / Basin,AEO2026 Low Economic Growth,1.7192578806219498,Transportation
2046,trans,5-21,CANO,Western Electricity Coordinating Council / California North,AEO2026 Low Economic Growth,1.3233892358137882,Transportation
2046,trans,5-13,PJMD,PJM / Dominion,AEO2026 Low Economic Growth,1.2193974226572672,Transportation
2046,res,5-22,CASO,Western Electricity Coordinating Council / California South,AEO2026 Low Economic Growth,1.2648828542241464,Residential
2046,res,5-21,CANO,Western Electricity Coordinating Council / California North,AEO2026 Low Economic Growth,1.2648749654130735,Residential
2046,res,5-25,BASN,Western Electricity Coordinating Council / Basin,AEO2026 Low Economic Growth,1.4855899362867366,Residential
2046,res,5-1,TRE,Texas Reliability Entity,AEO2026 Low Economic Growth,1.2220994231011382,Residential
2046,com,5-4,MISC,Midcontinent / Central,AEO2026 Low Economic Growth,1.2343824692391383,Commercial
2046,com,5-5,MISE,Midcontinent / East,AEO2026 Low Economic Growth,1.2477112992031962,Commercial
2046,com,5-6,MISS,Midcontinent / South,AEO2026 Low Economic Growth,1.5103793385098276,Commercial
2046,com,5-3,MISW,Midcontinent / West,AEO2026 Low Economic Growth,1.2242140005931934,Commercial
2046,com,5-8,NYCW,Northeast Power Coordinating Council / New York City and Long Island,AEO2026 Low Economic Growth,1.329183179569142,Commercial
2046,com,5-9,NYUP,Northeast Power Coordinating Council / Upstate New York,AEO2026 Low Economic Growth,1.329183379885983,Commercial
2046,com,5-12,PJMC,PJM / Commonwealth Edison,AEO2026 Low Economic Growth,1.2477112311603427,Commercial
2046,com,5-13,PJMD,PJM / Dominion,AEO2026 Low Economic Growth,1.5212802819543387,Commercial
2046,com,5-10,PJME,PJM / East,AEO2026 Low Economic Growth,1.4013574135409648,Commercial
2046,com,5-2,FRCC,Florida Reliability Coordinating Council,AEO2026 Low Economic Growth,1.521280246927686,Commercial
2046,com,5-11,PJMW,PJM / West,AEO2026 Low Economic Growth,1.3040349068021437,Commercial
2046,com,5-16,SRCE,SERC Reliability Corporation / Central,AEO2026 Low Economic Growth,1.2099009949502642,Commercial
2046,com,5-14,SRCA,SERC Reliability Corporation / East,AEO2026 Low Economic Growth,1.5212802235014393,Commercial
2046,com,5-15,SRSE,SERC Reliability Corporation / Southeastern,AEO2026 Low Economic Growth,1.438680906421482,Commercial
2046,ind,5-25,BASN,Western Electricity Coordinating Council / Basin,AEO2026 Low Economic Growth,1.1805230519342522,Industrial
2046,ind,5-21,CANO,Western Electricity Coordinating Council / California North,AEO2026 Low Economic Growth,1.1501321382613452,Industrial
2046,ind,5-22,CASO,Western Electricity Coordinating Council / California South,AEO2026 Low Economic Growth,1.1501320344328405,Industrial
2046,ind,5-24,RMRG,Western Electricity Coordinating Council / Rockies,AEO2026 Low Economic Growth,1.1645479601842676,Industrial
2046,ind,5-20,SRSG,Western Electricity Coordinating Council / Southwest,AEO2026 Low Economic Growth,1.1706305573702787,Industrial
2046,ind,5-23,NWPP,Western Electricity Coordinating Council / Northwest Power Pool Area,AEO2026 Low Economic Growth,1.1545166057920737,Industrial
2046,res,5-2,FRCC,Florida Reliability Coordinating Council,AEO2026 Low Economic Growth,1.200642808142963,Residential
2046,res,5-4,MISC,Midcontinent / Central,AEO2026 Low Economic Growth,1.2012543749081015,Residential
2046,res,5-5,MISE,Midcontinent / East,AEO2026 Low Economic Growth,1.243453588322139,Residential
2046,res,5-6,MISS,Midcontinent / South,AEO2026 Low Economic Growth,1.1836960122288451,Residential
2046,res,5-3,MISW,Midcontinent / West,AEO2026 Low Economic Growth,1.1777937542844519,Residential
2046,ind,5-1,TRE,Texas Reliability Entity,AEO2026 Low Economic Growth,1.0350140045282334,Industrial
2046,res,5-8,NYCW,Northeast Power Coordinating Council / New York City and Long Island,AEO2026 Low Economic Growth,1.2606622997714836,Residential
2046,res,5-9,NYUP,Northeast Power Coordinating Council / Upstate New York,AEO2026 Low Economic Growth,1.2606623003516773,Residential
2046,res,5-12,PJMC,PJM / Commonwealth Edison,AEO2026 Low Economic Growth,1.2434542813124643,Residential
2046,res,5-13,PJMD,PJM / Dominion,AEO2026 Low Economic Growth,1.200642827053847,Residential
2046,res,5-10,PJME,PJM / East,AEO2026 Low Economic Growth,1.2416396436424717,Residential
2046,res,5-11,PJMW,PJM / West,AEO2026 Low Economic Growth,1.210944348015268,Residential
2046,res,5-16,SRCE,SERC Reliability Corporation / Central,AEO2026 Low Economic Growth,1.003162677996861,Residential
2046,res,5-14,SRCA,SERC Reliability Corporation / East,AEO2026 Low Economic Growth,1.200642873121591,Residential
2046,res,5-15,SRSE,SERC Reliability Corporation / Southeastern,AEO2026 Low Economic Growth,1.1395550902408453,Residential
2046,res,5-18,SPPC,Southwest Power Pool / Central,AEO2026 Low Economic Growth,1.140498717114802,Residential
2046,res,5-19,SPPN,Southwest Power Pool / North,AEO2026 Low Economic Growth,1.1459431698937426,Residential
2046,res,5-17,SPPS,Southwest Power Pool / South,AEO2026 Low Economic Growth,1.2315136482659819,Residential
2046,res,5-7,ISNE,Northeast Power Coordinating Council / New England,AEO2026 Low Economic Growth,1.23766575067203,Residential
2046,ind,5-17,SPPS,Southwest Power Pool / South,AEO2026 Low Economic Growth,1.0541878802110336,Industrial
2046,ind,5-19,SPPN,Southwest Power Pool / North,AEO2026 Low Economic Growth,0.9738799876817607,Industrial
2046,ind,5-18,SPPC,Southwest Power Pool / Central,AEO2026 Low Economic Growth,0.971039943280896,Industrial
2046,com,5-18,SPPC,Southwest Power Pool / Central,AEO2026 Low Economic Growth,1.2110045977155521,Commercial
2046,com,5-19,SPPN,Southwest Power Pool / North,AEO2026 Low Economic Growth,1.2290901045586224,Commercial
2046,com,5-17,SPPS,Southwest Power Pool / South,AEO2026 Low Economic Growth,1.5861125651246222,Commercial
2046,com,5-1,TRE,Texas Reliability Entity,AEO2026 Low Economic Growth,1.5652748817254052,Commercial
2046,com,5-25,BASN,Western Electricity Coordinating Council / Basin,AEO2026 Low Economic Growth,1.8497171465029913,Commercial
2046,com,5-21,CANO,Western Electricity Coordinating Council / California North,AEO2026 Low Economic Growth,1.5041129663251696,Commercial
2046,com,5-22,CASO,Western Electricity Coordinating Council / California South,AEO2026 Low Economic Growth,1.5041132402087067,Commercial
2046,com,5-24,RMRG,Western Electricity Coordinating Council / Rockies,AEO2026 Low Economic Growth,1.8100430732945503,Commercial
2046,com,5-20,SRSG,Western Electricity Coordinating Council / Southwest,AEO2026 Low Economic Growth,1.809747459492014,Commercial
2046,com,5-23,NWPP,Western Electricity Coordinating Council / Northwest Power Pool Area,AEO2026 Low Economic Growth,1.5483702109738502,Commercial
2046,ind,5-2,FRCC,Florida Reliability Coordinating Council,AEO2026 Low Economic Growth,1.0677945518231964,Industrial
2046,ind,5-4,MISC,Midcontinent / Central,AEO2026 Low Economic Growth,1.0132528707581872,Industrial
2046,ind,5-5,MISE,Midcontinent / East,AEO2026 Low Economic Growth,1.0125801610895226,Industrial
2046,ind,5-6,MISS,Midcontinent / South,AEO2026 Low Economic Growth,1.0374163798484697,Industrial
2046,ind,5-3,MISW,Midcontinent / West,AEO2026 Low Economic Growth,0.9849242306768585,Industrial
2046,ind,5-8,NYCW,Northeast Power Coordinating Council / New York City and Long Island,AEO2026 Low Economic Growth,0.8442420080081896,Industrial
2046,ind,5-7,ISNE,Northeast Power Coordinating Council / New England,AEO2026 Low Economic Growth,0.8312753923997835,Industrial
2046,ind,5-9,NYUP,Northeast Power Coordinating Council / Upstate New York,AEO2026 Low Economic Growth,0.8442398487141147,Industrial
2046,ind,5-12,PJMC,PJM / Commonwealth Edison,AEO2026 Low Economic Growth,1.0125801585758663,Industrial
2046,ind,5-13,PJMD,PJM / Dominion,AEO2026 Low Economic Growth,1.067794557319273,Industrial
2046,ind,5-10,PJME,PJM / East,AEO2026 Low Economic Growth,0.865071265024372,Industrial
2046,ind,5-11,PJMW,PJM / West,AEO2026 Low Economic Growth,1.0045838368937685,Industrial
2046,ind,5-16,SRCE,SERC Reliability Corporation / Central,AEO2026 Low Economic Growth,1.0771417667740377,Industrial
2046,ind,5-14,SRCA,SERC Reliability Corporation / East,AEO2026 Low Economic Growth,1.0677945640131477,Industrial
2046,ind,5-15,SRSE,SERC Reliability Corporation / Southeastern,AEO2026 Low Economic Growth,1.0721296437273504,Industrial
2046,com,5-7,ISNE,Northeast Power Coordinating Council / New England,AEO2026 Low Economic Growth,1.2119256843454302,Commercial
2047,com,5-4,MISC,Midcontinent / Central,AEO2026 Low Economic Growth,1.2388903841552679,Commercial
2047,com,5-2,FRCC,Florida Reliability Coordinating Council,AEO2026 Low Economic Growth,1.5421337674365783,Commercial
2047,trans,5-23,NWPP,Western Electricity Coordinating Council / Northwest Power Pool Area,AEO2026 Low Economic Growth,1.3600565543284773,Transportation
2047,trans,5-24,RMRG,Western Electricity Coordinating Council / Rockies,AEO2026 Low Economic Growth,1.7546736856313694,Transportation
2047,ind,5-5,MISE,Midcontinent / East,AEO2026 Low Economic Growth,1.0131071929663458,Industrial
2047,ind,5-6,MISS,Midcontinent / South,AEO2026 Low Economic Growth,1.0441570652474828,Industrial
2047,ind,5-3,MISW,Midcontinent / West,AEO2026 Low Economic Growth,0.9857495758202615,Industrial
2047,ind,5-8,NYCW,Northeast Power Coordinating Council / New York City and Long Island,AEO2026 Low Economic Growth,0.8408685473385944,Industrial
2047,ind,5-7,ISNE,Northeast Power Coordinating Council / New England,AEO2026 Low Economic Growth,0.8274498938207482,Industrial
2047,ind,5-9,NYUP,Northeast Power Coordinating Council / Upstate New York,AEO2026 Low Economic Growth,0.8408703696599156,Industrial
2047,ind,5-12,PJMC,PJM / Commonwealth Edison,AEO2026 Low Economic Growth,1.013107019828277,Industrial
2047,ind,5-13,PJMD,PJM / Dominion,AEO2026 Low Economic Growth,1.073661603243175,Industrial
2047,ind,5-10,PJME,PJM / East,AEO2026 Low Economic Growth,0.862562570892229,Industrial
2047,ind,5-4,MISC,Midcontinent / Central,AEO2026 Low Economic Growth,1.0144064730738664,Industrial
2047,ind,5-11,PJMW,PJM / West,AEO2026 Low Economic Growth,1.006041222956285,Industrial
2047,ind,5-14,SRCA,SERC Reliability Corporation / East,AEO2026 Low Economic Growth,1.0736617368666446,Industrial
2047,ind,5-15,SRSE,SERC Reliability Corporation / Southeastern,AEO2026 Low Economic Growth,1.0780837200064728,Industrial
2047,ind,5-18,SPPC,Southwest Power Pool / Central,AEO2026 Low Economic Growth,0.9720151136433108,Industrial
2047,ind,5-19,SPPN,Southwest Power Pool / North,AEO2026 Low Economic Growth,0.975001846472361,Industrial
2047,ind,5-17,SPPS,Southwest Power Pool / South,AEO2026 Low Economic Growth,1.0616303696362395,Industrial
2047,ind,5-1,TRE,Texas Reliability Entity,AEO2026 Low Economic Growth,1.0417962238691332,Industrial
2047,ind,5-25,BASN,Western Electricity Coordinating Council / Basin,AEO2026 Low Economic Growth,1.1923232094667202,Industrial
2047,ind,5-21,CANO,Western Electricity Coordinating Council / California North,AEO2026 Low Economic Growth,1.161618544622413,Industrial
2047,ind,5-22,CASO,Western Electricity Coordinating Council / California South,AEO2026 Low Economic Growth,1.1616182869867546,Industrial
2047,ind,5-16,SRCE,SERC Reliability Corporation / Central,AEO2026 Low Economic Growth,1.0831964678769286,Industrial
2047,ind,5-2,FRCC,Florida Reliability Coordinating Council,AEO2026 Low Economic Growth,1.0736616288470684,Industrial
2047,com,5-23,NWPP,Western Electricity Coordinating Council / Northwest Power Pool Area,AEO2026 Low Economic Growth,1.564690665907398,Commercial
2047,com,5-20,SRSG,Western Electricity Coordinating Council / Southwest,AEO2026 Low Economic Growth,1.8451740708041455,Commercial
2047,com,5-5,MISE,Midcontinent / East,AEO2026 Low Economic Growth,1.252641596380729,Commercial
2047,com,5-6,MISS,Midcontinent / South,AEO2026 Low Economic Growth,1.5253609926730438,Commercial
2047,com,5-3,MISW,Midcontinent / West,AEO2026 Low Economic Growth,1.2283264856105534,Commercial
2047,com,5-8,NYCW,Northeast Power Coordinating Council / New York City and Long Island,AEO2026 Low Economic Growth,1.3325901606778723,Commercial
2047,com,5-7,ISNE,Northeast Power Coordinating Council / New England,AEO2026 Low Economic Growth,1.2171804778752087,Commercial
2047,com,5-9,NYUP,Northeast Power Coordinating Council / Upstate New York,AEO2026 Low Economic Growth,1.3325901344501876,Commercial
2047,com,5-12,PJMC,PJM / Commonwealth Edison,AEO2026 Low Economic Growth,1.252641461871568,Commercial
2047,com,5-13,PJMD,PJM / Dominion,AEO2026 Low Economic Growth,1.5421338273859146,Commercial
2047,com,5-10,PJME,PJM / East,AEO2026 Low Economic Growth,1.4113192054979455,Commercial
2047,com,5-11,PJMW,PJM / West,AEO2026 Low Economic Growth,1.3117468608381926,Commercial
2047,com,5-16,SRCE,SERC Reliability Corporation / Central,AEO2026 Low Economic Growth,1.2162400435875362,Commercial
2047,com,5-14,SRCA,SERC Reliability Corporation / East,AEO2026 Low Economic Growth,1.542133666593973,Commercial
2047,com,5-15,SRSE,SERC Reliability Corporation / Southeastern,AEO2026 Low Economic Growth,1.4556842257548381,Commercial
2047,com,5-18,SPPC,Southwest Power Pool / Central,AEO2026 Low Economic Growth,1.2146597355903652,Commercial
2047,com,5-19,SPPN,Southwest Power Pool / North,AEO2026 Low Economic Growth,1.2337392844242152,Commercial
2047,com,5-17,SPPS,Southwest Power Pool / South,AEO2026 Low Economic Growth,1.6042858499450579,Commercial
2047,com,5-1,TRE,Texas Reliability Entity,AEO2026 Low Economic Growth,1.581847213050924,Commercial
2047,com,5-25,BASN,Western Electricity Coordinating Council / Basin,AEO2026 Low Economic Growth,1.8881483084055637,Commercial
2047,com,5-21,CANO,Western Electricity Coordinating Council / California North,AEO2026 Low Economic Growth,1.5171863635559824,Commercial
2047,com,5-22,CASO,Western Electricity Coordinating Council / California South,AEO2026 Low Economic Growth,1.5171863771058005,Commercial
2047,com,5-24,RMRG,Western Electricity Coordinating Council / Rockies,AEO2026 Low Economic Growth,1.8463561214423299,Commercial
2047,ind,5-24,RMRG,Western Electricity Coordinating Council / Rockies,AEO2026 Low Economic Growth,1.1755119197949828,Industrial
2047,ind,5-20,SRSG,Western Electricity Coordinating Council / Southwest,AEO2026 Low Economic Growth,1.182142747047985,Industrial
2047,ind,5-23,NWPP,Western Electricity Coordinating Council / Northwest Power Pool Area,AEO2026 Low Economic Growth,1.166048305117361,Industrial
2047,res,5-2,FRCC,Florida Reliability Coordinating Council,AEO2026 Low Economic Growth,1.2100636544384094,Residential
2047,trans,5-4,MISC,Midcontinent / Central,AEO2026 Low Economic Growth,0.9334789712986644,Transportation
2047,trans,5-5,MISE,Midcontinent / East,AEO2026 Low Economic Growth,0.9078157425687583,Transportation
2047,trans,5-6,MISS,Midcontinent / South,AEO2026 Low Economic Growth,1.9180535136724493,Transportation
2047,trans,5-3,MISW,Midcontinent / West,AEO2026 Low Economic Growth,1.003615347667326,Transportation
2047,trans,5-8,NYCW,Northeast Power Coordinating Council / New York City and Long Island,AEO2026 Low Economic Growth,1.122667464856884,Transportation
2047,trans,5-7,ISNE,Northeast Power Coordinating Council / New England,AEO2026 Low Economic Growth,1.2984578940948244,Transportation
2047,trans,5-9,NYUP,Northeast Power Coordinating Council / Upstate New York,AEO2026 Low Economic Growth,1.1226671308736471,Transportation
2047,trans,5-12,PJMC,PJM / Commonwealth Edison,AEO2026 Low Economic Growth,0.9078158827774465,Transportation
2047,trans,5-13,PJMD,PJM / Dominion,AEO2026 Low Economic Growth,1.2294014637869874,Transportation
2047,trans,5-10,PJME,PJM / East,AEO2026 Low Economic Growth,1.1268598609793734,Transportation
2047,trans,5-11,PJMW,PJM / West,AEO2026 Low Economic Growth,1.0315958771233509,Transportation
2047,trans,5-16,SRCE,SERC Reliability Corporation / Central,AEO2026 Low Economic Growth,1.1674811195024435,Transportation
2047,trans,5-14,SRCA,SERC Reliability Corporation / East,AEO2026 Low Economic Growth,1.2294104252360671,Transportation
2047,trans,5-15,SRSE,SERC Reliability Corporation / Southeastern,AEO2026 Low Economic Growth,1.2286251627525677,Transportation
2047,trans,5-18,SPPC,Southwest Power Pool / Central,AEO2026 Low Economic Growth,1.4571076371378944,Transportation
2047,trans,5-19,SPPN,Southwest Power Pool / North,AEO2026 Low Economic Growth,1.471063435306582,Transportation
2047,trans,5-17,SPPS,Southwest Power Pool / South,AEO2026 Low Economic Growth,1.8899525733356755,Transportation
2047,trans,5-1,TRE,Texas Reliability Entity,AEO2026 Low Economic Growth,1.9246448955070163,Transportation
2047,trans,5-25,BASN,Western Electricity Coordinating Council / Basin,AEO2026 Low Economic Growth,1.7514544894998312,Transportation
2047,trans,5-21,CANO,Western Electricity Coordinating Council / California North,AEO2026 Low Economic Growth,1.3417723105198303,Transportation
2047,trans,5-22,CASO,Western Electricity Coordinating Council / California South,AEO2026 Low Economic Growth,1.3417779972222124,Transportation
2047,trans,5-2,FRCC,Florida Reliability Coordinating Council,AEO2026 Low Economic Growth,1.2294099218478785,Transportation
2047,trans,5-20,SRSG,Western Electricity Coordinating Council / Southwest,AEO2026 Low Economic Growth,1.6916177950089566,Transportation
2047,res,5-23,NWPP,Western Electricity Coordinating Council / Northwest Power Pool Area,AEO2026 Low Economic Growth,1.2997808596244433,Residential
2047,res,5-24,RMRG,Western Electricity Coordinating Council / Rockies,AEO2026 Low Economic Growth,1.4862189610385261,Residential
2047,res,5-4,MISC,Midcontinent / Central,AEO2026 Low Economic Growth,1.2111282999691837,Residential
2047,res,5-5,MISE,Midcontinent / East,AEO2026 Low Economic Growth,1.253758099976866,Residential
2047,res,5-6,MISS,Midcontinent / South,AEO2026 Low Economic Growth,1.1921300181732313,Residential
2047,res,5-3,MISW,Midcontinent / West,AEO2026 Low Economic Growth,1.1875705088212405,Residential
2047,res,5-8,NYCW,Northeast Power Coordinating Council / New York City and Long Island,AEO2026 Low Economic Growth,1.2666152176766114,Residential
2047,res,5-7,ISNE,Northeast Power Coordinating Council / New England,AEO2026 Low Economic Growth,1.24409344860806,Residential
2047,res,5-9,NYUP,Northeast Power Coordinating Council / Upstate New York,AEO2026 Low Economic Growth,1.2666151803687447,Residential
2047,res,5-12,PJMC,PJM / Commonwealth Edison,AEO2026 Low Economic Growth,1.2537588986810206,Residential
2047,res,5-13,PJMD,PJM / Dominion,AEO2026 Low Economic Growth,1.2100635035360683,Residential
2047,res,5-10,PJME,PJM / East,AEO2026 Low Economic Growth,1.2486916878748964,Residential
2047,res,5-11,PJMW,PJM / West,AEO2026 Low Economic Growth,1.2198544219719984,Residential
2047,res,5-16,SRCE,SERC Reliability Corporation / Central,AEO2026 Low Economic Growth,1.0073511995969118,Residential
2047,res,5-14,SRCA,SERC Reliability Corporation / East,AEO2026 Low Economic Growth,1.21006354071076,Residential
2047,res,5-15,SRSE,SERC Reliability Corporation / Southeastern,AEO2026 Low Economic Growth,1.1473572975808473,Residential
2047,res,5-18,SPPC,Southwest Power Pool / Central,AEO2026 Low Economic Growth,1.14997498686601,Residential
2047,res,5-19,SPPN,Southwest Power Pool / North,AEO2026 Low Economic Growth,1.1555911405261297,Residential
2047,res,5-17,SPPS,Southwest Power Pool / South,AEO2026 Low Economic Growth,1.241239729779448,Residential
2047,res,5-1,TRE,Texas Reliability Entity,AEO2026 Low Economic Growth,1.231438338810947,Residential
2047,res,5-25,BASN,Western Electricity Coordinating Council / Basin,AEO2026 Low Economic Growth,1.505697671796376,Residential
2047,res,5-21,CANO,Western Electricity Coordinating Council / California North,AEO2026 Low Economic Growth,1.2681966489145542,Residential
2047,res,5-22,CASO,Western Electricity Coordinating Council / California South,AEO2026 Low Economic Growth,1.2682049429627484,Residential
2047,res,5-20,SRSG,Western Electricity Coordinating Council / Southwest,AEO2026 Low Economic Growth,1.4835500156840293,Residential
2048,com,5-2,FRCC,Florida Reliability Coordinating Council,AEO2026 Low Economic Growth,1.5608191680048504,Commercial
2048,com,5-5,MISE,Midcontinent / East,AEO2026 Low Economic Growth,1.2558158462222635,Commercial
2048,ind,5-8,NYCW,Northeast Power Coordinating Council / New York City and Long Island,AEO2026 Low Economic Growth,0.8366441625308298,Industrial
2048,ind,5-7,ISNE,Northeast Power Coordinating Council / New England,AEO2026 Low Economic Growth,0.8228958549540112,Industrial
2048,ind,5-9,NYUP,Northeast Power Coordinating Council / Upstate New York,AEO2026 Low Economic Growth,0.8366446635154585,Industrial
2048,ind,5-12,PJMC,PJM / Commonwealth Edison,AEO2026 Low Economic Growth,1.0125884104510698,Industrial
2048,ind,5-13,PJMD,PJM / Dominion,AEO2026 Low Economic Growth,1.0782306730310498,Industrial
2048,ind,5-10,PJME,PJM / East,AEO2026 Low Economic Growth,0.8591562864625384,Industrial
2048,ind,5-11,PJMW,PJM / West,AEO2026 Low Economic Growth,1.006375533535733,Industrial
2048,ind,5-16,SRCE,SERC Reliability Corporation / Central,AEO2026 Low Economic Growth,1.0874780229692902,Industrial
2048,ind,5-14,SRCA,SERC Reliability Corporation / East,AEO2026 Low Economic Growth,1.0782306419414178,Industrial
2048,ind,5-15,SRSE,SERC Reliability Corporation / Southeastern,AEO2026 Low Economic Growth,1.0825193828691744,Industrial
2048,ind,5-18,SPPC,Southwest Power Pool / Central,AEO2026 Low Economic Growth,0.971407885189468,Industrial
2048,ind,5-19,SPPN,Southwest Power Pool / North,AEO2026 Low Economic Growth,0.9745462109908544,Industrial
2048,ind,5-17,SPPS,Southwest Power Pool / South,AEO2026 Low Economic Growth,1.0672510300750966,Industrial
2048,ind,5-1,TRE,Texas Reliability Entity,AEO2026 Low Economic Growth,1.046663337824749,Industrial
2048,ind,5-25,BASN,Western Electricity Coordinating Council / Basin,AEO2026 Low Economic Growth,1.2029108980060856,Industrial
2048,ind,5-21,CANO,Western Electricity Coordinating Council / California North,AEO2026 Low Economic Growth,1.1711285014098136,Industrial
2048,ind,5-22,CASO,Western Electricity Coordinating Council / California South,AEO2026 Low Economic Growth,1.1711283242612511,Industrial
2048,ind,5-24,RMRG,Western Electricity Coordinating Council / Rockies,AEO2026 Low Economic Growth,1.1852411895851778,Industrial
2048,ind,5-20,SRSG,Western Electricity Coordinating Council / Southwest,AEO2026 Low Economic Growth,1.192349775281775,Industrial
2048,ind,5-23,NWPP,Western Electricity Coordinating Council / Northwest Power Pool Area,AEO2026 Low Economic Growth,1.1757136938489254,Industrial
2048,res,5-2,FRCC,Florida Reliability Coordinating Council,AEO2026 Low Economic Growth,1.21873137160465,Residential
2048,ind,5-3,MISW,Midcontinent / West,AEO2026 Low Economic Growth,0.9851719032628801,Industrial
2048,res,5-4,MISC,Midcontinent / Central,AEO2026 Low Economic Growth,1.2208915952494566,Residential
2048,ind,5-6,MISS,Midcontinent / South,AEO2026 Low Economic Growth,1.0489906175801373,Industrial
2048,ind,5-4,MISC,Midcontinent / Central,AEO2026 Low Economic Growth,1.0143638277254114,Industrial
2048,com,5-8,NYCW,Northeast Power Coordinating Council / New York City and Long Island,AEO2026 Low Economic Growth,1.3347702524570095,Commercial
2048,com,5-7,ISNE,Northeast Power Coordinating Council / New England,AEO2026 Low Economic Growth,1.2211820002079634,Commercial
2048,com,5-9,NYUP,Northeast Power Coordinating Council / Upstate New York,AEO2026 Low Economic Growth,1.3347703940781142,Commercial
2048,com,5-12,PJMC,PJM / Commonwealth Edison,AEO2026 Low Economic Growth,1.2558158046066443,Commercial
2048,com,5-13,PJMD,PJM / Dominion,AEO2026 Low Economic Growth,1.5608191733317456,Commercial
2048,com,5-10,PJME,PJM / East,AEO2026 Low Economic Growth,1.4197007474334553,Commercial
2048,com,5-11,PJMW,PJM / West,AEO2026 Low Economic Growth,1.3177082411569494,Commercial
2048,com,5-16,SRCE,SERC Reliability Corporation / Central,AEO2026 Low Economic Growth,1.2211275774150412,Commercial
2048,com,5-14,SRCA,SERC Reliability Corporation / East,AEO2026 Low Economic Growth,1.5608191645399692,Commercial
2048,com,5-15,SRSE,SERC Reliability Corporation / Southeastern,AEO2026 Low Economic Growth,1.470709691380583,Commercial
2048,com,5-18,SPPC,Southwest Power Pool / Central,AEO2026 Low Economic Growth,1.216982854310763,Commercial
2048,com,5-19,SPPN,Southwest Power Pool / North,AEO2026 Low Economic Growth,1.2370134018817114,Commercial
2048,com,5-17,SPPS,Southwest Power Pool / South,AEO2026 Low Economic Growth,1.6213071164068424,Commercial
2048,com,5-1,TRE,Texas Reliability Entity,AEO2026 Low Economic Growth,1.5973968345521106,Commercial
2048,com,5-25,BASN,Western Electricity Coordinating Council / Basin,AEO2026 Low Economic Growth,1.9237863779337123,Commercial
2048,com,5-21,CANO,Western Electricity Coordinating Council / California North,AEO2026 Low Economic Growth,1.5282544672267053,Commercial
2048,com,5-22,CASO,Western Electricity Coordinating Council / California South,AEO2026 Low Economic Growth,1.5282546855089516,Commercial
2048,com,5-24,RMRG,Western Electricity Coordinating Council / Rockies,AEO2026 Low Economic Growth,1.8799668161902603,Commercial
2048,com,5-20,SRSG,Western Electricity Coordinating Council / Southwest,AEO2026 Low Economic Growth,1.877980650725526,Commercial
2048,com,5-23,NWPP,Western Electricity Coordinating Council / Northwest Power Pool Area,AEO2026 Low Economic Growth,1.5789051411453632,Commercial
2048,ind,5-2,FRCC,Florida Reliability Coordinating Council,AEO2026 Low Economic Growth,1.0782306185069734,Industrial
2048,ind,5-5,MISE,Midcontinent / East,AEO2026 Low Economic Growth,1.0125885486548618,Industrial
2048,com,5-3,MISW,Midcontinent / West,AEO2026 Low Economic Growth,1.230950324284322,Commercial
2048,res,5-5,MISE,Midcontinent / East,AEO2026 Low Economic Growth,1.2638741886698588,Residential
2048,res,5-3,MISW,Midcontinent / West,AEO2026 Low Economic Growth,1.1973210125598477,Residential
2048,trans,5-8,NYCW,Northeast Power Coordinating Council / New York City and Long Island,AEO2026 Low Economic Growth,1.1238011637861511,Transportation
2048,trans,5-7,ISNE,Northeast Power Coordinating Council / New England,AEO2026 Low Economic Growth,1.302117395222187,Transportation
2048,trans,5-9,NYUP,Northeast Power Coordinating Council / Upstate New York,AEO2026 Low Economic Growth,1.1238019075242105,Transportation
2048,trans,5-12,PJMC,PJM / Commonwealth Edison,AEO2026 Low Economic Growth,0.9110162843964733,Transportation
2048,trans,5-13,PJMD,PJM / Dominion,AEO2026 Low Economic Growth,1.2312873243231108,Transportation
2048,trans,5-10,PJME,PJM / East,AEO2026 Low Economic Growth,1.1280234481602036,Transportation
2048,trans,5-11,PJMW,PJM / West,AEO2026 Low Economic Growth,1.0337334030803298,Transportation
2048,trans,5-16,SRCE,SERC Reliability Corporation / Central,AEO2026 Low Economic Growth,1.1699244780097735,Transportation
2048,trans,5-14,SRCA,SERC Reliability Corporation / East,AEO2026 Low Economic Growth,1.2312902428743766,Transportation
2048,trans,5-15,SRSE,SERC Reliability Corporation / Southeastern,AEO2026 Low Economic Growth,1.2305127480900253,Transportation
2048,trans,5-18,SPPC,Southwest Power Pool / Central,AEO2026 Low Economic Growth,1.471227657309352,Transportation
2048,trans,5-19,SPPN,Southwest Power Pool / North,AEO2026 Low Economic Growth,1.4858296914315985,Transportation
2048,trans,5-17,SPPS,Southwest Power Pool / South,AEO2026 Low Economic Growth,1.9229755840505882,Transportation
2048,trans,5-1,TRE,Texas Reliability Entity,AEO2026 Low Economic Growth,1.95910397802858,Transportation
2048,trans,5-25,BASN,Western Electricity Coordinating Council / Basin,AEO2026 Low Economic Growth,1.7789615604437474,Transportation
2048,trans,5-21,CANO,Western Electricity Coordinating Council / California North,AEO2026 Low Economic Growth,1.3558029280925628,Transportation
2048,trans,5-22,CASO,Western Electricity Coordinating Council / California South,AEO2026 Low Economic Growth,1.3558054696130633,Transportation
2048,trans,5-24,RMRG,Western Electricity Coordinating Council / Rockies,AEO2026 Low Economic Growth,1.7821871273987087,Transportation
2048,trans,5-20,SRSG,Western Electricity Coordinating Council / Southwest,AEO2026 Low Economic Growth,1.7171864648001376,Transportation
2048,trans,5-23,NWPP,Western Electricity Coordinating Council / Northwest Power Pool Area,AEO2026 Low Economic Growth,1.3746874352732108,Transportation
2048,trans,5-3,MISW,Midcontinent / West,AEO2026 Low Economic Growth,1.0087181526606377,Transportation
2048,res,5-6,MISS,Midcontinent / South,AEO2026 Low Economic Growth,1.2006544507441554,Residential
2048,trans,5-6,MISS,Midcontinent / South,AEO2026 Low Economic Growth,1.9522493384298736,Transportation
2048,trans,5-4,MISC,Midcontinent / Central,AEO2026 Low Economic Growth,0.9371909633418586,Transportation
2048,res,5-8,NYCW,Northeast Power Coordinating Council / New York City and Long Island,AEO2026 Low Economic Growth,1.2725236828727455,Residential
2048,res,5-7,ISNE,Northeast Power Coordinating Council / New England,AEO2026 Low Economic Growth,1.2502194392890074,Residential
2048,res,5-9,NYUP,Northeast Power Coordinating Council / Upstate New York,AEO2026 Low Economic Growth,1.2725237158532068,Residential
2048,res,5-12,PJMC,PJM / Commonwealth Edison,AEO2026 Low Economic Growth,1.2638749001839076,Residential
2048,res,5-13,PJMD,PJM / Dominion,AEO2026 Low Economic Growth,1.2187313787809193,Residential
2048,res,5-10,PJME,PJM / East,AEO2026 Low Economic Growth,1.255474728766082,Residential
2048,res,5-11,PJMW,PJM / West,AEO2026 Low Economic Growth,1.2284075883146532,Residential
2048,res,5-16,SRCE,SERC Reliability Corporation / Central,AEO2026 Low Economic Growth,1.010722490929963,Residential
2048,res,5-14,SRCA,SERC Reliability Corporation / East,AEO2026 Low Economic Growth,1.2187312844846483,Residential
2048,res,5-15,SRSE,SERC Reliability Corporation / Southeastern,AEO2026 Low Economic Growth,1.1543866515367316,Residential
2048,res,5-18,SPPC,Southwest Power Pool / Central,AEO2026 Low Economic Growth,1.1595174672811568,Residential
2048,res,5-19,SPPN,Southwest Power Pool / North,AEO2026 Low Economic Growth,1.1652971375474017,Residential
2048,res,5-17,SPPS,Southwest Power Pool / South,AEO2026 Low Economic Growth,1.2512201249105757,Residential
2048,res,5-1,TRE,Texas Reliability Entity,AEO2026 Low Economic Growth,1.2410578608695546,Residential
2048,res,5-25,BASN,Western Electricity Coordinating Council / Basin,AEO2026 Low Economic Growth,1.5253469152134989,Residential
2048,res,5-21,CANO,Western Electricity Coordinating Council / California North,AEO2026 Low Economic Growth,1.2716058277835296,Residential
2048,res,5-22,CASO,Western Electricity Coordinating Council / California South,AEO2026 Low Economic Growth,1.2716148888331889,Residential
2048,res,5-24,RMRG,Western Electricity Coordinating Council / Rockies,AEO2026 Low Economic Growth,1.5053917601550566,Residential
2048,res,5-20,SRSG,Western Electricity Coordinating Council / Southwest,AEO2026 Low Economic Growth,1.5021484223658919,Residential
2048,res,5-23,NWPP,Western Electricity Coordinating Council / Northwest Power Pool Area,AEO2026 Low Economic Growth,1.3053496246625562,Residential
2048,trans,5-2,FRCC,Florida Reliability Coordinating Council,AEO2026 Low Economic Growth,1.2312938706044725,Transportation
2048,trans,5-5,MISE,Midcontinent / East,AEO2026 Low Economic Growth,0.9110169705476927,Transportation
2048,com,5-6,MISS,Midcontinent / South,AEO2026 Low Economic Growth,1.5392555754289823,Commercial
2048,com,5-4,MISC,Midcontinent / Central,AEO2026 Low Economic Growth,1.241791763811318,Commercial
2049,com,5-2,FRCC,Florida Reliability Coordinating Council,AEO2026 Low Economic Growth,1.5775854594177885,Commercial
2049,com,5-4,MISC,Midcontinent / Central,AEO2026 Low Economic Growth,1.2434247544826171,Commercial
2049,trans,5-23,NWPP,Western Electricity Coordinating Council / Northwest Power Pool Area,AEO2026 Low Economic Growth,1.3898346296201793,Transportation
2049,trans,5-20,SRSG,Western Electricity Coordinating Council / Southwest,AEO2026 Low Economic Growth,1.7435526218928667,Transportation
2049,trans,5-22,CASO,Western Electricity Coordinating Council / California South,AEO2026 Low Economic Growth,1.3703373484560544,Transportation
2049,trans,5-21,CANO,Western Electricity Coordinating Council / California North,AEO2026 Low Economic Growth,1.3703306113071991,Transportation
2049,trans,5-25,BASN,Western Electricity Coordinating Council / Basin,AEO2026 Low Economic Growth,1.807303955332151,Transportation
2049,trans,5-1,TRE,Texas Reliability Entity,AEO2026 Low Economic Growth,1.9962773033514996,Transportation
2049,trans,5-17,SPPS,Southwest Power Pool / South,AEO2026 Low Economic Growth,1.958340652263013,Transportation
2049,trans,5-19,SPPN,Southwest Power Pool / North,AEO2026 Low Economic Growth,1.5000662163951795,Transportation
2049,trans,5-24,RMRG,Western Electricity Coordinating Council / Rockies,AEO2026 Low Economic Growth,1.8104879530269284,Transportation
2049,trans,5-18,SPPC,Southwest Power Pool / Central,AEO2026 Low Economic Growth,1.4847873592200371,Transportation
2049,trans,5-15,SRSE,SERC Reliability Corporation / Southeastern,AEO2026 Low Economic Growth,1.2311672028603118,Transportation
2049,trans,5-14,SRCA,SERC Reliability Corporation / East,AEO2026 Low Economic Growth,1.2319249235718475,Transportation
2049,trans,5-16,SRCE,SERC Reliability Corporation / Central,AEO2026 Low Economic Growth,1.1717014660151044,Transportation
2049,res,5-17,SPPS,Southwest Power Pool / South,AEO2026 Low Economic Growth,1.2612197553660502,Residential
2049,res,5-19,SPPN,Southwest Power Pool / North,AEO2026 Low Economic Growth,1.1746426365987244,Residential
2049,res,5-18,SPPC,Southwest Power Pool / Central,AEO2026 Low Economic Growth,1.1687051224490042,Residential
2049,res,5-15,SRSE,SERC Reliability Corporation / Southeastern,AEO2026 Low Economic Growth,1.1609368530856201,Residential
2049,res,5-14,SRCA,SERC Reliability Corporation / East,AEO2026 Low Economic Growth,1.2268498231772096,Residential
2049,res,5-16,SRCE,SERC Reliability Corporation / Central,AEO2026 Low Economic Growth,1.0137712620633648,Residential
2049,res,5-1,TRE,Texas Reliability Entity,AEO2026 Low Economic Growth,1.2507222280844863,Residential
2049,res,5-11,PJMW,PJM / West,AEO2026 Low Economic Growth,1.2365736561992582,Residential
2049,res,5-13,PJMD,PJM / Dominion,AEO2026 Low Economic Growth,1.226849976760966,Residential
2049,res,5-12,PJMC,PJM / Commonwealth Edison,AEO2026 Low Economic Growth,1.2735982608354257,Residential
2049,res,5-9,NYUP,Northeast Power Coordinating Council / Upstate New York,AEO2026 Low Economic Growth,1.2782900719077386,Residential
2049,res,5-7,ISNE,Northeast Power Coordinating Council / New England,AEO2026 Low Economic Growth,1.2557776591071421,Residential
2049,res,5-8,NYCW,Northeast Power Coordinating Council / New York City and Long Island,AEO2026 Low Economic Growth,1.2782900378059705,Residential
2049,res,5-3,MISW,Midcontinent / West,AEO2026 Low Economic Growth,1.2067026738868578,Residential
2049,res,5-10,PJME,PJM / East,AEO2026 Low Economic Growth,1.2619865936297199,Residential
2049,res,5-25,BASN,Western Electricity Coordinating Council / Basin,AEO2026 Low Economic Growth,1.5443331138720027,Residential
2049,res,5-21,CANO,Western Electricity Coordinating Council / California North,AEO2026 Low Economic Growth,1.274922877814534,Residential
2049,res,5-22,CASO,Western Electricity Coordinating Council / California South,AEO2026 Low Economic Growth,1.2749324014638161,Residential
2049,trans,5-11,PJMW,PJM / West,AEO2026 Low Economic Growth,1.0361428447751329,Transportation
2049,trans,5-10,PJME,PJM / East,AEO2026 Low Economic Growth,1.1292469298613388,Transportation
2049,trans,5-13,PJMD,PJM / Dominion,AEO2026 Low Economic Growth,1.2319249247900859,Transportation
2049,trans,5-12,PJMC,PJM / Commonwealth Edison,AEO2026 Low Economic Growth,0.9148912804744124,Transportation
2049,trans,5-9,NYUP,Northeast Power Coordinating Council / Upstate New York,AEO2026 Low Economic Growth,1.1250492456418424,Transportation
2049,trans,5-7,ISNE,Northeast Power Coordinating Council / New England,AEO2026 Low Economic Growth,1.3059854485643345,Transportation
2049,trans,5-8,NYCW,Northeast Power Coordinating Council / New York City and Long Island,AEO2026 Low Economic Growth,1.1250496284073004,Transportation
2049,trans,5-3,MISW,Midcontinent / West,AEO2026 Low Economic Growth,1.0142806232859378,Transportation
2049,trans,5-6,MISS,Midcontinent / South,AEO2026 Low Economic Growth,1.9891502499264924,Transportation
2049,trans,5-5,MISE,Midcontinent / East,AEO2026 Low Economic Growth,0.9148897495064352,Transportation
2049,trans,5-4,MISC,Midcontinent / Central,AEO2026 Low Economic Growth,0.9415139244103439,Transportation
2049,trans,5-2,FRCC,Florida Reliability Coordinating Council,AEO2026 Low Economic Growth,1.2319289095111894,Transportation
2049,res,5-23,NWPP,Western Electricity Coordinating Council / Northwest Power Pool Area,AEO2026 Low Economic Growth,1.3107505266852937,Residential
2049,res,5-20,SRSG,Western Electricity Coordinating Council / Southwest,AEO2026 Low Economic Growth,1.5201396519447379,Residential
2049,res,5-24,RMRG,Western Electricity Coordinating Council / Rockies,AEO2026 Low Economic Growth,1.5239156049880496,Residential
2049,res,5-6,MISS,Midcontinent / South,AEO2026 Low Economic Growth,1.2091606161154702,Residential
2049,res,5-5,MISE,Midcontinent / East,AEO2026 Low Economic Growth,1.2735974419826877,Residential
2049,res,5-2,FRCC,Florida Reliability Coordinating Council,AEO2026 Low Economic Growth,1.2268499472808876,Residential
2049,com,5-20,SRSG,Western Electricity Coordinating Council / Southwest,AEO2026 Low Economic Growth,1.9085008852860224,Commercial
2049,com,5-24,RMRG,Western Electricity Coordinating Council / Rockies,AEO2026 Low Economic Growth,1.9112417486600346,Commercial
2049,com,5-22,CASO,Western Electricity Coordinating Council / California South,AEO2026 Low Economic Growth,1.5375131635135169,Commercial
2049,com,5-21,CANO,Western Electricity Coordinating Council / California North,AEO2026 Low Economic Growth,1.5375128510920166,Commercial
2049,com,5-25,BASN,Western Electricity Coordinating Council / Basin,AEO2026 Low Economic Growth,1.9570111702111346,Commercial
2049,com,5-1,TRE,Texas Reliability Entity,AEO2026 Low Economic Growth,1.6118219199001385,Commercial
2049,com,5-17,SPPS,Southwest Power Pool / South,AEO2026 Low Economic Growth,1.637110003636109,Commercial
2049,com,5-19,SPPN,Southwest Power Pool / North,AEO2026 Low Economic Growth,1.2390789163317202,Commercial
2049,com,5-15,SRSE,SERC Reliability Corporation / Southeastern,AEO2026 Low Economic Growth,1.4840899196302728,Commercial
2049,com,5-14,SRCA,SERC Reliability Corporation / East,AEO2026 Low Economic Growth,1.577585517100004,Commercial
2049,com,5-16,SRCE,SERC Reliability Corporation / Central,AEO2026 Low Economic Growth,1.2251298647840294,Commercial
2049,com,5-11,PJMW,PJM / West,AEO2026 Low Economic Growth,1.3221740944333786,Commercial
2049,com,5-10,PJME,PJM / East,AEO2026 Low Economic Growth,1.426054956268601,Commercial
2049,com,5-13,PJMD,PJM / Dominion,AEO2026 Low Economic Growth,1.5775855176639313,Commercial
2049,com,5-12,PJMC,PJM / Commonwealth Edison,AEO2026 Low Economic Growth,1.2576616848167075,Commercial
2049,com,5-9,NYUP,Northeast Power Coordinating Council / Upstate New York,AEO2026 Low Economic Growth,1.3348581500503072,Commercial
2049,com,5-7,ISNE,Northeast Power Coordinating Council / New England,AEO2026 Low Economic Growth,1.2229985140352218,Commercial
2049,com,5-8,NYCW,Northeast Power Coordinating Council / New York City and Long Island,AEO2026 Low Economic Growth,1.3348581186091935,Commercial
2049,com,5-3,MISW,Midcontinent / West,AEO2026 Low Economic Growth,1.232343970679193,Commercial
2049,com,5-6,MISS,Midcontinent / South,AEO2026 Low Economic Growth,1.552064235877935,Commercial
2049,com,5-5,MISE,Midcontinent / East,AEO2026 Low Economic Growth,1.2576617657414264,Commercial
2049,com,5-23,NWPP,Western Electricity Coordinating Council / Northwest Power Pool Area,AEO2026 Low Economic Growth,1.5912328073727247,Commercial
2049,ind,5-2,FRCC,Florida Reliability Coordinating Council,AEO2026 Low Economic Growth,1.082942316734048,Industrial
2049,com,5-18,SPPC,Southwest Power Pool / Central,AEO2026 Low Economic Growth,1.218132949708262,Commercial
2049,ind,5-5,MISE,Midcontinent / East,AEO2026 Low Economic Growth,1.013489262393152,Industrial
2049,ind,5-23,NWPP,Western Electricity Coordinating Council / Northwest Power Pool Area,AEO2026 Low Economic Growth,1.1864994064845928,Industrial
2049,ind,5-4,MISC,Midcontinent / Central,AEO2026 Low Economic Growth,1.0157297760119932,Industrial
2049,ind,5-20,SRSG,Western Electricity Coordinating Council / Southwest,AEO2026 Low Economic Growth,1.2033117757846568,Industrial
2049,ind,5-24,RMRG,Western Electricity Coordinating Council / Rockies,AEO2026 Low Economic Growth,1.195764983069401,Industrial
2049,ind,5-22,CASO,Western Electricity Coordinating Council / California South,AEO2026 Low Economic Growth,1.1818280588013548,Industrial
2049,ind,5-21,CANO,Western Electricity Coordinating Council / California North,AEO2026 Low Economic Growth,1.1818281768917964,Industrial
2049,ind,5-25,BASN,Western Electricity Coordinating Council / Basin,AEO2026 Low Economic Growth,1.2142063244838865,Industrial
2049,ind,5-1,TRE,Texas Reliability Entity,AEO2026 Low Economic Growth,1.0524673841792538,Industrial
2049,ind,5-17,SPPS,Southwest Power Pool / South,AEO2026 Low Economic Growth,1.0737781600328478,Industrial
2049,ind,5-19,SPPN,Southwest Power Pool / North,AEO2026 Low Economic Growth,0.9759533588547912,Industrial
2049,ind,5-18,SPPC,Southwest Power Pool / Central,AEO2026 Low Economic Growth,0.9726792397479417,Industrial
2049,ind,5-15,SRSE,SERC Reliability Corporation / Southeastern,AEO2026 Low Economic Growth,1.0873424144404746,Industrial
2049,res,5-4,MISC,Midcontinent / Central,AEO2026 Low Economic Growth,1.230276874427603,Residential
2049,ind,5-16,SRCE,SERC Reliability Corporation / Central,AEO2026 Low Economic Growth,1.092429728100472,Industrial
2049,ind,5-14,SRCA,SERC Reliability Corporation / East,AEO2026 Low Economic Growth,1.0829422693208735,Industrial
2049,ind,5-3,MISW,Midcontinent / West,AEO2026 Low Economic Growth,0.9863193595755377,Industrial
2049,ind,5-8,NYCW,Northeast Power Coordinating Council / New York City and Long Island,AEO2026 Low Economic Growth,0.83332685421553,Industrial
2049,ind,5-7,ISNE,Northeast Power Coordinating Council / New England,AEO2026 Low Economic Growth,0.8195471119740072,Industrial
2049,ind,5-9,NYUP,Northeast Power Coordinating Council / Upstate New York,AEO2026 Low Economic Growth,0.8333263164398091,Industrial
2049,ind,5-6,MISS,Midcontinent / South,AEO2026 Low Economic Growth,1.0547465912337617,Industrial
2049,ind,5-13,PJMD,PJM / Dominion,AEO2026 Low Economic Growth,1.0829422927380834,Industrial
2049,ind,5-10,PJME,PJM / East,AEO2026 Low Economic Growth,0.8565862120679956,Industrial
2049,ind,5-11,PJMW,PJM / West,AEO2026 Low Economic Growth,1.0077440229918848,Industrial
2049,ind,5-12,PJMC,PJM / Commonwealth Edison,AEO2026 Low Economic Growth,1.0134892285056134,Industrial
2050,com,5-6,MISS,Midcontinent / South,AEO2026 Low Economic Growth,1.5642134930105076,Commercial
2050,com,5-2,FRCC,Florida Reliability Coordinating Council,AEO2026 Low Economic Growth,1.5934725534751641,Commercial
2050,com,5-4,MISC,Midcontinent / Central,AEO2026 Low Economic Growth,1.2437052871547867,Commercial
2050,res,5-15,SRSE,SERC Reliability Corporation / Southeastern,AEO2026 Low Economic Growth,1.1669937253081801,Residential
2050,res,5-14,SRCA,SERC Reliability Corporation / East,AEO2026 Low Economic Growth,1.2342705318674327,Residential
2050,res,5-16,SRCE,SERC Reliability Corporation / Central,AEO2026 Low Economic Growth,1.016783200629042,Residential
2050,res,5-11,PJMW,PJM / West,AEO2026 Low Economic Growth,1.2443774429872372,Residential
2050,res,5-10,PJME,PJM / East,AEO2026 Low Economic Growth,1.2685763893206865,Residential
2050,res,5-13,PJMD,PJM / Dominion,AEO2026 Low Economic Growth,1.2342705379755994,Residential
2050,res,5-12,PJMC,PJM / Commonwealth Edison,AEO2026 Low Economic Growth,1.2828398548344209,Residential
2050,res,5-9,NYUP,Northeast Power Coordinating Council / Upstate New York,AEO2026 Low Economic Growth,1.2844944076515998,Residential
2050,res,5-7,ISNE,Northeast Power Coordinating Council / New England,AEO2026 Low Economic Growth,1.2615231523599946,Residential
2050,res,5-8,NYCW,Northeast Power Coordinating Council / New York City and Long Island,AEO2026 Low Economic Growth,1.2844943659040882,Residential
2050,res,5-3,MISW,Midcontinent / West,AEO2026 Low Economic Growth,1.2156036838470539,Residential
2050,res,5-6,MISS,Midcontinent / South,AEO2026 Low Economic Growth,1.2170370337399006,Residential
2050,res,5-5,MISE,Midcontinent / East,AEO2026 Low Economic Growth,1.2828391631025942,Residential
2050,res,5-4,MISC,Midcontinent / Central,AEO2026 Low Economic Growth,1.2391910844169607,Residential
2050,res,5-2,FRCC,Florida Reliability Coordinating Council,AEO2026 Low Economic Growth,1.2342704940218827,Residential
2050,ind,5-23,NWPP,Western Electricity Coordinating Council / Northwest Power Pool Area,AEO2026 Low Economic Growth,1.2006954432878079,Industrial
2050,ind,5-20,SRSG,Western Electricity Coordinating Council / Southwest,AEO2026 Low Economic Growth,1.2168198926418476,Industrial
2050,res,5-18,SPPC,Southwest Power Pool / Central,AEO2026 Low Economic Growth,1.1774123118865991,Residential
2050,res,5-19,SPPN,Southwest Power Pool / North,AEO2026 Low Economic Growth,1.1835106820020862,Residential
2050,res,5-17,SPPS,Southwest Power Pool / South,AEO2026 Low Economic Growth,1.2704797536556904,Residential
2050,res,5-1,TRE,Texas Reliability Entity,AEO2026 Low Economic Growth,1.259630377644818,Residential
2050,trans,5-11,PJMW,PJM / West,AEO2026 Low Economic Growth,1.0383937705689623,Transportation
2050,trans,5-10,PJME,PJM / East,AEO2026 Low Economic Growth,1.1325966670332936,Transportation
2050,trans,5-13,PJMD,PJM / Dominion,AEO2026 Low Economic Growth,1.2372681963091017,Transportation
2050,trans,5-12,PJMC,PJM / Commonwealth Edison,AEO2026 Low Economic Growth,0.9156233984918368,Transportation
2050,trans,5-9,NYUP,Northeast Power Coordinating Council / Upstate New York,AEO2026 Low Economic Growth,1.1283174547496357,Transportation
2050,trans,5-7,ISNE,Northeast Power Coordinating Council / New England,AEO2026 Low Economic Growth,1.313328060503752,Transportation
2050,trans,5-8,NYCW,Northeast Power Coordinating Council / New York City and Long Island,AEO2026 Low Economic Growth,1.128317348850482,Transportation
2050,trans,5-3,MISW,Midcontinent / West,AEO2026 Low Economic Growth,1.0179992666009017,Transportation
2050,ind,5-24,RMRG,Western Electricity Coordinating Council / Rockies,AEO2026 Low Economic Growth,1.2087290859748014,Industrial
2050,trans,5-6,MISS,Midcontinent / South,AEO2026 Low Economic Growth,2.027315495442517,Transportation
2050,trans,5-4,MISC,Midcontinent / Central,AEO2026 Low Economic Growth,0.943044899119068,Transportation
2050,trans,5-2,FRCC,Florida Reliability Coordinating Council,AEO2026 Low Economic Growth,1.2372717035130352,Transportation
2050,res,5-23,NWPP,Western Electricity Coordinating Council / Northwest Power Pool Area,AEO2026 Low Economic Growth,1.3166162637556822,Residential
2050,res,5-20,SRSG,Western Electricity Coordinating Council / Southwest,AEO2026 Low Economic Growth,1.5378408970332225,Residential
2050,res,5-24,RMRG,Western Electricity Coordinating Council / Rockies,AEO2026 Low Economic Growth,1.5421273669669242,Residential
2050,res,5-22,CASO,Western Electricity Coordinating Council / California South,AEO2026 Low Economic Growth,1.2788312040454453,Residential
2050,res,5-21,CANO,Western Electricity Coordinating Council / California North,AEO2026 Low Economic Growth,1.2788211709752921,Residential
2050,res,5-25,BASN,Western Electricity Coordinating Council / Basin,AEO2026 Low Economic Growth,1.563026031599247,Residential
2050,trans,5-5,MISE,Midcontinent / East,AEO2026 Low Economic Growth,0.9156218915520906,Transportation
2050,ind,5-22,CASO,Western Electricity Coordinating Council / California South,AEO2026 Low Economic Growth,1.1960790213762607,Industrial
2050,ind,5-21,CANO,Western Electricity Coordinating Council / California North,AEO2026 Low Economic Growth,1.1960791867330476,Industrial
2050,ind,5-25,BASN,Western Electricity Coordinating Council / Basin,AEO2026 Low Economic Growth,1.22807673157606,Industrial
2050,com,5-22,CASO,Western Electricity Coordinating Council / California South,AEO2026 Low Economic Growth,1.5466045378684266,Commercial
2050,com,5-21,CANO,Western Electricity Coordinating Council / California North,AEO2026 Low Economic Growth,1.5466044489282218,Commercial
2050,com,5-25,BASN,Western Electricity Coordinating Council / Basin,AEO2026 Low Economic Growth,1.9890655048462638,Commercial
2050,com,5-1,TRE,Texas Reliability Entity,AEO2026 Low Economic Growth,1.6254973819500826,Commercial
2050,com,5-17,SPPS,Southwest Power Pool / South,AEO2026 Low Economic Growth,1.6521323147893312,Commercial
2050,com,5-19,SPPN,Southwest Power Pool / North,AEO2026 Low Economic Growth,1.2403881889937498,Commercial
2050,com,5-18,SPPC,Southwest Power Pool / Central,AEO2026 Low Economic Growth,1.2185395204784364,Commercial
2050,com,5-15,SRSE,SERC Reliability Corporation / Southeastern,AEO2026 Low Economic Growth,1.4967803894529335,Commercial
2050,com,5-24,RMRG,Western Electricity Coordinating Council / Rockies,AEO2026 Low Economic Growth,1.9413676641812185,Commercial
2050,com,5-14,SRCA,SERC Reliability Corporation / East,AEO2026 Low Economic Growth,1.593472346214064,Commercial
2050,com,5-11,PJMW,PJM / West,AEO2026 Low Economic Growth,1.3254417379258263,Commercial
2050,com,5-10,PJME,PJM / East,AEO2026 Low Economic Growth,1.432442676697116,Commercial
2050,com,5-13,PJMD,PJM / Dominion,AEO2026 Low Economic Growth,1.5934724308389128,Commercial
2050,com,5-12,PJMC,PJM / Commonwealth Edison,AEO2026 Low Economic Growth,1.257803949071325,Commercial
2050,com,5-9,NYUP,Northeast Power Coordinating Council / Upstate New York,AEO2026 Low Economic Growth,1.3355287727718124,Commercial
2050,com,5-7,ISNE,Northeast Power Coordinating Council / New England,AEO2026 Low Economic Growth,1.226169822058151,Commercial
2050,com,5-8,NYCW,Northeast Power Coordinating Council / New York City and Long Island,AEO2026 Low Economic Growth,1.3355286798168517,Commercial
2050,com,5-3,MISW,Midcontinent / West,AEO2026 Low Economic Growth,1.2326396544535199,Commercial
2050,com,5-16,SRCE,SERC Reliability Corporation / Central,AEO2026 Low Economic Growth,1.228966563054137,Commercial
2050,trans,5-16,SRCE,SERC Reliability Corporation / Central,AEO2026 Low Economic Growth,1.1759218125277655,Transportation
2050,com,5-20,SRSG,Western Electricity Coordinating Council / Southwest,AEO2026 Low Economic Growth,1.937936803769321,Commercial
2050,ind,5-2,FRCC,Florida Reliability Coordinating Council,AEO2026 Low Economic Growth,1.0891378306396635,Industrial
2050,ind,5-1,TRE,Texas Reliability Entity,AEO2026 Low Economic Growth,1.058967813944588,Industrial
2050,ind,5-17,SPPS,Southwest Power Pool / South,AEO2026 Low Economic Growth,1.081247490998021,Industrial
2050,ind,5-19,SPPN,Southwest Power Pool / North,AEO2026 Low Economic Growth,0.9783302828091145,Industrial
2050,ind,5-18,SPPC,Southwest Power Pool / Central,AEO2026 Low Economic Growth,0.9748983046308133,Industrial
2050,ind,5-15,SRSE,SERC Reliability Corporation / Southeastern,AEO2026 Low Economic Growth,1.093509928684106,Industrial
2050,ind,5-14,SRCA,SERC Reliability Corporation / East,AEO2026 Low Economic Growth,1.0891380597274025,Industrial
2050,ind,5-16,SRCE,SERC Reliability Corporation / Central,AEO2026 Low Economic Growth,1.0985646547992867,Industrial
2050,ind,5-11,PJMW,PJM / West,AEO2026 Low Economic Growth,1.0105403883675654,Industrial
2050,com,5-23,NWPP,Western Electricity Coordinating Council / Northwest Power Pool Area,AEO2026 Low Economic Growth,1.6032648079159677,Commercial
2050,ind,5-10,PJME,PJM / East,AEO2026 Low Economic Growth,0.8551888080134451,Industrial
2050,ind,5-12,PJMC,PJM / Commonwealth Edison,AEO2026 Low Economic Growth,1.0158988459962321,Industrial
2050,ind,5-9,NYUP,Northeast Power Coordinating Council / Upstate New York,AEO2026 Low Economic Growth,0.8311485052023829,Industrial
2050,ind,5-7,ISNE,Northeast Power Coordinating Council / New England,AEO2026 Low Economic Growth,0.8172178222246498,Industrial
2050,ind,5-8,NYCW,Northeast Power Coordinating Council / New York City and Long Island,AEO2026 Low Economic Growth,0.8311498706336146,Industrial
2050,ind,5-3,MISW,Midcontinent / West,AEO2026 Low Economic Growth,0.9886021641042677,Industrial
2050,ind,5-6,MISS,Midcontinent / South,AEO2026 Low Economic Growth,1.0612261286114073,Industrial
2050,ind,5-5,MISE,Midcontinent / East,AEO2026 Low Economic Growth,1.0158987883568407,Industrial
2050,ind,5-4,MISC,Midcontinent / Central,AEO2026 Low Economic Growth,1.0184917148959722,Industrial
2050,ind,5-13,PJMD,PJM / Dominion,AEO2026 Low Economic Growth,1.0891379589249304,Industrial
2050,trans,5-14,SRCA,SERC Reliability Corporation / East,AEO2026 Low Economic Growth,1.2372688381467323,Transportation
2050,trans,5-15,SRSE,SERC Reliability Corporation / Southeastern,AEO2026 Low Economic Growth,1.2364923979911682,Transportation
2050,trans,5-18,SPPC,Southwest Power Pool / Central,AEO2026 Low Economic Growth,1.5026615117386677,Transportation
2050,trans,5-20,SRSG,Western Electricity Coordinating Council / Southwest,AEO2026 Low Economic Growth,1.7757956469462373,Transportation
2050,trans,5-24,RMRG,Western Electricity Coordinating Council / Rockies,AEO2026 Low Economic Growth,1.844907876088277,Transportation
2050,trans,5-22,CASO,Western Electricity Coordinating Council / California South,AEO2026 Low Economic Growth,1.3898102792351492,Transportation
2050,trans,5-21,CANO,Western Electricity Coordinating Council / California North,AEO2026 Low Economic Growth,1.3898038888076691,Transportation
2050,trans,5-25,BASN,Western Electricity Coordinating Council / Basin,AEO2026 Low Economic Growth,1.8417720591467972,Transportation
2050,trans,5-1,TRE,Texas Reliability Entity,AEO2026 Low Economic Growth,2.0347380165643907,Transportation
2050,trans,5-17,SPPS,Southwest Power Pool / South,AEO2026 Low Economic Growth,1.9960477779729493,Transportation
2050,trans,5-19,SPPN,Southwest Power Pool / North,AEO2026 Low Economic Growth,1.5186730234406038,Transportation
2050,trans,5-23,NWPP,Western Electricity Coordinating Council / Northwest Power Pool Area,AEO2026 Low Economic Growth,1.4099738541294566,Transportation
2050,com,5-5,MISE,Midcontinent / East,AEO2026 Low Economic Growth,1.2578038967346459,Commercial
