{
  "items": [
    {
      "approved": true,
      "country": "USA",
      "demandattrs": [
        {
          "Non-Coincident Demand": "2.09"
        }
      ],
      "demandunits": "kW",
      "description": "This Schedule is not applicable to any customer whose monthly maximum demand equals, exceeds, or is expected to equal or exceed 40 kW for three consecutive months.",
      "eiaid": 16609,
      "enddate": 1546239600,
      "energyratestructure": [
        [
          {
            "adj": 0.33806,
            "rate": 0.08627
          }
        ],
        [
          {
            "adj": 0.13311,
            "rate": 0.08627
          }
        ],
        [
          {
            "adj": 0.07778,
            "rate": 0.08627
          }
        ],
        [
          {
            "adj": 0.09605,
            "rate": 0.08627
          }
        ],
        [
          {
            "adj": 0.0856,
            "rate": 0.08627
          }
        ],
        [
          {
            "adj": 0.07371,
            "rate": 0.08627
          }
        ]
      ],
      "energyweekdayschedule": [
        [
          5,
          5,
          5,
          5,
          5,
          5,
          4,
          4,
          4,
          4,
          4,
          4,
          4,
          4,
          4,
          4,
          3,
          3,
          3,
          3,
          3,
          4,
          4,
          4
        ],
        [
          5,
          5,
          5,
          5,
          5,
          5,
          4,
          4,
          4,
          4,
          4,
          4,
          4,
          4,
          4,
          4,
          3,
          3,
          3,
          3,
          3,
          4,
          4,
          4
        ],
        [
          5,
          5,
          5,
          5,
          5,
          5,
          4,
          4,
          4,
          4,
          5,
          5,
          5,
          5,
          4,
          4,
          3,
          3,
          3,
          3,
          3,
          4,
          4,
          4
        ],
        [
          5,
          5,
          5,
          5,
          5,
          5,
          4,
          4,
          4,
          4,
          5,
          5,
          5,
          5,
          4,
          4,
          3,
          3,
          3,
          3,
          3,
          4,
          4,
          4
        ],
        [
          5,
          5,
          5,
          5,
          5,
          5,
          4,
          4,
          4,
          4,
          4,
          4,
          4,
          4,
          4,
          4,
          3,
          3,
          3,
          3,
          3,
          4,
          4,
          4
        ],
        [
          2,
          2,
          2,
          2,
          2,
          2,
          1,
          1,
          1,
          1,
          1,
          1,
          1,
          1,
          1,
          1,
          0,
          0,
          0,
          0,
          0,
          1,
          1,
          1
        ],
        [
          2,
          2,
          2,
          2,
          2,
          2,
          1,
          1,
          1,
          1,
          1,
          1,
          1,
          1,
          1,
          1,
          0,
          0,
          0,
          0,
          0,
          1,
          1,
          1
        ],
        [
          2,
          2,
          2,
          2,
          2,
          2,
          1,
          1,
          1,
          1,
          1,
          1,
          1,
          1,
          1,
          1,
          0,
          0,
          0,
          0,
          0,
          1,
          1,
          1
        ],
        [
          2,
          2,
          2,
          2,
          2,
          2,
          1,
          1,
          1,
          1,
          1,
          1,
          1,
          1,
          1,
          1,
          0,
          0,
          0,
          0,
          0,
          1,
          1,
          1
        ],
        [
          2,
          2,
          2,
          2,
          2,
          2,
          1,
          1,
          1,
          1,
          1,
          1,
          1,
          1,
          1,
          1,
          0,
          0,
          0,
          0,
          0,
          1,
          1,
          1
        ],
        [
          5,
          5,
          5,
          5,
          5,
          5,
          4,
          4,
          4,
          4,
          4,
          4,
          4,
          4,
          4,
          4,
          3,
          3,
          3,
          3,
          3,
          4,
          4,
          4
        ],
        [
          5,
          5,
          5,
          5,
          5,
          5,
          4,
          4,
          4,
          4,
          4,
          4,
          4,
          4,
          4,
          4,
          3,
          3,
          3,
          3,
          3,
          4,
          4,
          4
        ]
      ],