{
  "items": [
    {
      "approved": true,
      "country": "USA",
      "demandrateunit": "kW",
      "demandunits": "kW",
      "eiaid": 9576,
      "energyratestructure": [
        [
          {
            "adj": 0.008478,
            "rate": 0.265098
          }
        ],
        [
          {
            "adj": 0.008478,
            "rate": 0.067549
          }
        ],
        [
          {
            "adj": 0.008478,
            "rate": 0.063068
          }
        ],
        [
          {
            "adj": 0.008478,
            "rate": 0.312504
          }
        ],
        [
          {
            "adj": 0.008478,
            "rate": 0.101749
          }
        ],
        [
          {
            "adj": 0.008478,
            "rate": 0.069353
          }
        ]
      ],
      "energyweekdayschedule": [
        [
          1,
          1,
          1,
          1,
          1,
          1,
          1,
          0,
          0,
          0,
          1,
          1,
          1,
          1,
          1,
          1,
          1,
          1,
          0,
          0,
          0,
          1,
          1,
          1
        ],
        [
          1,
          1,
          1,
          1,
          1,
          1,
          1,
          0,
          0,
          0,
          1,
          1,
          1,
          1,
          1,
          1,
          1,
          1,
          0,
          0,
          0,
          1,
          1,
          1
        ],
        [
          2,
          2,
          2,
          2,
          2,
          2,
          2,
          2,
          2,
          2,
          2,
          2,
          2,
          2,
          2,
          2,
          2,
          2,
          2,
          2,
          2,
          2,
          2,
          2
        ],
        [
          2,
          2,
          2,
          2,
          2,
          2,
          2,
          2,
          2,
          2,
          2,
          2,
          2,
          2,
          2,
          2,
          2,
          2,
          2,
          2,
          2,
          2,
          2,
          2
        ],
        [
          2,
          2,
          2,
          2,
          2,
          2,
          2,
          2,
          2,
          2,
          2,
          2,
          2,
          2,
          2,
          2,
          2,
          2,
          2,
          2,
          2,
          2,
          2,
          2
        ],
        [
          5,
          5,
          5,
          5,
          5,
          5,
          5,
          5,
          5,
          5,
          5,
          5,
          4,
          4,
          4,
          4,
          3,
          3,
          3,
          3,
          3,
          4,
          5,
          5
        ],
        [
          5,
          5,
          5,
          5,
          5,
          5,
          5,
          5,
          5,
          5,
          5,
          5,
          4,
          4,
          4,
          4,
          3,
          3,
          3,
          3,
          3,
          4,
          5,
          5
        ],
        [
          5,
          5,
          5,
          5,
          5,
          5,
          5,
          5,
          5,
          5,
          5,
          5,
          4,
          4,
          4,
          4,
          3,
          3,
          3,
          3,
          3,
          4,
          5,
          5
        ],
        [
          2,
          2,
          2,
          2,
          2,
          2,
          2,
          2,
          2,
          2,
          2,
          2,
          2,
          2,
          2,
          2,
          2,
          2,
          2,
          2,
          2,
          2,
          2,
          2
        ],
        [
          2,
          2,
          2,
          2,
          2,
          2,
          2,
          2,
          2,
          2,
          2,
          2,
          2,
          2,
          2,
          2,
          2,
          2,
          2,
          2,
          2,
          2,
          2,
          2
        ],
        [
          2,
          2,
          2,
          2,
          2,
          2,
          2,
          2,
          2,
          2,
          2,
          2,
          2,
          2,
          2,
          2,
          2,
          2,
          2,
          2,
          2,
          2,
          2,
          2
        ],
        [
          1,
          1,
          1,
          1,
          1,
          1,
          1,
          0,
          0,
          0,
          1,
          1,
          1,
          1,
          1,
          1,
          1,
          1,
          0,
          0,
          0,
          1,
          1,
          1
        ]
      ],