{
  "items": [
    {
      "approved": true,
      "country": "USA",
      "demandratestructure": [
        [
          {
            "adj": 0.061944,
            "rate": 3.48
          }
        ],
        [
          {
            "adj": 0.093094,
            "rate": 5.23
          }
        ],
        [
          {
            "adj": 0.123888,
            "rate": 6.96
          }
        ]
      ],
      "demandrateunit": "kW",
      "demandunits": "kVA",
      "demandweekdayschedule": [
        [
          0,
          0,
          0,
          0,
          0,
          0,
          2,
          2,
          2,
          2,
          2,
          2,
          1,
          1,
          1,
          1,
          1,
          1,
          1,
          1,
          1,
          1,
          0,
          0
        ],
        [
          0,
          0,
          0,
          0,
          0,
          0,
          2,
          2,
          2,
          2,
          2,
          2,
          1,
          1,
          1,
          1,
          1,
          1,
          1,
          1,
          1,
          1,
          0,
          0
        ],
        [
          0,
          0,
          0,
          0,
          0,
          0,
          2,
          2,
          2,
          2,
          2,
          2,
          1,
          1,
          1,
          1,
          1,
          1,
          1,
          1,
          1,
          1,
          0,
          0
        ],
        [
          0,
          0,
          0,
          0,
          0,
          0,
          2,
          2,
          2,
          2,
          2,
          2,
          1,
          1,
          1,
          1,
          1,
          1,
          1,
          1,
          1,
          1,
          0,
          0
        ],
        [
          0,
          0,
          0,
          0,
          0,
          0,
          0,
          0,
          0,
          0,
          1,
          1,
          1,
          2,
          2,
          2,
          2,
          2,
          2,
          1,
          1,
          1,
          0,
          0
        ],
        [
          0,
          0,
          0,
          0,
          0,
          0,
          0,
          0,
          0,
          0,
          1,
          1,
          1,
          2,
          2,
          2,
          2,
          2,
          2,
          1,
          1,
          1,
          0,
          0
        ],
        [
          0,
          0,
          0,
          0,
          0,
          0,
          0,
          0,
          0,
          0,
          1,
          1,
          1,
          2,
          2,
          2,
          2,
          2,
          2,
          1,
          1,
          1,
          0,
          0
        ],
        [
          0,
          0,
          0,
          0,
          0,
          0,
          0,
          0,
          0,
          0,
          1,
          1,
          1,
          2,
          2,
          2,
          2,
          2,
          2,
          1,
          1,
          1,
          0,
          0
        ],
        [
          0,
          0,
          0,
          0,
          0,
          0,
          0,
          0,
          0,
          0,
          1,
          1,
          1,
          2,
          2,
          2,
          2,
          2,
          2,
          1,
          1,
          1,
          0,
          0
        ],
        [
          0,
          0,
          0,
          0,
          0,
          0,
          2,
          2,
          2,
          2,
          2,
          2,
          1,
          1,
          1,
          1,
          1,
          1,
          1,
          1,
          1,
          1,
          0,
          0
        ],
        [
          0,
          0,
          0,
          0,
          0,
          0,
          2,
          2,
          2,
          2,
          2,
          2,
          1,
          1,
          1,
          1,
          1,
          1,
          1,
          1,
          1,
          1,
          0,
          0
        ],
        [
          0,
          0,
          0,
          0,
          0,
          0,
          2,
          2,
          2,
          2,
          2,
          2,
          1,
          1,
          1,
          1,
          1,
          1,
          1,
          1,
          1,
          1,
          0,
          0
        ]
      ],