{
  "items": [
    {
      "approved": true,
      "country": "USA",
      "demandrateunit": "kW",
      "demandunits": "kW",
      "eiaid": 13027,
      "enddate": 1412056800,
      "energyratestructure": [
        [
          {
            "adj": 0.02867,
            "max": 800,
            "rate": 0.06663,
            "unit": "kWh"
          },
          {
            "adj": 0.02867,
            "rate": 0.05946,
            "unit": "kWh"
          }
        ],
        [
          {
            "adj": 0.02867,
            "max": 800,
            "rate": 0.06339,
            "unit": "kWh"
          },
          {
            "adj": 0.02867,
            "rate": 0.05886,
            "unit": "kWh"
          }
        ],
        [
          {
            "adj": 0.02867,
            "max": 800,
            "rate": 0.06051,
            "unit": "kWh"
          },
          {
            "adj": 0.02867,
            "rate": 0.05886,
            "unit": "kWh"
          }
        ]
      ],
      "energyweekdayschedule": [
        [
          1,
          1,
          1,
          1,
          1,
          1,
          1,
          1,
          1,
          1,
          1,
          1,
          1,
          1,
          1,
          1,
          1,
          1,
          1,
          1,
          1,
          1,
          1,
          1
        ],
        [
          1,
          1,
          1,
          1,
          1,
          1,
          1,
          1,
          1,
          1,
          1,
          1,
          1,
          1,
          1,
          1,
          1,
          1,
          1,
          1,
          1,
          1,
          1,
          1
        ],
        [
          1,
          1,
          1,
          1,
          1,
          1,
          1,
          1,
          1,
          1,
          1,
          1,
          1,
          1,
          1,
          1,
          1,
          1,
          1,
          1,
          1,
          1,
          1,
          1
        ],
        [
          2,
          2,
          2,
          2,
          2,
          2,
          2,
          2,
          2,
          2,
          2,
          2,
          2,
          2,
          2,
          2,
          2,
          2,
          2,
          2,
          2,
          2,
          2,
          2
        ],
        [
          2,
          2,
          2,
          2,
          2,
          2,
          2,
          2,
          2,
          2,
          2,
          2,
          2,
          2,
          2,
          2,
          2,
          2,
          2,
          2,
          2,
          2,
          2,
          2
        ],
        [
          0,
          0,
          0,
          0,
          0,
          0,
          0,
          0,
          0,
          0,
          0,
          0,
          0,
          0,
          0,
          0,
          0,
          0,
          0,
          0,
          0,
          0,
          0,
          0
        ],
        [
          0,
          0,
          0,
          0,
          0,
          0,
          0,
          0,
          0,
          0,
          0,
          0,
          0,
          0,
          0,
          0,
          0,
          0,
          0,
          0,
          0,
          0,
          0,
          0
        ],
        [
          0,
          0,
          0,
          0,
          0,
          0,
          0,
          0,
          0,
          0,
          0,
          0,
          0,
          0,
          0,
          0,
          0,
          0,
          0,
          0,
          0,
          0,
          0,
          0
        ],
        [
          0,
          0,
          0,
          0,
          0,
          0,
          0,
          0,
          0,
          0,
          0,
          0,
          0,
          0,
          0,
          0,
          0,
          0,
          0,
          0,
          0,
          0,
          0,
          0
        ],
        [
          2,
          2,
          2,
          2,
          2,
          2,
          2,
          2,
          2,
          2,
          2,
          2,
          2,
          2,
          2,
          2,
          2,
          2,
          2,
          2,
          2,
          2,
          2,
          2
        ],
        [
          2,
          2,
          2,
          2,
          2,
          2,
          2,
          2,
          2,
          2,
          2,
          2,
          2,
          2,
          2,
          2,
          2,
          2,
          2,
          2,
          2,
          2,
          2,
          2
        ],
        [
          1,
          1,
          1,
          1,
          1,
          1,
          1,
          1,
          1,
          1,
          1,
          1,
          1,
          1,
          1,
          1,
          1,
          1,
          1,
          1,
          1,
          1,
          1,
          1
        ]
      ],