ba,year,elec_price_res,elec_price_com,elec_price_ind,elec_price_trans,nerc_region_abbr,scenario
p1,2014,0.15040274,0.12290297,0.09151172,0.12360004,NWPP,AEO2026 Low Economic Growth
p1,2015,0.15040274,0.12290297,0.09151172,0.12360004,NWPP,AEO2026 Low Economic Growth
p1,2016,0.15040274,0.12290297,0.09151172,0.12360004,NWPP,AEO2026 Low Economic Growth
p1,2017,0.15040274,0.12290297,0.09151172,0.12360004,NWPP,AEO2026 Low Economic Growth
p1,2018,0.15040274,0.12290297,0.09151172,0.12360004,NWPP,AEO2026 Low Economic Growth
p1,2019,0.15040274,0.12290297,0.09151172,0.12360004,NWPP,AEO2026 Low Economic Growth
p1,2020,0.15040274,0.12290297,0.09151172,0.12360004,NWPP,AEO2026 Low Economic Growth
p1,2021,0.15040274,0.12290297,0.09151172,0.12360004,NWPP,AEO2026 Low Economic Growth
p1,2022,0.15040274,0.12290297,0.09151172,0.12360004,NWPP,AEO2026 Low Economic Growth
p1,2023,0.15040274,0.12290297,0.09151172,0.12360004,NWPP,AEO2026 Low Economic Growth
p1,2024,0.15040274,0.12290297,0.09151172,0.12360004,NWPP,AEO2026 Low Economic Growth
p1,2025,0.15040274,0.12290297,0.09151172,0.12360004,NWPP,AEO2026 Low Economic Growth
p1,2026,0.15573902,0.12571704,0.09146634000000001,0.12386542,NWPP,AEO2026 Low Economic Growth
p1,2027,0.14858807000000002,0.11407102,0.07834106,0.11193289999999999,NWPP,AEO2026 Low Economic Growth
p1,2028,0.14423295,0.10963034,0.0754305,0.10667778,NWPP,AEO2026 Low Economic Growth
p1,2029,0.14696173999999998,0.11139404000000001,0.07623636,0.10829749,NWPP,AEO2026 Low Economic Growth
p1,2030,0.15047439,0.1135999,0.0778158,0.11044765999999999,NWPP,AEO2026 Low Economic Growth
p1,2031,0.15596056,0.11792642,0.08114526,0.1147586,NWPP,AEO2026 Low Economic Growth
p1,2032,0.16191643,0.12260745,0.08508101,0.11970534000000001,NWPP,AEO2026 Low Economic Growth
p1,2033,0.16880652999999998,0.1278914,0.08930141000000001,0.12516797000000002,NWPP,AEO2026 Low Economic Growth
p1,2034,0.17550459,0.13254488,0.09292876,0.12999797,NWPP,AEO2026 Low Economic Growth
p1,2035,0.18408394,0.13864312,0.09807225000000001,0.13614490999999998,NWPP,AEO2026 Low Economic Growth
p1,2036,0.19308676,0.14482166,0.10301724999999999,0.14212455999999998,NWPP,AEO2026 Low Economic Growth
p1,2037,0.20079996,0.14966564999999998,0.10669535,0.14711114,NWPP,AEO2026 Low Economic Growth
p1,2038,0.20994495000000002,0.15587084,0.11119452,0.15306246,NWPP,AEO2026 Low Economic Growth
p1,2039,0.22048899,0.16281816,0.11647125000000001,0.16017593000000002,NWPP,AEO2026 Low Economic Growth
p1,2040,0.23001373,0.16852944999999997,0.11963551,0.16572098000000002,NWPP,AEO2026 Low Economic Growth
p1,2041,0.23971581,0.17436857,0.12403008,0.17135344,NWPP,AEO2026 Low Economic Growth
p1,2042,0.24918521999999999,0.18001080000000003,0.12803140000000002,0.17689093,NWPP,AEO2026 Low Economic Growth
p1,2043,0.2583577,0.18545107000000002,0.13186654,0.18217096000000002,NWPP,AEO2026 Low Economic Growth
p1,2044,0.26820189,0.19140720000000003,0.13589857,0.18795071,NWPP,AEO2026 Low Economic Growth
p1,2045,0.27856359,0.19763086000000002,0.14012165,0.19371559000000002,NWPP,AEO2026 Low Economic Growth
p1,2046,0.2890159,0.20380516,0.14431409,0.19958947999999999,NWPP,AEO2026 Low Economic Growth
p1,2047,0.29952589,0.20994965000000002,0.14848974,0.20540013999999998,NWPP,AEO2026 Low Economic Growth
p1,2048,0.31062416,0.2165155,0.15278329,0.21163215999999999,NWPP,AEO2026 Low Economic Growth
p1,2049,0.32185982,0.22311142,0.15715458,0.21783128999999998,NWPP,AEO2026 Low Economic Growth
p1,2050,0.33376461,0.23024515,0.16207556,0.22451405000000002,NWPP,AEO2026 Low Economic Growth
p2,2014,0.15040274,0.12290297,0.09151172,0.12360004,NWPP,AEO2026 Low Economic Growth
p2,2015,0.15040274,0.12290297,0.09151172,0.12360004,NWPP,AEO2026 Low Economic Growth
p2,2016,0.15040274,0.12290297,0.09151172,0.12360004,NWPP,AEO2026 Low Economic Growth
p2,2017,0.15040274,0.12290297,0.09151172,0.12360004,NWPP,AEO2026 Low Economic Growth
p2,2018,0.15040274,0.12290297,0.09151172,0.12360004,NWPP,AEO2026 Low Economic Growth
p2,2019,0.15040274,0.12290297,0.09151172,0.12360004,NWPP,AEO2026 Low Economic Growth
p2,2020,0.15040274,0.12290297,0.09151172,0.12360004,NWPP,AEO2026 Low Economic Growth
p2,2021,0.15040274,0.12290297,0.09151172,0.12360004,NWPP,AEO2026 Low Economic Growth
p2,2022,0.15040274,0.12290297,0.09151172,0.12360004,NWPP,AEO2026 Low Economic Growth
p2,2023,0.15040274,0.12290297,0.09151172,0.12360004,NWPP,AEO2026 Low Economic Growth
p2,2024,0.15040274,0.12290297,0.09151172,0.12360004,NWPP,AEO2026 Low Economic Growth
p2,2025,0.15040274,0.12290297,0.09151172,0.12360004,NWPP,AEO2026 Low Economic Growth
p2,2026,0.15573902,0.12571704,0.09146634000000001,0.12386542,NWPP,AEO2026 Low Economic Growth
p2,2027,0.14858807000000002,0.11407102,0.07834106,0.11193289999999999,NWPP,AEO2026 Low Economic Growth
p2,2028,0.14423295,0.10963034,0.0754305,0.10667778,NWPP,AEO2026 Low Economic Growth
p2,2029,0.14696173999999998,0.11139404000000001,0.07623636,0.10829749,NWPP,AEO2026 Low Economic Growth
p2,2030,0.15047439,0.1135999,0.0778158,0.11044765999999999,NWPP,AEO2026 Low Economic Growth
p2,2031,0.15596056,0.11792642,0.08114526,0.1147586,NWPP,AEO2026 Low Economic Growth
p2,2032,0.16191643,0.12260745,0.08508101,0.11970534000000001,NWPP,AEO2026 Low Economic Growth
p2,2033,0.16880652999999998,0.1278914,0.08930141000000001,0.12516797000000002,NWPP,AEO2026 Low Economic Growth
p2,2034,0.17550459,0.13254488,0.09292876,0.12999797,NWPP,AEO2026 Low Economic Growth
p2,2035,0.18408394,0.13864312,0.09807225000000001,0.13614490999999998,NWPP,AEO2026 Low Economic Growth
p2,2036,0.19308676,0.14482166,0.10301724999999999,0.14212455999999998,NWPP,AEO2026 Low Economic Growth
p2,2037,0.20079996,0.14966564999999998,0.10669535,0.14711114,NWPP,AEO2026 Low Economic Growth
p2,2038,0.20994495000000002,0.15587084,0.11119452,0.15306246,NWPP,AEO2026 Low Economic Growth
p2,2039,0.22048899,0.16281816,0.11647125000000001,0.16017593000000002,NWPP,AEO2026 Low Economic Growth
p2,2040,0.23001373,0.16852944999999997,0.11963551,0.16572098000000002,NWPP,AEO2026 Low Economic Growth
p2,2041,0.23971581,0.17436857,0.12403008,0.17135344,NWPP,AEO2026 Low Economic Growth
p2,2042,0.24918521999999999,0.18001080000000003,0.12803140000000002,0.17689093,NWPP,AEO2026 Low Economic Growth
p2,2043,0.2583577,0.18545107000000002,0.13186654,0.18217096000000002,NWPP,AEO2026 Low Economic Growth
p2,2044,0.26820189,0.19140720000000003,0.13589857,0.18795071,NWPP,AEO2026 Low Economic Growth
p2,2045,0.27856359,0.19763086000000002,0.14012165,0.19371559000000002,NWPP,AEO2026 Low Economic Growth
p2,2046,0.2890159,0.20380516,0.14431409,0.19958947999999999,NWPP,AEO2026 Low Economic Growth
p2,2047,0.29952589,0.20994965000000002,0.14848974,0.20540013999999998,NWPP,AEO2026 Low Economic Growth
p2,2048,0.31062416,0.2165155,0.15278329,0.21163215999999999,NWPP,AEO2026 Low Economic Growth
p2,2049,0.32185982,0.22311142,0.15715458,0.21783128999999998,NWPP,AEO2026 Low Economic Growth
p2,2050,0.33376461,0.23024515,0.16207556,0.22451405000000002,NWPP,AEO2026 Low Economic Growth
p3,2014,0.15040274,0.12290297,0.09151172,0.12360004,NWPP,AEO2026 Low Economic Growth
p3,2015,0.15040274,0.12290297,0.09151172,0.12360004,NWPP,AEO2026 Low Economic Growth
p3,2016,0.15040274,0.12290297,0.09151172,0.12360004,NWPP,AEO2026 Low Economic Growth
p3,2017,0.15040274,0.12290297,0.09151172,0.12360004,NWPP,AEO2026 Low Economic Growth
p3,2018,0.15040274,0.12290297,0.09151172,0.12360004,NWPP,AEO2026 Low Economic Growth
p3,2019,0.15040274,0.12290297,0.09151172,0.12360004,NWPP,AEO2026 Low Economic Growth
p3,2020,0.15040274,0.12290297,0.09151172,0.12360004,NWPP,AEO2026 Low Economic Growth
p3,2021,0.15040274,0.12290297,0.09151172,0.12360004,NWPP,AEO2026 Low Economic Growth
p3,2022,0.15040274,0.12290297,0.09151172,0.12360004,NWPP,AEO2026 Low Economic Growth
p3,2023,0.15040274,0.12290297,0.09151172,0.12360004,NWPP,AEO2026 Low Economic Growth
p3,2024,0.15040274,0.12290297,0.09151172,0.12360004,NWPP,AEO2026 Low Economic Growth
p3,2025,0.15040274,0.12290297,0.09151172,0.12360004,NWPP,AEO2026 Low Economic Growth
p3,2026,0.15573902,0.12571704,0.09146634000000001,0.12386542,NWPP,AEO2026 Low Economic Growth
p3,2027,0.14858807000000002,0.11407102,0.07834106,0.11193289999999999,NWPP,AEO2026 Low Economic Growth
p3,2028,0.14423295,0.10963034,0.0754305,0.10667778,NWPP,AEO2026 Low Economic Growth
p3,2029,0.14696173999999998,0.11139404000000001,0.07623636,0.10829749,NWPP,AEO2026 Low Economic Growth
p3,2030,0.15047439,0.1135999,0.0778158,0.11044765999999999,NWPP,AEO2026 Low Economic Growth
p3,2031,0.15596056,0.11792642,0.08114526,0.1147586,NWPP,AEO2026 Low Economic Growth
p3,2032,0.16191643,0.12260745,0.08508101,0.11970534000000001,NWPP,AEO2026 Low Economic Growth
p3,2033,0.16880652999999998,0.1278914,0.08930141000000001,0.12516797000000002,NWPP,AEO2026 Low Economic Growth
p3,2034,0.17550459,0.13254488,0.09292876,0.12999797,NWPP,AEO2026 Low Economic Growth
p3,2035,0.18408394,0.13864312,0.09807225000000001,0.13614490999999998,NWPP,AEO2026 Low Economic Growth
p3,2036,0.19308676,0.14482166,0.10301724999999999,0.14212455999999998,NWPP,AEO2026 Low Economic Growth
p3,2037,0.20079996,0.14966564999999998,0.10669535,0.14711114,NWPP,AEO2026 Low Economic Growth
p3,2038,0.20994495000000002,0.15587084,0.11119452,0.15306246,NWPP,AEO2026 Low Economic Growth
p3,2039,0.22048899,0.16281816,0.11647125000000001,0.16017593000000002,NWPP,AEO2026 Low Economic Growth
p3,2040,0.23001373,0.16852944999999997,0.11963551,0.16572098000000002,NWPP,AEO2026 Low Economic Growth
p3,2041,0.23971581,0.17436857,0.12403008,0.17135344,NWPP,AEO2026 Low Economic Growth
p3,2042,0.24918521999999999,0.18001080000000003,0.12803140000000002,0.17689093,NWPP,AEO2026 Low Economic Growth
p3,2043,0.2583577,0.18545107000000002,0.13186654,0.18217096000000002,NWPP,AEO2026 Low Economic Growth
p3,2044,0.26820189,0.19140720000000003,0.13589857,0.18795071,NWPP,AEO2026 Low Economic Growth
p3,2045,0.27856359,0.19763086000000002,0.14012165,0.19371559000000002,NWPP,AEO2026 Low Economic Growth
p3,2046,0.2890159,0.20380516,0.14431409,0.19958947999999999,NWPP,AEO2026 Low Economic Growth
p3,2047,0.29952589,0.20994965000000002,0.14848974,0.20540013999999998,NWPP,AEO2026 Low Economic Growth
p3,2048,0.31062416,0.2165155,0.15278329,0.21163215999999999,NWPP,AEO2026 Low Economic Growth
p3,2049,0.32185982,0.22311142,0.15715458,0.21783128999999998,NWPP,AEO2026 Low Economic Growth
p3,2050,0.33376461,0.23024515,0.16207556,0.22451405000000002,NWPP,AEO2026 Low Economic Growth
p4,2014,0.15040274,0.12290297,0.09151172,0.12360004,NWPP,AEO2026 Low Economic Growth
p4,2015,0.15040274,0.12290297,0.09151172,0.12360004,NWPP,AEO2026 Low Economic Growth
p4,2016,0.15040274,0.12290297,0.09151172,0.12360004,NWPP,AEO2026 Low Economic Growth
p4,2017,0.15040274,0.12290297,0.09151172,0.12360004,NWPP,AEO2026 Low Economic Growth
p4,2018,0.15040274,0.12290297,0.09151172,0.12360004,NWPP,AEO2026 Low Economic Growth
p4,2019,0.15040274,0.12290297,0.09151172,0.12360004,NWPP,AEO2026 Low Economic Growth
p4,2020,0.15040274,0.12290297,0.09151172,0.12360004,NWPP,AEO2026 Low Economic Growth
p4,2021,0.15040274,0.12290297,0.09151172,0.12360004,NWPP,AEO2026 Low Economic Growth
p4,2022,0.15040274,0.12290297,0.09151172,0.12360004,NWPP,AEO2026 Low Economic Growth
p4,2023,0.15040274,0.12290297,0.09151172,0.12360004,NWPP,AEO2026 Low Economic Growth
p4,2024,0.15040274,0.12290297,0.09151172,0.12360004,NWPP,AEO2026 Low Economic Growth
p4,2025,0.15040274,0.12290297,0.09151172,0.12360004,NWPP,AEO2026 Low Economic Growth
p4,2026,0.15573902,0.12571704,0.09146634000000001,0.12386542,NWPP,AEO2026 Low Economic Growth
p4,2027,0.14858807000000002,0.11407102,0.07834106,0.11193289999999999,NWPP,AEO2026 Low Economic Growth
p4,2028,0.14423295,0.10963034,0.0754305,0.10667778,NWPP,AEO2026 Low Economic Growth
p4,2029,0.14696173999999998,0.11139404000000001,0.07623636,0.10829749,NWPP,AEO2026 Low Economic Growth
p4,2030,0.15047439,0.1135999,0.0778158,0.11044765999999999,NWPP,AEO2026 Low Economic Growth
p4,2031,0.15596056,0.11792642,0.08114526,0.1147586,NWPP,AEO2026 Low Economic Growth
p4,2032,0.16191643,0.12260745,0.08508101,0.11970534000000001,NWPP,AEO2026 Low Economic Growth
p4,2033,0.16880652999999998,0.1278914,0.08930141000000001,0.12516797000000002,NWPP,AEO2026 Low Economic Growth
p4,2034,0.17550459,0.13254488,0.09292876,0.12999797,NWPP,AEO2026 Low Economic Growth
p4,2035,0.18408394,0.13864312,0.09807225000000001,0.13614490999999998,NWPP,AEO2026 Low Economic Growth
p4,2036,0.19308676,0.14482166,0.10301724999999999,0.14212455999999998,NWPP,AEO2026 Low Economic Growth
p4,2037,0.20079996,0.14966564999999998,0.10669535,0.14711114,NWPP,AEO2026 Low Economic Growth
p4,2038,0.20994495000000002,0.15587084,0.11119452,0.15306246,NWPP,AEO2026 Low Economic Growth
p4,2039,0.22048899,0.16281816,0.11647125000000001,0.16017593000000002,NWPP,AEO2026 Low Economic Growth
p4,2040,0.23001373,0.16852944999999997,0.11963551,0.16572098000000002,NWPP,AEO2026 Low Economic Growth
p4,2041,0.23971581,0.17436857,0.12403008,0.17135344,NWPP,AEO2026 Low Economic Growth
p4,2042,0.24918521999999999,0.18001080000000003,0.12803140000000002,0.17689093,NWPP,AEO2026 Low Economic Growth
p4,2043,0.2583577,0.18545107000000002,0.13186654,0.18217096000000002,NWPP,AEO2026 Low Economic Growth
p4,2044,0.26820189,0.19140720000000003,0.13589857,0.18795071,NWPP,AEO2026 Low Economic Growth
p4,2045,0.27856359,0.19763086000000002,0.14012165,0.19371559000000002,NWPP,AEO2026 Low Economic Growth
p4,2046,0.2890159,0.20380516,0.14431409,0.19958947999999999,NWPP,AEO2026 Low Economic Growth
p4,2047,0.29952589,0.20994965000000002,0.14848974,0.20540013999999998,NWPP,AEO2026 Low Economic Growth
p4,2048,0.31062416,0.2165155,0.15278329,0.21163215999999999,NWPP,AEO2026 Low Economic Growth
p4,2049,0.32185982,0.22311142,0.15715458,0.21783128999999998,NWPP,AEO2026 Low Economic Growth
p4,2050,0.33376461,0.23024515,0.16207556,0.22451405000000002,NWPP,AEO2026 Low Economic Growth
p5,2014,0.15040274,0.12290297,0.09151172,0.12360004,NWPP,AEO2026 Low Economic Growth
p5,2015,0.15040274,0.12290297,0.09151172,0.12360004,NWPP,AEO2026 Low Economic Growth
p5,2016,0.15040274,0.12290297,0.09151172,0.12360004,NWPP,AEO2026 Low Economic Growth
p5,2017,0.15040274,0.12290297,0.09151172,0.12360004,NWPP,AEO2026 Low Economic Growth
p5,2018,0.15040274,0.12290297,0.09151172,0.12360004,NWPP,AEO2026 Low Economic Growth
p5,2019,0.15040274,0.12290297,0.09151172,0.12360004,NWPP,AEO2026 Low Economic Growth
p5,2020,0.15040274,0.12290297,0.09151172,0.12360004,NWPP,AEO2026 Low Economic Growth
p5,2021,0.15040274,0.12290297,0.09151172,0.12360004,NWPP,AEO2026 Low Economic Growth
p5,2022,0.15040274,0.12290297,0.09151172,0.12360004,NWPP,AEO2026 Low Economic Growth
p5,2023,0.15040274,0.12290297,0.09151172,0.12360004,NWPP,AEO2026 Low Economic Growth
p5,2024,0.15040274,0.12290297,0.09151172,0.12360004,NWPP,AEO2026 Low Economic Growth
p5,2025,0.15040274,0.12290297,0.09151172,0.12360004,NWPP,AEO2026 Low Economic Growth
p5,2026,0.15573902,0.12571704,0.09146634000000001,0.12386542,NWPP,AEO2026 Low Economic Growth
p5,2027,0.14858807000000002,0.11407102,0.07834106,0.11193289999999999,NWPP,AEO2026 Low Economic Growth
p5,2028,0.14423295,0.10963034,0.0754305,0.10667778,NWPP,AEO2026 Low Economic Growth
p5,2029,0.14696173999999998,0.11139404000000001,0.07623636,0.10829749,NWPP,AEO2026 Low Economic Growth
p5,2030,0.15047439,0.1135999,0.0778158,0.11044765999999999,NWPP,AEO2026 Low Economic Growth
p5,2031,0.15596056,0.11792642,0.08114526,0.1147586,NWPP,AEO2026 Low Economic Growth
p5,2032,0.16191643,0.12260745,0.08508101,0.11970534000000001,NWPP,AEO2026 Low Economic Growth
p5,2033,0.16880652999999998,0.1278914,0.08930141000000001,0.12516797000000002,NWPP,AEO2026 Low Economic Growth
p5,2034,0.17550459,0.13254488,0.09292876,0.12999797,NWPP,AEO2026 Low Economic Growth
p5,2035,0.18408394,0.13864312,0.09807225000000001,0.13614490999999998,NWPP,AEO2026 Low Economic Growth
p5,2036,0.19308676,0.14482166,0.10301724999999999,0.14212455999999998,NWPP,AEO2026 Low Economic Growth
p5,2037,0.20079996,0.14966564999999998,0.10669535,0.14711114,NWPP,AEO2026 Low Economic Growth
p5,2038,0.20994495000000002,0.15587084,0.11119452,0.15306246,NWPP,AEO2026 Low Economic Growth
p5,2039,0.22048899,0.16281816,0.11647125000000001,0.16017593000000002,NWPP,AEO2026 Low Economic Growth
p5,2040,0.23001373,0.16852944999999997,0.11963551,0.16572098000000002,NWPP,AEO2026 Low Economic Growth
p5,2041,0.23971581,0.17436857,0.12403008,0.17135344,NWPP,AEO2026 Low Economic Growth
p5,2042,0.24918521999999999,0.18001080000000003,0.12803140000000002,0.17689093,NWPP,AEO2026 Low Economic Growth
p5,2043,0.2583577,0.18545107000000002,0.13186654,0.18217096000000002,NWPP,AEO2026 Low Economic Growth
p5,2044,0.26820189,0.19140720000000003,0.13589857,0.18795071,NWPP,AEO2026 Low Economic Growth
p5,2045,0.27856359,0.19763086000000002,0.14012165,0.19371559000000002,NWPP,AEO2026 Low Economic Growth
p5,2046,0.2890159,0.20380516,0.14431409,0.19958947999999999,NWPP,AEO2026 Low Economic Growth
p5,2047,0.29952589,0.20994965000000002,0.14848974,0.20540013999999998,NWPP,AEO2026 Low Economic Growth
p5,2048,0.31062416,0.2165155,0.15278329,0.21163215999999999,NWPP,AEO2026 Low Economic Growth
p5,2049,0.32185982,0.22311142,0.15715458,0.21783128999999998,NWPP,AEO2026 Low Economic Growth
p5,2050,0.33376461,0.23024515,0.16207556,0.22451405000000002,NWPP,AEO2026 Low Economic Growth
p6,2014,0.15040274,0.12290297,0.09151172,0.12360004,NWPP,AEO2026 Low Economic Growth
p6,2015,0.15040274,0.12290297,0.09151172,0.12360004,NWPP,AEO2026 Low Economic Growth
p6,2016,0.15040274,0.12290297,0.09151172,0.12360004,NWPP,AEO2026 Low Economic Growth
p6,2017,0.15040274,0.12290297,0.09151172,0.12360004,NWPP,AEO2026 Low Economic Growth
p6,2018,0.15040274,0.12290297,0.09151172,0.12360004,NWPP,AEO2026 Low Economic Growth
p6,2019,0.15040274,0.12290297,0.09151172,0.12360004,NWPP,AEO2026 Low Economic Growth
p6,2020,0.15040274,0.12290297,0.09151172,0.12360004,NWPP,AEO2026 Low Economic Growth
p6,2021,0.15040274,0.12290297,0.09151172,0.12360004,NWPP,AEO2026 Low Economic Growth
p6,2022,0.15040274,0.12290297,0.09151172,0.12360004,NWPP,AEO2026 Low Economic Growth
p6,2023,0.15040274,0.12290297,0.09151172,0.12360004,NWPP,AEO2026 Low Economic Growth
p6,2024,0.15040274,0.12290297,0.09151172,0.12360004,NWPP,AEO2026 Low Economic Growth
p6,2025,0.15040274,0.12290297,0.09151172,0.12360004,NWPP,AEO2026 Low Economic Growth
p6,2026,0.15573902,0.12571704,0.09146634000000001,0.12386542,NWPP,AEO2026 Low Economic Growth
p6,2027,0.14858807000000002,0.11407102,0.07834106,0.11193289999999999,NWPP,AEO2026 Low Economic Growth
p6,2028,0.14423295,0.10963034,0.0754305,0.10667778,NWPP,AEO2026 Low Economic Growth
p6,2029,0.14696173999999998,0.11139404000000001,0.07623636,0.10829749,NWPP,AEO2026 Low Economic Growth
p6,2030,0.15047439,0.1135999,0.0778158,0.11044765999999999,NWPP,AEO2026 Low Economic Growth
p6,2031,0.15596056,0.11792642,0.08114526,0.1147586,NWPP,AEO2026 Low Economic Growth
p6,2032,0.16191643,0.12260745,0.08508101,0.11970534000000001,NWPP,AEO2026 Low Economic Growth
p6,2033,0.16880652999999998,0.1278914,0.08930141000000001,0.12516797000000002,NWPP,AEO2026 Low Economic Growth
p6,2034,0.17550459,0.13254488,0.09292876,0.12999797,NWPP,AEO2026 Low Economic Growth
p6,2035,0.18408394,0.13864312,0.09807225000000001,0.13614490999999998,NWPP,AEO2026 Low Economic Growth
p6,2036,0.19308676,0.14482166,0.10301724999999999,0.14212455999999998,NWPP,AEO2026 Low Economic Growth
p6,2037,0.20079996,0.14966564999999998,0.10669535,0.14711114,NWPP,AEO2026 Low Economic Growth
p6,2038,0.20994495000000002,0.15587084,0.11119452,0.15306246,NWPP,AEO2026 Low Economic Growth
p6,2039,0.22048899,0.16281816,0.11647125000000001,0.16017593000000002,NWPP,AEO2026 Low Economic Growth
p6,2040,0.23001373,0.16852944999999997,0.11963551,0.16572098000000002,NWPP,AEO2026 Low Economic Growth
p6,2041,0.23971581,0.17436857,0.12403008,0.17135344,NWPP,AEO2026 Low Economic Growth
p6,2042,0.24918521999999999,0.18001080000000003,0.12803140000000002,0.17689093,NWPP,AEO2026 Low Economic Growth
p6,2043,0.2583577,0.18545107000000002,0.13186654,0.18217096000000002,NWPP,AEO2026 Low Economic Growth
p6,2044,0.26820189,0.19140720000000003,0.13589857,0.18795071,NWPP,AEO2026 Low Economic Growth
p6,2045,0.27856359,0.19763086000000002,0.14012165,0.19371559000000002,NWPP,AEO2026 Low Economic Growth
p6,2046,0.2890159,0.20380516,0.14431409,0.19958947999999999,NWPP,AEO2026 Low Economic Growth
p6,2047,0.29952589,0.20994965000000002,0.14848974,0.20540013999999998,NWPP,AEO2026 Low Economic Growth
p6,2048,0.31062416,0.2165155,0.15278329,0.21163215999999999,NWPP,AEO2026 Low Economic Growth
p6,2049,0.32185982,0.22311142,0.15715458,0.21783128999999998,NWPP,AEO2026 Low Economic Growth
p6,2050,0.33376461,0.23024515,0.16207556,0.22451405000000002,NWPP,AEO2026 Low Economic Growth
p7,2014,0.15040274,0.12290297,0.09151172,0.12360004,NWPP,AEO2026 Low Economic Growth
p7,2015,0.15040274,0.12290297,0.09151172,0.12360004,NWPP,AEO2026 Low Economic Growth
p7,2016,0.15040274,0.12290297,0.09151172,0.12360004,NWPP,AEO2026 Low Economic Growth
p7,2017,0.15040274,0.12290297,0.09151172,0.12360004,NWPP,AEO2026 Low Economic Growth
p7,2018,0.15040274,0.12290297,0.09151172,0.12360004,NWPP,AEO2026 Low Economic Growth
p7,2019,0.15040274,0.12290297,0.09151172,0.12360004,NWPP,AEO2026 Low Economic Growth
p7,2020,0.15040274,0.12290297,0.09151172,0.12360004,NWPP,AEO2026 Low Economic Growth
p7,2021,0.15040274,0.12290297,0.09151172,0.12360004,NWPP,AEO2026 Low Economic Growth
p7,2022,0.15040274,0.12290297,0.09151172,0.12360004,NWPP,AEO2026 Low Economic Growth
p7,2023,0.15040274,0.12290297,0.09151172,0.12360004,NWPP,AEO2026 Low Economic Growth
p7,2024,0.15040274,0.12290297,0.09151172,0.12360004,NWPP,AEO2026 Low Economic Growth
p7,2025,0.15040274,0.12290297,0.09151172,0.12360004,NWPP,AEO2026 Low Economic Growth
p7,2026,0.15573902,0.12571704,0.09146634000000001,0.12386542,NWPP,AEO2026 Low Economic Growth
p7,2027,0.14858807000000002,0.11407102,0.07834106,0.11193289999999999,NWPP,AEO2026 Low Economic Growth
p7,2028,0.14423295,0.10963034,0.0754305,0.10667778,NWPP,AEO2026 Low Economic Growth
p7,2029,0.14696173999999998,0.11139404000000001,0.07623636,0.10829749,NWPP,AEO2026 Low Economic Growth
p7,2030,0.15047439,0.1135999,0.0778158,0.11044765999999999,NWPP,AEO2026 Low Economic Growth
p7,2031,0.15596056,0.11792642,0.08114526,0.1147586,NWPP,AEO2026 Low Economic Growth
p7,2032,0.16191643,0.12260745,0.08508101,0.11970534000000001,NWPP,AEO2026 Low Economic Growth
p7,2033,0.16880652999999998,0.1278914,0.08930141000000001,0.12516797000000002,NWPP,AEO2026 Low Economic Growth
p7,2034,0.17550459,0.13254488,0.09292876,0.12999797,NWPP,AEO2026 Low Economic Growth
p7,2035,0.18408394,0.13864312,0.09807225000000001,0.13614490999999998,NWPP,AEO2026 Low Economic Growth
p7,2036,0.19308676,0.14482166,0.10301724999999999,0.14212455999999998,NWPP,AEO2026 Low Economic Growth
p7,2037,0.20079996,0.14966564999999998,0.10669535,0.14711114,NWPP,AEO2026 Low Economic Growth
p7,2038,0.20994495000000002,0.15587084,0.11119452,0.15306246,NWPP,AEO2026 Low Economic Growth
p7,2039,0.22048899,0.16281816,0.11647125000000001,0.16017593000000002,NWPP,AEO2026 Low Economic Growth
p7,2040,0.23001373,0.16852944999999997,0.11963551,0.16572098000000002,NWPP,AEO2026 Low Economic Growth
p7,2041,0.23971581,0.17436857,0.12403008,0.17135344,NWPP,AEO2026 Low Economic Growth
p7,2042,0.24918521999999999,0.18001080000000003,0.12803140000000002,0.17689093,NWPP,AEO2026 Low Economic Growth
p7,2043,0.2583577,0.18545107000000002,0.13186654,0.18217096000000002,NWPP,AEO2026 Low Economic Growth
p7,2044,0.26820189,0.19140720000000003,0.13589857,0.18795071,NWPP,AEO2026 Low Economic Growth
p7,2045,0.27856359,0.19763086000000002,0.14012165,0.19371559000000002,NWPP,AEO2026 Low Economic Growth
p7,2046,0.2890159,0.20380516,0.14431409,0.19958947999999999,NWPP,AEO2026 Low Economic Growth
p7,2047,0.29952589,0.20994965000000002,0.14848974,0.20540013999999998,NWPP,AEO2026 Low Economic Growth
p7,2048,0.31062416,0.2165155,0.15278329,0.21163215999999999,NWPP,AEO2026 Low Economic Growth
p7,2049,0.32185982,0.22311142,0.15715458,0.21783128999999998,NWPP,AEO2026 Low Economic Growth
p7,2050,0.33376461,0.23024515,0.16207556,0.22451405000000002,NWPP,AEO2026 Low Economic Growth
p8,2014,0.15040274,0.12290297,0.09151172,0.12360004,NWPP,AEO2026 Low Economic Growth
p8,2015,0.15040274,0.12290297,0.09151172,0.12360004,NWPP,AEO2026 Low Economic Growth
p8,2016,0.15040274,0.12290297,0.09151172,0.12360004,NWPP,AEO2026 Low Economic Growth
p8,2017,0.15040274,0.12290297,0.09151172,0.12360004,NWPP,AEO2026 Low Economic Growth
p8,2018,0.15040274,0.12290297,0.09151172,0.12360004,NWPP,AEO2026 Low Economic Growth
p8,2019,0.15040274,0.12290297,0.09151172,0.12360004,NWPP,AEO2026 Low Economic Growth
p8,2020,0.15040274,0.12290297,0.09151172,0.12360004,NWPP,AEO2026 Low Economic Growth
p8,2021,0.15040274,0.12290297,0.09151172,0.12360004,NWPP,AEO2026 Low Economic Growth
p8,2022,0.15040274,0.12290297,0.09151172,0.12360004,NWPP,AEO2026 Low Economic Growth
p8,2023,0.15040274,0.12290297,0.09151172,0.12360004,NWPP,AEO2026 Low Economic Growth
p8,2024,0.15040274,0.12290297,0.09151172,0.12360004,NWPP,AEO2026 Low Economic Growth
p8,2025,0.15040274,0.12290297,0.09151172,0.12360004,NWPP,AEO2026 Low Economic Growth
p8,2026,0.15573902,0.12571704,0.09146634000000001,0.12386542,NWPP,AEO2026 Low Economic Growth
p8,2027,0.14858807000000002,0.11407102,0.07834106,0.11193289999999999,NWPP,AEO2026 Low Economic Growth
p8,2028,0.14423295,0.10963034,0.0754305,0.10667778,NWPP,AEO2026 Low Economic Growth
p8,2029,0.14696173999999998,0.11139404000000001,0.07623636,0.10829749,NWPP,AEO2026 Low Economic Growth
p8,2030,0.15047439,0.1135999,0.0778158,0.11044765999999999,NWPP,AEO2026 Low Economic Growth
p8,2031,0.15596056,0.11792642,0.08114526,0.1147586,NWPP,AEO2026 Low Economic Growth
p8,2032,0.16191643,0.12260745,0.08508101,0.11970534000000001,NWPP,AEO2026 Low Economic Growth
p8,2033,0.16880652999999998,0.1278914,0.08930141000000001,0.12516797000000002,NWPP,AEO2026 Low Economic Growth
p8,2034,0.17550459,0.13254488,0.09292876,0.12999797,NWPP,AEO2026 Low Economic Growth
p8,2035,0.18408394,0.13864312,0.09807225000000001,0.13614490999999998,NWPP,AEO2026 Low Economic Growth
p8,2036,0.19308676,0.14482166,0.10301724999999999,0.14212455999999998,NWPP,AEO2026 Low Economic Growth
p8,2037,0.20079996,0.14966564999999998,0.10669535,0.14711114,NWPP,AEO2026 Low Economic Growth
p8,2038,0.20994495000000002,0.15587084,0.11119452,0.15306246,NWPP,AEO2026 Low Economic Growth
p8,2039,0.22048899,0.16281816,0.11647125000000001,0.16017593000000002,NWPP,AEO2026 Low Economic Growth
p8,2040,0.23001373,0.16852944999999997,0.11963551,0.16572098000000002,NWPP,AEO2026 Low Economic Growth
p8,2041,0.23971581,0.17436857,0.12403008,0.17135344,NWPP,AEO2026 Low Economic Growth
p8,2042,0.24918521999999999,0.18001080000000003,0.12803140000000002,0.17689093,NWPP,AEO2026 Low Economic Growth
p8,2043,0.2583577,0.18545107000000002,0.13186654,0.18217096000000002,NWPP,AEO2026 Low Economic Growth
p8,2044,0.26820189,0.19140720000000003,0.13589857,0.18795071,NWPP,AEO2026 Low Economic Growth
p8,2045,0.27856359,0.19763086000000002,0.14012165,0.19371559000000002,NWPP,AEO2026 Low Economic Growth
p8,2046,0.2890159,0.20380516,0.14431409,0.19958947999999999,NWPP,AEO2026 Low Economic Growth
p8,2047,0.29952589,0.20994965000000002,0.14848974,0.20540013999999998,NWPP,AEO2026 Low Economic Growth
p8,2048,0.31062416,0.2165155,0.15278329,0.21163215999999999,NWPP,AEO2026 Low Economic Growth
p8,2049,0.32185982,0.22311142,0.15715458,0.21783128999999998,NWPP,AEO2026 Low Economic Growth
p8,2050,0.33376461,0.23024515,0.16207556,0.22451405000000002,NWPP,AEO2026 Low Economic Growth
p9,2014,0.28170008,0.22707422000000002,0.1908778,0.23350390999999998,CANO,AEO2026 Low Economic Growth
p9,2015,0.28170008,0.22707422000000002,0.1908778,0.23350390999999998,CANO,AEO2026 Low Economic Growth
p9,2016,0.28170008,0.22707422000000002,0.1908778,0.23350390999999998,CANO,AEO2026 Low Economic Growth
p9,2017,0.28170008,0.22707422000000002,0.1908778,0.23350390999999998,CANO,AEO2026 Low Economic Growth
p9,2018,0.28170008,0.22707422000000002,0.1908778,0.23350390999999998,CANO,AEO2026 Low Economic Growth
p9,2019,0.28170008,0.22707422000000002,0.1908778,0.23350390999999998,CANO,AEO2026 Low Economic Growth
p9,2020,0.28170008,0.22707422000000002,0.1908778,0.23350390999999998,CANO,AEO2026 Low Economic Growth
p9,2021,0.28170008,0.22707422000000002,0.1908778,0.23350390999999998,CANO,AEO2026 Low Economic Growth
p9,2022,0.28170008,0.22707422000000002,0.1908778,0.23350390999999998,CANO,AEO2026 Low Economic Growth
p9,2023,0.28170008,0.22707422000000002,0.1908778,0.23350390999999998,CANO,AEO2026 Low Economic Growth
p9,2024,0.28170008,0.22707422000000002,0.1908778,0.23350390999999998,CANO,AEO2026 Low Economic Growth
p9,2025,0.28170008,0.22707422000000002,0.1908778,0.23350390999999998,CANO,AEO2026 Low Economic Growth
p9,2026,0.2934429,0.24052795,0.19963421,0.24440672,CANO,AEO2026 Low Economic Growth
p9,2027,0.2929422,0.23067713,0.18810274,0.23580099000000002,CANO,AEO2026 Low Economic Growth
p9,2028,0.29105089,0.22780296,0.18458798999999998,0.23146429000000002,CANO,AEO2026 Low Economic Growth
p9,2029,0.30112269999999997,0.23669263999999998,0.19176472,0.24027292,CANO,AEO2026 Low Economic Growth
p9,2030,0.31445898,0.24793806,0.20145685,0.25140459,CANO,AEO2026 Low Economic Growth
p9,2031,0.32773144000000004,0.25903645999999997,0.21107388,0.26312473000000003,CANO,AEO2026 Low Economic Growth
p9,2032,0.34070068,0.27023766,0.22099272,0.27402601,CANO,AEO2026 Low Economic Growth
p9,2033,0.35287838,0.28016231999999996,0.22951252,0.2844202,CANO,AEO2026 Low Economic Growth
p9,2034,0.36988574999999996,0.29413784,0.24091581,0.29729694,CANO,AEO2026 Low Economic Growth
p9,2035,0.38920321999999996,0.30952274,0.25454456000000003,0.31247467,CANO,AEO2026 Low Economic Growth
p9,2036,0.41056122,0.32595608,0.2692655,0.32769385999999995,CANO,AEO2026 Low Economic Growth
p9,2037,0.42770699,0.3387471,0.27946871,0.34102027999999995,CANO,AEO2026 Low Economic Growth
p9,2038,0.43911037,0.34606243,0.28391951,0.34861961,CANO,AEO2026 Low Economic Growth
p9,2039,0.44283569,0.34398212,0.28087759,0.34723492,CANO,AEO2026 Low Economic Growth
p9,2040,0.45526894,0.34991951,0.28511198,0.35330902000000003,CANO,AEO2026 Low Economic Growth
p9,2041,0.47302174,0.36205059,0.29441689,0.36464939,CANO,AEO2026 Low Economic Growth
p9,2042,0.49233063,0.3764077,0.30472774999999996,0.37724518,CANO,AEO2026 Low Economic Growth
p9,2043,0.51126209,0.38976158,0.31422989,0.3890609,CANO,AEO2026 Low Economic Growth
p9,2044,0.53004311,0.40264393,0.32319088,0.40035423000000003,CANO,AEO2026 Low Economic Growth
p9,2045,0.5501852,0.4163002,0.33288708,0.41247192,CANO,AEO2026 Low Economic Growth
p9,2046,0.5719502599999999,0.43135876,0.34375675,0.42597729,CANO,AEO2026 Low Economic Growth
p9,2047,0.59452629,0.44692909000000003,0.35505306,0.44006268,CANO,AEO2026 Low Economic Growth
p9,2048,0.61883476,0.4640799,0.36781662,0.45552002,CANO,AEO2026 Low Economic Growth
p9,2049,0.64459457,0.48246502,0.38147194,0.47216537000000003,CANO,AEO2026 Low Economic Growth
p9,2050,0.6690452600000001,0.49929501000000004,0.39334831000000003,0.48750599,CANO,AEO2026 Low Economic Growth
p10,2014,0.3344091,0.2567804,0.21229029,0.27234903,CASO,AEO2026 Low Economic Growth
p10,2015,0.3344091,0.2567804,0.21229029,0.27234903,CASO,AEO2026 Low Economic Growth
p10,2016,0.3344091,0.2567804,0.21229029,0.27234903,CASO,AEO2026 Low Economic Growth
p10,2017,0.3344091,0.2567804,0.21229029,0.27234903,CASO,AEO2026 Low Economic Growth
p10,2018,0.3344091,0.2567804,0.21229029,0.27234903,CASO,AEO2026 Low Economic Growth
p10,2019,0.3344091,0.2567804,0.21229029,0.27234903,CASO,AEO2026 Low Economic Growth
p10,2020,0.3344091,0.2567804,0.21229029,0.27234903,CASO,AEO2026 Low Economic Growth
p10,2021,0.3344091,0.2567804,0.21229029,0.27234903,CASO,AEO2026 Low Economic Growth
p10,2022,0.3344091,0.2567804,0.21229029,0.27234903,CASO,AEO2026 Low Economic Growth
p10,2023,0.3344091,0.2567804,0.21229029,0.27234903,CASO,AEO2026 Low Economic Growth
p10,2024,0.3344091,0.2567804,0.21229029,0.27234903,CASO,AEO2026 Low Economic Growth
p10,2025,0.3344091,0.2567804,0.21229029,0.27234903,CASO,AEO2026 Low Economic Growth
p10,2026,0.34684489999999996,0.26958414,0.21944925,0.28322179999999997,CASO,AEO2026 Low Economic Growth
p10,2027,0.34622013,0.26048832,0.20805986,0.27425625,CASO,AEO2026 Low Economic Growth
p10,2028,0.34527233,0.25855499,0.20555489000000002,0.27049015,CASO,AEO2026 Low Economic Growth
p10,2029,0.35400669,0.26483694,0.21014927,0.27726696,CASO,AEO2026 Low Economic Growth
p10,2030,0.3682616,0.27616356,0.21886050999999998,0.28856234000000003,CASO,AEO2026 Low Economic Growth
p10,2031,0.38311813,0.28860691,0.22843401,0.30097986,CASO,AEO2026 Low Economic Growth
p10,2032,0.39373950999999996,0.29628239,0.23446959,0.30965465999999997,CASO,AEO2026 Low Economic Growth
p10,2033,0.40661254999999996,0.30525377,0.24137478,0.31953089,CASO,AEO2026 Low Economic Growth
p10,2034,0.41954875999999997,0.31401773,0.24789822,0.32883877,CASO,AEO2026 Low Economic Growth
p10,2035,0.4412146,0.33029685999999997,0.26195992,0.34509949,CASO,AEO2026 Low Economic Growth
p10,2036,0.46489899,0.34781685,0.27673138,0.36337917,CASO,AEO2026 Low Economic Growth
p10,2037,0.48131691,0.35844119999999996,0.2840414,0.3749712,CASO,AEO2026 Low Economic Growth
p10,2038,0.49341473,0.36476211999999997,0.28678078,0.38192684,CASO,AEO2026 Low Economic Growth
p10,2039,0.50233986,0.36567459,0.28613008,0.38363132,CASO,AEO2026 Low Economic Growth
p10,2040,0.51848343,0.37406860000000003,0.29071934,0.39173363,CASO,AEO2026 Low Economic Growth
p10,2041,0.54003109,0.3873315,0.30020969000000003,0.40455227,CASO,AEO2026 Low Economic Growth
p10,2042,0.56215679,0.40259583,0.30919239,0.41740135,CASO,AEO2026 Low Economic Growth
p10,2043,0.58436813,0.41694275,0.31771334,0.43026978,CASO,AEO2026 Low Economic Growth
p10,2044,0.60761356,0.43191307,0.3266325,0.44271785999999996,CASO,AEO2026 Low Economic Growth
p10,2045,0.6315889,0.44656081999999997,0.33541016,0.45614361000000003,CASO,AEO2026 Low Economic Growth
p10,2046,0.6585348500000001,0.46382088000000005,0.34620144,0.47229816,CASO,AEO2026 Low Economic Growth
p10,2047,0.6850340300000001,0.47974091,0.35695408,0.48743214,CASO,AEO2026 Low Economic Growth
p10,2048,0.71390617,0.49789493999999995,0.36915356000000005,0.50428959,CASO,AEO2026 Low Economic Growth
p10,2049,0.74491394,0.51798698,0.38250572,0.5227549,CASO,AEO2026 Low Economic Growth
p10,2050,0.76930634,0.53016041,0.39097507,0.5354089,CASO,AEO2026 Low Economic Growth
p11,2014,0.3344091,0.2567804,0.21229029,0.27234903,CASO,AEO2026 Low Economic Growth
p11,2015,0.3344091,0.2567804,0.21229029,0.27234903,CASO,AEO2026 Low Economic Growth
p11,2016,0.3344091,0.2567804,0.21229029,0.27234903,CASO,AEO2026 Low Economic Growth
p11,2017,0.3344091,0.2567804,0.21229029,0.27234903,CASO,AEO2026 Low Economic Growth
p11,2018,0.3344091,0.2567804,0.21229029,0.27234903,CASO,AEO2026 Low Economic Growth
p11,2019,0.3344091,0.2567804,0.21229029,0.27234903,CASO,AEO2026 Low Economic Growth
p11,2020,0.3344091,0.2567804,0.21229029,0.27234903,CASO,AEO2026 Low Economic Growth
p11,2021,0.3344091,0.2567804,0.21229029,0.27234903,CASO,AEO2026 Low Economic Growth
p11,2022,0.3344091,0.2567804,0.21229029,0.27234903,CASO,AEO2026 Low Economic Growth
p11,2023,0.3344091,0.2567804,0.21229029,0.27234903,CASO,AEO2026 Low Economic Growth
p11,2024,0.3344091,0.2567804,0.21229029,0.27234903,CASO,AEO2026 Low Economic Growth
p11,2025,0.3344091,0.2567804,0.21229029,0.27234903,CASO,AEO2026 Low Economic Growth
p11,2026,0.34684489999999996,0.26958414,0.21944925,0.28322179999999997,CASO,AEO2026 Low Economic Growth
p11,2027,0.34622013,0.26048832,0.20805986,0.27425625,CASO,AEO2026 Low Economic Growth
p11,2028,0.34527233,0.25855499,0.20555489000000002,0.27049015,CASO,AEO2026 Low Economic Growth
p11,2029,0.35400669,0.26483694,0.21014927,0.27726696,CASO,AEO2026 Low Economic Growth
p11,2030,0.3682616,0.27616356,0.21886050999999998,0.28856234000000003,CASO,AEO2026 Low Economic Growth
p11,2031,0.38311813,0.28860691,0.22843401,0.30097986,CASO,AEO2026 Low Economic Growth
p11,2032,0.39373950999999996,0.29628239,0.23446959,0.30965465999999997,CASO,AEO2026 Low Economic Growth
p11,2033,0.40661254999999996,0.30525377,0.24137478,0.31953089,CASO,AEO2026 Low Economic Growth
p11,2034,0.41954875999999997,0.31401773,0.24789822,0.32883877,CASO,AEO2026 Low Economic Growth
p11,2035,0.4412146,0.33029685999999997,0.26195992,0.34509949,CASO,AEO2026 Low Economic Growth
p11,2036,0.46489899,0.34781685,0.27673138,0.36337917,CASO,AEO2026 Low Economic Growth
p11,2037,0.48131691,0.35844119999999996,0.2840414,0.3749712,CASO,AEO2026 Low Economic Growth
p11,2038,0.49341473,0.36476211999999997,0.28678078,0.38192684,CASO,AEO2026 Low Economic Growth
p11,2039,0.50233986,0.36567459,0.28613008,0.38363132,CASO,AEO2026 Low Economic Growth
p11,2040,0.51848343,0.37406860000000003,0.29071934,0.39173363,CASO,AEO2026 Low Economic Growth
p11,2041,0.54003109,0.3873315,0.30020969000000003,0.40455227,CASO,AEO2026 Low Economic Growth
p11,2042,0.56215679,0.40259583,0.30919239,0.41740135,CASO,AEO2026 Low Economic Growth
p11,2043,0.58436813,0.41694275,0.31771334,0.43026978,CASO,AEO2026 Low Economic Growth
p11,2044,0.60761356,0.43191307,0.3266325,0.44271785999999996,CASO,AEO2026 Low Economic Growth
p11,2045,0.6315889,0.44656081999999997,0.33541016,0.45614361000000003,CASO,AEO2026 Low Economic Growth
p11,2046,0.6585348500000001,0.46382088000000005,0.34620144,0.47229816,CASO,AEO2026 Low Economic Growth
p11,2047,0.6850340300000001,0.47974091,0.35695408,0.48743214,CASO,AEO2026 Low Economic Growth
p11,2048,0.71390617,0.49789493999999995,0.36915356000000005,0.50428959,CASO,AEO2026 Low Economic Growth
p11,2049,0.74491394,0.51798698,0.38250572,0.5227549,CASO,AEO2026 Low Economic Growth
p11,2050,0.76930634,0.53016041,0.39097507,0.5354089,CASO,AEO2026 Low Economic Growth
p12,2014,0.15516073,0.11435249,0.09591493,0.12532737,BASN,AEO2026 Low Economic Growth
p12,2015,0.15516073,0.11435249,0.09591493,0.12532737,BASN,AEO2026 Low Economic Growth
p12,2016,0.15516073,0.11435249,0.09591493,0.12532737,BASN,AEO2026 Low Economic Growth
p12,2017,0.15516073,0.11435249,0.09591493,0.12532737,BASN,AEO2026 Low Economic Growth
p12,2018,0.15516073,0.11435249,0.09591493,0.12532737,BASN,AEO2026 Low Economic Growth
p12,2019,0.15516073,0.11435249,0.09591493,0.12532737,BASN,AEO2026 Low Economic Growth
p12,2020,0.15516073,0.11435249,0.09591493,0.12532737,BASN,AEO2026 Low Economic Growth
p12,2021,0.15516073,0.11435249,0.09591493,0.12532737,BASN,AEO2026 Low Economic Growth
p12,2022,0.15516073,0.11435249,0.09591493,0.12532737,BASN,AEO2026 Low Economic Growth
p12,2023,0.15516073,0.11435249,0.09591493,0.12532737,BASN,AEO2026 Low Economic Growth
p12,2024,0.15516073,0.11435249,0.09591493,0.12532737,BASN,AEO2026 Low Economic Growth
p12,2025,0.15516073,0.11435249,0.09591493,0.12532737,BASN,AEO2026 Low Economic Growth
p12,2026,0.16806219,0.12337334999999999,0.10378973,0.13437335,BASN,AEO2026 Low Economic Growth
p12,2027,0.17408958,0.12624088,0.10574063,0.13698252,BASN,AEO2026 Low Economic Growth
p12,2028,0.18134359,0.13115731,0.11000694,0.14213531,BASN,AEO2026 Low Economic Growth
p12,2029,0.18755997000000002,0.13530064,0.11368845999999999,0.14657096,BASN,AEO2026 Low Economic Growth
p12,2030,0.19509689000000002,0.14040035,0.11832152000000001,0.15243402,BASN,AEO2026 Low Economic Growth
p12,2031,0.20426723,0.14719288,0.12352824,0.15950994,BASN,AEO2026 Low Economic Growth
p12,2032,0.21390667,0.15456319000000002,0.13110256,0.16697735000000002,BASN,AEO2026 Low Economic Growth
p12,2033,0.22381819,0.16114198999999998,0.13675231,0.17466127,BASN,AEO2026 Low Economic Growth
p12,2034,0.23022669,0.16477148,0.14162055,0.1786846,BASN,AEO2026 Low Economic Growth
p12,2035,0.23624683000000002,0.16725021,0.14161431,0.18231117000000002,BASN,AEO2026 Low Economic Growth
p12,2036,0.24125181,0.16959233999999998,0.14416384000000002,0.18458021,BASN,AEO2026 Low Economic Growth
p12,2037,0.24908850000000002,0.17470455000000001,0.14888467,0.18970172999999999,BASN,AEO2026 Low Economic Growth
p12,2038,0.26116796000000003,0.18347033,0.15684278000000001,0.19851299,BASN,AEO2026 Low Economic Growth
p12,2039,0.27508444,0.19295082,0.16534012,0.20870676,BASN,AEO2026 Low Economic Growth
p12,2040,0.28773361000000003,0.20040621000000003,0.17068325,0.21641660999999998,BASN,AEO2026 Low Economic Growth
p12,2041,0.29569849000000004,0.20420687,0.17349152,0.2207538,BASN,AEO2026 Low Economic Growth
p12,2042,0.30344522,0.20811287,0.17669079,0.22476147000000002,BASN,AEO2026 Low Economic Growth
p12,2043,0.31237417,0.21266848,0.18012342,0.22977682000000002,BASN,AEO2026 Low Economic Growth
p12,2044,0.32171188,0.21744715,0.1835816,0.23464674,BASN,AEO2026 Low Economic Growth
p12,2045,0.33200573,0.2229034,0.18786197999999998,0.24034866000000002,BASN,AEO2026 Low Economic Growth
p12,2046,0.34272613999999996,0.22847248,0.19208834,0.24631477000000002,BASN,AEO2026 Low Economic Growth
p12,2047,0.35473681999999995,0.23553541,0.19801596,0.25338951000000004,BASN,AEO2026 Low Economic Growth
p12,2048,0.36907505,0.24424524000000003,0.20490952,0.26251247,BASN,AEO2026 Low Economic Growth
p12,2049,0.38434425,0.25364225,0.21267278999999997,0.27219297000000003,BASN,AEO2026 Low Economic Growth
p12,2050,0.39948493999999996,0.26239796,0.21957045,0.28155529,BASN,AEO2026 Low Economic Growth
p13,2014,0.1562576,0.12614366999999999,0.07703866,0.13551145,SRSG,AEO2026 Low Economic Growth
p13,2015,0.1562576,0.12614366999999999,0.07703866,0.13551145,SRSG,AEO2026 Low Economic Growth
p13,2016,0.1562576,0.12614366999999999,0.07703866,0.13551145,SRSG,AEO2026 Low Economic Growth
p13,2017,0.1562576,0.12614366999999999,0.07703866,0.13551145,SRSG,AEO2026 Low Economic Growth
p13,2018,0.1562576,0.12614366999999999,0.07703866,0.13551145,SRSG,AEO2026 Low Economic Growth
p13,2019,0.1562576,0.12614366999999999,0.07703866,0.13551145,SRSG,AEO2026 Low Economic Growth
p13,2020,0.1562576,0.12614366999999999,0.07703866,0.13551145,SRSG,AEO2026 Low Economic Growth
p13,2021,0.1562576,0.12614366999999999,0.07703866,0.13551145,SRSG,AEO2026 Low Economic Growth
p13,2022,0.1562576,0.12614366999999999,0.07703866,0.13551145,SRSG,AEO2026 Low Economic Growth
p13,2023,0.1562576,0.12614366999999999,0.07703866,0.13551145,SRSG,AEO2026 Low Economic Growth
p13,2024,0.1562576,0.12614366999999999,0.07703866,0.13551145,SRSG,AEO2026 Low Economic Growth
p13,2025,0.1562576,0.12614366999999999,0.07703866,0.13551145,SRSG,AEO2026 Low Economic Growth
p13,2026,0.16660181000000002,0.13367596,0.08008945,0.14253801,SRSG,AEO2026 Low Economic Growth
p13,2027,0.16839576999999997,0.13254564,0.07815836,0.14184577,SRSG,AEO2026 Low Economic Growth
p13,2028,0.16953776999999998,0.1328528,0.07779521,0.14153598,SRSG,AEO2026 Low Economic Growth
p13,2029,0.17340834000000002,0.13554195,0.07868448,0.14409399,SRSG,AEO2026 Low Economic Growth
p13,2030,0.17815023,0.1388639,0.08011133,0.14752817000000001,SRSG,AEO2026 Low Economic Growth
p13,2031,0.18351101,0.14298036,0.08259549,0.15137086,SRSG,AEO2026 Low Economic Growth
p13,2032,0.19026381,0.14814786,0.08558552000000001,0.15681343,SRSG,AEO2026 Low Economic Growth
p13,2033,0.19773495,0.15374343,0.08878351999999999,0.16278011,SRSG,AEO2026 Low Economic Growth
p13,2034,0.20276169,0.15658173,0.08985357000000001,0.16633759,SRSG,AEO2026 Low Economic Growth
p13,2035,0.20618224999999998,0.15803508,0.09048185,0.16819130000000002,SRSG,AEO2026 Low Economic Growth
p13,2036,0.21214405,0.16199950999999999,0.09357500999999999,0.17202955,SRSG,AEO2026 Low Economic Growth
p13,2037,0.22528085999999997,0.17302082,0.10053476,0.18247953,SRSG,AEO2026 Low Economic Growth
p13,2038,0.2395047,0.18434691999999997,0.10641052999999999,0.19420582,SRSG,AEO2026 Low Economic Growth
p13,2039,0.24936871,0.19118616,0.10991457,0.20172783,SRSG,AEO2026 Low Economic Growth
p13,2040,0.25637245,0.19531628,0.11180491,0.20626596,SRSG,AEO2026 Low Economic Growth
p13,2041,0.26253529,0.19878824,0.11318213999999999,0.20994955,SRSG,AEO2026 Low Economic Growth
p13,2042,0.26940374,0.20284773,0.11459837,0.2143574,SRSG,AEO2026 Low Economic Growth
p13,2043,0.27644266,0.20697624,0.11607298,0.21859503,SRSG,AEO2026 Low Economic Growth
p13,2044,0.28440350999999997,0.21184018999999998,0.11789401,0.2236968,SRSG,AEO2026 Low Economic Growth
p13,2045,0.29296944,0.21703936,0.11998871,0.22909786000000001,SRSG,AEO2026 Low Economic Growth
p13,2046,0.30176991999999997,0.22240574,0.12216906,0.23462032,SRSG,AEO2026 Low Economic Growth
p13,2047,0.3106303,0.22769978,0.12425226,0.24012028000000002,SRSG,AEO2026 Low Economic Growth
p13,2048,0.31989275,0.23348069999999999,0.12640588,0.24612732,SRSG,AEO2026 Low Economic Growth
p13,2049,0.32934662000000003,0.23912821,0.12860703,0.25198387,SRSG,AEO2026 Low Economic Growth
p13,2050,0.33969692,0.24565144,0.13132039,0.25876337,SRSG,AEO2026 Low Economic Growth
p14,2014,0.15040274,0.12290297,0.09151172,0.12360004,NWPP,AEO2026 Low Economic Growth
p14,2015,0.15040274,0.12290297,0.09151172,0.12360004,NWPP,AEO2026 Low Economic Growth
p14,2016,0.15040274,0.12290297,0.09151172,0.12360004,NWPP,AEO2026 Low Economic Growth
p14,2017,0.15040274,0.12290297,0.09151172,0.12360004,NWPP,AEO2026 Low Economic Growth
p14,2018,0.15040274,0.12290297,0.09151172,0.12360004,NWPP,AEO2026 Low Economic Growth
p14,2019,0.15040274,0.12290297,0.09151172,0.12360004,NWPP,AEO2026 Low Economic Growth
p14,2020,0.15040274,0.12290297,0.09151172,0.12360004,NWPP,AEO2026 Low Economic Growth
p14,2021,0.15040274,0.12290297,0.09151172,0.12360004,NWPP,AEO2026 Low Economic Growth
p14,2022,0.15040274,0.12290297,0.09151172,0.12360004,NWPP,AEO2026 Low Economic Growth
p14,2023,0.15040274,0.12290297,0.09151172,0.12360004,NWPP,AEO2026 Low Economic Growth
p14,2024,0.15040274,0.12290297,0.09151172,0.12360004,NWPP,AEO2026 Low Economic Growth
p14,2025,0.15040274,0.12290297,0.09151172,0.12360004,NWPP,AEO2026 Low Economic Growth
p14,2026,0.15573902,0.12571704,0.09146634000000001,0.12386542,NWPP,AEO2026 Low Economic Growth
p14,2027,0.14858807000000002,0.11407102,0.07834106,0.11193289999999999,NWPP,AEO2026 Low Economic Growth
p14,2028,0.14423295,0.10963034,0.0754305,0.10667778,NWPP,AEO2026 Low Economic Growth
p14,2029,0.14696173999999998,0.11139404000000001,0.07623636,0.10829749,NWPP,AEO2026 Low Economic Growth
p14,2030,0.15047439,0.1135999,0.0778158,0.11044765999999999,NWPP,AEO2026 Low Economic Growth
p14,2031,0.15596056,0.11792642,0.08114526,0.1147586,NWPP,AEO2026 Low Economic Growth
p14,2032,0.16191643,0.12260745,0.08508101,0.11970534000000001,NWPP,AEO2026 Low Economic Growth
p14,2033,0.16880652999999998,0.1278914,0.08930141000000001,0.12516797000000002,NWPP,AEO2026 Low Economic Growth
p14,2034,0.17550459,0.13254488,0.09292876,0.12999797,NWPP,AEO2026 Low Economic Growth
p14,2035,0.18408394,0.13864312,0.09807225000000001,0.13614490999999998,NWPP,AEO2026 Low Economic Growth
p14,2036,0.19308676,0.14482166,0.10301724999999999,0.14212455999999998,NWPP,AEO2026 Low Economic Growth
p14,2037,0.20079996,0.14966564999999998,0.10669535,0.14711114,NWPP,AEO2026 Low Economic Growth
p14,2038,0.20994495000000002,0.15587084,0.11119452,0.15306246,NWPP,AEO2026 Low Economic Growth
p14,2039,0.22048899,0.16281816,0.11647125000000001,0.16017593000000002,NWPP,AEO2026 Low Economic Growth
p14,2040,0.23001373,0.16852944999999997,0.11963551,0.16572098000000002,NWPP,AEO2026 Low Economic Growth
p14,2041,0.23971581,0.17436857,0.12403008,0.17135344,NWPP,AEO2026 Low Economic Growth
p14,2042,0.24918521999999999,0.18001080000000003,0.12803140000000002,0.17689093,NWPP,AEO2026 Low Economic Growth
p14,2043,0.2583577,0.18545107000000002,0.13186654,0.18217096000000002,NWPP,AEO2026 Low Economic Growth
p14,2044,0.26820189,0.19140720000000003,0.13589857,0.18795071,NWPP,AEO2026 Low Economic Growth
p14,2045,0.27856359,0.19763086000000002,0.14012165,0.19371559000000002,NWPP,AEO2026 Low Economic Growth
p14,2046,0.2890159,0.20380516,0.14431409,0.19958947999999999,NWPP,AEO2026 Low Economic Growth
p14,2047,0.29952589,0.20994965000000002,0.14848974,0.20540013999999998,NWPP,AEO2026 Low Economic Growth
p14,2048,0.31062416,0.2165155,0.15278329,0.21163215999999999,NWPP,AEO2026 Low Economic Growth
p14,2049,0.32185982,0.22311142,0.15715458,0.21783128999999998,NWPP,AEO2026 Low Economic Growth
p14,2050,0.33376461,0.23024515,0.16207556,0.22451405000000002,NWPP,AEO2026 Low Economic Growth
p15,2014,0.15516073,0.11435249,0.09591493,0.12532737,BASN,AEO2026 Low Economic Growth
p15,2015,0.15516073,0.11435249,0.09591493,0.12532737,BASN,AEO2026 Low Economic Growth
p15,2016,0.15516073,0.11435249,0.09591493,0.12532737,BASN,AEO2026 Low Economic Growth
p15,2017,0.15516073,0.11435249,0.09591493,0.12532737,BASN,AEO2026 Low Economic Growth
p15,2018,0.15516073,0.11435249,0.09591493,0.12532737,BASN,AEO2026 Low Economic Growth
p15,2019,0.15516073,0.11435249,0.09591493,0.12532737,BASN,AEO2026 Low Economic Growth
p15,2020,0.15516073,0.11435249,0.09591493,0.12532737,BASN,AEO2026 Low Economic Growth
p15,2021,0.15516073,0.11435249,0.09591493,0.12532737,BASN,AEO2026 Low Economic Growth
p15,2022,0.15516073,0.11435249,0.09591493,0.12532737,BASN,AEO2026 Low Economic Growth
p15,2023,0.15516073,0.11435249,0.09591493,0.12532737,BASN,AEO2026 Low Economic Growth
p15,2024,0.15516073,0.11435249,0.09591493,0.12532737,BASN,AEO2026 Low Economic Growth
p15,2025,0.15516073,0.11435249,0.09591493,0.12532737,BASN,AEO2026 Low Economic Growth
p15,2026,0.16806219,0.12337334999999999,0.10378973,0.13437335,BASN,AEO2026 Low Economic Growth
p15,2027,0.17408958,0.12624088,0.10574063,0.13698252,BASN,AEO2026 Low Economic Growth
p15,2028,0.18134359,0.13115731,0.11000694,0.14213531,BASN,AEO2026 Low Economic Growth
p15,2029,0.18755997000000002,0.13530064,0.11368845999999999,0.14657096,BASN,AEO2026 Low Economic Growth
p15,2030,0.19509689000000002,0.14040035,0.11832152000000001,0.15243402,BASN,AEO2026 Low Economic Growth
p15,2031,0.20426723,0.14719288,0.12352824,0.15950994,BASN,AEO2026 Low Economic Growth
p15,2032,0.21390667,0.15456319000000002,0.13110256,0.16697735000000002,BASN,AEO2026 Low Economic Growth
p15,2033,0.22381819,0.16114198999999998,0.13675231,0.17466127,BASN,AEO2026 Low Economic Growth
p15,2034,0.23022669,0.16477148,0.14162055,0.1786846,BASN,AEO2026 Low Economic Growth
p15,2035,0.23624683000000002,0.16725021,0.14161431,0.18231117000000002,BASN,AEO2026 Low Economic Growth
p15,2036,0.24125181,0.16959233999999998,0.14416384000000002,0.18458021,BASN,AEO2026 Low Economic Growth
p15,2037,0.24908850000000002,0.17470455000000001,0.14888467,0.18970172999999999,BASN,AEO2026 Low Economic Growth
p15,2038,0.26116796000000003,0.18347033,0.15684278000000001,0.19851299,BASN,AEO2026 Low Economic Growth
p15,2039,0.27508444,0.19295082,0.16534012,0.20870676,BASN,AEO2026 Low Economic Growth
p15,2040,0.28773361000000003,0.20040621000000003,0.17068325,0.21641660999999998,BASN,AEO2026 Low Economic Growth
p15,2041,0.29569849000000004,0.20420687,0.17349152,0.2207538,BASN,AEO2026 Low Economic Growth
p15,2042,0.30344522,0.20811287,0.17669079,0.22476147000000002,BASN,AEO2026 Low Economic Growth
p15,2043,0.31237417,0.21266848,0.18012342,0.22977682000000002,BASN,AEO2026 Low Economic Growth
p15,2044,0.32171188,0.21744715,0.1835816,0.23464674,BASN,AEO2026 Low Economic Growth
p15,2045,0.33200573,0.2229034,0.18786197999999998,0.24034866000000002,BASN,AEO2026 Low Economic Growth
p15,2046,0.34272613999999996,0.22847248,0.19208834,0.24631477000000002,BASN,AEO2026 Low Economic Growth
p15,2047,0.35473681999999995,0.23553541,0.19801596,0.25338951000000004,BASN,AEO2026 Low Economic Growth
p15,2048,0.36907505,0.24424524000000003,0.20490952,0.26251247,BASN,AEO2026 Low Economic Growth
p15,2049,0.38434425,0.25364225,0.21267278999999997,0.27219297000000003,BASN,AEO2026 Low Economic Growth
p15,2050,0.39948493999999996,0.26239796,0.21957045,0.28155529,BASN,AEO2026 Low Economic Growth
p16,2014,0.15516073,0.11435249,0.09591493,0.12532737,BASN,AEO2026 Low Economic Growth
p16,2015,0.15516073,0.11435249,0.09591493,0.12532737,BASN,AEO2026 Low Economic Growth
p16,2016,0.15516073,0.11435249,0.09591493,0.12532737,BASN,AEO2026 Low Economic Growth
p16,2017,0.15516073,0.11435249,0.09591493,0.12532737,BASN,AEO2026 Low Economic Growth
p16,2018,0.15516073,0.11435249,0.09591493,0.12532737,BASN,AEO2026 Low Economic Growth
p16,2019,0.15516073,0.11435249,0.09591493,0.12532737,BASN,AEO2026 Low Economic Growth
p16,2020,0.15516073,0.11435249,0.09591493,0.12532737,BASN,AEO2026 Low Economic Growth
p16,2021,0.15516073,0.11435249,0.09591493,0.12532737,BASN,AEO2026 Low Economic Growth
p16,2022,0.15516073,0.11435249,0.09591493,0.12532737,BASN,AEO2026 Low Economic Growth
p16,2023,0.15516073,0.11435249,0.09591493,0.12532737,BASN,AEO2026 Low Economic Growth
p16,2024,0.15516073,0.11435249,0.09591493,0.12532737,BASN,AEO2026 Low Economic Growth
p16,2025,0.15516073,0.11435249,0.09591493,0.12532737,BASN,AEO2026 Low Economic Growth
p16,2026,0.16806219,0.12337334999999999,0.10378973,0.13437335,BASN,AEO2026 Low Economic Growth
p16,2027,0.17408958,0.12624088,0.10574063,0.13698252,BASN,AEO2026 Low Economic Growth
p16,2028,0.18134359,0.13115731,0.11000694,0.14213531,BASN,AEO2026 Low Economic Growth
p16,2029,0.18755997000000002,0.13530064,0.11368845999999999,0.14657096,BASN,AEO2026 Low Economic Growth
p16,2030,0.19509689000000002,0.14040035,0.11832152000000001,0.15243402,BASN,AEO2026 Low Economic Growth
p16,2031,0.20426723,0.14719288,0.12352824,0.15950994,BASN,AEO2026 Low Economic Growth
p16,2032,0.21390667,0.15456319000000002,0.13110256,0.16697735000000002,BASN,AEO2026 Low Economic Growth
p16,2033,0.22381819,0.16114198999999998,0.13675231,0.17466127,BASN,AEO2026 Low Economic Growth
p16,2034,0.23022669,0.16477148,0.14162055,0.1786846,BASN,AEO2026 Low Economic Growth
p16,2035,0.23624683000000002,0.16725021,0.14161431,0.18231117000000002,BASN,AEO2026 Low Economic Growth
p16,2036,0.24125181,0.16959233999999998,0.14416384000000002,0.18458021,BASN,AEO2026 Low Economic Growth
p16,2037,0.24908850000000002,0.17470455000000001,0.14888467,0.18970172999999999,BASN,AEO2026 Low Economic Growth
p16,2038,0.26116796000000003,0.18347033,0.15684278000000001,0.19851299,BASN,AEO2026 Low Economic Growth
p16,2039,0.27508444,0.19295082,0.16534012,0.20870676,BASN,AEO2026 Low Economic Growth
p16,2040,0.28773361000000003,0.20040621000000003,0.17068325,0.21641660999999998,BASN,AEO2026 Low Economic Growth
p16,2041,0.29569849000000004,0.20420687,0.17349152,0.2207538,BASN,AEO2026 Low Economic Growth
p16,2042,0.30344522,0.20811287,0.17669079,0.22476147000000002,BASN,AEO2026 Low Economic Growth
p16,2043,0.31237417,0.21266848,0.18012342,0.22977682000000002,BASN,AEO2026 Low Economic Growth
p16,2044,0.32171188,0.21744715,0.1835816,0.23464674,BASN,AEO2026 Low Economic Growth
p16,2045,0.33200573,0.2229034,0.18786197999999998,0.24034866000000002,BASN,AEO2026 Low Economic Growth
p16,2046,0.34272613999999996,0.22847248,0.19208834,0.24631477000000002,BASN,AEO2026 Low Economic Growth
p16,2047,0.35473681999999995,0.23553541,0.19801596,0.25338951000000004,BASN,AEO2026 Low Economic Growth
p16,2048,0.36907505,0.24424524000000003,0.20490952,0.26251247,BASN,AEO2026 Low Economic Growth
p16,2049,0.38434425,0.25364225,0.21267278999999997,0.27219297000000003,BASN,AEO2026 Low Economic Growth
p16,2050,0.39948493999999996,0.26239796,0.21957045,0.28155529,BASN,AEO2026 Low Economic Growth
p17,2014,0.15040274,0.12290297,0.09151172,0.12360004,NWPP,AEO2026 Low Economic Growth
p17,2015,0.15040274,0.12290297,0.09151172,0.12360004,NWPP,AEO2026 Low Economic Growth
p17,2016,0.15040274,0.12290297,0.09151172,0.12360004,NWPP,AEO2026 Low Economic Growth
p17,2017,0.15040274,0.12290297,0.09151172,0.12360004,NWPP,AEO2026 Low Economic Growth
p17,2018,0.15040274,0.12290297,0.09151172,0.12360004,NWPP,AEO2026 Low Economic Growth
p17,2019,0.15040274,0.12290297,0.09151172,0.12360004,NWPP,AEO2026 Low Economic Growth
p17,2020,0.15040274,0.12290297,0.09151172,0.12360004,NWPP,AEO2026 Low Economic Growth
p17,2021,0.15040274,0.12290297,0.09151172,0.12360004,NWPP,AEO2026 Low Economic Growth
p17,2022,0.15040274,0.12290297,0.09151172,0.12360004,NWPP,AEO2026 Low Economic Growth
p17,2023,0.15040274,0.12290297,0.09151172,0.12360004,NWPP,AEO2026 Low Economic Growth
p17,2024,0.15040274,0.12290297,0.09151172,0.12360004,NWPP,AEO2026 Low Economic Growth
p17,2025,0.15040274,0.12290297,0.09151172,0.12360004,NWPP,AEO2026 Low Economic Growth
p17,2026,0.15573902,0.12571704,0.09146634000000001,0.12386542,NWPP,AEO2026 Low Economic Growth
p17,2027,0.14858807000000002,0.11407102,0.07834106,0.11193289999999999,NWPP,AEO2026 Low Economic Growth
p17,2028,0.14423295,0.10963034,0.0754305,0.10667778,NWPP,AEO2026 Low Economic Growth
p17,2029,0.14696173999999998,0.11139404000000001,0.07623636,0.10829749,NWPP,AEO2026 Low Economic Growth
p17,2030,0.15047439,0.1135999,0.0778158,0.11044765999999999,NWPP,AEO2026 Low Economic Growth
p17,2031,0.15596056,0.11792642,0.08114526,0.1147586,NWPP,AEO2026 Low Economic Growth
p17,2032,0.16191643,0.12260745,0.08508101,0.11970534000000001,NWPP,AEO2026 Low Economic Growth
p17,2033,0.16880652999999998,0.1278914,0.08930141000000001,0.12516797000000002,NWPP,AEO2026 Low Economic Growth
p17,2034,0.17550459,0.13254488,0.09292876,0.12999797,NWPP,AEO2026 Low Economic Growth
p17,2035,0.18408394,0.13864312,0.09807225000000001,0.13614490999999998,NWPP,AEO2026 Low Economic Growth
p17,2036,0.19308676,0.14482166,0.10301724999999999,0.14212455999999998,NWPP,AEO2026 Low Economic Growth
p17,2037,0.20079996,0.14966564999999998,0.10669535,0.14711114,NWPP,AEO2026 Low Economic Growth
p17,2038,0.20994495000000002,0.15587084,0.11119452,0.15306246,NWPP,AEO2026 Low Economic Growth
p17,2039,0.22048899,0.16281816,0.11647125000000001,0.16017593000000002,NWPP,AEO2026 Low Economic Growth
p17,2040,0.23001373,0.16852944999999997,0.11963551,0.16572098000000002,NWPP,AEO2026 Low Economic Growth
p17,2041,0.23971581,0.17436857,0.12403008,0.17135344,NWPP,AEO2026 Low Economic Growth
p17,2042,0.24918521999999999,0.18001080000000003,0.12803140000000002,0.17689093,NWPP,AEO2026 Low Economic Growth
p17,2043,0.2583577,0.18545107000000002,0.13186654,0.18217096000000002,NWPP,AEO2026 Low Economic Growth
p17,2044,0.26820189,0.19140720000000003,0.13589857,0.18795071,NWPP,AEO2026 Low Economic Growth
p17,2045,0.27856359,0.19763086000000002,0.14012165,0.19371559000000002,NWPP,AEO2026 Low Economic Growth
p17,2046,0.2890159,0.20380516,0.14431409,0.19958947999999999,NWPP,AEO2026 Low Economic Growth
p17,2047,0.29952589,0.20994965000000002,0.14848974,0.20540013999999998,NWPP,AEO2026 Low Economic Growth
p17,2048,0.31062416,0.2165155,0.15278329,0.21163215999999999,NWPP,AEO2026 Low Economic Growth
p17,2049,0.32185982,0.22311142,0.15715458,0.21783128999999998,NWPP,AEO2026 Low Economic Growth
p17,2050,0.33376461,0.23024515,0.16207556,0.22451405000000002,NWPP,AEO2026 Low Economic Growth
p18,2014,0.15040274,0.12290297,0.09151172,0.12360004,NWPP,AEO2026 Low Economic Growth
p18,2015,0.15040274,0.12290297,0.09151172,0.12360004,NWPP,AEO2026 Low Economic Growth
p18,2016,0.15040274,0.12290297,0.09151172,0.12360004,NWPP,AEO2026 Low Economic Growth
p18,2017,0.15040274,0.12290297,0.09151172,0.12360004,NWPP,AEO2026 Low Economic Growth
p18,2018,0.15040274,0.12290297,0.09151172,0.12360004,NWPP,AEO2026 Low Economic Growth
p18,2019,0.15040274,0.12290297,0.09151172,0.12360004,NWPP,AEO2026 Low Economic Growth
p18,2020,0.15040274,0.12290297,0.09151172,0.12360004,NWPP,AEO2026 Low Economic Growth
p18,2021,0.15040274,0.12290297,0.09151172,0.12360004,NWPP,AEO2026 Low Economic Growth
p18,2022,0.15040274,0.12290297,0.09151172,0.12360004,NWPP,AEO2026 Low Economic Growth
p18,2023,0.15040274,0.12290297,0.09151172,0.12360004,NWPP,AEO2026 Low Economic Growth
p18,2024,0.15040274,0.12290297,0.09151172,0.12360004,NWPP,AEO2026 Low Economic Growth
p18,2025,0.15040274,0.12290297,0.09151172,0.12360004,NWPP,AEO2026 Low Economic Growth
p18,2026,0.15573902,0.12571704,0.09146634000000001,0.12386542,NWPP,AEO2026 Low Economic Growth
p18,2027,0.14858807000000002,0.11407102,0.07834106,0.11193289999999999,NWPP,AEO2026 Low Economic Growth
p18,2028,0.14423295,0.10963034,0.0754305,0.10667778,NWPP,AEO2026 Low Economic Growth
p18,2029,0.14696173999999998,0.11139404000000001,0.07623636,0.10829749,NWPP,AEO2026 Low Economic Growth
p18,2030,0.15047439,0.1135999,0.0778158,0.11044765999999999,NWPP,AEO2026 Low Economic Growth
p18,2031,0.15596056,0.11792642,0.08114526,0.1147586,NWPP,AEO2026 Low Economic Growth
p18,2032,0.16191643,0.12260745,0.08508101,0.11970534000000001,NWPP,AEO2026 Low Economic Growth
p18,2033,0.16880652999999998,0.1278914,0.08930141000000001,0.12516797000000002,NWPP,AEO2026 Low Economic Growth
p18,2034,0.17550459,0.13254488,0.09292876,0.12999797,NWPP,AEO2026 Low Economic Growth
p18,2035,0.18408394,0.13864312,0.09807225000000001,0.13614490999999998,NWPP,AEO2026 Low Economic Growth
p18,2036,0.19308676,0.14482166,0.10301724999999999,0.14212455999999998,NWPP,AEO2026 Low Economic Growth
p18,2037,0.20079996,0.14966564999999998,0.10669535,0.14711114,NWPP,AEO2026 Low Economic Growth
p18,2038,0.20994495000000002,0.15587084,0.11119452,0.15306246,NWPP,AEO2026 Low Economic Growth
p18,2039,0.22048899,0.16281816,0.11647125000000001,0.16017593000000002,NWPP,AEO2026 Low Economic Growth
p18,2040,0.23001373,0.16852944999999997,0.11963551,0.16572098000000002,NWPP,AEO2026 Low Economic Growth
p18,2041,0.23971581,0.17436857,0.12403008,0.17135344,NWPP,AEO2026 Low Economic Growth
p18,2042,0.24918521999999999,0.18001080000000003,0.12803140000000002,0.17689093,NWPP,AEO2026 Low Economic Growth
p18,2043,0.2583577,0.18545107000000002,0.13186654,0.18217096000000002,NWPP,AEO2026 Low Economic Growth
p18,2044,0.26820189,0.19140720000000003,0.13589857,0.18795071,NWPP,AEO2026 Low Economic Growth
p18,2045,0.27856359,0.19763086000000002,0.14012165,0.19371559000000002,NWPP,AEO2026 Low Economic Growth
p18,2046,0.2890159,0.20380516,0.14431409,0.19958947999999999,NWPP,AEO2026 Low Economic Growth
p18,2047,0.29952589,0.20994965000000002,0.14848974,0.20540013999999998,NWPP,AEO2026 Low Economic Growth
p18,2048,0.31062416,0.2165155,0.15278329,0.21163215999999999,NWPP,AEO2026 Low Economic Growth
p18,2049,0.32185982,0.22311142,0.15715458,0.21783128999999998,NWPP,AEO2026 Low Economic Growth
p18,2050,0.33376461,0.23024515,0.16207556,0.22451405000000002,NWPP,AEO2026 Low Economic Growth
p19,2014,0.16382887000000002,0.12301211000000001,0.08635592,0.13203251,MISW,AEO2026 Low Economic Growth
p19,2015,0.16382887000000002,0.12301211000000001,0.08635592,0.13203251,MISW,AEO2026 Low Economic Growth
p19,2016,0.16382887000000002,0.12301211000000001,0.08635592,0.13203251,MISW,AEO2026 Low Economic Growth
p19,2017,0.16382887000000002,0.12301211000000001,0.08635592,0.13203251,MISW,AEO2026 Low Economic Growth
p19,2018,0.16382887000000002,0.12301211000000001,0.08635592,0.13203251,MISW,AEO2026 Low Economic Growth
p19,2019,0.16382887000000002,0.12301211000000001,0.08635592,0.13203251,MISW,AEO2026 Low Economic Growth
p19,2020,0.16382887000000002,0.12301211000000001,0.08635592,0.13203251,MISW,AEO2026 Low Economic Growth
p19,2021,0.16382887000000002,0.12301211000000001,0.08635592,0.13203251,MISW,AEO2026 Low Economic Growth
p19,2022,0.16382887000000002,0.12301211000000001,0.08635592,0.13203251,MISW,AEO2026 Low Economic Growth
p19,2023,0.16382887000000002,0.12301211000000001,0.08635592,0.13203251,MISW,AEO2026 Low Economic Growth
p19,2024,0.16382887000000002,0.12301211000000001,0.08635592,0.13203251,MISW,AEO2026 Low Economic Growth
p19,2025,0.16382887000000002,0.12301211000000001,0.08635592,0.13203251,MISW,AEO2026 Low Economic Growth
p19,2026,0.17372285999999998,0.12976742,0.09148479,0.14019589,MISW,AEO2026 Low Economic Growth
p19,2027,0.170056,0.12637284,0.08597733,0.13645435,MISW,AEO2026 Low Economic Growth
p19,2028,0.16941813,0.12512997,0.0854669,0.13439007,MISW,AEO2026 Low Economic Growth
p19,2029,0.17485275,0.12952450000000001,0.08839959,0.13863428,MISW,AEO2026 Low Economic Growth
p19,2030,0.18198757000000002,0.1349602,0.09263887999999999,0.14417637,MISW,AEO2026 Low Economic Growth
p19,2031,0.19050762,0.14160851,0.09773370999999999,0.15118213,MISW,AEO2026 Low Economic Growth
p19,2032,0.20537985,0.15183175000000002,0.10869165,0.16196507000000002,MISW,AEO2026 Low Economic Growth
p19,2033,0.21755351999999997,0.16156901999999998,0.11543322,0.17296516,MISW,AEO2026 Low Economic Growth
p19,2034,0.22346443000000002,0.16533604000000002,0.11868606,0.17747957,MISW,AEO2026 Low Economic Growth
p19,2035,0.22933086,0.16914898,0.12195529000000001,0.18181103,MISW,AEO2026 Low Economic Growth
p19,2036,0.23590488,0.17347862,0.12566532,0.18657965,MISW,AEO2026 Low Economic Growth
p19,2037,0.2424621,0.17787337999999997,0.12927087,0.19135368,MISW,AEO2026 Low Economic Growth
p19,2038,0.24848183,0.18202207999999998,0.13238747,0.19579336000000003,MISW,AEO2026 Low Economic Growth
p19,2039,0.25939741,0.18918610000000002,0.13960137,0.20326733,MISW,AEO2026 Low Economic Growth
p19,2040,0.26936581,0.19671661000000001,0.14469231999999999,0.21159192999999998,MISW,AEO2026 Low Economic Growth
p19,2041,0.27570463,0.20085133,0.14782958000000002,0.21593605,MISW,AEO2026 Low Economic Growth
p19,2042,0.28387764,0.20635185,0.15226347,0.22164562,MISW,AEO2026 Low Economic Growth
p19,2043,0.29172335,0.21195234,0.15600233,0.22753395,MISW,AEO2026 Low Economic Growth
p19,2044,0.29879702,0.21686567,0.1593142,0.23252558,MISW,AEO2026 Low Economic Growth
p19,2045,0.30674112000000003,0.22237268,0.16306307,0.23810972,MISW,AEO2026 Low Economic Growth
p19,2046,0.31510881,0.22825996,0.16704443000000002,0.24412226,MISW,AEO2026 Low Economic Growth
p19,2047,0.32352961999999996,0.234156,0.17104455999999998,0.25004663,MISW,AEO2026 Low Economic Growth
p19,2048,0.33214565,0.24027693,0.17513428,0.25613705,MISW,AEO2026 Low Economic Growth
p19,2049,0.34118687000000003,0.24674456,0.17942369,0.26259155,MISW,AEO2026 Low Economic Growth
p19,2050,0.35057056000000003,0.25346796,0.18394611000000002,0.26928648,MISW,AEO2026 Low Economic Growth
p20,2014,0.15040274,0.12290297,0.09151172,0.12360004,NWPP,AEO2026 Low Economic Growth
p20,2015,0.15040274,0.12290297,0.09151172,0.12360004,NWPP,AEO2026 Low Economic Growth
p20,2016,0.15040274,0.12290297,0.09151172,0.12360004,NWPP,AEO2026 Low Economic Growth
p20,2017,0.15040274,0.12290297,0.09151172,0.12360004,NWPP,AEO2026 Low Economic Growth
p20,2018,0.15040274,0.12290297,0.09151172,0.12360004,NWPP,AEO2026 Low Economic Growth
p20,2019,0.15040274,0.12290297,0.09151172,0.12360004,NWPP,AEO2026 Low Economic Growth
p20,2020,0.15040274,0.12290297,0.09151172,0.12360004,NWPP,AEO2026 Low Economic Growth
p20,2021,0.15040274,0.12290297,0.09151172,0.12360004,NWPP,AEO2026 Low Economic Growth
p20,2022,0.15040274,0.12290297,0.09151172,0.12360004,NWPP,AEO2026 Low Economic Growth
p20,2023,0.15040274,0.12290297,0.09151172,0.12360004,NWPP,AEO2026 Low Economic Growth
p20,2024,0.15040274,0.12290297,0.09151172,0.12360004,NWPP,AEO2026 Low Economic Growth
p20,2025,0.15040274,0.12290297,0.09151172,0.12360004,NWPP,AEO2026 Low Economic Growth
p20,2026,0.15573902,0.12571704,0.09146634000000001,0.12386542,NWPP,AEO2026 Low Economic Growth
p20,2027,0.14858807000000002,0.11407102,0.07834106,0.11193289999999999,NWPP,AEO2026 Low Economic Growth
p20,2028,0.14423295,0.10963034,0.0754305,0.10667778,NWPP,AEO2026 Low Economic Growth
p20,2029,0.14696173999999998,0.11139404000000001,0.07623636,0.10829749,NWPP,AEO2026 Low Economic Growth
p20,2030,0.15047439,0.1135999,0.0778158,0.11044765999999999,NWPP,AEO2026 Low Economic Growth
p20,2031,0.15596056,0.11792642,0.08114526,0.1147586,NWPP,AEO2026 Low Economic Growth
p20,2032,0.16191643,0.12260745,0.08508101,0.11970534000000001,NWPP,AEO2026 Low Economic Growth
p20,2033,0.16880652999999998,0.1278914,0.08930141000000001,0.12516797000000002,NWPP,AEO2026 Low Economic Growth
p20,2034,0.17550459,0.13254488,0.09292876,0.12999797,NWPP,AEO2026 Low Economic Growth
p20,2035,0.18408394,0.13864312,0.09807225000000001,0.13614490999999998,NWPP,AEO2026 Low Economic Growth
p20,2036,0.19308676,0.14482166,0.10301724999999999,0.14212455999999998,NWPP,AEO2026 Low Economic Growth
p20,2037,0.20079996,0.14966564999999998,0.10669535,0.14711114,NWPP,AEO2026 Low Economic Growth
p20,2038,0.20994495000000002,0.15587084,0.11119452,0.15306246,NWPP,AEO2026 Low Economic Growth
p20,2039,0.22048899,0.16281816,0.11647125000000001,0.16017593000000002,NWPP,AEO2026 Low Economic Growth
p20,2040,0.23001373,0.16852944999999997,0.11963551,0.16572098000000002,NWPP,AEO2026 Low Economic Growth
p20,2041,0.23971581,0.17436857,0.12403008,0.17135344,NWPP,AEO2026 Low Economic Growth
p20,2042,0.24918521999999999,0.18001080000000003,0.12803140000000002,0.17689093,NWPP,AEO2026 Low Economic Growth
p20,2043,0.2583577,0.18545107000000002,0.13186654,0.18217096000000002,NWPP,AEO2026 Low Economic Growth
p20,2044,0.26820189,0.19140720000000003,0.13589857,0.18795071,NWPP,AEO2026 Low Economic Growth
p20,2045,0.27856359,0.19763086000000002,0.14012165,0.19371559000000002,NWPP,AEO2026 Low Economic Growth
p20,2046,0.2890159,0.20380516,0.14431409,0.19958947999999999,NWPP,AEO2026 Low Economic Growth
p20,2047,0.29952589,0.20994965000000002,0.14848974,0.20540013999999998,NWPP,AEO2026 Low Economic Growth
p20,2048,0.31062416,0.2165155,0.15278329,0.21163215999999999,NWPP,AEO2026 Low Economic Growth
p20,2049,0.32185982,0.22311142,0.15715458,0.21783128999999998,NWPP,AEO2026 Low Economic Growth
p20,2050,0.33376461,0.23024515,0.16207556,0.22451405000000002,NWPP,AEO2026 Low Economic Growth
p21,2014,0.15516073,0.11435249,0.09591493,0.12532737,BASN,AEO2026 Low Economic Growth
p21,2015,0.15516073,0.11435249,0.09591493,0.12532737,BASN,AEO2026 Low Economic Growth
p21,2016,0.15516073,0.11435249,0.09591493,0.12532737,BASN,AEO2026 Low Economic Growth
p21,2017,0.15516073,0.11435249,0.09591493,0.12532737,BASN,AEO2026 Low Economic Growth
p21,2018,0.15516073,0.11435249,0.09591493,0.12532737,BASN,AEO2026 Low Economic Growth
p21,2019,0.15516073,0.11435249,0.09591493,0.12532737,BASN,AEO2026 Low Economic Growth
p21,2020,0.15516073,0.11435249,0.09591493,0.12532737,BASN,AEO2026 Low Economic Growth
p21,2021,0.15516073,0.11435249,0.09591493,0.12532737,BASN,AEO2026 Low Economic Growth
p21,2022,0.15516073,0.11435249,0.09591493,0.12532737,BASN,AEO2026 Low Economic Growth
p21,2023,0.15516073,0.11435249,0.09591493,0.12532737,BASN,AEO2026 Low Economic Growth
p21,2024,0.15516073,0.11435249,0.09591493,0.12532737,BASN,AEO2026 Low Economic Growth
p21,2025,0.15516073,0.11435249,0.09591493,0.12532737,BASN,AEO2026 Low Economic Growth
p21,2026,0.16806219,0.12337334999999999,0.10378973,0.13437335,BASN,AEO2026 Low Economic Growth
p21,2027,0.17408958,0.12624088,0.10574063,0.13698252,BASN,AEO2026 Low Economic Growth
p21,2028,0.18134359,0.13115731,0.11000694,0.14213531,BASN,AEO2026 Low Economic Growth
p21,2029,0.18755997000000002,0.13530064,0.11368845999999999,0.14657096,BASN,AEO2026 Low Economic Growth
p21,2030,0.19509689000000002,0.14040035,0.11832152000000001,0.15243402,BASN,AEO2026 Low Economic Growth
p21,2031,0.20426723,0.14719288,0.12352824,0.15950994,BASN,AEO2026 Low Economic Growth
p21,2032,0.21390667,0.15456319000000002,0.13110256,0.16697735000000002,BASN,AEO2026 Low Economic Growth
p21,2033,0.22381819,0.16114198999999998,0.13675231,0.17466127,BASN,AEO2026 Low Economic Growth
p21,2034,0.23022669,0.16477148,0.14162055,0.1786846,BASN,AEO2026 Low Economic Growth
p21,2035,0.23624683000000002,0.16725021,0.14161431,0.18231117000000002,BASN,AEO2026 Low Economic Growth
p21,2036,0.24125181,0.16959233999999998,0.14416384000000002,0.18458021,BASN,AEO2026 Low Economic Growth
p21,2037,0.24908850000000002,0.17470455000000001,0.14888467,0.18970172999999999,BASN,AEO2026 Low Economic Growth
p21,2038,0.26116796000000003,0.18347033,0.15684278000000001,0.19851299,BASN,AEO2026 Low Economic Growth
p21,2039,0.27508444,0.19295082,0.16534012,0.20870676,BASN,AEO2026 Low Economic Growth
p21,2040,0.28773361000000003,0.20040621000000003,0.17068325,0.21641660999999998,BASN,AEO2026 Low Economic Growth
p21,2041,0.29569849000000004,0.20420687,0.17349152,0.2207538,BASN,AEO2026 Low Economic Growth
p21,2042,0.30344522,0.20811287,0.17669079,0.22476147000000002,BASN,AEO2026 Low Economic Growth
p21,2043,0.31237417,0.21266848,0.18012342,0.22977682000000002,BASN,AEO2026 Low Economic Growth
p21,2044,0.32171188,0.21744715,0.1835816,0.23464674,BASN,AEO2026 Low Economic Growth
p21,2045,0.33200573,0.2229034,0.18786197999999998,0.24034866000000002,BASN,AEO2026 Low Economic Growth
p21,2046,0.34272613999999996,0.22847248,0.19208834,0.24631477000000002,BASN,AEO2026 Low Economic Growth
p21,2047,0.35473681999999995,0.23553541,0.19801596,0.25338951000000004,BASN,AEO2026 Low Economic Growth
p21,2048,0.36907505,0.24424524000000003,0.20490952,0.26251247,BASN,AEO2026 Low Economic Growth
p21,2049,0.38434425,0.25364225,0.21267278999999997,0.27219297000000003,BASN,AEO2026 Low Economic Growth
p21,2050,0.39948493999999996,0.26239796,0.21957045,0.28155529,BASN,AEO2026 Low Economic Growth
p22,2014,0.1244355,0.09534257,0.07518392,0.09471236,RMRG,AEO2026 Low Economic Growth
p22,2015,0.1244355,0.09534257,0.07518392,0.09471236,RMRG,AEO2026 Low Economic Growth
p22,2016,0.1244355,0.09534257,0.07518392,0.09471236,RMRG,AEO2026 Low Economic Growth
p22,2017,0.1244355,0.09534257,0.07518392,0.09471236,RMRG,AEO2026 Low Economic Growth
p22,2018,0.1244355,0.09534257,0.07518392,0.09471236,RMRG,AEO2026 Low Economic Growth
p22,2019,0.1244355,0.09534257,0.07518392,0.09471236,RMRG,AEO2026 Low Economic Growth
p22,2020,0.1244355,0.09534257,0.07518392,0.09471236,RMRG,AEO2026 Low Economic Growth
p22,2021,0.1244355,0.09534257,0.07518392,0.09471236,RMRG,AEO2026 Low Economic Growth
p22,2022,0.1244355,0.09534257,0.07518392,0.09471236,RMRG,AEO2026 Low Economic Growth
p22,2023,0.1244355,0.09534257,0.07518392,0.09471236,RMRG,AEO2026 Low Economic Growth
p22,2024,0.1244355,0.09534257,0.07518392,0.09471236,RMRG,AEO2026 Low Economic Growth
p22,2025,0.1244355,0.09534257,0.07518392,0.09471236,RMRG,AEO2026 Low Economic Growth
p22,2026,0.12646878,0.09508501000000001,0.07378182999999999,0.09369515,RMRG,AEO2026 Low Economic Growth
p22,2027,0.13642874000000002,0.10227517000000001,0.08095504,0.10068725,RMRG,AEO2026 Low Economic Growth
p22,2028,0.14522479,0.10897328999999999,0.08612349,0.1074596,RMRG,AEO2026 Low Economic Growth
p22,2029,0.15106862,0.11335437000000001,0.09023046000000001,0.11174232,RMRG,AEO2026 Low Economic Growth
p22,2030,0.16140796999999998,0.12236217999999999,0.09939988,0.12059534,RMRG,AEO2026 Low Economic Growth
p22,2031,0.17133835,0.13000085,0.10616199,0.12852365000000002,RMRG,AEO2026 Low Economic Growth
p22,2032,0.18464293999999998,0.14199541999999998,0.11873165999999999,0.14052001,RMRG,AEO2026 Low Economic Growth
p22,2033,0.19326316999999998,0.14759741,0.12300765999999999,0.14679291,RMRG,AEO2026 Low Economic Growth
p22,2034,0.19817253,0.15029901,0.12582647,0.14985974999999999,RMRG,AEO2026 Low Economic Growth
p22,2035,0.20331223999999998,0.15289272,0.12823554,0.15272249999999998,RMRG,AEO2026 Low Economic Growth
p22,2036,0.20977741000000003,0.15685187,0.1321515,0.15674747,RMRG,AEO2026 Low Economic Growth
p22,2037,0.21790604,0.16251950999999998,0.13746397999999999,0.1625699,RMRG,AEO2026 Low Economic Growth
p22,2038,0.22714375,0.16909217999999998,0.14334828,0.16935513,RMRG,AEO2026 Low Economic Growth
p22,2039,0.23728081,0.17606445,0.14960845,0.17643588999999998,RMRG,AEO2026 Low Economic Growth
p22,2040,0.24756613000000002,0.18300453,0.15587992,0.18346008000000003,RMRG,AEO2026 Low Economic Growth
p22,2041,0.2558201,0.18762695000000001,0.15952132,0.18814640000000002,RMRG,AEO2026 Low Economic Growth
p22,2042,0.26302879,0.19126301,0.16251183000000002,0.19181463,RMRG,AEO2026 Low Economic Growth
p22,2043,0.27070129000000004,0.19521435,0.16572775,0.19572002000000002,RMRG,AEO2026 Low Economic Growth
p22,2044,0.27927738,0.19991709,0.16961182,0.20034069,RMRG,AEO2026 Low Economic Growth
p22,2045,0.28891266000000004,0.20534981,0.17410166,0.20567007,RMRG,AEO2026 Low Economic Growth
p22,2046,0.29903728,0.21104607,0.17871941,0.21124891,RMRG,AEO2026 Low Economic Growth
p22,2047,0.30936481,0.2168532,0.18341635,0.21688591,RMRG,AEO2026 Low Economic Growth
p22,2048,0.31995068,0.2227174,0.18803028000000002,0.22255389999999997,RMRG,AEO2026 Low Economic Growth
p22,2049,0.33112572,0.22900988000000003,0.19297539,0.22870859,RMRG,AEO2026 Low Economic Growth
p22,2050,0.34240459,0.23529348,0.19795616,0.23471304,RMRG,AEO2026 Low Economic Growth
p23,2014,0.1244355,0.09534257,0.07518392,0.09471236,RMRG,AEO2026 Low Economic Growth
p23,2015,0.1244355,0.09534257,0.07518392,0.09471236,RMRG,AEO2026 Low Economic Growth
p23,2016,0.1244355,0.09534257,0.07518392,0.09471236,RMRG,AEO2026 Low Economic Growth
p23,2017,0.1244355,0.09534257,0.07518392,0.09471236,RMRG,AEO2026 Low Economic Growth
p23,2018,0.1244355,0.09534257,0.07518392,0.09471236,RMRG,AEO2026 Low Economic Growth
p23,2019,0.1244355,0.09534257,0.07518392,0.09471236,RMRG,AEO2026 Low Economic Growth
p23,2020,0.1244355,0.09534257,0.07518392,0.09471236,RMRG,AEO2026 Low Economic Growth
p23,2021,0.1244355,0.09534257,0.07518392,0.09471236,RMRG,AEO2026 Low Economic Growth
p23,2022,0.1244355,0.09534257,0.07518392,0.09471236,RMRG,AEO2026 Low Economic Growth
p23,2023,0.1244355,0.09534257,0.07518392,0.09471236,RMRG,AEO2026 Low Economic Growth
p23,2024,0.1244355,0.09534257,0.07518392,0.09471236,RMRG,AEO2026 Low Economic Growth
p23,2025,0.1244355,0.09534257,0.07518392,0.09471236,RMRG,AEO2026 Low Economic Growth
p23,2026,0.12646878,0.09508501000000001,0.07378182999999999,0.09369515,RMRG,AEO2026 Low Economic Growth
p23,2027,0.13642874000000002,0.10227517000000001,0.08095504,0.10068725,RMRG,AEO2026 Low Economic Growth
p23,2028,0.14522479,0.10897328999999999,0.08612349,0.1074596,RMRG,AEO2026 Low Economic Growth
p23,2029,0.15106862,0.11335437000000001,0.09023046000000001,0.11174232,RMRG,AEO2026 Low Economic Growth
p23,2030,0.16140796999999998,0.12236217999999999,0.09939988,0.12059534,RMRG,AEO2026 Low Economic Growth
p23,2031,0.17133835,0.13000085,0.10616199,0.12852365000000002,RMRG,AEO2026 Low Economic Growth
p23,2032,0.18464293999999998,0.14199541999999998,0.11873165999999999,0.14052001,RMRG,AEO2026 Low Economic Growth
p23,2033,0.19326316999999998,0.14759741,0.12300765999999999,0.14679291,RMRG,AEO2026 Low Economic Growth
p23,2034,0.19817253,0.15029901,0.12582647,0.14985974999999999,RMRG,AEO2026 Low Economic Growth
p23,2035,0.20331223999999998,0.15289272,0.12823554,0.15272249999999998,RMRG,AEO2026 Low Economic Growth
p23,2036,0.20977741000000003,0.15685187,0.1321515,0.15674747,RMRG,AEO2026 Low Economic Growth
p23,2037,0.21790604,0.16251950999999998,0.13746397999999999,0.1625699,RMRG,AEO2026 Low Economic Growth
p23,2038,0.22714375,0.16909217999999998,0.14334828,0.16935513,RMRG,AEO2026 Low Economic Growth
p23,2039,0.23728081,0.17606445,0.14960845,0.17643588999999998,RMRG,AEO2026 Low Economic Growth
p23,2040,0.24756613000000002,0.18300453,0.15587992,0.18346008000000003,RMRG,AEO2026 Low Economic Growth
p23,2041,0.2558201,0.18762695000000001,0.15952132,0.18814640000000002,RMRG,AEO2026 Low Economic Growth
p23,2042,0.26302879,0.19126301,0.16251183000000002,0.19181463,RMRG,AEO2026 Low Economic Growth
p23,2043,0.27070129000000004,0.19521435,0.16572775,0.19572002000000002,RMRG,AEO2026 Low Economic Growth
p23,2044,0.27927738,0.19991709,0.16961182,0.20034069,RMRG,AEO2026 Low Economic Growth
p23,2045,0.28891266000000004,0.20534981,0.17410166,0.20567007,RMRG,AEO2026 Low Economic Growth
p23,2046,0.29903728,0.21104607,0.17871941,0.21124891,RMRG,AEO2026 Low Economic Growth
p23,2047,0.30936481,0.2168532,0.18341635,0.21688591,RMRG,AEO2026 Low Economic Growth
p23,2048,0.31995068,0.2227174,0.18803028000000002,0.22255389999999997,RMRG,AEO2026 Low Economic Growth
p23,2049,0.33112572,0.22900988000000003,0.19297539,0.22870859,RMRG,AEO2026 Low Economic Growth
p23,2050,0.34240459,0.23529348,0.19795616,0.23471304,RMRG,AEO2026 Low Economic Growth
p24,2014,0.1244355,0.09534257,0.07518392,0.09471236,RMRG,AEO2026 Low Economic Growth
p24,2015,0.1244355,0.09534257,0.07518392,0.09471236,RMRG,AEO2026 Low Economic Growth
p24,2016,0.1244355,0.09534257,0.07518392,0.09471236,RMRG,AEO2026 Low Economic Growth
p24,2017,0.1244355,0.09534257,0.07518392,0.09471236,RMRG,AEO2026 Low Economic Growth
p24,2018,0.1244355,0.09534257,0.07518392,0.09471236,RMRG,AEO2026 Low Economic Growth
p24,2019,0.1244355,0.09534257,0.07518392,0.09471236,RMRG,AEO2026 Low Economic Growth
p24,2020,0.1244355,0.09534257,0.07518392,0.09471236,RMRG,AEO2026 Low Economic Growth
p24,2021,0.1244355,0.09534257,0.07518392,0.09471236,RMRG,AEO2026 Low Economic Growth
p24,2022,0.1244355,0.09534257,0.07518392,0.09471236,RMRG,AEO2026 Low Economic Growth
p24,2023,0.1244355,0.09534257,0.07518392,0.09471236,RMRG,AEO2026 Low Economic Growth
p24,2024,0.1244355,0.09534257,0.07518392,0.09471236,RMRG,AEO2026 Low Economic Growth
p24,2025,0.1244355,0.09534257,0.07518392,0.09471236,RMRG,AEO2026 Low Economic Growth
p24,2026,0.12646878,0.09508501000000001,0.07378182999999999,0.09369515,RMRG,AEO2026 Low Economic Growth
p24,2027,0.13642874000000002,0.10227517000000001,0.08095504,0.10068725,RMRG,AEO2026 Low Economic Growth
p24,2028,0.14522479,0.10897328999999999,0.08612349,0.1074596,RMRG,AEO2026 Low Economic Growth
p24,2029,0.15106862,0.11335437000000001,0.09023046000000001,0.11174232,RMRG,AEO2026 Low Economic Growth
p24,2030,0.16140796999999998,0.12236217999999999,0.09939988,0.12059534,RMRG,AEO2026 Low Economic Growth
p24,2031,0.17133835,0.13000085,0.10616199,0.12852365000000002,RMRG,AEO2026 Low Economic Growth
p24,2032,0.18464293999999998,0.14199541999999998,0.11873165999999999,0.14052001,RMRG,AEO2026 Low Economic Growth
p24,2033,0.19326316999999998,0.14759741,0.12300765999999999,0.14679291,RMRG,AEO2026 Low Economic Growth
p24,2034,0.19817253,0.15029901,0.12582647,0.14985974999999999,RMRG,AEO2026 Low Economic Growth
p24,2035,0.20331223999999998,0.15289272,0.12823554,0.15272249999999998,RMRG,AEO2026 Low Economic Growth
p24,2036,0.20977741000000003,0.15685187,0.1321515,0.15674747,RMRG,AEO2026 Low Economic Growth
p24,2037,0.21790604,0.16251950999999998,0.13746397999999999,0.1625699,RMRG,AEO2026 Low Economic Growth
p24,2038,0.22714375,0.16909217999999998,0.14334828,0.16935513,RMRG,AEO2026 Low Economic Growth
p24,2039,0.23728081,0.17606445,0.14960845,0.17643588999999998,RMRG,AEO2026 Low Economic Growth
p24,2040,0.24756613000000002,0.18300453,0.15587992,0.18346008000000003,RMRG,AEO2026 Low Economic Growth
p24,2041,0.2558201,0.18762695000000001,0.15952132,0.18814640000000002,RMRG,AEO2026 Low Economic Growth
p24,2042,0.26302879,0.19126301,0.16251183000000002,0.19181463,RMRG,AEO2026 Low Economic Growth
p24,2043,0.27070129000000004,0.19521435,0.16572775,0.19572002000000002,RMRG,AEO2026 Low Economic Growth
p24,2044,0.27927738,0.19991709,0.16961182,0.20034069,RMRG,AEO2026 Low Economic Growth
p24,2045,0.28891266000000004,0.20534981,0.17410166,0.20567007,RMRG,AEO2026 Low Economic Growth
p24,2046,0.29903728,0.21104607,0.17871941,0.21124891,RMRG,AEO2026 Low Economic Growth
p24,2047,0.30936481,0.2168532,0.18341635,0.21688591,RMRG,AEO2026 Low Economic Growth
p24,2048,0.31995068,0.2227174,0.18803028000000002,0.22255389999999997,RMRG,AEO2026 Low Economic Growth
p24,2049,0.33112572,0.22900988000000003,0.19297539,0.22870859,RMRG,AEO2026 Low Economic Growth
p24,2050,0.34240459,0.23529348,0.19795616,0.23471304,RMRG,AEO2026 Low Economic Growth
p25,2014,0.15516073,0.11435249,0.09591493,0.12532737,BASN,AEO2026 Low Economic Growth
p25,2015,0.15516073,0.11435249,0.09591493,0.12532737,BASN,AEO2026 Low Economic Growth
p25,2016,0.15516073,0.11435249,0.09591493,0.12532737,BASN,AEO2026 Low Economic Growth
p25,2017,0.15516073,0.11435249,0.09591493,0.12532737,BASN,AEO2026 Low Economic Growth
p25,2018,0.15516073,0.11435249,0.09591493,0.12532737,BASN,AEO2026 Low Economic Growth
p25,2019,0.15516073,0.11435249,0.09591493,0.12532737,BASN,AEO2026 Low Economic Growth
p25,2020,0.15516073,0.11435249,0.09591493,0.12532737,BASN,AEO2026 Low Economic Growth
p25,2021,0.15516073,0.11435249,0.09591493,0.12532737,BASN,AEO2026 Low Economic Growth
p25,2022,0.15516073,0.11435249,0.09591493,0.12532737,BASN,AEO2026 Low Economic Growth
p25,2023,0.15516073,0.11435249,0.09591493,0.12532737,BASN,AEO2026 Low Economic Growth
p25,2024,0.15516073,0.11435249,0.09591493,0.12532737,BASN,AEO2026 Low Economic Growth
p25,2025,0.15516073,0.11435249,0.09591493,0.12532737,BASN,AEO2026 Low Economic Growth
p25,2026,0.16806219,0.12337334999999999,0.10378973,0.13437335,BASN,AEO2026 Low Economic Growth
p25,2027,0.17408958,0.12624088,0.10574063,0.13698252,BASN,AEO2026 Low Economic Growth
p25,2028,0.18134359,0.13115731,0.11000694,0.14213531,BASN,AEO2026 Low Economic Growth
p25,2029,0.18755997000000002,0.13530064,0.11368845999999999,0.14657096,BASN,AEO2026 Low Economic Growth
p25,2030,0.19509689000000002,0.14040035,0.11832152000000001,0.15243402,BASN,AEO2026 Low Economic Growth
p25,2031,0.20426723,0.14719288,0.12352824,0.15950994,BASN,AEO2026 Low Economic Growth
p25,2032,0.21390667,0.15456319000000002,0.13110256,0.16697735000000002,BASN,AEO2026 Low Economic Growth
p25,2033,0.22381819,0.16114198999999998,0.13675231,0.17466127,BASN,AEO2026 Low Economic Growth
p25,2034,0.23022669,0.16477148,0.14162055,0.1786846,BASN,AEO2026 Low Economic Growth
p25,2035,0.23624683000000002,0.16725021,0.14161431,0.18231117000000002,BASN,AEO2026 Low Economic Growth
p25,2036,0.24125181,0.16959233999999998,0.14416384000000002,0.18458021,BASN,AEO2026 Low Economic Growth
p25,2037,0.24908850000000002,0.17470455000000001,0.14888467,0.18970172999999999,BASN,AEO2026 Low Economic Growth
p25,2038,0.26116796000000003,0.18347033,0.15684278000000001,0.19851299,BASN,AEO2026 Low Economic Growth
p25,2039,0.27508444,0.19295082,0.16534012,0.20870676,BASN,AEO2026 Low Economic Growth
p25,2040,0.28773361000000003,0.20040621000000003,0.17068325,0.21641660999999998,BASN,AEO2026 Low Economic Growth
p25,2041,0.29569849000000004,0.20420687,0.17349152,0.2207538,BASN,AEO2026 Low Economic Growth
p25,2042,0.30344522,0.20811287,0.17669079,0.22476147000000002,BASN,AEO2026 Low Economic Growth
p25,2043,0.31237417,0.21266848,0.18012342,0.22977682000000002,BASN,AEO2026 Low Economic Growth
p25,2044,0.32171188,0.21744715,0.1835816,0.23464674,BASN,AEO2026 Low Economic Growth
p25,2045,0.33200573,0.2229034,0.18786197999999998,0.24034866000000002,BASN,AEO2026 Low Economic Growth
p25,2046,0.34272613999999996,0.22847248,0.19208834,0.24631477000000002,BASN,AEO2026 Low Economic Growth
p25,2047,0.35473681999999995,0.23553541,0.19801596,0.25338951000000004,BASN,AEO2026 Low Economic Growth
p25,2048,0.36907505,0.24424524000000003,0.20490952,0.26251247,BASN,AEO2026 Low Economic Growth
p25,2049,0.38434425,0.25364225,0.21267278999999997,0.27219297000000003,BASN,AEO2026 Low Economic Growth
p25,2050,0.39948493999999996,0.26239796,0.21957045,0.28155529,BASN,AEO2026 Low Economic Growth
p26,2014,0.15516073,0.11435249,0.09591493,0.12532737,BASN,AEO2026 Low Economic Growth
p26,2015,0.15516073,0.11435249,0.09591493,0.12532737,BASN,AEO2026 Low Economic Growth
p26,2016,0.15516073,0.11435249,0.09591493,0.12532737,BASN,AEO2026 Low Economic Growth
p26,2017,0.15516073,0.11435249,0.09591493,0.12532737,BASN,AEO2026 Low Economic Growth
p26,2018,0.15516073,0.11435249,0.09591493,0.12532737,BASN,AEO2026 Low Economic Growth
p26,2019,0.15516073,0.11435249,0.09591493,0.12532737,BASN,AEO2026 Low Economic Growth
p26,2020,0.15516073,0.11435249,0.09591493,0.12532737,BASN,AEO2026 Low Economic Growth
p26,2021,0.15516073,0.11435249,0.09591493,0.12532737,BASN,AEO2026 Low Economic Growth
p26,2022,0.15516073,0.11435249,0.09591493,0.12532737,BASN,AEO2026 Low Economic Growth
p26,2023,0.15516073,0.11435249,0.09591493,0.12532737,BASN,AEO2026 Low Economic Growth
p26,2024,0.15516073,0.11435249,0.09591493,0.12532737,BASN,AEO2026 Low Economic Growth
p26,2025,0.15516073,0.11435249,0.09591493,0.12532737,BASN,AEO2026 Low Economic Growth
p26,2026,0.16806219,0.12337334999999999,0.10378973,0.13437335,BASN,AEO2026 Low Economic Growth
p26,2027,0.17408958,0.12624088,0.10574063,0.13698252,BASN,AEO2026 Low Economic Growth
p26,2028,0.18134359,0.13115731,0.11000694,0.14213531,BASN,AEO2026 Low Economic Growth
p26,2029,0.18755997000000002,0.13530064,0.11368845999999999,0.14657096,BASN,AEO2026 Low Economic Growth
p26,2030,0.19509689000000002,0.14040035,0.11832152000000001,0.15243402,BASN,AEO2026 Low Economic Growth
p26,2031,0.20426723,0.14719288,0.12352824,0.15950994,BASN,AEO2026 Low Economic Growth
p26,2032,0.21390667,0.15456319000000002,0.13110256,0.16697735000000002,BASN,AEO2026 Low Economic Growth
p26,2033,0.22381819,0.16114198999999998,0.13675231,0.17466127,BASN,AEO2026 Low Economic Growth
p26,2034,0.23022669,0.16477148,0.14162055,0.1786846,BASN,AEO2026 Low Economic Growth
p26,2035,0.23624683000000002,0.16725021,0.14161431,0.18231117000000002,BASN,AEO2026 Low Economic Growth
p26,2036,0.24125181,0.16959233999999998,0.14416384000000002,0.18458021,BASN,AEO2026 Low Economic Growth
p26,2037,0.24908850000000002,0.17470455000000001,0.14888467,0.18970172999999999,BASN,AEO2026 Low Economic Growth
p26,2038,0.26116796000000003,0.18347033,0.15684278000000001,0.19851299,BASN,AEO2026 Low Economic Growth
p26,2039,0.27508444,0.19295082,0.16534012,0.20870676,BASN,AEO2026 Low Economic Growth
p26,2040,0.28773361000000003,0.20040621000000003,0.17068325,0.21641660999999998,BASN,AEO2026 Low Economic Growth
p26,2041,0.29569849000000004,0.20420687,0.17349152,0.2207538,BASN,AEO2026 Low Economic Growth
p26,2042,0.30344522,0.20811287,0.17669079,0.22476147000000002,BASN,AEO2026 Low Economic Growth
p26,2043,0.31237417,0.21266848,0.18012342,0.22977682000000002,BASN,AEO2026 Low Economic Growth
p26,2044,0.32171188,0.21744715,0.1835816,0.23464674,BASN,AEO2026 Low Economic Growth
p26,2045,0.33200573,0.2229034,0.18786197999999998,0.24034866000000002,BASN,AEO2026 Low Economic Growth
p26,2046,0.34272613999999996,0.22847248,0.19208834,0.24631477000000002,BASN,AEO2026 Low Economic Growth
p26,2047,0.35473681999999995,0.23553541,0.19801596,0.25338951000000004,BASN,AEO2026 Low Economic Growth
p26,2048,0.36907505,0.24424524000000003,0.20490952,0.26251247,BASN,AEO2026 Low Economic Growth
p26,2049,0.38434425,0.25364225,0.21267278999999997,0.27219297000000003,BASN,AEO2026 Low Economic Growth
p26,2050,0.39948493999999996,0.26239796,0.21957045,0.28155529,BASN,AEO2026 Low Economic Growth
p27,2014,0.1562576,0.12614366999999999,0.07703866,0.13551145,SRSG,AEO2026 Low Economic Growth
p27,2015,0.1562576,0.12614366999999999,0.07703866,0.13551145,SRSG,AEO2026 Low Economic Growth
p27,2016,0.1562576,0.12614366999999999,0.07703866,0.13551145,SRSG,AEO2026 Low Economic Growth
p27,2017,0.1562576,0.12614366999999999,0.07703866,0.13551145,SRSG,AEO2026 Low Economic Growth
p27,2018,0.1562576,0.12614366999999999,0.07703866,0.13551145,SRSG,AEO2026 Low Economic Growth
p27,2019,0.1562576,0.12614366999999999,0.07703866,0.13551145,SRSG,AEO2026 Low Economic Growth
p27,2020,0.1562576,0.12614366999999999,0.07703866,0.13551145,SRSG,AEO2026 Low Economic Growth
p27,2021,0.1562576,0.12614366999999999,0.07703866,0.13551145,SRSG,AEO2026 Low Economic Growth
p27,2022,0.1562576,0.12614366999999999,0.07703866,0.13551145,SRSG,AEO2026 Low Economic Growth
p27,2023,0.1562576,0.12614366999999999,0.07703866,0.13551145,SRSG,AEO2026 Low Economic Growth
p27,2024,0.1562576,0.12614366999999999,0.07703866,0.13551145,SRSG,AEO2026 Low Economic Growth
p27,2025,0.1562576,0.12614366999999999,0.07703866,0.13551145,SRSG,AEO2026 Low Economic Growth
p27,2026,0.16660181000000002,0.13367596,0.08008945,0.14253801,SRSG,AEO2026 Low Economic Growth
p27,2027,0.16839576999999997,0.13254564,0.07815836,0.14184577,SRSG,AEO2026 Low Economic Growth
p27,2028,0.16953776999999998,0.1328528,0.07779521,0.14153598,SRSG,AEO2026 Low Economic Growth
p27,2029,0.17340834000000002,0.13554195,0.07868448,0.14409399,SRSG,AEO2026 Low Economic Growth
p27,2030,0.17815023,0.1388639,0.08011133,0.14752817000000001,SRSG,AEO2026 Low Economic Growth
p27,2031,0.18351101,0.14298036,0.08259549,0.15137086,SRSG,AEO2026 Low Economic Growth
p27,2032,0.19026381,0.14814786,0.08558552000000001,0.15681343,SRSG,AEO2026 Low Economic Growth
p27,2033,0.19773495,0.15374343,0.08878351999999999,0.16278011,SRSG,AEO2026 Low Economic Growth
p27,2034,0.20276169,0.15658173,0.08985357000000001,0.16633759,SRSG,AEO2026 Low Economic Growth
p27,2035,0.20618224999999998,0.15803508,0.09048185,0.16819130000000002,SRSG,AEO2026 Low Economic Growth
p27,2036,0.21214405,0.16199950999999999,0.09357500999999999,0.17202955,SRSG,AEO2026 Low Economic Growth
p27,2037,0.22528085999999997,0.17302082,0.10053476,0.18247953,SRSG,AEO2026 Low Economic Growth
p27,2038,0.2395047,0.18434691999999997,0.10641052999999999,0.19420582,SRSG,AEO2026 Low Economic Growth
p27,2039,0.24936871,0.19118616,0.10991457,0.20172783,SRSG,AEO2026 Low Economic Growth
p27,2040,0.25637245,0.19531628,0.11180491,0.20626596,SRSG,AEO2026 Low Economic Growth
p27,2041,0.26253529,0.19878824,0.11318213999999999,0.20994955,SRSG,AEO2026 Low Economic Growth
p27,2042,0.26940374,0.20284773,0.11459837,0.2143574,SRSG,AEO2026 Low Economic Growth
p27,2043,0.27644266,0.20697624,0.11607298,0.21859503,SRSG,AEO2026 Low Economic Growth
p27,2044,0.28440350999999997,0.21184018999999998,0.11789401,0.2236968,SRSG,AEO2026 Low Economic Growth
p27,2045,0.29296944,0.21703936,0.11998871,0.22909786000000001,SRSG,AEO2026 Low Economic Growth
p27,2046,0.30176991999999997,0.22240574,0.12216906,0.23462032,SRSG,AEO2026 Low Economic Growth
p27,2047,0.3106303,0.22769978,0.12425226,0.24012028000000002,SRSG,AEO2026 Low Economic Growth
p27,2048,0.31989275,0.23348069999999999,0.12640588,0.24612732,SRSG,AEO2026 Low Economic Growth
p27,2049,0.32934662000000003,0.23912821,0.12860703,0.25198387,SRSG,AEO2026 Low Economic Growth
p27,2050,0.33969692,0.24565144,0.13132039,0.25876337,SRSG,AEO2026 Low Economic Growth
p28,2014,0.1562576,0.12614366999999999,0.07703866,0.13551145,SRSG,AEO2026 Low Economic Growth
p28,2015,0.1562576,0.12614366999999999,0.07703866,0.13551145,SRSG,AEO2026 Low Economic Growth
p28,2016,0.1562576,0.12614366999999999,0.07703866,0.13551145,SRSG,AEO2026 Low Economic Growth
p28,2017,0.1562576,0.12614366999999999,0.07703866,0.13551145,SRSG,AEO2026 Low Economic Growth
p28,2018,0.1562576,0.12614366999999999,0.07703866,0.13551145,SRSG,AEO2026 Low Economic Growth
p28,2019,0.1562576,0.12614366999999999,0.07703866,0.13551145,SRSG,AEO2026 Low Economic Growth
p28,2020,0.1562576,0.12614366999999999,0.07703866,0.13551145,SRSG,AEO2026 Low Economic Growth
p28,2021,0.1562576,0.12614366999999999,0.07703866,0.13551145,SRSG,AEO2026 Low Economic Growth
p28,2022,0.1562576,0.12614366999999999,0.07703866,0.13551145,SRSG,AEO2026 Low Economic Growth
p28,2023,0.1562576,0.12614366999999999,0.07703866,0.13551145,SRSG,AEO2026 Low Economic Growth
p28,2024,0.1562576,0.12614366999999999,0.07703866,0.13551145,SRSG,AEO2026 Low Economic Growth
p28,2025,0.1562576,0.12614366999999999,0.07703866,0.13551145,SRSG,AEO2026 Low Economic Growth
p28,2026,0.16660181000000002,0.13367596,0.08008945,0.14253801,SRSG,AEO2026 Low Economic Growth
p28,2027,0.16839576999999997,0.13254564,0.07815836,0.14184577,SRSG,AEO2026 Low Economic Growth
p28,2028,0.16953776999999998,0.1328528,0.07779521,0.14153598,SRSG,AEO2026 Low Economic Growth
p28,2029,0.17340834000000002,0.13554195,0.07868448,0.14409399,SRSG,AEO2026 Low Economic Growth
p28,2030,0.17815023,0.1388639,0.08011133,0.14752817000000001,SRSG,AEO2026 Low Economic Growth
p28,2031,0.18351101,0.14298036,0.08259549,0.15137086,SRSG,AEO2026 Low Economic Growth
p28,2032,0.19026381,0.14814786,0.08558552000000001,0.15681343,SRSG,AEO2026 Low Economic Growth
p28,2033,0.19773495,0.15374343,0.08878351999999999,0.16278011,SRSG,AEO2026 Low Economic Growth
p28,2034,0.20276169,0.15658173,0.08985357000000001,0.16633759,SRSG,AEO2026 Low Economic Growth
p28,2035,0.20618224999999998,0.15803508,0.09048185,0.16819130000000002,SRSG,AEO2026 Low Economic Growth
p28,2036,0.21214405,0.16199950999999999,0.09357500999999999,0.17202955,SRSG,AEO2026 Low Economic Growth
p28,2037,0.22528085999999997,0.17302082,0.10053476,0.18247953,SRSG,AEO2026 Low Economic Growth
p28,2038,0.2395047,0.18434691999999997,0.10641052999999999,0.19420582,SRSG,AEO2026 Low Economic Growth
p28,2039,0.24936871,0.19118616,0.10991457,0.20172783,SRSG,AEO2026 Low Economic Growth
p28,2040,0.25637245,0.19531628,0.11180491,0.20626596,SRSG,AEO2026 Low Economic Growth
p28,2041,0.26253529,0.19878824,0.11318213999999999,0.20994955,SRSG,AEO2026 Low Economic Growth
p28,2042,0.26940374,0.20284773,0.11459837,0.2143574,SRSG,AEO2026 Low Economic Growth
p28,2043,0.27644266,0.20697624,0.11607298,0.21859503,SRSG,AEO2026 Low Economic Growth
p28,2044,0.28440350999999997,0.21184018999999998,0.11789401,0.2236968,SRSG,AEO2026 Low Economic Growth
p28,2045,0.29296944,0.21703936,0.11998871,0.22909786000000001,SRSG,AEO2026 Low Economic Growth
p28,2046,0.30176991999999997,0.22240574,0.12216906,0.23462032,SRSG,AEO2026 Low Economic Growth
p28,2047,0.3106303,0.22769978,0.12425226,0.24012028000000002,SRSG,AEO2026 Low Economic Growth
p28,2048,0.31989275,0.23348069999999999,0.12640588,0.24612732,SRSG,AEO2026 Low Economic Growth
p28,2049,0.32934662000000003,0.23912821,0.12860703,0.25198387,SRSG,AEO2026 Low Economic Growth
p28,2050,0.33969692,0.24565144,0.13132039,0.25876337,SRSG,AEO2026 Low Economic Growth
p29,2014,0.1562576,0.12614366999999999,0.07703866,0.13551145,SRSG,AEO2026 Low Economic Growth
p29,2015,0.1562576,0.12614366999999999,0.07703866,0.13551145,SRSG,AEO2026 Low Economic Growth
p29,2016,0.1562576,0.12614366999999999,0.07703866,0.13551145,SRSG,AEO2026 Low Economic Growth
p29,2017,0.1562576,0.12614366999999999,0.07703866,0.13551145,SRSG,AEO2026 Low Economic Growth
p29,2018,0.1562576,0.12614366999999999,0.07703866,0.13551145,SRSG,AEO2026 Low Economic Growth
p29,2019,0.1562576,0.12614366999999999,0.07703866,0.13551145,SRSG,AEO2026 Low Economic Growth
p29,2020,0.1562576,0.12614366999999999,0.07703866,0.13551145,SRSG,AEO2026 Low Economic Growth
p29,2021,0.1562576,0.12614366999999999,0.07703866,0.13551145,SRSG,AEO2026 Low Economic Growth
p29,2022,0.1562576,0.12614366999999999,0.07703866,0.13551145,SRSG,AEO2026 Low Economic Growth
p29,2023,0.1562576,0.12614366999999999,0.07703866,0.13551145,SRSG,AEO2026 Low Economic Growth
p29,2024,0.1562576,0.12614366999999999,0.07703866,0.13551145,SRSG,AEO2026 Low Economic Growth
p29,2025,0.1562576,0.12614366999999999,0.07703866,0.13551145,SRSG,AEO2026 Low Economic Growth
p29,2026,0.16660181000000002,0.13367596,0.08008945,0.14253801,SRSG,AEO2026 Low Economic Growth
p29,2027,0.16839576999999997,0.13254564,0.07815836,0.14184577,SRSG,AEO2026 Low Economic Growth
p29,2028,0.16953776999999998,0.1328528,0.07779521,0.14153598,SRSG,AEO2026 Low Economic Growth
p29,2029,0.17340834000000002,0.13554195,0.07868448,0.14409399,SRSG,AEO2026 Low Economic Growth
p29,2030,0.17815023,0.1388639,0.08011133,0.14752817000000001,SRSG,AEO2026 Low Economic Growth
p29,2031,0.18351101,0.14298036,0.08259549,0.15137086,SRSG,AEO2026 Low Economic Growth
p29,2032,0.19026381,0.14814786,0.08558552000000001,0.15681343,SRSG,AEO2026 Low Economic Growth
p29,2033,0.19773495,0.15374343,0.08878351999999999,0.16278011,SRSG,AEO2026 Low Economic Growth
p29,2034,0.20276169,0.15658173,0.08985357000000001,0.16633759,SRSG,AEO2026 Low Economic Growth
p29,2035,0.20618224999999998,0.15803508,0.09048185,0.16819130000000002,SRSG,AEO2026 Low Economic Growth
p29,2036,0.21214405,0.16199950999999999,0.09357500999999999,0.17202955,SRSG,AEO2026 Low Economic Growth
p29,2037,0.22528085999999997,0.17302082,0.10053476,0.18247953,SRSG,AEO2026 Low Economic Growth
p29,2038,0.2395047,0.18434691999999997,0.10641052999999999,0.19420582,SRSG,AEO2026 Low Economic Growth
p29,2039,0.24936871,0.19118616,0.10991457,0.20172783,SRSG,AEO2026 Low Economic Growth
p29,2040,0.25637245,0.19531628,0.11180491,0.20626596,SRSG,AEO2026 Low Economic Growth
p29,2041,0.26253529,0.19878824,0.11318213999999999,0.20994955,SRSG,AEO2026 Low Economic Growth
p29,2042,0.26940374,0.20284773,0.11459837,0.2143574,SRSG,AEO2026 Low Economic Growth
p29,2043,0.27644266,0.20697624,0.11607298,0.21859503,SRSG,AEO2026 Low Economic Growth
p29,2044,0.28440350999999997,0.21184018999999998,0.11789401,0.2236968,SRSG,AEO2026 Low Economic Growth
p29,2045,0.29296944,0.21703936,0.11998871,0.22909786000000001,SRSG,AEO2026 Low Economic Growth
p29,2046,0.30176991999999997,0.22240574,0.12216906,0.23462032,SRSG,AEO2026 Low Economic Growth
p29,2047,0.3106303,0.22769978,0.12425226,0.24012028000000002,SRSG,AEO2026 Low Economic Growth
p29,2048,0.31989275,0.23348069999999999,0.12640588,0.24612732,SRSG,AEO2026 Low Economic Growth
p29,2049,0.32934662000000003,0.23912821,0.12860703,0.25198387,SRSG,AEO2026 Low Economic Growth
p29,2050,0.33969692,0.24565144,0.13132039,0.25876337,SRSG,AEO2026 Low Economic Growth
p30,2014,0.1562576,0.12614366999999999,0.07703866,0.13551145,SRSG,AEO2026 Low Economic Growth
p30,2015,0.1562576,0.12614366999999999,0.07703866,0.13551145,SRSG,AEO2026 Low Economic Growth
p30,2016,0.1562576,0.12614366999999999,0.07703866,0.13551145,SRSG,AEO2026 Low Economic Growth
p30,2017,0.1562576,0.12614366999999999,0.07703866,0.13551145,SRSG,AEO2026 Low Economic Growth
p30,2018,0.1562576,0.12614366999999999,0.07703866,0.13551145,SRSG,AEO2026 Low Economic Growth
p30,2019,0.1562576,0.12614366999999999,0.07703866,0.13551145,SRSG,AEO2026 Low Economic Growth
p30,2020,0.1562576,0.12614366999999999,0.07703866,0.13551145,SRSG,AEO2026 Low Economic Growth
p30,2021,0.1562576,0.12614366999999999,0.07703866,0.13551145,SRSG,AEO2026 Low Economic Growth
p30,2022,0.1562576,0.12614366999999999,0.07703866,0.13551145,SRSG,AEO2026 Low Economic Growth
p30,2023,0.1562576,0.12614366999999999,0.07703866,0.13551145,SRSG,AEO2026 Low Economic Growth
p30,2024,0.1562576,0.12614366999999999,0.07703866,0.13551145,SRSG,AEO2026 Low Economic Growth
p30,2025,0.1562576,0.12614366999999999,0.07703866,0.13551145,SRSG,AEO2026 Low Economic Growth
p30,2026,0.16660181000000002,0.13367596,0.08008945,0.14253801,SRSG,AEO2026 Low Economic Growth
p30,2027,0.16839576999999997,0.13254564,0.07815836,0.14184577,SRSG,AEO2026 Low Economic Growth
p30,2028,0.16953776999999998,0.1328528,0.07779521,0.14153598,SRSG,AEO2026 Low Economic Growth
p30,2029,0.17340834000000002,0.13554195,0.07868448,0.14409399,SRSG,AEO2026 Low Economic Growth
p30,2030,0.17815023,0.1388639,0.08011133,0.14752817000000001,SRSG,AEO2026 Low Economic Growth
p30,2031,0.18351101,0.14298036,0.08259549,0.15137086,SRSG,AEO2026 Low Economic Growth
p30,2032,0.19026381,0.14814786,0.08558552000000001,0.15681343,SRSG,AEO2026 Low Economic Growth
p30,2033,0.19773495,0.15374343,0.08878351999999999,0.16278011,SRSG,AEO2026 Low Economic Growth
p30,2034,0.20276169,0.15658173,0.08985357000000001,0.16633759,SRSG,AEO2026 Low Economic Growth
p30,2035,0.20618224999999998,0.15803508,0.09048185,0.16819130000000002,SRSG,AEO2026 Low Economic Growth
p30,2036,0.21214405,0.16199950999999999,0.09357500999999999,0.17202955,SRSG,AEO2026 Low Economic Growth
p30,2037,0.22528085999999997,0.17302082,0.10053476,0.18247953,SRSG,AEO2026 Low Economic Growth
p30,2038,0.2395047,0.18434691999999997,0.10641052999999999,0.19420582,SRSG,AEO2026 Low Economic Growth
p30,2039,0.24936871,0.19118616,0.10991457,0.20172783,SRSG,AEO2026 Low Economic Growth
p30,2040,0.25637245,0.19531628,0.11180491,0.20626596,SRSG,AEO2026 Low Economic Growth
p30,2041,0.26253529,0.19878824,0.11318213999999999,0.20994955,SRSG,AEO2026 Low Economic Growth
p30,2042,0.26940374,0.20284773,0.11459837,0.2143574,SRSG,AEO2026 Low Economic Growth
p30,2043,0.27644266,0.20697624,0.11607298,0.21859503,SRSG,AEO2026 Low Economic Growth
p30,2044,0.28440350999999997,0.21184018999999998,0.11789401,0.2236968,SRSG,AEO2026 Low Economic Growth
p30,2045,0.29296944,0.21703936,0.11998871,0.22909786000000001,SRSG,AEO2026 Low Economic Growth
p30,2046,0.30176991999999997,0.22240574,0.12216906,0.23462032,SRSG,AEO2026 Low Economic Growth
p30,2047,0.3106303,0.22769978,0.12425226,0.24012028000000002,SRSG,AEO2026 Low Economic Growth
p30,2048,0.31989275,0.23348069999999999,0.12640588,0.24612732,SRSG,AEO2026 Low Economic Growth
p30,2049,0.32934662000000003,0.23912821,0.12860703,0.25198387,SRSG,AEO2026 Low Economic Growth
p30,2050,0.33969692,0.24565144,0.13132039,0.25876337,SRSG,AEO2026 Low Economic Growth
p31,2014,0.1562576,0.12614366999999999,0.07703866,0.13551145,SRSG,AEO2026 Low Economic Growth
p31,2015,0.1562576,0.12614366999999999,0.07703866,0.13551145,SRSG,AEO2026 Low Economic Growth
p31,2016,0.1562576,0.12614366999999999,0.07703866,0.13551145,SRSG,AEO2026 Low Economic Growth
p31,2017,0.1562576,0.12614366999999999,0.07703866,0.13551145,SRSG,AEO2026 Low Economic Growth
p31,2018,0.1562576,0.12614366999999999,0.07703866,0.13551145,SRSG,AEO2026 Low Economic Growth
p31,2019,0.1562576,0.12614366999999999,0.07703866,0.13551145,SRSG,AEO2026 Low Economic Growth
p31,2020,0.1562576,0.12614366999999999,0.07703866,0.13551145,SRSG,AEO2026 Low Economic Growth
p31,2021,0.1562576,0.12614366999999999,0.07703866,0.13551145,SRSG,AEO2026 Low Economic Growth
p31,2022,0.1562576,0.12614366999999999,0.07703866,0.13551145,SRSG,AEO2026 Low Economic Growth
p31,2023,0.1562576,0.12614366999999999,0.07703866,0.13551145,SRSG,AEO2026 Low Economic Growth
p31,2024,0.1562576,0.12614366999999999,0.07703866,0.13551145,SRSG,AEO2026 Low Economic Growth
p31,2025,0.1562576,0.12614366999999999,0.07703866,0.13551145,SRSG,AEO2026 Low Economic Growth
p31,2026,0.16660181000000002,0.13367596,0.08008945,0.14253801,SRSG,AEO2026 Low Economic Growth
p31,2027,0.16839576999999997,0.13254564,0.07815836,0.14184577,SRSG,AEO2026 Low Economic Growth
p31,2028,0.16953776999999998,0.1328528,0.07779521,0.14153598,SRSG,AEO2026 Low Economic Growth
p31,2029,0.17340834000000002,0.13554195,0.07868448,0.14409399,SRSG,AEO2026 Low Economic Growth
p31,2030,0.17815023,0.1388639,0.08011133,0.14752817000000001,SRSG,AEO2026 Low Economic Growth
p31,2031,0.18351101,0.14298036,0.08259549,0.15137086,SRSG,AEO2026 Low Economic Growth
p31,2032,0.19026381,0.14814786,0.08558552000000001,0.15681343,SRSG,AEO2026 Low Economic Growth
p31,2033,0.19773495,0.15374343,0.08878351999999999,0.16278011,SRSG,AEO2026 Low Economic Growth
p31,2034,0.20276169,0.15658173,0.08985357000000001,0.16633759,SRSG,AEO2026 Low Economic Growth
p31,2035,0.20618224999999998,0.15803508,0.09048185,0.16819130000000002,SRSG,AEO2026 Low Economic Growth
p31,2036,0.21214405,0.16199950999999999,0.09357500999999999,0.17202955,SRSG,AEO2026 Low Economic Growth
p31,2037,0.22528085999999997,0.17302082,0.10053476,0.18247953,SRSG,AEO2026 Low Economic Growth
p31,2038,0.2395047,0.18434691999999997,0.10641052999999999,0.19420582,SRSG,AEO2026 Low Economic Growth
p31,2039,0.24936871,0.19118616,0.10991457,0.20172783,SRSG,AEO2026 Low Economic Growth
p31,2040,0.25637245,0.19531628,0.11180491,0.20626596,SRSG,AEO2026 Low Economic Growth
p31,2041,0.26253529,0.19878824,0.11318213999999999,0.20994955,SRSG,AEO2026 Low Economic Growth
p31,2042,0.26940374,0.20284773,0.11459837,0.2143574,SRSG,AEO2026 Low Economic Growth
p31,2043,0.27644266,0.20697624,0.11607298,0.21859503,SRSG,AEO2026 Low Economic Growth
p31,2044,0.28440350999999997,0.21184018999999998,0.11789401,0.2236968,SRSG,AEO2026 Low Economic Growth
p31,2045,0.29296944,0.21703936,0.11998871,0.22909786000000001,SRSG,AEO2026 Low Economic Growth
p31,2046,0.30176991999999997,0.22240574,0.12216906,0.23462032,SRSG,AEO2026 Low Economic Growth
p31,2047,0.3106303,0.22769978,0.12425226,0.24012028000000002,SRSG,AEO2026 Low Economic Growth
p31,2048,0.31989275,0.23348069999999999,0.12640588,0.24612732,SRSG,AEO2026 Low Economic Growth
p31,2049,0.32934662000000003,0.23912821,0.12860703,0.25198387,SRSG,AEO2026 Low Economic Growth
p31,2050,0.33969692,0.24565144,0.13132039,0.25876337,SRSG,AEO2026 Low Economic Growth
p32,2014,0.1244355,0.09534257,0.07518392,0.09471236,RMRG,AEO2026 Low Economic Growth
p32,2015,0.1244355,0.09534257,0.07518392,0.09471236,RMRG,AEO2026 Low Economic Growth
p32,2016,0.1244355,0.09534257,0.07518392,0.09471236,RMRG,AEO2026 Low Economic Growth
p32,2017,0.1244355,0.09534257,0.07518392,0.09471236,RMRG,AEO2026 Low Economic Growth
p32,2018,0.1244355,0.09534257,0.07518392,0.09471236,RMRG,AEO2026 Low Economic Growth
p32,2019,0.1244355,0.09534257,0.07518392,0.09471236,RMRG,AEO2026 Low Economic Growth
p32,2020,0.1244355,0.09534257,0.07518392,0.09471236,RMRG,AEO2026 Low Economic Growth
p32,2021,0.1244355,0.09534257,0.07518392,0.09471236,RMRG,AEO2026 Low Economic Growth
p32,2022,0.1244355,0.09534257,0.07518392,0.09471236,RMRG,AEO2026 Low Economic Growth
p32,2023,0.1244355,0.09534257,0.07518392,0.09471236,RMRG,AEO2026 Low Economic Growth
p32,2024,0.1244355,0.09534257,0.07518392,0.09471236,RMRG,AEO2026 Low Economic Growth
p32,2025,0.1244355,0.09534257,0.07518392,0.09471236,RMRG,AEO2026 Low Economic Growth
p32,2026,0.12646878,0.09508501000000001,0.07378182999999999,0.09369515,RMRG,AEO2026 Low Economic Growth
p32,2027,0.13642874000000002,0.10227517000000001,0.08095504,0.10068725,RMRG,AEO2026 Low Economic Growth
p32,2028,0.14522479,0.10897328999999999,0.08612349,0.1074596,RMRG,AEO2026 Low Economic Growth
p32,2029,0.15106862,0.11335437000000001,0.09023046000000001,0.11174232,RMRG,AEO2026 Low Economic Growth
p32,2030,0.16140796999999998,0.12236217999999999,0.09939988,0.12059534,RMRG,AEO2026 Low Economic Growth
p32,2031,0.17133835,0.13000085,0.10616199,0.12852365000000002,RMRG,AEO2026 Low Economic Growth
p32,2032,0.18464293999999998,0.14199541999999998,0.11873165999999999,0.14052001,RMRG,AEO2026 Low Economic Growth
p32,2033,0.19326316999999998,0.14759741,0.12300765999999999,0.14679291,RMRG,AEO2026 Low Economic Growth
p32,2034,0.19817253,0.15029901,0.12582647,0.14985974999999999,RMRG,AEO2026 Low Economic Growth
p32,2035,0.20331223999999998,0.15289272,0.12823554,0.15272249999999998,RMRG,AEO2026 Low Economic Growth
p32,2036,0.20977741000000003,0.15685187,0.1321515,0.15674747,RMRG,AEO2026 Low Economic Growth
p32,2037,0.21790604,0.16251950999999998,0.13746397999999999,0.1625699,RMRG,AEO2026 Low Economic Growth
p32,2038,0.22714375,0.16909217999999998,0.14334828,0.16935513,RMRG,AEO2026 Low Economic Growth
p32,2039,0.23728081,0.17606445,0.14960845,0.17643588999999998,RMRG,AEO2026 Low Economic Growth
p32,2040,0.24756613000000002,0.18300453,0.15587992,0.18346008000000003,RMRG,AEO2026 Low Economic Growth
p32,2041,0.2558201,0.18762695000000001,0.15952132,0.18814640000000002,RMRG,AEO2026 Low Economic Growth
p32,2042,0.26302879,0.19126301,0.16251183000000002,0.19181463,RMRG,AEO2026 Low Economic Growth
p32,2043,0.27070129000000004,0.19521435,0.16572775,0.19572002000000002,RMRG,AEO2026 Low Economic Growth
p32,2044,0.27927738,0.19991709,0.16961182,0.20034069,RMRG,AEO2026 Low Economic Growth
p32,2045,0.28891266000000004,0.20534981,0.17410166,0.20567007,RMRG,AEO2026 Low Economic Growth
p32,2046,0.29903728,0.21104607,0.17871941,0.21124891,RMRG,AEO2026 Low Economic Growth
p32,2047,0.30936481,0.2168532,0.18341635,0.21688591,RMRG,AEO2026 Low Economic Growth
p32,2048,0.31995068,0.2227174,0.18803028000000002,0.22255389999999997,RMRG,AEO2026 Low Economic Growth
p32,2049,0.33112572,0.22900988000000003,0.19297539,0.22870859,RMRG,AEO2026 Low Economic Growth
p32,2050,0.34240459,0.23529348,0.19795616,0.23471304,RMRG,AEO2026 Low Economic Growth
p33,2014,0.1244355,0.09534257,0.07518392,0.09471236,RMRG,AEO2026 Low Economic Growth
p33,2015,0.1244355,0.09534257,0.07518392,0.09471236,RMRG,AEO2026 Low Economic Growth
p33,2016,0.1244355,0.09534257,0.07518392,0.09471236,RMRG,AEO2026 Low Economic Growth
p33,2017,0.1244355,0.09534257,0.07518392,0.09471236,RMRG,AEO2026 Low Economic Growth
p33,2018,0.1244355,0.09534257,0.07518392,0.09471236,RMRG,AEO2026 Low Economic Growth
p33,2019,0.1244355,0.09534257,0.07518392,0.09471236,RMRG,AEO2026 Low Economic Growth
p33,2020,0.1244355,0.09534257,0.07518392,0.09471236,RMRG,AEO2026 Low Economic Growth
p33,2021,0.1244355,0.09534257,0.07518392,0.09471236,RMRG,AEO2026 Low Economic Growth
p33,2022,0.1244355,0.09534257,0.07518392,0.09471236,RMRG,AEO2026 Low Economic Growth
p33,2023,0.1244355,0.09534257,0.07518392,0.09471236,RMRG,AEO2026 Low Economic Growth
p33,2024,0.1244355,0.09534257,0.07518392,0.09471236,RMRG,AEO2026 Low Economic Growth
p33,2025,0.1244355,0.09534257,0.07518392,0.09471236,RMRG,AEO2026 Low Economic Growth
p33,2026,0.12646878,0.09508501000000001,0.07378182999999999,0.09369515,RMRG,AEO2026 Low Economic Growth
p33,2027,0.13642874000000002,0.10227517000000001,0.08095504,0.10068725,RMRG,AEO2026 Low Economic Growth
p33,2028,0.14522479,0.10897328999999999,0.08612349,0.1074596,RMRG,AEO2026 Low Economic Growth
p33,2029,0.15106862,0.11335437000000001,0.09023046000000001,0.11174232,RMRG,AEO2026 Low Economic Growth
p33,2030,0.16140796999999998,0.12236217999999999,0.09939988,0.12059534,RMRG,AEO2026 Low Economic Growth
p33,2031,0.17133835,0.13000085,0.10616199,0.12852365000000002,RMRG,AEO2026 Low Economic Growth
p33,2032,0.18464293999999998,0.14199541999999998,0.11873165999999999,0.14052001,RMRG,AEO2026 Low Economic Growth
p33,2033,0.19326316999999998,0.14759741,0.12300765999999999,0.14679291,RMRG,AEO2026 Low Economic Growth
p33,2034,0.19817253,0.15029901,0.12582647,0.14985974999999999,RMRG,AEO2026 Low Economic Growth
p33,2035,0.20331223999999998,0.15289272,0.12823554,0.15272249999999998,RMRG,AEO2026 Low Economic Growth
p33,2036,0.20977741000000003,0.15685187,0.1321515,0.15674747,RMRG,AEO2026 Low Economic Growth
p33,2037,0.21790604,0.16251950999999998,0.13746397999999999,0.1625699,RMRG,AEO2026 Low Economic Growth
p33,2038,0.22714375,0.16909217999999998,0.14334828,0.16935513,RMRG,AEO2026 Low Economic Growth
p33,2039,0.23728081,0.17606445,0.14960845,0.17643588999999998,RMRG,AEO2026 Low Economic Growth
p33,2040,0.24756613000000002,0.18300453,0.15587992,0.18346008000000003,RMRG,AEO2026 Low Economic Growth
p33,2041,0.2558201,0.18762695000000001,0.15952132,0.18814640000000002,RMRG,AEO2026 Low Economic Growth
p33,2042,0.26302879,0.19126301,0.16251183000000002,0.19181463,RMRG,AEO2026 Low Economic Growth
p33,2043,0.27070129000000004,0.19521435,0.16572775,0.19572002000000002,RMRG,AEO2026 Low Economic Growth
p33,2044,0.27927738,0.19991709,0.16961182,0.20034069,RMRG,AEO2026 Low Economic Growth
p33,2045,0.28891266000000004,0.20534981,0.17410166,0.20567007,RMRG,AEO2026 Low Economic Growth
p33,2046,0.29903728,0.21104607,0.17871941,0.21124891,RMRG,AEO2026 Low Economic Growth
p33,2047,0.30936481,0.2168532,0.18341635,0.21688591,RMRG,AEO2026 Low Economic Growth
p33,2048,0.31995068,0.2227174,0.18803028000000002,0.22255389999999997,RMRG,AEO2026 Low Economic Growth
p33,2049,0.33112572,0.22900988000000003,0.19297539,0.22870859,RMRG,AEO2026 Low Economic Growth
p33,2050,0.34240459,0.23529348,0.19795616,0.23471304,RMRG,AEO2026 Low Economic Growth
p34,2014,0.1244355,0.09534257,0.07518392,0.09471236,RMRG,AEO2026 Low Economic Growth
p34,2015,0.1244355,0.09534257,0.07518392,0.09471236,RMRG,AEO2026 Low Economic Growth
p34,2016,0.1244355,0.09534257,0.07518392,0.09471236,RMRG,AEO2026 Low Economic Growth
p34,2017,0.1244355,0.09534257,0.07518392,0.09471236,RMRG,AEO2026 Low Economic Growth
p34,2018,0.1244355,0.09534257,0.07518392,0.09471236,RMRG,AEO2026 Low Economic Growth
p34,2019,0.1244355,0.09534257,0.07518392,0.09471236,RMRG,AEO2026 Low Economic Growth
p34,2020,0.1244355,0.09534257,0.07518392,0.09471236,RMRG,AEO2026 Low Economic Growth
p34,2021,0.1244355,0.09534257,0.07518392,0.09471236,RMRG,AEO2026 Low Economic Growth
p34,2022,0.1244355,0.09534257,0.07518392,0.09471236,RMRG,AEO2026 Low Economic Growth
p34,2023,0.1244355,0.09534257,0.07518392,0.09471236,RMRG,AEO2026 Low Economic Growth
p34,2024,0.1244355,0.09534257,0.07518392,0.09471236,RMRG,AEO2026 Low Economic Growth
p34,2025,0.1244355,0.09534257,0.07518392,0.09471236,RMRG,AEO2026 Low Economic Growth
p34,2026,0.12646878,0.09508501000000001,0.07378182999999999,0.09369515,RMRG,AEO2026 Low Economic Growth
p34,2027,0.13642874000000002,0.10227517000000001,0.08095504,0.10068725,RMRG,AEO2026 Low Economic Growth
p34,2028,0.14522479,0.10897328999999999,0.08612349,0.1074596,RMRG,AEO2026 Low Economic Growth
p34,2029,0.15106862,0.11335437000000001,0.09023046000000001,0.11174232,RMRG,AEO2026 Low Economic Growth
p34,2030,0.16140796999999998,0.12236217999999999,0.09939988,0.12059534,RMRG,AEO2026 Low Economic Growth
p34,2031,0.17133835,0.13000085,0.10616199,0.12852365000000002,RMRG,AEO2026 Low Economic Growth
p34,2032,0.18464293999999998,0.14199541999999998,0.11873165999999999,0.14052001,RMRG,AEO2026 Low Economic Growth
p34,2033,0.19326316999999998,0.14759741,0.12300765999999999,0.14679291,RMRG,AEO2026 Low Economic Growth
p34,2034,0.19817253,0.15029901,0.12582647,0.14985974999999999,RMRG,AEO2026 Low Economic Growth
p34,2035,0.20331223999999998,0.15289272,0.12823554,0.15272249999999998,RMRG,AEO2026 Low Economic Growth
p34,2036,0.20977741000000003,0.15685187,0.1321515,0.15674747,RMRG,AEO2026 Low Economic Growth
p34,2037,0.21790604,0.16251950999999998,0.13746397999999999,0.1625699,RMRG,AEO2026 Low Economic Growth
p34,2038,0.22714375,0.16909217999999998,0.14334828,0.16935513,RMRG,AEO2026 Low Economic Growth
p34,2039,0.23728081,0.17606445,0.14960845,0.17643588999999998,RMRG,AEO2026 Low Economic Growth
p34,2040,0.24756613000000002,0.18300453,0.15587992,0.18346008000000003,RMRG,AEO2026 Low Economic Growth
p34,2041,0.2558201,0.18762695000000001,0.15952132,0.18814640000000002,RMRG,AEO2026 Low Economic Growth
p34,2042,0.26302879,0.19126301,0.16251183000000002,0.19181463,RMRG,AEO2026 Low Economic Growth
p34,2043,0.27070129000000004,0.19521435,0.16572775,0.19572002000000002,RMRG,AEO2026 Low Economic Growth
p34,2044,0.27927738,0.19991709,0.16961182,0.20034069,RMRG,AEO2026 Low Economic Growth
p34,2045,0.28891266000000004,0.20534981,0.17410166,0.20567007,RMRG,AEO2026 Low Economic Growth
p34,2046,0.29903728,0.21104607,0.17871941,0.21124891,RMRG,AEO2026 Low Economic Growth
p34,2047,0.30936481,0.2168532,0.18341635,0.21688591,RMRG,AEO2026 Low Economic Growth
p34,2048,0.31995068,0.2227174,0.18803028000000002,0.22255389999999997,RMRG,AEO2026 Low Economic Growth
p34,2049,0.33112572,0.22900988000000003,0.19297539,0.22870859,RMRG,AEO2026 Low Economic Growth
p34,2050,0.34240459,0.23529348,0.19795616,0.23471304,RMRG,AEO2026 Low Economic Growth
p35,2014,0.10860455,0.08039783,0.07135118,0.09196208,SPPN,AEO2026 Low Economic Growth
p35,2015,0.10860455,0.08039783,0.07135118,0.09196208,SPPN,AEO2026 Low Economic Growth
p35,2016,0.10860455,0.08039783,0.07135118,0.09196208,SPPN,AEO2026 Low Economic Growth
p35,2017,0.10860455,0.08039783,0.07135118,0.09196208,SPPN,AEO2026 Low Economic Growth
p35,2018,0.10860455,0.08039783,0.07135118,0.09196208,SPPN,AEO2026 Low Economic Growth
p35,2019,0.10860455,0.08039783,0.07135118,0.09196208,SPPN,AEO2026 Low Economic Growth
p35,2020,0.10860455,0.08039783,0.07135118,0.09196208,SPPN,AEO2026 Low Economic Growth
p35,2021,0.10860455,0.08039783,0.07135118,0.09196208,SPPN,AEO2026 Low Economic Growth
p35,2022,0.10860455,0.08039783,0.07135118,0.09196208,SPPN,AEO2026 Low Economic Growth
p35,2023,0.10860455,0.08039783,0.07135118,0.09196208,SPPN,AEO2026 Low Economic Growth
p35,2024,0.10860455,0.08039783,0.07135118,0.09196208,SPPN,AEO2026 Low Economic Growth
p35,2025,0.10860455,0.08039783,0.07135118,0.09196208,SPPN,AEO2026 Low Economic Growth
p35,2026,0.11556606999999999,0.08591805000000001,0.07631679,0.09830189,SPPN,AEO2026 Low Economic Growth
p35,2027,0.1191737,0.08730251000000001,0.07684033,0.09961182,SPPN,AEO2026 Low Economic Growth
p35,2028,0.12780929,0.09394444,0.08327028,0.10669068,SPPN,AEO2026 Low Economic Growth
p35,2029,0.13411022,0.09879434,0.0872217,0.11209695,SPPN,AEO2026 Low Economic Growth
p35,2030,0.13503537,0.09904265000000001,0.08596793999999999,0.11307169,SPPN,AEO2026 Low Economic Growth
p35,2031,0.14548738,0.10690217,0.09375409,0.12178823,SPPN,AEO2026 Low Economic Growth
p35,2032,0.16083845,0.11854764,0.10618886,0.13465953,SPPN,AEO2026 Low Economic Growth
p35,2033,0.17214922000000002,0.12694421,0.11454083000000001,0.14443269,SPPN,AEO2026 Low Economic Growth
p35,2034,0.17939547,0.13172212,0.11933867,0.15006572,SPPN,AEO2026 Low Economic Growth
p35,2035,0.18456427,0.13483005,0.12235009,0.15394002,SPPN,AEO2026 Low Economic Growth
p35,2036,0.19037361,0.13841269,0.12589402,0.1581914,SPPN,AEO2026 Low Economic Growth
p35,2037,0.19666122000000003,0.14238359,0.12977251,0.1628554,SPPN,AEO2026 Low Economic Growth
p35,2038,0.20537779,0.14841668,0.135845,0.16968002,SPPN,AEO2026 Low Economic Growth
p35,2039,0.22909634,0.16683456,0.15557484,0.18950048,SPPN,AEO2026 Low Economic Growth
p35,2040,0.24014963,0.174683,0.16275905999999998,0.19889289999999998,SPPN,AEO2026 Low Economic Growth
p35,2041,0.24720682,0.17924886999999998,0.16691483999999998,0.20418324,SPPN,AEO2026 Low Economic Growth
p35,2042,0.26329626,0.19124328999999998,0.17935678,0.21716421,SPPN,AEO2026 Low Economic Growth
p35,2043,0.27265491000000003,0.19768011000000002,0.18510969,0.22464613,SPPN,AEO2026 Low Economic Growth
p35,2044,0.28032402,0.20281479000000002,0.18982655,0.23028664,SPPN,AEO2026 Low Economic Growth
p35,2045,0.28872879,0.20842382,0.19500217,0.23639258999999999,SPPN,AEO2026 Low Economic Growth
p35,2046,0.29704633999999996,0.21393664999999998,0.20006205000000002,0.24235073,SPPN,AEO2026 Low Economic Growth
p35,2047,0.30635819999999997,0.22024044,0.20578634,0.24925358,SPPN,AEO2026 Low Economic Growth
p35,2048,0.31568007000000003,0.22658112,0.21148912,0.256147,SPPN,AEO2026 Low Economic Growth
p35,2049,0.32614342,0.23380177,0.21797928,0.26409604999999997,SPPN,AEO2026 Low Economic Growth
p35,2050,0.33695811999999997,0.24126263,0.22468586,0.27234678,SPPN,AEO2026 Low Economic Growth
p36,2014,0.10860455,0.08039783,0.07135118,0.09196208,SPPN,AEO2026 Low Economic Growth
p36,2015,0.10860455,0.08039783,0.07135118,0.09196208,SPPN,AEO2026 Low Economic Growth
p36,2016,0.10860455,0.08039783,0.07135118,0.09196208,SPPN,AEO2026 Low Economic Growth
p36,2017,0.10860455,0.08039783,0.07135118,0.09196208,SPPN,AEO2026 Low Economic Growth
p36,2018,0.10860455,0.08039783,0.07135118,0.09196208,SPPN,AEO2026 Low Economic Growth
p36,2019,0.10860455,0.08039783,0.07135118,0.09196208,SPPN,AEO2026 Low Economic Growth
p36,2020,0.10860455,0.08039783,0.07135118,0.09196208,SPPN,AEO2026 Low Economic Growth
p36,2021,0.10860455,0.08039783,0.07135118,0.09196208,SPPN,AEO2026 Low Economic Growth
p36,2022,0.10860455,0.08039783,0.07135118,0.09196208,SPPN,AEO2026 Low Economic Growth
p36,2023,0.10860455,0.08039783,0.07135118,0.09196208,SPPN,AEO2026 Low Economic Growth
p36,2024,0.10860455,0.08039783,0.07135118,0.09196208,SPPN,AEO2026 Low Economic Growth
p36,2025,0.10860455,0.08039783,0.07135118,0.09196208,SPPN,AEO2026 Low Economic Growth
p36,2026,0.11556606999999999,0.08591805000000001,0.07631679,0.09830189,SPPN,AEO2026 Low Economic Growth
p36,2027,0.1191737,0.08730251000000001,0.07684033,0.09961182,SPPN,AEO2026 Low Economic Growth
p36,2028,0.12780929,0.09394444,0.08327028,0.10669068,SPPN,AEO2026 Low Economic Growth
p36,2029,0.13411022,0.09879434,0.0872217,0.11209695,SPPN,AEO2026 Low Economic Growth
p36,2030,0.13503537,0.09904265000000001,0.08596793999999999,0.11307169,SPPN,AEO2026 Low Economic Growth
p36,2031,0.14548738,0.10690217,0.09375409,0.12178823,SPPN,AEO2026 Low Economic Growth
p36,2032,0.16083845,0.11854764,0.10618886,0.13465953,SPPN,AEO2026 Low Economic Growth
p36,2033,0.17214922000000002,0.12694421,0.11454083000000001,0.14443269,SPPN,AEO2026 Low Economic Growth
p36,2034,0.17939547,0.13172212,0.11933867,0.15006572,SPPN,AEO2026 Low Economic Growth
p36,2035,0.18456427,0.13483005,0.12235009,0.15394002,SPPN,AEO2026 Low Economic Growth
p36,2036,0.19037361,0.13841269,0.12589402,0.1581914,SPPN,AEO2026 Low Economic Growth
p36,2037,0.19666122000000003,0.14238359,0.12977251,0.1628554,SPPN,AEO2026 Low Economic Growth
p36,2038,0.20537779,0.14841668,0.135845,0.16968002,SPPN,AEO2026 Low Economic Growth
p36,2039,0.22909634,0.16683456,0.15557484,0.18950048,SPPN,AEO2026 Low Economic Growth
p36,2040,0.24014963,0.174683,0.16275905999999998,0.19889289999999998,SPPN,AEO2026 Low Economic Growth
p36,2041,0.24720682,0.17924886999999998,0.16691483999999998,0.20418324,SPPN,AEO2026 Low Economic Growth
p36,2042,0.26329626,0.19124328999999998,0.17935678,0.21716421,SPPN,AEO2026 Low Economic Growth
p36,2043,0.27265491000000003,0.19768011000000002,0.18510969,0.22464613,SPPN,AEO2026 Low Economic Growth
p36,2044,0.28032402,0.20281479000000002,0.18982655,0.23028664,SPPN,AEO2026 Low Economic Growth
p36,2045,0.28872879,0.20842382,0.19500217,0.23639258999999999,SPPN,AEO2026 Low Economic Growth
p36,2046,0.29704633999999996,0.21393664999999998,0.20006205000000002,0.24235073,SPPN,AEO2026 Low Economic Growth
p36,2047,0.30635819999999997,0.22024044,0.20578634,0.24925358,SPPN,AEO2026 Low Economic Growth
p36,2048,0.31568007000000003,0.22658112,0.21148912,0.256147,SPPN,AEO2026 Low Economic Growth
p36,2049,0.32614342,0.23380177,0.21797928,0.26409604999999997,SPPN,AEO2026 Low Economic Growth
p36,2050,0.33695811999999997,0.24126263,0.22468586,0.27234678,SPPN,AEO2026 Low Economic Growth
p37,2014,0.10860455,0.08039783,0.07135118,0.09196208,SPPN,AEO2026 Low Economic Growth
p37,2015,0.10860455,0.08039783,0.07135118,0.09196208,SPPN,AEO2026 Low Economic Growth
p37,2016,0.10860455,0.08039783,0.07135118,0.09196208,SPPN,AEO2026 Low Economic Growth
p37,2017,0.10860455,0.08039783,0.07135118,0.09196208,SPPN,AEO2026 Low Economic Growth
p37,2018,0.10860455,0.08039783,0.07135118,0.09196208,SPPN,AEO2026 Low Economic Growth
p37,2019,0.10860455,0.08039783,0.07135118,0.09196208,SPPN,AEO2026 Low Economic Growth
p37,2020,0.10860455,0.08039783,0.07135118,0.09196208,SPPN,AEO2026 Low Economic Growth
p37,2021,0.10860455,0.08039783,0.07135118,0.09196208,SPPN,AEO2026 Low Economic Growth
p37,2022,0.10860455,0.08039783,0.07135118,0.09196208,SPPN,AEO2026 Low Economic Growth
p37,2023,0.10860455,0.08039783,0.07135118,0.09196208,SPPN,AEO2026 Low Economic Growth
p37,2024,0.10860455,0.08039783,0.07135118,0.09196208,SPPN,AEO2026 Low Economic Growth
p37,2025,0.10860455,0.08039783,0.07135118,0.09196208,SPPN,AEO2026 Low Economic Growth
p37,2026,0.11556606999999999,0.08591805000000001,0.07631679,0.09830189,SPPN,AEO2026 Low Economic Growth
p37,2027,0.1191737,0.08730251000000001,0.07684033,0.09961182,SPPN,AEO2026 Low Economic Growth
p37,2028,0.12780929,0.09394444,0.08327028,0.10669068,SPPN,AEO2026 Low Economic Growth
p37,2029,0.13411022,0.09879434,0.0872217,0.11209695,SPPN,AEO2026 Low Economic Growth
p37,2030,0.13503537,0.09904265000000001,0.08596793999999999,0.11307169,SPPN,AEO2026 Low Economic Growth
p37,2031,0.14548738,0.10690217,0.09375409,0.12178823,SPPN,AEO2026 Low Economic Growth
p37,2032,0.16083845,0.11854764,0.10618886,0.13465953,SPPN,AEO2026 Low Economic Growth
p37,2033,0.17214922000000002,0.12694421,0.11454083000000001,0.14443269,SPPN,AEO2026 Low Economic Growth
p37,2034,0.17939547,0.13172212,0.11933867,0.15006572,SPPN,AEO2026 Low Economic Growth
p37,2035,0.18456427,0.13483005,0.12235009,0.15394002,SPPN,AEO2026 Low Economic Growth
p37,2036,0.19037361,0.13841269,0.12589402,0.1581914,SPPN,AEO2026 Low Economic Growth
p37,2037,0.19666122000000003,0.14238359,0.12977251,0.1628554,SPPN,AEO2026 Low Economic Growth
p37,2038,0.20537779,0.14841668,0.135845,0.16968002,SPPN,AEO2026 Low Economic Growth
p37,2039,0.22909634,0.16683456,0.15557484,0.18950048,SPPN,AEO2026 Low Economic Growth
p37,2040,0.24014963,0.174683,0.16275905999999998,0.19889289999999998,SPPN,AEO2026 Low Economic Growth
p37,2041,0.24720682,0.17924886999999998,0.16691483999999998,0.20418324,SPPN,AEO2026 Low Economic Growth
p37,2042,0.26329626,0.19124328999999998,0.17935678,0.21716421,SPPN,AEO2026 Low Economic Growth
p37,2043,0.27265491000000003,0.19768011000000002,0.18510969,0.22464613,SPPN,AEO2026 Low Economic Growth
p37,2044,0.28032402,0.20281479000000002,0.18982655,0.23028664,SPPN,AEO2026 Low Economic Growth
p37,2045,0.28872879,0.20842382,0.19500217,0.23639258999999999,SPPN,AEO2026 Low Economic Growth
p37,2046,0.29704633999999996,0.21393664999999998,0.20006205000000002,0.24235073,SPPN,AEO2026 Low Economic Growth
p37,2047,0.30635819999999997,0.22024044,0.20578634,0.24925358,SPPN,AEO2026 Low Economic Growth
p37,2048,0.31568007000000003,0.22658112,0.21148912,0.256147,SPPN,AEO2026 Low Economic Growth
p37,2049,0.32614342,0.23380177,0.21797928,0.26409604999999997,SPPN,AEO2026 Low Economic Growth
p37,2050,0.33695811999999997,0.24126263,0.22468586,0.27234678,SPPN,AEO2026 Low Economic Growth
p38,2014,0.10860455,0.08039783,0.07135118,0.09196208,SPPN,AEO2026 Low Economic Growth
p38,2015,0.10860455,0.08039783,0.07135118,0.09196208,SPPN,AEO2026 Low Economic Growth
p38,2016,0.10860455,0.08039783,0.07135118,0.09196208,SPPN,AEO2026 Low Economic Growth
p38,2017,0.10860455,0.08039783,0.07135118,0.09196208,SPPN,AEO2026 Low Economic Growth
p38,2018,0.10860455,0.08039783,0.07135118,0.09196208,SPPN,AEO2026 Low Economic Growth
p38,2019,0.10860455,0.08039783,0.07135118,0.09196208,SPPN,AEO2026 Low Economic Growth
p38,2020,0.10860455,0.08039783,0.07135118,0.09196208,SPPN,AEO2026 Low Economic Growth
p38,2021,0.10860455,0.08039783,0.07135118,0.09196208,SPPN,AEO2026 Low Economic Growth
p38,2022,0.10860455,0.08039783,0.07135118,0.09196208,SPPN,AEO2026 Low Economic Growth
p38,2023,0.10860455,0.08039783,0.07135118,0.09196208,SPPN,AEO2026 Low Economic Growth
p38,2024,0.10860455,0.08039783,0.07135118,0.09196208,SPPN,AEO2026 Low Economic Growth
p38,2025,0.10860455,0.08039783,0.07135118,0.09196208,SPPN,AEO2026 Low Economic Growth
p38,2026,0.11556606999999999,0.08591805000000001,0.07631679,0.09830189,SPPN,AEO2026 Low Economic Growth
p38,2027,0.1191737,0.08730251000000001,0.07684033,0.09961182,SPPN,AEO2026 Low Economic Growth
p38,2028,0.12780929,0.09394444,0.08327028,0.10669068,SPPN,AEO2026 Low Economic Growth
p38,2029,0.13411022,0.09879434,0.0872217,0.11209695,SPPN,AEO2026 Low Economic Growth
p38,2030,0.13503537,0.09904265000000001,0.08596793999999999,0.11307169,SPPN,AEO2026 Low Economic Growth
p38,2031,0.14548738,0.10690217,0.09375409,0.12178823,SPPN,AEO2026 Low Economic Growth
p38,2032,0.16083845,0.11854764,0.10618886,0.13465953,SPPN,AEO2026 Low Economic Growth
p38,2033,0.17214922000000002,0.12694421,0.11454083000000001,0.14443269,SPPN,AEO2026 Low Economic Growth
p38,2034,0.17939547,0.13172212,0.11933867,0.15006572,SPPN,AEO2026 Low Economic Growth
p38,2035,0.18456427,0.13483005,0.12235009,0.15394002,SPPN,AEO2026 Low Economic Growth
p38,2036,0.19037361,0.13841269,0.12589402,0.1581914,SPPN,AEO2026 Low Economic Growth
p38,2037,0.19666122000000003,0.14238359,0.12977251,0.1628554,SPPN,AEO2026 Low Economic Growth
p38,2038,0.20537779,0.14841668,0.135845,0.16968002,SPPN,AEO2026 Low Economic Growth
p38,2039,0.22909634,0.16683456,0.15557484,0.18950048,SPPN,AEO2026 Low Economic Growth
p38,2040,0.24014963,0.174683,0.16275905999999998,0.19889289999999998,SPPN,AEO2026 Low Economic Growth
p38,2041,0.24720682,0.17924886999999998,0.16691483999999998,0.20418324,SPPN,AEO2026 Low Economic Growth
p38,2042,0.26329626,0.19124328999999998,0.17935678,0.21716421,SPPN,AEO2026 Low Economic Growth
p38,2043,0.27265491000000003,0.19768011000000002,0.18510969,0.22464613,SPPN,AEO2026 Low Economic Growth
p38,2044,0.28032402,0.20281479000000002,0.18982655,0.23028664,SPPN,AEO2026 Low Economic Growth
p38,2045,0.28872879,0.20842382,0.19500217,0.23639258999999999,SPPN,AEO2026 Low Economic Growth
p38,2046,0.29704633999999996,0.21393664999999998,0.20006205000000002,0.24235073,SPPN,AEO2026 Low Economic Growth
p38,2047,0.30635819999999997,0.22024044,0.20578634,0.24925358,SPPN,AEO2026 Low Economic Growth
p38,2048,0.31568007000000003,0.22658112,0.21148912,0.256147,SPPN,AEO2026 Low Economic Growth
p38,2049,0.32614342,0.23380177,0.21797928,0.26409604999999997,SPPN,AEO2026 Low Economic Growth
p38,2050,0.33695811999999997,0.24126263,0.22468586,0.27234678,SPPN,AEO2026 Low Economic Growth
p39,2014,0.1244355,0.09534257,0.07518392,0.09471236,RMRG,AEO2026 Low Economic Growth
p39,2015,0.1244355,0.09534257,0.07518392,0.09471236,RMRG,AEO2026 Low Economic Growth
p39,2016,0.1244355,0.09534257,0.07518392,0.09471236,RMRG,AEO2026 Low Economic Growth
p39,2017,0.1244355,0.09534257,0.07518392,0.09471236,RMRG,AEO2026 Low Economic Growth
p39,2018,0.1244355,0.09534257,0.07518392,0.09471236,RMRG,AEO2026 Low Economic Growth
p39,2019,0.1244355,0.09534257,0.07518392,0.09471236,RMRG,AEO2026 Low Economic Growth
p39,2020,0.1244355,0.09534257,0.07518392,0.09471236,RMRG,AEO2026 Low Economic Growth
p39,2021,0.1244355,0.09534257,0.07518392,0.09471236,RMRG,AEO2026 Low Economic Growth
p39,2022,0.1244355,0.09534257,0.07518392,0.09471236,RMRG,AEO2026 Low Economic Growth
p39,2023,0.1244355,0.09534257,0.07518392,0.09471236,RMRG,AEO2026 Low Economic Growth
p39,2024,0.1244355,0.09534257,0.07518392,0.09471236,RMRG,AEO2026 Low Economic Growth
p39,2025,0.1244355,0.09534257,0.07518392,0.09471236,RMRG,AEO2026 Low Economic Growth
p39,2026,0.12646878,0.09508501000000001,0.07378182999999999,0.09369515,RMRG,AEO2026 Low Economic Growth
p39,2027,0.13642874000000002,0.10227517000000001,0.08095504,0.10068725,RMRG,AEO2026 Low Economic Growth
p39,2028,0.14522479,0.10897328999999999,0.08612349,0.1074596,RMRG,AEO2026 Low Economic Growth
p39,2029,0.15106862,0.11335437000000001,0.09023046000000001,0.11174232,RMRG,AEO2026 Low Economic Growth
p39,2030,0.16140796999999998,0.12236217999999999,0.09939988,0.12059534,RMRG,AEO2026 Low Economic Growth
p39,2031,0.17133835,0.13000085,0.10616199,0.12852365000000002,RMRG,AEO2026 Low Economic Growth
p39,2032,0.18464293999999998,0.14199541999999998,0.11873165999999999,0.14052001,RMRG,AEO2026 Low Economic Growth
p39,2033,0.19326316999999998,0.14759741,0.12300765999999999,0.14679291,RMRG,AEO2026 Low Economic Growth
p39,2034,0.19817253,0.15029901,0.12582647,0.14985974999999999,RMRG,AEO2026 Low Economic Growth
p39,2035,0.20331223999999998,0.15289272,0.12823554,0.15272249999999998,RMRG,AEO2026 Low Economic Growth
p39,2036,0.20977741000000003,0.15685187,0.1321515,0.15674747,RMRG,AEO2026 Low Economic Growth
p39,2037,0.21790604,0.16251950999999998,0.13746397999999999,0.1625699,RMRG,AEO2026 Low Economic Growth
p39,2038,0.22714375,0.16909217999999998,0.14334828,0.16935513,RMRG,AEO2026 Low Economic Growth
p39,2039,0.23728081,0.17606445,0.14960845,0.17643588999999998,RMRG,AEO2026 Low Economic Growth
p39,2040,0.24756613000000002,0.18300453,0.15587992,0.18346008000000003,RMRG,AEO2026 Low Economic Growth
p39,2041,0.2558201,0.18762695000000001,0.15952132,0.18814640000000002,RMRG,AEO2026 Low Economic Growth
p39,2042,0.26302879,0.19126301,0.16251183000000002,0.19181463,RMRG,AEO2026 Low Economic Growth
p39,2043,0.27070129000000004,0.19521435,0.16572775,0.19572002000000002,RMRG,AEO2026 Low Economic Growth
p39,2044,0.27927738,0.19991709,0.16961182,0.20034069,RMRG,AEO2026 Low Economic Growth
p39,2045,0.28891266000000004,0.20534981,0.17410166,0.20567007,RMRG,AEO2026 Low Economic Growth
p39,2046,0.29903728,0.21104607,0.17871941,0.21124891,RMRG,AEO2026 Low Economic Growth
p39,2047,0.30936481,0.2168532,0.18341635,0.21688591,RMRG,AEO2026 Low Economic Growth
p39,2048,0.31995068,0.2227174,0.18803028000000002,0.22255389999999997,RMRG,AEO2026 Low Economic Growth
p39,2049,0.33112572,0.22900988000000003,0.19297539,0.22870859,RMRG,AEO2026 Low Economic Growth
p39,2050,0.34240459,0.23529348,0.19795616,0.23471304,RMRG,AEO2026 Low Economic Growth
p40,2014,0.10860455,0.08039783,0.07135118,0.09196208,SPPN,AEO2026 Low Economic Growth
p40,2015,0.10860455,0.08039783,0.07135118,0.09196208,SPPN,AEO2026 Low Economic Growth
p40,2016,0.10860455,0.08039783,0.07135118,0.09196208,SPPN,AEO2026 Low Economic Growth
p40,2017,0.10860455,0.08039783,0.07135118,0.09196208,SPPN,AEO2026 Low Economic Growth
p40,2018,0.10860455,0.08039783,0.07135118,0.09196208,SPPN,AEO2026 Low Economic Growth
p40,2019,0.10860455,0.08039783,0.07135118,0.09196208,SPPN,AEO2026 Low Economic Growth
p40,2020,0.10860455,0.08039783,0.07135118,0.09196208,SPPN,AEO2026 Low Economic Growth
p40,2021,0.10860455,0.08039783,0.07135118,0.09196208,SPPN,AEO2026 Low Economic Growth
p40,2022,0.10860455,0.08039783,0.07135118,0.09196208,SPPN,AEO2026 Low Economic Growth
p40,2023,0.10860455,0.08039783,0.07135118,0.09196208,SPPN,AEO2026 Low Economic Growth
p40,2024,0.10860455,0.08039783,0.07135118,0.09196208,SPPN,AEO2026 Low Economic Growth
p40,2025,0.10860455,0.08039783,0.07135118,0.09196208,SPPN,AEO2026 Low Economic Growth
p40,2026,0.11556606999999999,0.08591805000000001,0.07631679,0.09830189,SPPN,AEO2026 Low Economic Growth
p40,2027,0.1191737,0.08730251000000001,0.07684033,0.09961182,SPPN,AEO2026 Low Economic Growth
p40,2028,0.12780929,0.09394444,0.08327028,0.10669068,SPPN,AEO2026 Low Economic Growth
p40,2029,0.13411022,0.09879434,0.0872217,0.11209695,SPPN,AEO2026 Low Economic Growth
p40,2030,0.13503537,0.09904265000000001,0.08596793999999999,0.11307169,SPPN,AEO2026 Low Economic Growth
p40,2031,0.14548738,0.10690217,0.09375409,0.12178823,SPPN,AEO2026 Low Economic Growth
p40,2032,0.16083845,0.11854764,0.10618886,0.13465953,SPPN,AEO2026 Low Economic Growth
p40,2033,0.17214922000000002,0.12694421,0.11454083000000001,0.14443269,SPPN,AEO2026 Low Economic Growth
p40,2034,0.17939547,0.13172212,0.11933867,0.15006572,SPPN,AEO2026 Low Economic Growth
p40,2035,0.18456427,0.13483005,0.12235009,0.15394002,SPPN,AEO2026 Low Economic Growth
p40,2036,0.19037361,0.13841269,0.12589402,0.1581914,SPPN,AEO2026 Low Economic Growth
p40,2037,0.19666122000000003,0.14238359,0.12977251,0.1628554,SPPN,AEO2026 Low Economic Growth
p40,2038,0.20537779,0.14841668,0.135845,0.16968002,SPPN,AEO2026 Low Economic Growth
p40,2039,0.22909634,0.16683456,0.15557484,0.18950048,SPPN,AEO2026 Low Economic Growth
p40,2040,0.24014963,0.174683,0.16275905999999998,0.19889289999999998,SPPN,AEO2026 Low Economic Growth
p40,2041,0.24720682,0.17924886999999998,0.16691483999999998,0.20418324,SPPN,AEO2026 Low Economic Growth
p40,2042,0.26329626,0.19124328999999998,0.17935678,0.21716421,SPPN,AEO2026 Low Economic Growth
p40,2043,0.27265491000000003,0.19768011000000002,0.18510969,0.22464613,SPPN,AEO2026 Low Economic Growth
p40,2044,0.28032402,0.20281479000000002,0.18982655,0.23028664,SPPN,AEO2026 Low Economic Growth
p40,2045,0.28872879,0.20842382,0.19500217,0.23639258999999999,SPPN,AEO2026 Low Economic Growth
p40,2046,0.29704633999999996,0.21393664999999998,0.20006205000000002,0.24235073,SPPN,AEO2026 Low Economic Growth
p40,2047,0.30635819999999997,0.22024044,0.20578634,0.24925358,SPPN,AEO2026 Low Economic Growth
p40,2048,0.31568007000000003,0.22658112,0.21148912,0.256147,SPPN,AEO2026 Low Economic Growth
p40,2049,0.32614342,0.23380177,0.21797928,0.26409604999999997,SPPN,AEO2026 Low Economic Growth
p40,2050,0.33695811999999997,0.24126263,0.22468586,0.27234678,SPPN,AEO2026 Low Economic Growth
p41,2014,0.10860455,0.08039783,0.07135118,0.09196208,SPPN,AEO2026 Low Economic Growth
p41,2015,0.10860455,0.08039783,0.07135118,0.09196208,SPPN,AEO2026 Low Economic Growth
p41,2016,0.10860455,0.08039783,0.07135118,0.09196208,SPPN,AEO2026 Low Economic Growth
p41,2017,0.10860455,0.08039783,0.07135118,0.09196208,SPPN,AEO2026 Low Economic Growth
p41,2018,0.10860455,0.08039783,0.07135118,0.09196208,SPPN,AEO2026 Low Economic Growth
p41,2019,0.10860455,0.08039783,0.07135118,0.09196208,SPPN,AEO2026 Low Economic Growth
p41,2020,0.10860455,0.08039783,0.07135118,0.09196208,SPPN,AEO2026 Low Economic Growth
p41,2021,0.10860455,0.08039783,0.07135118,0.09196208,SPPN,AEO2026 Low Economic Growth
p41,2022,0.10860455,0.08039783,0.07135118,0.09196208,SPPN,AEO2026 Low Economic Growth
p41,2023,0.10860455,0.08039783,0.07135118,0.09196208,SPPN,AEO2026 Low Economic Growth
p41,2024,0.10860455,0.08039783,0.07135118,0.09196208,SPPN,AEO2026 Low Economic Growth
p41,2025,0.10860455,0.08039783,0.07135118,0.09196208,SPPN,AEO2026 Low Economic Growth
p41,2026,0.11556606999999999,0.08591805000000001,0.07631679,0.09830189,SPPN,AEO2026 Low Economic Growth
p41,2027,0.1191737,0.08730251000000001,0.07684033,0.09961182,SPPN,AEO2026 Low Economic Growth
p41,2028,0.12780929,0.09394444,0.08327028,0.10669068,SPPN,AEO2026 Low Economic Growth
p41,2029,0.13411022,0.09879434,0.0872217,0.11209695,SPPN,AEO2026 Low Economic Growth
p41,2030,0.13503537,0.09904265000000001,0.08596793999999999,0.11307169,SPPN,AEO2026 Low Economic Growth
p41,2031,0.14548738,0.10690217,0.09375409,0.12178823,SPPN,AEO2026 Low Economic Growth
p41,2032,0.16083845,0.11854764,0.10618886,0.13465953,SPPN,AEO2026 Low Economic Growth
p41,2033,0.17214922000000002,0.12694421,0.11454083000000001,0.14443269,SPPN,AEO2026 Low Economic Growth
p41,2034,0.17939547,0.13172212,0.11933867,0.15006572,SPPN,AEO2026 Low Economic Growth
p41,2035,0.18456427,0.13483005,0.12235009,0.15394002,SPPN,AEO2026 Low Economic Growth
p41,2036,0.19037361,0.13841269,0.12589402,0.1581914,SPPN,AEO2026 Low Economic Growth
p41,2037,0.19666122000000003,0.14238359,0.12977251,0.1628554,SPPN,AEO2026 Low Economic Growth
p41,2038,0.20537779,0.14841668,0.135845,0.16968002,SPPN,AEO2026 Low Economic Growth
p41,2039,0.22909634,0.16683456,0.15557484,0.18950048,SPPN,AEO2026 Low Economic Growth
p41,2040,0.24014963,0.174683,0.16275905999999998,0.19889289999999998,SPPN,AEO2026 Low Economic Growth
p41,2041,0.24720682,0.17924886999999998,0.16691483999999998,0.20418324,SPPN,AEO2026 Low Economic Growth
p41,2042,0.26329626,0.19124328999999998,0.17935678,0.21716421,SPPN,AEO2026 Low Economic Growth
p41,2043,0.27265491000000003,0.19768011000000002,0.18510969,0.22464613,SPPN,AEO2026 Low Economic Growth
p41,2044,0.28032402,0.20281479000000002,0.18982655,0.23028664,SPPN,AEO2026 Low Economic Growth
p41,2045,0.28872879,0.20842382,0.19500217,0.23639258999999999,SPPN,AEO2026 Low Economic Growth
p41,2046,0.29704633999999996,0.21393664999999998,0.20006205000000002,0.24235073,SPPN,AEO2026 Low Economic Growth
p41,2047,0.30635819999999997,0.22024044,0.20578634,0.24925358,SPPN,AEO2026 Low Economic Growth
p41,2048,0.31568007000000003,0.22658112,0.21148912,0.256147,SPPN,AEO2026 Low Economic Growth
p41,2049,0.32614342,0.23380177,0.21797928,0.26409604999999997,SPPN,AEO2026 Low Economic Growth
p41,2050,0.33695811999999997,0.24126263,0.22468586,0.27234678,SPPN,AEO2026 Low Economic Growth
p42,2014,0.16382887000000002,0.12301211000000001,0.08635592,0.13203251,MISW,AEO2026 Low Economic Growth
p42,2015,0.16382887000000002,0.12301211000000001,0.08635592,0.13203251,MISW,AEO2026 Low Economic Growth
p42,2016,0.16382887000000002,0.12301211000000001,0.08635592,0.13203251,MISW,AEO2026 Low Economic Growth
p42,2017,0.16382887000000002,0.12301211000000001,0.08635592,0.13203251,MISW,AEO2026 Low Economic Growth
p42,2018,0.16382887000000002,0.12301211000000001,0.08635592,0.13203251,MISW,AEO2026 Low Economic Growth
p42,2019,0.16382887000000002,0.12301211000000001,0.08635592,0.13203251,MISW,AEO2026 Low Economic Growth
p42,2020,0.16382887000000002,0.12301211000000001,0.08635592,0.13203251,MISW,AEO2026 Low Economic Growth
p42,2021,0.16382887000000002,0.12301211000000001,0.08635592,0.13203251,MISW,AEO2026 Low Economic Growth
p42,2022,0.16382887000000002,0.12301211000000001,0.08635592,0.13203251,MISW,AEO2026 Low Economic Growth
p42,2023,0.16382887000000002,0.12301211000000001,0.08635592,0.13203251,MISW,AEO2026 Low Economic Growth
p42,2024,0.16382887000000002,0.12301211000000001,0.08635592,0.13203251,MISW,AEO2026 Low Economic Growth
p42,2025,0.16382887000000002,0.12301211000000001,0.08635592,0.13203251,MISW,AEO2026 Low Economic Growth
p42,2026,0.17372285999999998,0.12976742,0.09148479,0.14019589,MISW,AEO2026 Low Economic Growth
p42,2027,0.170056,0.12637284,0.08597733,0.13645435,MISW,AEO2026 Low Economic Growth
p42,2028,0.16941813,0.12512997,0.0854669,0.13439007,MISW,AEO2026 Low Economic Growth
p42,2029,0.17485275,0.12952450000000001,0.08839959,0.13863428,MISW,AEO2026 Low Economic Growth
p42,2030,0.18198757000000002,0.1349602,0.09263887999999999,0.14417637,MISW,AEO2026 Low Economic Growth
p42,2031,0.19050762,0.14160851,0.09773370999999999,0.15118213,MISW,AEO2026 Low Economic Growth
p42,2032,0.20537985,0.15183175000000002,0.10869165,0.16196507000000002,MISW,AEO2026 Low Economic Growth
p42,2033,0.21755351999999997,0.16156901999999998,0.11543322,0.17296516,MISW,AEO2026 Low Economic Growth
p42,2034,0.22346443000000002,0.16533604000000002,0.11868606,0.17747957,MISW,AEO2026 Low Economic Growth
p42,2035,0.22933086,0.16914898,0.12195529000000001,0.18181103,MISW,AEO2026 Low Economic Growth
p42,2036,0.23590488,0.17347862,0.12566532,0.18657965,MISW,AEO2026 Low Economic Growth
p42,2037,0.2424621,0.17787337999999997,0.12927087,0.19135368,MISW,AEO2026 Low Economic Growth
p42,2038,0.24848183,0.18202207999999998,0.13238747,0.19579336000000003,MISW,AEO2026 Low Economic Growth
p42,2039,0.25939741,0.18918610000000002,0.13960137,0.20326733,MISW,AEO2026 Low Economic Growth
p42,2040,0.26936581,0.19671661000000001,0.14469231999999999,0.21159192999999998,MISW,AEO2026 Low Economic Growth
p42,2041,0.27570463,0.20085133,0.14782958000000002,0.21593605,MISW,AEO2026 Low Economic Growth
p42,2042,0.28387764,0.20635185,0.15226347,0.22164562,MISW,AEO2026 Low Economic Growth
p42,2043,0.29172335,0.21195234,0.15600233,0.22753395,MISW,AEO2026 Low Economic Growth
p42,2044,0.29879702,0.21686567,0.1593142,0.23252558,MISW,AEO2026 Low Economic Growth
p42,2045,0.30674112000000003,0.22237268,0.16306307,0.23810972,MISW,AEO2026 Low Economic Growth
p42,2046,0.31510881,0.22825996,0.16704443000000002,0.24412226,MISW,AEO2026 Low Economic Growth
p42,2047,0.32352961999999996,0.234156,0.17104455999999998,0.25004663,MISW,AEO2026 Low Economic Growth
p42,2048,0.33214565,0.24027693,0.17513428,0.25613705,MISW,AEO2026 Low Economic Growth
p42,2049,0.34118687000000003,0.24674456,0.17942369,0.26259155,MISW,AEO2026 Low Economic Growth
p42,2050,0.35057056000000003,0.25346796,0.18394611000000002,0.26928648,MISW,AEO2026 Low Economic Growth
p43,2014,0.16382887000000002,0.12301211000000001,0.08635592,0.13203251,MISW,AEO2026 Low Economic Growth
p43,2015,0.16382887000000002,0.12301211000000001,0.08635592,0.13203251,MISW,AEO2026 Low Economic Growth
p43,2016,0.16382887000000002,0.12301211000000001,0.08635592,0.13203251,MISW,AEO2026 Low Economic Growth
p43,2017,0.16382887000000002,0.12301211000000001,0.08635592,0.13203251,MISW,AEO2026 Low Economic Growth
p43,2018,0.16382887000000002,0.12301211000000001,0.08635592,0.13203251,MISW,AEO2026 Low Economic Growth
p43,2019,0.16382887000000002,0.12301211000000001,0.08635592,0.13203251,MISW,AEO2026 Low Economic Growth
p43,2020,0.16382887000000002,0.12301211000000001,0.08635592,0.13203251,MISW,AEO2026 Low Economic Growth
p43,2021,0.16382887000000002,0.12301211000000001,0.08635592,0.13203251,MISW,AEO2026 Low Economic Growth
p43,2022,0.16382887000000002,0.12301211000000001,0.08635592,0.13203251,MISW,AEO2026 Low Economic Growth
p43,2023,0.16382887000000002,0.12301211000000001,0.08635592,0.13203251,MISW,AEO2026 Low Economic Growth
p43,2024,0.16382887000000002,0.12301211000000001,0.08635592,0.13203251,MISW,AEO2026 Low Economic Growth
p43,2025,0.16382887000000002,0.12301211000000001,0.08635592,0.13203251,MISW,AEO2026 Low Economic Growth
p43,2026,0.17372285999999998,0.12976742,0.09148479,0.14019589,MISW,AEO2026 Low Economic Growth
p43,2027,0.170056,0.12637284,0.08597733,0.13645435,MISW,AEO2026 Low Economic Growth
p43,2028,0.16941813,0.12512997,0.0854669,0.13439007,MISW,AEO2026 Low Economic Growth
p43,2029,0.17485275,0.12952450000000001,0.08839959,0.13863428,MISW,AEO2026 Low Economic Growth
p43,2030,0.18198757000000002,0.1349602,0.09263887999999999,0.14417637,MISW,AEO2026 Low Economic Growth
p43,2031,0.19050762,0.14160851,0.09773370999999999,0.15118213,MISW,AEO2026 Low Economic Growth
p43,2032,0.20537985,0.15183175000000002,0.10869165,0.16196507000000002,MISW,AEO2026 Low Economic Growth
p43,2033,0.21755351999999997,0.16156901999999998,0.11543322,0.17296516,MISW,AEO2026 Low Economic Growth
p43,2034,0.22346443000000002,0.16533604000000002,0.11868606,0.17747957,MISW,AEO2026 Low Economic Growth
p43,2035,0.22933086,0.16914898,0.12195529000000001,0.18181103,MISW,AEO2026 Low Economic Growth
p43,2036,0.23590488,0.17347862,0.12566532,0.18657965,MISW,AEO2026 Low Economic Growth
p43,2037,0.2424621,0.17787337999999997,0.12927087,0.19135368,MISW,AEO2026 Low Economic Growth
p43,2038,0.24848183,0.18202207999999998,0.13238747,0.19579336000000003,MISW,AEO2026 Low Economic Growth
p43,2039,0.25939741,0.18918610000000002,0.13960137,0.20326733,MISW,AEO2026 Low Economic Growth
p43,2040,0.26936581,0.19671661000000001,0.14469231999999999,0.21159192999999998,MISW,AEO2026 Low Economic Growth
p43,2041,0.27570463,0.20085133,0.14782958000000002,0.21593605,MISW,AEO2026 Low Economic Growth
p43,2042,0.28387764,0.20635185,0.15226347,0.22164562,MISW,AEO2026 Low Economic Growth
p43,2043,0.29172335,0.21195234,0.15600233,0.22753395,MISW,AEO2026 Low Economic Growth
p43,2044,0.29879702,0.21686567,0.1593142,0.23252558,MISW,AEO2026 Low Economic Growth
p43,2045,0.30674112000000003,0.22237268,0.16306307,0.23810972,MISW,AEO2026 Low Economic Growth
p43,2046,0.31510881,0.22825996,0.16704443000000002,0.24412226,MISW,AEO2026 Low Economic Growth
p43,2047,0.32352961999999996,0.234156,0.17104455999999998,0.25004663,MISW,AEO2026 Low Economic Growth
p43,2048,0.33214565,0.24027693,0.17513428,0.25613705,MISW,AEO2026 Low Economic Growth
p43,2049,0.34118687000000003,0.24674456,0.17942369,0.26259155,MISW,AEO2026 Low Economic Growth
p43,2050,0.35057056000000003,0.25346796,0.18394611000000002,0.26928648,MISW,AEO2026 Low Economic Growth
p44,2014,0.16382887000000002,0.12301211000000001,0.08635592,0.13203251,MISW,AEO2026 Low Economic Growth
p44,2015,0.16382887000000002,0.12301211000000001,0.08635592,0.13203251,MISW,AEO2026 Low Economic Growth
p44,2016,0.16382887000000002,0.12301211000000001,0.08635592,0.13203251,MISW,AEO2026 Low Economic Growth
p44,2017,0.16382887000000002,0.12301211000000001,0.08635592,0.13203251,MISW,AEO2026 Low Economic Growth
p44,2018,0.16382887000000002,0.12301211000000001,0.08635592,0.13203251,MISW,AEO2026 Low Economic Growth
p44,2019,0.16382887000000002,0.12301211000000001,0.08635592,0.13203251,MISW,AEO2026 Low Economic Growth
p44,2020,0.16382887000000002,0.12301211000000001,0.08635592,0.13203251,MISW,AEO2026 Low Economic Growth
p44,2021,0.16382887000000002,0.12301211000000001,0.08635592,0.13203251,MISW,AEO2026 Low Economic Growth
p44,2022,0.16382887000000002,0.12301211000000001,0.08635592,0.13203251,MISW,AEO2026 Low Economic Growth
p44,2023,0.16382887000000002,0.12301211000000001,0.08635592,0.13203251,MISW,AEO2026 Low Economic Growth
p44,2024,0.16382887000000002,0.12301211000000001,0.08635592,0.13203251,MISW,AEO2026 Low Economic Growth
p44,2025,0.16382887000000002,0.12301211000000001,0.08635592,0.13203251,MISW,AEO2026 Low Economic Growth
p44,2026,0.17372285999999998,0.12976742,0.09148479,0.14019589,MISW,AEO2026 Low Economic Growth
p44,2027,0.170056,0.12637284,0.08597733,0.13645435,MISW,AEO2026 Low Economic Growth
p44,2028,0.16941813,0.12512997,0.0854669,0.13439007,MISW,AEO2026 Low Economic Growth
p44,2029,0.17485275,0.12952450000000001,0.08839959,0.13863428,MISW,AEO2026 Low Economic Growth
p44,2030,0.18198757000000002,0.1349602,0.09263887999999999,0.14417637,MISW,AEO2026 Low Economic Growth
p44,2031,0.19050762,0.14160851,0.09773370999999999,0.15118213,MISW,AEO2026 Low Economic Growth
p44,2032,0.20537985,0.15183175000000002,0.10869165,0.16196507000000002,MISW,AEO2026 Low Economic Growth
p44,2033,0.21755351999999997,0.16156901999999998,0.11543322,0.17296516,MISW,AEO2026 Low Economic Growth
p44,2034,0.22346443000000002,0.16533604000000002,0.11868606,0.17747957,MISW,AEO2026 Low Economic Growth
p44,2035,0.22933086,0.16914898,0.12195529000000001,0.18181103,MISW,AEO2026 Low Economic Growth
p44,2036,0.23590488,0.17347862,0.12566532,0.18657965,MISW,AEO2026 Low Economic Growth
p44,2037,0.2424621,0.17787337999999997,0.12927087,0.19135368,MISW,AEO2026 Low Economic Growth
p44,2038,0.24848183,0.18202207999999998,0.13238747,0.19579336000000003,MISW,AEO2026 Low Economic Growth
p44,2039,0.25939741,0.18918610000000002,0.13960137,0.20326733,MISW,AEO2026 Low Economic Growth
p44,2040,0.26936581,0.19671661000000001,0.14469231999999999,0.21159192999999998,MISW,AEO2026 Low Economic Growth
p44,2041,0.27570463,0.20085133,0.14782958000000002,0.21593605,MISW,AEO2026 Low Economic Growth
p44,2042,0.28387764,0.20635185,0.15226347,0.22164562,MISW,AEO2026 Low Economic Growth
p44,2043,0.29172335,0.21195234,0.15600233,0.22753395,MISW,AEO2026 Low Economic Growth
p44,2044,0.29879702,0.21686567,0.1593142,0.23252558,MISW,AEO2026 Low Economic Growth
p44,2045,0.30674112000000003,0.22237268,0.16306307,0.23810972,MISW,AEO2026 Low Economic Growth
p44,2046,0.31510881,0.22825996,0.16704443000000002,0.24412226,MISW,AEO2026 Low Economic Growth
p44,2047,0.32352961999999996,0.234156,0.17104455999999998,0.25004663,MISW,AEO2026 Low Economic Growth
p44,2048,0.33214565,0.24027693,0.17513428,0.25613705,MISW,AEO2026 Low Economic Growth
p44,2049,0.34118687000000003,0.24674456,0.17942369,0.26259155,MISW,AEO2026 Low Economic Growth
p44,2050,0.35057056000000003,0.25346796,0.18394611000000002,0.26928648,MISW,AEO2026 Low Economic Growth
p45,2014,0.10860455,0.08039783,0.07135118,0.09196208,SPPN,AEO2026 Low Economic Growth
p45,2015,0.10860455,0.08039783,0.07135118,0.09196208,SPPN,AEO2026 Low Economic Growth
p45,2016,0.10860455,0.08039783,0.07135118,0.09196208,SPPN,AEO2026 Low Economic Growth
p45,2017,0.10860455,0.08039783,0.07135118,0.09196208,SPPN,AEO2026 Low Economic Growth
p45,2018,0.10860455,0.08039783,0.07135118,0.09196208,SPPN,AEO2026 Low Economic Growth
p45,2019,0.10860455,0.08039783,0.07135118,0.09196208,SPPN,AEO2026 Low Economic Growth
p45,2020,0.10860455,0.08039783,0.07135118,0.09196208,SPPN,AEO2026 Low Economic Growth
p45,2021,0.10860455,0.08039783,0.07135118,0.09196208,SPPN,AEO2026 Low Economic Growth
p45,2022,0.10860455,0.08039783,0.07135118,0.09196208,SPPN,AEO2026 Low Economic Growth
p45,2023,0.10860455,0.08039783,0.07135118,0.09196208,SPPN,AEO2026 Low Economic Growth
p45,2024,0.10860455,0.08039783,0.07135118,0.09196208,SPPN,AEO2026 Low Economic Growth
p45,2025,0.10860455,0.08039783,0.07135118,0.09196208,SPPN,AEO2026 Low Economic Growth
p45,2026,0.11556606999999999,0.08591805000000001,0.07631679,0.09830189,SPPN,AEO2026 Low Economic Growth
p45,2027,0.1191737,0.08730251000000001,0.07684033,0.09961182,SPPN,AEO2026 Low Economic Growth
p45,2028,0.12780929,0.09394444,0.08327028,0.10669068,SPPN,AEO2026 Low Economic Growth
p45,2029,0.13411022,0.09879434,0.0872217,0.11209695,SPPN,AEO2026 Low Economic Growth
p45,2030,0.13503537,0.09904265000000001,0.08596793999999999,0.11307169,SPPN,AEO2026 Low Economic Growth
p45,2031,0.14548738,0.10690217,0.09375409,0.12178823,SPPN,AEO2026 Low Economic Growth
p45,2032,0.16083845,0.11854764,0.10618886,0.13465953,SPPN,AEO2026 Low Economic Growth
p45,2033,0.17214922000000002,0.12694421,0.11454083000000001,0.14443269,SPPN,AEO2026 Low Economic Growth
p45,2034,0.17939547,0.13172212,0.11933867,0.15006572,SPPN,AEO2026 Low Economic Growth
p45,2035,0.18456427,0.13483005,0.12235009,0.15394002,SPPN,AEO2026 Low Economic Growth
p45,2036,0.19037361,0.13841269,0.12589402,0.1581914,SPPN,AEO2026 Low Economic Growth
p45,2037,0.19666122000000003,0.14238359,0.12977251,0.1628554,SPPN,AEO2026 Low Economic Growth
p45,2038,0.20537779,0.14841668,0.135845,0.16968002,SPPN,AEO2026 Low Economic Growth
p45,2039,0.22909634,0.16683456,0.15557484,0.18950048,SPPN,AEO2026 Low Economic Growth
p45,2040,0.24014963,0.174683,0.16275905999999998,0.19889289999999998,SPPN,AEO2026 Low Economic Growth
p45,2041,0.24720682,0.17924886999999998,0.16691483999999998,0.20418324,SPPN,AEO2026 Low Economic Growth
p45,2042,0.26329626,0.19124328999999998,0.17935678,0.21716421,SPPN,AEO2026 Low Economic Growth
p45,2043,0.27265491000000003,0.19768011000000002,0.18510969,0.22464613,SPPN,AEO2026 Low Economic Growth
p45,2044,0.28032402,0.20281479000000002,0.18982655,0.23028664,SPPN,AEO2026 Low Economic Growth
p45,2045,0.28872879,0.20842382,0.19500217,0.23639258999999999,SPPN,AEO2026 Low Economic Growth
p45,2046,0.29704633999999996,0.21393664999999998,0.20006205000000002,0.24235073,SPPN,AEO2026 Low Economic Growth
p45,2047,0.30635819999999997,0.22024044,0.20578634,0.24925358,SPPN,AEO2026 Low Economic Growth
p45,2048,0.31568007000000003,0.22658112,0.21148912,0.256147,SPPN,AEO2026 Low Economic Growth
p45,2049,0.32614342,0.23380177,0.21797928,0.26409604999999997,SPPN,AEO2026 Low Economic Growth
p45,2050,0.33695811999999997,0.24126263,0.22468586,0.27234678,SPPN,AEO2026 Low Economic Growth
p46,2014,0.16382887000000002,0.12301211000000001,0.08635592,0.13203251,MISW,AEO2026 Low Economic Growth
p46,2015,0.16382887000000002,0.12301211000000001,0.08635592,0.13203251,MISW,AEO2026 Low Economic Growth
p46,2016,0.16382887000000002,0.12301211000000001,0.08635592,0.13203251,MISW,AEO2026 Low Economic Growth
p46,2017,0.16382887000000002,0.12301211000000001,0.08635592,0.13203251,MISW,AEO2026 Low Economic Growth
p46,2018,0.16382887000000002,0.12301211000000001,0.08635592,0.13203251,MISW,AEO2026 Low Economic Growth
p46,2019,0.16382887000000002,0.12301211000000001,0.08635592,0.13203251,MISW,AEO2026 Low Economic Growth
p46,2020,0.16382887000000002,0.12301211000000001,0.08635592,0.13203251,MISW,AEO2026 Low Economic Growth
p46,2021,0.16382887000000002,0.12301211000000001,0.08635592,0.13203251,MISW,AEO2026 Low Economic Growth
p46,2022,0.16382887000000002,0.12301211000000001,0.08635592,0.13203251,MISW,AEO2026 Low Economic Growth
p46,2023,0.16382887000000002,0.12301211000000001,0.08635592,0.13203251,MISW,AEO2026 Low Economic Growth
p46,2024,0.16382887000000002,0.12301211000000001,0.08635592,0.13203251,MISW,AEO2026 Low Economic Growth
p46,2025,0.16382887000000002,0.12301211000000001,0.08635592,0.13203251,MISW,AEO2026 Low Economic Growth
p46,2026,0.17372285999999998,0.12976742,0.09148479,0.14019589,MISW,AEO2026 Low Economic Growth
p46,2027,0.170056,0.12637284,0.08597733,0.13645435,MISW,AEO2026 Low Economic Growth
p46,2028,0.16941813,0.12512997,0.0854669,0.13439007,MISW,AEO2026 Low Economic Growth
p46,2029,0.17485275,0.12952450000000001,0.08839959,0.13863428,MISW,AEO2026 Low Economic Growth
p46,2030,0.18198757000000002,0.1349602,0.09263887999999999,0.14417637,MISW,AEO2026 Low Economic Growth
p46,2031,0.19050762,0.14160851,0.09773370999999999,0.15118213,MISW,AEO2026 Low Economic Growth
p46,2032,0.20537985,0.15183175000000002,0.10869165,0.16196507000000002,MISW,AEO2026 Low Economic Growth
p46,2033,0.21755351999999997,0.16156901999999998,0.11543322,0.17296516,MISW,AEO2026 Low Economic Growth
p46,2034,0.22346443000000002,0.16533604000000002,0.11868606,0.17747957,MISW,AEO2026 Low Economic Growth
p46,2035,0.22933086,0.16914898,0.12195529000000001,0.18181103,MISW,AEO2026 Low Economic Growth
p46,2036,0.23590488,0.17347862,0.12566532,0.18657965,MISW,AEO2026 Low Economic Growth
p46,2037,0.2424621,0.17787337999999997,0.12927087,0.19135368,MISW,AEO2026 Low Economic Growth
p46,2038,0.24848183,0.18202207999999998,0.13238747,0.19579336000000003,MISW,AEO2026 Low Economic Growth
p46,2039,0.25939741,0.18918610000000002,0.13960137,0.20326733,MISW,AEO2026 Low Economic Growth
p46,2040,0.26936581,0.19671661000000001,0.14469231999999999,0.21159192999999998,MISW,AEO2026 Low Economic Growth
p46,2041,0.27570463,0.20085133,0.14782958000000002,0.21593605,MISW,AEO2026 Low Economic Growth
p46,2042,0.28387764,0.20635185,0.15226347,0.22164562,MISW,AEO2026 Low Economic Growth
p46,2043,0.29172335,0.21195234,0.15600233,0.22753395,MISW,AEO2026 Low Economic Growth
p46,2044,0.29879702,0.21686567,0.1593142,0.23252558,MISW,AEO2026 Low Economic Growth
p46,2045,0.30674112000000003,0.22237268,0.16306307,0.23810972,MISW,AEO2026 Low Economic Growth
p46,2046,0.31510881,0.22825996,0.16704443000000002,0.24412226,MISW,AEO2026 Low Economic Growth
p46,2047,0.32352961999999996,0.234156,0.17104455999999998,0.25004663,MISW,AEO2026 Low Economic Growth
p46,2048,0.33214565,0.24027693,0.17513428,0.25613705,MISW,AEO2026 Low Economic Growth
p46,2049,0.34118687000000003,0.24674456,0.17942369,0.26259155,MISW,AEO2026 Low Economic Growth
p46,2050,0.35057056000000003,0.25346796,0.18394611000000002,0.26928648,MISW,AEO2026 Low Economic Growth
p47,2014,0.12406179,0.09615515999999999,0.06540599,0.09440327,SPPS,AEO2026 Low Economic Growth
p47,2015,0.12406179,0.09615515999999999,0.06540599,0.09440327,SPPS,AEO2026 Low Economic Growth
p47,2016,0.12406179,0.09615515999999999,0.06540599,0.09440327,SPPS,AEO2026 Low Economic Growth
p47,2017,0.12406179,0.09615515999999999,0.06540599,0.09440327,SPPS,AEO2026 Low Economic Growth
p47,2018,0.12406179,0.09615515999999999,0.06540599,0.09440327,SPPS,AEO2026 Low Economic Growth
p47,2019,0.12406179,0.09615515999999999,0.06540599,0.09440327,SPPS,AEO2026 Low Economic Growth
p47,2020,0.12406179,0.09615515999999999,0.06540599,0.09440327,SPPS,AEO2026 Low Economic Growth
p47,2021,0.12406179,0.09615515999999999,0.06540599,0.09440327,SPPS,AEO2026 Low Economic Growth
p47,2022,0.12406179,0.09615515999999999,0.06540599,0.09440327,SPPS,AEO2026 Low Economic Growth
p47,2023,0.12406179,0.09615515999999999,0.06540599,0.09440327,SPPS,AEO2026 Low Economic Growth
p47,2024,0.12406179,0.09615515999999999,0.06540599,0.09440327,SPPS,AEO2026 Low Economic Growth
p47,2025,0.12406179,0.09615515999999999,0.06540599,0.09440327,SPPS,AEO2026 Low Economic Growth
p47,2026,0.13554677,0.10224965,0.07177109,0.10261934,SPPS,AEO2026 Low Economic Growth
p47,2027,0.13630741999999998,0.10095867,0.06983586,0.10167657999999999,SPPS,AEO2026 Low Economic Growth
p47,2028,0.14130939,0.10561821,0.07401889,0.10574484,SPPS,AEO2026 Low Economic Growth
p47,2029,0.14874383,0.11150441999999999,0.07818973,0.11162957000000001,SPPS,AEO2026 Low Economic Growth
p47,2030,0.15491885,0.11629998000000001,0.08181027,0.11642232999999999,SPPS,AEO2026 Low Economic Growth
p47,2031,0.16261358,0.12282784,0.08736340999999999,0.12280616,SPPS,AEO2026 Low Economic Growth
p47,2032,0.17252001,0.13141237,0.09462812,0.13127464,SPPS,AEO2026 Low Economic Growth
p47,2033,0.18201633,0.13929263,0.10089415,0.13924925999999999,SPPS,AEO2026 Low Economic Growth
p47,2034,0.18855989,0.14400754,0.10419245999999999,0.1442883,SPPS,AEO2026 Low Economic Growth
p47,2035,0.19337446,0.1474318,0.10675430999999999,0.14776548,SPPS,AEO2026 Low Economic Growth
p47,2036,0.19936474,0.15204699,0.11046923,0.15225322,SPPS,AEO2026 Low Economic Growth
p47,2037,0.20644217999999998,0.15750323,0.11466597,0.15765328,SPPS,AEO2026 Low Economic Growth
p47,2038,0.2139679,0.16316393,0.11888722,0.16331408,SPPS,AEO2026 Low Economic Growth
p47,2039,0.22548435,0.17327818,0.12755898,0.17272242999999998,SPPS,AEO2026 Low Economic Growth
p47,2040,0.23846312,0.1834321,0.13514594000000002,0.18292692,SPPS,AEO2026 Low Economic Growth
p47,2041,0.24738686000000001,0.18972687,0.13945858,0.18932375,SPPS,AEO2026 Low Economic Growth
p47,2042,0.25457428,0.19454070999999998,0.14275337,0.19407404,SPPS,AEO2026 Low Economic Growth
p47,2043,0.26174465,0.19938538,0.14607428,0.19873428,SPPS,AEO2026 Low Economic Growth
p47,2044,0.2700091,0.20512785,0.15009387,0.20425714,SPPS,AEO2026 Low Economic Growth
p47,2045,0.2787958,0.21110533,0.15419482,0.21003254,SPPS,AEO2026 Low Economic Growth
p47,2046,0.2879427,0.21729321,0.1583141,0.21604105,SPPS,AEO2026 Low Economic Growth
p47,2047,0.29743246,0.22363518,0.16257172,0.22215508,SPPS,AEO2026 Low Economic Growth
p47,2048,0.30730782,0.23038498000000002,0.16714964,0.2285622,SPPS,AEO2026 Low Economic Growth
p47,2049,0.31744101,0.23719816000000002,0.17164507,0.23504343,SPPS,AEO2026 Low Economic Growth
p47,2050,0.32801215999999994,0.2442136,0.17634617,0.24171452999999998,SPPS,AEO2026 Low Economic Growth
p48,2014,0.12406179,0.09615515999999999,0.06540599,0.09440327,SPPS,AEO2026 Low Economic Growth
p48,2015,0.12406179,0.09615515999999999,0.06540599,0.09440327,SPPS,AEO2026 Low Economic Growth
p48,2016,0.12406179,0.09615515999999999,0.06540599,0.09440327,SPPS,AEO2026 Low Economic Growth
p48,2017,0.12406179,0.09615515999999999,0.06540599,0.09440327,SPPS,AEO2026 Low Economic Growth
p48,2018,0.12406179,0.09615515999999999,0.06540599,0.09440327,SPPS,AEO2026 Low Economic Growth
p48,2019,0.12406179,0.09615515999999999,0.06540599,0.09440327,SPPS,AEO2026 Low Economic Growth
p48,2020,0.12406179,0.09615515999999999,0.06540599,0.09440327,SPPS,AEO2026 Low Economic Growth
p48,2021,0.12406179,0.09615515999999999,0.06540599,0.09440327,SPPS,AEO2026 Low Economic Growth
p48,2022,0.12406179,0.09615515999999999,0.06540599,0.09440327,SPPS,AEO2026 Low Economic Growth
p48,2023,0.12406179,0.09615515999999999,0.06540599,0.09440327,SPPS,AEO2026 Low Economic Growth
p48,2024,0.12406179,0.09615515999999999,0.06540599,0.09440327,SPPS,AEO2026 Low Economic Growth
p48,2025,0.12406179,0.09615515999999999,0.06540599,0.09440327,SPPS,AEO2026 Low Economic Growth
p48,2026,0.13554677,0.10224965,0.07177109,0.10261934,SPPS,AEO2026 Low Economic Growth
p48,2027,0.13630741999999998,0.10095867,0.06983586,0.10167657999999999,SPPS,AEO2026 Low Economic Growth
p48,2028,0.14130939,0.10561821,0.07401889,0.10574484,SPPS,AEO2026 Low Economic Growth
p48,2029,0.14874383,0.11150441999999999,0.07818973,0.11162957000000001,SPPS,AEO2026 Low Economic Growth
p48,2030,0.15491885,0.11629998000000001,0.08181027,0.11642232999999999,SPPS,AEO2026 Low Economic Growth
p48,2031,0.16261358,0.12282784,0.08736340999999999,0.12280616,SPPS,AEO2026 Low Economic Growth
p48,2032,0.17252001,0.13141237,0.09462812,0.13127464,SPPS,AEO2026 Low Economic Growth
p48,2033,0.18201633,0.13929263,0.10089415,0.13924925999999999,SPPS,AEO2026 Low Economic Growth
p48,2034,0.18855989,0.14400754,0.10419245999999999,0.1442883,SPPS,AEO2026 Low Economic Growth
p48,2035,0.19337446,0.1474318,0.10675430999999999,0.14776548,SPPS,AEO2026 Low Economic Growth
p48,2036,0.19936474,0.15204699,0.11046923,0.15225322,SPPS,AEO2026 Low Economic Growth
p48,2037,0.20644217999999998,0.15750323,0.11466597,0.15765328,SPPS,AEO2026 Low Economic Growth
p48,2038,0.2139679,0.16316393,0.11888722,0.16331408,SPPS,AEO2026 Low Economic Growth
p48,2039,0.22548435,0.17327818,0.12755898,0.17272242999999998,SPPS,AEO2026 Low Economic Growth
p48,2040,0.23846312,0.1834321,0.13514594000000002,0.18292692,SPPS,AEO2026 Low Economic Growth
p48,2041,0.24738686000000001,0.18972687,0.13945858,0.18932375,SPPS,AEO2026 Low Economic Growth
p48,2042,0.25457428,0.19454070999999998,0.14275337,0.19407404,SPPS,AEO2026 Low Economic Growth
p48,2043,0.26174465,0.19938538,0.14607428,0.19873428,SPPS,AEO2026 Low Economic Growth
p48,2044,0.2700091,0.20512785,0.15009387,0.20425714,SPPS,AEO2026 Low Economic Growth
p48,2045,0.2787958,0.21110533,0.15419482,0.21003254,SPPS,AEO2026 Low Economic Growth
p48,2046,0.2879427,0.21729321,0.1583141,0.21604105,SPPS,AEO2026 Low Economic Growth
p48,2047,0.29743246,0.22363518,0.16257172,0.22215508,SPPS,AEO2026 Low Economic Growth
p48,2048,0.30730782,0.23038498000000002,0.16714964,0.2285622,SPPS,AEO2026 Low Economic Growth
p48,2049,0.31744101,0.23719816000000002,0.17164507,0.23504343,SPPS,AEO2026 Low Economic Growth
p48,2050,0.32801215999999994,0.2442136,0.17634617,0.24171452999999998,SPPS,AEO2026 Low Economic Growth
p49,2014,0.12406179,0.09615515999999999,0.06540599,0.09440327,SPPS,AEO2026 Low Economic Growth
p49,2015,0.12406179,0.09615515999999999,0.06540599,0.09440327,SPPS,AEO2026 Low Economic Growth
p49,2016,0.12406179,0.09615515999999999,0.06540599,0.09440327,SPPS,AEO2026 Low Economic Growth
p49,2017,0.12406179,0.09615515999999999,0.06540599,0.09440327,SPPS,AEO2026 Low Economic Growth
p49,2018,0.12406179,0.09615515999999999,0.06540599,0.09440327,SPPS,AEO2026 Low Economic Growth
p49,2019,0.12406179,0.09615515999999999,0.06540599,0.09440327,SPPS,AEO2026 Low Economic Growth
p49,2020,0.12406179,0.09615515999999999,0.06540599,0.09440327,SPPS,AEO2026 Low Economic Growth
p49,2021,0.12406179,0.09615515999999999,0.06540599,0.09440327,SPPS,AEO2026 Low Economic Growth
p49,2022,0.12406179,0.09615515999999999,0.06540599,0.09440327,SPPS,AEO2026 Low Economic Growth
p49,2023,0.12406179,0.09615515999999999,0.06540599,0.09440327,SPPS,AEO2026 Low Economic Growth
p49,2024,0.12406179,0.09615515999999999,0.06540599,0.09440327,SPPS,AEO2026 Low Economic Growth
p49,2025,0.12406179,0.09615515999999999,0.06540599,0.09440327,SPPS,AEO2026 Low Economic Growth
p49,2026,0.13554677,0.10224965,0.07177109,0.10261934,SPPS,AEO2026 Low Economic Growth
p49,2027,0.13630741999999998,0.10095867,0.06983586,0.10167657999999999,SPPS,AEO2026 Low Economic Growth
p49,2028,0.14130939,0.10561821,0.07401889,0.10574484,SPPS,AEO2026 Low Economic Growth
p49,2029,0.14874383,0.11150441999999999,0.07818973,0.11162957000000001,SPPS,AEO2026 Low Economic Growth
p49,2030,0.15491885,0.11629998000000001,0.08181027,0.11642232999999999,SPPS,AEO2026 Low Economic Growth
p49,2031,0.16261358,0.12282784,0.08736340999999999,0.12280616,SPPS,AEO2026 Low Economic Growth
p49,2032,0.17252001,0.13141237,0.09462812,0.13127464,SPPS,AEO2026 Low Economic Growth
p49,2033,0.18201633,0.13929263,0.10089415,0.13924925999999999,SPPS,AEO2026 Low Economic Growth
p49,2034,0.18855989,0.14400754,0.10419245999999999,0.1442883,SPPS,AEO2026 Low Economic Growth
p49,2035,0.19337446,0.1474318,0.10675430999999999,0.14776548,SPPS,AEO2026 Low Economic Growth
p49,2036,0.19936474,0.15204699,0.11046923,0.15225322,SPPS,AEO2026 Low Economic Growth
p49,2037,0.20644217999999998,0.15750323,0.11466597,0.15765328,SPPS,AEO2026 Low Economic Growth
p49,2038,0.2139679,0.16316393,0.11888722,0.16331408,SPPS,AEO2026 Low Economic Growth
p49,2039,0.22548435,0.17327818,0.12755898,0.17272242999999998,SPPS,AEO2026 Low Economic Growth
p49,2040,0.23846312,0.1834321,0.13514594000000002,0.18292692,SPPS,AEO2026 Low Economic Growth
p49,2041,0.24738686000000001,0.18972687,0.13945858,0.18932375,SPPS,AEO2026 Low Economic Growth
p49,2042,0.25457428,0.19454070999999998,0.14275337,0.19407404,SPPS,AEO2026 Low Economic Growth
p49,2043,0.26174465,0.19938538,0.14607428,0.19873428,SPPS,AEO2026 Low Economic Growth
p49,2044,0.2700091,0.20512785,0.15009387,0.20425714,SPPS,AEO2026 Low Economic Growth
p49,2045,0.2787958,0.21110533,0.15419482,0.21003254,SPPS,AEO2026 Low Economic Growth
p49,2046,0.2879427,0.21729321,0.1583141,0.21604105,SPPS,AEO2026 Low Economic Growth
p49,2047,0.29743246,0.22363518,0.16257172,0.22215508,SPPS,AEO2026 Low Economic Growth
p49,2048,0.30730782,0.23038498000000002,0.16714964,0.2285622,SPPS,AEO2026 Low Economic Growth
p49,2049,0.31744101,0.23719816000000002,0.17164507,0.23504343,SPPS,AEO2026 Low Economic Growth
p49,2050,0.32801215999999994,0.2442136,0.17634617,0.24171452999999998,SPPS,AEO2026 Low Economic Growth
p50,2014,0.12406179,0.09615515999999999,0.06540599,0.09440327,SPPS,AEO2026 Low Economic Growth
p50,2015,0.12406179,0.09615515999999999,0.06540599,0.09440327,SPPS,AEO2026 Low Economic Growth
p50,2016,0.12406179,0.09615515999999999,0.06540599,0.09440327,SPPS,AEO2026 Low Economic Growth
p50,2017,0.12406179,0.09615515999999999,0.06540599,0.09440327,SPPS,AEO2026 Low Economic Growth
p50,2018,0.12406179,0.09615515999999999,0.06540599,0.09440327,SPPS,AEO2026 Low Economic Growth
p50,2019,0.12406179,0.09615515999999999,0.06540599,0.09440327,SPPS,AEO2026 Low Economic Growth
p50,2020,0.12406179,0.09615515999999999,0.06540599,0.09440327,SPPS,AEO2026 Low Economic Growth
p50,2021,0.12406179,0.09615515999999999,0.06540599,0.09440327,SPPS,AEO2026 Low Economic Growth
p50,2022,0.12406179,0.09615515999999999,0.06540599,0.09440327,SPPS,AEO2026 Low Economic Growth
p50,2023,0.12406179,0.09615515999999999,0.06540599,0.09440327,SPPS,AEO2026 Low Economic Growth
p50,2024,0.12406179,0.09615515999999999,0.06540599,0.09440327,SPPS,AEO2026 Low Economic Growth
p50,2025,0.12406179,0.09615515999999999,0.06540599,0.09440327,SPPS,AEO2026 Low Economic Growth
p50,2026,0.13554677,0.10224965,0.07177109,0.10261934,SPPS,AEO2026 Low Economic Growth
p50,2027,0.13630741999999998,0.10095867,0.06983586,0.10167657999999999,SPPS,AEO2026 Low Economic Growth
p50,2028,0.14130939,0.10561821,0.07401889,0.10574484,SPPS,AEO2026 Low Economic Growth
p50,2029,0.14874383,0.11150441999999999,0.07818973,0.11162957000000001,SPPS,AEO2026 Low Economic Growth
p50,2030,0.15491885,0.11629998000000001,0.08181027,0.11642232999999999,SPPS,AEO2026 Low Economic Growth
p50,2031,0.16261358,0.12282784,0.08736340999999999,0.12280616,SPPS,AEO2026 Low Economic Growth
p50,2032,0.17252001,0.13141237,0.09462812,0.13127464,SPPS,AEO2026 Low Economic Growth
p50,2033,0.18201633,0.13929263,0.10089415,0.13924925999999999,SPPS,AEO2026 Low Economic Growth
p50,2034,0.18855989,0.14400754,0.10419245999999999,0.1442883,SPPS,AEO2026 Low Economic Growth
p50,2035,0.19337446,0.1474318,0.10675430999999999,0.14776548,SPPS,AEO2026 Low Economic Growth
p50,2036,0.19936474,0.15204699,0.11046923,0.15225322,SPPS,AEO2026 Low Economic Growth
p50,2037,0.20644217999999998,0.15750323,0.11466597,0.15765328,SPPS,AEO2026 Low Economic Growth
p50,2038,0.2139679,0.16316393,0.11888722,0.16331408,SPPS,AEO2026 Low Economic Growth
p50,2039,0.22548435,0.17327818,0.12755898,0.17272242999999998,SPPS,AEO2026 Low Economic Growth
p50,2040,0.23846312,0.1834321,0.13514594000000002,0.18292692,SPPS,AEO2026 Low Economic Growth
p50,2041,0.24738686000000001,0.18972687,0.13945858,0.18932375,SPPS,AEO2026 Low Economic Growth
p50,2042,0.25457428,0.19454070999999998,0.14275337,0.19407404,SPPS,AEO2026 Low Economic Growth
p50,2043,0.26174465,0.19938538,0.14607428,0.19873428,SPPS,AEO2026 Low Economic Growth
p50,2044,0.2700091,0.20512785,0.15009387,0.20425714,SPPS,AEO2026 Low Economic Growth
p50,2045,0.2787958,0.21110533,0.15419482,0.21003254,SPPS,AEO2026 Low Economic Growth
p50,2046,0.2879427,0.21729321,0.1583141,0.21604105,SPPS,AEO2026 Low Economic Growth
p50,2047,0.29743246,0.22363518,0.16257172,0.22215508,SPPS,AEO2026 Low Economic Growth
p50,2048,0.30730782,0.23038498000000002,0.16714964,0.2285622,SPPS,AEO2026 Low Economic Growth
p50,2049,0.31744101,0.23719816000000002,0.17164507,0.23504343,SPPS,AEO2026 Low Economic Growth
p50,2050,0.32801215999999994,0.2442136,0.17634617,0.24171452999999998,SPPS,AEO2026 Low Economic Growth
p51,2014,0.12406179,0.09615515999999999,0.06540599,0.09440327,SPPS,AEO2026 Low Economic Growth
p51,2015,0.12406179,0.09615515999999999,0.06540599,0.09440327,SPPS,AEO2026 Low Economic Growth
p51,2016,0.12406179,0.09615515999999999,0.06540599,0.09440327,SPPS,AEO2026 Low Economic Growth
p51,2017,0.12406179,0.09615515999999999,0.06540599,0.09440327,SPPS,AEO2026 Low Economic Growth
p51,2018,0.12406179,0.09615515999999999,0.06540599,0.09440327,SPPS,AEO2026 Low Economic Growth
p51,2019,0.12406179,0.09615515999999999,0.06540599,0.09440327,SPPS,AEO2026 Low Economic Growth
p51,2020,0.12406179,0.09615515999999999,0.06540599,0.09440327,SPPS,AEO2026 Low Economic Growth
p51,2021,0.12406179,0.09615515999999999,0.06540599,0.09440327,SPPS,AEO2026 Low Economic Growth
p51,2022,0.12406179,0.09615515999999999,0.06540599,0.09440327,SPPS,AEO2026 Low Economic Growth
p51,2023,0.12406179,0.09615515999999999,0.06540599,0.09440327,SPPS,AEO2026 Low Economic Growth
p51,2024,0.12406179,0.09615515999999999,0.06540599,0.09440327,SPPS,AEO2026 Low Economic Growth
p51,2025,0.12406179,0.09615515999999999,0.06540599,0.09440327,SPPS,AEO2026 Low Economic Growth
p51,2026,0.13554677,0.10224965,0.07177109,0.10261934,SPPS,AEO2026 Low Economic Growth
p51,2027,0.13630741999999998,0.10095867,0.06983586,0.10167657999999999,SPPS,AEO2026 Low Economic Growth
p51,2028,0.14130939,0.10561821,0.07401889,0.10574484,SPPS,AEO2026 Low Economic Growth
p51,2029,0.14874383,0.11150441999999999,0.07818973,0.11162957000000001,SPPS,AEO2026 Low Economic Growth
p51,2030,0.15491885,0.11629998000000001,0.08181027,0.11642232999999999,SPPS,AEO2026 Low Economic Growth
p51,2031,0.16261358,0.12282784,0.08736340999999999,0.12280616,SPPS,AEO2026 Low Economic Growth
p51,2032,0.17252001,0.13141237,0.09462812,0.13127464,SPPS,AEO2026 Low Economic Growth
p51,2033,0.18201633,0.13929263,0.10089415,0.13924925999999999,SPPS,AEO2026 Low Economic Growth
p51,2034,0.18855989,0.14400754,0.10419245999999999,0.1442883,SPPS,AEO2026 Low Economic Growth
p51,2035,0.19337446,0.1474318,0.10675430999999999,0.14776548,SPPS,AEO2026 Low Economic Growth
p51,2036,0.19936474,0.15204699,0.11046923,0.15225322,SPPS,AEO2026 Low Economic Growth
p51,2037,0.20644217999999998,0.15750323,0.11466597,0.15765328,SPPS,AEO2026 Low Economic Growth
p51,2038,0.2139679,0.16316393,0.11888722,0.16331408,SPPS,AEO2026 Low Economic Growth
p51,2039,0.22548435,0.17327818,0.12755898,0.17272242999999998,SPPS,AEO2026 Low Economic Growth
p51,2040,0.23846312,0.1834321,0.13514594000000002,0.18292692,SPPS,AEO2026 Low Economic Growth
p51,2041,0.24738686000000001,0.18972687,0.13945858,0.18932375,SPPS,AEO2026 Low Economic Growth
p51,2042,0.25457428,0.19454070999999998,0.14275337,0.19407404,SPPS,AEO2026 Low Economic Growth
p51,2043,0.26174465,0.19938538,0.14607428,0.19873428,SPPS,AEO2026 Low Economic Growth
p51,2044,0.2700091,0.20512785,0.15009387,0.20425714,SPPS,AEO2026 Low Economic Growth
p51,2045,0.2787958,0.21110533,0.15419482,0.21003254,SPPS,AEO2026 Low Economic Growth
p51,2046,0.2879427,0.21729321,0.1583141,0.21604105,SPPS,AEO2026 Low Economic Growth
p51,2047,0.29743246,0.22363518,0.16257172,0.22215508,SPPS,AEO2026 Low Economic Growth
p51,2048,0.30730782,0.23038498000000002,0.16714964,0.2285622,SPPS,AEO2026 Low Economic Growth
p51,2049,0.31744101,0.23719816000000002,0.17164507,0.23504343,SPPS,AEO2026 Low Economic Growth
p51,2050,0.32801215999999994,0.2442136,0.17634617,0.24171452999999998,SPPS,AEO2026 Low Economic Growth
p52,2014,0.13232282,0.10168917999999999,0.07362332,0.11676575,SPPC,AEO2026 Low Economic Growth
p52,2015,0.13232282,0.10168917999999999,0.07362332,0.11676575,SPPC,AEO2026 Low Economic Growth
p52,2016,0.13232282,0.10168917999999999,0.07362332,0.11676575,SPPC,AEO2026 Low Economic Growth
p52,2017,0.13232282,0.10168917999999999,0.07362332,0.11676575,SPPC,AEO2026 Low Economic Growth
p52,2018,0.13232282,0.10168917999999999,0.07362332,0.11676575,SPPC,AEO2026 Low Economic Growth
p52,2019,0.13232282,0.10168917999999999,0.07362332,0.11676575,SPPC,AEO2026 Low Economic Growth
p52,2020,0.13232282,0.10168917999999999,0.07362332,0.11676575,SPPC,AEO2026 Low Economic Growth
p52,2021,0.13232282,0.10168917999999999,0.07362332,0.11676575,SPPC,AEO2026 Low Economic Growth
p52,2022,0.13232282,0.10168917999999999,0.07362332,0.11676575,SPPC,AEO2026 Low Economic Growth
p52,2023,0.13232282,0.10168917999999999,0.07362332,0.11676575,SPPC,AEO2026 Low Economic Growth
p52,2024,0.13232282,0.10168917999999999,0.07362332,0.11676575,SPPC,AEO2026 Low Economic Growth
p52,2025,0.13232282,0.10168917999999999,0.07362332,0.11676575,SPPC,AEO2026 Low Economic Growth
p52,2026,0.1370613,0.10521478999999999,0.07626769,0.12063199,SPPC,AEO2026 Low Economic Growth
p52,2027,0.1408118,0.10645389,0.07669909999999999,0.12187301,SPPC,AEO2026 Low Economic Growth
p52,2028,0.14723084,0.11169052,0.08081429,0.12704145,SPPC,AEO2026 Low Economic Growth
p52,2029,0.15429256,0.11765458000000001,0.08503181,0.13352351,SPPC,AEO2026 Low Economic Growth
p52,2030,0.16009853,0.12229194,0.08837942,0.13879391,SPPC,AEO2026 Low Economic Growth
p52,2031,0.16931124,0.12986845,0.09499586,0.14678612,SPPC,AEO2026 Low Economic Growth
p52,2032,0.18763981000000002,0.14543126,0.11018106,0.16186585999999997,SPPC,AEO2026 Low Economic Growth
p52,2033,0.20342275999999998,0.15873201,0.12030328000000001,0.17795301,SPPC,AEO2026 Low Economic Growth
p52,2034,0.21150445999999998,0.16499882,0.12571219,0.18540848000000001,SPPC,AEO2026 Low Economic Growth
p52,2035,0.21712574,0.16898495,0.12888884,0.19062136,SPPC,AEO2026 Low Economic Growth
p52,2036,0.22272028,0.173039,0.13256134,0.19516314,SPPC,AEO2026 Low Economic Growth
p52,2037,0.22880692,0.17751701,0.13621757,0.20056812000000002,SPPC,AEO2026 Low Economic Growth
p52,2038,0.23508541000000002,0.18220543,0.14012881,0.20589783,SPPC,AEO2026 Low Economic Growth
p52,2039,0.24746214,0.19228458,0.14958073,0.21560690000000002,SPPC,AEO2026 Low Economic Growth
p52,2040,0.25849962000000004,0.2009244,0.15590858000000002,0.22649992000000002,SPPC,AEO2026 Low Economic Growth
p52,2041,0.26460684,0.2052751,0.15927513,0.23147732000000001,SPPC,AEO2026 Low Economic Growth
p52,2042,0.27066113,0.20958721,0.16255683999999998,0.23634769,SPPC,AEO2026 Low Economic Growth
p52,2043,0.27708466000000004,0.21428916999999997,0.16596235,0.24161268,SPPC,AEO2026 Low Economic Growth
p52,2044,0.28406879,0.21947948,0.16968798,0.24742495,SPPC,AEO2026 Low Economic Growth
p52,2045,0.29151674,0.2250392,0.1736693,0.25364388000000004,SPPC,AEO2026 Low Economic Growth
p52,2046,0.2994829,0.23100570999999998,0.17790117,0.26035801,SPPC,AEO2026 Low Economic Growth
p52,2047,0.30784178,0.23701125999999997,0.18222605000000003,0.26694777,SPPC,AEO2026 Low Economic Growth
p52,2048,0.31630358000000003,0.24314306,0.18653219,0.27368210000000004,SPPC,AEO2026 Low Economic Growth
p52,2049,0.32506946999999997,0.24949457,0.19103897,0.28066206,SPPC,AEO2026 Low Economic Growth
p52,2050,0.33408688,0.25605104,0.19574169000000002,0.28787815,SPPC,AEO2026 Low Economic Growth
p53,2014,0.13232282,0.10168917999999999,0.07362332,0.11676575,SPPC,AEO2026 Low Economic Growth
p53,2015,0.13232282,0.10168917999999999,0.07362332,0.11676575,SPPC,AEO2026 Low Economic Growth
p53,2016,0.13232282,0.10168917999999999,0.07362332,0.11676575,SPPC,AEO2026 Low Economic Growth
p53,2017,0.13232282,0.10168917999999999,0.07362332,0.11676575,SPPC,AEO2026 Low Economic Growth
p53,2018,0.13232282,0.10168917999999999,0.07362332,0.11676575,SPPC,AEO2026 Low Economic Growth
p53,2019,0.13232282,0.10168917999999999,0.07362332,0.11676575,SPPC,AEO2026 Low Economic Growth
p53,2020,0.13232282,0.10168917999999999,0.07362332,0.11676575,SPPC,AEO2026 Low Economic Growth
p53,2021,0.13232282,0.10168917999999999,0.07362332,0.11676575,SPPC,AEO2026 Low Economic Growth
p53,2022,0.13232282,0.10168917999999999,0.07362332,0.11676575,SPPC,AEO2026 Low Economic Growth
p53,2023,0.13232282,0.10168917999999999,0.07362332,0.11676575,SPPC,AEO2026 Low Economic Growth
p53,2024,0.13232282,0.10168917999999999,0.07362332,0.11676575,SPPC,AEO2026 Low Economic Growth
p53,2025,0.13232282,0.10168917999999999,0.07362332,0.11676575,SPPC,AEO2026 Low Economic Growth
p53,2026,0.1370613,0.10521478999999999,0.07626769,0.12063199,SPPC,AEO2026 Low Economic Growth
p53,2027,0.1408118,0.10645389,0.07669909999999999,0.12187301,SPPC,AEO2026 Low Economic Growth
p53,2028,0.14723084,0.11169052,0.08081429,0.12704145,SPPC,AEO2026 Low Economic Growth
p53,2029,0.15429256,0.11765458000000001,0.08503181,0.13352351,SPPC,AEO2026 Low Economic Growth
p53,2030,0.16009853,0.12229194,0.08837942,0.13879391,SPPC,AEO2026 Low Economic Growth
p53,2031,0.16931124,0.12986845,0.09499586,0.14678612,SPPC,AEO2026 Low Economic Growth
p53,2032,0.18763981000000002,0.14543126,0.11018106,0.16186585999999997,SPPC,AEO2026 Low Economic Growth
p53,2033,0.20342275999999998,0.15873201,0.12030328000000001,0.17795301,SPPC,AEO2026 Low Economic Growth
p53,2034,0.21150445999999998,0.16499882,0.12571219,0.18540848000000001,SPPC,AEO2026 Low Economic Growth
p53,2035,0.21712574,0.16898495,0.12888884,0.19062136,SPPC,AEO2026 Low Economic Growth
p53,2036,0.22272028,0.173039,0.13256134,0.19516314,SPPC,AEO2026 Low Economic Growth
p53,2037,0.22880692,0.17751701,0.13621757,0.20056812000000002,SPPC,AEO2026 Low Economic Growth
p53,2038,0.23508541000000002,0.18220543,0.14012881,0.20589783,SPPC,AEO2026 Low Economic Growth
p53,2039,0.24746214,0.19228458,0.14958073,0.21560690000000002,SPPC,AEO2026 Low Economic Growth
p53,2040,0.25849962000000004,0.2009244,0.15590858000000002,0.22649992000000002,SPPC,AEO2026 Low Economic Growth
p53,2041,0.26460684,0.2052751,0.15927513,0.23147732000000001,SPPC,AEO2026 Low Economic Growth
p53,2042,0.27066113,0.20958721,0.16255683999999998,0.23634769,SPPC,AEO2026 Low Economic Growth
p53,2043,0.27708466000000004,0.21428916999999997,0.16596235,0.24161268,SPPC,AEO2026 Low Economic Growth
p53,2044,0.28406879,0.21947948,0.16968798,0.24742495,SPPC,AEO2026 Low Economic Growth
p53,2045,0.29151674,0.2250392,0.1736693,0.25364388000000004,SPPC,AEO2026 Low Economic Growth
p53,2046,0.2994829,0.23100570999999998,0.17790117,0.26035801,SPPC,AEO2026 Low Economic Growth
p53,2047,0.30784178,0.23701125999999997,0.18222605000000003,0.26694777,SPPC,AEO2026 Low Economic Growth
p53,2048,0.31630358000000003,0.24314306,0.18653219,0.27368210000000004,SPPC,AEO2026 Low Economic Growth
p53,2049,0.32506946999999997,0.24949457,0.19103897,0.28066206,SPPC,AEO2026 Low Economic Growth
p53,2050,0.33408688,0.25605104,0.19574169000000002,0.28787815,SPPC,AEO2026 Low Economic Growth
p54,2014,0.13232282,0.10168917999999999,0.07362332,0.11676575,SPPC,AEO2026 Low Economic Growth
p54,2015,0.13232282,0.10168917999999999,0.07362332,0.11676575,SPPC,AEO2026 Low Economic Growth
p54,2016,0.13232282,0.10168917999999999,0.07362332,0.11676575,SPPC,AEO2026 Low Economic Growth
p54,2017,0.13232282,0.10168917999999999,0.07362332,0.11676575,SPPC,AEO2026 Low Economic Growth
p54,2018,0.13232282,0.10168917999999999,0.07362332,0.11676575,SPPC,AEO2026 Low Economic Growth
p54,2019,0.13232282,0.10168917999999999,0.07362332,0.11676575,SPPC,AEO2026 Low Economic Growth
p54,2020,0.13232282,0.10168917999999999,0.07362332,0.11676575,SPPC,AEO2026 Low Economic Growth
p54,2021,0.13232282,0.10168917999999999,0.07362332,0.11676575,SPPC,AEO2026 Low Economic Growth
p54,2022,0.13232282,0.10168917999999999,0.07362332,0.11676575,SPPC,AEO2026 Low Economic Growth
p54,2023,0.13232282,0.10168917999999999,0.07362332,0.11676575,SPPC,AEO2026 Low Economic Growth
p54,2024,0.13232282,0.10168917999999999,0.07362332,0.11676575,SPPC,AEO2026 Low Economic Growth
p54,2025,0.13232282,0.10168917999999999,0.07362332,0.11676575,SPPC,AEO2026 Low Economic Growth
p54,2026,0.1370613,0.10521478999999999,0.07626769,0.12063199,SPPC,AEO2026 Low Economic Growth
p54,2027,0.1408118,0.10645389,0.07669909999999999,0.12187301,SPPC,AEO2026 Low Economic Growth
p54,2028,0.14723084,0.11169052,0.08081429,0.12704145,SPPC,AEO2026 Low Economic Growth
p54,2029,0.15429256,0.11765458000000001,0.08503181,0.13352351,SPPC,AEO2026 Low Economic Growth
p54,2030,0.16009853,0.12229194,0.08837942,0.13879391,SPPC,AEO2026 Low Economic Growth
p54,2031,0.16931124,0.12986845,0.09499586,0.14678612,SPPC,AEO2026 Low Economic Growth
p54,2032,0.18763981000000002,0.14543126,0.11018106,0.16186585999999997,SPPC,AEO2026 Low Economic Growth
p54,2033,0.20342275999999998,0.15873201,0.12030328000000001,0.17795301,SPPC,AEO2026 Low Economic Growth
p54,2034,0.21150445999999998,0.16499882,0.12571219,0.18540848000000001,SPPC,AEO2026 Low Economic Growth
p54,2035,0.21712574,0.16898495,0.12888884,0.19062136,SPPC,AEO2026 Low Economic Growth
p54,2036,0.22272028,0.173039,0.13256134,0.19516314,SPPC,AEO2026 Low Economic Growth
p54,2037,0.22880692,0.17751701,0.13621757,0.20056812000000002,SPPC,AEO2026 Low Economic Growth
p54,2038,0.23508541000000002,0.18220543,0.14012881,0.20589783,SPPC,AEO2026 Low Economic Growth
p54,2039,0.24746214,0.19228458,0.14958073,0.21560690000000002,SPPC,AEO2026 Low Economic Growth
p54,2040,0.25849962000000004,0.2009244,0.15590858000000002,0.22649992000000002,SPPC,AEO2026 Low Economic Growth
p54,2041,0.26460684,0.2052751,0.15927513,0.23147732000000001,SPPC,AEO2026 Low Economic Growth
p54,2042,0.27066113,0.20958721,0.16255683999999998,0.23634769,SPPC,AEO2026 Low Economic Growth
p54,2043,0.27708466000000004,0.21428916999999997,0.16596235,0.24161268,SPPC,AEO2026 Low Economic Growth
p54,2044,0.28406879,0.21947948,0.16968798,0.24742495,SPPC,AEO2026 Low Economic Growth
p54,2045,0.29151674,0.2250392,0.1736693,0.25364388000000004,SPPC,AEO2026 Low Economic Growth
p54,2046,0.2994829,0.23100570999999998,0.17790117,0.26035801,SPPC,AEO2026 Low Economic Growth
p54,2047,0.30784178,0.23701125999999997,0.18222605000000003,0.26694777,SPPC,AEO2026 Low Economic Growth
p54,2048,0.31630358000000003,0.24314306,0.18653219,0.27368210000000004,SPPC,AEO2026 Low Economic Growth
p54,2049,0.32506946999999997,0.24949457,0.19103897,0.28066206,SPPC,AEO2026 Low Economic Growth
p54,2050,0.33408688,0.25605104,0.19574169000000002,0.28787815,SPPC,AEO2026 Low Economic Growth
p55,2014,0.13232282,0.10168917999999999,0.07362332,0.11676575,SPPC,AEO2026 Low Economic Growth
p55,2015,0.13232282,0.10168917999999999,0.07362332,0.11676575,SPPC,AEO2026 Low Economic Growth
p55,2016,0.13232282,0.10168917999999999,0.07362332,0.11676575,SPPC,AEO2026 Low Economic Growth
p55,2017,0.13232282,0.10168917999999999,0.07362332,0.11676575,SPPC,AEO2026 Low Economic Growth
p55,2018,0.13232282,0.10168917999999999,0.07362332,0.11676575,SPPC,AEO2026 Low Economic Growth
p55,2019,0.13232282,0.10168917999999999,0.07362332,0.11676575,SPPC,AEO2026 Low Economic Growth
p55,2020,0.13232282,0.10168917999999999,0.07362332,0.11676575,SPPC,AEO2026 Low Economic Growth
p55,2021,0.13232282,0.10168917999999999,0.07362332,0.11676575,SPPC,AEO2026 Low Economic Growth
p55,2022,0.13232282,0.10168917999999999,0.07362332,0.11676575,SPPC,AEO2026 Low Economic Growth
p55,2023,0.13232282,0.10168917999999999,0.07362332,0.11676575,SPPC,AEO2026 Low Economic Growth
p55,2024,0.13232282,0.10168917999999999,0.07362332,0.11676575,SPPC,AEO2026 Low Economic Growth
p55,2025,0.13232282,0.10168917999999999,0.07362332,0.11676575,SPPC,AEO2026 Low Economic Growth
p55,2026,0.1370613,0.10521478999999999,0.07626769,0.12063199,SPPC,AEO2026 Low Economic Growth
p55,2027,0.1408118,0.10645389,0.07669909999999999,0.12187301,SPPC,AEO2026 Low Economic Growth
p55,2028,0.14723084,0.11169052,0.08081429,0.12704145,SPPC,AEO2026 Low Economic Growth
p55,2029,0.15429256,0.11765458000000001,0.08503181,0.13352351,SPPC,AEO2026 Low Economic Growth
p55,2030,0.16009853,0.12229194,0.08837942,0.13879391,SPPC,AEO2026 Low Economic Growth
p55,2031,0.16931124,0.12986845,0.09499586,0.14678612,SPPC,AEO2026 Low Economic Growth
p55,2032,0.18763981000000002,0.14543126,0.11018106,0.16186585999999997,SPPC,AEO2026 Low Economic Growth
p55,2033,0.20342275999999998,0.15873201,0.12030328000000001,0.17795301,SPPC,AEO2026 Low Economic Growth
p55,2034,0.21150445999999998,0.16499882,0.12571219,0.18540848000000001,SPPC,AEO2026 Low Economic Growth
p55,2035,0.21712574,0.16898495,0.12888884,0.19062136,SPPC,AEO2026 Low Economic Growth
p55,2036,0.22272028,0.173039,0.13256134,0.19516314,SPPC,AEO2026 Low Economic Growth
p55,2037,0.22880692,0.17751701,0.13621757,0.20056812000000002,SPPC,AEO2026 Low Economic Growth
p55,2038,0.23508541000000002,0.18220543,0.14012881,0.20589783,SPPC,AEO2026 Low Economic Growth
p55,2039,0.24746214,0.19228458,0.14958073,0.21560690000000002,SPPC,AEO2026 Low Economic Growth
p55,2040,0.25849962000000004,0.2009244,0.15590858000000002,0.22649992000000002,SPPC,AEO2026 Low Economic Growth
p55,2041,0.26460684,0.2052751,0.15927513,0.23147732000000001,SPPC,AEO2026 Low Economic Growth
p55,2042,0.27066113,0.20958721,0.16255683999999998,0.23634769,SPPC,AEO2026 Low Economic Growth
p55,2043,0.27708466000000004,0.21428916999999997,0.16596235,0.24161268,SPPC,AEO2026 Low Economic Growth
p55,2044,0.28406879,0.21947948,0.16968798,0.24742495,SPPC,AEO2026 Low Economic Growth
p55,2045,0.29151674,0.2250392,0.1736693,0.25364388000000004,SPPC,AEO2026 Low Economic Growth
p55,2046,0.2994829,0.23100570999999998,0.17790117,0.26035801,SPPC,AEO2026 Low Economic Growth
p55,2047,0.30784178,0.23701125999999997,0.18222605000000003,0.26694777,SPPC,AEO2026 Low Economic Growth
p55,2048,0.31630358000000003,0.24314306,0.18653219,0.27368210000000004,SPPC,AEO2026 Low Economic Growth
p55,2049,0.32506946999999997,0.24949457,0.19103897,0.28066206,SPPC,AEO2026 Low Economic Growth
p55,2050,0.33408688,0.25605104,0.19574169000000002,0.28787815,SPPC,AEO2026 Low Economic Growth
p56,2014,0.12406179,0.09615515999999999,0.06540599,0.09440327,SPPS,AEO2026 Low Economic Growth
p56,2015,0.12406179,0.09615515999999999,0.06540599,0.09440327,SPPS,AEO2026 Low Economic Growth
p56,2016,0.12406179,0.09615515999999999,0.06540599,0.09440327,SPPS,AEO2026 Low Economic Growth
p56,2017,0.12406179,0.09615515999999999,0.06540599,0.09440327,SPPS,AEO2026 Low Economic Growth
p56,2018,0.12406179,0.09615515999999999,0.06540599,0.09440327,SPPS,AEO2026 Low Economic Growth
p56,2019,0.12406179,0.09615515999999999,0.06540599,0.09440327,SPPS,AEO2026 Low Economic Growth
p56,2020,0.12406179,0.09615515999999999,0.06540599,0.09440327,SPPS,AEO2026 Low Economic Growth
p56,2021,0.12406179,0.09615515999999999,0.06540599,0.09440327,SPPS,AEO2026 Low Economic Growth
p56,2022,0.12406179,0.09615515999999999,0.06540599,0.09440327,SPPS,AEO2026 Low Economic Growth
p56,2023,0.12406179,0.09615515999999999,0.06540599,0.09440327,SPPS,AEO2026 Low Economic Growth
p56,2024,0.12406179,0.09615515999999999,0.06540599,0.09440327,SPPS,AEO2026 Low Economic Growth
p56,2025,0.12406179,0.09615515999999999,0.06540599,0.09440327,SPPS,AEO2026 Low Economic Growth
p56,2026,0.13554677,0.10224965,0.07177109,0.10261934,SPPS,AEO2026 Low Economic Growth
p56,2027,0.13630741999999998,0.10095867,0.06983586,0.10167657999999999,SPPS,AEO2026 Low Economic Growth
p56,2028,0.14130939,0.10561821,0.07401889,0.10574484,SPPS,AEO2026 Low Economic Growth
p56,2029,0.14874383,0.11150441999999999,0.07818973,0.11162957000000001,SPPS,AEO2026 Low Economic Growth
p56,2030,0.15491885,0.11629998000000001,0.08181027,0.11642232999999999,SPPS,AEO2026 Low Economic Growth
p56,2031,0.16261358,0.12282784,0.08736340999999999,0.12280616,SPPS,AEO2026 Low Economic Growth
p56,2032,0.17252001,0.13141237,0.09462812,0.13127464,SPPS,AEO2026 Low Economic Growth
p56,2033,0.18201633,0.13929263,0.10089415,0.13924925999999999,SPPS,AEO2026 Low Economic Growth
p56,2034,0.18855989,0.14400754,0.10419245999999999,0.1442883,SPPS,AEO2026 Low Economic Growth
p56,2035,0.19337446,0.1474318,0.10675430999999999,0.14776548,SPPS,AEO2026 Low Economic Growth
p56,2036,0.19936474,0.15204699,0.11046923,0.15225322,SPPS,AEO2026 Low Economic Growth
p56,2037,0.20644217999999998,0.15750323,0.11466597,0.15765328,SPPS,AEO2026 Low Economic Growth
p56,2038,0.2139679,0.16316393,0.11888722,0.16331408,SPPS,AEO2026 Low Economic Growth
p56,2039,0.22548435,0.17327818,0.12755898,0.17272242999999998,SPPS,AEO2026 Low Economic Growth
p56,2040,0.23846312,0.1834321,0.13514594000000002,0.18292692,SPPS,AEO2026 Low Economic Growth
p56,2041,0.24738686000000001,0.18972687,0.13945858,0.18932375,SPPS,AEO2026 Low Economic Growth
p56,2042,0.25457428,0.19454070999999998,0.14275337,0.19407404,SPPS,AEO2026 Low Economic Growth
p56,2043,0.26174465,0.19938538,0.14607428,0.19873428,SPPS,AEO2026 Low Economic Growth
p56,2044,0.2700091,0.20512785,0.15009387,0.20425714,SPPS,AEO2026 Low Economic Growth
p56,2045,0.2787958,0.21110533,0.15419482,0.21003254,SPPS,AEO2026 Low Economic Growth
p56,2046,0.2879427,0.21729321,0.1583141,0.21604105,SPPS,AEO2026 Low Economic Growth
p56,2047,0.29743246,0.22363518,0.16257172,0.22215508,SPPS,AEO2026 Low Economic Growth
p56,2048,0.30730782,0.23038498000000002,0.16714964,0.2285622,SPPS,AEO2026 Low Economic Growth
p56,2049,0.31744101,0.23719816000000002,0.17164507,0.23504343,SPPS,AEO2026 Low Economic Growth
p56,2050,0.32801215999999994,0.2442136,0.17634617,0.24171452999999998,SPPS,AEO2026 Low Economic Growth
p57,2014,0.12406179,0.09615515999999999,0.06540599,0.09440327,SPPS,AEO2026 Low Economic Growth
p57,2015,0.12406179,0.09615515999999999,0.06540599,0.09440327,SPPS,AEO2026 Low Economic Growth
p57,2016,0.12406179,0.09615515999999999,0.06540599,0.09440327,SPPS,AEO2026 Low Economic Growth
p57,2017,0.12406179,0.09615515999999999,0.06540599,0.09440327,SPPS,AEO2026 Low Economic Growth
p57,2018,0.12406179,0.09615515999999999,0.06540599,0.09440327,SPPS,AEO2026 Low Economic Growth
p57,2019,0.12406179,0.09615515999999999,0.06540599,0.09440327,SPPS,AEO2026 Low Economic Growth
p57,2020,0.12406179,0.09615515999999999,0.06540599,0.09440327,SPPS,AEO2026 Low Economic Growth
p57,2021,0.12406179,0.09615515999999999,0.06540599,0.09440327,SPPS,AEO2026 Low Economic Growth
p57,2022,0.12406179,0.09615515999999999,0.06540599,0.09440327,SPPS,AEO2026 Low Economic Growth
p57,2023,0.12406179,0.09615515999999999,0.06540599,0.09440327,SPPS,AEO2026 Low Economic Growth
p57,2024,0.12406179,0.09615515999999999,0.06540599,0.09440327,SPPS,AEO2026 Low Economic Growth
p57,2025,0.12406179,0.09615515999999999,0.06540599,0.09440327,SPPS,AEO2026 Low Economic Growth
p57,2026,0.13554677,0.10224965,0.07177109,0.10261934,SPPS,AEO2026 Low Economic Growth
p57,2027,0.13630741999999998,0.10095867,0.06983586,0.10167657999999999,SPPS,AEO2026 Low Economic Growth
p57,2028,0.14130939,0.10561821,0.07401889,0.10574484,SPPS,AEO2026 Low Economic Growth
p57,2029,0.14874383,0.11150441999999999,0.07818973,0.11162957000000001,SPPS,AEO2026 Low Economic Growth
p57,2030,0.15491885,0.11629998000000001,0.08181027,0.11642232999999999,SPPS,AEO2026 Low Economic Growth
p57,2031,0.16261358,0.12282784,0.08736340999999999,0.12280616,SPPS,AEO2026 Low Economic Growth
p57,2032,0.17252001,0.13141237,0.09462812,0.13127464,SPPS,AEO2026 Low Economic Growth
p57,2033,0.18201633,0.13929263,0.10089415,0.13924925999999999,SPPS,AEO2026 Low Economic Growth
p57,2034,0.18855989,0.14400754,0.10419245999999999,0.1442883,SPPS,AEO2026 Low Economic Growth
p57,2035,0.19337446,0.1474318,0.10675430999999999,0.14776548,SPPS,AEO2026 Low Economic Growth
p57,2036,0.19936474,0.15204699,0.11046923,0.15225322,SPPS,AEO2026 Low Economic Growth
p57,2037,0.20644217999999998,0.15750323,0.11466597,0.15765328,SPPS,AEO2026 Low Economic Growth
p57,2038,0.2139679,0.16316393,0.11888722,0.16331408,SPPS,AEO2026 Low Economic Growth
p57,2039,0.22548435,0.17327818,0.12755898,0.17272242999999998,SPPS,AEO2026 Low Economic Growth
p57,2040,0.23846312,0.1834321,0.13514594000000002,0.18292692,SPPS,AEO2026 Low Economic Growth
p57,2041,0.24738686000000001,0.18972687,0.13945858,0.18932375,SPPS,AEO2026 Low Economic Growth
p57,2042,0.25457428,0.19454070999999998,0.14275337,0.19407404,SPPS,AEO2026 Low Economic Growth
p57,2043,0.26174465,0.19938538,0.14607428,0.19873428,SPPS,AEO2026 Low Economic Growth
p57,2044,0.2700091,0.20512785,0.15009387,0.20425714,SPPS,AEO2026 Low Economic Growth
p57,2045,0.2787958,0.21110533,0.15419482,0.21003254,SPPS,AEO2026 Low Economic Growth
p57,2046,0.2879427,0.21729321,0.1583141,0.21604105,SPPS,AEO2026 Low Economic Growth
p57,2047,0.29743246,0.22363518,0.16257172,0.22215508,SPPS,AEO2026 Low Economic Growth
p57,2048,0.30730782,0.23038498000000002,0.16714964,0.2285622,SPPS,AEO2026 Low Economic Growth
p57,2049,0.31744101,0.23719816000000002,0.17164507,0.23504343,SPPS,AEO2026 Low Economic Growth
p57,2050,0.32801215999999994,0.2442136,0.17634617,0.24171452999999998,SPPS,AEO2026 Low Economic Growth
p58,2014,0.15142096,0.11843007,0.06961725,0.10948197999999999,MISS,AEO2026 Low Economic Growth
p58,2015,0.15142096,0.11843007,0.06961725,0.10948197999999999,MISS,AEO2026 Low Economic Growth
p58,2016,0.15142096,0.11843007,0.06961725,0.10948197999999999,MISS,AEO2026 Low Economic Growth
p58,2017,0.15142096,0.11843007,0.06961725,0.10948197999999999,MISS,AEO2026 Low Economic Growth
p58,2018,0.15142096,0.11843007,0.06961725,0.10948197999999999,MISS,AEO2026 Low Economic Growth
p58,2019,0.15142096,0.11843007,0.06961725,0.10948197999999999,MISS,AEO2026 Low Economic Growth
p58,2020,0.15142096,0.11843007,0.06961725,0.10948197999999999,MISS,AEO2026 Low Economic Growth
p58,2021,0.15142096,0.11843007,0.06961725,0.10948197999999999,MISS,AEO2026 Low Economic Growth
p58,2022,0.15142096,0.11843007,0.06961725,0.10948197999999999,MISS,AEO2026 Low Economic Growth
p58,2023,0.15142096,0.11843007,0.06961725,0.10948197999999999,MISS,AEO2026 Low Economic Growth
p58,2024,0.15142096,0.11843007,0.06961725,0.10948197999999999,MISS,AEO2026 Low Economic Growth
p58,2025,0.15142096,0.11843007,0.06961725,0.10948197999999999,MISS,AEO2026 Low Economic Growth
p58,2026,0.15800271999999999,0.12192628,0.07321654,0.11571817,MISS,AEO2026 Low Economic Growth
p58,2027,0.15756106,0.11824348000000001,0.06949037,0.11338861,MISS,AEO2026 Low Economic Growth
p58,2028,0.15873595999999998,0.11966921,0.07054387000000001,0.11407393,MISS,AEO2026 Low Economic Growth
p58,2029,0.16562689,0.12578241,0.07448745,0.11959946,MISS,AEO2026 Low Economic Growth
p58,2030,0.17452673000000002,0.13368159000000002,0.07981218,0.12688707000000002,MISS,AEO2026 Low Economic Growth
p58,2031,0.18481529,0.14271955,0.0858929,0.13550699,MISS,AEO2026 Low Economic Growth
p58,2032,0.19840019,0.15594923,0.09580901000000001,0.14731294,MISS,AEO2026 Low Economic Growth
p58,2033,0.2093972,0.16423109,0.10051256,0.15637342,MISS,AEO2026 Low Economic Growth
p58,2034,0.21374842000000002,0.16747746,0.1024625,0.15982112,MISS,AEO2026 Low Economic Growth
p58,2035,0.21791277,0.17087046,0.10469843,0.16306730000000003,MISS,AEO2026 Low Economic Growth
p58,2036,0.22229029,0.17454681,0.10722258,0.16627323,MISS,AEO2026 Low Economic Growth
p58,2037,0.22905411,0.18014714999999998,0.11079335,0.17173796,MISS,AEO2026 Low Economic Growth
p58,2038,0.23578949000000002,0.18556593,0.11406509,0.17713879,MISS,AEO2026 Low Economic Growth
p58,2039,0.24188642999999999,0.19032433999999998,0.11680543,0.18192421,MISS,AEO2026 Low Economic Growth
p58,2040,0.24840708,0.19563182999999998,0.12007339,0.18702938,MISS,AEO2026 Low Economic Growth
p58,2041,0.25596264,0.20196058,0.12393892,0.19314056000000002,MISS,AEO2026 Low Economic Growth
p58,2042,0.26347318999999997,0.20799814000000003,0.12742228,0.19913941999999998,MISS,AEO2026 Low Economic Growth
p58,2043,0.27077715,0.21386050999999998,0.1307888,0.2049597,MISS,AEO2026 Low Economic Growth
p58,2044,0.27902115,0.22073709,0.13483298,0.21155355,MISS,AEO2026 Low Economic Growth
p58,2045,0.28961092,0.22992913999999998,0.14065956999999998,0.22005659000000002,MISS,AEO2026 Low Economic Growth
p58,2046,0.30077763,0.23935143,0.14622537,0.22918330999999997,MISS,AEO2026 Low Economic Growth
p58,2047,0.31239426000000003,0.24949017,0.15246876,0.23861353000000002,MISS,AEO2026 Low Economic Growth
p58,2048,0.32392693,0.25921961,0.15812435,0.24798767000000002,MISS,AEO2026 Low Economic Growth
p58,2049,0.33498978,0.26864456000000003,0.16366224,0.25684069,MISS,AEO2026 Low Economic Growth
p58,2050,0.34578438,0.27762127,0.16874149,0.26542377,MISS,AEO2026 Low Economic Growth
p59,2014,0.1562576,0.12614366999999999,0.07703866,0.13551145,SRSG,AEO2026 Low Economic Growth
p59,2015,0.1562576,0.12614366999999999,0.07703866,0.13551145,SRSG,AEO2026 Low Economic Growth
p59,2016,0.1562576,0.12614366999999999,0.07703866,0.13551145,SRSG,AEO2026 Low Economic Growth
p59,2017,0.1562576,0.12614366999999999,0.07703866,0.13551145,SRSG,AEO2026 Low Economic Growth
p59,2018,0.1562576,0.12614366999999999,0.07703866,0.13551145,SRSG,AEO2026 Low Economic Growth
p59,2019,0.1562576,0.12614366999999999,0.07703866,0.13551145,SRSG,AEO2026 Low Economic Growth
p59,2020,0.1562576,0.12614366999999999,0.07703866,0.13551145,SRSG,AEO2026 Low Economic Growth
p59,2021,0.1562576,0.12614366999999999,0.07703866,0.13551145,SRSG,AEO2026 Low Economic Growth
p59,2022,0.1562576,0.12614366999999999,0.07703866,0.13551145,SRSG,AEO2026 Low Economic Growth
p59,2023,0.1562576,0.12614366999999999,0.07703866,0.13551145,SRSG,AEO2026 Low Economic Growth
p59,2024,0.1562576,0.12614366999999999,0.07703866,0.13551145,SRSG,AEO2026 Low Economic Growth
p59,2025,0.1562576,0.12614366999999999,0.07703866,0.13551145,SRSG,AEO2026 Low Economic Growth
p59,2026,0.16660181000000002,0.13367596,0.08008945,0.14253801,SRSG,AEO2026 Low Economic Growth
p59,2027,0.16839576999999997,0.13254564,0.07815836,0.14184577,SRSG,AEO2026 Low Economic Growth
p59,2028,0.16953776999999998,0.1328528,0.07779521,0.14153598,SRSG,AEO2026 Low Economic Growth
p59,2029,0.17340834000000002,0.13554195,0.07868448,0.14409399,SRSG,AEO2026 Low Economic Growth
p59,2030,0.17815023,0.1388639,0.08011133,0.14752817000000001,SRSG,AEO2026 Low Economic Growth
p59,2031,0.18351101,0.14298036,0.08259549,0.15137086,SRSG,AEO2026 Low Economic Growth
p59,2032,0.19026381,0.14814786,0.08558552000000001,0.15681343,SRSG,AEO2026 Low Economic Growth
p59,2033,0.19773495,0.15374343,0.08878351999999999,0.16278011,SRSG,AEO2026 Low Economic Growth
p59,2034,0.20276169,0.15658173,0.08985357000000001,0.16633759,SRSG,AEO2026 Low Economic Growth
p59,2035,0.20618224999999998,0.15803508,0.09048185,0.16819130000000002,SRSG,AEO2026 Low Economic Growth
p59,2036,0.21214405,0.16199950999999999,0.09357500999999999,0.17202955,SRSG,AEO2026 Low Economic Growth
p59,2037,0.22528085999999997,0.17302082,0.10053476,0.18247953,SRSG,AEO2026 Low Economic Growth
p59,2038,0.2395047,0.18434691999999997,0.10641052999999999,0.19420582,SRSG,AEO2026 Low Economic Growth
p59,2039,0.24936871,0.19118616,0.10991457,0.20172783,SRSG,AEO2026 Low Economic Growth
p59,2040,0.25637245,0.19531628,0.11180491,0.20626596,SRSG,AEO2026 Low Economic Growth
p59,2041,0.26253529,0.19878824,0.11318213999999999,0.20994955,SRSG,AEO2026 Low Economic Growth
p59,2042,0.26940374,0.20284773,0.11459837,0.2143574,SRSG,AEO2026 Low Economic Growth
p59,2043,0.27644266,0.20697624,0.11607298,0.21859503,SRSG,AEO2026 Low Economic Growth
p59,2044,0.28440350999999997,0.21184018999999998,0.11789401,0.2236968,SRSG,AEO2026 Low Economic Growth
p59,2045,0.29296944,0.21703936,0.11998871,0.22909786000000001,SRSG,AEO2026 Low Economic Growth
p59,2046,0.30176991999999997,0.22240574,0.12216906,0.23462032,SRSG,AEO2026 Low Economic Growth
p59,2047,0.3106303,0.22769978,0.12425226,0.24012028000000002,SRSG,AEO2026 Low Economic Growth
p59,2048,0.31989275,0.23348069999999999,0.12640588,0.24612732,SRSG,AEO2026 Low Economic Growth
p59,2049,0.32934662000000003,0.23912821,0.12860703,0.25198387,SRSG,AEO2026 Low Economic Growth
p59,2050,0.33969692,0.24565144,0.13132039,0.25876337,SRSG,AEO2026 Low Economic Growth
p60,2014,0.12371763,0.09108772999999999,0.07632258,0.097326,TRE,AEO2026 Low Economic Growth
p60,2015,0.12371763,0.09108772999999999,0.07632258,0.097326,TRE,AEO2026 Low Economic Growth
p60,2016,0.12371763,0.09108772999999999,0.07632258,0.097326,TRE,AEO2026 Low Economic Growth
p60,2017,0.12371763,0.09108772999999999,0.07632258,0.097326,TRE,AEO2026 Low Economic Growth
p60,2018,0.12371763,0.09108772999999999,0.07632258,0.097326,TRE,AEO2026 Low Economic Growth
p60,2019,0.12371763,0.09108772999999999,0.07632258,0.097326,TRE,AEO2026 Low Economic Growth
p60,2020,0.12371763,0.09108772999999999,0.07632258,0.097326,TRE,AEO2026 Low Economic Growth
p60,2021,0.12371763,0.09108772999999999,0.07632258,0.097326,TRE,AEO2026 Low Economic Growth
p60,2022,0.12371763,0.09108772999999999,0.07632258,0.097326,TRE,AEO2026 Low Economic Growth
p60,2023,0.12371763,0.09108772999999999,0.07632258,0.097326,TRE,AEO2026 Low Economic Growth
p60,2024,0.12371763,0.09108772999999999,0.07632258,0.097326,TRE,AEO2026 Low Economic Growth
p60,2025,0.12371763,0.09108772999999999,0.07632258,0.097326,TRE,AEO2026 Low Economic Growth
p60,2026,0.12335936,0.08742206,0.0718478,0.09507877,TRE,AEO2026 Low Economic Growth
p60,2027,0.13044102000000002,0.09336496999999999,0.07686955000000001,0.10106885,TRE,AEO2026 Low Economic Growth
p60,2028,0.13764135,0.09974024999999999,0.08255354000000001,0.10752909000000001,TRE,AEO2026 Low Economic Growth
p60,2029,0.14302614,0.10387774,0.08591179,0.11192145999999999,TRE,AEO2026 Low Economic Growth
p60,2030,0.15612209999999999,0.11486244,0.09507054,0.12319559999999999,TRE,AEO2026 Low Economic Growth
p60,2031,0.17344728,0.13000322,0.10793089,0.13846166000000001,TRE,AEO2026 Low Economic Growth
p60,2032,0.17143349,0.12724344,0.10686047,0.13692489,TRE,AEO2026 Low Economic Growth
p60,2033,0.17953405,0.13372778999999999,0.11246904,0.14399092,TRE,AEO2026 Low Economic Growth
p60,2034,0.18652586,0.13853266,0.11556904,0.14925364,TRE,AEO2026 Low Economic Growth
p60,2035,0.18985703999999998,0.14014659999999998,0.11619415,0.15115224,TRE,AEO2026 Low Economic Growth
p60,2036,0.1965287,0.14473585,0.11964561,0.1560072,TRE,AEO2026 Low Economic Growth
p60,2037,0.20482451999999998,0.14968320999999998,0.12314204000000001,0.16195696,TRE,AEO2026 Low Economic Growth
p60,2038,0.21872808,0.16014503000000002,0.13106120000000002,0.17304068,TRE,AEO2026 Low Economic Growth
p60,2039,0.2180286,0.15893047,0.13059883,0.17254147,TRE,AEO2026 Low Economic Growth
p60,2040,0.22647963000000002,0.16589382,0.13675856,0.18010918,TRE,AEO2026 Low Economic Growth
p60,2041,0.23333985999999998,0.17061155,0.14023267,0.18533535,TRE,AEO2026 Low Economic Growth
p60,2042,0.24074825,0.17607271000000002,0.14455854,0.19123672,TRE,AEO2026 Low Economic Growth
p60,2043,0.24906338000000003,0.18267599,0.14998781,0.19845939999999998,TRE,AEO2026 Low Economic Growth
p60,2044,0.25638048,0.18810322,0.15427495,0.20427643,TRE,AEO2026 Low Economic Growth
p60,2045,0.26487778,0.19417278,0.15898459,0.21071356000000002,TRE,AEO2026 Low Economic Growth
p60,2046,0.27338064,0.20013334,0.16352156,0.21704351,TRE,AEO2026 Low Economic Growth
p60,2047,0.28252794000000003,0.2065943,0.16862331,0.22393095,TRE,AEO2026 Low Economic Growth
p60,2048,0.29078012000000003,0.21243044,0.1731308,0.23012777,TRE,AEO2026 Low Economic Growth
p60,2049,0.29974776999999997,0.21882133,0.17813171,0.23684206,TRE,AEO2026 Low Economic Growth
p60,2050,0.30989309,0.22602824999999999,0.18381611,0.24444761,TRE,AEO2026 Low Economic Growth
p61,2014,0.12371763,0.09108772999999999,0.07632258,0.097326,TRE,AEO2026 Low Economic Growth
p61,2015,0.12371763,0.09108772999999999,0.07632258,0.097326,TRE,AEO2026 Low Economic Growth
p61,2016,0.12371763,0.09108772999999999,0.07632258,0.097326,TRE,AEO2026 Low Economic Growth
p61,2017,0.12371763,0.09108772999999999,0.07632258,0.097326,TRE,AEO2026 Low Economic Growth
p61,2018,0.12371763,0.09108772999999999,0.07632258,0.097326,TRE,AEO2026 Low Economic Growth
p61,2019,0.12371763,0.09108772999999999,0.07632258,0.097326,TRE,AEO2026 Low Economic Growth
p61,2020,0.12371763,0.09108772999999999,0.07632258,0.097326,TRE,AEO2026 Low Economic Growth
p61,2021,0.12371763,0.09108772999999999,0.07632258,0.097326,TRE,AEO2026 Low Economic Growth
p61,2022,0.12371763,0.09108772999999999,0.07632258,0.097326,TRE,AEO2026 Low Economic Growth
p61,2023,0.12371763,0.09108772999999999,0.07632258,0.097326,TRE,AEO2026 Low Economic Growth
p61,2024,0.12371763,0.09108772999999999,0.07632258,0.097326,TRE,AEO2026 Low Economic Growth
p61,2025,0.12371763,0.09108772999999999,0.07632258,0.097326,TRE,AEO2026 Low Economic Growth
p61,2026,0.12335936,0.08742206,0.0718478,0.09507877,TRE,AEO2026 Low Economic Growth
p61,2027,0.13044102000000002,0.09336496999999999,0.07686955000000001,0.10106885,TRE,AEO2026 Low Economic Growth
p61,2028,0.13764135,0.09974024999999999,0.08255354000000001,0.10752909000000001,TRE,AEO2026 Low Economic Growth
p61,2029,0.14302614,0.10387774,0.08591179,0.11192145999999999,TRE,AEO2026 Low Economic Growth
p61,2030,0.15612209999999999,0.11486244,0.09507054,0.12319559999999999,TRE,AEO2026 Low Economic Growth
p61,2031,0.17344728,0.13000322,0.10793089,0.13846166000000001,TRE,AEO2026 Low Economic Growth
p61,2032,0.17143349,0.12724344,0.10686047,0.13692489,TRE,AEO2026 Low Economic Growth
p61,2033,0.17953405,0.13372778999999999,0.11246904,0.14399092,TRE,AEO2026 Low Economic Growth
p61,2034,0.18652586,0.13853266,0.11556904,0.14925364,TRE,AEO2026 Low Economic Growth
p61,2035,0.18985703999999998,0.14014659999999998,0.11619415,0.15115224,TRE,AEO2026 Low Economic Growth
p61,2036,0.1965287,0.14473585,0.11964561,0.1560072,TRE,AEO2026 Low Economic Growth
p61,2037,0.20482451999999998,0.14968320999999998,0.12314204000000001,0.16195696,TRE,AEO2026 Low Economic Growth
p61,2038,0.21872808,0.16014503000000002,0.13106120000000002,0.17304068,TRE,AEO2026 Low Economic Growth
p61,2039,0.2180286,0.15893047,0.13059883,0.17254147,TRE,AEO2026 Low Economic Growth
p61,2040,0.22647963000000002,0.16589382,0.13675856,0.18010918,TRE,AEO2026 Low Economic Growth
p61,2041,0.23333985999999998,0.17061155,0.14023267,0.18533535,TRE,AEO2026 Low Economic Growth
p61,2042,0.24074825,0.17607271000000002,0.14455854,0.19123672,TRE,AEO2026 Low Economic Growth
p61,2043,0.24906338000000003,0.18267599,0.14998781,0.19845939999999998,TRE,AEO2026 Low Economic Growth
p61,2044,0.25638048,0.18810322,0.15427495,0.20427643,TRE,AEO2026 Low Economic Growth
p61,2045,0.26487778,0.19417278,0.15898459,0.21071356000000002,TRE,AEO2026 Low Economic Growth
p61,2046,0.27338064,0.20013334,0.16352156,0.21704351,TRE,AEO2026 Low Economic Growth
p61,2047,0.28252794000000003,0.2065943,0.16862331,0.22393095,TRE,AEO2026 Low Economic Growth
p61,2048,0.29078012000000003,0.21243044,0.1731308,0.23012777,TRE,AEO2026 Low Economic Growth
p61,2049,0.29974776999999997,0.21882133,0.17813171,0.23684206,TRE,AEO2026 Low Economic Growth
p61,2050,0.30989309,0.22602824999999999,0.18381611,0.24444761,TRE,AEO2026 Low Economic Growth
p62,2014,0.12371763,0.09108772999999999,0.07632258,0.097326,TRE,AEO2026 Low Economic Growth
p62,2015,0.12371763,0.09108772999999999,0.07632258,0.097326,TRE,AEO2026 Low Economic Growth
p62,2016,0.12371763,0.09108772999999999,0.07632258,0.097326,TRE,AEO2026 Low Economic Growth
p62,2017,0.12371763,0.09108772999999999,0.07632258,0.097326,TRE,AEO2026 Low Economic Growth
p62,2018,0.12371763,0.09108772999999999,0.07632258,0.097326,TRE,AEO2026 Low Economic Growth
p62,2019,0.12371763,0.09108772999999999,0.07632258,0.097326,TRE,AEO2026 Low Economic Growth
p62,2020,0.12371763,0.09108772999999999,0.07632258,0.097326,TRE,AEO2026 Low Economic Growth
p62,2021,0.12371763,0.09108772999999999,0.07632258,0.097326,TRE,AEO2026 Low Economic Growth
p62,2022,0.12371763,0.09108772999999999,0.07632258,0.097326,TRE,AEO2026 Low Economic Growth
p62,2023,0.12371763,0.09108772999999999,0.07632258,0.097326,TRE,AEO2026 Low Economic Growth
p62,2024,0.12371763,0.09108772999999999,0.07632258,0.097326,TRE,AEO2026 Low Economic Growth
p62,2025,0.12371763,0.09108772999999999,0.07632258,0.097326,TRE,AEO2026 Low Economic Growth
p62,2026,0.12335936,0.08742206,0.0718478,0.09507877,TRE,AEO2026 Low Economic Growth
p62,2027,0.13044102000000002,0.09336496999999999,0.07686955000000001,0.10106885,TRE,AEO2026 Low Economic Growth
p62,2028,0.13764135,0.09974024999999999,0.08255354000000001,0.10752909000000001,TRE,AEO2026 Low Economic Growth
p62,2029,0.14302614,0.10387774,0.08591179,0.11192145999999999,TRE,AEO2026 Low Economic Growth
p62,2030,0.15612209999999999,0.11486244,0.09507054,0.12319559999999999,TRE,AEO2026 Low Economic Growth
p62,2031,0.17344728,0.13000322,0.10793089,0.13846166000000001,TRE,AEO2026 Low Economic Growth
p62,2032,0.17143349,0.12724344,0.10686047,0.13692489,TRE,AEO2026 Low Economic Growth
p62,2033,0.17953405,0.13372778999999999,0.11246904,0.14399092,TRE,AEO2026 Low Economic Growth
p62,2034,0.18652586,0.13853266,0.11556904,0.14925364,TRE,AEO2026 Low Economic Growth
p62,2035,0.18985703999999998,0.14014659999999998,0.11619415,0.15115224,TRE,AEO2026 Low Economic Growth
p62,2036,0.1965287,0.14473585,0.11964561,0.1560072,TRE,AEO2026 Low Economic Growth
p62,2037,0.20482451999999998,0.14968320999999998,0.12314204000000001,0.16195696,TRE,AEO2026 Low Economic Growth
p62,2038,0.21872808,0.16014503000000002,0.13106120000000002,0.17304068,TRE,AEO2026 Low Economic Growth
p62,2039,0.2180286,0.15893047,0.13059883,0.17254147,TRE,AEO2026 Low Economic Growth
p62,2040,0.22647963000000002,0.16589382,0.13675856,0.18010918,TRE,AEO2026 Low Economic Growth
p62,2041,0.23333985999999998,0.17061155,0.14023267,0.18533535,TRE,AEO2026 Low Economic Growth
p62,2042,0.24074825,0.17607271000000002,0.14455854,0.19123672,TRE,AEO2026 Low Economic Growth
p62,2043,0.24906338000000003,0.18267599,0.14998781,0.19845939999999998,TRE,AEO2026 Low Economic Growth
p62,2044,0.25638048,0.18810322,0.15427495,0.20427643,TRE,AEO2026 Low Economic Growth
p62,2045,0.26487778,0.19417278,0.15898459,0.21071356000000002,TRE,AEO2026 Low Economic Growth
p62,2046,0.27338064,0.20013334,0.16352156,0.21704351,TRE,AEO2026 Low Economic Growth
p62,2047,0.28252794000000003,0.2065943,0.16862331,0.22393095,TRE,AEO2026 Low Economic Growth
p62,2048,0.29078012000000003,0.21243044,0.1731308,0.23012777,TRE,AEO2026 Low Economic Growth
p62,2049,0.29974776999999997,0.21882133,0.17813171,0.23684206,TRE,AEO2026 Low Economic Growth
p62,2050,0.30989309,0.22602824999999999,0.18381611,0.24444761,TRE,AEO2026 Low Economic Growth
p63,2014,0.12371763,0.09108772999999999,0.07632258,0.097326,TRE,AEO2026 Low Economic Growth
p63,2015,0.12371763,0.09108772999999999,0.07632258,0.097326,TRE,AEO2026 Low Economic Growth
p63,2016,0.12371763,0.09108772999999999,0.07632258,0.097326,TRE,AEO2026 Low Economic Growth
p63,2017,0.12371763,0.09108772999999999,0.07632258,0.097326,TRE,AEO2026 Low Economic Growth
p63,2018,0.12371763,0.09108772999999999,0.07632258,0.097326,TRE,AEO2026 Low Economic Growth
p63,2019,0.12371763,0.09108772999999999,0.07632258,0.097326,TRE,AEO2026 Low Economic Growth
p63,2020,0.12371763,0.09108772999999999,0.07632258,0.097326,TRE,AEO2026 Low Economic Growth
p63,2021,0.12371763,0.09108772999999999,0.07632258,0.097326,TRE,AEO2026 Low Economic Growth
p63,2022,0.12371763,0.09108772999999999,0.07632258,0.097326,TRE,AEO2026 Low Economic Growth
p63,2023,0.12371763,0.09108772999999999,0.07632258,0.097326,TRE,AEO2026 Low Economic Growth
p63,2024,0.12371763,0.09108772999999999,0.07632258,0.097326,TRE,AEO2026 Low Economic Growth
p63,2025,0.12371763,0.09108772999999999,0.07632258,0.097326,TRE,AEO2026 Low Economic Growth
p63,2026,0.12335936,0.08742206,0.0718478,0.09507877,TRE,AEO2026 Low Economic Growth
p63,2027,0.13044102000000002,0.09336496999999999,0.07686955000000001,0.10106885,TRE,AEO2026 Low Economic Growth
p63,2028,0.13764135,0.09974024999999999,0.08255354000000001,0.10752909000000001,TRE,AEO2026 Low Economic Growth
p63,2029,0.14302614,0.10387774,0.08591179,0.11192145999999999,TRE,AEO2026 Low Economic Growth
p63,2030,0.15612209999999999,0.11486244,0.09507054,0.12319559999999999,TRE,AEO2026 Low Economic Growth
p63,2031,0.17344728,0.13000322,0.10793089,0.13846166000000001,TRE,AEO2026 Low Economic Growth
p63,2032,0.17143349,0.12724344,0.10686047,0.13692489,TRE,AEO2026 Low Economic Growth
p63,2033,0.17953405,0.13372778999999999,0.11246904,0.14399092,TRE,AEO2026 Low Economic Growth
p63,2034,0.18652586,0.13853266,0.11556904,0.14925364,TRE,AEO2026 Low Economic Growth
p63,2035,0.18985703999999998,0.14014659999999998,0.11619415,0.15115224,TRE,AEO2026 Low Economic Growth
p63,2036,0.1965287,0.14473585,0.11964561,0.1560072,TRE,AEO2026 Low Economic Growth
p63,2037,0.20482451999999998,0.14968320999999998,0.12314204000000001,0.16195696,TRE,AEO2026 Low Economic Growth
p63,2038,0.21872808,0.16014503000000002,0.13106120000000002,0.17304068,TRE,AEO2026 Low Economic Growth
p63,2039,0.2180286,0.15893047,0.13059883,0.17254147,TRE,AEO2026 Low Economic Growth
p63,2040,0.22647963000000002,0.16589382,0.13675856,0.18010918,TRE,AEO2026 Low Economic Growth
p63,2041,0.23333985999999998,0.17061155,0.14023267,0.18533535,TRE,AEO2026 Low Economic Growth
p63,2042,0.24074825,0.17607271000000002,0.14455854,0.19123672,TRE,AEO2026 Low Economic Growth
p63,2043,0.24906338000000003,0.18267599,0.14998781,0.19845939999999998,TRE,AEO2026 Low Economic Growth
p63,2044,0.25638048,0.18810322,0.15427495,0.20427643,TRE,AEO2026 Low Economic Growth
p63,2045,0.26487778,0.19417278,0.15898459,0.21071356000000002,TRE,AEO2026 Low Economic Growth
p63,2046,0.27338064,0.20013334,0.16352156,0.21704351,TRE,AEO2026 Low Economic Growth
p63,2047,0.28252794000000003,0.2065943,0.16862331,0.22393095,TRE,AEO2026 Low Economic Growth
p63,2048,0.29078012000000003,0.21243044,0.1731308,0.23012777,TRE,AEO2026 Low Economic Growth
p63,2049,0.29974776999999997,0.21882133,0.17813171,0.23684206,TRE,AEO2026 Low Economic Growth
p63,2050,0.30989309,0.22602824999999999,0.18381611,0.24444761,TRE,AEO2026 Low Economic Growth
p64,2014,0.12371763,0.09108772999999999,0.07632258,0.097326,TRE,AEO2026 Low Economic Growth
p64,2015,0.12371763,0.09108772999999999,0.07632258,0.097326,TRE,AEO2026 Low Economic Growth
p64,2016,0.12371763,0.09108772999999999,0.07632258,0.097326,TRE,AEO2026 Low Economic Growth
p64,2017,0.12371763,0.09108772999999999,0.07632258,0.097326,TRE,AEO2026 Low Economic Growth
p64,2018,0.12371763,0.09108772999999999,0.07632258,0.097326,TRE,AEO2026 Low Economic Growth
p64,2019,0.12371763,0.09108772999999999,0.07632258,0.097326,TRE,AEO2026 Low Economic Growth
p64,2020,0.12371763,0.09108772999999999,0.07632258,0.097326,TRE,AEO2026 Low Economic Growth
p64,2021,0.12371763,0.09108772999999999,0.07632258,0.097326,TRE,AEO2026 Low Economic Growth
p64,2022,0.12371763,0.09108772999999999,0.07632258,0.097326,TRE,AEO2026 Low Economic Growth
p64,2023,0.12371763,0.09108772999999999,0.07632258,0.097326,TRE,AEO2026 Low Economic Growth
p64,2024,0.12371763,0.09108772999999999,0.07632258,0.097326,TRE,AEO2026 Low Economic Growth
p64,2025,0.12371763,0.09108772999999999,0.07632258,0.097326,TRE,AEO2026 Low Economic Growth
p64,2026,0.12335936,0.08742206,0.0718478,0.09507877,TRE,AEO2026 Low Economic Growth
p64,2027,0.13044102000000002,0.09336496999999999,0.07686955000000001,0.10106885,TRE,AEO2026 Low Economic Growth
p64,2028,0.13764135,0.09974024999999999,0.08255354000000001,0.10752909000000001,TRE,AEO2026 Low Economic Growth
p64,2029,0.14302614,0.10387774,0.08591179,0.11192145999999999,TRE,AEO2026 Low Economic Growth
p64,2030,0.15612209999999999,0.11486244,0.09507054,0.12319559999999999,TRE,AEO2026 Low Economic Growth
p64,2031,0.17344728,0.13000322,0.10793089,0.13846166000000001,TRE,AEO2026 Low Economic Growth
p64,2032,0.17143349,0.12724344,0.10686047,0.13692489,TRE,AEO2026 Low Economic Growth
p64,2033,0.17953405,0.13372778999999999,0.11246904,0.14399092,TRE,AEO2026 Low Economic Growth
p64,2034,0.18652586,0.13853266,0.11556904,0.14925364,TRE,AEO2026 Low Economic Growth
p64,2035,0.18985703999999998,0.14014659999999998,0.11619415,0.15115224,TRE,AEO2026 Low Economic Growth
p64,2036,0.1965287,0.14473585,0.11964561,0.1560072,TRE,AEO2026 Low Economic Growth
p64,2037,0.20482451999999998,0.14968320999999998,0.12314204000000001,0.16195696,TRE,AEO2026 Low Economic Growth
p64,2038,0.21872808,0.16014503000000002,0.13106120000000002,0.17304068,TRE,AEO2026 Low Economic Growth
p64,2039,0.2180286,0.15893047,0.13059883,0.17254147,TRE,AEO2026 Low Economic Growth
p64,2040,0.22647963000000002,0.16589382,0.13675856,0.18010918,TRE,AEO2026 Low Economic Growth
p64,2041,0.23333985999999998,0.17061155,0.14023267,0.18533535,TRE,AEO2026 Low Economic Growth
p64,2042,0.24074825,0.17607271000000002,0.14455854,0.19123672,TRE,AEO2026 Low Economic Growth
p64,2043,0.24906338000000003,0.18267599,0.14998781,0.19845939999999998,TRE,AEO2026 Low Economic Growth
p64,2044,0.25638048,0.18810322,0.15427495,0.20427643,TRE,AEO2026 Low Economic Growth
p64,2045,0.26487778,0.19417278,0.15898459,0.21071356000000002,TRE,AEO2026 Low Economic Growth
p64,2046,0.27338064,0.20013334,0.16352156,0.21704351,TRE,AEO2026 Low Economic Growth
p64,2047,0.28252794000000003,0.2065943,0.16862331,0.22393095,TRE,AEO2026 Low Economic Growth
p64,2048,0.29078012000000003,0.21243044,0.1731308,0.23012777,TRE,AEO2026 Low Economic Growth
p64,2049,0.29974776999999997,0.21882133,0.17813171,0.23684206,TRE,AEO2026 Low Economic Growth
p64,2050,0.30989309,0.22602824999999999,0.18381611,0.24444761,TRE,AEO2026 Low Economic Growth
p65,2014,0.12371763,0.09108772999999999,0.07632258,0.097326,TRE,AEO2026 Low Economic Growth
p65,2015,0.12371763,0.09108772999999999,0.07632258,0.097326,TRE,AEO2026 Low Economic Growth
p65,2016,0.12371763,0.09108772999999999,0.07632258,0.097326,TRE,AEO2026 Low Economic Growth
p65,2017,0.12371763,0.09108772999999999,0.07632258,0.097326,TRE,AEO2026 Low Economic Growth
p65,2018,0.12371763,0.09108772999999999,0.07632258,0.097326,TRE,AEO2026 Low Economic Growth
p65,2019,0.12371763,0.09108772999999999,0.07632258,0.097326,TRE,AEO2026 Low Economic Growth
p65,2020,0.12371763,0.09108772999999999,0.07632258,0.097326,TRE,AEO2026 Low Economic Growth
p65,2021,0.12371763,0.09108772999999999,0.07632258,0.097326,TRE,AEO2026 Low Economic Growth
p65,2022,0.12371763,0.09108772999999999,0.07632258,0.097326,TRE,AEO2026 Low Economic Growth
p65,2023,0.12371763,0.09108772999999999,0.07632258,0.097326,TRE,AEO2026 Low Economic Growth
p65,2024,0.12371763,0.09108772999999999,0.07632258,0.097326,TRE,AEO2026 Low Economic Growth
p65,2025,0.12371763,0.09108772999999999,0.07632258,0.097326,TRE,AEO2026 Low Economic Growth
p65,2026,0.12335936,0.08742206,0.0718478,0.09507877,TRE,AEO2026 Low Economic Growth
p65,2027,0.13044102000000002,0.09336496999999999,0.07686955000000001,0.10106885,TRE,AEO2026 Low Economic Growth
p65,2028,0.13764135,0.09974024999999999,0.08255354000000001,0.10752909000000001,TRE,AEO2026 Low Economic Growth
p65,2029,0.14302614,0.10387774,0.08591179,0.11192145999999999,TRE,AEO2026 Low Economic Growth
p65,2030,0.15612209999999999,0.11486244,0.09507054,0.12319559999999999,TRE,AEO2026 Low Economic Growth
p65,2031,0.17344728,0.13000322,0.10793089,0.13846166000000001,TRE,AEO2026 Low Economic Growth
p65,2032,0.17143349,0.12724344,0.10686047,0.13692489,TRE,AEO2026 Low Economic Growth
p65,2033,0.17953405,0.13372778999999999,0.11246904,0.14399092,TRE,AEO2026 Low Economic Growth
p65,2034,0.18652586,0.13853266,0.11556904,0.14925364,TRE,AEO2026 Low Economic Growth
p65,2035,0.18985703999999998,0.14014659999999998,0.11619415,0.15115224,TRE,AEO2026 Low Economic Growth
p65,2036,0.1965287,0.14473585,0.11964561,0.1560072,TRE,AEO2026 Low Economic Growth
p65,2037,0.20482451999999998,0.14968320999999998,0.12314204000000001,0.16195696,TRE,AEO2026 Low Economic Growth
p65,2038,0.21872808,0.16014503000000002,0.13106120000000002,0.17304068,TRE,AEO2026 Low Economic Growth
p65,2039,0.2180286,0.15893047,0.13059883,0.17254147,TRE,AEO2026 Low Economic Growth
p65,2040,0.22647963000000002,0.16589382,0.13675856,0.18010918,TRE,AEO2026 Low Economic Growth
p65,2041,0.23333985999999998,0.17061155,0.14023267,0.18533535,TRE,AEO2026 Low Economic Growth
p65,2042,0.24074825,0.17607271000000002,0.14455854,0.19123672,TRE,AEO2026 Low Economic Growth
p65,2043,0.24906338000000003,0.18267599,0.14998781,0.19845939999999998,TRE,AEO2026 Low Economic Growth
p65,2044,0.25638048,0.18810322,0.15427495,0.20427643,TRE,AEO2026 Low Economic Growth
p65,2045,0.26487778,0.19417278,0.15898459,0.21071356000000002,TRE,AEO2026 Low Economic Growth
p65,2046,0.27338064,0.20013334,0.16352156,0.21704351,TRE,AEO2026 Low Economic Growth
p65,2047,0.28252794000000003,0.2065943,0.16862331,0.22393095,TRE,AEO2026 Low Economic Growth
p65,2048,0.29078012000000003,0.21243044,0.1731308,0.23012777,TRE,AEO2026 Low Economic Growth
p65,2049,0.29974776999999997,0.21882133,0.17813171,0.23684206,TRE,AEO2026 Low Economic Growth
p65,2050,0.30989309,0.22602824999999999,0.18381611,0.24444761,TRE,AEO2026 Low Economic Growth
p66,2014,0.12371763,0.09108772999999999,0.07632258,0.097326,TRE,AEO2026 Low Economic Growth
p66,2015,0.12371763,0.09108772999999999,0.07632258,0.097326,TRE,AEO2026 Low Economic Growth
p66,2016,0.12371763,0.09108772999999999,0.07632258,0.097326,TRE,AEO2026 Low Economic Growth
p66,2017,0.12371763,0.09108772999999999,0.07632258,0.097326,TRE,AEO2026 Low Economic Growth
p66,2018,0.12371763,0.09108772999999999,0.07632258,0.097326,TRE,AEO2026 Low Economic Growth
p66,2019,0.12371763,0.09108772999999999,0.07632258,0.097326,TRE,AEO2026 Low Economic Growth
p66,2020,0.12371763,0.09108772999999999,0.07632258,0.097326,TRE,AEO2026 Low Economic Growth
p66,2021,0.12371763,0.09108772999999999,0.07632258,0.097326,TRE,AEO2026 Low Economic Growth
p66,2022,0.12371763,0.09108772999999999,0.07632258,0.097326,TRE,AEO2026 Low Economic Growth
p66,2023,0.12371763,0.09108772999999999,0.07632258,0.097326,TRE,AEO2026 Low Economic Growth
p66,2024,0.12371763,0.09108772999999999,0.07632258,0.097326,TRE,AEO2026 Low Economic Growth
p66,2025,0.12371763,0.09108772999999999,0.07632258,0.097326,TRE,AEO2026 Low Economic Growth
p66,2026,0.12335936,0.08742206,0.0718478,0.09507877,TRE,AEO2026 Low Economic Growth
p66,2027,0.13044102000000002,0.09336496999999999,0.07686955000000001,0.10106885,TRE,AEO2026 Low Economic Growth
p66,2028,0.13764135,0.09974024999999999,0.08255354000000001,0.10752909000000001,TRE,AEO2026 Low Economic Growth
p66,2029,0.14302614,0.10387774,0.08591179,0.11192145999999999,TRE,AEO2026 Low Economic Growth
p66,2030,0.15612209999999999,0.11486244,0.09507054,0.12319559999999999,TRE,AEO2026 Low Economic Growth
p66,2031,0.17344728,0.13000322,0.10793089,0.13846166000000001,TRE,AEO2026 Low Economic Growth
p66,2032,0.17143349,0.12724344,0.10686047,0.13692489,TRE,AEO2026 Low Economic Growth
p66,2033,0.17953405,0.13372778999999999,0.11246904,0.14399092,TRE,AEO2026 Low Economic Growth
p66,2034,0.18652586,0.13853266,0.11556904,0.14925364,TRE,AEO2026 Low Economic Growth
p66,2035,0.18985703999999998,0.14014659999999998,0.11619415,0.15115224,TRE,AEO2026 Low Economic Growth
p66,2036,0.1965287,0.14473585,0.11964561,0.1560072,TRE,AEO2026 Low Economic Growth
p66,2037,0.20482451999999998,0.14968320999999998,0.12314204000000001,0.16195696,TRE,AEO2026 Low Economic Growth
p66,2038,0.21872808,0.16014503000000002,0.13106120000000002,0.17304068,TRE,AEO2026 Low Economic Growth
p66,2039,0.2180286,0.15893047,0.13059883,0.17254147,TRE,AEO2026 Low Economic Growth
p66,2040,0.22647963000000002,0.16589382,0.13675856,0.18010918,TRE,AEO2026 Low Economic Growth
p66,2041,0.23333985999999998,0.17061155,0.14023267,0.18533535,TRE,AEO2026 Low Economic Growth
p66,2042,0.24074825,0.17607271000000002,0.14455854,0.19123672,TRE,AEO2026 Low Economic Growth
p66,2043,0.24906338000000003,0.18267599,0.14998781,0.19845939999999998,TRE,AEO2026 Low Economic Growth
p66,2044,0.25638048,0.18810322,0.15427495,0.20427643,TRE,AEO2026 Low Economic Growth
p66,2045,0.26487778,0.19417278,0.15898459,0.21071356000000002,TRE,AEO2026 Low Economic Growth
p66,2046,0.27338064,0.20013334,0.16352156,0.21704351,TRE,AEO2026 Low Economic Growth
p66,2047,0.28252794000000003,0.2065943,0.16862331,0.22393095,TRE,AEO2026 Low Economic Growth
p66,2048,0.29078012000000003,0.21243044,0.1731308,0.23012777,TRE,AEO2026 Low Economic Growth
p66,2049,0.29974776999999997,0.21882133,0.17813171,0.23684206,TRE,AEO2026 Low Economic Growth
p66,2050,0.30989309,0.22602824999999999,0.18381611,0.24444761,TRE,AEO2026 Low Economic Growth
p67,2014,0.12371763,0.09108772999999999,0.07632258,0.097326,TRE,AEO2026 Low Economic Growth
p67,2015,0.12371763,0.09108772999999999,0.07632258,0.097326,TRE,AEO2026 Low Economic Growth
p67,2016,0.12371763,0.09108772999999999,0.07632258,0.097326,TRE,AEO2026 Low Economic Growth
p67,2017,0.12371763,0.09108772999999999,0.07632258,0.097326,TRE,AEO2026 Low Economic Growth
p67,2018,0.12371763,0.09108772999999999,0.07632258,0.097326,TRE,AEO2026 Low Economic Growth
p67,2019,0.12371763,0.09108772999999999,0.07632258,0.097326,TRE,AEO2026 Low Economic Growth
p67,2020,0.12371763,0.09108772999999999,0.07632258,0.097326,TRE,AEO2026 Low Economic Growth
p67,2021,0.12371763,0.09108772999999999,0.07632258,0.097326,TRE,AEO2026 Low Economic Growth
p67,2022,0.12371763,0.09108772999999999,0.07632258,0.097326,TRE,AEO2026 Low Economic Growth
p67,2023,0.12371763,0.09108772999999999,0.07632258,0.097326,TRE,AEO2026 Low Economic Growth
p67,2024,0.12371763,0.09108772999999999,0.07632258,0.097326,TRE,AEO2026 Low Economic Growth
p67,2025,0.12371763,0.09108772999999999,0.07632258,0.097326,TRE,AEO2026 Low Economic Growth
p67,2026,0.12335936,0.08742206,0.0718478,0.09507877,TRE,AEO2026 Low Economic Growth
p67,2027,0.13044102000000002,0.09336496999999999,0.07686955000000001,0.10106885,TRE,AEO2026 Low Economic Growth
p67,2028,0.13764135,0.09974024999999999,0.08255354000000001,0.10752909000000001,TRE,AEO2026 Low Economic Growth
p67,2029,0.14302614,0.10387774,0.08591179,0.11192145999999999,TRE,AEO2026 Low Economic Growth
p67,2030,0.15612209999999999,0.11486244,0.09507054,0.12319559999999999,TRE,AEO2026 Low Economic Growth
p67,2031,0.17344728,0.13000322,0.10793089,0.13846166000000001,TRE,AEO2026 Low Economic Growth
p67,2032,0.17143349,0.12724344,0.10686047,0.13692489,TRE,AEO2026 Low Economic Growth
p67,2033,0.17953405,0.13372778999999999,0.11246904,0.14399092,TRE,AEO2026 Low Economic Growth
p67,2034,0.18652586,0.13853266,0.11556904,0.14925364,TRE,AEO2026 Low Economic Growth
p67,2035,0.18985703999999998,0.14014659999999998,0.11619415,0.15115224,TRE,AEO2026 Low Economic Growth
p67,2036,0.1965287,0.14473585,0.11964561,0.1560072,TRE,AEO2026 Low Economic Growth
p67,2037,0.20482451999999998,0.14968320999999998,0.12314204000000001,0.16195696,TRE,AEO2026 Low Economic Growth
p67,2038,0.21872808,0.16014503000000002,0.13106120000000002,0.17304068,TRE,AEO2026 Low Economic Growth
p67,2039,0.2180286,0.15893047,0.13059883,0.17254147,TRE,AEO2026 Low Economic Growth
p67,2040,0.22647963000000002,0.16589382,0.13675856,0.18010918,TRE,AEO2026 Low Economic Growth
p67,2041,0.23333985999999998,0.17061155,0.14023267,0.18533535,TRE,AEO2026 Low Economic Growth
p67,2042,0.24074825,0.17607271000000002,0.14455854,0.19123672,TRE,AEO2026 Low Economic Growth
p67,2043,0.24906338000000003,0.18267599,0.14998781,0.19845939999999998,TRE,AEO2026 Low Economic Growth
p67,2044,0.25638048,0.18810322,0.15427495,0.20427643,TRE,AEO2026 Low Economic Growth
p67,2045,0.26487778,0.19417278,0.15898459,0.21071356000000002,TRE,AEO2026 Low Economic Growth
p67,2046,0.27338064,0.20013334,0.16352156,0.21704351,TRE,AEO2026 Low Economic Growth
p67,2047,0.28252794000000003,0.2065943,0.16862331,0.22393095,TRE,AEO2026 Low Economic Growth
p67,2048,0.29078012000000003,0.21243044,0.1731308,0.23012777,TRE,AEO2026 Low Economic Growth
p67,2049,0.29974776999999997,0.21882133,0.17813171,0.23684206,TRE,AEO2026 Low Economic Growth
p67,2050,0.30989309,0.22602824999999999,0.18381611,0.24444761,TRE,AEO2026 Low Economic Growth
p68,2014,0.16382887000000002,0.12301211000000001,0.08635592,0.13203251,MISW,AEO2026 Low Economic Growth
p68,2015,0.16382887000000002,0.12301211000000001,0.08635592,0.13203251,MISW,AEO2026 Low Economic Growth
p68,2016,0.16382887000000002,0.12301211000000001,0.08635592,0.13203251,MISW,AEO2026 Low Economic Growth
p68,2017,0.16382887000000002,0.12301211000000001,0.08635592,0.13203251,MISW,AEO2026 Low Economic Growth
p68,2018,0.16382887000000002,0.12301211000000001,0.08635592,0.13203251,MISW,AEO2026 Low Economic Growth
p68,2019,0.16382887000000002,0.12301211000000001,0.08635592,0.13203251,MISW,AEO2026 Low Economic Growth
p68,2020,0.16382887000000002,0.12301211000000001,0.08635592,0.13203251,MISW,AEO2026 Low Economic Growth
p68,2021,0.16382887000000002,0.12301211000000001,0.08635592,0.13203251,MISW,AEO2026 Low Economic Growth
p68,2022,0.16382887000000002,0.12301211000000001,0.08635592,0.13203251,MISW,AEO2026 Low Economic Growth
p68,2023,0.16382887000000002,0.12301211000000001,0.08635592,0.13203251,MISW,AEO2026 Low Economic Growth
p68,2024,0.16382887000000002,0.12301211000000001,0.08635592,0.13203251,MISW,AEO2026 Low Economic Growth
p68,2025,0.16382887000000002,0.12301211000000001,0.08635592,0.13203251,MISW,AEO2026 Low Economic Growth
p68,2026,0.17372285999999998,0.12976742,0.09148479,0.14019589,MISW,AEO2026 Low Economic Growth
p68,2027,0.170056,0.12637284,0.08597733,0.13645435,MISW,AEO2026 Low Economic Growth
p68,2028,0.16941813,0.12512997,0.0854669,0.13439007,MISW,AEO2026 Low Economic Growth
p68,2029,0.17485275,0.12952450000000001,0.08839959,0.13863428,MISW,AEO2026 Low Economic Growth
p68,2030,0.18198757000000002,0.1349602,0.09263887999999999,0.14417637,MISW,AEO2026 Low Economic Growth
p68,2031,0.19050762,0.14160851,0.09773370999999999,0.15118213,MISW,AEO2026 Low Economic Growth
p68,2032,0.20537985,0.15183175000000002,0.10869165,0.16196507000000002,MISW,AEO2026 Low Economic Growth
p68,2033,0.21755351999999997,0.16156901999999998,0.11543322,0.17296516,MISW,AEO2026 Low Economic Growth
p68,2034,0.22346443000000002,0.16533604000000002,0.11868606,0.17747957,MISW,AEO2026 Low Economic Growth
p68,2035,0.22933086,0.16914898,0.12195529000000001,0.18181103,MISW,AEO2026 Low Economic Growth
p68,2036,0.23590488,0.17347862,0.12566532,0.18657965,MISW,AEO2026 Low Economic Growth
p68,2037,0.2424621,0.17787337999999997,0.12927087,0.19135368,MISW,AEO2026 Low Economic Growth
p68,2038,0.24848183,0.18202207999999998,0.13238747,0.19579336000000003,MISW,AEO2026 Low Economic Growth
p68,2039,0.25939741,0.18918610000000002,0.13960137,0.20326733,MISW,AEO2026 Low Economic Growth
p68,2040,0.26936581,0.19671661000000001,0.14469231999999999,0.21159192999999998,MISW,AEO2026 Low Economic Growth
p68,2041,0.27570463,0.20085133,0.14782958000000002,0.21593605,MISW,AEO2026 Low Economic Growth
p68,2042,0.28387764,0.20635185,0.15226347,0.22164562,MISW,AEO2026 Low Economic Growth
p68,2043,0.29172335,0.21195234,0.15600233,0.22753395,MISW,AEO2026 Low Economic Growth
p68,2044,0.29879702,0.21686567,0.1593142,0.23252558,MISW,AEO2026 Low Economic Growth
p68,2045,0.30674112000000003,0.22237268,0.16306307,0.23810972,MISW,AEO2026 Low Economic Growth
p68,2046,0.31510881,0.22825996,0.16704443000000002,0.24412226,MISW,AEO2026 Low Economic Growth
p68,2047,0.32352961999999996,0.234156,0.17104455999999998,0.25004663,MISW,AEO2026 Low Economic Growth
p68,2048,0.33214565,0.24027693,0.17513428,0.25613705,MISW,AEO2026 Low Economic Growth
p68,2049,0.34118687000000003,0.24674456,0.17942369,0.26259155,MISW,AEO2026 Low Economic Growth
p68,2050,0.35057056000000003,0.25346796,0.18394611000000002,0.26928648,MISW,AEO2026 Low Economic Growth
p69,2014,0.16382887000000002,0.12301211000000001,0.08635592,0.13203251,MISW,AEO2026 Low Economic Growth
p69,2015,0.16382887000000002,0.12301211000000001,0.08635592,0.13203251,MISW,AEO2026 Low Economic Growth
p69,2016,0.16382887000000002,0.12301211000000001,0.08635592,0.13203251,MISW,AEO2026 Low Economic Growth
p69,2017,0.16382887000000002,0.12301211000000001,0.08635592,0.13203251,MISW,AEO2026 Low Economic Growth
p69,2018,0.16382887000000002,0.12301211000000001,0.08635592,0.13203251,MISW,AEO2026 Low Economic Growth
p69,2019,0.16382887000000002,0.12301211000000001,0.08635592,0.13203251,MISW,AEO2026 Low Economic Growth
p69,2020,0.16382887000000002,0.12301211000000001,0.08635592,0.13203251,MISW,AEO2026 Low Economic Growth
p69,2021,0.16382887000000002,0.12301211000000001,0.08635592,0.13203251,MISW,AEO2026 Low Economic Growth
p69,2022,0.16382887000000002,0.12301211000000001,0.08635592,0.13203251,MISW,AEO2026 Low Economic Growth
p69,2023,0.16382887000000002,0.12301211000000001,0.08635592,0.13203251,MISW,AEO2026 Low Economic Growth
p69,2024,0.16382887000000002,0.12301211000000001,0.08635592,0.13203251,MISW,AEO2026 Low Economic Growth
p69,2025,0.16382887000000002,0.12301211000000001,0.08635592,0.13203251,MISW,AEO2026 Low Economic Growth
p69,2026,0.17372285999999998,0.12976742,0.09148479,0.14019589,MISW,AEO2026 Low Economic Growth
p69,2027,0.170056,0.12637284,0.08597733,0.13645435,MISW,AEO2026 Low Economic Growth
p69,2028,0.16941813,0.12512997,0.0854669,0.13439007,MISW,AEO2026 Low Economic Growth
p69,2029,0.17485275,0.12952450000000001,0.08839959,0.13863428,MISW,AEO2026 Low Economic Growth
p69,2030,0.18198757000000002,0.1349602,0.09263887999999999,0.14417637,MISW,AEO2026 Low Economic Growth
p69,2031,0.19050762,0.14160851,0.09773370999999999,0.15118213,MISW,AEO2026 Low Economic Growth
p69,2032,0.20537985,0.15183175000000002,0.10869165,0.16196507000000002,MISW,AEO2026 Low Economic Growth
p69,2033,0.21755351999999997,0.16156901999999998,0.11543322,0.17296516,MISW,AEO2026 Low Economic Growth
p69,2034,0.22346443000000002,0.16533604000000002,0.11868606,0.17747957,MISW,AEO2026 Low Economic Growth
p69,2035,0.22933086,0.16914898,0.12195529000000001,0.18181103,MISW,AEO2026 Low Economic Growth
p69,2036,0.23590488,0.17347862,0.12566532,0.18657965,MISW,AEO2026 Low Economic Growth
p69,2037,0.2424621,0.17787337999999997,0.12927087,0.19135368,MISW,AEO2026 Low Economic Growth
p69,2038,0.24848183,0.18202207999999998,0.13238747,0.19579336000000003,MISW,AEO2026 Low Economic Growth
p69,2039,0.25939741,0.18918610000000002,0.13960137,0.20326733,MISW,AEO2026 Low Economic Growth
p69,2040,0.26936581,0.19671661000000001,0.14469231999999999,0.21159192999999998,MISW,AEO2026 Low Economic Growth
p69,2041,0.27570463,0.20085133,0.14782958000000002,0.21593605,MISW,AEO2026 Low Economic Growth
p69,2042,0.28387764,0.20635185,0.15226347,0.22164562,MISW,AEO2026 Low Economic Growth
p69,2043,0.29172335,0.21195234,0.15600233,0.22753395,MISW,AEO2026 Low Economic Growth
p69,2044,0.29879702,0.21686567,0.1593142,0.23252558,MISW,AEO2026 Low Economic Growth
p69,2045,0.30674112000000003,0.22237268,0.16306307,0.23810972,MISW,AEO2026 Low Economic Growth
p69,2046,0.31510881,0.22825996,0.16704443000000002,0.24412226,MISW,AEO2026 Low Economic Growth
p69,2047,0.32352961999999996,0.234156,0.17104455999999998,0.25004663,MISW,AEO2026 Low Economic Growth
p69,2048,0.33214565,0.24027693,0.17513428,0.25613705,MISW,AEO2026 Low Economic Growth
p69,2049,0.34118687000000003,0.24674456,0.17942369,0.26259155,MISW,AEO2026 Low Economic Growth
p69,2050,0.35057056000000003,0.25346796,0.18394611000000002,0.26928648,MISW,AEO2026 Low Economic Growth
p70,2014,0.16382887000000002,0.12301211000000001,0.08635592,0.13203251,MISW,AEO2026 Low Economic Growth
p70,2015,0.16382887000000002,0.12301211000000001,0.08635592,0.13203251,MISW,AEO2026 Low Economic Growth
p70,2016,0.16382887000000002,0.12301211000000001,0.08635592,0.13203251,MISW,AEO2026 Low Economic Growth
p70,2017,0.16382887000000002,0.12301211000000001,0.08635592,0.13203251,MISW,AEO2026 Low Economic Growth
p70,2018,0.16382887000000002,0.12301211000000001,0.08635592,0.13203251,MISW,AEO2026 Low Economic Growth
p70,2019,0.16382887000000002,0.12301211000000001,0.08635592,0.13203251,MISW,AEO2026 Low Economic Growth
p70,2020,0.16382887000000002,0.12301211000000001,0.08635592,0.13203251,MISW,AEO2026 Low Economic Growth
p70,2021,0.16382887000000002,0.12301211000000001,0.08635592,0.13203251,MISW,AEO2026 Low Economic Growth
p70,2022,0.16382887000000002,0.12301211000000001,0.08635592,0.13203251,MISW,AEO2026 Low Economic Growth
p70,2023,0.16382887000000002,0.12301211000000001,0.08635592,0.13203251,MISW,AEO2026 Low Economic Growth
p70,2024,0.16382887000000002,0.12301211000000001,0.08635592,0.13203251,MISW,AEO2026 Low Economic Growth
p70,2025,0.16382887000000002,0.12301211000000001,0.08635592,0.13203251,MISW,AEO2026 Low Economic Growth
p70,2026,0.17372285999999998,0.12976742,0.09148479,0.14019589,MISW,AEO2026 Low Economic Growth
p70,2027,0.170056,0.12637284,0.08597733,0.13645435,MISW,AEO2026 Low Economic Growth
p70,2028,0.16941813,0.12512997,0.0854669,0.13439007,MISW,AEO2026 Low Economic Growth
p70,2029,0.17485275,0.12952450000000001,0.08839959,0.13863428,MISW,AEO2026 Low Economic Growth
p70,2030,0.18198757000000002,0.1349602,0.09263887999999999,0.14417637,MISW,AEO2026 Low Economic Growth
p70,2031,0.19050762,0.14160851,0.09773370999999999,0.15118213,MISW,AEO2026 Low Economic Growth
p70,2032,0.20537985,0.15183175000000002,0.10869165,0.16196507000000002,MISW,AEO2026 Low Economic Growth
p70,2033,0.21755351999999997,0.16156901999999998,0.11543322,0.17296516,MISW,AEO2026 Low Economic Growth
p70,2034,0.22346443000000002,0.16533604000000002,0.11868606,0.17747957,MISW,AEO2026 Low Economic Growth
p70,2035,0.22933086,0.16914898,0.12195529000000001,0.18181103,MISW,AEO2026 Low Economic Growth
p70,2036,0.23590488,0.17347862,0.12566532,0.18657965,MISW,AEO2026 Low Economic Growth
p70,2037,0.2424621,0.17787337999999997,0.12927087,0.19135368,MISW,AEO2026 Low Economic Growth
p70,2038,0.24848183,0.18202207999999998,0.13238747,0.19579336000000003,MISW,AEO2026 Low Economic Growth
p70,2039,0.25939741,0.18918610000000002,0.13960137,0.20326733,MISW,AEO2026 Low Economic Growth
p70,2040,0.26936581,0.19671661000000001,0.14469231999999999,0.21159192999999998,MISW,AEO2026 Low Economic Growth
p70,2041,0.27570463,0.20085133,0.14782958000000002,0.21593605,MISW,AEO2026 Low Economic Growth
p70,2042,0.28387764,0.20635185,0.15226347,0.22164562,MISW,AEO2026 Low Economic Growth
p70,2043,0.29172335,0.21195234,0.15600233,0.22753395,MISW,AEO2026 Low Economic Growth
p70,2044,0.29879702,0.21686567,0.1593142,0.23252558,MISW,AEO2026 Low Economic Growth
p70,2045,0.30674112000000003,0.22237268,0.16306307,0.23810972,MISW,AEO2026 Low Economic Growth
p70,2046,0.31510881,0.22825996,0.16704443000000002,0.24412226,MISW,AEO2026 Low Economic Growth
p70,2047,0.32352961999999996,0.234156,0.17104455999999998,0.25004663,MISW,AEO2026 Low Economic Growth
p70,2048,0.33214565,0.24027693,0.17513428,0.25613705,MISW,AEO2026 Low Economic Growth
p70,2049,0.34118687000000003,0.24674456,0.17942369,0.26259155,MISW,AEO2026 Low Economic Growth
p70,2050,0.35057056000000003,0.25346796,0.18394611000000002,0.26928648,MISW,AEO2026 Low Economic Growth
p71,2014,0.15292738,0.12098224,0.08863428000000001,0.12760888,MISC,AEO2026 Low Economic Growth
p71,2015,0.15292738,0.12098224,0.08863428000000001,0.12760888,MISC,AEO2026 Low Economic Growth
p71,2016,0.15292738,0.12098224,0.08863428000000001,0.12760888,MISC,AEO2026 Low Economic Growth
p71,2017,0.15292738,0.12098224,0.08863428000000001,0.12760888,MISC,AEO2026 Low Economic Growth
p71,2018,0.15292738,0.12098224,0.08863428000000001,0.12760888,MISC,AEO2026 Low Economic Growth
p71,2019,0.15292738,0.12098224,0.08863428000000001,0.12760888,MISC,AEO2026 Low Economic Growth
p71,2020,0.15292738,0.12098224,0.08863428000000001,0.12760888,MISC,AEO2026 Low Economic Growth
p71,2021,0.15292738,0.12098224,0.08863428000000001,0.12760888,MISC,AEO2026 Low Economic Growth
p71,2022,0.15292738,0.12098224,0.08863428000000001,0.12760888,MISC,AEO2026 Low Economic Growth
p71,2023,0.15292738,0.12098224,0.08863428000000001,0.12760888,MISC,AEO2026 Low Economic Growth
p71,2024,0.15292738,0.12098224,0.08863428000000001,0.12760888,MISC,AEO2026 Low Economic Growth
p71,2025,0.15292738,0.12098224,0.08863428000000001,0.12760888,MISC,AEO2026 Low Economic Growth
p71,2026,0.15796559,0.12393694,0.09022786,0.13179741,MISC,AEO2026 Low Economic Growth
p71,2027,0.15796376,0.12453185,0.08921022,0.13182229,MISC,AEO2026 Low Economic Growth
p71,2028,0.15853228,0.1250903,0.0895885,0.13175008,MISC,AEO2026 Low Economic Growth
p71,2029,0.16385940999999998,0.12991521,0.09295505999999999,0.13642191,MISC,AEO2026 Low Economic Growth
p71,2030,0.17103860999999998,0.13642218,0.09776141,0.14295308,MISC,AEO2026 Low Economic Growth
p71,2031,0.18237300999999997,0.14742604,0.10555242,0.15366057,MISC,AEO2026 Low Economic Growth
p71,2032,0.18810194,0.15150732,0.10914465999999999,0.15882683,MISC,AEO2026 Low Economic Growth
p71,2033,0.19689222,0.15932276,0.11473884999999999,0.1673527,MISC,AEO2026 Low Economic Growth
p71,2034,0.19956474,0.16148384,0.11589511,0.16990756999999998,MISC,AEO2026 Low Economic Growth
p71,2035,0.20228991000000002,0.1634687,0.11741956,0.17205034000000002,MISC,AEO2026 Low Economic Growth
p71,2036,0.20713716999999998,0.16726492,0.12050417,0.17608806999999999,MISC,AEO2026 Low Economic Growth
p71,2037,0.21379916999999998,0.17282146,0.12492373000000001,0.18162399,MISC,AEO2026 Low Economic Growth
p71,2038,0.22261846999999998,0.18124490999999998,0.131163,0.18949184,MISC,AEO2026 Low Economic Growth
p71,2039,0.2281321,0.18468811,0.13434955,0.19355276,MISC,AEO2026 Low Economic Growth
p71,2040,0.23602476,0.19134756,0.13892376,0.200676,MISC,AEO2026 Low Economic Growth
p71,2041,0.24231607,0.19672287,0.1425688,0.20631849,MISC,AEO2026 Low Economic Growth
p71,2042,0.24928346999999998,0.20248808000000001,0.14694343999999998,0.21210508,MISC,AEO2026 Low Economic Growth
p71,2043,0.25618483999999997,0.20843628,0.15080483,0.21823988,MISC,AEO2026 Low Economic Growth
p71,2044,0.2677108,0.21735734999999998,0.15825323,0.22694593000000002,MISC,AEO2026 Low Economic Growth
p71,2045,0.27795692,0.22654951,0.16394449000000003,0.23672126999999998,MISC,AEO2026 Low Economic Growth
p71,2046,0.28560907,0.23285656,0.16832275,0.24291965000000001,MISC,AEO2026 Low Economic Growth
p71,2047,0.29403015,0.24005081,0.17318139999999999,0.25004684,MISC,AEO2026 Low Economic Growth
p71,2048,0.3032202,0.24770197,0.1783532,0.25754438,MISC,AEO2026 Low Economic Growth
p71,2049,0.31311329,0.25586029,0.18388184,0.26553253,MISC,AEO2026 Low Economic Growth
p71,2050,0.32277287,0.2639572,0.1891769,0.27348543,MISC,AEO2026 Low Economic Growth
p72,2014,0.15292738,0.12098224,0.08863428000000001,0.12760888,MISC,AEO2026 Low Economic Growth
p72,2015,0.15292738,0.12098224,0.08863428000000001,0.12760888,MISC,AEO2026 Low Economic Growth
p72,2016,0.15292738,0.12098224,0.08863428000000001,0.12760888,MISC,AEO2026 Low Economic Growth
p72,2017,0.15292738,0.12098224,0.08863428000000001,0.12760888,MISC,AEO2026 Low Economic Growth
p72,2018,0.15292738,0.12098224,0.08863428000000001,0.12760888,MISC,AEO2026 Low Economic Growth
p72,2019,0.15292738,0.12098224,0.08863428000000001,0.12760888,MISC,AEO2026 Low Economic Growth
p72,2020,0.15292738,0.12098224,0.08863428000000001,0.12760888,MISC,AEO2026 Low Economic Growth
p72,2021,0.15292738,0.12098224,0.08863428000000001,0.12760888,MISC,AEO2026 Low Economic Growth
p72,2022,0.15292738,0.12098224,0.08863428000000001,0.12760888,MISC,AEO2026 Low Economic Growth
p72,2023,0.15292738,0.12098224,0.08863428000000001,0.12760888,MISC,AEO2026 Low Economic Growth
p72,2024,0.15292738,0.12098224,0.08863428000000001,0.12760888,MISC,AEO2026 Low Economic Growth
p72,2025,0.15292738,0.12098224,0.08863428000000001,0.12760888,MISC,AEO2026 Low Economic Growth
p72,2026,0.15796559,0.12393694,0.09022786,0.13179741,MISC,AEO2026 Low Economic Growth
p72,2027,0.15796376,0.12453185,0.08921022,0.13182229,MISC,AEO2026 Low Economic Growth
p72,2028,0.15853228,0.1250903,0.0895885,0.13175008,MISC,AEO2026 Low Economic Growth
p72,2029,0.16385940999999998,0.12991521,0.09295505999999999,0.13642191,MISC,AEO2026 Low Economic Growth
p72,2030,0.17103860999999998,0.13642218,0.09776141,0.14295308,MISC,AEO2026 Low Economic Growth
p72,2031,0.18237300999999997,0.14742604,0.10555242,0.15366057,MISC,AEO2026 Low Economic Growth
p72,2032,0.18810194,0.15150732,0.10914465999999999,0.15882683,MISC,AEO2026 Low Economic Growth
p72,2033,0.19689222,0.15932276,0.11473884999999999,0.1673527,MISC,AEO2026 Low Economic Growth
p72,2034,0.19956474,0.16148384,0.11589511,0.16990756999999998,MISC,AEO2026 Low Economic Growth
p72,2035,0.20228991000000002,0.1634687,0.11741956,0.17205034000000002,MISC,AEO2026 Low Economic Growth
p72,2036,0.20713716999999998,0.16726492,0.12050417,0.17608806999999999,MISC,AEO2026 Low Economic Growth
p72,2037,0.21379916999999998,0.17282146,0.12492373000000001,0.18162399,MISC,AEO2026 Low Economic Growth
p72,2038,0.22261846999999998,0.18124490999999998,0.131163,0.18949184,MISC,AEO2026 Low Economic Growth
p72,2039,0.2281321,0.18468811,0.13434955,0.19355276,MISC,AEO2026 Low Economic Growth
p72,2040,0.23602476,0.19134756,0.13892376,0.200676,MISC,AEO2026 Low Economic Growth
p72,2041,0.24231607,0.19672287,0.1425688,0.20631849,MISC,AEO2026 Low Economic Growth
p72,2042,0.24928346999999998,0.20248808000000001,0.14694343999999998,0.21210508,MISC,AEO2026 Low Economic Growth
p72,2043,0.25618483999999997,0.20843628,0.15080483,0.21823988,MISC,AEO2026 Low Economic Growth
p72,2044,0.2677108,0.21735734999999998,0.15825323,0.22694593000000002,MISC,AEO2026 Low Economic Growth
p72,2045,0.27795692,0.22654951,0.16394449000000003,0.23672126999999998,MISC,AEO2026 Low Economic Growth
p72,2046,0.28560907,0.23285656,0.16832275,0.24291965000000001,MISC,AEO2026 Low Economic Growth
p72,2047,0.29403015,0.24005081,0.17318139999999999,0.25004684,MISC,AEO2026 Low Economic Growth
p72,2048,0.3032202,0.24770197,0.1783532,0.25754438,MISC,AEO2026 Low Economic Growth
p72,2049,0.31311329,0.25586029,0.18388184,0.26553253,MISC,AEO2026 Low Economic Growth
p72,2050,0.32277287,0.2639572,0.1891769,0.27348543,MISC,AEO2026 Low Economic Growth
p73,2014,0.15292738,0.12098224,0.08863428000000001,0.12760888,MISC,AEO2026 Low Economic Growth
p73,2015,0.15292738,0.12098224,0.08863428000000001,0.12760888,MISC,AEO2026 Low Economic Growth
p73,2016,0.15292738,0.12098224,0.08863428000000001,0.12760888,MISC,AEO2026 Low Economic Growth
p73,2017,0.15292738,0.12098224,0.08863428000000001,0.12760888,MISC,AEO2026 Low Economic Growth
p73,2018,0.15292738,0.12098224,0.08863428000000001,0.12760888,MISC,AEO2026 Low Economic Growth
p73,2019,0.15292738,0.12098224,0.08863428000000001,0.12760888,MISC,AEO2026 Low Economic Growth
p73,2020,0.15292738,0.12098224,0.08863428000000001,0.12760888,MISC,AEO2026 Low Economic Growth
p73,2021,0.15292738,0.12098224,0.08863428000000001,0.12760888,MISC,AEO2026 Low Economic Growth
p73,2022,0.15292738,0.12098224,0.08863428000000001,0.12760888,MISC,AEO2026 Low Economic Growth
p73,2023,0.15292738,0.12098224,0.08863428000000001,0.12760888,MISC,AEO2026 Low Economic Growth
p73,2024,0.15292738,0.12098224,0.08863428000000001,0.12760888,MISC,AEO2026 Low Economic Growth
p73,2025,0.15292738,0.12098224,0.08863428000000001,0.12760888,MISC,AEO2026 Low Economic Growth
p73,2026,0.15796559,0.12393694,0.09022786,0.13179741,MISC,AEO2026 Low Economic Growth
p73,2027,0.15796376,0.12453185,0.08921022,0.13182229,MISC,AEO2026 Low Economic Growth
p73,2028,0.15853228,0.1250903,0.0895885,0.13175008,MISC,AEO2026 Low Economic Growth
p73,2029,0.16385940999999998,0.12991521,0.09295505999999999,0.13642191,MISC,AEO2026 Low Economic Growth
p73,2030,0.17103860999999998,0.13642218,0.09776141,0.14295308,MISC,AEO2026 Low Economic Growth
p73,2031,0.18237300999999997,0.14742604,0.10555242,0.15366057,MISC,AEO2026 Low Economic Growth
p73,2032,0.18810194,0.15150732,0.10914465999999999,0.15882683,MISC,AEO2026 Low Economic Growth
p73,2033,0.19689222,0.15932276,0.11473884999999999,0.1673527,MISC,AEO2026 Low Economic Growth
p73,2034,0.19956474,0.16148384,0.11589511,0.16990756999999998,MISC,AEO2026 Low Economic Growth
p73,2035,0.20228991000000002,0.1634687,0.11741956,0.17205034000000002,MISC,AEO2026 Low Economic Growth
p73,2036,0.20713716999999998,0.16726492,0.12050417,0.17608806999999999,MISC,AEO2026 Low Economic Growth
p73,2037,0.21379916999999998,0.17282146,0.12492373000000001,0.18162399,MISC,AEO2026 Low Economic Growth
p73,2038,0.22261846999999998,0.18124490999999998,0.131163,0.18949184,MISC,AEO2026 Low Economic Growth
p73,2039,0.2281321,0.18468811,0.13434955,0.19355276,MISC,AEO2026 Low Economic Growth
p73,2040,0.23602476,0.19134756,0.13892376,0.200676,MISC,AEO2026 Low Economic Growth
p73,2041,0.24231607,0.19672287,0.1425688,0.20631849,MISC,AEO2026 Low Economic Growth
p73,2042,0.24928346999999998,0.20248808000000001,0.14694343999999998,0.21210508,MISC,AEO2026 Low Economic Growth
p73,2043,0.25618483999999997,0.20843628,0.15080483,0.21823988,MISC,AEO2026 Low Economic Growth
p73,2044,0.2677108,0.21735734999999998,0.15825323,0.22694593000000002,MISC,AEO2026 Low Economic Growth
p73,2045,0.27795692,0.22654951,0.16394449000000003,0.23672126999999998,MISC,AEO2026 Low Economic Growth
p73,2046,0.28560907,0.23285656,0.16832275,0.24291965000000001,MISC,AEO2026 Low Economic Growth
p73,2047,0.29403015,0.24005081,0.17318139999999999,0.25004684,MISC,AEO2026 Low Economic Growth
p73,2048,0.3032202,0.24770197,0.1783532,0.25754438,MISC,AEO2026 Low Economic Growth
p73,2049,0.31311329,0.25586029,0.18388184,0.26553253,MISC,AEO2026 Low Economic Growth
p73,2050,0.32277287,0.2639572,0.1891769,0.27348543,MISC,AEO2026 Low Economic Growth
p74,2014,0.16382887000000002,0.12301211000000001,0.08635592,0.13203251,MISW,AEO2026 Low Economic Growth
p74,2015,0.16382887000000002,0.12301211000000001,0.08635592,0.13203251,MISW,AEO2026 Low Economic Growth
p74,2016,0.16382887000000002,0.12301211000000001,0.08635592,0.13203251,MISW,AEO2026 Low Economic Growth
p74,2017,0.16382887000000002,0.12301211000000001,0.08635592,0.13203251,MISW,AEO2026 Low Economic Growth
p74,2018,0.16382887000000002,0.12301211000000001,0.08635592,0.13203251,MISW,AEO2026 Low Economic Growth
p74,2019,0.16382887000000002,0.12301211000000001,0.08635592,0.13203251,MISW,AEO2026 Low Economic Growth
p74,2020,0.16382887000000002,0.12301211000000001,0.08635592,0.13203251,MISW,AEO2026 Low Economic Growth
p74,2021,0.16382887000000002,0.12301211000000001,0.08635592,0.13203251,MISW,AEO2026 Low Economic Growth
p74,2022,0.16382887000000002,0.12301211000000001,0.08635592,0.13203251,MISW,AEO2026 Low Economic Growth
p74,2023,0.16382887000000002,0.12301211000000001,0.08635592,0.13203251,MISW,AEO2026 Low Economic Growth
p74,2024,0.16382887000000002,0.12301211000000001,0.08635592,0.13203251,MISW,AEO2026 Low Economic Growth
p74,2025,0.16382887000000002,0.12301211000000001,0.08635592,0.13203251,MISW,AEO2026 Low Economic Growth
p74,2026,0.17372285999999998,0.12976742,0.09148479,0.14019589,MISW,AEO2026 Low Economic Growth
p74,2027,0.170056,0.12637284,0.08597733,0.13645435,MISW,AEO2026 Low Economic Growth
p74,2028,0.16941813,0.12512997,0.0854669,0.13439007,MISW,AEO2026 Low Economic Growth
p74,2029,0.17485275,0.12952450000000001,0.08839959,0.13863428,MISW,AEO2026 Low Economic Growth
p74,2030,0.18198757000000002,0.1349602,0.09263887999999999,0.14417637,MISW,AEO2026 Low Economic Growth
p74,2031,0.19050762,0.14160851,0.09773370999999999,0.15118213,MISW,AEO2026 Low Economic Growth
p74,2032,0.20537985,0.15183175000000002,0.10869165,0.16196507000000002,MISW,AEO2026 Low Economic Growth
p74,2033,0.21755351999999997,0.16156901999999998,0.11543322,0.17296516,MISW,AEO2026 Low Economic Growth
p74,2034,0.22346443000000002,0.16533604000000002,0.11868606,0.17747957,MISW,AEO2026 Low Economic Growth
p74,2035,0.22933086,0.16914898,0.12195529000000001,0.18181103,MISW,AEO2026 Low Economic Growth
p74,2036,0.23590488,0.17347862,0.12566532,0.18657965,MISW,AEO2026 Low Economic Growth
p74,2037,0.2424621,0.17787337999999997,0.12927087,0.19135368,MISW,AEO2026 Low Economic Growth
p74,2038,0.24848183,0.18202207999999998,0.13238747,0.19579336000000003,MISW,AEO2026 Low Economic Growth
p74,2039,0.25939741,0.18918610000000002,0.13960137,0.20326733,MISW,AEO2026 Low Economic Growth
p74,2040,0.26936581,0.19671661000000001,0.14469231999999999,0.21159192999999998,MISW,AEO2026 Low Economic Growth
p74,2041,0.27570463,0.20085133,0.14782958000000002,0.21593605,MISW,AEO2026 Low Economic Growth
p74,2042,0.28387764,0.20635185,0.15226347,0.22164562,MISW,AEO2026 Low Economic Growth
p74,2043,0.29172335,0.21195234,0.15600233,0.22753395,MISW,AEO2026 Low Economic Growth
p74,2044,0.29879702,0.21686567,0.1593142,0.23252558,MISW,AEO2026 Low Economic Growth
p74,2045,0.30674112000000003,0.22237268,0.16306307,0.23810972,MISW,AEO2026 Low Economic Growth
p74,2046,0.31510881,0.22825996,0.16704443000000002,0.24412226,MISW,AEO2026 Low Economic Growth
p74,2047,0.32352961999999996,0.234156,0.17104455999999998,0.25004663,MISW,AEO2026 Low Economic Growth
p74,2048,0.33214565,0.24027693,0.17513428,0.25613705,MISW,AEO2026 Low Economic Growth
p74,2049,0.34118687000000003,0.24674456,0.17942369,0.26259155,MISW,AEO2026 Low Economic Growth
p74,2050,0.35057056000000003,0.25346796,0.18394611000000002,0.26928648,MISW,AEO2026 Low Economic Growth
p75,2014,0.16382887000000002,0.12301211000000001,0.08635592,0.13203251,MISW,AEO2026 Low Economic Growth
p75,2015,0.16382887000000002,0.12301211000000001,0.08635592,0.13203251,MISW,AEO2026 Low Economic Growth
p75,2016,0.16382887000000002,0.12301211000000001,0.08635592,0.13203251,MISW,AEO2026 Low Economic Growth
p75,2017,0.16382887000000002,0.12301211000000001,0.08635592,0.13203251,MISW,AEO2026 Low Economic Growth
p75,2018,0.16382887000000002,0.12301211000000001,0.08635592,0.13203251,MISW,AEO2026 Low Economic Growth
p75,2019,0.16382887000000002,0.12301211000000001,0.08635592,0.13203251,MISW,AEO2026 Low Economic Growth
p75,2020,0.16382887000000002,0.12301211000000001,0.08635592,0.13203251,MISW,AEO2026 Low Economic Growth
p75,2021,0.16382887000000002,0.12301211000000001,0.08635592,0.13203251,MISW,AEO2026 Low Economic Growth
p75,2022,0.16382887000000002,0.12301211000000001,0.08635592,0.13203251,MISW,AEO2026 Low Economic Growth
p75,2023,0.16382887000000002,0.12301211000000001,0.08635592,0.13203251,MISW,AEO2026 Low Economic Growth
p75,2024,0.16382887000000002,0.12301211000000001,0.08635592,0.13203251,MISW,AEO2026 Low Economic Growth
p75,2025,0.16382887000000002,0.12301211000000001,0.08635592,0.13203251,MISW,AEO2026 Low Economic Growth
p75,2026,0.17372285999999998,0.12976742,0.09148479,0.14019589,MISW,AEO2026 Low Economic Growth
p75,2027,0.170056,0.12637284,0.08597733,0.13645435,MISW,AEO2026 Low Economic Growth
p75,2028,0.16941813,0.12512997,0.0854669,0.13439007,MISW,AEO2026 Low Economic Growth
p75,2029,0.17485275,0.12952450000000001,0.08839959,0.13863428,MISW,AEO2026 Low Economic Growth
p75,2030,0.18198757000000002,0.1349602,0.09263887999999999,0.14417637,MISW,AEO2026 Low Economic Growth
p75,2031,0.19050762,0.14160851,0.09773370999999999,0.15118213,MISW,AEO2026 Low Economic Growth
p75,2032,0.20537985,0.15183175000000002,0.10869165,0.16196507000000002,MISW,AEO2026 Low Economic Growth
p75,2033,0.21755351999999997,0.16156901999999998,0.11543322,0.17296516,MISW,AEO2026 Low Economic Growth
p75,2034,0.22346443000000002,0.16533604000000002,0.11868606,0.17747957,MISW,AEO2026 Low Economic Growth
p75,2035,0.22933086,0.16914898,0.12195529000000001,0.18181103,MISW,AEO2026 Low Economic Growth
p75,2036,0.23590488,0.17347862,0.12566532,0.18657965,MISW,AEO2026 Low Economic Growth
p75,2037,0.2424621,0.17787337999999997,0.12927087,0.19135368,MISW,AEO2026 Low Economic Growth
p75,2038,0.24848183,0.18202207999999998,0.13238747,0.19579336000000003,MISW,AEO2026 Low Economic Growth
p75,2039,0.25939741,0.18918610000000002,0.13960137,0.20326733,MISW,AEO2026 Low Economic Growth
p75,2040,0.26936581,0.19671661000000001,0.14469231999999999,0.21159192999999998,MISW,AEO2026 Low Economic Growth
p75,2041,0.27570463,0.20085133,0.14782958000000002,0.21593605,MISW,AEO2026 Low Economic Growth
p75,2042,0.28387764,0.20635185,0.15226347,0.22164562,MISW,AEO2026 Low Economic Growth
p75,2043,0.29172335,0.21195234,0.15600233,0.22753395,MISW,AEO2026 Low Economic Growth
p75,2044,0.29879702,0.21686567,0.1593142,0.23252558,MISW,AEO2026 Low Economic Growth
p75,2045,0.30674112000000003,0.22237268,0.16306307,0.23810972,MISW,AEO2026 Low Economic Growth
p75,2046,0.31510881,0.22825996,0.16704443000000002,0.24412226,MISW,AEO2026 Low Economic Growth
p75,2047,0.32352961999999996,0.234156,0.17104455999999998,0.25004663,MISW,AEO2026 Low Economic Growth
p75,2048,0.33214565,0.24027693,0.17513428,0.25613705,MISW,AEO2026 Low Economic Growth
p75,2049,0.34118687000000003,0.24674456,0.17942369,0.26259155,MISW,AEO2026 Low Economic Growth
p75,2050,0.35057056000000003,0.25346796,0.18394611000000002,0.26928648,MISW,AEO2026 Low Economic Growth
p76,2014,0.16382887000000002,0.12301211000000001,0.08635592,0.13203251,MISW,AEO2026 Low Economic Growth
p76,2015,0.16382887000000002,0.12301211000000001,0.08635592,0.13203251,MISW,AEO2026 Low Economic Growth
p76,2016,0.16382887000000002,0.12301211000000001,0.08635592,0.13203251,MISW,AEO2026 Low Economic Growth
p76,2017,0.16382887000000002,0.12301211000000001,0.08635592,0.13203251,MISW,AEO2026 Low Economic Growth
p76,2018,0.16382887000000002,0.12301211000000001,0.08635592,0.13203251,MISW,AEO2026 Low Economic Growth
p76,2019,0.16382887000000002,0.12301211000000001,0.08635592,0.13203251,MISW,AEO2026 Low Economic Growth
p76,2020,0.16382887000000002,0.12301211000000001,0.08635592,0.13203251,MISW,AEO2026 Low Economic Growth
p76,2021,0.16382887000000002,0.12301211000000001,0.08635592,0.13203251,MISW,AEO2026 Low Economic Growth
p76,2022,0.16382887000000002,0.12301211000000001,0.08635592,0.13203251,MISW,AEO2026 Low Economic Growth
p76,2023,0.16382887000000002,0.12301211000000001,0.08635592,0.13203251,MISW,AEO2026 Low Economic Growth
p76,2024,0.16382887000000002,0.12301211000000001,0.08635592,0.13203251,MISW,AEO2026 Low Economic Growth
p76,2025,0.16382887000000002,0.12301211000000001,0.08635592,0.13203251,MISW,AEO2026 Low Economic Growth
p76,2026,0.17372285999999998,0.12976742,0.09148479,0.14019589,MISW,AEO2026 Low Economic Growth
p76,2027,0.170056,0.12637284,0.08597733,0.13645435,MISW,AEO2026 Low Economic Growth
p76,2028,0.16941813,0.12512997,0.0854669,0.13439007,MISW,AEO2026 Low Economic Growth
p76,2029,0.17485275,0.12952450000000001,0.08839959,0.13863428,MISW,AEO2026 Low Economic Growth
p76,2030,0.18198757000000002,0.1349602,0.09263887999999999,0.14417637,MISW,AEO2026 Low Economic Growth
p76,2031,0.19050762,0.14160851,0.09773370999999999,0.15118213,MISW,AEO2026 Low Economic Growth
p76,2032,0.20537985,0.15183175000000002,0.10869165,0.16196507000000002,MISW,AEO2026 Low Economic Growth
p76,2033,0.21755351999999997,0.16156901999999998,0.11543322,0.17296516,MISW,AEO2026 Low Economic Growth
p76,2034,0.22346443000000002,0.16533604000000002,0.11868606,0.17747957,MISW,AEO2026 Low Economic Growth
p76,2035,0.22933086,0.16914898,0.12195529000000001,0.18181103,MISW,AEO2026 Low Economic Growth
p76,2036,0.23590488,0.17347862,0.12566532,0.18657965,MISW,AEO2026 Low Economic Growth
p76,2037,0.2424621,0.17787337999999997,0.12927087,0.19135368,MISW,AEO2026 Low Economic Growth
p76,2038,0.24848183,0.18202207999999998,0.13238747,0.19579336000000003,MISW,AEO2026 Low Economic Growth
p76,2039,0.25939741,0.18918610000000002,0.13960137,0.20326733,MISW,AEO2026 Low Economic Growth
p76,2040,0.26936581,0.19671661000000001,0.14469231999999999,0.21159192999999998,MISW,AEO2026 Low Economic Growth
p76,2041,0.27570463,0.20085133,0.14782958000000002,0.21593605,MISW,AEO2026 Low Economic Growth
p76,2042,0.28387764,0.20635185,0.15226347,0.22164562,MISW,AEO2026 Low Economic Growth
p76,2043,0.29172335,0.21195234,0.15600233,0.22753395,MISW,AEO2026 Low Economic Growth
p76,2044,0.29879702,0.21686567,0.1593142,0.23252558,MISW,AEO2026 Low Economic Growth
p76,2045,0.30674112000000003,0.22237268,0.16306307,0.23810972,MISW,AEO2026 Low Economic Growth
p76,2046,0.31510881,0.22825996,0.16704443000000002,0.24412226,MISW,AEO2026 Low Economic Growth
p76,2047,0.32352961999999996,0.234156,0.17104455999999998,0.25004663,MISW,AEO2026 Low Economic Growth
p76,2048,0.33214565,0.24027693,0.17513428,0.25613705,MISW,AEO2026 Low Economic Growth
p76,2049,0.34118687000000003,0.24674456,0.17942369,0.26259155,MISW,AEO2026 Low Economic Growth
p76,2050,0.35057056000000003,0.25346796,0.18394611000000002,0.26928648,MISW,AEO2026 Low Economic Growth
p77,2014,0.16382887000000002,0.12301211000000001,0.08635592,0.13203251,MISW,AEO2026 Low Economic Growth
p77,2015,0.16382887000000002,0.12301211000000001,0.08635592,0.13203251,MISW,AEO2026 Low Economic Growth
p77,2016,0.16382887000000002,0.12301211000000001,0.08635592,0.13203251,MISW,AEO2026 Low Economic Growth
p77,2017,0.16382887000000002,0.12301211000000001,0.08635592,0.13203251,MISW,AEO2026 Low Economic Growth
p77,2018,0.16382887000000002,0.12301211000000001,0.08635592,0.13203251,MISW,AEO2026 Low Economic Growth
p77,2019,0.16382887000000002,0.12301211000000001,0.08635592,0.13203251,MISW,AEO2026 Low Economic Growth
p77,2020,0.16382887000000002,0.12301211000000001,0.08635592,0.13203251,MISW,AEO2026 Low Economic Growth
p77,2021,0.16382887000000002,0.12301211000000001,0.08635592,0.13203251,MISW,AEO2026 Low Economic Growth
p77,2022,0.16382887000000002,0.12301211000000001,0.08635592,0.13203251,MISW,AEO2026 Low Economic Growth
p77,2023,0.16382887000000002,0.12301211000000001,0.08635592,0.13203251,MISW,AEO2026 Low Economic Growth
p77,2024,0.16382887000000002,0.12301211000000001,0.08635592,0.13203251,MISW,AEO2026 Low Economic Growth
p77,2025,0.16382887000000002,0.12301211000000001,0.08635592,0.13203251,MISW,AEO2026 Low Economic Growth
p77,2026,0.17372285999999998,0.12976742,0.09148479,0.14019589,MISW,AEO2026 Low Economic Growth
p77,2027,0.170056,0.12637284,0.08597733,0.13645435,MISW,AEO2026 Low Economic Growth
p77,2028,0.16941813,0.12512997,0.0854669,0.13439007,MISW,AEO2026 Low Economic Growth
p77,2029,0.17485275,0.12952450000000001,0.08839959,0.13863428,MISW,AEO2026 Low Economic Growth
p77,2030,0.18198757000000002,0.1349602,0.09263887999999999,0.14417637,MISW,AEO2026 Low Economic Growth
p77,2031,0.19050762,0.14160851,0.09773370999999999,0.15118213,MISW,AEO2026 Low Economic Growth
p77,2032,0.20537985,0.15183175000000002,0.10869165,0.16196507000000002,MISW,AEO2026 Low Economic Growth
p77,2033,0.21755351999999997,0.16156901999999998,0.11543322,0.17296516,MISW,AEO2026 Low Economic Growth
p77,2034,0.22346443000000002,0.16533604000000002,0.11868606,0.17747957,MISW,AEO2026 Low Economic Growth
p77,2035,0.22933086,0.16914898,0.12195529000000001,0.18181103,MISW,AEO2026 Low Economic Growth
p77,2036,0.23590488,0.17347862,0.12566532,0.18657965,MISW,AEO2026 Low Economic Growth
p77,2037,0.2424621,0.17787337999999997,0.12927087,0.19135368,MISW,AEO2026 Low Economic Growth
p77,2038,0.24848183,0.18202207999999998,0.13238747,0.19579336000000003,MISW,AEO2026 Low Economic Growth
p77,2039,0.25939741,0.18918610000000002,0.13960137,0.20326733,MISW,AEO2026 Low Economic Growth
p77,2040,0.26936581,0.19671661000000001,0.14469231999999999,0.21159192999999998,MISW,AEO2026 Low Economic Growth
p77,2041,0.27570463,0.20085133,0.14782958000000002,0.21593605,MISW,AEO2026 Low Economic Growth
p77,2042,0.28387764,0.20635185,0.15226347,0.22164562,MISW,AEO2026 Low Economic Growth
p77,2043,0.29172335,0.21195234,0.15600233,0.22753395,MISW,AEO2026 Low Economic Growth
p77,2044,0.29879702,0.21686567,0.1593142,0.23252558,MISW,AEO2026 Low Economic Growth
p77,2045,0.30674112000000003,0.22237268,0.16306307,0.23810972,MISW,AEO2026 Low Economic Growth
p77,2046,0.31510881,0.22825996,0.16704443000000002,0.24412226,MISW,AEO2026 Low Economic Growth
p77,2047,0.32352961999999996,0.234156,0.17104455999999998,0.25004663,MISW,AEO2026 Low Economic Growth
p77,2048,0.33214565,0.24027693,0.17513428,0.25613705,MISW,AEO2026 Low Economic Growth
p77,2049,0.34118687000000003,0.24674456,0.17942369,0.26259155,MISW,AEO2026 Low Economic Growth
p77,2050,0.35057056000000003,0.25346796,0.18394611000000002,0.26928648,MISW,AEO2026 Low Economic Growth
p78,2014,0.16382887000000002,0.12301211000000001,0.08635592,0.13203251,MISW,AEO2026 Low Economic Growth
p78,2015,0.16382887000000002,0.12301211000000001,0.08635592,0.13203251,MISW,AEO2026 Low Economic Growth
p78,2016,0.16382887000000002,0.12301211000000001,0.08635592,0.13203251,MISW,AEO2026 Low Economic Growth
p78,2017,0.16382887000000002,0.12301211000000001,0.08635592,0.13203251,MISW,AEO2026 Low Economic Growth
p78,2018,0.16382887000000002,0.12301211000000001,0.08635592,0.13203251,MISW,AEO2026 Low Economic Growth
p78,2019,0.16382887000000002,0.12301211000000001,0.08635592,0.13203251,MISW,AEO2026 Low Economic Growth
p78,2020,0.16382887000000002,0.12301211000000001,0.08635592,0.13203251,MISW,AEO2026 Low Economic Growth
p78,2021,0.16382887000000002,0.12301211000000001,0.08635592,0.13203251,MISW,AEO2026 Low Economic Growth
p78,2022,0.16382887000000002,0.12301211000000001,0.08635592,0.13203251,MISW,AEO2026 Low Economic Growth
p78,2023,0.16382887000000002,0.12301211000000001,0.08635592,0.13203251,MISW,AEO2026 Low Economic Growth
p78,2024,0.16382887000000002,0.12301211000000001,0.08635592,0.13203251,MISW,AEO2026 Low Economic Growth
p78,2025,0.16382887000000002,0.12301211000000001,0.08635592,0.13203251,MISW,AEO2026 Low Economic Growth
p78,2026,0.17372285999999998,0.12976742,0.09148479,0.14019589,MISW,AEO2026 Low Economic Growth
p78,2027,0.170056,0.12637284,0.08597733,0.13645435,MISW,AEO2026 Low Economic Growth
p78,2028,0.16941813,0.12512997,0.0854669,0.13439007,MISW,AEO2026 Low Economic Growth
p78,2029,0.17485275,0.12952450000000001,0.08839959,0.13863428,MISW,AEO2026 Low Economic Growth
p78,2030,0.18198757000000002,0.1349602,0.09263887999999999,0.14417637,MISW,AEO2026 Low Economic Growth
p78,2031,0.19050762,0.14160851,0.09773370999999999,0.15118213,MISW,AEO2026 Low Economic Growth
p78,2032,0.20537985,0.15183175000000002,0.10869165,0.16196507000000002,MISW,AEO2026 Low Economic Growth
p78,2033,0.21755351999999997,0.16156901999999998,0.11543322,0.17296516,MISW,AEO2026 Low Economic Growth
p78,2034,0.22346443000000002,0.16533604000000002,0.11868606,0.17747957,MISW,AEO2026 Low Economic Growth
p78,2035,0.22933086,0.16914898,0.12195529000000001,0.18181103,MISW,AEO2026 Low Economic Growth
p78,2036,0.23590488,0.17347862,0.12566532,0.18657965,MISW,AEO2026 Low Economic Growth
p78,2037,0.2424621,0.17787337999999997,0.12927087,0.19135368,MISW,AEO2026 Low Economic Growth
p78,2038,0.24848183,0.18202207999999998,0.13238747,0.19579336000000003,MISW,AEO2026 Low Economic Growth
p78,2039,0.25939741,0.18918610000000002,0.13960137,0.20326733,MISW,AEO2026 Low Economic Growth
p78,2040,0.26936581,0.19671661000000001,0.14469231999999999,0.21159192999999998,MISW,AEO2026 Low Economic Growth
p78,2041,0.27570463,0.20085133,0.14782958000000002,0.21593605,MISW,AEO2026 Low Economic Growth
p78,2042,0.28387764,0.20635185,0.15226347,0.22164562,MISW,AEO2026 Low Economic Growth
p78,2043,0.29172335,0.21195234,0.15600233,0.22753395,MISW,AEO2026 Low Economic Growth
p78,2044,0.29879702,0.21686567,0.1593142,0.23252558,MISW,AEO2026 Low Economic Growth
p78,2045,0.30674112000000003,0.22237268,0.16306307,0.23810972,MISW,AEO2026 Low Economic Growth
p78,2046,0.31510881,0.22825996,0.16704443000000002,0.24412226,MISW,AEO2026 Low Economic Growth
p78,2047,0.32352961999999996,0.234156,0.17104455999999998,0.25004663,MISW,AEO2026 Low Economic Growth
p78,2048,0.33214565,0.24027693,0.17513428,0.25613705,MISW,AEO2026 Low Economic Growth
p78,2049,0.34118687000000003,0.24674456,0.17942369,0.26259155,MISW,AEO2026 Low Economic Growth
p78,2050,0.35057056000000003,0.25346796,0.18394611000000002,0.26928648,MISW,AEO2026 Low Economic Growth
p79,2014,0.16382887000000002,0.12301211000000001,0.08635592,0.13203251,MISW,AEO2026 Low Economic Growth
p79,2015,0.16382887000000002,0.12301211000000001,0.08635592,0.13203251,MISW,AEO2026 Low Economic Growth
p79,2016,0.16382887000000002,0.12301211000000001,0.08635592,0.13203251,MISW,AEO2026 Low Economic Growth
p79,2017,0.16382887000000002,0.12301211000000001,0.08635592,0.13203251,MISW,AEO2026 Low Economic Growth
p79,2018,0.16382887000000002,0.12301211000000001,0.08635592,0.13203251,MISW,AEO2026 Low Economic Growth
p79,2019,0.16382887000000002,0.12301211000000001,0.08635592,0.13203251,MISW,AEO2026 Low Economic Growth
p79,2020,0.16382887000000002,0.12301211000000001,0.08635592,0.13203251,MISW,AEO2026 Low Economic Growth
p79,2021,0.16382887000000002,0.12301211000000001,0.08635592,0.13203251,MISW,AEO2026 Low Economic Growth
p79,2022,0.16382887000000002,0.12301211000000001,0.08635592,0.13203251,MISW,AEO2026 Low Economic Growth
p79,2023,0.16382887000000002,0.12301211000000001,0.08635592,0.13203251,MISW,AEO2026 Low Economic Growth
p79,2024,0.16382887000000002,0.12301211000000001,0.08635592,0.13203251,MISW,AEO2026 Low Economic Growth
p79,2025,0.16382887000000002,0.12301211000000001,0.08635592,0.13203251,MISW,AEO2026 Low Economic Growth
p79,2026,0.17372285999999998,0.12976742,0.09148479,0.14019589,MISW,AEO2026 Low Economic Growth
p79,2027,0.170056,0.12637284,0.08597733,0.13645435,MISW,AEO2026 Low Economic Growth
p79,2028,0.16941813,0.12512997,0.0854669,0.13439007,MISW,AEO2026 Low Economic Growth
p79,2029,0.17485275,0.12952450000000001,0.08839959,0.13863428,MISW,AEO2026 Low Economic Growth
p79,2030,0.18198757000000002,0.1349602,0.09263887999999999,0.14417637,MISW,AEO2026 Low Economic Growth
p79,2031,0.19050762,0.14160851,0.09773370999999999,0.15118213,MISW,AEO2026 Low Economic Growth
p79,2032,0.20537985,0.15183175000000002,0.10869165,0.16196507000000002,MISW,AEO2026 Low Economic Growth
p79,2033,0.21755351999999997,0.16156901999999998,0.11543322,0.17296516,MISW,AEO2026 Low Economic Growth
p79,2034,0.22346443000000002,0.16533604000000002,0.11868606,0.17747957,MISW,AEO2026 Low Economic Growth
p79,2035,0.22933086,0.16914898,0.12195529000000001,0.18181103,MISW,AEO2026 Low Economic Growth
p79,2036,0.23590488,0.17347862,0.12566532,0.18657965,MISW,AEO2026 Low Economic Growth
p79,2037,0.2424621,0.17787337999999997,0.12927087,0.19135368,MISW,AEO2026 Low Economic Growth
p79,2038,0.24848183,0.18202207999999998,0.13238747,0.19579336000000003,MISW,AEO2026 Low Economic Growth
p79,2039,0.25939741,0.18918610000000002,0.13960137,0.20326733,MISW,AEO2026 Low Economic Growth
p79,2040,0.26936581,0.19671661000000001,0.14469231999999999,0.21159192999999998,MISW,AEO2026 Low Economic Growth
p79,2041,0.27570463,0.20085133,0.14782958000000002,0.21593605,MISW,AEO2026 Low Economic Growth
p79,2042,0.28387764,0.20635185,0.15226347,0.22164562,MISW,AEO2026 Low Economic Growth
p79,2043,0.29172335,0.21195234,0.15600233,0.22753395,MISW,AEO2026 Low Economic Growth
p79,2044,0.29879702,0.21686567,0.1593142,0.23252558,MISW,AEO2026 Low Economic Growth
p79,2045,0.30674112000000003,0.22237268,0.16306307,0.23810972,MISW,AEO2026 Low Economic Growth
p79,2046,0.31510881,0.22825996,0.16704443000000002,0.24412226,MISW,AEO2026 Low Economic Growth
p79,2047,0.32352961999999996,0.234156,0.17104455999999998,0.25004663,MISW,AEO2026 Low Economic Growth
p79,2048,0.33214565,0.24027693,0.17513428,0.25613705,MISW,AEO2026 Low Economic Growth
p79,2049,0.34118687000000003,0.24674456,0.17942369,0.26259155,MISW,AEO2026 Low Economic Growth
p79,2050,0.35057056000000003,0.25346796,0.18394611000000002,0.26928648,MISW,AEO2026 Low Economic Growth
p80,2014,0.14265854,0.11935636000000001,0.09888101,0.11468083,PJMC,AEO2026 Low Economic Growth
p80,2015,0.14265854,0.11935636000000001,0.09888101,0.11468083,PJMC,AEO2026 Low Economic Growth
p80,2016,0.14265854,0.11935636000000001,0.09888101,0.11468083,PJMC,AEO2026 Low Economic Growth
p80,2017,0.14265854,0.11935636000000001,0.09888101,0.11468083,PJMC,AEO2026 Low Economic Growth
p80,2018,0.14265854,0.11935636000000001,0.09888101,0.11468083,PJMC,AEO2026 Low Economic Growth
p80,2019,0.14265854,0.11935636000000001,0.09888101,0.11468083,PJMC,AEO2026 Low Economic Growth
p80,2020,0.14265854,0.11935636000000001,0.09888101,0.11468083,PJMC,AEO2026 Low Economic Growth
p80,2021,0.14265854,0.11935636000000001,0.09888101,0.11468083,PJMC,AEO2026 Low Economic Growth
p80,2022,0.14265854,0.11935636000000001,0.09888101,0.11468083,PJMC,AEO2026 Low Economic Growth
p80,2023,0.14265854,0.11935636000000001,0.09888101,0.11468083,PJMC,AEO2026 Low Economic Growth
p80,2024,0.14265854,0.11935636000000001,0.09888101,0.11468083,PJMC,AEO2026 Low Economic Growth
p80,2025,0.14265854,0.11935636000000001,0.09888101,0.11468083,PJMC,AEO2026 Low Economic Growth
p80,2026,0.14600683,0.11918618,0.098881,0.11594049999999999,PJMC,AEO2026 Low Economic Growth
p80,2027,0.15626571,0.13072623,0.10639146000000001,0.12459039000000001,PJMC,AEO2026 Low Economic Growth
p80,2028,0.15949749000000002,0.13321565,0.10691685,0.12691478,PJMC,AEO2026 Low Economic Growth
p80,2029,0.16969019,0.14333016,0.11438594,0.1357696,PJMC,AEO2026 Low Economic Growth
p80,2030,0.18038359,0.1535098,0.12256956000000001,0.14523688,PJMC,AEO2026 Low Economic Growth
p80,2031,0.19797934,0.17248394,0.13701465000000002,0.16067463,PJMC,AEO2026 Low Economic Growth
p80,2032,0.20076162,0.17207623000000002,0.13831806,0.16349266,PJMC,AEO2026 Low Economic Growth
p80,2033,0.20964108,0.18055368000000002,0.14493103,0.17147972,PJMC,AEO2026 Low Economic Growth
p80,2034,0.21178085,0.18175737000000003,0.14489538,0.17271185,PJMC,AEO2026 Low Economic Growth
p80,2035,0.21638599,0.18551722999999998,0.14722002,0.17632763,PJMC,AEO2026 Low Economic Growth
p80,2036,0.22401734999999998,0.19238321,0.15259917,0.18295614000000002,PJMC,AEO2026 Low Economic Growth
p80,2037,0.23445732,0.20249155,0.16043970000000002,0.1920883,PJMC,AEO2026 Low Economic Growth
p80,2038,0.25424633,0.22305922,0.1760848,0.20878416000000002,PJMC,AEO2026 Low Economic Growth
p80,2039,0.24853314999999998,0.21430948,0.16986847000000002,0.20294322999999997,PJMC,AEO2026 Low Economic Growth
p80,2040,0.25428421,0.21924398,0.17326967,0.20751218999999999,PJMC,AEO2026 Low Economic Growth
p80,2041,0.26265919,0.22680132,0.17906702,0.21464869,PJMC,AEO2026 Low Economic Growth
p80,2042,0.27205556999999997,0.23521477000000002,0.1857214,0.22275309,PJMC,AEO2026 Low Economic Growth
p80,2043,0.28129755,0.24354862,0.19205944,0.23055796,PJMC,AEO2026 Low Economic Growth
p80,2044,0.29090057,0.25238052,0.19858626999999998,0.2386554,PJMC,AEO2026 Low Economic Growth
p80,2045,0.301,0.26154749,0.20531414,0.24699776,PJMC,AEO2026 Low Economic Growth
p80,2046,0.31126934,0.27081301,0.21209451999999998,0.25548435,PJMC,AEO2026 Low Economic Growth
p80,2047,0.32258739,0.28102188,0.21959122,0.26469866,PJMC,AEO2026 Low Economic Growth
p80,2048,0.3344965,0.29168846,0.22735989,0.27421537,PJMC,AEO2026 Low Economic Growth
p80,2049,0.34692791,0.30288092,0.23540134,0.28404925999999997,PJMC,AEO2026 Low Economic Growth
p80,2050,0.36069167999999996,0.31556702000000003,0.24455589,0.29510015,PJMC,AEO2026 Low Economic Growth
p81,2014,0.15292738,0.12098224,0.08863428000000001,0.12760888,MISC,AEO2026 Low Economic Growth
p81,2015,0.15292738,0.12098224,0.08863428000000001,0.12760888,MISC,AEO2026 Low Economic Growth
p81,2016,0.15292738,0.12098224,0.08863428000000001,0.12760888,MISC,AEO2026 Low Economic Growth
p81,2017,0.15292738,0.12098224,0.08863428000000001,0.12760888,MISC,AEO2026 Low Economic Growth
p81,2018,0.15292738,0.12098224,0.08863428000000001,0.12760888,MISC,AEO2026 Low Economic Growth
p81,2019,0.15292738,0.12098224,0.08863428000000001,0.12760888,MISC,AEO2026 Low Economic Growth
p81,2020,0.15292738,0.12098224,0.08863428000000001,0.12760888,MISC,AEO2026 Low Economic Growth
p81,2021,0.15292738,0.12098224,0.08863428000000001,0.12760888,MISC,AEO2026 Low Economic Growth
p81,2022,0.15292738,0.12098224,0.08863428000000001,0.12760888,MISC,AEO2026 Low Economic Growth
p81,2023,0.15292738,0.12098224,0.08863428000000001,0.12760888,MISC,AEO2026 Low Economic Growth
p81,2024,0.15292738,0.12098224,0.08863428000000001,0.12760888,MISC,AEO2026 Low Economic Growth
p81,2025,0.15292738,0.12098224,0.08863428000000001,0.12760888,MISC,AEO2026 Low Economic Growth
p81,2026,0.15796559,0.12393694,0.09022786,0.13179741,MISC,AEO2026 Low Economic Growth
p81,2027,0.15796376,0.12453185,0.08921022,0.13182229,MISC,AEO2026 Low Economic Growth
p81,2028,0.15853228,0.1250903,0.0895885,0.13175008,MISC,AEO2026 Low Economic Growth
p81,2029,0.16385940999999998,0.12991521,0.09295505999999999,0.13642191,MISC,AEO2026 Low Economic Growth
p81,2030,0.17103860999999998,0.13642218,0.09776141,0.14295308,MISC,AEO2026 Low Economic Growth
p81,2031,0.18237300999999997,0.14742604,0.10555242,0.15366057,MISC,AEO2026 Low Economic Growth
p81,2032,0.18810194,0.15150732,0.10914465999999999,0.15882683,MISC,AEO2026 Low Economic Growth
p81,2033,0.19689222,0.15932276,0.11473884999999999,0.1673527,MISC,AEO2026 Low Economic Growth
p81,2034,0.19956474,0.16148384,0.11589511,0.16990756999999998,MISC,AEO2026 Low Economic Growth
p81,2035,0.20228991000000002,0.1634687,0.11741956,0.17205034000000002,MISC,AEO2026 Low Economic Growth
p81,2036,0.20713716999999998,0.16726492,0.12050417,0.17608806999999999,MISC,AEO2026 Low Economic Growth
p81,2037,0.21379916999999998,0.17282146,0.12492373000000001,0.18162399,MISC,AEO2026 Low Economic Growth
p81,2038,0.22261846999999998,0.18124490999999998,0.131163,0.18949184,MISC,AEO2026 Low Economic Growth
p81,2039,0.2281321,0.18468811,0.13434955,0.19355276,MISC,AEO2026 Low Economic Growth
p81,2040,0.23602476,0.19134756,0.13892376,0.200676,MISC,AEO2026 Low Economic Growth
p81,2041,0.24231607,0.19672287,0.1425688,0.20631849,MISC,AEO2026 Low Economic Growth
p81,2042,0.24928346999999998,0.20248808000000001,0.14694343999999998,0.21210508,MISC,AEO2026 Low Economic Growth
p81,2043,0.25618483999999997,0.20843628,0.15080483,0.21823988,MISC,AEO2026 Low Economic Growth
p81,2044,0.2677108,0.21735734999999998,0.15825323,0.22694593000000002,MISC,AEO2026 Low Economic Growth
p81,2045,0.27795692,0.22654951,0.16394449000000003,0.23672126999999998,MISC,AEO2026 Low Economic Growth
p81,2046,0.28560907,0.23285656,0.16832275,0.24291965000000001,MISC,AEO2026 Low Economic Growth
p81,2047,0.29403015,0.24005081,0.17318139999999999,0.25004684,MISC,AEO2026 Low Economic Growth
p81,2048,0.3032202,0.24770197,0.1783532,0.25754438,MISC,AEO2026 Low Economic Growth
p81,2049,0.31311329,0.25586029,0.18388184,0.26553253,MISC,AEO2026 Low Economic Growth
p81,2050,0.32277287,0.2639572,0.1891769,0.27348543,MISC,AEO2026 Low Economic Growth
p82,2014,0.15292738,0.12098224,0.08863428000000001,0.12760888,MISC,AEO2026 Low Economic Growth
p82,2015,0.15292738,0.12098224,0.08863428000000001,0.12760888,MISC,AEO2026 Low Economic Growth
p82,2016,0.15292738,0.12098224,0.08863428000000001,0.12760888,MISC,AEO2026 Low Economic Growth
p82,2017,0.15292738,0.12098224,0.08863428000000001,0.12760888,MISC,AEO2026 Low Economic Growth
p82,2018,0.15292738,0.12098224,0.08863428000000001,0.12760888,MISC,AEO2026 Low Economic Growth
p82,2019,0.15292738,0.12098224,0.08863428000000001,0.12760888,MISC,AEO2026 Low Economic Growth
p82,2020,0.15292738,0.12098224,0.08863428000000001,0.12760888,MISC,AEO2026 Low Economic Growth
p82,2021,0.15292738,0.12098224,0.08863428000000001,0.12760888,MISC,AEO2026 Low Economic Growth
p82,2022,0.15292738,0.12098224,0.08863428000000001,0.12760888,MISC,AEO2026 Low Economic Growth
p82,2023,0.15292738,0.12098224,0.08863428000000001,0.12760888,MISC,AEO2026 Low Economic Growth
p82,2024,0.15292738,0.12098224,0.08863428000000001,0.12760888,MISC,AEO2026 Low Economic Growth
p82,2025,0.15292738,0.12098224,0.08863428000000001,0.12760888,MISC,AEO2026 Low Economic Growth
p82,2026,0.15796559,0.12393694,0.09022786,0.13179741,MISC,AEO2026 Low Economic Growth
p82,2027,0.15796376,0.12453185,0.08921022,0.13182229,MISC,AEO2026 Low Economic Growth
p82,2028,0.15853228,0.1250903,0.0895885,0.13175008,MISC,AEO2026 Low Economic Growth
p82,2029,0.16385940999999998,0.12991521,0.09295505999999999,0.13642191,MISC,AEO2026 Low Economic Growth
p82,2030,0.17103860999999998,0.13642218,0.09776141,0.14295308,MISC,AEO2026 Low Economic Growth
p82,2031,0.18237300999999997,0.14742604,0.10555242,0.15366057,MISC,AEO2026 Low Economic Growth
p82,2032,0.18810194,0.15150732,0.10914465999999999,0.15882683,MISC,AEO2026 Low Economic Growth
p82,2033,0.19689222,0.15932276,0.11473884999999999,0.1673527,MISC,AEO2026 Low Economic Growth
p82,2034,0.19956474,0.16148384,0.11589511,0.16990756999999998,MISC,AEO2026 Low Economic Growth
p82,2035,0.20228991000000002,0.1634687,0.11741956,0.17205034000000002,MISC,AEO2026 Low Economic Growth
p82,2036,0.20713716999999998,0.16726492,0.12050417,0.17608806999999999,MISC,AEO2026 Low Economic Growth
p82,2037,0.21379916999999998,0.17282146,0.12492373000000001,0.18162399,MISC,AEO2026 Low Economic Growth
p82,2038,0.22261846999999998,0.18124490999999998,0.131163,0.18949184,MISC,AEO2026 Low Economic Growth
p82,2039,0.2281321,0.18468811,0.13434955,0.19355276,MISC,AEO2026 Low Economic Growth
p82,2040,0.23602476,0.19134756,0.13892376,0.200676,MISC,AEO2026 Low Economic Growth
p82,2041,0.24231607,0.19672287,0.1425688,0.20631849,MISC,AEO2026 Low Economic Growth
p82,2042,0.24928346999999998,0.20248808000000001,0.14694343999999998,0.21210508,MISC,AEO2026 Low Economic Growth
p82,2043,0.25618483999999997,0.20843628,0.15080483,0.21823988,MISC,AEO2026 Low Economic Growth
p82,2044,0.2677108,0.21735734999999998,0.15825323,0.22694593000000002,MISC,AEO2026 Low Economic Growth
p82,2045,0.27795692,0.22654951,0.16394449000000003,0.23672126999999998,MISC,AEO2026 Low Economic Growth
p82,2046,0.28560907,0.23285656,0.16832275,0.24291965000000001,MISC,AEO2026 Low Economic Growth
p82,2047,0.29403015,0.24005081,0.17318139999999999,0.25004684,MISC,AEO2026 Low Economic Growth
p82,2048,0.3032202,0.24770197,0.1783532,0.25754438,MISC,AEO2026 Low Economic Growth
p82,2049,0.31311329,0.25586029,0.18388184,0.26553253,MISC,AEO2026 Low Economic Growth
p82,2050,0.32277287,0.2639572,0.1891769,0.27348543,MISC,AEO2026 Low Economic Growth
p83,2014,0.15292738,0.12098224,0.08863428000000001,0.12760888,MISC,AEO2026 Low Economic Growth
p83,2015,0.15292738,0.12098224,0.08863428000000001,0.12760888,MISC,AEO2026 Low Economic Growth
p83,2016,0.15292738,0.12098224,0.08863428000000001,0.12760888,MISC,AEO2026 Low Economic Growth
p83,2017,0.15292738,0.12098224,0.08863428000000001,0.12760888,MISC,AEO2026 Low Economic Growth
p83,2018,0.15292738,0.12098224,0.08863428000000001,0.12760888,MISC,AEO2026 Low Economic Growth
p83,2019,0.15292738,0.12098224,0.08863428000000001,0.12760888,MISC,AEO2026 Low Economic Growth
p83,2020,0.15292738,0.12098224,0.08863428000000001,0.12760888,MISC,AEO2026 Low Economic Growth
p83,2021,0.15292738,0.12098224,0.08863428000000001,0.12760888,MISC,AEO2026 Low Economic Growth
p83,2022,0.15292738,0.12098224,0.08863428000000001,0.12760888,MISC,AEO2026 Low Economic Growth
p83,2023,0.15292738,0.12098224,0.08863428000000001,0.12760888,MISC,AEO2026 Low Economic Growth
p83,2024,0.15292738,0.12098224,0.08863428000000001,0.12760888,MISC,AEO2026 Low Economic Growth
p83,2025,0.15292738,0.12098224,0.08863428000000001,0.12760888,MISC,AEO2026 Low Economic Growth
p83,2026,0.15796559,0.12393694,0.09022786,0.13179741,MISC,AEO2026 Low Economic Growth
p83,2027,0.15796376,0.12453185,0.08921022,0.13182229,MISC,AEO2026 Low Economic Growth
p83,2028,0.15853228,0.1250903,0.0895885,0.13175008,MISC,AEO2026 Low Economic Growth
p83,2029,0.16385940999999998,0.12991521,0.09295505999999999,0.13642191,MISC,AEO2026 Low Economic Growth
p83,2030,0.17103860999999998,0.13642218,0.09776141,0.14295308,MISC,AEO2026 Low Economic Growth
p83,2031,0.18237300999999997,0.14742604,0.10555242,0.15366057,MISC,AEO2026 Low Economic Growth
p83,2032,0.18810194,0.15150732,0.10914465999999999,0.15882683,MISC,AEO2026 Low Economic Growth
p83,2033,0.19689222,0.15932276,0.11473884999999999,0.1673527,MISC,AEO2026 Low Economic Growth
p83,2034,0.19956474,0.16148384,0.11589511,0.16990756999999998,MISC,AEO2026 Low Economic Growth
p83,2035,0.20228991000000002,0.1634687,0.11741956,0.17205034000000002,MISC,AEO2026 Low Economic Growth
p83,2036,0.20713716999999998,0.16726492,0.12050417,0.17608806999999999,MISC,AEO2026 Low Economic Growth
p83,2037,0.21379916999999998,0.17282146,0.12492373000000001,0.18162399,MISC,AEO2026 Low Economic Growth
p83,2038,0.22261846999999998,0.18124490999999998,0.131163,0.18949184,MISC,AEO2026 Low Economic Growth
p83,2039,0.2281321,0.18468811,0.13434955,0.19355276,MISC,AEO2026 Low Economic Growth
p83,2040,0.23602476,0.19134756,0.13892376,0.200676,MISC,AEO2026 Low Economic Growth
p83,2041,0.24231607,0.19672287,0.1425688,0.20631849,MISC,AEO2026 Low Economic Growth
p83,2042,0.24928346999999998,0.20248808000000001,0.14694343999999998,0.21210508,MISC,AEO2026 Low Economic Growth
p83,2043,0.25618483999999997,0.20843628,0.15080483,0.21823988,MISC,AEO2026 Low Economic Growth
p83,2044,0.2677108,0.21735734999999998,0.15825323,0.22694593000000002,MISC,AEO2026 Low Economic Growth
p83,2045,0.27795692,0.22654951,0.16394449000000003,0.23672126999999998,MISC,AEO2026 Low Economic Growth
p83,2046,0.28560907,0.23285656,0.16832275,0.24291965000000001,MISC,AEO2026 Low Economic Growth
p83,2047,0.29403015,0.24005081,0.17318139999999999,0.25004684,MISC,AEO2026 Low Economic Growth
p83,2048,0.3032202,0.24770197,0.1783532,0.25754438,MISC,AEO2026 Low Economic Growth
p83,2049,0.31311329,0.25586029,0.18388184,0.26553253,MISC,AEO2026 Low Economic Growth
p83,2050,0.32277287,0.2639572,0.1891769,0.27348543,MISC,AEO2026 Low Economic Growth
p84,2014,0.15292738,0.12098224,0.08863428000000001,0.12760888,MISC,AEO2026 Low Economic Growth
p84,2015,0.15292738,0.12098224,0.08863428000000001,0.12760888,MISC,AEO2026 Low Economic Growth
p84,2016,0.15292738,0.12098224,0.08863428000000001,0.12760888,MISC,AEO2026 Low Economic Growth
p84,2017,0.15292738,0.12098224,0.08863428000000001,0.12760888,MISC,AEO2026 Low Economic Growth
p84,2018,0.15292738,0.12098224,0.08863428000000001,0.12760888,MISC,AEO2026 Low Economic Growth
p84,2019,0.15292738,0.12098224,0.08863428000000001,0.12760888,MISC,AEO2026 Low Economic Growth
p84,2020,0.15292738,0.12098224,0.08863428000000001,0.12760888,MISC,AEO2026 Low Economic Growth
p84,2021,0.15292738,0.12098224,0.08863428000000001,0.12760888,MISC,AEO2026 Low Economic Growth
p84,2022,0.15292738,0.12098224,0.08863428000000001,0.12760888,MISC,AEO2026 Low Economic Growth
p84,2023,0.15292738,0.12098224,0.08863428000000001,0.12760888,MISC,AEO2026 Low Economic Growth
p84,2024,0.15292738,0.12098224,0.08863428000000001,0.12760888,MISC,AEO2026 Low Economic Growth
p84,2025,0.15292738,0.12098224,0.08863428000000001,0.12760888,MISC,AEO2026 Low Economic Growth
p84,2026,0.15796559,0.12393694,0.09022786,0.13179741,MISC,AEO2026 Low Economic Growth
p84,2027,0.15796376,0.12453185,0.08921022,0.13182229,MISC,AEO2026 Low Economic Growth
p84,2028,0.15853228,0.1250903,0.0895885,0.13175008,MISC,AEO2026 Low Economic Growth
p84,2029,0.16385940999999998,0.12991521,0.09295505999999999,0.13642191,MISC,AEO2026 Low Economic Growth
p84,2030,0.17103860999999998,0.13642218,0.09776141,0.14295308,MISC,AEO2026 Low Economic Growth
p84,2031,0.18237300999999997,0.14742604,0.10555242,0.15366057,MISC,AEO2026 Low Economic Growth
p84,2032,0.18810194,0.15150732,0.10914465999999999,0.15882683,MISC,AEO2026 Low Economic Growth
p84,2033,0.19689222,0.15932276,0.11473884999999999,0.1673527,MISC,AEO2026 Low Economic Growth
p84,2034,0.19956474,0.16148384,0.11589511,0.16990756999999998,MISC,AEO2026 Low Economic Growth
p84,2035,0.20228991000000002,0.1634687,0.11741956,0.17205034000000002,MISC,AEO2026 Low Economic Growth
p84,2036,0.20713716999999998,0.16726492,0.12050417,0.17608806999999999,MISC,AEO2026 Low Economic Growth
p84,2037,0.21379916999999998,0.17282146,0.12492373000000001,0.18162399,MISC,AEO2026 Low Economic Growth
p84,2038,0.22261846999999998,0.18124490999999998,0.131163,0.18949184,MISC,AEO2026 Low Economic Growth
p84,2039,0.2281321,0.18468811,0.13434955,0.19355276,MISC,AEO2026 Low Economic Growth
p84,2040,0.23602476,0.19134756,0.13892376,0.200676,MISC,AEO2026 Low Economic Growth
p84,2041,0.24231607,0.19672287,0.1425688,0.20631849,MISC,AEO2026 Low Economic Growth
p84,2042,0.24928346999999998,0.20248808000000001,0.14694343999999998,0.21210508,MISC,AEO2026 Low Economic Growth
p84,2043,0.25618483999999997,0.20843628,0.15080483,0.21823988,MISC,AEO2026 Low Economic Growth
p84,2044,0.2677108,0.21735734999999998,0.15825323,0.22694593000000002,MISC,AEO2026 Low Economic Growth
p84,2045,0.27795692,0.22654951,0.16394449000000003,0.23672126999999998,MISC,AEO2026 Low Economic Growth
p84,2046,0.28560907,0.23285656,0.16832275,0.24291965000000001,MISC,AEO2026 Low Economic Growth
p84,2047,0.29403015,0.24005081,0.17318139999999999,0.25004684,MISC,AEO2026 Low Economic Growth
p84,2048,0.3032202,0.24770197,0.1783532,0.25754438,MISC,AEO2026 Low Economic Growth
p84,2049,0.31311329,0.25586029,0.18388184,0.26553253,MISC,AEO2026 Low Economic Growth
p84,2050,0.32277287,0.2639572,0.1891769,0.27348543,MISC,AEO2026 Low Economic Growth
p85,2014,0.15142096,0.11843007,0.06961725,0.10948197999999999,MISS,AEO2026 Low Economic Growth
p85,2015,0.15142096,0.11843007,0.06961725,0.10948197999999999,MISS,AEO2026 Low Economic Growth
p85,2016,0.15142096,0.11843007,0.06961725,0.10948197999999999,MISS,AEO2026 Low Economic Growth
p85,2017,0.15142096,0.11843007,0.06961725,0.10948197999999999,MISS,AEO2026 Low Economic Growth
p85,2018,0.15142096,0.11843007,0.06961725,0.10948197999999999,MISS,AEO2026 Low Economic Growth
p85,2019,0.15142096,0.11843007,0.06961725,0.10948197999999999,MISS,AEO2026 Low Economic Growth
p85,2020,0.15142096,0.11843007,0.06961725,0.10948197999999999,MISS,AEO2026 Low Economic Growth
p85,2021,0.15142096,0.11843007,0.06961725,0.10948197999999999,MISS,AEO2026 Low Economic Growth
p85,2022,0.15142096,0.11843007,0.06961725,0.10948197999999999,MISS,AEO2026 Low Economic Growth
p85,2023,0.15142096,0.11843007,0.06961725,0.10948197999999999,MISS,AEO2026 Low Economic Growth
p85,2024,0.15142096,0.11843007,0.06961725,0.10948197999999999,MISS,AEO2026 Low Economic Growth
p85,2025,0.15142096,0.11843007,0.06961725,0.10948197999999999,MISS,AEO2026 Low Economic Growth
p85,2026,0.15800271999999999,0.12192628,0.07321654,0.11571817,MISS,AEO2026 Low Economic Growth
p85,2027,0.15756106,0.11824348000000001,0.06949037,0.11338861,MISS,AEO2026 Low Economic Growth
p85,2028,0.15873595999999998,0.11966921,0.07054387000000001,0.11407393,MISS,AEO2026 Low Economic Growth
p85,2029,0.16562689,0.12578241,0.07448745,0.11959946,MISS,AEO2026 Low Economic Growth
p85,2030,0.17452673000000002,0.13368159000000002,0.07981218,0.12688707000000002,MISS,AEO2026 Low Economic Growth
p85,2031,0.18481529,0.14271955,0.0858929,0.13550699,MISS,AEO2026 Low Economic Growth
p85,2032,0.19840019,0.15594923,0.09580901000000001,0.14731294,MISS,AEO2026 Low Economic Growth
p85,2033,0.2093972,0.16423109,0.10051256,0.15637342,MISS,AEO2026 Low Economic Growth
p85,2034,0.21374842000000002,0.16747746,0.1024625,0.15982112,MISS,AEO2026 Low Economic Growth
p85,2035,0.21791277,0.17087046,0.10469843,0.16306730000000003,MISS,AEO2026 Low Economic Growth
p85,2036,0.22229029,0.17454681,0.10722258,0.16627323,MISS,AEO2026 Low Economic Growth
p85,2037,0.22905411,0.18014714999999998,0.11079335,0.17173796,MISS,AEO2026 Low Economic Growth
p85,2038,0.23578949000000002,0.18556593,0.11406509,0.17713879,MISS,AEO2026 Low Economic Growth
p85,2039,0.24188642999999999,0.19032433999999998,0.11680543,0.18192421,MISS,AEO2026 Low Economic Growth
p85,2040,0.24840708,0.19563182999999998,0.12007339,0.18702938,MISS,AEO2026 Low Economic Growth
p85,2041,0.25596264,0.20196058,0.12393892,0.19314056000000002,MISS,AEO2026 Low Economic Growth
p85,2042,0.26347318999999997,0.20799814000000003,0.12742228,0.19913941999999998,MISS,AEO2026 Low Economic Growth
p85,2043,0.27077715,0.21386050999999998,0.1307888,0.2049597,MISS,AEO2026 Low Economic Growth
p85,2044,0.27902115,0.22073709,0.13483298,0.21155355,MISS,AEO2026 Low Economic Growth
p85,2045,0.28961092,0.22992913999999998,0.14065956999999998,0.22005659000000002,MISS,AEO2026 Low Economic Growth
p85,2046,0.30077763,0.23935143,0.14622537,0.22918330999999997,MISS,AEO2026 Low Economic Growth
p85,2047,0.31239426000000003,0.24949017,0.15246876,0.23861353000000002,MISS,AEO2026 Low Economic Growth
p85,2048,0.32392693,0.25921961,0.15812435,0.24798767000000002,MISS,AEO2026 Low Economic Growth
p85,2049,0.33498978,0.26864456000000003,0.16366224,0.25684069,MISS,AEO2026 Low Economic Growth
p85,2050,0.34578438,0.27762127,0.16874149,0.26542377,MISS,AEO2026 Low Economic Growth
p86,2014,0.15142096,0.11843007,0.06961725,0.10948197999999999,MISS,AEO2026 Low Economic Growth
p86,2015,0.15142096,0.11843007,0.06961725,0.10948197999999999,MISS,AEO2026 Low Economic Growth
p86,2016,0.15142096,0.11843007,0.06961725,0.10948197999999999,MISS,AEO2026 Low Economic Growth
p86,2017,0.15142096,0.11843007,0.06961725,0.10948197999999999,MISS,AEO2026 Low Economic Growth
p86,2018,0.15142096,0.11843007,0.06961725,0.10948197999999999,MISS,AEO2026 Low Economic Growth
p86,2019,0.15142096,0.11843007,0.06961725,0.10948197999999999,MISS,AEO2026 Low Economic Growth
p86,2020,0.15142096,0.11843007,0.06961725,0.10948197999999999,MISS,AEO2026 Low Economic Growth
p86,2021,0.15142096,0.11843007,0.06961725,0.10948197999999999,MISS,AEO2026 Low Economic Growth
p86,2022,0.15142096,0.11843007,0.06961725,0.10948197999999999,MISS,AEO2026 Low Economic Growth
p86,2023,0.15142096,0.11843007,0.06961725,0.10948197999999999,MISS,AEO2026 Low Economic Growth
p86,2024,0.15142096,0.11843007,0.06961725,0.10948197999999999,MISS,AEO2026 Low Economic Growth
p86,2025,0.15142096,0.11843007,0.06961725,0.10948197999999999,MISS,AEO2026 Low Economic Growth
p86,2026,0.15800271999999999,0.12192628,0.07321654,0.11571817,MISS,AEO2026 Low Economic Growth
p86,2027,0.15756106,0.11824348000000001,0.06949037,0.11338861,MISS,AEO2026 Low Economic Growth
p86,2028,0.15873595999999998,0.11966921,0.07054387000000001,0.11407393,MISS,AEO2026 Low Economic Growth
p86,2029,0.16562689,0.12578241,0.07448745,0.11959946,MISS,AEO2026 Low Economic Growth
p86,2030,0.17452673000000002,0.13368159000000002,0.07981218,0.12688707000000002,MISS,AEO2026 Low Economic Growth
p86,2031,0.18481529,0.14271955,0.0858929,0.13550699,MISS,AEO2026 Low Economic Growth
p86,2032,0.19840019,0.15594923,0.09580901000000001,0.14731294,MISS,AEO2026 Low Economic Growth
p86,2033,0.2093972,0.16423109,0.10051256,0.15637342,MISS,AEO2026 Low Economic Growth
p86,2034,0.21374842000000002,0.16747746,0.1024625,0.15982112,MISS,AEO2026 Low Economic Growth
p86,2035,0.21791277,0.17087046,0.10469843,0.16306730000000003,MISS,AEO2026 Low Economic Growth
p86,2036,0.22229029,0.17454681,0.10722258,0.16627323,MISS,AEO2026 Low Economic Growth
p86,2037,0.22905411,0.18014714999999998,0.11079335,0.17173796,MISS,AEO2026 Low Economic Growth
p86,2038,0.23578949000000002,0.18556593,0.11406509,0.17713879,MISS,AEO2026 Low Economic Growth
p86,2039,0.24188642999999999,0.19032433999999998,0.11680543,0.18192421,MISS,AEO2026 Low Economic Growth
p86,2040,0.24840708,0.19563182999999998,0.12007339,0.18702938,MISS,AEO2026 Low Economic Growth
p86,2041,0.25596264,0.20196058,0.12393892,0.19314056000000002,MISS,AEO2026 Low Economic Growth
p86,2042,0.26347318999999997,0.20799814000000003,0.12742228,0.19913941999999998,MISS,AEO2026 Low Economic Growth
p86,2043,0.27077715,0.21386050999999998,0.1307888,0.2049597,MISS,AEO2026 Low Economic Growth
p86,2044,0.27902115,0.22073709,0.13483298,0.21155355,MISS,AEO2026 Low Economic Growth
p86,2045,0.28961092,0.22992913999999998,0.14065956999999998,0.22005659000000002,MISS,AEO2026 Low Economic Growth
p86,2046,0.30077763,0.23935143,0.14622537,0.22918330999999997,MISS,AEO2026 Low Economic Growth
p86,2047,0.31239426000000003,0.24949017,0.15246876,0.23861353000000002,MISS,AEO2026 Low Economic Growth
p86,2048,0.32392693,0.25921961,0.15812435,0.24798767000000002,MISS,AEO2026 Low Economic Growth
p86,2049,0.33498978,0.26864456000000003,0.16366224,0.25684069,MISS,AEO2026 Low Economic Growth
p86,2050,0.34578438,0.27762127,0.16874149,0.26542377,MISS,AEO2026 Low Economic Growth
p87,2014,0.15142096,0.11843007,0.06961725,0.10948197999999999,MISS,AEO2026 Low Economic Growth
p87,2015,0.15142096,0.11843007,0.06961725,0.10948197999999999,MISS,AEO2026 Low Economic Growth
p87,2016,0.15142096,0.11843007,0.06961725,0.10948197999999999,MISS,AEO2026 Low Economic Growth
p87,2017,0.15142096,0.11843007,0.06961725,0.10948197999999999,MISS,AEO2026 Low Economic Growth
p87,2018,0.15142096,0.11843007,0.06961725,0.10948197999999999,MISS,AEO2026 Low Economic Growth
p87,2019,0.15142096,0.11843007,0.06961725,0.10948197999999999,MISS,AEO2026 Low Economic Growth
p87,2020,0.15142096,0.11843007,0.06961725,0.10948197999999999,MISS,AEO2026 Low Economic Growth
p87,2021,0.15142096,0.11843007,0.06961725,0.10948197999999999,MISS,AEO2026 Low Economic Growth
p87,2022,0.15142096,0.11843007,0.06961725,0.10948197999999999,MISS,AEO2026 Low Economic Growth
p87,2023,0.15142096,0.11843007,0.06961725,0.10948197999999999,MISS,AEO2026 Low Economic Growth
p87,2024,0.15142096,0.11843007,0.06961725,0.10948197999999999,MISS,AEO2026 Low Economic Growth
p87,2025,0.15142096,0.11843007,0.06961725,0.10948197999999999,MISS,AEO2026 Low Economic Growth
p87,2026,0.15800271999999999,0.12192628,0.07321654,0.11571817,MISS,AEO2026 Low Economic Growth
p87,2027,0.15756106,0.11824348000000001,0.06949037,0.11338861,MISS,AEO2026 Low Economic Growth
p87,2028,0.15873595999999998,0.11966921,0.07054387000000001,0.11407393,MISS,AEO2026 Low Economic Growth
p87,2029,0.16562689,0.12578241,0.07448745,0.11959946,MISS,AEO2026 Low Economic Growth
p87,2030,0.17452673000000002,0.13368159000000002,0.07981218,0.12688707000000002,MISS,AEO2026 Low Economic Growth
p87,2031,0.18481529,0.14271955,0.0858929,0.13550699,MISS,AEO2026 Low Economic Growth
p87,2032,0.19840019,0.15594923,0.09580901000000001,0.14731294,MISS,AEO2026 Low Economic Growth
p87,2033,0.2093972,0.16423109,0.10051256,0.15637342,MISS,AEO2026 Low Economic Growth
p87,2034,0.21374842000000002,0.16747746,0.1024625,0.15982112,MISS,AEO2026 Low Economic Growth
p87,2035,0.21791277,0.17087046,0.10469843,0.16306730000000003,MISS,AEO2026 Low Economic Growth
p87,2036,0.22229029,0.17454681,0.10722258,0.16627323,MISS,AEO2026 Low Economic Growth
p87,2037,0.22905411,0.18014714999999998,0.11079335,0.17173796,MISS,AEO2026 Low Economic Growth
p87,2038,0.23578949000000002,0.18556593,0.11406509,0.17713879,MISS,AEO2026 Low Economic Growth
p87,2039,0.24188642999999999,0.19032433999999998,0.11680543,0.18192421,MISS,AEO2026 Low Economic Growth
p87,2040,0.24840708,0.19563182999999998,0.12007339,0.18702938,MISS,AEO2026 Low Economic Growth
p87,2041,0.25596264,0.20196058,0.12393892,0.19314056000000002,MISS,AEO2026 Low Economic Growth
p87,2042,0.26347318999999997,0.20799814000000003,0.12742228,0.19913941999999998,MISS,AEO2026 Low Economic Growth
p87,2043,0.27077715,0.21386050999999998,0.1307888,0.2049597,MISS,AEO2026 Low Economic Growth
p87,2044,0.27902115,0.22073709,0.13483298,0.21155355,MISS,AEO2026 Low Economic Growth
p87,2045,0.28961092,0.22992913999999998,0.14065956999999998,0.22005659000000002,MISS,AEO2026 Low Economic Growth
p87,2046,0.30077763,0.23935143,0.14622537,0.22918330999999997,MISS,AEO2026 Low Economic Growth
p87,2047,0.31239426000000003,0.24949017,0.15246876,0.23861353000000002,MISS,AEO2026 Low Economic Growth
p87,2048,0.32392693,0.25921961,0.15812435,0.24798767000000002,MISS,AEO2026 Low Economic Growth
p87,2049,0.33498978,0.26864456000000003,0.16366224,0.25684069,MISS,AEO2026 Low Economic Growth
p87,2050,0.34578438,0.27762127,0.16874149,0.26542377,MISS,AEO2026 Low Economic Growth
p88,2014,0.12850008000000002,0.11948691,0.059511909999999994,0.10643253,SRCE,AEO2026 Low Economic Growth
p88,2015,0.12850008000000002,0.11948691,0.059511909999999994,0.10643253,SRCE,AEO2026 Low Economic Growth
p88,2016,0.12850008000000002,0.11948691,0.059511909999999994,0.10643253,SRCE,AEO2026 Low Economic Growth
p88,2017,0.12850008000000002,0.11948691,0.059511909999999994,0.10643253,SRCE,AEO2026 Low Economic Growth
p88,2018,0.12850008000000002,0.11948691,0.059511909999999994,0.10643253,SRCE,AEO2026 Low Economic Growth
p88,2019,0.12850008000000002,0.11948691,0.059511909999999994,0.10643253,SRCE,AEO2026 Low Economic Growth
p88,2020,0.12850008000000002,0.11948691,0.059511909999999994,0.10643253,SRCE,AEO2026 Low Economic Growth
p88,2021,0.12850008000000002,0.11948691,0.059511909999999994,0.10643253,SRCE,AEO2026 Low Economic Growth
p88,2022,0.12850008000000002,0.11948691,0.059511909999999994,0.10643253,SRCE,AEO2026 Low Economic Growth
p88,2023,0.12850008000000002,0.11948691,0.059511909999999994,0.10643253,SRCE,AEO2026 Low Economic Growth
p88,2024,0.12850008000000002,0.11948691,0.059511909999999994,0.10643253,SRCE,AEO2026 Low Economic Growth
p88,2025,0.12850008000000002,0.11948691,0.059511909999999994,0.10643253,SRCE,AEO2026 Low Economic Growth
p88,2026,0.13241371,0.12555099,0.06263471,0.11221646,SRCE,AEO2026 Low Economic Growth
p88,2027,0.12281345999999999,0.11135078999999999,0.053315919999999996,0.10082761,SRCE,AEO2026 Low Economic Growth
p88,2028,0.12381611,0.11258958,0.053845910000000004,0.10174714,SRCE,AEO2026 Low Economic Growth
p88,2029,0.12896849,0.11826940999999999,0.05689825,0.1066951,SRCE,AEO2026 Low Economic Growth
p88,2030,0.13624676,0.12609586,0.06140201,0.1136831,SRCE,AEO2026 Low Economic Growth
p88,2031,0.14306232,0.13323483,0.06553689,0.12024385,SRCE,AEO2026 Low Economic Growth
p88,2032,0.15288274,0.14361447,0.0720154,0.12941554,SRCE,AEO2026 Low Economic Growth
p88,2033,0.15707907000000002,0.14740727,0.07415109,0.13345815,SRCE,AEO2026 Low Economic Growth
p88,2034,0.16040665,0.1503298,0.07589843,0.13653748,SRCE,AEO2026 Low Economic Growth
p88,2035,0.16462596999999998,0.15427943,0.07820795999999999,0.14045626,SRCE,AEO2026 Low Economic Growth
p88,2036,0.16887598,0.15830897,0.08072422,0.14422788,SRCE,AEO2026 Low Economic Growth
p88,2037,0.17393642,0.16342649,0.08383742,0.14900143999999999,SRCE,AEO2026 Low Economic Growth
p88,2038,0.17966608,0.16934853,0.0872425,0.15463354,SRCE,AEO2026 Low Economic Growth
p88,2039,0.18938015,0.17993891,0.09383208,0.16402721,SRCE,AEO2026 Low Economic Growth
p88,2040,0.19669146999999998,0.18749186,0.09808773999999999,0.17119413000000003,SRCE,AEO2026 Low Economic Growth
p88,2041,0.20276841999999998,0.19367624,0.10157429999999999,0.17701242,SRCE,AEO2026 Low Economic Growth
p88,2042,0.20855967,0.19956932,0.10481585,0.1825197,SRCE,AEO2026 Low Economic Growth
p88,2043,0.21504505000000002,0.20615852,0.10819361000000001,0.18875883000000002,SRCE,AEO2026 Low Economic Growth
p88,2044,0.22193580999999998,0.21323885,0.1118773,0.19539394000000002,SRCE,AEO2026 Low Economic Growth
p88,2045,0.22809294000000002,0.2192725,0.11519799000000001,0.20071306,SRCE,AEO2026 Low Economic Growth
p88,2046,0.23613573,0.22750683,0.1194291,0.20837782000000002,SRCE,AEO2026 Low Economic Growth
p88,2047,0.24481214999999998,0.23532221,0.12353624999999999,0.21525198,SRCE,AEO2026 Low Economic Growth
p88,2048,0.25470751,0.24428263,0.12813849,0.22322147,SRCE,AEO2026 Low Economic Growth
p88,2049,0.26538015000000004,0.2540444,0.13318557,0.23189215000000002,SRCE,AEO2026 Low Economic Growth
p88,2050,0.27585983,0.26345564,0.13792588,0.24033014000000003,SRCE,AEO2026 Low Economic Growth
p89,2014,0.12850008000000002,0.11948691,0.059511909999999994,0.10643253,SRCE,AEO2026 Low Economic Growth
p89,2015,0.12850008000000002,0.11948691,0.059511909999999994,0.10643253,SRCE,AEO2026 Low Economic Growth
p89,2016,0.12850008000000002,0.11948691,0.059511909999999994,0.10643253,SRCE,AEO2026 Low Economic Growth
p89,2017,0.12850008000000002,0.11948691,0.059511909999999994,0.10643253,SRCE,AEO2026 Low Economic Growth
p89,2018,0.12850008000000002,0.11948691,0.059511909999999994,0.10643253,SRCE,AEO2026 Low Economic Growth
p89,2019,0.12850008000000002,0.11948691,0.059511909999999994,0.10643253,SRCE,AEO2026 Low Economic Growth
p89,2020,0.12850008000000002,0.11948691,0.059511909999999994,0.10643253,SRCE,AEO2026 Low Economic Growth
p89,2021,0.12850008000000002,0.11948691,0.059511909999999994,0.10643253,SRCE,AEO2026 Low Economic Growth
p89,2022,0.12850008000000002,0.11948691,0.059511909999999994,0.10643253,SRCE,AEO2026 Low Economic Growth
p89,2023,0.12850008000000002,0.11948691,0.059511909999999994,0.10643253,SRCE,AEO2026 Low Economic Growth
p89,2024,0.12850008000000002,0.11948691,0.059511909999999994,0.10643253,SRCE,AEO2026 Low Economic Growth
p89,2025,0.12850008000000002,0.11948691,0.059511909999999994,0.10643253,SRCE,AEO2026 Low Economic Growth
p89,2026,0.13241371,0.12555099,0.06263471,0.11221646,SRCE,AEO2026 Low Economic Growth
p89,2027,0.12281345999999999,0.11135078999999999,0.053315919999999996,0.10082761,SRCE,AEO2026 Low Economic Growth
p89,2028,0.12381611,0.11258958,0.053845910000000004,0.10174714,SRCE,AEO2026 Low Economic Growth
p89,2029,0.12896849,0.11826940999999999,0.05689825,0.1066951,SRCE,AEO2026 Low Economic Growth
p89,2030,0.13624676,0.12609586,0.06140201,0.1136831,SRCE,AEO2026 Low Economic Growth
p89,2031,0.14306232,0.13323483,0.06553689,0.12024385,SRCE,AEO2026 Low Economic Growth
p89,2032,0.15288274,0.14361447,0.0720154,0.12941554,SRCE,AEO2026 Low Economic Growth
p89,2033,0.15707907000000002,0.14740727,0.07415109,0.13345815,SRCE,AEO2026 Low Economic Growth
p89,2034,0.16040665,0.1503298,0.07589843,0.13653748,SRCE,AEO2026 Low Economic Growth
p89,2035,0.16462596999999998,0.15427943,0.07820795999999999,0.14045626,SRCE,AEO2026 Low Economic Growth
p89,2036,0.16887598,0.15830897,0.08072422,0.14422788,SRCE,AEO2026 Low Economic Growth
p89,2037,0.17393642,0.16342649,0.08383742,0.14900143999999999,SRCE,AEO2026 Low Economic Growth
p89,2038,0.17966608,0.16934853,0.0872425,0.15463354,SRCE,AEO2026 Low Economic Growth
p89,2039,0.18938015,0.17993891,0.09383208,0.16402721,SRCE,AEO2026 Low Economic Growth
p89,2040,0.19669146999999998,0.18749186,0.09808773999999999,0.17119413000000003,SRCE,AEO2026 Low Economic Growth
p89,2041,0.20276841999999998,0.19367624,0.10157429999999999,0.17701242,SRCE,AEO2026 Low Economic Growth
p89,2042,0.20855967,0.19956932,0.10481585,0.1825197,SRCE,AEO2026 Low Economic Growth
p89,2043,0.21504505000000002,0.20615852,0.10819361000000001,0.18875883000000002,SRCE,AEO2026 Low Economic Growth
p89,2044,0.22193580999999998,0.21323885,0.1118773,0.19539394000000002,SRCE,AEO2026 Low Economic Growth
p89,2045,0.22809294000000002,0.2192725,0.11519799000000001,0.20071306,SRCE,AEO2026 Low Economic Growth
p89,2046,0.23613573,0.22750683,0.1194291,0.20837782000000002,SRCE,AEO2026 Low Economic Growth
p89,2047,0.24481214999999998,0.23532221,0.12353624999999999,0.21525198,SRCE,AEO2026 Low Economic Growth
p89,2048,0.25470751,0.24428263,0.12813849,0.22322147,SRCE,AEO2026 Low Economic Growth
p89,2049,0.26538015000000004,0.2540444,0.13318557,0.23189215000000002,SRCE,AEO2026 Low Economic Growth
p89,2050,0.27585983,0.26345564,0.13792588,0.24033014000000003,SRCE,AEO2026 Low Economic Growth
p90,2014,0.16089111,0.12407582,0.08060506,0.12257401,SRSE,AEO2026 Low Economic Growth
p90,2015,0.16089111,0.12407582,0.08060506,0.12257401,SRSE,AEO2026 Low Economic Growth
p90,2016,0.16089111,0.12407582,0.08060506,0.12257401,SRSE,AEO2026 Low Economic Growth
p90,2017,0.16089111,0.12407582,0.08060506,0.12257401,SRSE,AEO2026 Low Economic Growth
p90,2018,0.16089111,0.12407582,0.08060506,0.12257401,SRSE,AEO2026 Low Economic Growth
p90,2019,0.16089111,0.12407582,0.08060506,0.12257401,SRSE,AEO2026 Low Economic Growth
p90,2020,0.16089111,0.12407582,0.08060506,0.12257401,SRSE,AEO2026 Low Economic Growth
p90,2021,0.16089111,0.12407582,0.08060506,0.12257401,SRSE,AEO2026 Low Economic Growth
p90,2022,0.16089111,0.12407582,0.08060506,0.12257401,SRSE,AEO2026 Low Economic Growth
p90,2023,0.16089111,0.12407582,0.08060506,0.12257401,SRSE,AEO2026 Low Economic Growth
p90,2024,0.16089111,0.12407582,0.08060506,0.12257401,SRSE,AEO2026 Low Economic Growth
p90,2025,0.16089111,0.12407582,0.08060506,0.12257401,SRSE,AEO2026 Low Economic Growth
p90,2026,0.17089739,0.13621469,0.08904322,0.1345636,SRSE,AEO2026 Low Economic Growth
p90,2027,0.1683321,0.12963699,0.08254123,0.12975241,SRSE,AEO2026 Low Economic Growth
p90,2028,0.16805061,0.13050779,0.08422803,0.12931994,SRSE,AEO2026 Low Economic Growth
p90,2029,0.17469494000000002,0.13564895999999999,0.08694276000000001,0.13509244,SRSE,AEO2026 Low Economic Growth
p90,2030,0.17755575,0.13791463,0.08844369,0.1373822,SRSE,AEO2026 Low Economic Growth
p90,2031,0.18385462,0.14358712,0.09259431,0.14310461,SRSE,AEO2026 Low Economic Growth
p90,2032,0.19037613,0.14952518,0.09709253999999999,0.14912442,SRSE,AEO2026 Low Economic Growth
p90,2033,0.19602497,0.15423224,0.10044185,0.15427727000000002,SRSE,AEO2026 Low Economic Growth
p90,2034,0.20056931,0.15795729,0.10309109,0.1582939,SRSE,AEO2026 Low Economic Growth
p90,2035,0.20540691,0.16201593,0.10600937999999999,0.16253719,SRSE,AEO2026 Low Economic Growth
p90,2036,0.21004126,0.16577492,0.10870721,0.16644341,SRSE,AEO2026 Low Economic Growth
p90,2037,0.21481083,0.16971739,0.11149594,0.17052948,SRSE,AEO2026 Low Economic Growth
p90,2038,0.22004522,0.17401862999999998,0.11452926,0.17497368000000002,SRSE,AEO2026 Low Economic Growth
p90,2039,0.23083921,0.18450678,0.12302814,0.18450296000000002,SRSE,AEO2026 Low Economic Growth
p90,2040,0.24156157,0.19377127000000002,0.12927189,0.19445754999999998,SRSE,AEO2026 Low Economic Growth
p90,2041,0.2480571,0.19902534,0.13263371,0.20014310999999999,SRSE,AEO2026 Low Economic Growth
p90,2042,0.25675955,0.2068779,0.13859264,0.20748777000000002,SRSE,AEO2026 Low Economic Growth
p90,2043,0.26509626000000003,0.21388271,0.14298906,0.21499737,SRSE,AEO2026 Low Economic Growth
p90,2044,0.27177111,0.21935127000000001,0.14651229000000002,0.22059223,SRSE,AEO2026 Low Economic Growth
p90,2045,0.27937744,0.22562263000000002,0.15066927,0.22690865999999998,SRSE,AEO2026 Low Economic Growth
p90,2046,0.28810377,0.23301787999999998,0.15557362,0.23436131,SRSE,AEO2026 Low Economic Growth
p90,2047,0.29734911,0.24094898,0.16088839,0.24229244000000003,SRSE,AEO2026 Low Economic Growth
p90,2048,0.30644876,0.24867001,0.16592613,0.25005293,SRSE,AEO2026 Low Economic Growth
p90,2049,0.31663963,0.25751043,0.17189142000000002,0.25875431,SRSE,AEO2026 Low Economic Growth
p90,2050,0.32664130999999996,0.26602272,0.17735958,0.26748072,SRSE,AEO2026 Low Economic Growth
p91,2014,0.16089111,0.12407582,0.08060506,0.12257401,SRSE,AEO2026 Low Economic Growth
p91,2015,0.16089111,0.12407582,0.08060506,0.12257401,SRSE,AEO2026 Low Economic Growth
p91,2016,0.16089111,0.12407582,0.08060506,0.12257401,SRSE,AEO2026 Low Economic Growth
p91,2017,0.16089111,0.12407582,0.08060506,0.12257401,SRSE,AEO2026 Low Economic Growth
p91,2018,0.16089111,0.12407582,0.08060506,0.12257401,SRSE,AEO2026 Low Economic Growth
p91,2019,0.16089111,0.12407582,0.08060506,0.12257401,SRSE,AEO2026 Low Economic Growth
p91,2020,0.16089111,0.12407582,0.08060506,0.12257401,SRSE,AEO2026 Low Economic Growth
p91,2021,0.16089111,0.12407582,0.08060506,0.12257401,SRSE,AEO2026 Low Economic Growth
p91,2022,0.16089111,0.12407582,0.08060506,0.12257401,SRSE,AEO2026 Low Economic Growth
p91,2023,0.16089111,0.12407582,0.08060506,0.12257401,SRSE,AEO2026 Low Economic Growth
p91,2024,0.16089111,0.12407582,0.08060506,0.12257401,SRSE,AEO2026 Low Economic Growth
p91,2025,0.16089111,0.12407582,0.08060506,0.12257401,SRSE,AEO2026 Low Economic Growth
p91,2026,0.17089739,0.13621469,0.08904322,0.1345636,SRSE,AEO2026 Low Economic Growth
p91,2027,0.1683321,0.12963699,0.08254123,0.12975241,SRSE,AEO2026 Low Economic Growth
p91,2028,0.16805061,0.13050779,0.08422803,0.12931994,SRSE,AEO2026 Low Economic Growth
p91,2029,0.17469494000000002,0.13564895999999999,0.08694276000000001,0.13509244,SRSE,AEO2026 Low Economic Growth
p91,2030,0.17755575,0.13791463,0.08844369,0.1373822,SRSE,AEO2026 Low Economic Growth
p91,2031,0.18385462,0.14358712,0.09259431,0.14310461,SRSE,AEO2026 Low Economic Growth
p91,2032,0.19037613,0.14952518,0.09709253999999999,0.14912442,SRSE,AEO2026 Low Economic Growth
p91,2033,0.19602497,0.15423224,0.10044185,0.15427727000000002,SRSE,AEO2026 Low Economic Growth
p91,2034,0.20056931,0.15795729,0.10309109,0.1582939,SRSE,AEO2026 Low Economic Growth
p91,2035,0.20540691,0.16201593,0.10600937999999999,0.16253719,SRSE,AEO2026 Low Economic Growth
p91,2036,0.21004126,0.16577492,0.10870721,0.16644341,SRSE,AEO2026 Low Economic Growth
p91,2037,0.21481083,0.16971739,0.11149594,0.17052948,SRSE,AEO2026 Low Economic Growth
p91,2038,0.22004522,0.17401862999999998,0.11452926,0.17497368000000002,SRSE,AEO2026 Low Economic Growth
p91,2039,0.23083921,0.18450678,0.12302814,0.18450296000000002,SRSE,AEO2026 Low Economic Growth
p91,2040,0.24156157,0.19377127000000002,0.12927189,0.19445754999999998,SRSE,AEO2026 Low Economic Growth
p91,2041,0.2480571,0.19902534,0.13263371,0.20014310999999999,SRSE,AEO2026 Low Economic Growth
p91,2042,0.25675955,0.2068779,0.13859264,0.20748777000000002,SRSE,AEO2026 Low Economic Growth
p91,2043,0.26509626000000003,0.21388271,0.14298906,0.21499737,SRSE,AEO2026 Low Economic Growth
p91,2044,0.27177111,0.21935127000000001,0.14651229000000002,0.22059223,SRSE,AEO2026 Low Economic Growth
p91,2045,0.27937744,0.22562263000000002,0.15066927,0.22690865999999998,SRSE,AEO2026 Low Economic Growth
p91,2046,0.28810377,0.23301787999999998,0.15557362,0.23436131,SRSE,AEO2026 Low Economic Growth
p91,2047,0.29734911,0.24094898,0.16088839,0.24229244000000003,SRSE,AEO2026 Low Economic Growth
p91,2048,0.30644876,0.24867001,0.16592613,0.25005293,SRSE,AEO2026 Low Economic Growth
p91,2049,0.31663963,0.25751043,0.17189142000000002,0.25875431,SRSE,AEO2026 Low Economic Growth
p91,2050,0.32664130999999996,0.26602272,0.17735958,0.26748072,SRSE,AEO2026 Low Economic Growth
p92,2014,0.12850008000000002,0.11948691,0.059511909999999994,0.10643253,SRCE,AEO2026 Low Economic Growth
p92,2015,0.12850008000000002,0.11948691,0.059511909999999994,0.10643253,SRCE,AEO2026 Low Economic Growth
p92,2016,0.12850008000000002,0.11948691,0.059511909999999994,0.10643253,SRCE,AEO2026 Low Economic Growth
p92,2017,0.12850008000000002,0.11948691,0.059511909999999994,0.10643253,SRCE,AEO2026 Low Economic Growth
p92,2018,0.12850008000000002,0.11948691,0.059511909999999994,0.10643253,SRCE,AEO2026 Low Economic Growth
p92,2019,0.12850008000000002,0.11948691,0.059511909999999994,0.10643253,SRCE,AEO2026 Low Economic Growth
p92,2020,0.12850008000000002,0.11948691,0.059511909999999994,0.10643253,SRCE,AEO2026 Low Economic Growth
p92,2021,0.12850008000000002,0.11948691,0.059511909999999994,0.10643253,SRCE,AEO2026 Low Economic Growth
p92,2022,0.12850008000000002,0.11948691,0.059511909999999994,0.10643253,SRCE,AEO2026 Low Economic Growth
p92,2023,0.12850008000000002,0.11948691,0.059511909999999994,0.10643253,SRCE,AEO2026 Low Economic Growth
p92,2024,0.12850008000000002,0.11948691,0.059511909999999994,0.10643253,SRCE,AEO2026 Low Economic Growth
p92,2025,0.12850008000000002,0.11948691,0.059511909999999994,0.10643253,SRCE,AEO2026 Low Economic Growth
p92,2026,0.13241371,0.12555099,0.06263471,0.11221646,SRCE,AEO2026 Low Economic Growth
p92,2027,0.12281345999999999,0.11135078999999999,0.053315919999999996,0.10082761,SRCE,AEO2026 Low Economic Growth
p92,2028,0.12381611,0.11258958,0.053845910000000004,0.10174714,SRCE,AEO2026 Low Economic Growth
p92,2029,0.12896849,0.11826940999999999,0.05689825,0.1066951,SRCE,AEO2026 Low Economic Growth
p92,2030,0.13624676,0.12609586,0.06140201,0.1136831,SRCE,AEO2026 Low Economic Growth
p92,2031,0.14306232,0.13323483,0.06553689,0.12024385,SRCE,AEO2026 Low Economic Growth
p92,2032,0.15288274,0.14361447,0.0720154,0.12941554,SRCE,AEO2026 Low Economic Growth
p92,2033,0.15707907000000002,0.14740727,0.07415109,0.13345815,SRCE,AEO2026 Low Economic Growth
p92,2034,0.16040665,0.1503298,0.07589843,0.13653748,SRCE,AEO2026 Low Economic Growth
p92,2035,0.16462596999999998,0.15427943,0.07820795999999999,0.14045626,SRCE,AEO2026 Low Economic Growth
p92,2036,0.16887598,0.15830897,0.08072422,0.14422788,SRCE,AEO2026 Low Economic Growth
p92,2037,0.17393642,0.16342649,0.08383742,0.14900143999999999,SRCE,AEO2026 Low Economic Growth
p92,2038,0.17966608,0.16934853,0.0872425,0.15463354,SRCE,AEO2026 Low Economic Growth
p92,2039,0.18938015,0.17993891,0.09383208,0.16402721,SRCE,AEO2026 Low Economic Growth
p92,2040,0.19669146999999998,0.18749186,0.09808773999999999,0.17119413000000003,SRCE,AEO2026 Low Economic Growth
p92,2041,0.20276841999999998,0.19367624,0.10157429999999999,0.17701242,SRCE,AEO2026 Low Economic Growth
p92,2042,0.20855967,0.19956932,0.10481585,0.1825197,SRCE,AEO2026 Low Economic Growth
p92,2043,0.21504505000000002,0.20615852,0.10819361000000001,0.18875883000000002,SRCE,AEO2026 Low Economic Growth
p92,2044,0.22193580999999998,0.21323885,0.1118773,0.19539394000000002,SRCE,AEO2026 Low Economic Growth
p92,2045,0.22809294000000002,0.2192725,0.11519799000000001,0.20071306,SRCE,AEO2026 Low Economic Growth
p92,2046,0.23613573,0.22750683,0.1194291,0.20837782000000002,SRCE,AEO2026 Low Economic Growth
p92,2047,0.24481214999999998,0.23532221,0.12353624999999999,0.21525198,SRCE,AEO2026 Low Economic Growth
p92,2048,0.25470751,0.24428263,0.12813849,0.22322147,SRCE,AEO2026 Low Economic Growth
p92,2049,0.26538015000000004,0.2540444,0.13318557,0.23189215000000002,SRCE,AEO2026 Low Economic Growth
p92,2050,0.27585983,0.26345564,0.13792588,0.24033014000000003,SRCE,AEO2026 Low Economic Growth
p93,2014,0.12850008000000002,0.11948691,0.059511909999999994,0.10643253,SRCE,AEO2026 Low Economic Growth
p93,2015,0.12850008000000002,0.11948691,0.059511909999999994,0.10643253,SRCE,AEO2026 Low Economic Growth
p93,2016,0.12850008000000002,0.11948691,0.059511909999999994,0.10643253,SRCE,AEO2026 Low Economic Growth
p93,2017,0.12850008000000002,0.11948691,0.059511909999999994,0.10643253,SRCE,AEO2026 Low Economic Growth
p93,2018,0.12850008000000002,0.11948691,0.059511909999999994,0.10643253,SRCE,AEO2026 Low Economic Growth
p93,2019,0.12850008000000002,0.11948691,0.059511909999999994,0.10643253,SRCE,AEO2026 Low Economic Growth
p93,2020,0.12850008000000002,0.11948691,0.059511909999999994,0.10643253,SRCE,AEO2026 Low Economic Growth
p93,2021,0.12850008000000002,0.11948691,0.059511909999999994,0.10643253,SRCE,AEO2026 Low Economic Growth
p93,2022,0.12850008000000002,0.11948691,0.059511909999999994,0.10643253,SRCE,AEO2026 Low Economic Growth
p93,2023,0.12850008000000002,0.11948691,0.059511909999999994,0.10643253,SRCE,AEO2026 Low Economic Growth
p93,2024,0.12850008000000002,0.11948691,0.059511909999999994,0.10643253,SRCE,AEO2026 Low Economic Growth
p93,2025,0.12850008000000002,0.11948691,0.059511909999999994,0.10643253,SRCE,AEO2026 Low Economic Growth
p93,2026,0.13241371,0.12555099,0.06263471,0.11221646,SRCE,AEO2026 Low Economic Growth
p93,2027,0.12281345999999999,0.11135078999999999,0.053315919999999996,0.10082761,SRCE,AEO2026 Low Economic Growth
p93,2028,0.12381611,0.11258958,0.053845910000000004,0.10174714,SRCE,AEO2026 Low Economic Growth
p93,2029,0.12896849,0.11826940999999999,0.05689825,0.1066951,SRCE,AEO2026 Low Economic Growth
p93,2030,0.13624676,0.12609586,0.06140201,0.1136831,SRCE,AEO2026 Low Economic Growth
p93,2031,0.14306232,0.13323483,0.06553689,0.12024385,SRCE,AEO2026 Low Economic Growth
p93,2032,0.15288274,0.14361447,0.0720154,0.12941554,SRCE,AEO2026 Low Economic Growth
p93,2033,0.15707907000000002,0.14740727,0.07415109,0.13345815,SRCE,AEO2026 Low Economic Growth
p93,2034,0.16040665,0.1503298,0.07589843,0.13653748,SRCE,AEO2026 Low Economic Growth
p93,2035,0.16462596999999998,0.15427943,0.07820795999999999,0.14045626,SRCE,AEO2026 Low Economic Growth
p93,2036,0.16887598,0.15830897,0.08072422,0.14422788,SRCE,AEO2026 Low Economic Growth
p93,2037,0.17393642,0.16342649,0.08383742,0.14900143999999999,SRCE,AEO2026 Low Economic Growth
p93,2038,0.17966608,0.16934853,0.0872425,0.15463354,SRCE,AEO2026 Low Economic Growth
p93,2039,0.18938015,0.17993891,0.09383208,0.16402721,SRCE,AEO2026 Low Economic Growth
p93,2040,0.19669146999999998,0.18749186,0.09808773999999999,0.17119413000000003,SRCE,AEO2026 Low Economic Growth
p93,2041,0.20276841999999998,0.19367624,0.10157429999999999,0.17701242,SRCE,AEO2026 Low Economic Growth
p93,2042,0.20855967,0.19956932,0.10481585,0.1825197,SRCE,AEO2026 Low Economic Growth
p93,2043,0.21504505000000002,0.20615852,0.10819361000000001,0.18875883000000002,SRCE,AEO2026 Low Economic Growth
p93,2044,0.22193580999999998,0.21323885,0.1118773,0.19539394000000002,SRCE,AEO2026 Low Economic Growth
p93,2045,0.22809294000000002,0.2192725,0.11519799000000001,0.20071306,SRCE,AEO2026 Low Economic Growth
p93,2046,0.23613573,0.22750683,0.1194291,0.20837782000000002,SRCE,AEO2026 Low Economic Growth
p93,2047,0.24481214999999998,0.23532221,0.12353624999999999,0.21525198,SRCE,AEO2026 Low Economic Growth
p93,2048,0.25470751,0.24428263,0.12813849,0.22322147,SRCE,AEO2026 Low Economic Growth
p93,2049,0.26538015000000004,0.2540444,0.13318557,0.23189215000000002,SRCE,AEO2026 Low Economic Growth
p93,2050,0.27585983,0.26345564,0.13792588,0.24033014000000003,SRCE,AEO2026 Low Economic Growth
p94,2014,0.16089111,0.12407582,0.08060506,0.12257401,SRSE,AEO2026 Low Economic Growth
p94,2015,0.16089111,0.12407582,0.08060506,0.12257401,SRSE,AEO2026 Low Economic Growth
p94,2016,0.16089111,0.12407582,0.08060506,0.12257401,SRSE,AEO2026 Low Economic Growth
p94,2017,0.16089111,0.12407582,0.08060506,0.12257401,SRSE,AEO2026 Low Economic Growth
p94,2018,0.16089111,0.12407582,0.08060506,0.12257401,SRSE,AEO2026 Low Economic Growth
p94,2019,0.16089111,0.12407582,0.08060506,0.12257401,SRSE,AEO2026 Low Economic Growth
p94,2020,0.16089111,0.12407582,0.08060506,0.12257401,SRSE,AEO2026 Low Economic Growth
p94,2021,0.16089111,0.12407582,0.08060506,0.12257401,SRSE,AEO2026 Low Economic Growth
p94,2022,0.16089111,0.12407582,0.08060506,0.12257401,SRSE,AEO2026 Low Economic Growth
p94,2023,0.16089111,0.12407582,0.08060506,0.12257401,SRSE,AEO2026 Low Economic Growth
p94,2024,0.16089111,0.12407582,0.08060506,0.12257401,SRSE,AEO2026 Low Economic Growth
p94,2025,0.16089111,0.12407582,0.08060506,0.12257401,SRSE,AEO2026 Low Economic Growth
p94,2026,0.17089739,0.13621469,0.08904322,0.1345636,SRSE,AEO2026 Low Economic Growth
p94,2027,0.1683321,0.12963699,0.08254123,0.12975241,SRSE,AEO2026 Low Economic Growth
p94,2028,0.16805061,0.13050779,0.08422803,0.12931994,SRSE,AEO2026 Low Economic Growth
p94,2029,0.17469494000000002,0.13564895999999999,0.08694276000000001,0.13509244,SRSE,AEO2026 Low Economic Growth
p94,2030,0.17755575,0.13791463,0.08844369,0.1373822,SRSE,AEO2026 Low Economic Growth
p94,2031,0.18385462,0.14358712,0.09259431,0.14310461,SRSE,AEO2026 Low Economic Growth
p94,2032,0.19037613,0.14952518,0.09709253999999999,0.14912442,SRSE,AEO2026 Low Economic Growth
p94,2033,0.19602497,0.15423224,0.10044185,0.15427727000000002,SRSE,AEO2026 Low Economic Growth
p94,2034,0.20056931,0.15795729,0.10309109,0.1582939,SRSE,AEO2026 Low Economic Growth
p94,2035,0.20540691,0.16201593,0.10600937999999999,0.16253719,SRSE,AEO2026 Low Economic Growth
p94,2036,0.21004126,0.16577492,0.10870721,0.16644341,SRSE,AEO2026 Low Economic Growth
p94,2037,0.21481083,0.16971739,0.11149594,0.17052948,SRSE,AEO2026 Low Economic Growth
p94,2038,0.22004522,0.17401862999999998,0.11452926,0.17497368000000002,SRSE,AEO2026 Low Economic Growth
p94,2039,0.23083921,0.18450678,0.12302814,0.18450296000000002,SRSE,AEO2026 Low Economic Growth
p94,2040,0.24156157,0.19377127000000002,0.12927189,0.19445754999999998,SRSE,AEO2026 Low Economic Growth
p94,2041,0.2480571,0.19902534,0.13263371,0.20014310999999999,SRSE,AEO2026 Low Economic Growth
p94,2042,0.25675955,0.2068779,0.13859264,0.20748777000000002,SRSE,AEO2026 Low Economic Growth
p94,2043,0.26509626000000003,0.21388271,0.14298906,0.21499737,SRSE,AEO2026 Low Economic Growth
p94,2044,0.27177111,0.21935127000000001,0.14651229000000002,0.22059223,SRSE,AEO2026 Low Economic Growth
p94,2045,0.27937744,0.22562263000000002,0.15066927,0.22690865999999998,SRSE,AEO2026 Low Economic Growth
p94,2046,0.28810377,0.23301787999999998,0.15557362,0.23436131,SRSE,AEO2026 Low Economic Growth
p94,2047,0.29734911,0.24094898,0.16088839,0.24229244000000003,SRSE,AEO2026 Low Economic Growth
p94,2048,0.30644876,0.24867001,0.16592613,0.25005293,SRSE,AEO2026 Low Economic Growth
p94,2049,0.31663963,0.25751043,0.17189142000000002,0.25875431,SRSE,AEO2026 Low Economic Growth
p94,2050,0.32664130999999996,0.26602272,0.17735958,0.26748072,SRSE,AEO2026 Low Economic Growth
p95,2014,0.15349205,0.10875536000000001,0.07508891000000001,0.11508882,SRCA,AEO2026 Low Economic Growth
p95,2015,0.15349205,0.10875536000000001,0.07508891000000001,0.11508882,SRCA,AEO2026 Low Economic Growth
p95,2016,0.15349205,0.10875536000000001,0.07508891000000001,0.11508882,SRCA,AEO2026 Low Economic Growth
p95,2017,0.15349205,0.10875536000000001,0.07508891000000001,0.11508882,SRCA,AEO2026 Low Economic Growth
p95,2018,0.15349205,0.10875536000000001,0.07508891000000001,0.11508882,SRCA,AEO2026 Low Economic Growth
p95,2019,0.15349205,0.10875536000000001,0.07508891000000001,0.11508882,SRCA,AEO2026 Low Economic Growth
p95,2020,0.15349205,0.10875536000000001,0.07508891000000001,0.11508882,SRCA,AEO2026 Low Economic Growth
p95,2021,0.15349205,0.10875536000000001,0.07508891000000001,0.11508882,SRCA,AEO2026 Low Economic Growth
p95,2022,0.15349205,0.10875536000000001,0.07508891000000001,0.11508882,SRCA,AEO2026 Low Economic Growth
p95,2023,0.15349205,0.10875536000000001,0.07508891000000001,0.11508882,SRCA,AEO2026 Low Economic Growth
p95,2024,0.15349205,0.10875536000000001,0.07508891000000001,0.11508882,SRCA,AEO2026 Low Economic Growth
p95,2025,0.15349205,0.10875536000000001,0.07508891000000001,0.11508882,SRCA,AEO2026 Low Economic Growth
p95,2026,0.1631204,0.11975296,0.08253883999999999,0.12642413,SRCA,AEO2026 Low Economic Growth
p95,2027,0.16094563999999997,0.11537394000000001,0.07793291,0.12258623,SRCA,AEO2026 Low Economic Growth
p95,2028,0.16200378000000001,0.11601583,0.07865256,0.12267708000000001,SRCA,AEO2026 Low Economic Growth
p95,2029,0.16801918000000002,0.12065151,0.08188241,0.12751227,SRCA,AEO2026 Low Economic Growth
p95,2030,0.17594641,0.12672039,0.08605684999999999,0.13414224,SRCA,AEO2026 Low Economic Growth
p95,2031,0.18365369999999998,0.13257059999999998,0.08987993,0.14078654999999998,SRCA,AEO2026 Low Economic Growth
p95,2032,0.19396828,0.14106122,0.09648958,0.14988776,SRCA,AEO2026 Low Economic Growth
p95,2033,0.20164738,0.14691924,0.10032818,0.15670079,SRCA,AEO2026 Low Economic Growth
p95,2034,0.2073254,0.15133867,0.10362831,0.16148363,SRCA,AEO2026 Low Economic Growth
p95,2035,0.21315649,0.15578713,0.10681716,0.16629159999999998,SRCA,AEO2026 Low Economic Growth
p95,2036,0.21903679,0.16019691000000003,0.11007083,0.17099794,SRCA,AEO2026 Low Economic Growth
p95,2037,0.22444954,0.16415137999999999,0.11294116000000001,0.17525295,SRCA,AEO2026 Low Economic Growth
p95,2038,0.23245380000000002,0.17045794,0.11763491999999999,0.18191921,SRCA,AEO2026 Low Economic Growth
p95,2039,0.24658588,0.18257622,0.12781512,0.1938459,SRCA,AEO2026 Low Economic Growth
p95,2040,0.25855303,0.19202116,0.13414145,0.20458273,SRCA,AEO2026 Low Economic Growth
p95,2041,0.2664447,0.19797106,0.13825995000000002,0.21099989,SRCA,AEO2026 Low Economic Growth
p95,2042,0.27487289,0.20437174,0.14275387,0.21780823000000002,SRCA,AEO2026 Low Economic Growth
p95,2043,0.28732155,0.21431349,0.15040462,0.22781548000000001,SRCA,AEO2026 Low Economic Growth
p95,2044,0.30017616,0.22335182,0.15660707000000001,0.23755001,SRCA,AEO2026 Low Economic Growth
p95,2045,0.30994759,0.22939768000000002,0.16041622,0.24406761,SRCA,AEO2026 Low Economic Growth
p95,2046,0.31930704,0.23505652999999999,0.16397279999999997,0.25001553,SRCA,AEO2026 Low Economic Growth
p95,2047,0.33029594,0.24211702,0.16876783,0.25726128,SRCA,AEO2026 Low Economic Growth
p95,2048,0.34218494,0.24988823,0.17394459,0.26535009,SRCA,AEO2026 Low Economic Growth
p95,2049,0.35502045000000004,0.25842960000000004,0.17974937000000002,0.27415594,SRCA,AEO2026 Low Economic Growth
p95,2050,0.36733322,0.26625729,0.18475760000000002,0.28247578,SRCA,AEO2026 Low Economic Growth
p96,2014,0.15349205,0.10875536000000001,0.07508891000000001,0.11508882,SRCA,AEO2026 Low Economic Growth
p96,2015,0.15349205,0.10875536000000001,0.07508891000000001,0.11508882,SRCA,AEO2026 Low Economic Growth
p96,2016,0.15349205,0.10875536000000001,0.07508891000000001,0.11508882,SRCA,AEO2026 Low Economic Growth
p96,2017,0.15349205,0.10875536000000001,0.07508891000000001,0.11508882,SRCA,AEO2026 Low Economic Growth
p96,2018,0.15349205,0.10875536000000001,0.07508891000000001,0.11508882,SRCA,AEO2026 Low Economic Growth
p96,2019,0.15349205,0.10875536000000001,0.07508891000000001,0.11508882,SRCA,AEO2026 Low Economic Growth
p96,2020,0.15349205,0.10875536000000001,0.07508891000000001,0.11508882,SRCA,AEO2026 Low Economic Growth
p96,2021,0.15349205,0.10875536000000001,0.07508891000000001,0.11508882,SRCA,AEO2026 Low Economic Growth
p96,2022,0.15349205,0.10875536000000001,0.07508891000000001,0.11508882,SRCA,AEO2026 Low Economic Growth
p96,2023,0.15349205,0.10875536000000001,0.07508891000000001,0.11508882,SRCA,AEO2026 Low Economic Growth
p96,2024,0.15349205,0.10875536000000001,0.07508891000000001,0.11508882,SRCA,AEO2026 Low Economic Growth
p96,2025,0.15349205,0.10875536000000001,0.07508891000000001,0.11508882,SRCA,AEO2026 Low Economic Growth
p96,2026,0.1631204,0.11975296,0.08253883999999999,0.12642413,SRCA,AEO2026 Low Economic Growth
p96,2027,0.16094563999999997,0.11537394000000001,0.07793291,0.12258623,SRCA,AEO2026 Low Economic Growth
p96,2028,0.16200378000000001,0.11601583,0.07865256,0.12267708000000001,SRCA,AEO2026 Low Economic Growth
p96,2029,0.16801918000000002,0.12065151,0.08188241,0.12751227,SRCA,AEO2026 Low Economic Growth
p96,2030,0.17594641,0.12672039,0.08605684999999999,0.13414224,SRCA,AEO2026 Low Economic Growth
p96,2031,0.18365369999999998,0.13257059999999998,0.08987993,0.14078654999999998,SRCA,AEO2026 Low Economic Growth
p96,2032,0.19396828,0.14106122,0.09648958,0.14988776,SRCA,AEO2026 Low Economic Growth
p96,2033,0.20164738,0.14691924,0.10032818,0.15670079,SRCA,AEO2026 Low Economic Growth
p96,2034,0.2073254,0.15133867,0.10362831,0.16148363,SRCA,AEO2026 Low Economic Growth
p96,2035,0.21315649,0.15578713,0.10681716,0.16629159999999998,SRCA,AEO2026 Low Economic Growth
p96,2036,0.21903679,0.16019691000000003,0.11007083,0.17099794,SRCA,AEO2026 Low Economic Growth
p96,2037,0.22444954,0.16415137999999999,0.11294116000000001,0.17525295,SRCA,AEO2026 Low Economic Growth
p96,2038,0.23245380000000002,0.17045794,0.11763491999999999,0.18191921,SRCA,AEO2026 Low Economic Growth
p96,2039,0.24658588,0.18257622,0.12781512,0.1938459,SRCA,AEO2026 Low Economic Growth
p96,2040,0.25855303,0.19202116,0.13414145,0.20458273,SRCA,AEO2026 Low Economic Growth
p96,2041,0.2664447,0.19797106,0.13825995000000002,0.21099989,SRCA,AEO2026 Low Economic Growth
p96,2042,0.27487289,0.20437174,0.14275387,0.21780823000000002,SRCA,AEO2026 Low Economic Growth
p96,2043,0.28732155,0.21431349,0.15040462,0.22781548000000001,SRCA,AEO2026 Low Economic Growth
p96,2044,0.30017616,0.22335182,0.15660707000000001,0.23755001,SRCA,AEO2026 Low Economic Growth
p96,2045,0.30994759,0.22939768000000002,0.16041622,0.24406761,SRCA,AEO2026 Low Economic Growth
p96,2046,0.31930704,0.23505652999999999,0.16397279999999997,0.25001553,SRCA,AEO2026 Low Economic Growth
p96,2047,0.33029594,0.24211702,0.16876783,0.25726128,SRCA,AEO2026 Low Economic Growth
p96,2048,0.34218494,0.24988823,0.17394459,0.26535009,SRCA,AEO2026 Low Economic Growth
p96,2049,0.35502045000000004,0.25842960000000004,0.17974937000000002,0.27415594,SRCA,AEO2026 Low Economic Growth
p96,2050,0.36733322,0.26625729,0.18475760000000002,0.28247578,SRCA,AEO2026 Low Economic Growth
p97,2014,0.15349205,0.10875536000000001,0.07508891000000001,0.11508882,SRCA,AEO2026 Low Economic Growth
p97,2015,0.15349205,0.10875536000000001,0.07508891000000001,0.11508882,SRCA,AEO2026 Low Economic Growth
p97,2016,0.15349205,0.10875536000000001,0.07508891000000001,0.11508882,SRCA,AEO2026 Low Economic Growth
p97,2017,0.15349205,0.10875536000000001,0.07508891000000001,0.11508882,SRCA,AEO2026 Low Economic Growth
p97,2018,0.15349205,0.10875536000000001,0.07508891000000001,0.11508882,SRCA,AEO2026 Low Economic Growth
p97,2019,0.15349205,0.10875536000000001,0.07508891000000001,0.11508882,SRCA,AEO2026 Low Economic Growth
p97,2020,0.15349205,0.10875536000000001,0.07508891000000001,0.11508882,SRCA,AEO2026 Low Economic Growth
p97,2021,0.15349205,0.10875536000000001,0.07508891000000001,0.11508882,SRCA,AEO2026 Low Economic Growth
p97,2022,0.15349205,0.10875536000000001,0.07508891000000001,0.11508882,SRCA,AEO2026 Low Economic Growth
p97,2023,0.15349205,0.10875536000000001,0.07508891000000001,0.11508882,SRCA,AEO2026 Low Economic Growth
p97,2024,0.15349205,0.10875536000000001,0.07508891000000001,0.11508882,SRCA,AEO2026 Low Economic Growth
p97,2025,0.15349205,0.10875536000000001,0.07508891000000001,0.11508882,SRCA,AEO2026 Low Economic Growth
p97,2026,0.1631204,0.11975296,0.08253883999999999,0.12642413,SRCA,AEO2026 Low Economic Growth
p97,2027,0.16094563999999997,0.11537394000000001,0.07793291,0.12258623,SRCA,AEO2026 Low Economic Growth
p97,2028,0.16200378000000001,0.11601583,0.07865256,0.12267708000000001,SRCA,AEO2026 Low Economic Growth
p97,2029,0.16801918000000002,0.12065151,0.08188241,0.12751227,SRCA,AEO2026 Low Economic Growth
p97,2030,0.17594641,0.12672039,0.08605684999999999,0.13414224,SRCA,AEO2026 Low Economic Growth
p97,2031,0.18365369999999998,0.13257059999999998,0.08987993,0.14078654999999998,SRCA,AEO2026 Low Economic Growth
p97,2032,0.19396828,0.14106122,0.09648958,0.14988776,SRCA,AEO2026 Low Economic Growth
p97,2033,0.20164738,0.14691924,0.10032818,0.15670079,SRCA,AEO2026 Low Economic Growth
p97,2034,0.2073254,0.15133867,0.10362831,0.16148363,SRCA,AEO2026 Low Economic Growth
p97,2035,0.21315649,0.15578713,0.10681716,0.16629159999999998,SRCA,AEO2026 Low Economic Growth
p97,2036,0.21903679,0.16019691000000003,0.11007083,0.17099794,SRCA,AEO2026 Low Economic Growth
p97,2037,0.22444954,0.16415137999999999,0.11294116000000001,0.17525295,SRCA,AEO2026 Low Economic Growth
p97,2038,0.23245380000000002,0.17045794,0.11763491999999999,0.18191921,SRCA,AEO2026 Low Economic Growth
p97,2039,0.24658588,0.18257622,0.12781512,0.1938459,SRCA,AEO2026 Low Economic Growth
p97,2040,0.25855303,0.19202116,0.13414145,0.20458273,SRCA,AEO2026 Low Economic Growth
p97,2041,0.2664447,0.19797106,0.13825995000000002,0.21099989,SRCA,AEO2026 Low Economic Growth
p97,2042,0.27487289,0.20437174,0.14275387,0.21780823000000002,SRCA,AEO2026 Low Economic Growth
p97,2043,0.28732155,0.21431349,0.15040462,0.22781548000000001,SRCA,AEO2026 Low Economic Growth
p97,2044,0.30017616,0.22335182,0.15660707000000001,0.23755001,SRCA,AEO2026 Low Economic Growth
p97,2045,0.30994759,0.22939768000000002,0.16041622,0.24406761,SRCA,AEO2026 Low Economic Growth
p97,2046,0.31930704,0.23505652999999999,0.16397279999999997,0.25001553,SRCA,AEO2026 Low Economic Growth
p97,2047,0.33029594,0.24211702,0.16876783,0.25726128,SRCA,AEO2026 Low Economic Growth
p97,2048,0.34218494,0.24988823,0.17394459,0.26535009,SRCA,AEO2026 Low Economic Growth
p97,2049,0.35502045000000004,0.25842960000000004,0.17974937000000002,0.27415594,SRCA,AEO2026 Low Economic Growth
p97,2050,0.36733322,0.26625729,0.18475760000000002,0.28247578,SRCA,AEO2026 Low Economic Growth
p98,2014,0.15349205,0.10875536000000001,0.07508891000000001,0.11508882,SRCA,AEO2026 Low Economic Growth
p98,2015,0.15349205,0.10875536000000001,0.07508891000000001,0.11508882,SRCA,AEO2026 Low Economic Growth
p98,2016,0.15349205,0.10875536000000001,0.07508891000000001,0.11508882,SRCA,AEO2026 Low Economic Growth
p98,2017,0.15349205,0.10875536000000001,0.07508891000000001,0.11508882,SRCA,AEO2026 Low Economic Growth
p98,2018,0.15349205,0.10875536000000001,0.07508891000000001,0.11508882,SRCA,AEO2026 Low Economic Growth
p98,2019,0.15349205,0.10875536000000001,0.07508891000000001,0.11508882,SRCA,AEO2026 Low Economic Growth
p98,2020,0.15349205,0.10875536000000001,0.07508891000000001,0.11508882,SRCA,AEO2026 Low Economic Growth
p98,2021,0.15349205,0.10875536000000001,0.07508891000000001,0.11508882,SRCA,AEO2026 Low Economic Growth
p98,2022,0.15349205,0.10875536000000001,0.07508891000000001,0.11508882,SRCA,AEO2026 Low Economic Growth
p98,2023,0.15349205,0.10875536000000001,0.07508891000000001,0.11508882,SRCA,AEO2026 Low Economic Growth
p98,2024,0.15349205,0.10875536000000001,0.07508891000000001,0.11508882,SRCA,AEO2026 Low Economic Growth
p98,2025,0.15349205,0.10875536000000001,0.07508891000000001,0.11508882,SRCA,AEO2026 Low Economic Growth
p98,2026,0.1631204,0.11975296,0.08253883999999999,0.12642413,SRCA,AEO2026 Low Economic Growth
p98,2027,0.16094563999999997,0.11537394000000001,0.07793291,0.12258623,SRCA,AEO2026 Low Economic Growth
p98,2028,0.16200378000000001,0.11601583,0.07865256,0.12267708000000001,SRCA,AEO2026 Low Economic Growth
p98,2029,0.16801918000000002,0.12065151,0.08188241,0.12751227,SRCA,AEO2026 Low Economic Growth
p98,2030,0.17594641,0.12672039,0.08605684999999999,0.13414224,SRCA,AEO2026 Low Economic Growth
p98,2031,0.18365369999999998,0.13257059999999998,0.08987993,0.14078654999999998,SRCA,AEO2026 Low Economic Growth
p98,2032,0.19396828,0.14106122,0.09648958,0.14988776,SRCA,AEO2026 Low Economic Growth
p98,2033,0.20164738,0.14691924,0.10032818,0.15670079,SRCA,AEO2026 Low Economic Growth
p98,2034,0.2073254,0.15133867,0.10362831,0.16148363,SRCA,AEO2026 Low Economic Growth
p98,2035,0.21315649,0.15578713,0.10681716,0.16629159999999998,SRCA,AEO2026 Low Economic Growth
p98,2036,0.21903679,0.16019691000000003,0.11007083,0.17099794,SRCA,AEO2026 Low Economic Growth
p98,2037,0.22444954,0.16415137999999999,0.11294116000000001,0.17525295,SRCA,AEO2026 Low Economic Growth
p98,2038,0.23245380000000002,0.17045794,0.11763491999999999,0.18191921,SRCA,AEO2026 Low Economic Growth
p98,2039,0.24658588,0.18257622,0.12781512,0.1938459,SRCA,AEO2026 Low Economic Growth
p98,2040,0.25855303,0.19202116,0.13414145,0.20458273,SRCA,AEO2026 Low Economic Growth
p98,2041,0.2664447,0.19797106,0.13825995000000002,0.21099989,SRCA,AEO2026 Low Economic Growth
p98,2042,0.27487289,0.20437174,0.14275387,0.21780823000000002,SRCA,AEO2026 Low Economic Growth
p98,2043,0.28732155,0.21431349,0.15040462,0.22781548000000001,SRCA,AEO2026 Low Economic Growth
p98,2044,0.30017616,0.22335182,0.15660707000000001,0.23755001,SRCA,AEO2026 Low Economic Growth
p98,2045,0.30994759,0.22939768000000002,0.16041622,0.24406761,SRCA,AEO2026 Low Economic Growth
p98,2046,0.31930704,0.23505652999999999,0.16397279999999997,0.25001553,SRCA,AEO2026 Low Economic Growth
p98,2047,0.33029594,0.24211702,0.16876783,0.25726128,SRCA,AEO2026 Low Economic Growth
p98,2048,0.34218494,0.24988823,0.17394459,0.26535009,SRCA,AEO2026 Low Economic Growth
p98,2049,0.35502045000000004,0.25842960000000004,0.17974937000000002,0.27415594,SRCA,AEO2026 Low Economic Growth
p98,2050,0.36733322,0.26625729,0.18475760000000002,0.28247578,SRCA,AEO2026 Low Economic Growth
p99,2014,0.16238937,0.10091201999999999,0.10543324999999999,0.12340347,PJMD,AEO2026 Low Economic Growth
p99,2015,0.16238937,0.10091201999999999,0.10543324999999999,0.12340347,PJMD,AEO2026 Low Economic Growth
p99,2016,0.16238937,0.10091201999999999,0.10543324999999999,0.12340347,PJMD,AEO2026 Low Economic Growth
p99,2017,0.16238937,0.10091201999999999,0.10543324999999999,0.12340347,PJMD,AEO2026 Low Economic Growth
p99,2018,0.16238937,0.10091201999999999,0.10543324999999999,0.12340347,PJMD,AEO2026 Low Economic Growth
p99,2019,0.16238937,0.10091201999999999,0.10543324999999999,0.12340347,PJMD,AEO2026 Low Economic Growth
p99,2020,0.16238937,0.10091201999999999,0.10543324999999999,0.12340347,PJMD,AEO2026 Low Economic Growth
p99,2021,0.16238937,0.10091201999999999,0.10543324999999999,0.12340347,PJMD,AEO2026 Low Economic Growth
p99,2022,0.16238937,0.10091201999999999,0.10543324999999999,0.12340347,PJMD,AEO2026 Low Economic Growth
p99,2023,0.16238937,0.10091201999999999,0.10543324999999999,0.12340347,PJMD,AEO2026 Low Economic Growth
p99,2024,0.16238937,0.10091201999999999,0.10543324999999999,0.12340347,PJMD,AEO2026 Low Economic Growth
p99,2025,0.16238937,0.10091201999999999,0.10543324999999999,0.12340347,PJMD,AEO2026 Low Economic Growth
p99,2026,0.17320254999999998,0.10602537,0.11065229,0.12911935,PJMD,AEO2026 Low Economic Growth
p99,2027,0.17842119,0.1080258,0.1114191,0.13175996,PJMD,AEO2026 Low Economic Growth
p99,2028,0.18634933,0.11261013,0.11602404999999999,0.13760892,PJMD,AEO2026 Low Economic Growth
p99,2029,0.19182355999999998,0.11559675,0.11968375,0.14106605,PJMD,AEO2026 Low Economic Growth
p99,2030,0.19848803,0.11934604,0.12407685,0.14556769,PJMD,AEO2026 Low Economic Growth
p99,2031,0.20723911,0.12460441,0.13031789,0.15164279,PJMD,AEO2026 Low Economic Growth
p99,2032,0.21603199,0.12964796,0.13632175,0.15800867,PJMD,AEO2026 Low Economic Growth
p99,2033,0.22356005,0.13380232,0.14100175,0.16334715,PJMD,AEO2026 Low Economic Growth
p99,2034,0.22924921,0.13648961,0.14398148,0.16698441,PJMD,AEO2026 Low Economic Growth
p99,2035,0.2345944,0.13889753000000002,0.14673613,0.17013674,PJMD,AEO2026 Low Economic Growth
p99,2036,0.2406534,0.14176814000000001,0.15018148,0.1736974,PJMD,AEO2026 Low Economic Growth
p99,2037,0.24830278,0.14577465,0.1549719,0.17820553,PJMD,AEO2026 Low Economic Growth
p99,2038,0.25734289,0.15068015,0.16089721999999998,0.1837534,PJMD,AEO2026 Low Economic Growth
p99,2039,0.26464409,0.15402948,0.16467873,0.18816347,PJMD,AEO2026 Low Economic Growth
p99,2040,0.27258112,0.15788644,0.1694915,0.19255999,PJMD,AEO2026 Low Economic Growth
p99,2041,0.28191908,0.16254988,0.17485117,0.19817448,PJMD,AEO2026 Low Economic Growth
p99,2042,0.29101139,0.16702210999999997,0.17997438,0.20347914,PJMD,AEO2026 Low Economic Growth
p99,2043,0.30055478999999996,0.17169816999999998,0.18535034,0.2089735,PJMD,AEO2026 Low Economic Growth
p99,2044,0.31081634999999996,0.17674852000000002,0.19114092,0.21492066999999998,PJMD,AEO2026 Low Economic Growth
p99,2045,0.32134109,0.18178850000000002,0.19678783,0.22092348,PJMD,AEO2026 Low Economic Growth
p99,2046,0.33199745,0.18690176,0.20262722,0.22694244000000002,PJMD,AEO2026 Low Economic Growth
p99,2047,0.34309681,0.19221008,0.20851965,0.23321985,PJMD,AEO2026 Low Economic Growth
p99,2048,0.35497760999999994,0.19804237,0.2150773,0.2400198,PJMD,AEO2026 Low Economic Growth
p99,2049,0.36853752,0.20497896000000002,0.22300827,0.24802955999999998,PJMD,AEO2026 Low Economic Growth
p99,2050,0.38158718,0.2112925,0.22948284000000002,0.25588825,PJMD,AEO2026 Low Economic Growth
p100,2014,0.15731378,0.13183809,0.10269985,0.1318707,PJMW,AEO2026 Low Economic Growth
p100,2015,0.15731378,0.13183809,0.10269985,0.1318707,PJMW,AEO2026 Low Economic Growth
p100,2016,0.15731378,0.13183809,0.10269985,0.1318707,PJMW,AEO2026 Low Economic Growth
p100,2017,0.15731378,0.13183809,0.10269985,0.1318707,PJMW,AEO2026 Low Economic Growth
p100,2018,0.15731378,0.13183809,0.10269985,0.1318707,PJMW,AEO2026 Low Economic Growth
p100,2019,0.15731378,0.13183809,0.10269985,0.1318707,PJMW,AEO2026 Low Economic Growth
p100,2020,0.15731378,0.13183809,0.10269985,0.1318707,PJMW,AEO2026 Low Economic Growth
p100,2021,0.15731378,0.13183809,0.10269985,0.1318707,PJMW,AEO2026 Low Economic Growth
p100,2022,0.15731378,0.13183809,0.10269985,0.1318707,PJMW,AEO2026 Low Economic Growth
p100,2023,0.15731378,0.13183809,0.10269985,0.1318707,PJMW,AEO2026 Low Economic Growth
p100,2024,0.15731378,0.13183809,0.10269985,0.1318707,PJMW,AEO2026 Low Economic Growth
p100,2025,0.15731378,0.13183809,0.10269985,0.1318707,PJMW,AEO2026 Low Economic Growth
p100,2026,0.16321844,0.1352341,0.10426828,0.13612576,PJMW,AEO2026 Low Economic Growth
p100,2027,0.16354081999999998,0.13657681,0.10337226,0.13653105999999998,PJMW,AEO2026 Low Economic Growth
p100,2028,0.16178831,0.13487258000000002,0.10195818,0.13411857,PJMW,AEO2026 Low Economic Growth
p100,2029,0.16852374999999997,0.14135363,0.10679965,0.14005888,PJMW,AEO2026 Low Economic Growth
p100,2030,0.17492289,0.14683228,0.11147817,0.14585681,PJMW,AEO2026 Low Economic Growth
p100,2031,0.19192076,0.16449176999999998,0.12374623,0.16095005,PJMW,AEO2026 Low Economic Growth
p100,2032,0.1922052,0.16246815,0.12379296000000001,0.16157375,PJMW,AEO2026 Low Economic Growth
p100,2033,0.20081095000000002,0.1700259,0.12960644,0.16954177999999998,PJMW,AEO2026 Low Economic Growth
p100,2034,0.20366726,0.17186245,0.13035856,0.17164606,PJMW,AEO2026 Low Economic Growth
p100,2035,0.20680273,0.17413963,0.13176847,0.17411226,PJMW,AEO2026 Low Economic Growth
p100,2036,0.21192217,0.17813175,0.13497365,0.17841087000000003,PJMW,AEO2026 Low Economic Growth
p100,2037,0.22483505,0.19022148000000003,0.14423491,0.18833151,PJMW,AEO2026 Low Economic Growth
p100,2038,0.23812462,0.20306601000000002,0.15352214,0.19951329999999998,PJMW,AEO2026 Low Economic Growth
p100,2039,0.24050209,0.20350521,0.15404541,0.20141533,PJMW,AEO2026 Low Economic Growth
p100,2040,0.24720657,0.20864101000000002,0.15762521,0.20665859,PJMW,AEO2026 Low Economic Growth
p100,2041,0.25531328,0.21536489,0.162349,0.21338276,PJMW,AEO2026 Low Economic Growth
p100,2042,0.26468163,0.22288046,0.1681484,0.22225491000000003,PJMW,AEO2026 Low Economic Growth
p100,2043,0.27450373,0.23104956000000001,0.17404844,0.23025372,PJMW,AEO2026 Low Economic Growth
p100,2044,0.28741842,0.24152892999999998,0.18219677,0.24046990999999998,PJMW,AEO2026 Low Economic Growth
p100,2045,0.30020334,0.25235174,0.18951857,0.25129404,PJMW,AEO2026 Low Economic Growth
p100,2046,0.30995468,0.26043205,0.19504864000000002,0.25913834,PJMW,AEO2026 Low Economic Growth
p100,2047,0.32082592,0.26948864,0.2015472,0.26774052000000004,PJMW,AEO2026 Low Economic Growth
p100,2048,0.33279953,0.27964860999999996,0.20863152,0.27742163000000003,PJMW,AEO2026 Low Economic Growth
p100,2049,0.34435229999999994,0.28918898,0.2153303,0.28662856999999997,PJMW,AEO2026 Low Economic Growth
p100,2050,0.35696182,0.30000481,0.22247557,0.29664911,PJMW,AEO2026 Low Economic Growth
p101,2014,0.14908591,0.11167444,0.08079012,0.09845333,FRCC,AEO2026 Low Economic Growth
p101,2015,0.14908591,0.11167444,0.08079012,0.09845333,FRCC,AEO2026 Low Economic Growth
p101,2016,0.14908591,0.11167444,0.08079012,0.09845333,FRCC,AEO2026 Low Economic Growth
p101,2017,0.14908591,0.11167444,0.08079012,0.09845333,FRCC,AEO2026 Low Economic Growth
p101,2018,0.14908591,0.11167444,0.08079012,0.09845333,FRCC,AEO2026 Low Economic Growth
p101,2019,0.14908591,0.11167444,0.08079012,0.09845333,FRCC,AEO2026 Low Economic Growth
p101,2020,0.14908591,0.11167444,0.08079012,0.09845333,FRCC,AEO2026 Low Economic Growth
p101,2021,0.14908591,0.11167444,0.08079012,0.09845333,FRCC,AEO2026 Low Economic Growth
p101,2022,0.14908591,0.11167444,0.08079012,0.09845333,FRCC,AEO2026 Low Economic Growth
p101,2023,0.14908591,0.11167444,0.08079012,0.09845333,FRCC,AEO2026 Low Economic Growth
p101,2024,0.14908591,0.11167444,0.08079012,0.09845333,FRCC,AEO2026 Low Economic Growth
p101,2025,0.14908591,0.11167444,0.08079012,0.09845333,FRCC,AEO2026 Low Economic Growth
p101,2026,0.15702215,0.1186665,0.08683336999999999,0.10697714,FRCC,AEO2026 Low Economic Growth
p101,2027,0.16011076,0.11864952000000001,0.08717380999999999,0.10766846,FRCC,AEO2026 Low Economic Growth
p101,2028,0.16414942,0.12167554000000001,0.08979945,0.11083752000000001,FRCC,AEO2026 Low Economic Growth
p101,2029,0.16886448,0.12538417000000002,0.09312587,0.11481822,FRCC,AEO2026 Low Economic Growth
p101,2030,0.17523554,0.13250408,0.09971657,0.12163031,FRCC,AEO2026 Low Economic Growth
p101,2031,0.18356363,0.14031998,0.10662214,0.12946192,FRCC,AEO2026 Low Economic Growth
p101,2032,0.19218638999999998,0.14909046,0.11459272999999999,0.1382002,FRCC,AEO2026 Low Economic Growth
p101,2033,0.20014901999999998,0.15567638,0.12041226999999999,0.14528188,FRCC,AEO2026 Low Economic Growth
p101,2034,0.20548843000000003,0.15953075,0.12398222,0.14990052,FRCC,AEO2026 Low Economic Growth
p101,2035,0.21122366,0.16579643,0.12992876,0.15621644999999998,FRCC,AEO2026 Low Economic Growth
p101,2036,0.2176343,0.17093814999999998,0.13409879,0.16161083,FRCC,AEO2026 Low Economic Growth
p101,2037,0.22526678,0.18086784,0.14298027,0.17057257,FRCC,AEO2026 Low Economic Growth
p101,2038,0.23271776,0.18500587,0.14581161,0.17564367,FRCC,AEO2026 Low Economic Growth
p101,2039,0.239207,0.19409109000000002,0.15403045,0.18368126,FRCC,AEO2026 Low Economic Growth
p101,2040,0.24925087,0.20266626,0.16101877,0.19248083000000002,FRCC,AEO2026 Low Economic Growth
p101,2041,0.25641418,0.2086426,0.16583134000000002,0.19870024,FRCC,AEO2026 Low Economic Growth
p101,2042,0.26488823,0.21823599000000002,0.17416376,0.20756052,FRCC,AEO2026 Low Economic Growth
p101,2043,0.27451862,0.22603899,0.18031015,0.21570651999999998,FRCC,AEO2026 Low Economic Growth
p101,2044,0.28063263,0.2301687,0.18332764000000001,0.22038628,FRCC,AEO2026 Low Economic Growth
p101,2045,0.28531553,0.2332682,0.18559189,0.22384150000000003,FRCC,AEO2026 Low Economic Growth
p101,2046,0.29153444,0.23890427,0.19018721,0.22933973000000002,FRCC,AEO2026 Low Economic Growth
p101,2047,0.29968641,0.24610959999999998,0.19593718,0.23652313,FRCC,AEO2026 Low Economic Growth
p101,2048,0.30835955,0.25365362,0.20190249999999998,0.24405102,FRCC,AEO2026 Low Economic Growth
p101,2049,0.31760504,0.26206722,0.20862590999999997,0.25228956,FRCC,AEO2026 Low Economic Growth
p101,2050,0.3272974,0.27061096,0.2153718,0.26078358,FRCC,AEO2026 Low Economic Growth
p102,2014,0.14908591,0.11167444,0.08079012,0.09845333,FRCC,AEO2026 Low Economic Growth
p102,2015,0.14908591,0.11167444,0.08079012,0.09845333,FRCC,AEO2026 Low Economic Growth
p102,2016,0.14908591,0.11167444,0.08079012,0.09845333,FRCC,AEO2026 Low Economic Growth
p102,2017,0.14908591,0.11167444,0.08079012,0.09845333,FRCC,AEO2026 Low Economic Growth
p102,2018,0.14908591,0.11167444,0.08079012,0.09845333,FRCC,AEO2026 Low Economic Growth
p102,2019,0.14908591,0.11167444,0.08079012,0.09845333,FRCC,AEO2026 Low Economic Growth
p102,2020,0.14908591,0.11167444,0.08079012,0.09845333,FRCC,AEO2026 Low Economic Growth
p102,2021,0.14908591,0.11167444,0.08079012,0.09845333,FRCC,AEO2026 Low Economic Growth
p102,2022,0.14908591,0.11167444,0.08079012,0.09845333,FRCC,AEO2026 Low Economic Growth
p102,2023,0.14908591,0.11167444,0.08079012,0.09845333,FRCC,AEO2026 Low Economic Growth
p102,2024,0.14908591,0.11167444,0.08079012,0.09845333,FRCC,AEO2026 Low Economic Growth
p102,2025,0.14908591,0.11167444,0.08079012,0.09845333,FRCC,AEO2026 Low Economic Growth
p102,2026,0.15702215,0.1186665,0.08683336999999999,0.10697714,FRCC,AEO2026 Low Economic Growth
p102,2027,0.16011076,0.11864952000000001,0.08717380999999999,0.10766846,FRCC,AEO2026 Low Economic Growth
p102,2028,0.16414942,0.12167554000000001,0.08979945,0.11083752000000001,FRCC,AEO2026 Low Economic Growth
p102,2029,0.16886448,0.12538417000000002,0.09312587,0.11481822,FRCC,AEO2026 Low Economic Growth
p102,2030,0.17523554,0.13250408,0.09971657,0.12163031,FRCC,AEO2026 Low Economic Growth
p102,2031,0.18356363,0.14031998,0.10662214,0.12946192,FRCC,AEO2026 Low Economic Growth
p102,2032,0.19218638999999998,0.14909046,0.11459272999999999,0.1382002,FRCC,AEO2026 Low Economic Growth
p102,2033,0.20014901999999998,0.15567638,0.12041226999999999,0.14528188,FRCC,AEO2026 Low Economic Growth
p102,2034,0.20548843000000003,0.15953075,0.12398222,0.14990052,FRCC,AEO2026 Low Economic Growth
p102,2035,0.21122366,0.16579643,0.12992876,0.15621644999999998,FRCC,AEO2026 Low Economic Growth
p102,2036,0.2176343,0.17093814999999998,0.13409879,0.16161083,FRCC,AEO2026 Low Economic Growth
p102,2037,0.22526678,0.18086784,0.14298027,0.17057257,FRCC,AEO2026 Low Economic Growth
p102,2038,0.23271776,0.18500587,0.14581161,0.17564367,FRCC,AEO2026 Low Economic Growth
p102,2039,0.239207,0.19409109000000002,0.15403045,0.18368126,FRCC,AEO2026 Low Economic Growth
p102,2040,0.24925087,0.20266626,0.16101877,0.19248083000000002,FRCC,AEO2026 Low Economic Growth
p102,2041,0.25641418,0.2086426,0.16583134000000002,0.19870024,FRCC,AEO2026 Low Economic Growth
p102,2042,0.26488823,0.21823599000000002,0.17416376,0.20756052,FRCC,AEO2026 Low Economic Growth
p102,2043,0.27451862,0.22603899,0.18031015,0.21570651999999998,FRCC,AEO2026 Low Economic Growth
p102,2044,0.28063263,0.2301687,0.18332764000000001,0.22038628,FRCC,AEO2026 Low Economic Growth
p102,2045,0.28531553,0.2332682,0.18559189,0.22384150000000003,FRCC,AEO2026 Low Economic Growth
p102,2046,0.29153444,0.23890427,0.19018721,0.22933973000000002,FRCC,AEO2026 Low Economic Growth
p102,2047,0.29968641,0.24610959999999998,0.19593718,0.23652313,FRCC,AEO2026 Low Economic Growth
p102,2048,0.30835955,0.25365362,0.20190249999999998,0.24405102,FRCC,AEO2026 Low Economic Growth
p102,2049,0.31760504,0.26206722,0.20862590999999997,0.25228956,FRCC,AEO2026 Low Economic Growth
p102,2050,0.3272974,0.27061096,0.2153718,0.26078358,FRCC,AEO2026 Low Economic Growth
p103,2014,0.20401533,0.14906458,0.09115786,0.15683893,MISE,AEO2026 Low Economic Growth
p103,2015,0.20401533,0.14906458,0.09115786,0.15683893,MISE,AEO2026 Low Economic Growth
p103,2016,0.20401533,0.14906458,0.09115786,0.15683893,MISE,AEO2026 Low Economic Growth
p103,2017,0.20401533,0.14906458,0.09115786,0.15683893,MISE,AEO2026 Low Economic Growth
p103,2018,0.20401533,0.14906458,0.09115786,0.15683893,MISE,AEO2026 Low Economic Growth
p103,2019,0.20401533,0.14906458,0.09115786,0.15683893,MISE,AEO2026 Low Economic Growth
p103,2020,0.20401533,0.14906458,0.09115786,0.15683893,MISE,AEO2026 Low Economic Growth
p103,2021,0.20401533,0.14906458,0.09115786,0.15683893,MISE,AEO2026 Low Economic Growth
p103,2022,0.20401533,0.14906458,0.09115786,0.15683893,MISE,AEO2026 Low Economic Growth
p103,2023,0.20401533,0.14906458,0.09115786,0.15683893,MISE,AEO2026 Low Economic Growth
p103,2024,0.20401533,0.14906458,0.09115786,0.15683893,MISE,AEO2026 Low Economic Growth
p103,2025,0.20401533,0.14906458,0.09115786,0.15683893,MISE,AEO2026 Low Economic Growth
p103,2026,0.22389467,0.16055281000000002,0.09902493,0.17101376999999998,MISE,AEO2026 Low Economic Growth
p103,2027,0.21406647,0.15528577,0.09062626,0.16532129,MISE,AEO2026 Low Economic Growth
p103,2028,0.21090471,0.15180828,0.08893741999999999,0.16035337,MISE,AEO2026 Low Economic Growth
p103,2029,0.21900305,0.15782272,0.09281103,0.1661841,MISE,AEO2026 Low Economic Growth
p103,2030,0.23241631999999998,0.16819857,0.10016859,0.17648914000000002,MISE,AEO2026 Low Economic Growth
p103,2031,0.24691673000000003,0.18025158000000002,0.10808604000000001,0.18829163000000002,MISE,AEO2026 Low Economic Growth
p103,2032,0.25760641,0.18875129999999998,0.11310285,0.1974366,MISE,AEO2026 Low Economic Growth
p103,2033,0.26501793,0.19435296999999999,0.11678026,0.20323961000000001,MISE,AEO2026 Low Economic Growth
p103,2034,0.27342405,0.20001781000000002,0.12071685,0.20938675,MISE,AEO2026 Low Economic Growth
p103,2035,0.28158075,0.20592075,0.12414230999999999,0.21558405,MISE,AEO2026 Low Economic Growth
p103,2036,0.28873535,0.21072512,0.12679561,0.22071632000000002,MISE,AEO2026 Low Economic Growth
p103,2037,0.29707603,0.21639257,0.13085947,0.22636497,MISE,AEO2026 Low Economic Growth
p103,2038,0.30556477,0.22296417000000002,0.13453022,0.23276223999999998,MISE,AEO2026 Low Economic Growth
p103,2039,0.31367195,0.22821163,0.13762419,0.23834334999999998,MISE,AEO2026 Low Economic Growth
p103,2040,0.32421630999999995,0.23518503,0.14223094,0.24543753,MISE,AEO2026 Low Economic Growth
p103,2041,0.33398678,0.24242204999999997,0.14557617,0.25294519,MISE,AEO2026 Low Economic Growth
p103,2042,0.34189636,0.24759264000000003,0.14831373,0.2580637,MISE,AEO2026 Low Economic Growth
p103,2043,0.350326,0.25337392999999997,0.15099359,0.26372116,MISE,AEO2026 Low Economic Growth
p103,2044,0.36016402999999997,0.26023487,0.15446965000000001,0.27031815000000003,MISE,AEO2026 Low Economic Growth
p103,2045,0.37085529,0.267859,0.15817394,0.27770855,MISE,AEO2026 Low Economic Growth
p103,2046,0.38096676,0.27489912,0.16147189999999997,0.28452839,MISE,AEO2026 Low Economic Growth
p103,2047,0.39135178000000004,0.28203499,0.16503531999999999,0.29126801,MISE,AEO2026 Low Economic Growth
p103,2048,0.40282806,0.29031439,0.16902786,0.29911709,MISE,AEO2026 Low Economic Growth
p103,2049,0.41507671,0.29911312,0.17355821999999999,0.30739806999999997,MISE,AEO2026 Low Economic Growth
p103,2050,0.42740635,0.30826715,0.17784924,0.31595898,MISE,AEO2026 Low Economic Growth
p104,2014,0.15731378,0.13183809,0.10269985,0.1318707,PJMW,AEO2026 Low Economic Growth
p104,2015,0.15731378,0.13183809,0.10269985,0.1318707,PJMW,AEO2026 Low Economic Growth
p104,2016,0.15731378,0.13183809,0.10269985,0.1318707,PJMW,AEO2026 Low Economic Growth
p104,2017,0.15731378,0.13183809,0.10269985,0.1318707,PJMW,AEO2026 Low Economic Growth
p104,2018,0.15731378,0.13183809,0.10269985,0.1318707,PJMW,AEO2026 Low Economic Growth
p104,2019,0.15731378,0.13183809,0.10269985,0.1318707,PJMW,AEO2026 Low Economic Growth
p104,2020,0.15731378,0.13183809,0.10269985,0.1318707,PJMW,AEO2026 Low Economic Growth
p104,2021,0.15731378,0.13183809,0.10269985,0.1318707,PJMW,AEO2026 Low Economic Growth
p104,2022,0.15731378,0.13183809,0.10269985,0.1318707,PJMW,AEO2026 Low Economic Growth
p104,2023,0.15731378,0.13183809,0.10269985,0.1318707,PJMW,AEO2026 Low Economic Growth
p104,2024,0.15731378,0.13183809,0.10269985,0.1318707,PJMW,AEO2026 Low Economic Growth
p104,2025,0.15731378,0.13183809,0.10269985,0.1318707,PJMW,AEO2026 Low Economic Growth
p104,2026,0.16321844,0.1352341,0.10426828,0.13612576,PJMW,AEO2026 Low Economic Growth
p104,2027,0.16354081999999998,0.13657681,0.10337226,0.13653105999999998,PJMW,AEO2026 Low Economic Growth
p104,2028,0.16178831,0.13487258000000002,0.10195818,0.13411857,PJMW,AEO2026 Low Economic Growth
p104,2029,0.16852374999999997,0.14135363,0.10679965,0.14005888,PJMW,AEO2026 Low Economic Growth
p104,2030,0.17492289,0.14683228,0.11147817,0.14585681,PJMW,AEO2026 Low Economic Growth
p104,2031,0.19192076,0.16449176999999998,0.12374623,0.16095005,PJMW,AEO2026 Low Economic Growth
p104,2032,0.1922052,0.16246815,0.12379296000000001,0.16157375,PJMW,AEO2026 Low Economic Growth
p104,2033,0.20081095000000002,0.1700259,0.12960644,0.16954177999999998,PJMW,AEO2026 Low Economic Growth
p104,2034,0.20366726,0.17186245,0.13035856,0.17164606,PJMW,AEO2026 Low Economic Growth
p104,2035,0.20680273,0.17413963,0.13176847,0.17411226,PJMW,AEO2026 Low Economic Growth
p104,2036,0.21192217,0.17813175,0.13497365,0.17841087000000003,PJMW,AEO2026 Low Economic Growth
p104,2037,0.22483505,0.19022148000000003,0.14423491,0.18833151,PJMW,AEO2026 Low Economic Growth
p104,2038,0.23812462,0.20306601000000002,0.15352214,0.19951329999999998,PJMW,AEO2026 Low Economic Growth
p104,2039,0.24050209,0.20350521,0.15404541,0.20141533,PJMW,AEO2026 Low Economic Growth
p104,2040,0.24720657,0.20864101000000002,0.15762521,0.20665859,PJMW,AEO2026 Low Economic Growth
p104,2041,0.25531328,0.21536489,0.162349,0.21338276,PJMW,AEO2026 Low Economic Growth
p104,2042,0.26468163,0.22288046,0.1681484,0.22225491000000003,PJMW,AEO2026 Low Economic Growth
p104,2043,0.27450373,0.23104956000000001,0.17404844,0.23025372,PJMW,AEO2026 Low Economic Growth
p104,2044,0.28741842,0.24152892999999998,0.18219677,0.24046990999999998,PJMW,AEO2026 Low Economic Growth
p104,2045,0.30020334,0.25235174,0.18951857,0.25129404,PJMW,AEO2026 Low Economic Growth
p104,2046,0.30995468,0.26043205,0.19504864000000002,0.25913834,PJMW,AEO2026 Low Economic Growth
p104,2047,0.32082592,0.26948864,0.2015472,0.26774052000000004,PJMW,AEO2026 Low Economic Growth
p104,2048,0.33279953,0.27964860999999996,0.20863152,0.27742163000000003,PJMW,AEO2026 Low Economic Growth
p104,2049,0.34435229999999994,0.28918898,0.2153303,0.28662856999999997,PJMW,AEO2026 Low Economic Growth
p104,2050,0.35696182,0.30000481,0.22247557,0.29664911,PJMW,AEO2026 Low Economic Growth
p105,2014,0.15731378,0.13183809,0.10269985,0.1318707,PJMW,AEO2026 Low Economic Growth
p105,2015,0.15731378,0.13183809,0.10269985,0.1318707,PJMW,AEO2026 Low Economic Growth
p105,2016,0.15731378,0.13183809,0.10269985,0.1318707,PJMW,AEO2026 Low Economic Growth
p105,2017,0.15731378,0.13183809,0.10269985,0.1318707,PJMW,AEO2026 Low Economic Growth
p105,2018,0.15731378,0.13183809,0.10269985,0.1318707,PJMW,AEO2026 Low Economic Growth
p105,2019,0.15731378,0.13183809,0.10269985,0.1318707,PJMW,AEO2026 Low Economic Growth
p105,2020,0.15731378,0.13183809,0.10269985,0.1318707,PJMW,AEO2026 Low Economic Growth
p105,2021,0.15731378,0.13183809,0.10269985,0.1318707,PJMW,AEO2026 Low Economic Growth
p105,2022,0.15731378,0.13183809,0.10269985,0.1318707,PJMW,AEO2026 Low Economic Growth
p105,2023,0.15731378,0.13183809,0.10269985,0.1318707,PJMW,AEO2026 Low Economic Growth
p105,2024,0.15731378,0.13183809,0.10269985,0.1318707,PJMW,AEO2026 Low Economic Growth
p105,2025,0.15731378,0.13183809,0.10269985,0.1318707,PJMW,AEO2026 Low Economic Growth
p105,2026,0.16321844,0.1352341,0.10426828,0.13612576,PJMW,AEO2026 Low Economic Growth
p105,2027,0.16354081999999998,0.13657681,0.10337226,0.13653105999999998,PJMW,AEO2026 Low Economic Growth
p105,2028,0.16178831,0.13487258000000002,0.10195818,0.13411857,PJMW,AEO2026 Low Economic Growth
p105,2029,0.16852374999999997,0.14135363,0.10679965,0.14005888,PJMW,AEO2026 Low Economic Growth
p105,2030,0.17492289,0.14683228,0.11147817,0.14585681,PJMW,AEO2026 Low Economic Growth
p105,2031,0.19192076,0.16449176999999998,0.12374623,0.16095005,PJMW,AEO2026 Low Economic Growth
p105,2032,0.1922052,0.16246815,0.12379296000000001,0.16157375,PJMW,AEO2026 Low Economic Growth
p105,2033,0.20081095000000002,0.1700259,0.12960644,0.16954177999999998,PJMW,AEO2026 Low Economic Growth
p105,2034,0.20366726,0.17186245,0.13035856,0.17164606,PJMW,AEO2026 Low Economic Growth
p105,2035,0.20680273,0.17413963,0.13176847,0.17411226,PJMW,AEO2026 Low Economic Growth
p105,2036,0.21192217,0.17813175,0.13497365,0.17841087000000003,PJMW,AEO2026 Low Economic Growth
p105,2037,0.22483505,0.19022148000000003,0.14423491,0.18833151,PJMW,AEO2026 Low Economic Growth
p105,2038,0.23812462,0.20306601000000002,0.15352214,0.19951329999999998,PJMW,AEO2026 Low Economic Growth
p105,2039,0.24050209,0.20350521,0.15404541,0.20141533,PJMW,AEO2026 Low Economic Growth
p105,2040,0.24720657,0.20864101000000002,0.15762521,0.20665859,PJMW,AEO2026 Low Economic Growth
p105,2041,0.25531328,0.21536489,0.162349,0.21338276,PJMW,AEO2026 Low Economic Growth
p105,2042,0.26468163,0.22288046,0.1681484,0.22225491000000003,PJMW,AEO2026 Low Economic Growth
p105,2043,0.27450373,0.23104956000000001,0.17404844,0.23025372,PJMW,AEO2026 Low Economic Growth
p105,2044,0.28741842,0.24152892999999998,0.18219677,0.24046990999999998,PJMW,AEO2026 Low Economic Growth
p105,2045,0.30020334,0.25235174,0.18951857,0.25129404,PJMW,AEO2026 Low Economic Growth
p105,2046,0.30995468,0.26043205,0.19504864000000002,0.25913834,PJMW,AEO2026 Low Economic Growth
p105,2047,0.32082592,0.26948864,0.2015472,0.26774052000000004,PJMW,AEO2026 Low Economic Growth
p105,2048,0.33279953,0.27964860999999996,0.20863152,0.27742163000000003,PJMW,AEO2026 Low Economic Growth
p105,2049,0.34435229999999994,0.28918898,0.2153303,0.28662856999999997,PJMW,AEO2026 Low Economic Growth
p105,2050,0.35696182,0.30000481,0.22247557,0.29664911,PJMW,AEO2026 Low Economic Growth
p106,2014,0.15292738,0.12098224,0.08863428000000001,0.12760888,MISC,AEO2026 Low Economic Growth
p106,2015,0.15292738,0.12098224,0.08863428000000001,0.12760888,MISC,AEO2026 Low Economic Growth
p106,2016,0.15292738,0.12098224,0.08863428000000001,0.12760888,MISC,AEO2026 Low Economic Growth
p106,2017,0.15292738,0.12098224,0.08863428000000001,0.12760888,MISC,AEO2026 Low Economic Growth
p106,2018,0.15292738,0.12098224,0.08863428000000001,0.12760888,MISC,AEO2026 Low Economic Growth
p106,2019,0.15292738,0.12098224,0.08863428000000001,0.12760888,MISC,AEO2026 Low Economic Growth
p106,2020,0.15292738,0.12098224,0.08863428000000001,0.12760888,MISC,AEO2026 Low Economic Growth
p106,2021,0.15292738,0.12098224,0.08863428000000001,0.12760888,MISC,AEO2026 Low Economic Growth
p106,2022,0.15292738,0.12098224,0.08863428000000001,0.12760888,MISC,AEO2026 Low Economic Growth
p106,2023,0.15292738,0.12098224,0.08863428000000001,0.12760888,MISC,AEO2026 Low Economic Growth
p106,2024,0.15292738,0.12098224,0.08863428000000001,0.12760888,MISC,AEO2026 Low Economic Growth
p106,2025,0.15292738,0.12098224,0.08863428000000001,0.12760888,MISC,AEO2026 Low Economic Growth
p106,2026,0.15796559,0.12393694,0.09022786,0.13179741,MISC,AEO2026 Low Economic Growth
p106,2027,0.15796376,0.12453185,0.08921022,0.13182229,MISC,AEO2026 Low Economic Growth
p106,2028,0.15853228,0.1250903,0.0895885,0.13175008,MISC,AEO2026 Low Economic Growth
p106,2029,0.16385940999999998,0.12991521,0.09295505999999999,0.13642191,MISC,AEO2026 Low Economic Growth
p106,2030,0.17103860999999998,0.13642218,0.09776141,0.14295308,MISC,AEO2026 Low Economic Growth
p106,2031,0.18237300999999997,0.14742604,0.10555242,0.15366057,MISC,AEO2026 Low Economic Growth
p106,2032,0.18810194,0.15150732,0.10914465999999999,0.15882683,MISC,AEO2026 Low Economic Growth
p106,2033,0.19689222,0.15932276,0.11473884999999999,0.1673527,MISC,AEO2026 Low Economic Growth
p106,2034,0.19956474,0.16148384,0.11589511,0.16990756999999998,MISC,AEO2026 Low Economic Growth
p106,2035,0.20228991000000002,0.1634687,0.11741956,0.17205034000000002,MISC,AEO2026 Low Economic Growth
p106,2036,0.20713716999999998,0.16726492,0.12050417,0.17608806999999999,MISC,AEO2026 Low Economic Growth
p106,2037,0.21379916999999998,0.17282146,0.12492373000000001,0.18162399,MISC,AEO2026 Low Economic Growth
p106,2038,0.22261846999999998,0.18124490999999998,0.131163,0.18949184,MISC,AEO2026 Low Economic Growth
p106,2039,0.2281321,0.18468811,0.13434955,0.19355276,MISC,AEO2026 Low Economic Growth
p106,2040,0.23602476,0.19134756,0.13892376,0.200676,MISC,AEO2026 Low Economic Growth
p106,2041,0.24231607,0.19672287,0.1425688,0.20631849,MISC,AEO2026 Low Economic Growth
p106,2042,0.24928346999999998,0.20248808000000001,0.14694343999999998,0.21210508,MISC,AEO2026 Low Economic Growth
p106,2043,0.25618483999999997,0.20843628,0.15080483,0.21823988,MISC,AEO2026 Low Economic Growth
p106,2044,0.2677108,0.21735734999999998,0.15825323,0.22694593000000002,MISC,AEO2026 Low Economic Growth
p106,2045,0.27795692,0.22654951,0.16394449000000003,0.23672126999999998,MISC,AEO2026 Low Economic Growth
p106,2046,0.28560907,0.23285656,0.16832275,0.24291965000000001,MISC,AEO2026 Low Economic Growth
p106,2047,0.29403015,0.24005081,0.17318139999999999,0.25004684,MISC,AEO2026 Low Economic Growth
p106,2048,0.3032202,0.24770197,0.1783532,0.25754438,MISC,AEO2026 Low Economic Growth
p106,2049,0.31311329,0.25586029,0.18388184,0.26553253,MISC,AEO2026 Low Economic Growth
p106,2050,0.32277287,0.2639572,0.1891769,0.27348543,MISC,AEO2026 Low Economic Growth
p107,2014,0.15292738,0.12098224,0.08863428000000001,0.12760888,MISC,AEO2026 Low Economic Growth
p107,2015,0.15292738,0.12098224,0.08863428000000001,0.12760888,MISC,AEO2026 Low Economic Growth
p107,2016,0.15292738,0.12098224,0.08863428000000001,0.12760888,MISC,AEO2026 Low Economic Growth
p107,2017,0.15292738,0.12098224,0.08863428000000001,0.12760888,MISC,AEO2026 Low Economic Growth
p107,2018,0.15292738,0.12098224,0.08863428000000001,0.12760888,MISC,AEO2026 Low Economic Growth
p107,2019,0.15292738,0.12098224,0.08863428000000001,0.12760888,MISC,AEO2026 Low Economic Growth
p107,2020,0.15292738,0.12098224,0.08863428000000001,0.12760888,MISC,AEO2026 Low Economic Growth
p107,2021,0.15292738,0.12098224,0.08863428000000001,0.12760888,MISC,AEO2026 Low Economic Growth
p107,2022,0.15292738,0.12098224,0.08863428000000001,0.12760888,MISC,AEO2026 Low Economic Growth
p107,2023,0.15292738,0.12098224,0.08863428000000001,0.12760888,MISC,AEO2026 Low Economic Growth
p107,2024,0.15292738,0.12098224,0.08863428000000001,0.12760888,MISC,AEO2026 Low Economic Growth
p107,2025,0.15292738,0.12098224,0.08863428000000001,0.12760888,MISC,AEO2026 Low Economic Growth
p107,2026,0.15796559,0.12393694,0.09022786,0.13179741,MISC,AEO2026 Low Economic Growth
p107,2027,0.15796376,0.12453185,0.08921022,0.13182229,MISC,AEO2026 Low Economic Growth
p107,2028,0.15853228,0.1250903,0.0895885,0.13175008,MISC,AEO2026 Low Economic Growth
p107,2029,0.16385940999999998,0.12991521,0.09295505999999999,0.13642191,MISC,AEO2026 Low Economic Growth
p107,2030,0.17103860999999998,0.13642218,0.09776141,0.14295308,MISC,AEO2026 Low Economic Growth
p107,2031,0.18237300999999997,0.14742604,0.10555242,0.15366057,MISC,AEO2026 Low Economic Growth
p107,2032,0.18810194,0.15150732,0.10914465999999999,0.15882683,MISC,AEO2026 Low Economic Growth
p107,2033,0.19689222,0.15932276,0.11473884999999999,0.1673527,MISC,AEO2026 Low Economic Growth
p107,2034,0.19956474,0.16148384,0.11589511,0.16990756999999998,MISC,AEO2026 Low Economic Growth
p107,2035,0.20228991000000002,0.1634687,0.11741956,0.17205034000000002,MISC,AEO2026 Low Economic Growth
p107,2036,0.20713716999999998,0.16726492,0.12050417,0.17608806999999999,MISC,AEO2026 Low Economic Growth
p107,2037,0.21379916999999998,0.17282146,0.12492373000000001,0.18162399,MISC,AEO2026 Low Economic Growth
p107,2038,0.22261846999999998,0.18124490999999998,0.131163,0.18949184,MISC,AEO2026 Low Economic Growth
p107,2039,0.2281321,0.18468811,0.13434955,0.19355276,MISC,AEO2026 Low Economic Growth
p107,2040,0.23602476,0.19134756,0.13892376,0.200676,MISC,AEO2026 Low Economic Growth
p107,2041,0.24231607,0.19672287,0.1425688,0.20631849,MISC,AEO2026 Low Economic Growth
p107,2042,0.24928346999999998,0.20248808000000001,0.14694343999999998,0.21210508,MISC,AEO2026 Low Economic Growth
p107,2043,0.25618483999999997,0.20843628,0.15080483,0.21823988,MISC,AEO2026 Low Economic Growth
p107,2044,0.2677108,0.21735734999999998,0.15825323,0.22694593000000002,MISC,AEO2026 Low Economic Growth
p107,2045,0.27795692,0.22654951,0.16394449000000003,0.23672126999999998,MISC,AEO2026 Low Economic Growth
p107,2046,0.28560907,0.23285656,0.16832275,0.24291965000000001,MISC,AEO2026 Low Economic Growth
p107,2047,0.29403015,0.24005081,0.17318139999999999,0.25004684,MISC,AEO2026 Low Economic Growth
p107,2048,0.3032202,0.24770197,0.1783532,0.25754438,MISC,AEO2026 Low Economic Growth
p107,2049,0.31311329,0.25586029,0.18388184,0.26553253,MISC,AEO2026 Low Economic Growth
p107,2050,0.32277287,0.2639572,0.1891769,0.27348543,MISC,AEO2026 Low Economic Growth
p108,2014,0.12850008000000002,0.11948691,0.059511909999999994,0.10643253,SRCE,AEO2026 Low Economic Growth
p108,2015,0.12850008000000002,0.11948691,0.059511909999999994,0.10643253,SRCE,AEO2026 Low Economic Growth
p108,2016,0.12850008000000002,0.11948691,0.059511909999999994,0.10643253,SRCE,AEO2026 Low Economic Growth
p108,2017,0.12850008000000002,0.11948691,0.059511909999999994,0.10643253,SRCE,AEO2026 Low Economic Growth
p108,2018,0.12850008000000002,0.11948691,0.059511909999999994,0.10643253,SRCE,AEO2026 Low Economic Growth
p108,2019,0.12850008000000002,0.11948691,0.059511909999999994,0.10643253,SRCE,AEO2026 Low Economic Growth
p108,2020,0.12850008000000002,0.11948691,0.059511909999999994,0.10643253,SRCE,AEO2026 Low Economic Growth
p108,2021,0.12850008000000002,0.11948691,0.059511909999999994,0.10643253,SRCE,AEO2026 Low Economic Growth
p108,2022,0.12850008000000002,0.11948691,0.059511909999999994,0.10643253,SRCE,AEO2026 Low Economic Growth
p108,2023,0.12850008000000002,0.11948691,0.059511909999999994,0.10643253,SRCE,AEO2026 Low Economic Growth
p108,2024,0.12850008000000002,0.11948691,0.059511909999999994,0.10643253,SRCE,AEO2026 Low Economic Growth
p108,2025,0.12850008000000002,0.11948691,0.059511909999999994,0.10643253,SRCE,AEO2026 Low Economic Growth
p108,2026,0.13241371,0.12555099,0.06263471,0.11221646,SRCE,AEO2026 Low Economic Growth
p108,2027,0.12281345999999999,0.11135078999999999,0.053315919999999996,0.10082761,SRCE,AEO2026 Low Economic Growth
p108,2028,0.12381611,0.11258958,0.053845910000000004,0.10174714,SRCE,AEO2026 Low Economic Growth
p108,2029,0.12896849,0.11826940999999999,0.05689825,0.1066951,SRCE,AEO2026 Low Economic Growth
p108,2030,0.13624676,0.12609586,0.06140201,0.1136831,SRCE,AEO2026 Low Economic Growth
p108,2031,0.14306232,0.13323483,0.06553689,0.12024385,SRCE,AEO2026 Low Economic Growth
p108,2032,0.15288274,0.14361447,0.0720154,0.12941554,SRCE,AEO2026 Low Economic Growth
p108,2033,0.15707907000000002,0.14740727,0.07415109,0.13345815,SRCE,AEO2026 Low Economic Growth
p108,2034,0.16040665,0.1503298,0.07589843,0.13653748,SRCE,AEO2026 Low Economic Growth
p108,2035,0.16462596999999998,0.15427943,0.07820795999999999,0.14045626,SRCE,AEO2026 Low Economic Growth
p108,2036,0.16887598,0.15830897,0.08072422,0.14422788,SRCE,AEO2026 Low Economic Growth
p108,2037,0.17393642,0.16342649,0.08383742,0.14900143999999999,SRCE,AEO2026 Low Economic Growth
p108,2038,0.17966608,0.16934853,0.0872425,0.15463354,SRCE,AEO2026 Low Economic Growth
p108,2039,0.18938015,0.17993891,0.09383208,0.16402721,SRCE,AEO2026 Low Economic Growth
p108,2040,0.19669146999999998,0.18749186,0.09808773999999999,0.17119413000000003,SRCE,AEO2026 Low Economic Growth
p108,2041,0.20276841999999998,0.19367624,0.10157429999999999,0.17701242,SRCE,AEO2026 Low Economic Growth
p108,2042,0.20855967,0.19956932,0.10481585,0.1825197,SRCE,AEO2026 Low Economic Growth
p108,2043,0.21504505000000002,0.20615852,0.10819361000000001,0.18875883000000002,SRCE,AEO2026 Low Economic Growth
p108,2044,0.22193580999999998,0.21323885,0.1118773,0.19539394000000002,SRCE,AEO2026 Low Economic Growth
p108,2045,0.22809294000000002,0.2192725,0.11519799000000001,0.20071306,SRCE,AEO2026 Low Economic Growth
p108,2046,0.23613573,0.22750683,0.1194291,0.20837782000000002,SRCE,AEO2026 Low Economic Growth
p108,2047,0.24481214999999998,0.23532221,0.12353624999999999,0.21525198,SRCE,AEO2026 Low Economic Growth
p108,2048,0.25470751,0.24428263,0.12813849,0.22322147,SRCE,AEO2026 Low Economic Growth
p108,2049,0.26538015000000004,0.2540444,0.13318557,0.23189215000000002,SRCE,AEO2026 Low Economic Growth
p108,2050,0.27585983,0.26345564,0.13792588,0.24033014000000003,SRCE,AEO2026 Low Economic Growth
p109,2014,0.12850008000000002,0.11948691,0.059511909999999994,0.10643253,SRCE,AEO2026 Low Economic Growth
p109,2015,0.12850008000000002,0.11948691,0.059511909999999994,0.10643253,SRCE,AEO2026 Low Economic Growth
p109,2016,0.12850008000000002,0.11948691,0.059511909999999994,0.10643253,SRCE,AEO2026 Low Economic Growth
p109,2017,0.12850008000000002,0.11948691,0.059511909999999994,0.10643253,SRCE,AEO2026 Low Economic Growth
p109,2018,0.12850008000000002,0.11948691,0.059511909999999994,0.10643253,SRCE,AEO2026 Low Economic Growth
p109,2019,0.12850008000000002,0.11948691,0.059511909999999994,0.10643253,SRCE,AEO2026 Low Economic Growth
p109,2020,0.12850008000000002,0.11948691,0.059511909999999994,0.10643253,SRCE,AEO2026 Low Economic Growth
p109,2021,0.12850008000000002,0.11948691,0.059511909999999994,0.10643253,SRCE,AEO2026 Low Economic Growth
p109,2022,0.12850008000000002,0.11948691,0.059511909999999994,0.10643253,SRCE,AEO2026 Low Economic Growth
p109,2023,0.12850008000000002,0.11948691,0.059511909999999994,0.10643253,SRCE,AEO2026 Low Economic Growth
p109,2024,0.12850008000000002,0.11948691,0.059511909999999994,0.10643253,SRCE,AEO2026 Low Economic Growth
p109,2025,0.12850008000000002,0.11948691,0.059511909999999994,0.10643253,SRCE,AEO2026 Low Economic Growth
p109,2026,0.13241371,0.12555099,0.06263471,0.11221646,SRCE,AEO2026 Low Economic Growth
p109,2027,0.12281345999999999,0.11135078999999999,0.053315919999999996,0.10082761,SRCE,AEO2026 Low Economic Growth
p109,2028,0.12381611,0.11258958,0.053845910000000004,0.10174714,SRCE,AEO2026 Low Economic Growth
p109,2029,0.12896849,0.11826940999999999,0.05689825,0.1066951,SRCE,AEO2026 Low Economic Growth
p109,2030,0.13624676,0.12609586,0.06140201,0.1136831,SRCE,AEO2026 Low Economic Growth
p109,2031,0.14306232,0.13323483,0.06553689,0.12024385,SRCE,AEO2026 Low Economic Growth
p109,2032,0.15288274,0.14361447,0.0720154,0.12941554,SRCE,AEO2026 Low Economic Growth
p109,2033,0.15707907000000002,0.14740727,0.07415109,0.13345815,SRCE,AEO2026 Low Economic Growth
p109,2034,0.16040665,0.1503298,0.07589843,0.13653748,SRCE,AEO2026 Low Economic Growth
p109,2035,0.16462596999999998,0.15427943,0.07820795999999999,0.14045626,SRCE,AEO2026 Low Economic Growth
p109,2036,0.16887598,0.15830897,0.08072422,0.14422788,SRCE,AEO2026 Low Economic Growth
p109,2037,0.17393642,0.16342649,0.08383742,0.14900143999999999,SRCE,AEO2026 Low Economic Growth
p109,2038,0.17966608,0.16934853,0.0872425,0.15463354,SRCE,AEO2026 Low Economic Growth
p109,2039,0.18938015,0.17993891,0.09383208,0.16402721,SRCE,AEO2026 Low Economic Growth
p109,2040,0.19669146999999998,0.18749186,0.09808773999999999,0.17119413000000003,SRCE,AEO2026 Low Economic Growth
p109,2041,0.20276841999999998,0.19367624,0.10157429999999999,0.17701242,SRCE,AEO2026 Low Economic Growth
p109,2042,0.20855967,0.19956932,0.10481585,0.1825197,SRCE,AEO2026 Low Economic Growth
p109,2043,0.21504505000000002,0.20615852,0.10819361000000001,0.18875883000000002,SRCE,AEO2026 Low Economic Growth
p109,2044,0.22193580999999998,0.21323885,0.1118773,0.19539394000000002,SRCE,AEO2026 Low Economic Growth
p109,2045,0.22809294000000002,0.2192725,0.11519799000000001,0.20071306,SRCE,AEO2026 Low Economic Growth
p109,2046,0.23613573,0.22750683,0.1194291,0.20837782000000002,SRCE,AEO2026 Low Economic Growth
p109,2047,0.24481214999999998,0.23532221,0.12353624999999999,0.21525198,SRCE,AEO2026 Low Economic Growth
p109,2048,0.25470751,0.24428263,0.12813849,0.22322147,SRCE,AEO2026 Low Economic Growth
p109,2049,0.26538015000000004,0.2540444,0.13318557,0.23189215000000002,SRCE,AEO2026 Low Economic Growth
p109,2050,0.27585983,0.26345564,0.13792588,0.24033014000000003,SRCE,AEO2026 Low Economic Growth
p110,2014,0.15731378,0.13183809,0.10269985,0.1318707,PJMW,AEO2026 Low Economic Growth
p110,2015,0.15731378,0.13183809,0.10269985,0.1318707,PJMW,AEO2026 Low Economic Growth
p110,2016,0.15731378,0.13183809,0.10269985,0.1318707,PJMW,AEO2026 Low Economic Growth
p110,2017,0.15731378,0.13183809,0.10269985,0.1318707,PJMW,AEO2026 Low Economic Growth
p110,2018,0.15731378,0.13183809,0.10269985,0.1318707,PJMW,AEO2026 Low Economic Growth
p110,2019,0.15731378,0.13183809,0.10269985,0.1318707,PJMW,AEO2026 Low Economic Growth
p110,2020,0.15731378,0.13183809,0.10269985,0.1318707,PJMW,AEO2026 Low Economic Growth
p110,2021,0.15731378,0.13183809,0.10269985,0.1318707,PJMW,AEO2026 Low Economic Growth
p110,2022,0.15731378,0.13183809,0.10269985,0.1318707,PJMW,AEO2026 Low Economic Growth
p110,2023,0.15731378,0.13183809,0.10269985,0.1318707,PJMW,AEO2026 Low Economic Growth
p110,2024,0.15731378,0.13183809,0.10269985,0.1318707,PJMW,AEO2026 Low Economic Growth
p110,2025,0.15731378,0.13183809,0.10269985,0.1318707,PJMW,AEO2026 Low Economic Growth
p110,2026,0.16321844,0.1352341,0.10426828,0.13612576,PJMW,AEO2026 Low Economic Growth
p110,2027,0.16354081999999998,0.13657681,0.10337226,0.13653105999999998,PJMW,AEO2026 Low Economic Growth
p110,2028,0.16178831,0.13487258000000002,0.10195818,0.13411857,PJMW,AEO2026 Low Economic Growth
p110,2029,0.16852374999999997,0.14135363,0.10679965,0.14005888,PJMW,AEO2026 Low Economic Growth
p110,2030,0.17492289,0.14683228,0.11147817,0.14585681,PJMW,AEO2026 Low Economic Growth
p110,2031,0.19192076,0.16449176999999998,0.12374623,0.16095005,PJMW,AEO2026 Low Economic Growth
p110,2032,0.1922052,0.16246815,0.12379296000000001,0.16157375,PJMW,AEO2026 Low Economic Growth
p110,2033,0.20081095000000002,0.1700259,0.12960644,0.16954177999999998,PJMW,AEO2026 Low Economic Growth
p110,2034,0.20366726,0.17186245,0.13035856,0.17164606,PJMW,AEO2026 Low Economic Growth
p110,2035,0.20680273,0.17413963,0.13176847,0.17411226,PJMW,AEO2026 Low Economic Growth
p110,2036,0.21192217,0.17813175,0.13497365,0.17841087000000003,PJMW,AEO2026 Low Economic Growth
p110,2037,0.22483505,0.19022148000000003,0.14423491,0.18833151,PJMW,AEO2026 Low Economic Growth
p110,2038,0.23812462,0.20306601000000002,0.15352214,0.19951329999999998,PJMW,AEO2026 Low Economic Growth
p110,2039,0.24050209,0.20350521,0.15404541,0.20141533,PJMW,AEO2026 Low Economic Growth
p110,2040,0.24720657,0.20864101000000002,0.15762521,0.20665859,PJMW,AEO2026 Low Economic Growth
p110,2041,0.25531328,0.21536489,0.162349,0.21338276,PJMW,AEO2026 Low Economic Growth
p110,2042,0.26468163,0.22288046,0.1681484,0.22225491000000003,PJMW,AEO2026 Low Economic Growth
p110,2043,0.27450373,0.23104956000000001,0.17404844,0.23025372,PJMW,AEO2026 Low Economic Growth
p110,2044,0.28741842,0.24152892999999998,0.18219677,0.24046990999999998,PJMW,AEO2026 Low Economic Growth
p110,2045,0.30020334,0.25235174,0.18951857,0.25129404,PJMW,AEO2026 Low Economic Growth
p110,2046,0.30995468,0.26043205,0.19504864000000002,0.25913834,PJMW,AEO2026 Low Economic Growth
p110,2047,0.32082592,0.26948864,0.2015472,0.26774052000000004,PJMW,AEO2026 Low Economic Growth
p110,2048,0.33279953,0.27964860999999996,0.20863152,0.27742163000000003,PJMW,AEO2026 Low Economic Growth
p110,2049,0.34435229999999994,0.28918898,0.2153303,0.28662856999999997,PJMW,AEO2026 Low Economic Growth
p110,2050,0.35696182,0.30000481,0.22247557,0.29664911,PJMW,AEO2026 Low Economic Growth
p111,2014,0.15731378,0.13183809,0.10269985,0.1318707,PJMW,AEO2026 Low Economic Growth
p111,2015,0.15731378,0.13183809,0.10269985,0.1318707,PJMW,AEO2026 Low Economic Growth
p111,2016,0.15731378,0.13183809,0.10269985,0.1318707,PJMW,AEO2026 Low Economic Growth
p111,2017,0.15731378,0.13183809,0.10269985,0.1318707,PJMW,AEO2026 Low Economic Growth
p111,2018,0.15731378,0.13183809,0.10269985,0.1318707,PJMW,AEO2026 Low Economic Growth
p111,2019,0.15731378,0.13183809,0.10269985,0.1318707,PJMW,AEO2026 Low Economic Growth
p111,2020,0.15731378,0.13183809,0.10269985,0.1318707,PJMW,AEO2026 Low Economic Growth
p111,2021,0.15731378,0.13183809,0.10269985,0.1318707,PJMW,AEO2026 Low Economic Growth
p111,2022,0.15731378,0.13183809,0.10269985,0.1318707,PJMW,AEO2026 Low Economic Growth
p111,2023,0.15731378,0.13183809,0.10269985,0.1318707,PJMW,AEO2026 Low Economic Growth
p111,2024,0.15731378,0.13183809,0.10269985,0.1318707,PJMW,AEO2026 Low Economic Growth
p111,2025,0.15731378,0.13183809,0.10269985,0.1318707,PJMW,AEO2026 Low Economic Growth
p111,2026,0.16321844,0.1352341,0.10426828,0.13612576,PJMW,AEO2026 Low Economic Growth
p111,2027,0.16354081999999998,0.13657681,0.10337226,0.13653105999999998,PJMW,AEO2026 Low Economic Growth
p111,2028,0.16178831,0.13487258000000002,0.10195818,0.13411857,PJMW,AEO2026 Low Economic Growth
p111,2029,0.16852374999999997,0.14135363,0.10679965,0.14005888,PJMW,AEO2026 Low Economic Growth
p111,2030,0.17492289,0.14683228,0.11147817,0.14585681,PJMW,AEO2026 Low Economic Growth
p111,2031,0.19192076,0.16449176999999998,0.12374623,0.16095005,PJMW,AEO2026 Low Economic Growth
p111,2032,0.1922052,0.16246815,0.12379296000000001,0.16157375,PJMW,AEO2026 Low Economic Growth
p111,2033,0.20081095000000002,0.1700259,0.12960644,0.16954177999999998,PJMW,AEO2026 Low Economic Growth
p111,2034,0.20366726,0.17186245,0.13035856,0.17164606,PJMW,AEO2026 Low Economic Growth
p111,2035,0.20680273,0.17413963,0.13176847,0.17411226,PJMW,AEO2026 Low Economic Growth
p111,2036,0.21192217,0.17813175,0.13497365,0.17841087000000003,PJMW,AEO2026 Low Economic Growth
p111,2037,0.22483505,0.19022148000000003,0.14423491,0.18833151,PJMW,AEO2026 Low Economic Growth
p111,2038,0.23812462,0.20306601000000002,0.15352214,0.19951329999999998,PJMW,AEO2026 Low Economic Growth
p111,2039,0.24050209,0.20350521,0.15404541,0.20141533,PJMW,AEO2026 Low Economic Growth
p111,2040,0.24720657,0.20864101000000002,0.15762521,0.20665859,PJMW,AEO2026 Low Economic Growth
p111,2041,0.25531328,0.21536489,0.162349,0.21338276,PJMW,AEO2026 Low Economic Growth
p111,2042,0.26468163,0.22288046,0.1681484,0.22225491000000003,PJMW,AEO2026 Low Economic Growth
p111,2043,0.27450373,0.23104956000000001,0.17404844,0.23025372,PJMW,AEO2026 Low Economic Growth
p111,2044,0.28741842,0.24152892999999998,0.18219677,0.24046990999999998,PJMW,AEO2026 Low Economic Growth
p111,2045,0.30020334,0.25235174,0.18951857,0.25129404,PJMW,AEO2026 Low Economic Growth
p111,2046,0.30995468,0.26043205,0.19504864000000002,0.25913834,PJMW,AEO2026 Low Economic Growth
p111,2047,0.32082592,0.26948864,0.2015472,0.26774052000000004,PJMW,AEO2026 Low Economic Growth
p111,2048,0.33279953,0.27964860999999996,0.20863152,0.27742163000000003,PJMW,AEO2026 Low Economic Growth
p111,2049,0.34435229999999994,0.28918898,0.2153303,0.28662856999999997,PJMW,AEO2026 Low Economic Growth
p111,2050,0.35696182,0.30000481,0.22247557,0.29664911,PJMW,AEO2026 Low Economic Growth
p112,2014,0.15731378,0.13183809,0.10269985,0.1318707,PJMW,AEO2026 Low Economic Growth
p112,2015,0.15731378,0.13183809,0.10269985,0.1318707,PJMW,AEO2026 Low Economic Growth
p112,2016,0.15731378,0.13183809,0.10269985,0.1318707,PJMW,AEO2026 Low Economic Growth
p112,2017,0.15731378,0.13183809,0.10269985,0.1318707,PJMW,AEO2026 Low Economic Growth
p112,2018,0.15731378,0.13183809,0.10269985,0.1318707,PJMW,AEO2026 Low Economic Growth
p112,2019,0.15731378,0.13183809,0.10269985,0.1318707,PJMW,AEO2026 Low Economic Growth
p112,2020,0.15731378,0.13183809,0.10269985,0.1318707,PJMW,AEO2026 Low Economic Growth
p112,2021,0.15731378,0.13183809,0.10269985,0.1318707,PJMW,AEO2026 Low Economic Growth
p112,2022,0.15731378,0.13183809,0.10269985,0.1318707,PJMW,AEO2026 Low Economic Growth
p112,2023,0.15731378,0.13183809,0.10269985,0.1318707,PJMW,AEO2026 Low Economic Growth
p112,2024,0.15731378,0.13183809,0.10269985,0.1318707,PJMW,AEO2026 Low Economic Growth
p112,2025,0.15731378,0.13183809,0.10269985,0.1318707,PJMW,AEO2026 Low Economic Growth
p112,2026,0.16321844,0.1352341,0.10426828,0.13612576,PJMW,AEO2026 Low Economic Growth
p112,2027,0.16354081999999998,0.13657681,0.10337226,0.13653105999999998,PJMW,AEO2026 Low Economic Growth
p112,2028,0.16178831,0.13487258000000002,0.10195818,0.13411857,PJMW,AEO2026 Low Economic Growth
p112,2029,0.16852374999999997,0.14135363,0.10679965,0.14005888,PJMW,AEO2026 Low Economic Growth
p112,2030,0.17492289,0.14683228,0.11147817,0.14585681,PJMW,AEO2026 Low Economic Growth
p112,2031,0.19192076,0.16449176999999998,0.12374623,0.16095005,PJMW,AEO2026 Low Economic Growth
p112,2032,0.1922052,0.16246815,0.12379296000000001,0.16157375,PJMW,AEO2026 Low Economic Growth
p112,2033,0.20081095000000002,0.1700259,0.12960644,0.16954177999999998,PJMW,AEO2026 Low Economic Growth
p112,2034,0.20366726,0.17186245,0.13035856,0.17164606,PJMW,AEO2026 Low Economic Growth
p112,2035,0.20680273,0.17413963,0.13176847,0.17411226,PJMW,AEO2026 Low Economic Growth
p112,2036,0.21192217,0.17813175,0.13497365,0.17841087000000003,PJMW,AEO2026 Low Economic Growth
p112,2037,0.22483505,0.19022148000000003,0.14423491,0.18833151,PJMW,AEO2026 Low Economic Growth
p112,2038,0.23812462,0.20306601000000002,0.15352214,0.19951329999999998,PJMW,AEO2026 Low Economic Growth
p112,2039,0.24050209,0.20350521,0.15404541,0.20141533,PJMW,AEO2026 Low Economic Growth
p112,2040,0.24720657,0.20864101000000002,0.15762521,0.20665859,PJMW,AEO2026 Low Economic Growth
p112,2041,0.25531328,0.21536489,0.162349,0.21338276,PJMW,AEO2026 Low Economic Growth
p112,2042,0.26468163,0.22288046,0.1681484,0.22225491000000003,PJMW,AEO2026 Low Economic Growth
p112,2043,0.27450373,0.23104956000000001,0.17404844,0.23025372,PJMW,AEO2026 Low Economic Growth
p112,2044,0.28741842,0.24152892999999998,0.18219677,0.24046990999999998,PJMW,AEO2026 Low Economic Growth
p112,2045,0.30020334,0.25235174,0.18951857,0.25129404,PJMW,AEO2026 Low Economic Growth
p112,2046,0.30995468,0.26043205,0.19504864000000002,0.25913834,PJMW,AEO2026 Low Economic Growth
p112,2047,0.32082592,0.26948864,0.2015472,0.26774052000000004,PJMW,AEO2026 Low Economic Growth
p112,2048,0.33279953,0.27964860999999996,0.20863152,0.27742163000000003,PJMW,AEO2026 Low Economic Growth
p112,2049,0.34435229999999994,0.28918898,0.2153303,0.28662856999999997,PJMW,AEO2026 Low Economic Growth
p112,2050,0.35696182,0.30000481,0.22247557,0.29664911,PJMW,AEO2026 Low Economic Growth
p113,2014,0.15731378,0.13183809,0.10269985,0.1318707,PJMW,AEO2026 Low Economic Growth
p113,2015,0.15731378,0.13183809,0.10269985,0.1318707,PJMW,AEO2026 Low Economic Growth
p113,2016,0.15731378,0.13183809,0.10269985,0.1318707,PJMW,AEO2026 Low Economic Growth
p113,2017,0.15731378,0.13183809,0.10269985,0.1318707,PJMW,AEO2026 Low Economic Growth
p113,2018,0.15731378,0.13183809,0.10269985,0.1318707,PJMW,AEO2026 Low Economic Growth
p113,2019,0.15731378,0.13183809,0.10269985,0.1318707,PJMW,AEO2026 Low Economic Growth
p113,2020,0.15731378,0.13183809,0.10269985,0.1318707,PJMW,AEO2026 Low Economic Growth
p113,2021,0.15731378,0.13183809,0.10269985,0.1318707,PJMW,AEO2026 Low Economic Growth
p113,2022,0.15731378,0.13183809,0.10269985,0.1318707,PJMW,AEO2026 Low Economic Growth
p113,2023,0.15731378,0.13183809,0.10269985,0.1318707,PJMW,AEO2026 Low Economic Growth
p113,2024,0.15731378,0.13183809,0.10269985,0.1318707,PJMW,AEO2026 Low Economic Growth
p113,2025,0.15731378,0.13183809,0.10269985,0.1318707,PJMW,AEO2026 Low Economic Growth
p113,2026,0.16321844,0.1352341,0.10426828,0.13612576,PJMW,AEO2026 Low Economic Growth
p113,2027,0.16354081999999998,0.13657681,0.10337226,0.13653105999999998,PJMW,AEO2026 Low Economic Growth
p113,2028,0.16178831,0.13487258000000002,0.10195818,0.13411857,PJMW,AEO2026 Low Economic Growth
p113,2029,0.16852374999999997,0.14135363,0.10679965,0.14005888,PJMW,AEO2026 Low Economic Growth
p113,2030,0.17492289,0.14683228,0.11147817,0.14585681,PJMW,AEO2026 Low Economic Growth
p113,2031,0.19192076,0.16449176999999998,0.12374623,0.16095005,PJMW,AEO2026 Low Economic Growth
p113,2032,0.1922052,0.16246815,0.12379296000000001,0.16157375,PJMW,AEO2026 Low Economic Growth
p113,2033,0.20081095000000002,0.1700259,0.12960644,0.16954177999999998,PJMW,AEO2026 Low Economic Growth
p113,2034,0.20366726,0.17186245,0.13035856,0.17164606,PJMW,AEO2026 Low Economic Growth
p113,2035,0.20680273,0.17413963,0.13176847,0.17411226,PJMW,AEO2026 Low Economic Growth
p113,2036,0.21192217,0.17813175,0.13497365,0.17841087000000003,PJMW,AEO2026 Low Economic Growth
p113,2037,0.22483505,0.19022148000000003,0.14423491,0.18833151,PJMW,AEO2026 Low Economic Growth
p113,2038,0.23812462,0.20306601000000002,0.15352214,0.19951329999999998,PJMW,AEO2026 Low Economic Growth
p113,2039,0.24050209,0.20350521,0.15404541,0.20141533,PJMW,AEO2026 Low Economic Growth
p113,2040,0.24720657,0.20864101000000002,0.15762521,0.20665859,PJMW,AEO2026 Low Economic Growth
p113,2041,0.25531328,0.21536489,0.162349,0.21338276,PJMW,AEO2026 Low Economic Growth
p113,2042,0.26468163,0.22288046,0.1681484,0.22225491000000003,PJMW,AEO2026 Low Economic Growth
p113,2043,0.27450373,0.23104956000000001,0.17404844,0.23025372,PJMW,AEO2026 Low Economic Growth
p113,2044,0.28741842,0.24152892999999998,0.18219677,0.24046990999999998,PJMW,AEO2026 Low Economic Growth
p113,2045,0.30020334,0.25235174,0.18951857,0.25129404,PJMW,AEO2026 Low Economic Growth
p113,2046,0.30995468,0.26043205,0.19504864000000002,0.25913834,PJMW,AEO2026 Low Economic Growth
p113,2047,0.32082592,0.26948864,0.2015472,0.26774052000000004,PJMW,AEO2026 Low Economic Growth
p113,2048,0.33279953,0.27964860999999996,0.20863152,0.27742163000000003,PJMW,AEO2026 Low Economic Growth
p113,2049,0.34435229999999994,0.28918898,0.2153303,0.28662856999999997,PJMW,AEO2026 Low Economic Growth
p113,2050,0.35696182,0.30000481,0.22247557,0.29664911,PJMW,AEO2026 Low Economic Growth
p114,2014,0.15731378,0.13183809,0.10269985,0.1318707,PJMW,AEO2026 Low Economic Growth
p114,2015,0.15731378,0.13183809,0.10269985,0.1318707,PJMW,AEO2026 Low Economic Growth
p114,2016,0.15731378,0.13183809,0.10269985,0.1318707,PJMW,AEO2026 Low Economic Growth
p114,2017,0.15731378,0.13183809,0.10269985,0.1318707,PJMW,AEO2026 Low Economic Growth
p114,2018,0.15731378,0.13183809,0.10269985,0.1318707,PJMW,AEO2026 Low Economic Growth
p114,2019,0.15731378,0.13183809,0.10269985,0.1318707,PJMW,AEO2026 Low Economic Growth
p114,2020,0.15731378,0.13183809,0.10269985,0.1318707,PJMW,AEO2026 Low Economic Growth
p114,2021,0.15731378,0.13183809,0.10269985,0.1318707,PJMW,AEO2026 Low Economic Growth
p114,2022,0.15731378,0.13183809,0.10269985,0.1318707,PJMW,AEO2026 Low Economic Growth
p114,2023,0.15731378,0.13183809,0.10269985,0.1318707,PJMW,AEO2026 Low Economic Growth
p114,2024,0.15731378,0.13183809,0.10269985,0.1318707,PJMW,AEO2026 Low Economic Growth
p114,2025,0.15731378,0.13183809,0.10269985,0.1318707,PJMW,AEO2026 Low Economic Growth
p114,2026,0.16321844,0.1352341,0.10426828,0.13612576,PJMW,AEO2026 Low Economic Growth
p114,2027,0.16354081999999998,0.13657681,0.10337226,0.13653105999999998,PJMW,AEO2026 Low Economic Growth
p114,2028,0.16178831,0.13487258000000002,0.10195818,0.13411857,PJMW,AEO2026 Low Economic Growth
p114,2029,0.16852374999999997,0.14135363,0.10679965,0.14005888,PJMW,AEO2026 Low Economic Growth
p114,2030,0.17492289,0.14683228,0.11147817,0.14585681,PJMW,AEO2026 Low Economic Growth
p114,2031,0.19192076,0.16449176999999998,0.12374623,0.16095005,PJMW,AEO2026 Low Economic Growth
p114,2032,0.1922052,0.16246815,0.12379296000000001,0.16157375,PJMW,AEO2026 Low Economic Growth
p114,2033,0.20081095000000002,0.1700259,0.12960644,0.16954177999999998,PJMW,AEO2026 Low Economic Growth
p114,2034,0.20366726,0.17186245,0.13035856,0.17164606,PJMW,AEO2026 Low Economic Growth
p114,2035,0.20680273,0.17413963,0.13176847,0.17411226,PJMW,AEO2026 Low Economic Growth
p114,2036,0.21192217,0.17813175,0.13497365,0.17841087000000003,PJMW,AEO2026 Low Economic Growth
p114,2037,0.22483505,0.19022148000000003,0.14423491,0.18833151,PJMW,AEO2026 Low Economic Growth
p114,2038,0.23812462,0.20306601000000002,0.15352214,0.19951329999999998,PJMW,AEO2026 Low Economic Growth
p114,2039,0.24050209,0.20350521,0.15404541,0.20141533,PJMW,AEO2026 Low Economic Growth
p114,2040,0.24720657,0.20864101000000002,0.15762521,0.20665859,PJMW,AEO2026 Low Economic Growth
p114,2041,0.25531328,0.21536489,0.162349,0.21338276,PJMW,AEO2026 Low Economic Growth
p114,2042,0.26468163,0.22288046,0.1681484,0.22225491000000003,PJMW,AEO2026 Low Economic Growth
p114,2043,0.27450373,0.23104956000000001,0.17404844,0.23025372,PJMW,AEO2026 Low Economic Growth
p114,2044,0.28741842,0.24152892999999998,0.18219677,0.24046990999999998,PJMW,AEO2026 Low Economic Growth
p114,2045,0.30020334,0.25235174,0.18951857,0.25129404,PJMW,AEO2026 Low Economic Growth
p114,2046,0.30995468,0.26043205,0.19504864000000002,0.25913834,PJMW,AEO2026 Low Economic Growth
p114,2047,0.32082592,0.26948864,0.2015472,0.26774052000000004,PJMW,AEO2026 Low Economic Growth
p114,2048,0.33279953,0.27964860999999996,0.20863152,0.27742163000000003,PJMW,AEO2026 Low Economic Growth
p114,2049,0.34435229999999994,0.28918898,0.2153303,0.28662856999999997,PJMW,AEO2026 Low Economic Growth
p114,2050,0.35696182,0.30000481,0.22247557,0.29664911,PJMW,AEO2026 Low Economic Growth
p115,2014,0.15731378,0.13183809,0.10269985,0.1318707,PJMW,AEO2026 Low Economic Growth
p115,2015,0.15731378,0.13183809,0.10269985,0.1318707,PJMW,AEO2026 Low Economic Growth
p115,2016,0.15731378,0.13183809,0.10269985,0.1318707,PJMW,AEO2026 Low Economic Growth
p115,2017,0.15731378,0.13183809,0.10269985,0.1318707,PJMW,AEO2026 Low Economic Growth
p115,2018,0.15731378,0.13183809,0.10269985,0.1318707,PJMW,AEO2026 Low Economic Growth
p115,2019,0.15731378,0.13183809,0.10269985,0.1318707,PJMW,AEO2026 Low Economic Growth
p115,2020,0.15731378,0.13183809,0.10269985,0.1318707,PJMW,AEO2026 Low Economic Growth
p115,2021,0.15731378,0.13183809,0.10269985,0.1318707,PJMW,AEO2026 Low Economic Growth
p115,2022,0.15731378,0.13183809,0.10269985,0.1318707,PJMW,AEO2026 Low Economic Growth
p115,2023,0.15731378,0.13183809,0.10269985,0.1318707,PJMW,AEO2026 Low Economic Growth
p115,2024,0.15731378,0.13183809,0.10269985,0.1318707,PJMW,AEO2026 Low Economic Growth
p115,2025,0.15731378,0.13183809,0.10269985,0.1318707,PJMW,AEO2026 Low Economic Growth
p115,2026,0.16321844,0.1352341,0.10426828,0.13612576,PJMW,AEO2026 Low Economic Growth
p115,2027,0.16354081999999998,0.13657681,0.10337226,0.13653105999999998,PJMW,AEO2026 Low Economic Growth
p115,2028,0.16178831,0.13487258000000002,0.10195818,0.13411857,PJMW,AEO2026 Low Economic Growth
p115,2029,0.16852374999999997,0.14135363,0.10679965,0.14005888,PJMW,AEO2026 Low Economic Growth
p115,2030,0.17492289,0.14683228,0.11147817,0.14585681,PJMW,AEO2026 Low Economic Growth
p115,2031,0.19192076,0.16449176999999998,0.12374623,0.16095005,PJMW,AEO2026 Low Economic Growth
p115,2032,0.1922052,0.16246815,0.12379296000000001,0.16157375,PJMW,AEO2026 Low Economic Growth
p115,2033,0.20081095000000002,0.1700259,0.12960644,0.16954177999999998,PJMW,AEO2026 Low Economic Growth
p115,2034,0.20366726,0.17186245,0.13035856,0.17164606,PJMW,AEO2026 Low Economic Growth
p115,2035,0.20680273,0.17413963,0.13176847,0.17411226,PJMW,AEO2026 Low Economic Growth
p115,2036,0.21192217,0.17813175,0.13497365,0.17841087000000003,PJMW,AEO2026 Low Economic Growth
p115,2037,0.22483505,0.19022148000000003,0.14423491,0.18833151,PJMW,AEO2026 Low Economic Growth
p115,2038,0.23812462,0.20306601000000002,0.15352214,0.19951329999999998,PJMW,AEO2026 Low Economic Growth
p115,2039,0.24050209,0.20350521,0.15404541,0.20141533,PJMW,AEO2026 Low Economic Growth
p115,2040,0.24720657,0.20864101000000002,0.15762521,0.20665859,PJMW,AEO2026 Low Economic Growth
p115,2041,0.25531328,0.21536489,0.162349,0.21338276,PJMW,AEO2026 Low Economic Growth
p115,2042,0.26468163,0.22288046,0.1681484,0.22225491000000003,PJMW,AEO2026 Low Economic Growth
p115,2043,0.27450373,0.23104956000000001,0.17404844,0.23025372,PJMW,AEO2026 Low Economic Growth
p115,2044,0.28741842,0.24152892999999998,0.18219677,0.24046990999999998,PJMW,AEO2026 Low Economic Growth
p115,2045,0.30020334,0.25235174,0.18951857,0.25129404,PJMW,AEO2026 Low Economic Growth
p115,2046,0.30995468,0.26043205,0.19504864000000002,0.25913834,PJMW,AEO2026 Low Economic Growth
p115,2047,0.32082592,0.26948864,0.2015472,0.26774052000000004,PJMW,AEO2026 Low Economic Growth
p115,2048,0.33279953,0.27964860999999996,0.20863152,0.27742163000000003,PJMW,AEO2026 Low Economic Growth
p115,2049,0.34435229999999994,0.28918898,0.2153303,0.28662856999999997,PJMW,AEO2026 Low Economic Growth
p115,2050,0.35696182,0.30000481,0.22247557,0.29664911,PJMW,AEO2026 Low Economic Growth
p116,2014,0.15731378,0.13183809,0.10269985,0.1318707,PJMW,AEO2026 Low Economic Growth
p116,2015,0.15731378,0.13183809,0.10269985,0.1318707,PJMW,AEO2026 Low Economic Growth
p116,2016,0.15731378,0.13183809,0.10269985,0.1318707,PJMW,AEO2026 Low Economic Growth
p116,2017,0.15731378,0.13183809,0.10269985,0.1318707,PJMW,AEO2026 Low Economic Growth
p116,2018,0.15731378,0.13183809,0.10269985,0.1318707,PJMW,AEO2026 Low Economic Growth
p116,2019,0.15731378,0.13183809,0.10269985,0.1318707,PJMW,AEO2026 Low Economic Growth
p116,2020,0.15731378,0.13183809,0.10269985,0.1318707,PJMW,AEO2026 Low Economic Growth
p116,2021,0.15731378,0.13183809,0.10269985,0.1318707,PJMW,AEO2026 Low Economic Growth
p116,2022,0.15731378,0.13183809,0.10269985,0.1318707,PJMW,AEO2026 Low Economic Growth
p116,2023,0.15731378,0.13183809,0.10269985,0.1318707,PJMW,AEO2026 Low Economic Growth
p116,2024,0.15731378,0.13183809,0.10269985,0.1318707,PJMW,AEO2026 Low Economic Growth
p116,2025,0.15731378,0.13183809,0.10269985,0.1318707,PJMW,AEO2026 Low Economic Growth
p116,2026,0.16321844,0.1352341,0.10426828,0.13612576,PJMW,AEO2026 Low Economic Growth
p116,2027,0.16354081999999998,0.13657681,0.10337226,0.13653105999999998,PJMW,AEO2026 Low Economic Growth
p116,2028,0.16178831,0.13487258000000002,0.10195818,0.13411857,PJMW,AEO2026 Low Economic Growth
p116,2029,0.16852374999999997,0.14135363,0.10679965,0.14005888,PJMW,AEO2026 Low Economic Growth
p116,2030,0.17492289,0.14683228,0.11147817,0.14585681,PJMW,AEO2026 Low Economic Growth
p116,2031,0.19192076,0.16449176999999998,0.12374623,0.16095005,PJMW,AEO2026 Low Economic Growth
p116,2032,0.1922052,0.16246815,0.12379296000000001,0.16157375,PJMW,AEO2026 Low Economic Growth
p116,2033,0.20081095000000002,0.1700259,0.12960644,0.16954177999999998,PJMW,AEO2026 Low Economic Growth
p116,2034,0.20366726,0.17186245,0.13035856,0.17164606,PJMW,AEO2026 Low Economic Growth
p116,2035,0.20680273,0.17413963,0.13176847,0.17411226,PJMW,AEO2026 Low Economic Growth
p116,2036,0.21192217,0.17813175,0.13497365,0.17841087000000003,PJMW,AEO2026 Low Economic Growth
p116,2037,0.22483505,0.19022148000000003,0.14423491,0.18833151,PJMW,AEO2026 Low Economic Growth
p116,2038,0.23812462,0.20306601000000002,0.15352214,0.19951329999999998,PJMW,AEO2026 Low Economic Growth
p116,2039,0.24050209,0.20350521,0.15404541,0.20141533,PJMW,AEO2026 Low Economic Growth
p116,2040,0.24720657,0.20864101000000002,0.15762521,0.20665859,PJMW,AEO2026 Low Economic Growth
p116,2041,0.25531328,0.21536489,0.162349,0.21338276,PJMW,AEO2026 Low Economic Growth
p116,2042,0.26468163,0.22288046,0.1681484,0.22225491000000003,PJMW,AEO2026 Low Economic Growth
p116,2043,0.27450373,0.23104956000000001,0.17404844,0.23025372,PJMW,AEO2026 Low Economic Growth
p116,2044,0.28741842,0.24152892999999998,0.18219677,0.24046990999999998,PJMW,AEO2026 Low Economic Growth
p116,2045,0.30020334,0.25235174,0.18951857,0.25129404,PJMW,AEO2026 Low Economic Growth
p116,2046,0.30995468,0.26043205,0.19504864000000002,0.25913834,PJMW,AEO2026 Low Economic Growth
p116,2047,0.32082592,0.26948864,0.2015472,0.26774052000000004,PJMW,AEO2026 Low Economic Growth
p116,2048,0.33279953,0.27964860999999996,0.20863152,0.27742163000000003,PJMW,AEO2026 Low Economic Growth
p116,2049,0.34435229999999994,0.28918898,0.2153303,0.28662856999999997,PJMW,AEO2026 Low Economic Growth
p116,2050,0.35696182,0.30000481,0.22247557,0.29664911,PJMW,AEO2026 Low Economic Growth
p117,2014,0.15731378,0.13183809,0.10269985,0.1318707,PJMW,AEO2026 Low Economic Growth
p117,2015,0.15731378,0.13183809,0.10269985,0.1318707,PJMW,AEO2026 Low Economic Growth
p117,2016,0.15731378,0.13183809,0.10269985,0.1318707,PJMW,AEO2026 Low Economic Growth
p117,2017,0.15731378,0.13183809,0.10269985,0.1318707,PJMW,AEO2026 Low Economic Growth
p117,2018,0.15731378,0.13183809,0.10269985,0.1318707,PJMW,AEO2026 Low Economic Growth
p117,2019,0.15731378,0.13183809,0.10269985,0.1318707,PJMW,AEO2026 Low Economic Growth
p117,2020,0.15731378,0.13183809,0.10269985,0.1318707,PJMW,AEO2026 Low Economic Growth
p117,2021,0.15731378,0.13183809,0.10269985,0.1318707,PJMW,AEO2026 Low Economic Growth
p117,2022,0.15731378,0.13183809,0.10269985,0.1318707,PJMW,AEO2026 Low Economic Growth
p117,2023,0.15731378,0.13183809,0.10269985,0.1318707,PJMW,AEO2026 Low Economic Growth
p117,2024,0.15731378,0.13183809,0.10269985,0.1318707,PJMW,AEO2026 Low Economic Growth
p117,2025,0.15731378,0.13183809,0.10269985,0.1318707,PJMW,AEO2026 Low Economic Growth
p117,2026,0.16321844,0.1352341,0.10426828,0.13612576,PJMW,AEO2026 Low Economic Growth
p117,2027,0.16354081999999998,0.13657681,0.10337226,0.13653105999999998,PJMW,AEO2026 Low Economic Growth
p117,2028,0.16178831,0.13487258000000002,0.10195818,0.13411857,PJMW,AEO2026 Low Economic Growth
p117,2029,0.16852374999999997,0.14135363,0.10679965,0.14005888,PJMW,AEO2026 Low Economic Growth
p117,2030,0.17492289,0.14683228,0.11147817,0.14585681,PJMW,AEO2026 Low Economic Growth
p117,2031,0.19192076,0.16449176999999998,0.12374623,0.16095005,PJMW,AEO2026 Low Economic Growth
p117,2032,0.1922052,0.16246815,0.12379296000000001,0.16157375,PJMW,AEO2026 Low Economic Growth
p117,2033,0.20081095000000002,0.1700259,0.12960644,0.16954177999999998,PJMW,AEO2026 Low Economic Growth
p117,2034,0.20366726,0.17186245,0.13035856,0.17164606,PJMW,AEO2026 Low Economic Growth
p117,2035,0.20680273,0.17413963,0.13176847,0.17411226,PJMW,AEO2026 Low Economic Growth
p117,2036,0.21192217,0.17813175,0.13497365,0.17841087000000003,PJMW,AEO2026 Low Economic Growth
p117,2037,0.22483505,0.19022148000000003,0.14423491,0.18833151,PJMW,AEO2026 Low Economic Growth
p117,2038,0.23812462,0.20306601000000002,0.15352214,0.19951329999999998,PJMW,AEO2026 Low Economic Growth
p117,2039,0.24050209,0.20350521,0.15404541,0.20141533,PJMW,AEO2026 Low Economic Growth
p117,2040,0.24720657,0.20864101000000002,0.15762521,0.20665859,PJMW,AEO2026 Low Economic Growth
p117,2041,0.25531328,0.21536489,0.162349,0.21338276,PJMW,AEO2026 Low Economic Growth
p117,2042,0.26468163,0.22288046,0.1681484,0.22225491000000003,PJMW,AEO2026 Low Economic Growth
p117,2043,0.27450373,0.23104956000000001,0.17404844,0.23025372,PJMW,AEO2026 Low Economic Growth
p117,2044,0.28741842,0.24152892999999998,0.18219677,0.24046990999999998,PJMW,AEO2026 Low Economic Growth
p117,2045,0.30020334,0.25235174,0.18951857,0.25129404,PJMW,AEO2026 Low Economic Growth
p117,2046,0.30995468,0.26043205,0.19504864000000002,0.25913834,PJMW,AEO2026 Low Economic Growth
p117,2047,0.32082592,0.26948864,0.2015472,0.26774052000000004,PJMW,AEO2026 Low Economic Growth
p117,2048,0.33279953,0.27964860999999996,0.20863152,0.27742163000000003,PJMW,AEO2026 Low Economic Growth
p117,2049,0.34435229999999994,0.28918898,0.2153303,0.28662856999999997,PJMW,AEO2026 Low Economic Growth
p117,2050,0.35696182,0.30000481,0.22247557,0.29664911,PJMW,AEO2026 Low Economic Growth
p118,2014,0.15731378,0.13183809,0.10269985,0.1318707,PJMW,AEO2026 Low Economic Growth
p118,2015,0.15731378,0.13183809,0.10269985,0.1318707,PJMW,AEO2026 Low Economic Growth
p118,2016,0.15731378,0.13183809,0.10269985,0.1318707,PJMW,AEO2026 Low Economic Growth
p118,2017,0.15731378,0.13183809,0.10269985,0.1318707,PJMW,AEO2026 Low Economic Growth
p118,2018,0.15731378,0.13183809,0.10269985,0.1318707,PJMW,AEO2026 Low Economic Growth
p118,2019,0.15731378,0.13183809,0.10269985,0.1318707,PJMW,AEO2026 Low Economic Growth
p118,2020,0.15731378,0.13183809,0.10269985,0.1318707,PJMW,AEO2026 Low Economic Growth
p118,2021,0.15731378,0.13183809,0.10269985,0.1318707,PJMW,AEO2026 Low Economic Growth
p118,2022,0.15731378,0.13183809,0.10269985,0.1318707,PJMW,AEO2026 Low Economic Growth
p118,2023,0.15731378,0.13183809,0.10269985,0.1318707,PJMW,AEO2026 Low Economic Growth
p118,2024,0.15731378,0.13183809,0.10269985,0.1318707,PJMW,AEO2026 Low Economic Growth
p118,2025,0.15731378,0.13183809,0.10269985,0.1318707,PJMW,AEO2026 Low Economic Growth
p118,2026,0.16321844,0.1352341,0.10426828,0.13612576,PJMW,AEO2026 Low Economic Growth
p118,2027,0.16354081999999998,0.13657681,0.10337226,0.13653105999999998,PJMW,AEO2026 Low Economic Growth
p118,2028,0.16178831,0.13487258000000002,0.10195818,0.13411857,PJMW,AEO2026 Low Economic Growth
p118,2029,0.16852374999999997,0.14135363,0.10679965,0.14005888,PJMW,AEO2026 Low Economic Growth
p118,2030,0.17492289,0.14683228,0.11147817,0.14585681,PJMW,AEO2026 Low Economic Growth
p118,2031,0.19192076,0.16449176999999998,0.12374623,0.16095005,PJMW,AEO2026 Low Economic Growth
p118,2032,0.1922052,0.16246815,0.12379296000000001,0.16157375,PJMW,AEO2026 Low Economic Growth
p118,2033,0.20081095000000002,0.1700259,0.12960644,0.16954177999999998,PJMW,AEO2026 Low Economic Growth
p118,2034,0.20366726,0.17186245,0.13035856,0.17164606,PJMW,AEO2026 Low Economic Growth
p118,2035,0.20680273,0.17413963,0.13176847,0.17411226,PJMW,AEO2026 Low Economic Growth
p118,2036,0.21192217,0.17813175,0.13497365,0.17841087000000003,PJMW,AEO2026 Low Economic Growth
p118,2037,0.22483505,0.19022148000000003,0.14423491,0.18833151,PJMW,AEO2026 Low Economic Growth
p118,2038,0.23812462,0.20306601000000002,0.15352214,0.19951329999999998,PJMW,AEO2026 Low Economic Growth
p118,2039,0.24050209,0.20350521,0.15404541,0.20141533,PJMW,AEO2026 Low Economic Growth
p118,2040,0.24720657,0.20864101000000002,0.15762521,0.20665859,PJMW,AEO2026 Low Economic Growth
p118,2041,0.25531328,0.21536489,0.162349,0.21338276,PJMW,AEO2026 Low Economic Growth
p118,2042,0.26468163,0.22288046,0.1681484,0.22225491000000003,PJMW,AEO2026 Low Economic Growth
p118,2043,0.27450373,0.23104956000000001,0.17404844,0.23025372,PJMW,AEO2026 Low Economic Growth
p118,2044,0.28741842,0.24152892999999998,0.18219677,0.24046990999999998,PJMW,AEO2026 Low Economic Growth
p118,2045,0.30020334,0.25235174,0.18951857,0.25129404,PJMW,AEO2026 Low Economic Growth
p118,2046,0.30995468,0.26043205,0.19504864000000002,0.25913834,PJMW,AEO2026 Low Economic Growth
p118,2047,0.32082592,0.26948864,0.2015472,0.26774052000000004,PJMW,AEO2026 Low Economic Growth
p118,2048,0.33279953,0.27964860999999996,0.20863152,0.27742163000000003,PJMW,AEO2026 Low Economic Growth
p118,2049,0.34435229999999994,0.28918898,0.2153303,0.28662856999999997,PJMW,AEO2026 Low Economic Growth
p118,2050,0.35696182,0.30000481,0.22247557,0.29664911,PJMW,AEO2026 Low Economic Growth
p119,2014,0.18058369,0.14989658,0.12150169,0.14185149,PJME,AEO2026 Low Economic Growth
p119,2015,0.18058369,0.14989658,0.12150169,0.14185149,PJME,AEO2026 Low Economic Growth
p119,2016,0.18058369,0.14989658,0.12150169,0.14185149,PJME,AEO2026 Low Economic Growth
p119,2017,0.18058369,0.14989658,0.12150169,0.14185149,PJME,AEO2026 Low Economic Growth
p119,2018,0.18058369,0.14989658,0.12150169,0.14185149,PJME,AEO2026 Low Economic Growth
p119,2019,0.18058369,0.14989658,0.12150169,0.14185149,PJME,AEO2026 Low Economic Growth
p119,2020,0.18058369,0.14989658,0.12150169,0.14185149,PJME,AEO2026 Low Economic Growth
p119,2021,0.18058369,0.14989658,0.12150169,0.14185149,PJME,AEO2026 Low Economic Growth
p119,2022,0.18058369,0.14989658,0.12150169,0.14185149,PJME,AEO2026 Low Economic Growth
p119,2023,0.18058369,0.14989658,0.12150169,0.14185149,PJME,AEO2026 Low Economic Growth
p119,2024,0.18058369,0.14989658,0.12150169,0.14185149,PJME,AEO2026 Low Economic Growth
p119,2025,0.18058369,0.14989658,0.12150169,0.14185149,PJME,AEO2026 Low Economic Growth
p119,2026,0.18160810000000002,0.15046505,0.11921747999999999,0.14088041,PJME,AEO2026 Low Economic Growth
p119,2027,0.19105354,0.15820073,0.12305373,0.14565519999999998,PJME,AEO2026 Low Economic Growth
p119,2028,0.19582369,0.16180656,0.12394479,0.14812496,PJME,AEO2026 Low Economic Growth
p119,2029,0.20221115,0.16629627,0.12846215,0.15364237,PJME,AEO2026 Low Economic Growth
p119,2030,0.21834420999999998,0.18195986,0.14036085,0.16720918999999998,PJME,AEO2026 Low Economic Growth
p119,2031,0.24126609999999998,0.20592346,0.15642552,0.18547897,PJME,AEO2026 Low Economic Growth
p119,2032,0.24297070999999998,0.20525053,0.15851792,0.18853632,PJME,AEO2026 Low Economic Growth
p119,2033,0.25362688,0.21416897,0.16610811000000003,0.1972686,PJME,AEO2026 Low Economic Growth
p119,2034,0.25880077,0.21788992000000001,0.16834012999999998,0.20093723,PJME,AEO2026 Low Economic Growth
p119,2035,0.26623156000000003,0.22356646000000002,0.17250387,0.20653437,PJME,AEO2026 Low Economic Growth
p119,2036,0.2753764,0.23061703,0.17842453,0.21387218,PJME,AEO2026 Low Economic Growth
p119,2037,0.28871085999999996,0.24229214,0.18748083000000001,0.22454163000000002,PJME,AEO2026 Low Economic Growth
p119,2038,0.31324203,0.26658191999999997,0.20418268,0.243533,PJME,AEO2026 Low Economic Growth
p119,2039,0.31134439,0.2609709,0.20146460000000002,0.2420352,PJME,AEO2026 Low Economic Growth
p119,2040,0.32035694,0.26724405,0.20608754999999998,0.24837105,PJME,AEO2026 Low Economic Growth
p119,2041,0.33161552,0.27575005,0.21248381,0.25657104000000003,PJME,AEO2026 Low Economic Growth
p119,2042,0.34558361,0.286614,0.22106592,0.26543468000000003,PJME,AEO2026 Low Economic Growth
p119,2043,0.36016520999999996,0.29822013999999997,0.22994778,0.27624992,PJME,AEO2026 Low Economic Growth
p119,2044,0.37572933,0.31055147,0.23946507,0.28775777999999996,PJME,AEO2026 Low Economic Growth
p119,2045,0.39118683,0.32245502000000004,0.24854379999999998,0.29885401,PJME,AEO2026 Low Economic Growth
p119,2046,0.40637352,0.33406723,0.25707773,0.30953024,PJME,AEO2026 Low Economic Growth
p119,2047,0.42263717999999995,0.34683811,0.26637236000000003,0.32099884,PJME,AEO2026 Low Economic Growth
p119,2048,0.44030674,0.36097991999999995,0.27671672999999997,0.33365253,PJME,AEO2026 Low Economic Growth
p119,2049,0.45647579,0.37349529,0.285952,0.34522697,PJME,AEO2026 Low Economic Growth
p119,2050,0.47557701,0.38881363,0.29636484,0.3581081,PJME,AEO2026 Low Economic Growth
p120,2014,0.15731378,0.13183809,0.10269985,0.1318707,PJMW,AEO2026 Low Economic Growth
p120,2015,0.15731378,0.13183809,0.10269985,0.1318707,PJMW,AEO2026 Low Economic Growth
p120,2016,0.15731378,0.13183809,0.10269985,0.1318707,PJMW,AEO2026 Low Economic Growth
p120,2017,0.15731378,0.13183809,0.10269985,0.1318707,PJMW,AEO2026 Low Economic Growth
p120,2018,0.15731378,0.13183809,0.10269985,0.1318707,PJMW,AEO2026 Low Economic Growth
p120,2019,0.15731378,0.13183809,0.10269985,0.1318707,PJMW,AEO2026 Low Economic Growth
p120,2020,0.15731378,0.13183809,0.10269985,0.1318707,PJMW,AEO2026 Low Economic Growth
p120,2021,0.15731378,0.13183809,0.10269985,0.1318707,PJMW,AEO2026 Low Economic Growth
p120,2022,0.15731378,0.13183809,0.10269985,0.1318707,PJMW,AEO2026 Low Economic Growth
p120,2023,0.15731378,0.13183809,0.10269985,0.1318707,PJMW,AEO2026 Low Economic Growth
p120,2024,0.15731378,0.13183809,0.10269985,0.1318707,PJMW,AEO2026 Low Economic Growth
p120,2025,0.15731378,0.13183809,0.10269985,0.1318707,PJMW,AEO2026 Low Economic Growth
p120,2026,0.16321844,0.1352341,0.10426828,0.13612576,PJMW,AEO2026 Low Economic Growth
p120,2027,0.16354081999999998,0.13657681,0.10337226,0.13653105999999998,PJMW,AEO2026 Low Economic Growth
p120,2028,0.16178831,0.13487258000000002,0.10195818,0.13411857,PJMW,AEO2026 Low Economic Growth
p120,2029,0.16852374999999997,0.14135363,0.10679965,0.14005888,PJMW,AEO2026 Low Economic Growth
p120,2030,0.17492289,0.14683228,0.11147817,0.14585681,PJMW,AEO2026 Low Economic Growth
p120,2031,0.19192076,0.16449176999999998,0.12374623,0.16095005,PJMW,AEO2026 Low Economic Growth
p120,2032,0.1922052,0.16246815,0.12379296000000001,0.16157375,PJMW,AEO2026 Low Economic Growth
p120,2033,0.20081095000000002,0.1700259,0.12960644,0.16954177999999998,PJMW,AEO2026 Low Economic Growth
p120,2034,0.20366726,0.17186245,0.13035856,0.17164606,PJMW,AEO2026 Low Economic Growth
p120,2035,0.20680273,0.17413963,0.13176847,0.17411226,PJMW,AEO2026 Low Economic Growth
p120,2036,0.21192217,0.17813175,0.13497365,0.17841087000000003,PJMW,AEO2026 Low Economic Growth
p120,2037,0.22483505,0.19022148000000003,0.14423491,0.18833151,PJMW,AEO2026 Low Economic Growth
p120,2038,0.23812462,0.20306601000000002,0.15352214,0.19951329999999998,PJMW,AEO2026 Low Economic Growth
p120,2039,0.24050209,0.20350521,0.15404541,0.20141533,PJMW,AEO2026 Low Economic Growth
p120,2040,0.24720657,0.20864101000000002,0.15762521,0.20665859,PJMW,AEO2026 Low Economic Growth
p120,2041,0.25531328,0.21536489,0.162349,0.21338276,PJMW,AEO2026 Low Economic Growth
p120,2042,0.26468163,0.22288046,0.1681484,0.22225491000000003,PJMW,AEO2026 Low Economic Growth
p120,2043,0.27450373,0.23104956000000001,0.17404844,0.23025372,PJMW,AEO2026 Low Economic Growth
p120,2044,0.28741842,0.24152892999999998,0.18219677,0.24046990999999998,PJMW,AEO2026 Low Economic Growth
p120,2045,0.30020334,0.25235174,0.18951857,0.25129404,PJMW,AEO2026 Low Economic Growth
p120,2046,0.30995468,0.26043205,0.19504864000000002,0.25913834,PJMW,AEO2026 Low Economic Growth
p120,2047,0.32082592,0.26948864,0.2015472,0.26774052000000004,PJMW,AEO2026 Low Economic Growth
p120,2048,0.33279953,0.27964860999999996,0.20863152,0.27742163000000003,PJMW,AEO2026 Low Economic Growth
p120,2049,0.34435229999999994,0.28918898,0.2153303,0.28662856999999997,PJMW,AEO2026 Low Economic Growth
p120,2050,0.35696182,0.30000481,0.22247557,0.29664911,PJMW,AEO2026 Low Economic Growth
p121,2014,0.15731378,0.13183809,0.10269985,0.1318707,PJMW,AEO2026 Low Economic Growth
p121,2015,0.15731378,0.13183809,0.10269985,0.1318707,PJMW,AEO2026 Low Economic Growth
p121,2016,0.15731378,0.13183809,0.10269985,0.1318707,PJMW,AEO2026 Low Economic Growth
p121,2017,0.15731378,0.13183809,0.10269985,0.1318707,PJMW,AEO2026 Low Economic Growth
p121,2018,0.15731378,0.13183809,0.10269985,0.1318707,PJMW,AEO2026 Low Economic Growth
p121,2019,0.15731378,0.13183809,0.10269985,0.1318707,PJMW,AEO2026 Low Economic Growth
p121,2020,0.15731378,0.13183809,0.10269985,0.1318707,PJMW,AEO2026 Low Economic Growth
p121,2021,0.15731378,0.13183809,0.10269985,0.1318707,PJMW,AEO2026 Low Economic Growth
p121,2022,0.15731378,0.13183809,0.10269985,0.1318707,PJMW,AEO2026 Low Economic Growth
p121,2023,0.15731378,0.13183809,0.10269985,0.1318707,PJMW,AEO2026 Low Economic Growth
p121,2024,0.15731378,0.13183809,0.10269985,0.1318707,PJMW,AEO2026 Low Economic Growth
p121,2025,0.15731378,0.13183809,0.10269985,0.1318707,PJMW,AEO2026 Low Economic Growth
p121,2026,0.16321844,0.1352341,0.10426828,0.13612576,PJMW,AEO2026 Low Economic Growth
p121,2027,0.16354081999999998,0.13657681,0.10337226,0.13653105999999998,PJMW,AEO2026 Low Economic Growth
p121,2028,0.16178831,0.13487258000000002,0.10195818,0.13411857,PJMW,AEO2026 Low Economic Growth
p121,2029,0.16852374999999997,0.14135363,0.10679965,0.14005888,PJMW,AEO2026 Low Economic Growth
p121,2030,0.17492289,0.14683228,0.11147817,0.14585681,PJMW,AEO2026 Low Economic Growth
p121,2031,0.19192076,0.16449176999999998,0.12374623,0.16095005,PJMW,AEO2026 Low Economic Growth
p121,2032,0.1922052,0.16246815,0.12379296000000001,0.16157375,PJMW,AEO2026 Low Economic Growth
p121,2033,0.20081095000000002,0.1700259,0.12960644,0.16954177999999998,PJMW,AEO2026 Low Economic Growth
p121,2034,0.20366726,0.17186245,0.13035856,0.17164606,PJMW,AEO2026 Low Economic Growth
p121,2035,0.20680273,0.17413963,0.13176847,0.17411226,PJMW,AEO2026 Low Economic Growth
p121,2036,0.21192217,0.17813175,0.13497365,0.17841087000000003,PJMW,AEO2026 Low Economic Growth
p121,2037,0.22483505,0.19022148000000003,0.14423491,0.18833151,PJMW,AEO2026 Low Economic Growth
p121,2038,0.23812462,0.20306601000000002,0.15352214,0.19951329999999998,PJMW,AEO2026 Low Economic Growth
p121,2039,0.24050209,0.20350521,0.15404541,0.20141533,PJMW,AEO2026 Low Economic Growth
p121,2040,0.24720657,0.20864101000000002,0.15762521,0.20665859,PJMW,AEO2026 Low Economic Growth
p121,2041,0.25531328,0.21536489,0.162349,0.21338276,PJMW,AEO2026 Low Economic Growth
p121,2042,0.26468163,0.22288046,0.1681484,0.22225491000000003,PJMW,AEO2026 Low Economic Growth
p121,2043,0.27450373,0.23104956000000001,0.17404844,0.23025372,PJMW,AEO2026 Low Economic Growth
p121,2044,0.28741842,0.24152892999999998,0.18219677,0.24046990999999998,PJMW,AEO2026 Low Economic Growth
p121,2045,0.30020334,0.25235174,0.18951857,0.25129404,PJMW,AEO2026 Low Economic Growth
p121,2046,0.30995468,0.26043205,0.19504864000000002,0.25913834,PJMW,AEO2026 Low Economic Growth
p121,2047,0.32082592,0.26948864,0.2015472,0.26774052000000004,PJMW,AEO2026 Low Economic Growth
p121,2048,0.33279953,0.27964860999999996,0.20863152,0.27742163000000003,PJMW,AEO2026 Low Economic Growth
p121,2049,0.34435229999999994,0.28918898,0.2153303,0.28662856999999997,PJMW,AEO2026 Low Economic Growth
p121,2050,0.35696182,0.30000481,0.22247557,0.29664911,PJMW,AEO2026 Low Economic Growth
p122,2014,0.15731378,0.13183809,0.10269985,0.1318707,PJMW,AEO2026 Low Economic Growth
p122,2015,0.15731378,0.13183809,0.10269985,0.1318707,PJMW,AEO2026 Low Economic Growth
p122,2016,0.15731378,0.13183809,0.10269985,0.1318707,PJMW,AEO2026 Low Economic Growth
p122,2017,0.15731378,0.13183809,0.10269985,0.1318707,PJMW,AEO2026 Low Economic Growth
p122,2018,0.15731378,0.13183809,0.10269985,0.1318707,PJMW,AEO2026 Low Economic Growth
p122,2019,0.15731378,0.13183809,0.10269985,0.1318707,PJMW,AEO2026 Low Economic Growth
p122,2020,0.15731378,0.13183809,0.10269985,0.1318707,PJMW,AEO2026 Low Economic Growth
p122,2021,0.15731378,0.13183809,0.10269985,0.1318707,PJMW,AEO2026 Low Economic Growth
p122,2022,0.15731378,0.13183809,0.10269985,0.1318707,PJMW,AEO2026 Low Economic Growth
p122,2023,0.15731378,0.13183809,0.10269985,0.1318707,PJMW,AEO2026 Low Economic Growth
p122,2024,0.15731378,0.13183809,0.10269985,0.1318707,PJMW,AEO2026 Low Economic Growth
p122,2025,0.15731378,0.13183809,0.10269985,0.1318707,PJMW,AEO2026 Low Economic Growth
p122,2026,0.16321844,0.1352341,0.10426828,0.13612576,PJMW,AEO2026 Low Economic Growth
p122,2027,0.16354081999999998,0.13657681,0.10337226,0.13653105999999998,PJMW,AEO2026 Low Economic Growth
p122,2028,0.16178831,0.13487258000000002,0.10195818,0.13411857,PJMW,AEO2026 Low Economic Growth
p122,2029,0.16852374999999997,0.14135363,0.10679965,0.14005888,PJMW,AEO2026 Low Economic Growth
p122,2030,0.17492289,0.14683228,0.11147817,0.14585681,PJMW,AEO2026 Low Economic Growth
p122,2031,0.19192076,0.16449176999999998,0.12374623,0.16095005,PJMW,AEO2026 Low Economic Growth
p122,2032,0.1922052,0.16246815,0.12379296000000001,0.16157375,PJMW,AEO2026 Low Economic Growth
p122,2033,0.20081095000000002,0.1700259,0.12960644,0.16954177999999998,PJMW,AEO2026 Low Economic Growth
p122,2034,0.20366726,0.17186245,0.13035856,0.17164606,PJMW,AEO2026 Low Economic Growth
p122,2035,0.20680273,0.17413963,0.13176847,0.17411226,PJMW,AEO2026 Low Economic Growth
p122,2036,0.21192217,0.17813175,0.13497365,0.17841087000000003,PJMW,AEO2026 Low Economic Growth
p122,2037,0.22483505,0.19022148000000003,0.14423491,0.18833151,PJMW,AEO2026 Low Economic Growth
p122,2038,0.23812462,0.20306601000000002,0.15352214,0.19951329999999998,PJMW,AEO2026 Low Economic Growth
p122,2039,0.24050209,0.20350521,0.15404541,0.20141533,PJMW,AEO2026 Low Economic Growth
p122,2040,0.24720657,0.20864101000000002,0.15762521,0.20665859,PJMW,AEO2026 Low Economic Growth
p122,2041,0.25531328,0.21536489,0.162349,0.21338276,PJMW,AEO2026 Low Economic Growth
p122,2042,0.26468163,0.22288046,0.1681484,0.22225491000000003,PJMW,AEO2026 Low Economic Growth
p122,2043,0.27450373,0.23104956000000001,0.17404844,0.23025372,PJMW,AEO2026 Low Economic Growth
p122,2044,0.28741842,0.24152892999999998,0.18219677,0.24046990999999998,PJMW,AEO2026 Low Economic Growth
p122,2045,0.30020334,0.25235174,0.18951857,0.25129404,PJMW,AEO2026 Low Economic Growth
p122,2046,0.30995468,0.26043205,0.19504864000000002,0.25913834,PJMW,AEO2026 Low Economic Growth
p122,2047,0.32082592,0.26948864,0.2015472,0.26774052000000004,PJMW,AEO2026 Low Economic Growth
p122,2048,0.33279953,0.27964860999999996,0.20863152,0.27742163000000003,PJMW,AEO2026 Low Economic Growth
p122,2049,0.34435229999999994,0.28918898,0.2153303,0.28662856999999997,PJMW,AEO2026 Low Economic Growth
p122,2050,0.35696182,0.30000481,0.22247557,0.29664911,PJMW,AEO2026 Low Economic Growth
p123,2014,0.18058369,0.14989658,0.12150169,0.14185149,PJME,AEO2026 Low Economic Growth
p123,2015,0.18058369,0.14989658,0.12150169,0.14185149,PJME,AEO2026 Low Economic Growth
p123,2016,0.18058369,0.14989658,0.12150169,0.14185149,PJME,AEO2026 Low Economic Growth
p123,2017,0.18058369,0.14989658,0.12150169,0.14185149,PJME,AEO2026 Low Economic Growth
p123,2018,0.18058369,0.14989658,0.12150169,0.14185149,PJME,AEO2026 Low Economic Growth
p123,2019,0.18058369,0.14989658,0.12150169,0.14185149,PJME,AEO2026 Low Economic Growth
p123,2020,0.18058369,0.14989658,0.12150169,0.14185149,PJME,AEO2026 Low Economic Growth
p123,2021,0.18058369,0.14989658,0.12150169,0.14185149,PJME,AEO2026 Low Economic Growth
p123,2022,0.18058369,0.14989658,0.12150169,0.14185149,PJME,AEO2026 Low Economic Growth
p123,2023,0.18058369,0.14989658,0.12150169,0.14185149,PJME,AEO2026 Low Economic Growth
p123,2024,0.18058369,0.14989658,0.12150169,0.14185149,PJME,AEO2026 Low Economic Growth
p123,2025,0.18058369,0.14989658,0.12150169,0.14185149,PJME,AEO2026 Low Economic Growth
p123,2026,0.18160810000000002,0.15046505,0.11921747999999999,0.14088041,PJME,AEO2026 Low Economic Growth
p123,2027,0.19105354,0.15820073,0.12305373,0.14565519999999998,PJME,AEO2026 Low Economic Growth
p123,2028,0.19582369,0.16180656,0.12394479,0.14812496,PJME,AEO2026 Low Economic Growth
p123,2029,0.20221115,0.16629627,0.12846215,0.15364237,PJME,AEO2026 Low Economic Growth
p123,2030,0.21834420999999998,0.18195986,0.14036085,0.16720918999999998,PJME,AEO2026 Low Economic Growth
p123,2031,0.24126609999999998,0.20592346,0.15642552,0.18547897,PJME,AEO2026 Low Economic Growth
p123,2032,0.24297070999999998,0.20525053,0.15851792,0.18853632,PJME,AEO2026 Low Economic Growth
p123,2033,0.25362688,0.21416897,0.16610811000000003,0.1972686,PJME,AEO2026 Low Economic Growth
p123,2034,0.25880077,0.21788992000000001,0.16834012999999998,0.20093723,PJME,AEO2026 Low Economic Growth
p123,2035,0.26623156000000003,0.22356646000000002,0.17250387,0.20653437,PJME,AEO2026 Low Economic Growth
p123,2036,0.2753764,0.23061703,0.17842453,0.21387218,PJME,AEO2026 Low Economic Growth
p123,2037,0.28871085999999996,0.24229214,0.18748083000000001,0.22454163000000002,PJME,AEO2026 Low Economic Growth
p123,2038,0.31324203,0.26658191999999997,0.20418268,0.243533,PJME,AEO2026 Low Economic Growth
p123,2039,0.31134439,0.2609709,0.20146460000000002,0.2420352,PJME,AEO2026 Low Economic Growth
p123,2040,0.32035694,0.26724405,0.20608754999999998,0.24837105,PJME,AEO2026 Low Economic Growth
p123,2041,0.33161552,0.27575005,0.21248381,0.25657104000000003,PJME,AEO2026 Low Economic Growth
p123,2042,0.34558361,0.286614,0.22106592,0.26543468000000003,PJME,AEO2026 Low Economic Growth
p123,2043,0.36016520999999996,0.29822013999999997,0.22994778,0.27624992,PJME,AEO2026 Low Economic Growth
p123,2044,0.37572933,0.31055147,0.23946507,0.28775777999999996,PJME,AEO2026 Low Economic Growth
p123,2045,0.39118683,0.32245502000000004,0.24854379999999998,0.29885401,PJME,AEO2026 Low Economic Growth
p123,2046,0.40637352,0.33406723,0.25707773,0.30953024,PJME,AEO2026 Low Economic Growth
p123,2047,0.42263717999999995,0.34683811,0.26637236000000003,0.32099884,PJME,AEO2026 Low Economic Growth
p123,2048,0.44030674,0.36097991999999995,0.27671672999999997,0.33365253,PJME,AEO2026 Low Economic Growth
p123,2049,0.45647579,0.37349529,0.285952,0.34522697,PJME,AEO2026 Low Economic Growth
p123,2050,0.47557701,0.38881363,0.29636484,0.3581081,PJME,AEO2026 Low Economic Growth
p124,2014,0.18058369,0.14989658,0.12150169,0.14185149,PJME,AEO2026 Low Economic Growth
p124,2015,0.18058369,0.14989658,0.12150169,0.14185149,PJME,AEO2026 Low Economic Growth
p124,2016,0.18058369,0.14989658,0.12150169,0.14185149,PJME,AEO2026 Low Economic Growth
p124,2017,0.18058369,0.14989658,0.12150169,0.14185149,PJME,AEO2026 Low Economic Growth
p124,2018,0.18058369,0.14989658,0.12150169,0.14185149,PJME,AEO2026 Low Economic Growth
p124,2019,0.18058369,0.14989658,0.12150169,0.14185149,PJME,AEO2026 Low Economic Growth
p124,2020,0.18058369,0.14989658,0.12150169,0.14185149,PJME,AEO2026 Low Economic Growth
p124,2021,0.18058369,0.14989658,0.12150169,0.14185149,PJME,AEO2026 Low Economic Growth
p124,2022,0.18058369,0.14989658,0.12150169,0.14185149,PJME,AEO2026 Low Economic Growth
p124,2023,0.18058369,0.14989658,0.12150169,0.14185149,PJME,AEO2026 Low Economic Growth
p124,2024,0.18058369,0.14989658,0.12150169,0.14185149,PJME,AEO2026 Low Economic Growth
p124,2025,0.18058369,0.14989658,0.12150169,0.14185149,PJME,AEO2026 Low Economic Growth
p124,2026,0.18160810000000002,0.15046505,0.11921747999999999,0.14088041,PJME,AEO2026 Low Economic Growth
p124,2027,0.19105354,0.15820073,0.12305373,0.14565519999999998,PJME,AEO2026 Low Economic Growth
p124,2028,0.19582369,0.16180656,0.12394479,0.14812496,PJME,AEO2026 Low Economic Growth
p124,2029,0.20221115,0.16629627,0.12846215,0.15364237,PJME,AEO2026 Low Economic Growth
p124,2030,0.21834420999999998,0.18195986,0.14036085,0.16720918999999998,PJME,AEO2026 Low Economic Growth
p124,2031,0.24126609999999998,0.20592346,0.15642552,0.18547897,PJME,AEO2026 Low Economic Growth
p124,2032,0.24297070999999998,0.20525053,0.15851792,0.18853632,PJME,AEO2026 Low Economic Growth
p124,2033,0.25362688,0.21416897,0.16610811000000003,0.1972686,PJME,AEO2026 Low Economic Growth
p124,2034,0.25880077,0.21788992000000001,0.16834012999999998,0.20093723,PJME,AEO2026 Low Economic Growth
p124,2035,0.26623156000000003,0.22356646000000002,0.17250387,0.20653437,PJME,AEO2026 Low Economic Growth
p124,2036,0.2753764,0.23061703,0.17842453,0.21387218,PJME,AEO2026 Low Economic Growth
p124,2037,0.28871085999999996,0.24229214,0.18748083000000001,0.22454163000000002,PJME,AEO2026 Low Economic Growth
p124,2038,0.31324203,0.26658191999999997,0.20418268,0.243533,PJME,AEO2026 Low Economic Growth
p124,2039,0.31134439,0.2609709,0.20146460000000002,0.2420352,PJME,AEO2026 Low Economic Growth
p124,2040,0.32035694,0.26724405,0.20608754999999998,0.24837105,PJME,AEO2026 Low Economic Growth
p124,2041,0.33161552,0.27575005,0.21248381,0.25657104000000003,PJME,AEO2026 Low Economic Growth
p124,2042,0.34558361,0.286614,0.22106592,0.26543468000000003,PJME,AEO2026 Low Economic Growth
p124,2043,0.36016520999999996,0.29822013999999997,0.22994778,0.27624992,PJME,AEO2026 Low Economic Growth
p124,2044,0.37572933,0.31055147,0.23946507,0.28775777999999996,PJME,AEO2026 Low Economic Growth
p124,2045,0.39118683,0.32245502000000004,0.24854379999999998,0.29885401,PJME,AEO2026 Low Economic Growth
p124,2046,0.40637352,0.33406723,0.25707773,0.30953024,PJME,AEO2026 Low Economic Growth
p124,2047,0.42263717999999995,0.34683811,0.26637236000000003,0.32099884,PJME,AEO2026 Low Economic Growth
p124,2048,0.44030674,0.36097991999999995,0.27671672999999997,0.33365253,PJME,AEO2026 Low Economic Growth
p124,2049,0.45647579,0.37349529,0.285952,0.34522697,PJME,AEO2026 Low Economic Growth
p124,2050,0.47557701,0.38881363,0.29636484,0.3581081,PJME,AEO2026 Low Economic Growth
p125,2014,0.18058369,0.14989658,0.12150169,0.14185149,PJME,AEO2026 Low Economic Growth
p125,2015,0.18058369,0.14989658,0.12150169,0.14185149,PJME,AEO2026 Low Economic Growth
p125,2016,0.18058369,0.14989658,0.12150169,0.14185149,PJME,AEO2026 Low Economic Growth
p125,2017,0.18058369,0.14989658,0.12150169,0.14185149,PJME,AEO2026 Low Economic Growth
p125,2018,0.18058369,0.14989658,0.12150169,0.14185149,PJME,AEO2026 Low Economic Growth
p125,2019,0.18058369,0.14989658,0.12150169,0.14185149,PJME,AEO2026 Low Economic Growth
p125,2020,0.18058369,0.14989658,0.12150169,0.14185149,PJME,AEO2026 Low Economic Growth
p125,2021,0.18058369,0.14989658,0.12150169,0.14185149,PJME,AEO2026 Low Economic Growth
p125,2022,0.18058369,0.14989658,0.12150169,0.14185149,PJME,AEO2026 Low Economic Growth
p125,2023,0.18058369,0.14989658,0.12150169,0.14185149,PJME,AEO2026 Low Economic Growth
p125,2024,0.18058369,0.14989658,0.12150169,0.14185149,PJME,AEO2026 Low Economic Growth
p125,2025,0.18058369,0.14989658,0.12150169,0.14185149,PJME,AEO2026 Low Economic Growth
p125,2026,0.18160810000000002,0.15046505,0.11921747999999999,0.14088041,PJME,AEO2026 Low Economic Growth
p125,2027,0.19105354,0.15820073,0.12305373,0.14565519999999998,PJME,AEO2026 Low Economic Growth
p125,2028,0.19582369,0.16180656,0.12394479,0.14812496,PJME,AEO2026 Low Economic Growth
p125,2029,0.20221115,0.16629627,0.12846215,0.15364237,PJME,AEO2026 Low Economic Growth
p125,2030,0.21834420999999998,0.18195986,0.14036085,0.16720918999999998,PJME,AEO2026 Low Economic Growth
p125,2031,0.24126609999999998,0.20592346,0.15642552,0.18547897,PJME,AEO2026 Low Economic Growth
p125,2032,0.24297070999999998,0.20525053,0.15851792,0.18853632,PJME,AEO2026 Low Economic Growth
p125,2033,0.25362688,0.21416897,0.16610811000000003,0.1972686,PJME,AEO2026 Low Economic Growth
p125,2034,0.25880077,0.21788992000000001,0.16834012999999998,0.20093723,PJME,AEO2026 Low Economic Growth
p125,2035,0.26623156000000003,0.22356646000000002,0.17250387,0.20653437,PJME,AEO2026 Low Economic Growth
p125,2036,0.2753764,0.23061703,0.17842453,0.21387218,PJME,AEO2026 Low Economic Growth
p125,2037,0.28871085999999996,0.24229214,0.18748083000000001,0.22454163000000002,PJME,AEO2026 Low Economic Growth
p125,2038,0.31324203,0.26658191999999997,0.20418268,0.243533,PJME,AEO2026 Low Economic Growth
p125,2039,0.31134439,0.2609709,0.20146460000000002,0.2420352,PJME,AEO2026 Low Economic Growth
p125,2040,0.32035694,0.26724405,0.20608754999999998,0.24837105,PJME,AEO2026 Low Economic Growth
p125,2041,0.33161552,0.27575005,0.21248381,0.25657104000000003,PJME,AEO2026 Low Economic Growth
p125,2042,0.34558361,0.286614,0.22106592,0.26543468000000003,PJME,AEO2026 Low Economic Growth
p125,2043,0.36016520999999996,0.29822013999999997,0.22994778,0.27624992,PJME,AEO2026 Low Economic Growth
p125,2044,0.37572933,0.31055147,0.23946507,0.28775777999999996,PJME,AEO2026 Low Economic Growth
p125,2045,0.39118683,0.32245502000000004,0.24854379999999998,0.29885401,PJME,AEO2026 Low Economic Growth
p125,2046,0.40637352,0.33406723,0.25707773,0.30953024,PJME,AEO2026 Low Economic Growth
p125,2047,0.42263717999999995,0.34683811,0.26637236000000003,0.32099884,PJME,AEO2026 Low Economic Growth
p125,2048,0.44030674,0.36097991999999995,0.27671672999999997,0.33365253,PJME,AEO2026 Low Economic Growth
p125,2049,0.45647579,0.37349529,0.285952,0.34522697,PJME,AEO2026 Low Economic Growth
p125,2050,0.47557701,0.38881363,0.29636484,0.3581081,PJME,AEO2026 Low Economic Growth
p126,2014,0.18058369,0.14989658,0.12150169,0.14185149,PJME,AEO2026 Low Economic Growth
p126,2015,0.18058369,0.14989658,0.12150169,0.14185149,PJME,AEO2026 Low Economic Growth
p126,2016,0.18058369,0.14989658,0.12150169,0.14185149,PJME,AEO2026 Low Economic Growth
p126,2017,0.18058369,0.14989658,0.12150169,0.14185149,PJME,AEO2026 Low Economic Growth
p126,2018,0.18058369,0.14989658,0.12150169,0.14185149,PJME,AEO2026 Low Economic Growth
p126,2019,0.18058369,0.14989658,0.12150169,0.14185149,PJME,AEO2026 Low Economic Growth
p126,2020,0.18058369,0.14989658,0.12150169,0.14185149,PJME,AEO2026 Low Economic Growth
p126,2021,0.18058369,0.14989658,0.12150169,0.14185149,PJME,AEO2026 Low Economic Growth
p126,2022,0.18058369,0.14989658,0.12150169,0.14185149,PJME,AEO2026 Low Economic Growth
p126,2023,0.18058369,0.14989658,0.12150169,0.14185149,PJME,AEO2026 Low Economic Growth
p126,2024,0.18058369,0.14989658,0.12150169,0.14185149,PJME,AEO2026 Low Economic Growth
p126,2025,0.18058369,0.14989658,0.12150169,0.14185149,PJME,AEO2026 Low Economic Growth
p126,2026,0.18160810000000002,0.15046505,0.11921747999999999,0.14088041,PJME,AEO2026 Low Economic Growth
p126,2027,0.19105354,0.15820073,0.12305373,0.14565519999999998,PJME,AEO2026 Low Economic Growth
p126,2028,0.19582369,0.16180656,0.12394479,0.14812496,PJME,AEO2026 Low Economic Growth
p126,2029,0.20221115,0.16629627,0.12846215,0.15364237,PJME,AEO2026 Low Economic Growth
p126,2030,0.21834420999999998,0.18195986,0.14036085,0.16720918999999998,PJME,AEO2026 Low Economic Growth
p126,2031,0.24126609999999998,0.20592346,0.15642552,0.18547897,PJME,AEO2026 Low Economic Growth
p126,2032,0.24297070999999998,0.20525053,0.15851792,0.18853632,PJME,AEO2026 Low Economic Growth
p126,2033,0.25362688,0.21416897,0.16610811000000003,0.1972686,PJME,AEO2026 Low Economic Growth
p126,2034,0.25880077,0.21788992000000001,0.16834012999999998,0.20093723,PJME,AEO2026 Low Economic Growth
p126,2035,0.26623156000000003,0.22356646000000002,0.17250387,0.20653437,PJME,AEO2026 Low Economic Growth
p126,2036,0.2753764,0.23061703,0.17842453,0.21387218,PJME,AEO2026 Low Economic Growth
p126,2037,0.28871085999999996,0.24229214,0.18748083000000001,0.22454163000000002,PJME,AEO2026 Low Economic Growth
p126,2038,0.31324203,0.26658191999999997,0.20418268,0.243533,PJME,AEO2026 Low Economic Growth
p126,2039,0.31134439,0.2609709,0.20146460000000002,0.2420352,PJME,AEO2026 Low Economic Growth
p126,2040,0.32035694,0.26724405,0.20608754999999998,0.24837105,PJME,AEO2026 Low Economic Growth
p126,2041,0.33161552,0.27575005,0.21248381,0.25657104000000003,PJME,AEO2026 Low Economic Growth
p126,2042,0.34558361,0.286614,0.22106592,0.26543468000000003,PJME,AEO2026 Low Economic Growth
p126,2043,0.36016520999999996,0.29822013999999997,0.22994778,0.27624992,PJME,AEO2026 Low Economic Growth
p126,2044,0.37572933,0.31055147,0.23946507,0.28775777999999996,PJME,AEO2026 Low Economic Growth
p126,2045,0.39118683,0.32245502000000004,0.24854379999999998,0.29885401,PJME,AEO2026 Low Economic Growth
p126,2046,0.40637352,0.33406723,0.25707773,0.30953024,PJME,AEO2026 Low Economic Growth
p126,2047,0.42263717999999995,0.34683811,0.26637236000000003,0.32099884,PJME,AEO2026 Low Economic Growth
p126,2048,0.44030674,0.36097991999999995,0.27671672999999997,0.33365253,PJME,AEO2026 Low Economic Growth
p126,2049,0.45647579,0.37349529,0.285952,0.34522697,PJME,AEO2026 Low Economic Growth
p126,2050,0.47557701,0.38881363,0.29636484,0.3581081,PJME,AEO2026 Low Economic Growth
p127,2014,0.20647507,0.16466745,0.13550269,0.15619434,NYUP,AEO2026 Low Economic Growth
p127,2015,0.20647507,0.16466745,0.13550269,0.15619434,NYUP,AEO2026 Low Economic Growth
p127,2016,0.20647507,0.16466745,0.13550269,0.15619434,NYUP,AEO2026 Low Economic Growth
p127,2017,0.20647507,0.16466745,0.13550269,0.15619434,NYUP,AEO2026 Low Economic Growth
p127,2018,0.20647507,0.16466745,0.13550269,0.15619434,NYUP,AEO2026 Low Economic Growth
p127,2019,0.20647507,0.16466745,0.13550269,0.15619434,NYUP,AEO2026 Low Economic Growth
p127,2020,0.20647507,0.16466745,0.13550269,0.15619434,NYUP,AEO2026 Low Economic Growth
p127,2021,0.20647507,0.16466745,0.13550269,0.15619434,NYUP,AEO2026 Low Economic Growth
p127,2022,0.20647507,0.16466745,0.13550269,0.15619434,NYUP,AEO2026 Low Economic Growth
p127,2023,0.20647507,0.16466745,0.13550269,0.15619434,NYUP,AEO2026 Low Economic Growth
p127,2024,0.20647507,0.16466745,0.13550269,0.15619434,NYUP,AEO2026 Low Economic Growth
p127,2025,0.20647507,0.16466745,0.13550269,0.15619434,NYUP,AEO2026 Low Economic Growth
p127,2026,0.22426323,0.18253561000000001,0.14996083999999998,0.17215038,NYUP,AEO2026 Low Economic Growth
p127,2027,0.22262716000000002,0.17967503,0.14358395,0.16621264,NYUP,AEO2026 Low Economic Growth
p127,2028,0.21538532,0.17064758000000002,0.13210006999999999,0.15652927,NYUP,AEO2026 Low Economic Growth
p127,2029,0.22582754000000002,0.18007988,0.13964069,0.16556383,NYUP,AEO2026 Low Economic Growth
p127,2030,0.23415819,0.18771261,0.14502856,0.17239542,NYUP,AEO2026 Low Economic Growth
p127,2031,0.24391603,0.1979747,0.15064474,0.17908083000000002,NYUP,AEO2026 Low Economic Growth
p127,2032,0.25313437,0.20542273000000003,0.15804274,0.18864546000000001,NYUP,AEO2026 Low Economic Growth
p127,2033,0.26449495,0.21590996,0.16561437999999998,0.19656901999999998,NYUP,AEO2026 Low Economic Growth
p127,2034,0.27021007999999996,0.21986273,0.16768872999999998,0.20172274,NYUP,AEO2026 Low Economic Growth
p127,2035,0.27713514,0.22464963999999998,0.17112629,0.20665222,NYUP,AEO2026 Low Economic Growth
p127,2036,0.28912140000000003,0.23460682,0.17913511,0.21599522000000002,NYUP,AEO2026 Low Economic Growth
p127,2037,0.30234521999999997,0.24606503,0.18805428,0.22645437000000002,NYUP,AEO2026 Low Economic Growth
p127,2038,0.33234764,0.27801365,0.20953665000000002,0.24951654,NYUP,AEO2026 Low Economic Growth
p127,2039,0.33922092,0.28102703,0.21283548,0.25472717,NYUP,AEO2026 Low Economic Growth
p127,2040,0.35134571000000003,0.29110537000000003,0.21975203000000001,0.26121248,NYUP,AEO2026 Low Economic Growth
p127,2041,0.36173641,0.29827362,0.22505547,0.26836346,NYUP,AEO2026 Low Economic Growth
p127,2042,0.37644363,0.3099494,0.23394993,0.2791246,NYUP,AEO2026 Low Economic Growth
p127,2043,0.3930109,0.32372379,0.24415838,0.29129515,NYUP,AEO2026 Low Economic Growth
p127,2044,0.40038826,0.32591254999999997,0.24768618,0.29741555999999997,NYUP,AEO2026 Low Economic Growth
p127,2045,0.41743304999999997,0.33930496,0.25792295,0.30976568,NYUP,AEO2026 Low Economic Growth
p127,2046,0.43603035,0.3548806,0.26866879,0.32260357,NYUP,AEO2026 Low Economic Growth
p127,2047,0.4614986,0.37858849,0.28439051,0.34012341,NYUP,AEO2026 Low Economic Growth
p127,2048,0.48024216000000003,0.39427128000000006,0.29522137,0.35336441,NYUP,AEO2026 Low Economic Growth
p127,2049,0.5036768699999999,0.41550896000000004,0.30961002,0.37008118,NYUP,AEO2026 Low Economic Growth
p127,2050,0.51577145,0.42363070999999997,0.31434902000000003,0.37754837,NYUP,AEO2026 Low Economic Growth
p128,2014,0.31700684,0.23685287,0.25967487,0.22791768999999998,NYCW,AEO2026 Low Economic Growth
p128,2015,0.31700684,0.23685287,0.25967487,0.22791768999999998,NYCW,AEO2026 Low Economic Growth
p128,2016,0.31700684,0.23685287,0.25967487,0.22791768999999998,NYCW,AEO2026 Low Economic Growth
p128,2017,0.31700684,0.23685287,0.25967487,0.22791768999999998,NYCW,AEO2026 Low Economic Growth
p128,2018,0.31700684,0.23685287,0.25967487,0.22791768999999998,NYCW,AEO2026 Low Economic Growth
p128,2019,0.31700684,0.23685287,0.25967487,0.22791768999999998,NYCW,AEO2026 Low Economic Growth
p128,2020,0.31700684,0.23685287,0.25967487,0.22791768999999998,NYCW,AEO2026 Low Economic Growth
p128,2021,0.31700684,0.23685287,0.25967487,0.22791768999999998,NYCW,AEO2026 Low Economic Growth
p128,2022,0.31700684,0.23685287,0.25967487,0.22791768999999998,NYCW,AEO2026 Low Economic Growth
p128,2023,0.31700684,0.23685287,0.25967487,0.22791768999999998,NYCW,AEO2026 Low Economic Growth
p128,2024,0.31700684,0.23685287,0.25967487,0.22791768999999998,NYCW,AEO2026 Low Economic Growth
p128,2025,0.31700684,0.23685287,0.25967487,0.22791768999999998,NYCW,AEO2026 Low Economic Growth
p128,2026,0.34533546000000004,0.26165655,0.28886909,0.24931906,NYCW,AEO2026 Low Economic Growth
p128,2027,0.35019413,0.2627425,0.2885533,0.24601892,NYCW,AEO2026 Low Economic Growth
p128,2028,0.35021622,0.25912373,0.28730106,0.24049353,NYCW,AEO2026 Low Economic Growth
p128,2029,0.370154,0.27714951,0.30709026,0.25554863,NYCW,AEO2026 Low Economic Growth
p128,2030,0.38029369,0.28443813,0.3187553,0.26297638,NYCW,AEO2026 Low Economic Growth
p128,2031,0.40313675000000004,0.30968708,0.33926991,0.27870955,NYCW,AEO2026 Low Economic Growth
p128,2032,0.41208115,0.31167057,0.35165112,0.28570604,NYCW,AEO2026 Low Economic Growth
p128,2033,0.42979443000000006,0.32752617,0.37073288,0.29910646,NYCW,AEO2026 Low Economic Growth
p128,2034,0.44060463,0.33447598,0.38336086,0.30589884,NYCW,AEO2026 Low Economic Growth
p128,2035,0.45444565,0.34379128000000003,0.39865818,0.31486216,NYCW,AEO2026 Low Economic Growth
p128,2036,0.46930267000000003,0.35303478,0.41519863,0.32525318,NYCW,AEO2026 Low Economic Growth
p128,2037,0.49636166000000004,0.37720074,0.44095959,0.34460285,NYCW,AEO2026 Low Economic Growth
p128,2038,0.52469986,0.40371258,0.46790973999999996,0.36469448,NYCW,AEO2026 Low Economic Growth
p128,2039,0.53754696,0.4080336,0.48252547999999995,0.37292538000000003,NYCW,AEO2026 Low Economic Growth
p128,2040,0.55731644,0.42120640000000004,0.50228832,0.38496387,NYCW,AEO2026 Low Economic Growth
p128,2041,0.5775378400000001,0.43442776,0.52300945,0.39730465000000004,NYCW,AEO2026 Low Economic Growth
p128,2042,0.6021240999999999,0.45200069,0.5474453,0.41332293999999997,NYCW,AEO2026 Low Economic Growth
p128,2043,0.62837105,0.47091919,0.5740033,0.43033707,NYCW,AEO2026 Low Economic Growth
p128,2044,0.6567266100000001,0.49134723999999996,0.60306171,0.44898262,NYCW,AEO2026 Low Economic Growth
p128,2045,0.68491379,0.51120777,0.63098793,0.46675373,NYCW,AEO2026 Low Economic Growth
p128,2046,0.71264786,0.53055244,0.6585365299999999,0.48369556,NYCW,AEO2026 Low Economic Growth
p128,2047,0.74313202,0.55344925,0.6876557200000001,0.50268539,NYCW,AEO2026 Low Economic Growth
p128,2048,0.77418991,0.57634193,0.71808235,0.52226849,NYCW,AEO2026 Low Economic Growth
p128,2049,0.8071567500000001,0.6012722,0.7499883300000001,0.54318089,NYCW,AEO2026 Low Economic Growth
p128,2050,0.8365231300000001,0.62204468,0.77780113,0.55984436,NYCW,AEO2026 Low Economic Growth
p129,2014,0.27989021000000003,0.23869181,0.19596267999999997,0.22803209,ISNE,AEO2026 Low Economic Growth
p129,2015,0.27989021000000003,0.23869181,0.19596267999999997,0.22803209,ISNE,AEO2026 Low Economic Growth
p129,2016,0.27989021000000003,0.23869181,0.19596267999999997,0.22803209,ISNE,AEO2026 Low Economic Growth
p129,2017,0.27989021000000003,0.23869181,0.19596267999999997,0.22803209,ISNE,AEO2026 Low Economic Growth
p129,2018,0.27989021000000003,0.23869181,0.19596267999999997,0.22803209,ISNE,AEO2026 Low Economic Growth
p129,2019,0.27989021000000003,0.23869181,0.19596267999999997,0.22803209,ISNE,AEO2026 Low Economic Growth
p129,2020,0.27989021000000003,0.23869181,0.19596267999999997,0.22803209,ISNE,AEO2026 Low Economic Growth
p129,2021,0.27989021000000003,0.23869181,0.19596267999999997,0.22803209,ISNE,AEO2026 Low Economic Growth
p129,2022,0.27989021000000003,0.23869181,0.19596267999999997,0.22803209,ISNE,AEO2026 Low Economic Growth
p129,2023,0.27989021000000003,0.23869181,0.19596267999999997,0.22803209,ISNE,AEO2026 Low Economic Growth
p129,2024,0.27989021000000003,0.23869181,0.19596267999999997,0.22803209,ISNE,AEO2026 Low Economic Growth
p129,2025,0.27989021000000003,0.23869181,0.19596267999999997,0.22803209,ISNE,AEO2026 Low Economic Growth
p129,2026,0.29388733,0.25681387,0.20722833999999998,0.24085409,ISNE,AEO2026 Low Economic Growth
p129,2027,0.29180672,0.25275057,0.19834917000000002,0.23199596,ISNE,AEO2026 Low Economic Growth
p129,2028,0.2849111,0.24630932000000003,0.18793972,0.22291599,ISNE,AEO2026 Low Economic Growth
p129,2029,0.29745821,0.25997307,0.19736145,0.23384888,ISNE,AEO2026 Low Economic Growth
p129,2030,0.30981200999999997,0.27358719,0.20633041,0.24454695,ISNE,AEO2026 Low Economic Growth
p129,2031,0.32208644999999997,0.28769346,0.21441064999999998,0.25439196,ISNE,AEO2026 Low Economic Growth
p129,2032,0.33413326,0.30053284,0.22367937000000002,0.26535681,ISNE,AEO2026 Low Economic Growth
p129,2033,0.34433104999999997,0.31094053,0.23112194,0.27438036,ISNE,AEO2026 Low Economic Growth
p129,2034,0.35161896,0.31838135,0.23531935,0.28030998,ISNE,AEO2026 Low Economic Growth
p129,2035,0.36149749999999997,0.32816238,0.24173498,0.28849155,ISNE,AEO2026 Low Economic Growth
p129,2036,0.37446819,0.34107597,0.2509742,0.29963936,ISNE,AEO2026 Low Economic Growth
p129,2037,0.38939888000000006,0.35627647,0.26188494,0.31248844,ISNE,AEO2026 Low Economic Growth
p129,2038,0.40425087,0.37129725999999996,0.27251474000000003,0.32515785,ISNE,AEO2026 Low Economic Growth
p129,2039,0.41922615,0.38629566,0.28289864000000003,0.33764801,ISNE,AEO2026 Low Economic Growth
p129,2040,0.43344428999999995,0.40025173000000003,0.29229374,0.34924903999999996,ISNE,AEO2026 Low Economic Growth
p129,2041,0.44851509,0.41474079,0.30206886,0.361329,ISNE,AEO2026 Low Economic Growth
p129,2042,0.47609699,0.44746025,0.32161442,0.38230461,ISNE,AEO2026 Low Economic Growth
p129,2043,0.49623409,0.46628727,0.33451492,0.39771934999999997,ISNE,AEO2026 Low Economic Growth
p129,2044,0.51848457,0.48685924999999997,0.34934166,0.41488262,ISNE,AEO2026 Low Economic Growth
p129,2045,0.54018772,0.50690891,0.36290976999999996,0.43093170000000003,ISNE,AEO2026 Low Economic Growth
p129,2046,0.56112312,0.52612591,0.37518761,0.44569327999999997,ISNE,AEO2026 Low Economic Growth
p129,2047,0.58352161,0.5472424300000001,0.38863205,0.46175549,ISNE,AEO2026 Low Economic Growth
p129,2048,0.60668842,0.56917999,0.40242146,0.47826942,ISNE,AEO2026 Low Economic Growth
p129,2049,0.63124451,0.5928996999999999,0.41723278,0.49583976999999996,ISNE,AEO2026 Low Economic Growth
p129,2050,0.65310219,0.61336273,0.42892853000000003,0.5103846,ISNE,AEO2026 Low Economic Growth
p130,2014,0.27989021000000003,0.23869181,0.19596267999999997,0.22803209,ISNE,AEO2026 Low Economic Growth
p130,2015,0.27989021000000003,0.23869181,0.19596267999999997,0.22803209,ISNE,AEO2026 Low Economic Growth
p130,2016,0.27989021000000003,0.23869181,0.19596267999999997,0.22803209,ISNE,AEO2026 Low Economic Growth
p130,2017,0.27989021000000003,0.23869181,0.19596267999999997,0.22803209,ISNE,AEO2026 Low Economic Growth
p130,2018,0.27989021000000003,0.23869181,0.19596267999999997,0.22803209,ISNE,AEO2026 Low Economic Growth
p130,2019,0.27989021000000003,0.23869181,0.19596267999999997,0.22803209,ISNE,AEO2026 Low Economic Growth
p130,2020,0.27989021000000003,0.23869181,0.19596267999999997,0.22803209,ISNE,AEO2026 Low Economic Growth
p130,2021,0.27989021000000003,0.23869181,0.19596267999999997,0.22803209,ISNE,AEO2026 Low Economic Growth
p130,2022,0.27989021000000003,0.23869181,0.19596267999999997,0.22803209,ISNE,AEO2026 Low Economic Growth
p130,2023,0.27989021000000003,0.23869181,0.19596267999999997,0.22803209,ISNE,AEO2026 Low Economic Growth
p130,2024,0.27989021000000003,0.23869181,0.19596267999999997,0.22803209,ISNE,AEO2026 Low Economic Growth
p130,2025,0.27989021000000003,0.23869181,0.19596267999999997,0.22803209,ISNE,AEO2026 Low Economic Growth
p130,2026,0.29388733,0.25681387,0.20722833999999998,0.24085409,ISNE,AEO2026 Low Economic Growth
p130,2027,0.29180672,0.25275057,0.19834917000000002,0.23199596,ISNE,AEO2026 Low Economic Growth
p130,2028,0.2849111,0.24630932000000003,0.18793972,0.22291599,ISNE,AEO2026 Low Economic Growth
p130,2029,0.29745821,0.25997307,0.19736145,0.23384888,ISNE,AEO2026 Low Economic Growth
p130,2030,0.30981200999999997,0.27358719,0.20633041,0.24454695,ISNE,AEO2026 Low Economic Growth
p130,2031,0.32208644999999997,0.28769346,0.21441064999999998,0.25439196,ISNE,AEO2026 Low Economic Growth
p130,2032,0.33413326,0.30053284,0.22367937000000002,0.26535681,ISNE,AEO2026 Low Economic Growth
p130,2033,0.34433104999999997,0.31094053,0.23112194,0.27438036,ISNE,AEO2026 Low Economic Growth
p130,2034,0.35161896,0.31838135,0.23531935,0.28030998,ISNE,AEO2026 Low Economic Growth
p130,2035,0.36149749999999997,0.32816238,0.24173498,0.28849155,ISNE,AEO2026 Low Economic Growth
p130,2036,0.37446819,0.34107597,0.2509742,0.29963936,ISNE,AEO2026 Low Economic Growth
p130,2037,0.38939888000000006,0.35627647,0.26188494,0.31248844,ISNE,AEO2026 Low Economic Growth
p130,2038,0.40425087,0.37129725999999996,0.27251474000000003,0.32515785,ISNE,AEO2026 Low Economic Growth
p130,2039,0.41922615,0.38629566,0.28289864000000003,0.33764801,ISNE,AEO2026 Low Economic Growth
p130,2040,0.43344428999999995,0.40025173000000003,0.29229374,0.34924903999999996,ISNE,AEO2026 Low Economic Growth
p130,2041,0.44851509,0.41474079,0.30206886,0.361329,ISNE,AEO2026 Low Economic Growth
p130,2042,0.47609699,0.44746025,0.32161442,0.38230461,ISNE,AEO2026 Low Economic Growth
p130,2043,0.49623409,0.46628727,0.33451492,0.39771934999999997,ISNE,AEO2026 Low Economic Growth
p130,2044,0.51848457,0.48685924999999997,0.34934166,0.41488262,ISNE,AEO2026 Low Economic Growth
p130,2045,0.54018772,0.50690891,0.36290976999999996,0.43093170000000003,ISNE,AEO2026 Low Economic Growth
p130,2046,0.56112312,0.52612591,0.37518761,0.44569327999999997,ISNE,AEO2026 Low Economic Growth
p130,2047,0.58352161,0.5472424300000001,0.38863205,0.46175549,ISNE,AEO2026 Low Economic Growth
p130,2048,0.60668842,0.56917999,0.40242146,0.47826942,ISNE,AEO2026 Low Economic Growth
p130,2049,0.63124451,0.5928996999999999,0.41723278,0.49583976999999996,ISNE,AEO2026 Low Economic Growth
p130,2050,0.65310219,0.61336273,0.42892853000000003,0.5103846,ISNE,AEO2026 Low Economic Growth
p131,2014,0.27989021000000003,0.23869181,0.19596267999999997,0.22803209,ISNE,AEO2026 Low Economic Growth
p131,2015,0.27989021000000003,0.23869181,0.19596267999999997,0.22803209,ISNE,AEO2026 Low Economic Growth
p131,2016,0.27989021000000003,0.23869181,0.19596267999999997,0.22803209,ISNE,AEO2026 Low Economic Growth
p131,2017,0.27989021000000003,0.23869181,0.19596267999999997,0.22803209,ISNE,AEO2026 Low Economic Growth
p131,2018,0.27989021000000003,0.23869181,0.19596267999999997,0.22803209,ISNE,AEO2026 Low Economic Growth
p131,2019,0.27989021000000003,0.23869181,0.19596267999999997,0.22803209,ISNE,AEO2026 Low Economic Growth
p131,2020,0.27989021000000003,0.23869181,0.19596267999999997,0.22803209,ISNE,AEO2026 Low Economic Growth
p131,2021,0.27989021000000003,0.23869181,0.19596267999999997,0.22803209,ISNE,AEO2026 Low Economic Growth
p131,2022,0.27989021000000003,0.23869181,0.19596267999999997,0.22803209,ISNE,AEO2026 Low Economic Growth
p131,2023,0.27989021000000003,0.23869181,0.19596267999999997,0.22803209,ISNE,AEO2026 Low Economic Growth
p131,2024,0.27989021000000003,0.23869181,0.19596267999999997,0.22803209,ISNE,AEO2026 Low Economic Growth
p131,2025,0.27989021000000003,0.23869181,0.19596267999999997,0.22803209,ISNE,AEO2026 Low Economic Growth
p131,2026,0.29388733,0.25681387,0.20722833999999998,0.24085409,ISNE,AEO2026 Low Economic Growth
p131,2027,0.29180672,0.25275057,0.19834917000000002,0.23199596,ISNE,AEO2026 Low Economic Growth
p131,2028,0.2849111,0.24630932000000003,0.18793972,0.22291599,ISNE,AEO2026 Low Economic Growth
p131,2029,0.29745821,0.25997307,0.19736145,0.23384888,ISNE,AEO2026 Low Economic Growth
p131,2030,0.30981200999999997,0.27358719,0.20633041,0.24454695,ISNE,AEO2026 Low Economic Growth
p131,2031,0.32208644999999997,0.28769346,0.21441064999999998,0.25439196,ISNE,AEO2026 Low Economic Growth
p131,2032,0.33413326,0.30053284,0.22367937000000002,0.26535681,ISNE,AEO2026 Low Economic Growth
p131,2033,0.34433104999999997,0.31094053,0.23112194,0.27438036,ISNE,AEO2026 Low Economic Growth
p131,2034,0.35161896,0.31838135,0.23531935,0.28030998,ISNE,AEO2026 Low Economic Growth
p131,2035,0.36149749999999997,0.32816238,0.24173498,0.28849155,ISNE,AEO2026 Low Economic Growth
p131,2036,0.37446819,0.34107597,0.2509742,0.29963936,ISNE,AEO2026 Low Economic Growth
p131,2037,0.38939888000000006,0.35627647,0.26188494,0.31248844,ISNE,AEO2026 Low Economic Growth
p131,2038,0.40425087,0.37129725999999996,0.27251474000000003,0.32515785,ISNE,AEO2026 Low Economic Growth
p131,2039,0.41922615,0.38629566,0.28289864000000003,0.33764801,ISNE,AEO2026 Low Economic Growth
p131,2040,0.43344428999999995,0.40025173000000003,0.29229374,0.34924903999999996,ISNE,AEO2026 Low Economic Growth
p131,2041,0.44851509,0.41474079,0.30206886,0.361329,ISNE,AEO2026 Low Economic Growth
p131,2042,0.47609699,0.44746025,0.32161442,0.38230461,ISNE,AEO2026 Low Economic Growth
p131,2043,0.49623409,0.46628727,0.33451492,0.39771934999999997,ISNE,AEO2026 Low Economic Growth
p131,2044,0.51848457,0.48685924999999997,0.34934166,0.41488262,ISNE,AEO2026 Low Economic Growth
p131,2045,0.54018772,0.50690891,0.36290976999999996,0.43093170000000003,ISNE,AEO2026 Low Economic Growth
p131,2046,0.56112312,0.52612591,0.37518761,0.44569327999999997,ISNE,AEO2026 Low Economic Growth
p131,2047,0.58352161,0.5472424300000001,0.38863205,0.46175549,ISNE,AEO2026 Low Economic Growth
p131,2048,0.60668842,0.56917999,0.40242146,0.47826942,ISNE,AEO2026 Low Economic Growth
p131,2049,0.63124451,0.5928996999999999,0.41723278,0.49583976999999996,ISNE,AEO2026 Low Economic Growth
p131,2050,0.65310219,0.61336273,0.42892853000000003,0.5103846,ISNE,AEO2026 Low Economic Growth
p132,2014,0.27989021000000003,0.23869181,0.19596267999999997,0.22803209,ISNE,AEO2026 Low Economic Growth
p132,2015,0.27989021000000003,0.23869181,0.19596267999999997,0.22803209,ISNE,AEO2026 Low Economic Growth
p132,2016,0.27989021000000003,0.23869181,0.19596267999999997,0.22803209,ISNE,AEO2026 Low Economic Growth
p132,2017,0.27989021000000003,0.23869181,0.19596267999999997,0.22803209,ISNE,AEO2026 Low Economic Growth
p132,2018,0.27989021000000003,0.23869181,0.19596267999999997,0.22803209,ISNE,AEO2026 Low Economic Growth
p132,2019,0.27989021000000003,0.23869181,0.19596267999999997,0.22803209,ISNE,AEO2026 Low Economic Growth
p132,2020,0.27989021000000003,0.23869181,0.19596267999999997,0.22803209,ISNE,AEO2026 Low Economic Growth
p132,2021,0.27989021000000003,0.23869181,0.19596267999999997,0.22803209,ISNE,AEO2026 Low Economic Growth
p132,2022,0.27989021000000003,0.23869181,0.19596267999999997,0.22803209,ISNE,AEO2026 Low Economic Growth
p132,2023,0.27989021000000003,0.23869181,0.19596267999999997,0.22803209,ISNE,AEO2026 Low Economic Growth
p132,2024,0.27989021000000003,0.23869181,0.19596267999999997,0.22803209,ISNE,AEO2026 Low Economic Growth
p132,2025,0.27989021000000003,0.23869181,0.19596267999999997,0.22803209,ISNE,AEO2026 Low Economic Growth
p132,2026,0.29388733,0.25681387,0.20722833999999998,0.24085409,ISNE,AEO2026 Low Economic Growth
p132,2027,0.29180672,0.25275057,0.19834917000000002,0.23199596,ISNE,AEO2026 Low Economic Growth
p132,2028,0.2849111,0.24630932000000003,0.18793972,0.22291599,ISNE,AEO2026 Low Economic Growth
p132,2029,0.29745821,0.25997307,0.19736145,0.23384888,ISNE,AEO2026 Low Economic Growth
p132,2030,0.30981200999999997,0.27358719,0.20633041,0.24454695,ISNE,AEO2026 Low Economic Growth
p132,2031,0.32208644999999997,0.28769346,0.21441064999999998,0.25439196,ISNE,AEO2026 Low Economic Growth
p132,2032,0.33413326,0.30053284,0.22367937000000002,0.26535681,ISNE,AEO2026 Low Economic Growth
p132,2033,0.34433104999999997,0.31094053,0.23112194,0.27438036,ISNE,AEO2026 Low Economic Growth
p132,2034,0.35161896,0.31838135,0.23531935,0.28030998,ISNE,AEO2026 Low Economic Growth
p132,2035,0.36149749999999997,0.32816238,0.24173498,0.28849155,ISNE,AEO2026 Low Economic Growth
p132,2036,0.37446819,0.34107597,0.2509742,0.29963936,ISNE,AEO2026 Low Economic Growth
p132,2037,0.38939888000000006,0.35627647,0.26188494,0.31248844,ISNE,AEO2026 Low Economic Growth
p132,2038,0.40425087,0.37129725999999996,0.27251474000000003,0.32515785,ISNE,AEO2026 Low Economic Growth
p132,2039,0.41922615,0.38629566,0.28289864000000003,0.33764801,ISNE,AEO2026 Low Economic Growth
p132,2040,0.43344428999999995,0.40025173000000003,0.29229374,0.34924903999999996,ISNE,AEO2026 Low Economic Growth
p132,2041,0.44851509,0.41474079,0.30206886,0.361329,ISNE,AEO2026 Low Economic Growth
p132,2042,0.47609699,0.44746025,0.32161442,0.38230461,ISNE,AEO2026 Low Economic Growth
p132,2043,0.49623409,0.46628727,0.33451492,0.39771934999999997,ISNE,AEO2026 Low Economic Growth
p132,2044,0.51848457,0.48685924999999997,0.34934166,0.41488262,ISNE,AEO2026 Low Economic Growth
p132,2045,0.54018772,0.50690891,0.36290976999999996,0.43093170000000003,ISNE,AEO2026 Low Economic Growth
p132,2046,0.56112312,0.52612591,0.37518761,0.44569327999999997,ISNE,AEO2026 Low Economic Growth
p132,2047,0.58352161,0.5472424300000001,0.38863205,0.46175549,ISNE,AEO2026 Low Economic Growth
p132,2048,0.60668842,0.56917999,0.40242146,0.47826942,ISNE,AEO2026 Low Economic Growth
p132,2049,0.63124451,0.5928996999999999,0.41723278,0.49583976999999996,ISNE,AEO2026 Low Economic Growth
p132,2050,0.65310219,0.61336273,0.42892853000000003,0.5103846,ISNE,AEO2026 Low Economic Growth
p133,2014,0.27989021000000003,0.23869181,0.19596267999999997,0.22803209,ISNE,AEO2026 Low Economic Growth
p133,2015,0.27989021000000003,0.23869181,0.19596267999999997,0.22803209,ISNE,AEO2026 Low Economic Growth
p133,2016,0.27989021000000003,0.23869181,0.19596267999999997,0.22803209,ISNE,AEO2026 Low Economic Growth
p133,2017,0.27989021000000003,0.23869181,0.19596267999999997,0.22803209,ISNE,AEO2026 Low Economic Growth
p133,2018,0.27989021000000003,0.23869181,0.19596267999999997,0.22803209,ISNE,AEO2026 Low Economic Growth
p133,2019,0.27989021000000003,0.23869181,0.19596267999999997,0.22803209,ISNE,AEO2026 Low Economic Growth
p133,2020,0.27989021000000003,0.23869181,0.19596267999999997,0.22803209,ISNE,AEO2026 Low Economic Growth
p133,2021,0.27989021000000003,0.23869181,0.19596267999999997,0.22803209,ISNE,AEO2026 Low Economic Growth
p133,2022,0.27989021000000003,0.23869181,0.19596267999999997,0.22803209,ISNE,AEO2026 Low Economic Growth
p133,2023,0.27989021000000003,0.23869181,0.19596267999999997,0.22803209,ISNE,AEO2026 Low Economic Growth
p133,2024,0.27989021000000003,0.23869181,0.19596267999999997,0.22803209,ISNE,AEO2026 Low Economic Growth
p133,2025,0.27989021000000003,0.23869181,0.19596267999999997,0.22803209,ISNE,AEO2026 Low Economic Growth
p133,2026,0.29388733,0.25681387,0.20722833999999998,0.24085409,ISNE,AEO2026 Low Economic Growth
p133,2027,0.29180672,0.25275057,0.19834917000000002,0.23199596,ISNE,AEO2026 Low Economic Growth
p133,2028,0.2849111,0.24630932000000003,0.18793972,0.22291599,ISNE,AEO2026 Low Economic Growth
p133,2029,0.29745821,0.25997307,0.19736145,0.23384888,ISNE,AEO2026 Low Economic Growth
p133,2030,0.30981200999999997,0.27358719,0.20633041,0.24454695,ISNE,AEO2026 Low Economic Growth
p133,2031,0.32208644999999997,0.28769346,0.21441064999999998,0.25439196,ISNE,AEO2026 Low Economic Growth
p133,2032,0.33413326,0.30053284,0.22367937000000002,0.26535681,ISNE,AEO2026 Low Economic Growth
p133,2033,0.34433104999999997,0.31094053,0.23112194,0.27438036,ISNE,AEO2026 Low Economic Growth
p133,2034,0.35161896,0.31838135,0.23531935,0.28030998,ISNE,AEO2026 Low Economic Growth
p133,2035,0.36149749999999997,0.32816238,0.24173498,0.28849155,ISNE,AEO2026 Low Economic Growth
p133,2036,0.37446819,0.34107597,0.2509742,0.29963936,ISNE,AEO2026 Low Economic Growth
p133,2037,0.38939888000000006,0.35627647,0.26188494,0.31248844,ISNE,AEO2026 Low Economic Growth
p133,2038,0.40425087,0.37129725999999996,0.27251474000000003,0.32515785,ISNE,AEO2026 Low Economic Growth
p133,2039,0.41922615,0.38629566,0.28289864000000003,0.33764801,ISNE,AEO2026 Low Economic Growth
p133,2040,0.43344428999999995,0.40025173000000003,0.29229374,0.34924903999999996,ISNE,AEO2026 Low Economic Growth
p133,2041,0.44851509,0.41474079,0.30206886,0.361329,ISNE,AEO2026 Low Economic Growth
p133,2042,0.47609699,0.44746025,0.32161442,0.38230461,ISNE,AEO2026 Low Economic Growth
p133,2043,0.49623409,0.46628727,0.33451492,0.39771934999999997,ISNE,AEO2026 Low Economic Growth
p133,2044,0.51848457,0.48685924999999997,0.34934166,0.41488262,ISNE,AEO2026 Low Economic Growth
p133,2045,0.54018772,0.50690891,0.36290976999999996,0.43093170000000003,ISNE,AEO2026 Low Economic Growth
p133,2046,0.56112312,0.52612591,0.37518761,0.44569327999999997,ISNE,AEO2026 Low Economic Growth
p133,2047,0.58352161,0.5472424300000001,0.38863205,0.46175549,ISNE,AEO2026 Low Economic Growth
p133,2048,0.60668842,0.56917999,0.40242146,0.47826942,ISNE,AEO2026 Low Economic Growth
p133,2049,0.63124451,0.5928996999999999,0.41723278,0.49583976999999996,ISNE,AEO2026 Low Economic Growth
p133,2050,0.65310219,0.61336273,0.42892853000000003,0.5103846,ISNE,AEO2026 Low Economic Growth
p134,2014,0.27989021000000003,0.23869181,0.19596267999999997,0.22803209,ISNE,AEO2026 Low Economic Growth
p134,2015,0.27989021000000003,0.23869181,0.19596267999999997,0.22803209,ISNE,AEO2026 Low Economic Growth
p134,2016,0.27989021000000003,0.23869181,0.19596267999999997,0.22803209,ISNE,AEO2026 Low Economic Growth
p134,2017,0.27989021000000003,0.23869181,0.19596267999999997,0.22803209,ISNE,AEO2026 Low Economic Growth
p134,2018,0.27989021000000003,0.23869181,0.19596267999999997,0.22803209,ISNE,AEO2026 Low Economic Growth
p134,2019,0.27989021000000003,0.23869181,0.19596267999999997,0.22803209,ISNE,AEO2026 Low Economic Growth
p134,2020,0.27989021000000003,0.23869181,0.19596267999999997,0.22803209,ISNE,AEO2026 Low Economic Growth
p134,2021,0.27989021000000003,0.23869181,0.19596267999999997,0.22803209,ISNE,AEO2026 Low Economic Growth
p134,2022,0.27989021000000003,0.23869181,0.19596267999999997,0.22803209,ISNE,AEO2026 Low Economic Growth
p134,2023,0.27989021000000003,0.23869181,0.19596267999999997,0.22803209,ISNE,AEO2026 Low Economic Growth
p134,2024,0.27989021000000003,0.23869181,0.19596267999999997,0.22803209,ISNE,AEO2026 Low Economic Growth
p134,2025,0.27989021000000003,0.23869181,0.19596267999999997,0.22803209,ISNE,AEO2026 Low Economic Growth
p134,2026,0.29388733,0.25681387,0.20722833999999998,0.24085409,ISNE,AEO2026 Low Economic Growth
p134,2027,0.29180672,0.25275057,0.19834917000000002,0.23199596,ISNE,AEO2026 Low Economic Growth
p134,2028,0.2849111,0.24630932000000003,0.18793972,0.22291599,ISNE,AEO2026 Low Economic Growth
p134,2029,0.29745821,0.25997307,0.19736145,0.23384888,ISNE,AEO2026 Low Economic Growth
p134,2030,0.30981200999999997,0.27358719,0.20633041,0.24454695,ISNE,AEO2026 Low Economic Growth
p134,2031,0.32208644999999997,0.28769346,0.21441064999999998,0.25439196,ISNE,AEO2026 Low Economic Growth
p134,2032,0.33413326,0.30053284,0.22367937000000002,0.26535681,ISNE,AEO2026 Low Economic Growth
p134,2033,0.34433104999999997,0.31094053,0.23112194,0.27438036,ISNE,AEO2026 Low Economic Growth
p134,2034,0.35161896,0.31838135,0.23531935,0.28030998,ISNE,AEO2026 Low Economic Growth
p134,2035,0.36149749999999997,0.32816238,0.24173498,0.28849155,ISNE,AEO2026 Low Economic Growth
p134,2036,0.37446819,0.34107597,0.2509742,0.29963936,ISNE,AEO2026 Low Economic Growth
p134,2037,0.38939888000000006,0.35627647,0.26188494,0.31248844,ISNE,AEO2026 Low Economic Growth
p134,2038,0.40425087,0.37129725999999996,0.27251474000000003,0.32515785,ISNE,AEO2026 Low Economic Growth
p134,2039,0.41922615,0.38629566,0.28289864000000003,0.33764801,ISNE,AEO2026 Low Economic Growth
p134,2040,0.43344428999999995,0.40025173000000003,0.29229374,0.34924903999999996,ISNE,AEO2026 Low Economic Growth
p134,2041,0.44851509,0.41474079,0.30206886,0.361329,ISNE,AEO2026 Low Economic Growth
p134,2042,0.47609699,0.44746025,0.32161442,0.38230461,ISNE,AEO2026 Low Economic Growth
p134,2043,0.49623409,0.46628727,0.33451492,0.39771934999999997,ISNE,AEO2026 Low Economic Growth
p134,2044,0.51848457,0.48685924999999997,0.34934166,0.41488262,ISNE,AEO2026 Low Economic Growth
p134,2045,0.54018772,0.50690891,0.36290976999999996,0.43093170000000003,ISNE,AEO2026 Low Economic Growth
p134,2046,0.56112312,0.52612591,0.37518761,0.44569327999999997,ISNE,AEO2026 Low Economic Growth
p134,2047,0.58352161,0.5472424300000001,0.38863205,0.46175549,ISNE,AEO2026 Low Economic Growth
p134,2048,0.60668842,0.56917999,0.40242146,0.47826942,ISNE,AEO2026 Low Economic Growth
p134,2049,0.63124451,0.5928996999999999,0.41723278,0.49583976999999996,ISNE,AEO2026 Low Economic Growth
p134,2050,0.65310219,0.61336273,0.42892853000000003,0.5103846,ISNE,AEO2026 Low Economic Growth
