ba,year,elec_price_res,elec_price_com,elec_price_ind,elec_price_trans,nerc_region_abbr,scenario
p1,2014,0.14957222,0.12226455,0.09114523999999999,0.12293658,NWPP,AEO2026 Counterfactual Baseline case
p1,2015,0.14957222,0.12226455,0.09114523999999999,0.12293658,NWPP,AEO2026 Counterfactual Baseline case
p1,2016,0.14957222,0.12226455,0.09114523999999999,0.12293658,NWPP,AEO2026 Counterfactual Baseline case
p1,2017,0.14957222,0.12226455,0.09114523999999999,0.12293658,NWPP,AEO2026 Counterfactual Baseline case
p1,2018,0.14957222,0.12226455,0.09114523999999999,0.12293658,NWPP,AEO2026 Counterfactual Baseline case
p1,2019,0.14957222,0.12226455,0.09114523999999999,0.12293658,NWPP,AEO2026 Counterfactual Baseline case
p1,2020,0.14957222,0.12226455,0.09114523999999999,0.12293658,NWPP,AEO2026 Counterfactual Baseline case
p1,2021,0.14957222,0.12226455,0.09114523999999999,0.12293658,NWPP,AEO2026 Counterfactual Baseline case
p1,2022,0.14957222,0.12226455,0.09114523999999999,0.12293658,NWPP,AEO2026 Counterfactual Baseline case
p1,2023,0.14957222,0.12226455,0.09114523999999999,0.12293658,NWPP,AEO2026 Counterfactual Baseline case
p1,2024,0.14957222,0.12226455,0.09114523999999999,0.12293658,NWPP,AEO2026 Counterfactual Baseline case
p1,2025,0.14957222,0.12226455,0.09114523999999999,0.12293658,NWPP,AEO2026 Counterfactual Baseline case
p1,2026,0.15251651,0.12303755000000001,0.09028597,0.12113989,NWPP,AEO2026 Counterfactual Baseline case
p1,2027,0.14436673,0.11095448,0.07695776,0.10883369,NWPP,AEO2026 Counterfactual Baseline case
p1,2028,0.13808311,0.10500835,0.07292141,0.10225526,NWPP,AEO2026 Counterfactual Baseline case
p1,2029,0.13912194,0.10553367,0.0729581,0.10272862999999999,NWPP,AEO2026 Counterfactual Baseline case
p1,2030,0.14143112,0.10704832,0.07411575,0.10417075,NWPP,AEO2026 Counterfactual Baseline case
p1,2031,0.14533118,0.1103551,0.07689035,0.10730176999999999,NWPP,AEO2026 Counterfactual Baseline case
p1,2032,0.1494074,0.113523,0.0797408,0.1109997,NWPP,AEO2026 Counterfactual Baseline case
p1,2033,0.15385681,0.11687386999999999,0.08247278,0.11462121,NWPP,AEO2026 Counterfactual Baseline case
p1,2034,0.15913676000000002,0.12075529,0.08588107,0.11844273,NWPP,AEO2026 Counterfactual Baseline case
p1,2035,0.16410686,0.12405891000000001,0.08859475,0.1219005,NWPP,AEO2026 Counterfactual Baseline case
p1,2036,0.16885191,0.12689317,0.09101917999999999,0.12481147999999999,NWPP,AEO2026 Counterfactual Baseline case
p1,2037,0.17431242000000002,0.13031293,0.09395298,0.12831538,NWPP,AEO2026 Counterfactual Baseline case
p1,2038,0.17943113,0.13344754,0.09602142000000001,0.1314146,NWPP,AEO2026 Counterfactual Baseline case
p1,2039,0.18503941000000002,0.13680974,0.09858882,0.13462906,NWPP,AEO2026 Counterfactual Baseline case
p1,2040,0.19057596,0.1396663,0.10018049,0.13763564,NWPP,AEO2026 Counterfactual Baseline case
p1,2041,0.19619312,0.14268262,0.10245193000000001,0.14057084,NWPP,AEO2026 Counterfactual Baseline case
p1,2042,0.20159742000000003,0.14563673,0.1046467,0.14348660000000002,NWPP,AEO2026 Counterfactual Baseline case
p1,2043,0.20643787,0.14823255,0.10642235,0.14601987,NWPP,AEO2026 Counterfactual Baseline case
p1,2044,0.21147278,0.15097274,0.1083815,0.14867008,NWPP,AEO2026 Counterfactual Baseline case
p1,2045,0.21665299999999998,0.15377251,0.11029778999999999,0.15117291,NWPP,AEO2026 Counterfactual Baseline case
p1,2046,0.22189562,0.15662283,0.11235065000000001,0.15384313,NWPP,AEO2026 Counterfactual Baseline case
p1,2047,0.22709210999999999,0.15941641,0.11434403,0.15645253,NWPP,AEO2026 Counterfactual Baseline case
p1,2048,0.23234072,0.16223877,0.11627428999999999,0.1590727,NWPP,AEO2026 Counterfactual Baseline case
p1,2049,0.2380789,0.16548169999999998,0.11847531,0.1620783,NWPP,AEO2026 Counterfactual Baseline case
p1,2050,0.24455082,0.16942726,0.12142810000000001,0.16577106,NWPP,AEO2026 Counterfactual Baseline case
p2,2014,0.14957222,0.12226455,0.09114523999999999,0.12293658,NWPP,AEO2026 Counterfactual Baseline case
p2,2015,0.14957222,0.12226455,0.09114523999999999,0.12293658,NWPP,AEO2026 Counterfactual Baseline case
p2,2016,0.14957222,0.12226455,0.09114523999999999,0.12293658,NWPP,AEO2026 Counterfactual Baseline case
p2,2017,0.14957222,0.12226455,0.09114523999999999,0.12293658,NWPP,AEO2026 Counterfactual Baseline case
p2,2018,0.14957222,0.12226455,0.09114523999999999,0.12293658,NWPP,AEO2026 Counterfactual Baseline case
p2,2019,0.14957222,0.12226455,0.09114523999999999,0.12293658,NWPP,AEO2026 Counterfactual Baseline case
p2,2020,0.14957222,0.12226455,0.09114523999999999,0.12293658,NWPP,AEO2026 Counterfactual Baseline case
p2,2021,0.14957222,0.12226455,0.09114523999999999,0.12293658,NWPP,AEO2026 Counterfactual Baseline case
p2,2022,0.14957222,0.12226455,0.09114523999999999,0.12293658,NWPP,AEO2026 Counterfactual Baseline case
p2,2023,0.14957222,0.12226455,0.09114523999999999,0.12293658,NWPP,AEO2026 Counterfactual Baseline case
p2,2024,0.14957222,0.12226455,0.09114523999999999,0.12293658,NWPP,AEO2026 Counterfactual Baseline case
p2,2025,0.14957222,0.12226455,0.09114523999999999,0.12293658,NWPP,AEO2026 Counterfactual Baseline case
p2,2026,0.15251651,0.12303755000000001,0.09028597,0.12113989,NWPP,AEO2026 Counterfactual Baseline case
p2,2027,0.14436673,0.11095448,0.07695776,0.10883369,NWPP,AEO2026 Counterfactual Baseline case
p2,2028,0.13808311,0.10500835,0.07292141,0.10225526,NWPP,AEO2026 Counterfactual Baseline case
p2,2029,0.13912194,0.10553367,0.0729581,0.10272862999999999,NWPP,AEO2026 Counterfactual Baseline case
p2,2030,0.14143112,0.10704832,0.07411575,0.10417075,NWPP,AEO2026 Counterfactual Baseline case
p2,2031,0.14533118,0.1103551,0.07689035,0.10730176999999999,NWPP,AEO2026 Counterfactual Baseline case
p2,2032,0.1494074,0.113523,0.0797408,0.1109997,NWPP,AEO2026 Counterfactual Baseline case
p2,2033,0.15385681,0.11687386999999999,0.08247278,0.11462121,NWPP,AEO2026 Counterfactual Baseline case
p2,2034,0.15913676000000002,0.12075529,0.08588107,0.11844273,NWPP,AEO2026 Counterfactual Baseline case
p2,2035,0.16410686,0.12405891000000001,0.08859475,0.1219005,NWPP,AEO2026 Counterfactual Baseline case
p2,2036,0.16885191,0.12689317,0.09101917999999999,0.12481147999999999,NWPP,AEO2026 Counterfactual Baseline case
p2,2037,0.17431242000000002,0.13031293,0.09395298,0.12831538,NWPP,AEO2026 Counterfactual Baseline case
p2,2038,0.17943113,0.13344754,0.09602142000000001,0.1314146,NWPP,AEO2026 Counterfactual Baseline case
p2,2039,0.18503941000000002,0.13680974,0.09858882,0.13462906,NWPP,AEO2026 Counterfactual Baseline case
p2,2040,0.19057596,0.1396663,0.10018049,0.13763564,NWPP,AEO2026 Counterfactual Baseline case
p2,2041,0.19619312,0.14268262,0.10245193000000001,0.14057084,NWPP,AEO2026 Counterfactual Baseline case
p2,2042,0.20159742000000003,0.14563673,0.1046467,0.14348660000000002,NWPP,AEO2026 Counterfactual Baseline case
p2,2043,0.20643787,0.14823255,0.10642235,0.14601987,NWPP,AEO2026 Counterfactual Baseline case
p2,2044,0.21147278,0.15097274,0.1083815,0.14867008,NWPP,AEO2026 Counterfactual Baseline case
p2,2045,0.21665299999999998,0.15377251,0.11029778999999999,0.15117291,NWPP,AEO2026 Counterfactual Baseline case
p2,2046,0.22189562,0.15662283,0.11235065000000001,0.15384313,NWPP,AEO2026 Counterfactual Baseline case
p2,2047,0.22709210999999999,0.15941641,0.11434403,0.15645253,NWPP,AEO2026 Counterfactual Baseline case
p2,2048,0.23234072,0.16223877,0.11627428999999999,0.1590727,NWPP,AEO2026 Counterfactual Baseline case
p2,2049,0.2380789,0.16548169999999998,0.11847531,0.1620783,NWPP,AEO2026 Counterfactual Baseline case
p2,2050,0.24455082,0.16942726,0.12142810000000001,0.16577106,NWPP,AEO2026 Counterfactual Baseline case
p3,2014,0.14957222,0.12226455,0.09114523999999999,0.12293658,NWPP,AEO2026 Counterfactual Baseline case
p3,2015,0.14957222,0.12226455,0.09114523999999999,0.12293658,NWPP,AEO2026 Counterfactual Baseline case
p3,2016,0.14957222,0.12226455,0.09114523999999999,0.12293658,NWPP,AEO2026 Counterfactual Baseline case
p3,2017,0.14957222,0.12226455,0.09114523999999999,0.12293658,NWPP,AEO2026 Counterfactual Baseline case
p3,2018,0.14957222,0.12226455,0.09114523999999999,0.12293658,NWPP,AEO2026 Counterfactual Baseline case
p3,2019,0.14957222,0.12226455,0.09114523999999999,0.12293658,NWPP,AEO2026 Counterfactual Baseline case
p3,2020,0.14957222,0.12226455,0.09114523999999999,0.12293658,NWPP,AEO2026 Counterfactual Baseline case
p3,2021,0.14957222,0.12226455,0.09114523999999999,0.12293658,NWPP,AEO2026 Counterfactual Baseline case
p3,2022,0.14957222,0.12226455,0.09114523999999999,0.12293658,NWPP,AEO2026 Counterfactual Baseline case
p3,2023,0.14957222,0.12226455,0.09114523999999999,0.12293658,NWPP,AEO2026 Counterfactual Baseline case
p3,2024,0.14957222,0.12226455,0.09114523999999999,0.12293658,NWPP,AEO2026 Counterfactual Baseline case
p3,2025,0.14957222,0.12226455,0.09114523999999999,0.12293658,NWPP,AEO2026 Counterfactual Baseline case
p3,2026,0.15251651,0.12303755000000001,0.09028597,0.12113989,NWPP,AEO2026 Counterfactual Baseline case
p3,2027,0.14436673,0.11095448,0.07695776,0.10883369,NWPP,AEO2026 Counterfactual Baseline case
p3,2028,0.13808311,0.10500835,0.07292141,0.10225526,NWPP,AEO2026 Counterfactual Baseline case
p3,2029,0.13912194,0.10553367,0.0729581,0.10272862999999999,NWPP,AEO2026 Counterfactual Baseline case
p3,2030,0.14143112,0.10704832,0.07411575,0.10417075,NWPP,AEO2026 Counterfactual Baseline case
p3,2031,0.14533118,0.1103551,0.07689035,0.10730176999999999,NWPP,AEO2026 Counterfactual Baseline case
p3,2032,0.1494074,0.113523,0.0797408,0.1109997,NWPP,AEO2026 Counterfactual Baseline case
p3,2033,0.15385681,0.11687386999999999,0.08247278,0.11462121,NWPP,AEO2026 Counterfactual Baseline case
p3,2034,0.15913676000000002,0.12075529,0.08588107,0.11844273,NWPP,AEO2026 Counterfactual Baseline case
p3,2035,0.16410686,0.12405891000000001,0.08859475,0.1219005,NWPP,AEO2026 Counterfactual Baseline case
p3,2036,0.16885191,0.12689317,0.09101917999999999,0.12481147999999999,NWPP,AEO2026 Counterfactual Baseline case
p3,2037,0.17431242000000002,0.13031293,0.09395298,0.12831538,NWPP,AEO2026 Counterfactual Baseline case
p3,2038,0.17943113,0.13344754,0.09602142000000001,0.1314146,NWPP,AEO2026 Counterfactual Baseline case
p3,2039,0.18503941000000002,0.13680974,0.09858882,0.13462906,NWPP,AEO2026 Counterfactual Baseline case
p3,2040,0.19057596,0.1396663,0.10018049,0.13763564,NWPP,AEO2026 Counterfactual Baseline case
p3,2041,0.19619312,0.14268262,0.10245193000000001,0.14057084,NWPP,AEO2026 Counterfactual Baseline case
p3,2042,0.20159742000000003,0.14563673,0.1046467,0.14348660000000002,NWPP,AEO2026 Counterfactual Baseline case
p3,2043,0.20643787,0.14823255,0.10642235,0.14601987,NWPP,AEO2026 Counterfactual Baseline case
p3,2044,0.21147278,0.15097274,0.1083815,0.14867008,NWPP,AEO2026 Counterfactual Baseline case
p3,2045,0.21665299999999998,0.15377251,0.11029778999999999,0.15117291,NWPP,AEO2026 Counterfactual Baseline case
p3,2046,0.22189562,0.15662283,0.11235065000000001,0.15384313,NWPP,AEO2026 Counterfactual Baseline case
p3,2047,0.22709210999999999,0.15941641,0.11434403,0.15645253,NWPP,AEO2026 Counterfactual Baseline case
p3,2048,0.23234072,0.16223877,0.11627428999999999,0.1590727,NWPP,AEO2026 Counterfactual Baseline case
p3,2049,0.2380789,0.16548169999999998,0.11847531,0.1620783,NWPP,AEO2026 Counterfactual Baseline case
p3,2050,0.24455082,0.16942726,0.12142810000000001,0.16577106,NWPP,AEO2026 Counterfactual Baseline case
p4,2014,0.14957222,0.12226455,0.09114523999999999,0.12293658,NWPP,AEO2026 Counterfactual Baseline case
p4,2015,0.14957222,0.12226455,0.09114523999999999,0.12293658,NWPP,AEO2026 Counterfactual Baseline case
p4,2016,0.14957222,0.12226455,0.09114523999999999,0.12293658,NWPP,AEO2026 Counterfactual Baseline case
p4,2017,0.14957222,0.12226455,0.09114523999999999,0.12293658,NWPP,AEO2026 Counterfactual Baseline case
p4,2018,0.14957222,0.12226455,0.09114523999999999,0.12293658,NWPP,AEO2026 Counterfactual Baseline case
p4,2019,0.14957222,0.12226455,0.09114523999999999,0.12293658,NWPP,AEO2026 Counterfactual Baseline case
p4,2020,0.14957222,0.12226455,0.09114523999999999,0.12293658,NWPP,AEO2026 Counterfactual Baseline case
p4,2021,0.14957222,0.12226455,0.09114523999999999,0.12293658,NWPP,AEO2026 Counterfactual Baseline case
p4,2022,0.14957222,0.12226455,0.09114523999999999,0.12293658,NWPP,AEO2026 Counterfactual Baseline case
p4,2023,0.14957222,0.12226455,0.09114523999999999,0.12293658,NWPP,AEO2026 Counterfactual Baseline case
p4,2024,0.14957222,0.12226455,0.09114523999999999,0.12293658,NWPP,AEO2026 Counterfactual Baseline case
p4,2025,0.14957222,0.12226455,0.09114523999999999,0.12293658,NWPP,AEO2026 Counterfactual Baseline case
p4,2026,0.15251651,0.12303755000000001,0.09028597,0.12113989,NWPP,AEO2026 Counterfactual Baseline case
p4,2027,0.14436673,0.11095448,0.07695776,0.10883369,NWPP,AEO2026 Counterfactual Baseline case
p4,2028,0.13808311,0.10500835,0.07292141,0.10225526,NWPP,AEO2026 Counterfactual Baseline case
p4,2029,0.13912194,0.10553367,0.0729581,0.10272862999999999,NWPP,AEO2026 Counterfactual Baseline case
p4,2030,0.14143112,0.10704832,0.07411575,0.10417075,NWPP,AEO2026 Counterfactual Baseline case
p4,2031,0.14533118,0.1103551,0.07689035,0.10730176999999999,NWPP,AEO2026 Counterfactual Baseline case
p4,2032,0.1494074,0.113523,0.0797408,0.1109997,NWPP,AEO2026 Counterfactual Baseline case
p4,2033,0.15385681,0.11687386999999999,0.08247278,0.11462121,NWPP,AEO2026 Counterfactual Baseline case
p4,2034,0.15913676000000002,0.12075529,0.08588107,0.11844273,NWPP,AEO2026 Counterfactual Baseline case
p4,2035,0.16410686,0.12405891000000001,0.08859475,0.1219005,NWPP,AEO2026 Counterfactual Baseline case
p4,2036,0.16885191,0.12689317,0.09101917999999999,0.12481147999999999,NWPP,AEO2026 Counterfactual Baseline case
p4,2037,0.17431242000000002,0.13031293,0.09395298,0.12831538,NWPP,AEO2026 Counterfactual Baseline case
p4,2038,0.17943113,0.13344754,0.09602142000000001,0.1314146,NWPP,AEO2026 Counterfactual Baseline case
p4,2039,0.18503941000000002,0.13680974,0.09858882,0.13462906,NWPP,AEO2026 Counterfactual Baseline case
p4,2040,0.19057596,0.1396663,0.10018049,0.13763564,NWPP,AEO2026 Counterfactual Baseline case
p4,2041,0.19619312,0.14268262,0.10245193000000001,0.14057084,NWPP,AEO2026 Counterfactual Baseline case
p4,2042,0.20159742000000003,0.14563673,0.1046467,0.14348660000000002,NWPP,AEO2026 Counterfactual Baseline case
p4,2043,0.20643787,0.14823255,0.10642235,0.14601987,NWPP,AEO2026 Counterfactual Baseline case
p4,2044,0.21147278,0.15097274,0.1083815,0.14867008,NWPP,AEO2026 Counterfactual Baseline case
p4,2045,0.21665299999999998,0.15377251,0.11029778999999999,0.15117291,NWPP,AEO2026 Counterfactual Baseline case
p4,2046,0.22189562,0.15662283,0.11235065000000001,0.15384313,NWPP,AEO2026 Counterfactual Baseline case
p4,2047,0.22709210999999999,0.15941641,0.11434403,0.15645253,NWPP,AEO2026 Counterfactual Baseline case
p4,2048,0.23234072,0.16223877,0.11627428999999999,0.1590727,NWPP,AEO2026 Counterfactual Baseline case
p4,2049,0.2380789,0.16548169999999998,0.11847531,0.1620783,NWPP,AEO2026 Counterfactual Baseline case
p4,2050,0.24455082,0.16942726,0.12142810000000001,0.16577106,NWPP,AEO2026 Counterfactual Baseline case
p5,2014,0.14957222,0.12226455,0.09114523999999999,0.12293658,NWPP,AEO2026 Counterfactual Baseline case
p5,2015,0.14957222,0.12226455,0.09114523999999999,0.12293658,NWPP,AEO2026 Counterfactual Baseline case
p5,2016,0.14957222,0.12226455,0.09114523999999999,0.12293658,NWPP,AEO2026 Counterfactual Baseline case
p5,2017,0.14957222,0.12226455,0.09114523999999999,0.12293658,NWPP,AEO2026 Counterfactual Baseline case
p5,2018,0.14957222,0.12226455,0.09114523999999999,0.12293658,NWPP,AEO2026 Counterfactual Baseline case
p5,2019,0.14957222,0.12226455,0.09114523999999999,0.12293658,NWPP,AEO2026 Counterfactual Baseline case
p5,2020,0.14957222,0.12226455,0.09114523999999999,0.12293658,NWPP,AEO2026 Counterfactual Baseline case
p5,2021,0.14957222,0.12226455,0.09114523999999999,0.12293658,NWPP,AEO2026 Counterfactual Baseline case
p5,2022,0.14957222,0.12226455,0.09114523999999999,0.12293658,NWPP,AEO2026 Counterfactual Baseline case
p5,2023,0.14957222,0.12226455,0.09114523999999999,0.12293658,NWPP,AEO2026 Counterfactual Baseline case
p5,2024,0.14957222,0.12226455,0.09114523999999999,0.12293658,NWPP,AEO2026 Counterfactual Baseline case
p5,2025,0.14957222,0.12226455,0.09114523999999999,0.12293658,NWPP,AEO2026 Counterfactual Baseline case
p5,2026,0.15251651,0.12303755000000001,0.09028597,0.12113989,NWPP,AEO2026 Counterfactual Baseline case
p5,2027,0.14436673,0.11095448,0.07695776,0.10883369,NWPP,AEO2026 Counterfactual Baseline case
p5,2028,0.13808311,0.10500835,0.07292141,0.10225526,NWPP,AEO2026 Counterfactual Baseline case
p5,2029,0.13912194,0.10553367,0.0729581,0.10272862999999999,NWPP,AEO2026 Counterfactual Baseline case
p5,2030,0.14143112,0.10704832,0.07411575,0.10417075,NWPP,AEO2026 Counterfactual Baseline case
p5,2031,0.14533118,0.1103551,0.07689035,0.10730176999999999,NWPP,AEO2026 Counterfactual Baseline case
p5,2032,0.1494074,0.113523,0.0797408,0.1109997,NWPP,AEO2026 Counterfactual Baseline case
p5,2033,0.15385681,0.11687386999999999,0.08247278,0.11462121,NWPP,AEO2026 Counterfactual Baseline case
p5,2034,0.15913676000000002,0.12075529,0.08588107,0.11844273,NWPP,AEO2026 Counterfactual Baseline case
p5,2035,0.16410686,0.12405891000000001,0.08859475,0.1219005,NWPP,AEO2026 Counterfactual Baseline case
p5,2036,0.16885191,0.12689317,0.09101917999999999,0.12481147999999999,NWPP,AEO2026 Counterfactual Baseline case
p5,2037,0.17431242000000002,0.13031293,0.09395298,0.12831538,NWPP,AEO2026 Counterfactual Baseline case
p5,2038,0.17943113,0.13344754,0.09602142000000001,0.1314146,NWPP,AEO2026 Counterfactual Baseline case
p5,2039,0.18503941000000002,0.13680974,0.09858882,0.13462906,NWPP,AEO2026 Counterfactual Baseline case
p5,2040,0.19057596,0.1396663,0.10018049,0.13763564,NWPP,AEO2026 Counterfactual Baseline case
p5,2041,0.19619312,0.14268262,0.10245193000000001,0.14057084,NWPP,AEO2026 Counterfactual Baseline case
p5,2042,0.20159742000000003,0.14563673,0.1046467,0.14348660000000002,NWPP,AEO2026 Counterfactual Baseline case
p5,2043,0.20643787,0.14823255,0.10642235,0.14601987,NWPP,AEO2026 Counterfactual Baseline case
p5,2044,0.21147278,0.15097274,0.1083815,0.14867008,NWPP,AEO2026 Counterfactual Baseline case
p5,2045,0.21665299999999998,0.15377251,0.11029778999999999,0.15117291,NWPP,AEO2026 Counterfactual Baseline case
p5,2046,0.22189562,0.15662283,0.11235065000000001,0.15384313,NWPP,AEO2026 Counterfactual Baseline case
p5,2047,0.22709210999999999,0.15941641,0.11434403,0.15645253,NWPP,AEO2026 Counterfactual Baseline case
p5,2048,0.23234072,0.16223877,0.11627428999999999,0.1590727,NWPP,AEO2026 Counterfactual Baseline case
p5,2049,0.2380789,0.16548169999999998,0.11847531,0.1620783,NWPP,AEO2026 Counterfactual Baseline case
p5,2050,0.24455082,0.16942726,0.12142810000000001,0.16577106,NWPP,AEO2026 Counterfactual Baseline case
p6,2014,0.14957222,0.12226455,0.09114523999999999,0.12293658,NWPP,AEO2026 Counterfactual Baseline case
p6,2015,0.14957222,0.12226455,0.09114523999999999,0.12293658,NWPP,AEO2026 Counterfactual Baseline case
p6,2016,0.14957222,0.12226455,0.09114523999999999,0.12293658,NWPP,AEO2026 Counterfactual Baseline case
p6,2017,0.14957222,0.12226455,0.09114523999999999,0.12293658,NWPP,AEO2026 Counterfactual Baseline case
p6,2018,0.14957222,0.12226455,0.09114523999999999,0.12293658,NWPP,AEO2026 Counterfactual Baseline case
p6,2019,0.14957222,0.12226455,0.09114523999999999,0.12293658,NWPP,AEO2026 Counterfactual Baseline case
p6,2020,0.14957222,0.12226455,0.09114523999999999,0.12293658,NWPP,AEO2026 Counterfactual Baseline case
p6,2021,0.14957222,0.12226455,0.09114523999999999,0.12293658,NWPP,AEO2026 Counterfactual Baseline case
p6,2022,0.14957222,0.12226455,0.09114523999999999,0.12293658,NWPP,AEO2026 Counterfactual Baseline case
p6,2023,0.14957222,0.12226455,0.09114523999999999,0.12293658,NWPP,AEO2026 Counterfactual Baseline case
p6,2024,0.14957222,0.12226455,0.09114523999999999,0.12293658,NWPP,AEO2026 Counterfactual Baseline case
p6,2025,0.14957222,0.12226455,0.09114523999999999,0.12293658,NWPP,AEO2026 Counterfactual Baseline case
p6,2026,0.15251651,0.12303755000000001,0.09028597,0.12113989,NWPP,AEO2026 Counterfactual Baseline case
p6,2027,0.14436673,0.11095448,0.07695776,0.10883369,NWPP,AEO2026 Counterfactual Baseline case
p6,2028,0.13808311,0.10500835,0.07292141,0.10225526,NWPP,AEO2026 Counterfactual Baseline case
p6,2029,0.13912194,0.10553367,0.0729581,0.10272862999999999,NWPP,AEO2026 Counterfactual Baseline case
p6,2030,0.14143112,0.10704832,0.07411575,0.10417075,NWPP,AEO2026 Counterfactual Baseline case
p6,2031,0.14533118,0.1103551,0.07689035,0.10730176999999999,NWPP,AEO2026 Counterfactual Baseline case
p6,2032,0.1494074,0.113523,0.0797408,0.1109997,NWPP,AEO2026 Counterfactual Baseline case
p6,2033,0.15385681,0.11687386999999999,0.08247278,0.11462121,NWPP,AEO2026 Counterfactual Baseline case
p6,2034,0.15913676000000002,0.12075529,0.08588107,0.11844273,NWPP,AEO2026 Counterfactual Baseline case
p6,2035,0.16410686,0.12405891000000001,0.08859475,0.1219005,NWPP,AEO2026 Counterfactual Baseline case
p6,2036,0.16885191,0.12689317,0.09101917999999999,0.12481147999999999,NWPP,AEO2026 Counterfactual Baseline case
p6,2037,0.17431242000000002,0.13031293,0.09395298,0.12831538,NWPP,AEO2026 Counterfactual Baseline case
p6,2038,0.17943113,0.13344754,0.09602142000000001,0.1314146,NWPP,AEO2026 Counterfactual Baseline case
p6,2039,0.18503941000000002,0.13680974,0.09858882,0.13462906,NWPP,AEO2026 Counterfactual Baseline case
p6,2040,0.19057596,0.1396663,0.10018049,0.13763564,NWPP,AEO2026 Counterfactual Baseline case
p6,2041,0.19619312,0.14268262,0.10245193000000001,0.14057084,NWPP,AEO2026 Counterfactual Baseline case
p6,2042,0.20159742000000003,0.14563673,0.1046467,0.14348660000000002,NWPP,AEO2026 Counterfactual Baseline case
p6,2043,0.20643787,0.14823255,0.10642235,0.14601987,NWPP,AEO2026 Counterfactual Baseline case
p6,2044,0.21147278,0.15097274,0.1083815,0.14867008,NWPP,AEO2026 Counterfactual Baseline case
p6,2045,0.21665299999999998,0.15377251,0.11029778999999999,0.15117291,NWPP,AEO2026 Counterfactual Baseline case
p6,2046,0.22189562,0.15662283,0.11235065000000001,0.15384313,NWPP,AEO2026 Counterfactual Baseline case
p6,2047,0.22709210999999999,0.15941641,0.11434403,0.15645253,NWPP,AEO2026 Counterfactual Baseline case
p6,2048,0.23234072,0.16223877,0.11627428999999999,0.1590727,NWPP,AEO2026 Counterfactual Baseline case
p6,2049,0.2380789,0.16548169999999998,0.11847531,0.1620783,NWPP,AEO2026 Counterfactual Baseline case
p6,2050,0.24455082,0.16942726,0.12142810000000001,0.16577106,NWPP,AEO2026 Counterfactual Baseline case
p7,2014,0.14957222,0.12226455,0.09114523999999999,0.12293658,NWPP,AEO2026 Counterfactual Baseline case
p7,2015,0.14957222,0.12226455,0.09114523999999999,0.12293658,NWPP,AEO2026 Counterfactual Baseline case
p7,2016,0.14957222,0.12226455,0.09114523999999999,0.12293658,NWPP,AEO2026 Counterfactual Baseline case
p7,2017,0.14957222,0.12226455,0.09114523999999999,0.12293658,NWPP,AEO2026 Counterfactual Baseline case
p7,2018,0.14957222,0.12226455,0.09114523999999999,0.12293658,NWPP,AEO2026 Counterfactual Baseline case
p7,2019,0.14957222,0.12226455,0.09114523999999999,0.12293658,NWPP,AEO2026 Counterfactual Baseline case
p7,2020,0.14957222,0.12226455,0.09114523999999999,0.12293658,NWPP,AEO2026 Counterfactual Baseline case
p7,2021,0.14957222,0.12226455,0.09114523999999999,0.12293658,NWPP,AEO2026 Counterfactual Baseline case
p7,2022,0.14957222,0.12226455,0.09114523999999999,0.12293658,NWPP,AEO2026 Counterfactual Baseline case
p7,2023,0.14957222,0.12226455,0.09114523999999999,0.12293658,NWPP,AEO2026 Counterfactual Baseline case
p7,2024,0.14957222,0.12226455,0.09114523999999999,0.12293658,NWPP,AEO2026 Counterfactual Baseline case
p7,2025,0.14957222,0.12226455,0.09114523999999999,0.12293658,NWPP,AEO2026 Counterfactual Baseline case
p7,2026,0.15251651,0.12303755000000001,0.09028597,0.12113989,NWPP,AEO2026 Counterfactual Baseline case
p7,2027,0.14436673,0.11095448,0.07695776,0.10883369,NWPP,AEO2026 Counterfactual Baseline case
p7,2028,0.13808311,0.10500835,0.07292141,0.10225526,NWPP,AEO2026 Counterfactual Baseline case
p7,2029,0.13912194,0.10553367,0.0729581,0.10272862999999999,NWPP,AEO2026 Counterfactual Baseline case
p7,2030,0.14143112,0.10704832,0.07411575,0.10417075,NWPP,AEO2026 Counterfactual Baseline case
p7,2031,0.14533118,0.1103551,0.07689035,0.10730176999999999,NWPP,AEO2026 Counterfactual Baseline case
p7,2032,0.1494074,0.113523,0.0797408,0.1109997,NWPP,AEO2026 Counterfactual Baseline case
p7,2033,0.15385681,0.11687386999999999,0.08247278,0.11462121,NWPP,AEO2026 Counterfactual Baseline case
p7,2034,0.15913676000000002,0.12075529,0.08588107,0.11844273,NWPP,AEO2026 Counterfactual Baseline case
p7,2035,0.16410686,0.12405891000000001,0.08859475,0.1219005,NWPP,AEO2026 Counterfactual Baseline case
p7,2036,0.16885191,0.12689317,0.09101917999999999,0.12481147999999999,NWPP,AEO2026 Counterfactual Baseline case
p7,2037,0.17431242000000002,0.13031293,0.09395298,0.12831538,NWPP,AEO2026 Counterfactual Baseline case
p7,2038,0.17943113,0.13344754,0.09602142000000001,0.1314146,NWPP,AEO2026 Counterfactual Baseline case
p7,2039,0.18503941000000002,0.13680974,0.09858882,0.13462906,NWPP,AEO2026 Counterfactual Baseline case
p7,2040,0.19057596,0.1396663,0.10018049,0.13763564,NWPP,AEO2026 Counterfactual Baseline case
p7,2041,0.19619312,0.14268262,0.10245193000000001,0.14057084,NWPP,AEO2026 Counterfactual Baseline case
p7,2042,0.20159742000000003,0.14563673,0.1046467,0.14348660000000002,NWPP,AEO2026 Counterfactual Baseline case
p7,2043,0.20643787,0.14823255,0.10642235,0.14601987,NWPP,AEO2026 Counterfactual Baseline case
p7,2044,0.21147278,0.15097274,0.1083815,0.14867008,NWPP,AEO2026 Counterfactual Baseline case
p7,2045,0.21665299999999998,0.15377251,0.11029778999999999,0.15117291,NWPP,AEO2026 Counterfactual Baseline case
p7,2046,0.22189562,0.15662283,0.11235065000000001,0.15384313,NWPP,AEO2026 Counterfactual Baseline case
p7,2047,0.22709210999999999,0.15941641,0.11434403,0.15645253,NWPP,AEO2026 Counterfactual Baseline case
p7,2048,0.23234072,0.16223877,0.11627428999999999,0.1590727,NWPP,AEO2026 Counterfactual Baseline case
p7,2049,0.2380789,0.16548169999999998,0.11847531,0.1620783,NWPP,AEO2026 Counterfactual Baseline case
p7,2050,0.24455082,0.16942726,0.12142810000000001,0.16577106,NWPP,AEO2026 Counterfactual Baseline case
p8,2014,0.14957222,0.12226455,0.09114523999999999,0.12293658,NWPP,AEO2026 Counterfactual Baseline case
p8,2015,0.14957222,0.12226455,0.09114523999999999,0.12293658,NWPP,AEO2026 Counterfactual Baseline case
p8,2016,0.14957222,0.12226455,0.09114523999999999,0.12293658,NWPP,AEO2026 Counterfactual Baseline case
p8,2017,0.14957222,0.12226455,0.09114523999999999,0.12293658,NWPP,AEO2026 Counterfactual Baseline case
p8,2018,0.14957222,0.12226455,0.09114523999999999,0.12293658,NWPP,AEO2026 Counterfactual Baseline case
p8,2019,0.14957222,0.12226455,0.09114523999999999,0.12293658,NWPP,AEO2026 Counterfactual Baseline case
p8,2020,0.14957222,0.12226455,0.09114523999999999,0.12293658,NWPP,AEO2026 Counterfactual Baseline case
p8,2021,0.14957222,0.12226455,0.09114523999999999,0.12293658,NWPP,AEO2026 Counterfactual Baseline case
p8,2022,0.14957222,0.12226455,0.09114523999999999,0.12293658,NWPP,AEO2026 Counterfactual Baseline case
p8,2023,0.14957222,0.12226455,0.09114523999999999,0.12293658,NWPP,AEO2026 Counterfactual Baseline case
p8,2024,0.14957222,0.12226455,0.09114523999999999,0.12293658,NWPP,AEO2026 Counterfactual Baseline case
p8,2025,0.14957222,0.12226455,0.09114523999999999,0.12293658,NWPP,AEO2026 Counterfactual Baseline case
p8,2026,0.15251651,0.12303755000000001,0.09028597,0.12113989,NWPP,AEO2026 Counterfactual Baseline case
p8,2027,0.14436673,0.11095448,0.07695776,0.10883369,NWPP,AEO2026 Counterfactual Baseline case
p8,2028,0.13808311,0.10500835,0.07292141,0.10225526,NWPP,AEO2026 Counterfactual Baseline case
p8,2029,0.13912194,0.10553367,0.0729581,0.10272862999999999,NWPP,AEO2026 Counterfactual Baseline case
p8,2030,0.14143112,0.10704832,0.07411575,0.10417075,NWPP,AEO2026 Counterfactual Baseline case
p8,2031,0.14533118,0.1103551,0.07689035,0.10730176999999999,NWPP,AEO2026 Counterfactual Baseline case
p8,2032,0.1494074,0.113523,0.0797408,0.1109997,NWPP,AEO2026 Counterfactual Baseline case
p8,2033,0.15385681,0.11687386999999999,0.08247278,0.11462121,NWPP,AEO2026 Counterfactual Baseline case
p8,2034,0.15913676000000002,0.12075529,0.08588107,0.11844273,NWPP,AEO2026 Counterfactual Baseline case
p8,2035,0.16410686,0.12405891000000001,0.08859475,0.1219005,NWPP,AEO2026 Counterfactual Baseline case
p8,2036,0.16885191,0.12689317,0.09101917999999999,0.12481147999999999,NWPP,AEO2026 Counterfactual Baseline case
p8,2037,0.17431242000000002,0.13031293,0.09395298,0.12831538,NWPP,AEO2026 Counterfactual Baseline case
p8,2038,0.17943113,0.13344754,0.09602142000000001,0.1314146,NWPP,AEO2026 Counterfactual Baseline case
p8,2039,0.18503941000000002,0.13680974,0.09858882,0.13462906,NWPP,AEO2026 Counterfactual Baseline case
p8,2040,0.19057596,0.1396663,0.10018049,0.13763564,NWPP,AEO2026 Counterfactual Baseline case
p8,2041,0.19619312,0.14268262,0.10245193000000001,0.14057084,NWPP,AEO2026 Counterfactual Baseline case
p8,2042,0.20159742000000003,0.14563673,0.1046467,0.14348660000000002,NWPP,AEO2026 Counterfactual Baseline case
p8,2043,0.20643787,0.14823255,0.10642235,0.14601987,NWPP,AEO2026 Counterfactual Baseline case
p8,2044,0.21147278,0.15097274,0.1083815,0.14867008,NWPP,AEO2026 Counterfactual Baseline case
p8,2045,0.21665299999999998,0.15377251,0.11029778999999999,0.15117291,NWPP,AEO2026 Counterfactual Baseline case
p8,2046,0.22189562,0.15662283,0.11235065000000001,0.15384313,NWPP,AEO2026 Counterfactual Baseline case
p8,2047,0.22709210999999999,0.15941641,0.11434403,0.15645253,NWPP,AEO2026 Counterfactual Baseline case
p8,2048,0.23234072,0.16223877,0.11627428999999999,0.1590727,NWPP,AEO2026 Counterfactual Baseline case
p8,2049,0.2380789,0.16548169999999998,0.11847531,0.1620783,NWPP,AEO2026 Counterfactual Baseline case
p8,2050,0.24455082,0.16942726,0.12142810000000001,0.16577106,NWPP,AEO2026 Counterfactual Baseline case
p9,2014,0.28004786,0.22587838999999998,0.18995826999999998,0.23218473,CANO,AEO2026 Counterfactual Baseline case
p9,2015,0.28004786,0.22587838999999998,0.18995826999999998,0.23218473,CANO,AEO2026 Counterfactual Baseline case
p9,2016,0.28004786,0.22587838999999998,0.18995826999999998,0.23218473,CANO,AEO2026 Counterfactual Baseline case
p9,2017,0.28004786,0.22587838999999998,0.18995826999999998,0.23218473,CANO,AEO2026 Counterfactual Baseline case
p9,2018,0.28004786,0.22587838999999998,0.18995826999999998,0.23218473,CANO,AEO2026 Counterfactual Baseline case
p9,2019,0.28004786,0.22587838999999998,0.18995826999999998,0.23218473,CANO,AEO2026 Counterfactual Baseline case
p9,2020,0.28004786,0.22587838999999998,0.18995826999999998,0.23218473,CANO,AEO2026 Counterfactual Baseline case
p9,2021,0.28004786,0.22587838999999998,0.18995826999999998,0.23218473,CANO,AEO2026 Counterfactual Baseline case
p9,2022,0.28004786,0.22587838999999998,0.18995826999999998,0.23218473,CANO,AEO2026 Counterfactual Baseline case
p9,2023,0.28004786,0.22587838999999998,0.18995826999999998,0.23218473,CANO,AEO2026 Counterfactual Baseline case
p9,2024,0.28004786,0.22587838999999998,0.18995826999999998,0.23218473,CANO,AEO2026 Counterfactual Baseline case
p9,2025,0.28004786,0.22587838999999998,0.18995826999999998,0.23218473,CANO,AEO2026 Counterfactual Baseline case
p9,2026,0.28739702,0.2353887,0.19590843,0.23888922,CANO,AEO2026 Counterfactual Baseline case
p9,2027,0.28542255,0.22521906000000003,0.18417466999999998,0.22975079,CANO,AEO2026 Counterfactual Baseline case
p9,2028,0.27961143,0.2192568,0.17815573,0.22247812,CANO,AEO2026 Counterfactual Baseline case
p9,2029,0.28591187,0.22512753,0.18296972,0.22821667,CANO,AEO2026 Counterfactual Baseline case
p9,2030,0.29520817,0.23286636000000002,0.18987057,0.23631333999999998,CANO,AEO2026 Counterfactual Baseline case
p9,2031,0.30414294999999997,0.24099091,0.19695337,0.24450838,CANO,AEO2026 Counterfactual Baseline case
p9,2032,0.31297344,0.24882368,0.20408188,0.25210182,CANO,AEO2026 Counterfactual Baseline case
p9,2033,0.3253933,0.25985611,0.21341152000000002,0.26227285,CANO,AEO2026 Counterfactual Baseline case
p9,2034,0.33750092000000004,0.26959394,0.22225093999999998,0.27178894,CANO,AEO2026 Counterfactual Baseline case
p9,2035,0.34843483,0.27762341,0.22956314,0.27909206000000003,CANO,AEO2026 Counterfactual Baseline case
p9,2036,0.35677849,0.28295862,0.23405409,0.2845488,CANO,AEO2026 Counterfactual Baseline case
p9,2037,0.36781731,0.2908964,0.24103411000000002,0.29290863,CANO,AEO2026 Counterfactual Baseline case
p9,2038,0.37605526,0.29684958,0.24479172,0.29917238,CANO,AEO2026 Counterfactual Baseline case
p9,2039,0.37557297,0.29310545,0.24062481,0.29591554999999997,CANO,AEO2026 Counterfactual Baseline case
p9,2040,0.3827948,0.29608593,0.24279963999999998,0.29902151,CANO,AEO2026 Counterfactual Baseline case
p9,2041,0.39208351,0.30231462,0.24691895,0.30390673,CANO,AEO2026 Counterfactual Baseline case
p9,2042,0.40215651999999996,0.30927510999999996,0.25147663000000003,0.30955263,CANO,AEO2026 Counterfactual Baseline case
p9,2043,0.41121937000000003,0.31508417,0.25515249,0.31425123,CANO,AEO2026 Counterfactual Baseline case
p9,2044,0.4205624,0.32093918000000005,0.25892471,0.31902719,CANO,AEO2026 Counterfactual Baseline case
p9,2045,0.43097209999999997,0.32764442000000005,0.26353319,0.32462448,CANO,AEO2026 Counterfactual Baseline case
p9,2046,0.44207317,0.33502926,0.2687237,0.33092422,CANO,AEO2026 Counterfactual Baseline case
p9,2047,0.45286114,0.3419342,0.27339235,0.33688385,CANO,AEO2026 Counterfactual Baseline case
p9,2048,0.46405673999999997,0.34926124999999997,0.27863367,0.34317222999999997,CANO,AEO2026 Counterfactual Baseline case
p9,2049,0.47633511,0.35757244,0.28464718,0.35049636999999995,CANO,AEO2026 Counterfactual Baseline case
p9,2050,0.48700057999999996,0.36425659000000005,0.28905682,0.35640602,CANO,AEO2026 Counterfactual Baseline case
p10,2014,0.33232941,0.25535582,0.21125032000000002,0.27071085,CASO,AEO2026 Counterfactual Baseline case
p10,2015,0.33232941,0.25535582,0.21125032000000002,0.27071085,CASO,AEO2026 Counterfactual Baseline case
p10,2016,0.33232941,0.25535582,0.21125032000000002,0.27071085,CASO,AEO2026 Counterfactual Baseline case
p10,2017,0.33232941,0.25535582,0.21125032000000002,0.27071085,CASO,AEO2026 Counterfactual Baseline case
p10,2018,0.33232941,0.25535582,0.21125032000000002,0.27071085,CASO,AEO2026 Counterfactual Baseline case
p10,2019,0.33232941,0.25535582,0.21125032000000002,0.27071085,CASO,AEO2026 Counterfactual Baseline case
p10,2020,0.33232941,0.25535582,0.21125032000000002,0.27071085,CASO,AEO2026 Counterfactual Baseline case
p10,2021,0.33232941,0.25535582,0.21125032000000002,0.27071085,CASO,AEO2026 Counterfactual Baseline case
p10,2022,0.33232941,0.25535582,0.21125032000000002,0.27071085,CASO,AEO2026 Counterfactual Baseline case
p10,2023,0.33232941,0.25535582,0.21125032000000002,0.27071085,CASO,AEO2026 Counterfactual Baseline case
p10,2024,0.33232941,0.25535582,0.21125032000000002,0.27071085,CASO,AEO2026 Counterfactual Baseline case
p10,2025,0.33232941,0.25535582,0.21125032000000002,0.27071085,CASO,AEO2026 Counterfactual Baseline case
p10,2026,0.33890472000000005,0.26367031,0.21635000000000001,0.27672741,CASO,AEO2026 Counterfactual Baseline case
p10,2027,0.33714207,0.25485872,0.20523643,0.26768865999999997,CASO,AEO2026 Counterfactual Baseline case
p10,2028,0.33095325000000003,0.24856028,0.19919487,0.25988293,CASO,AEO2026 Counterfactual Baseline case
p10,2029,0.3369191,0.25321699,0.20253481,0.26461796,CASO,AEO2026 Counterfactual Baseline case
p10,2030,0.34655296,0.2609531,0.20870739,0.27238308,CASO,AEO2026 Counterfactual Baseline case
p10,2031,0.35728909000000003,0.27034223999999996,0.21600538,0.28175959,CASO,AEO2026 Counterfactual Baseline case
p10,2032,0.36383053,0.27504938,0.21969402,0.28725357,CASO,AEO2026 Counterfactual Baseline case
p10,2033,0.37172192000000004,0.28034967,0.22361219,0.29326,CASO,AEO2026 Counterfactual Baseline case
p10,2034,0.384244,0.28975952,0.23205427,0.30256149,CASO,AEO2026 Counterfactual Baseline case
p10,2035,0.39653877000000004,0.29843239,0.23901703000000002,0.31171217,CASO,AEO2026 Counterfactual Baseline case
p10,2036,0.40650311,0.30449398,0.2438192,0.31818373,CASO,AEO2026 Counterfactual Baseline case
p10,2037,0.41821036999999994,0.31224443,0.25011824,0.32625445999999997,CASO,AEO2026 Counterfactual Baseline case
p10,2038,0.42446552,0.31500559,0.25007719,0.32984932,CASO,AEO2026 Counterfactual Baseline case
p10,2039,0.42713886,0.31317183,0.24731535000000002,0.32776595999999997,CASO,AEO2026 Counterfactual Baseline case
p10,2040,0.43719527999999996,0.31790281,0.25008936,0.3328878,CASO,AEO2026 Counterfactual Baseline case
p10,2041,0.44862881,0.32490147,0.25388609,0.33785538000000004,CASO,AEO2026 Counterfactual Baseline case
p10,2042,0.46066158,0.33245693000000004,0.25806217,0.34420616000000004,CASO,AEO2026 Counterfactual Baseline case
p10,2043,0.47216034,0.33934981999999997,0.26154512,0.34985320999999997,CASO,AEO2026 Counterfactual Baseline case
p10,2044,0.4838715,0.34627193,0.2650733,0.35489822,CASO,AEO2026 Counterfactual Baseline case
p10,2045,0.4960601,0.35303371,0.26879057,0.36078133,CASO,AEO2026 Counterfactual Baseline case
p10,2046,0.51029331,0.36179935,0.27402483,0.36871108999999996,CASO,AEO2026 Counterfactual Baseline case
p10,2047,0.5237418,0.36942566,0.27891432,0.37555691,CASO,AEO2026 Counterfactual Baseline case
p10,2048,0.53717918,0.37692272000000004,0.28390246999999996,0.38233593,CASO,AEO2026 Counterfactual Baseline case
p10,2049,0.5530756800000001,0.38684742,0.29057308,0.39122299,CASO,AEO2026 Counterfactual Baseline case
p10,2050,0.56643341,0.39395111,0.29496008,0.39788792,CASO,AEO2026 Counterfactual Baseline case
p11,2014,0.33232941,0.25535582,0.21125032000000002,0.27071085,CASO,AEO2026 Counterfactual Baseline case
p11,2015,0.33232941,0.25535582,0.21125032000000002,0.27071085,CASO,AEO2026 Counterfactual Baseline case
p11,2016,0.33232941,0.25535582,0.21125032000000002,0.27071085,CASO,AEO2026 Counterfactual Baseline case
p11,2017,0.33232941,0.25535582,0.21125032000000002,0.27071085,CASO,AEO2026 Counterfactual Baseline case
p11,2018,0.33232941,0.25535582,0.21125032000000002,0.27071085,CASO,AEO2026 Counterfactual Baseline case
p11,2019,0.33232941,0.25535582,0.21125032000000002,0.27071085,CASO,AEO2026 Counterfactual Baseline case
p11,2020,0.33232941,0.25535582,0.21125032000000002,0.27071085,CASO,AEO2026 Counterfactual Baseline case
p11,2021,0.33232941,0.25535582,0.21125032000000002,0.27071085,CASO,AEO2026 Counterfactual Baseline case
p11,2022,0.33232941,0.25535582,0.21125032000000002,0.27071085,CASO,AEO2026 Counterfactual Baseline case
p11,2023,0.33232941,0.25535582,0.21125032000000002,0.27071085,CASO,AEO2026 Counterfactual Baseline case
p11,2024,0.33232941,0.25535582,0.21125032000000002,0.27071085,CASO,AEO2026 Counterfactual Baseline case
p11,2025,0.33232941,0.25535582,0.21125032000000002,0.27071085,CASO,AEO2026 Counterfactual Baseline case
p11,2026,0.33890472000000005,0.26367031,0.21635000000000001,0.27672741,CASO,AEO2026 Counterfactual Baseline case
p11,2027,0.33714207,0.25485872,0.20523643,0.26768865999999997,CASO,AEO2026 Counterfactual Baseline case
p11,2028,0.33095325000000003,0.24856028,0.19919487,0.25988293,CASO,AEO2026 Counterfactual Baseline case
p11,2029,0.3369191,0.25321699,0.20253481,0.26461796,CASO,AEO2026 Counterfactual Baseline case
p11,2030,0.34655296,0.2609531,0.20870739,0.27238308,CASO,AEO2026 Counterfactual Baseline case
p11,2031,0.35728909000000003,0.27034223999999996,0.21600538,0.28175959,CASO,AEO2026 Counterfactual Baseline case
p11,2032,0.36383053,0.27504938,0.21969402,0.28725357,CASO,AEO2026 Counterfactual Baseline case
p11,2033,0.37172192000000004,0.28034967,0.22361219,0.29326,CASO,AEO2026 Counterfactual Baseline case
p11,2034,0.384244,0.28975952,0.23205427,0.30256149,CASO,AEO2026 Counterfactual Baseline case
p11,2035,0.39653877000000004,0.29843239,0.23901703000000002,0.31171217,CASO,AEO2026 Counterfactual Baseline case
p11,2036,0.40650311,0.30449398,0.2438192,0.31818373,CASO,AEO2026 Counterfactual Baseline case
p11,2037,0.41821036999999994,0.31224443,0.25011824,0.32625445999999997,CASO,AEO2026 Counterfactual Baseline case
p11,2038,0.42446552,0.31500559,0.25007719,0.32984932,CASO,AEO2026 Counterfactual Baseline case
p11,2039,0.42713886,0.31317183,0.24731535000000002,0.32776595999999997,CASO,AEO2026 Counterfactual Baseline case
p11,2040,0.43719527999999996,0.31790281,0.25008936,0.3328878,CASO,AEO2026 Counterfactual Baseline case
p11,2041,0.44862881,0.32490147,0.25388609,0.33785538000000004,CASO,AEO2026 Counterfactual Baseline case
p11,2042,0.46066158,0.33245693000000004,0.25806217,0.34420616000000004,CASO,AEO2026 Counterfactual Baseline case
p11,2043,0.47216034,0.33934981999999997,0.26154512,0.34985320999999997,CASO,AEO2026 Counterfactual Baseline case
p11,2044,0.4838715,0.34627193,0.2650733,0.35489822,CASO,AEO2026 Counterfactual Baseline case
p11,2045,0.4960601,0.35303371,0.26879057,0.36078133,CASO,AEO2026 Counterfactual Baseline case
p11,2046,0.51029331,0.36179935,0.27402483,0.36871108999999996,CASO,AEO2026 Counterfactual Baseline case
p11,2047,0.5237418,0.36942566,0.27891432,0.37555691,CASO,AEO2026 Counterfactual Baseline case
p11,2048,0.53717918,0.37692272000000004,0.28390246999999996,0.38233593,CASO,AEO2026 Counterfactual Baseline case
p11,2049,0.5530756800000001,0.38684742,0.29057308,0.39122299,CASO,AEO2026 Counterfactual Baseline case
p11,2050,0.56643341,0.39395111,0.29496008,0.39788792,CASO,AEO2026 Counterfactual Baseline case
p12,2014,0.15414914,0.11371911000000001,0.09552994999999999,0.12452764999999999,BASN,AEO2026 Counterfactual Baseline case
p12,2015,0.15414914,0.11371911000000001,0.09552994999999999,0.12452764999999999,BASN,AEO2026 Counterfactual Baseline case
p12,2016,0.15414914,0.11371911000000001,0.09552994999999999,0.12452764999999999,BASN,AEO2026 Counterfactual Baseline case
p12,2017,0.15414914,0.11371911000000001,0.09552994999999999,0.12452764999999999,BASN,AEO2026 Counterfactual Baseline case
p12,2018,0.15414914,0.11371911000000001,0.09552994999999999,0.12452764999999999,BASN,AEO2026 Counterfactual Baseline case
p12,2019,0.15414914,0.11371911000000001,0.09552994999999999,0.12452764999999999,BASN,AEO2026 Counterfactual Baseline case
p12,2020,0.15414914,0.11371911000000001,0.09552994999999999,0.12452764999999999,BASN,AEO2026 Counterfactual Baseline case
p12,2021,0.15414914,0.11371911000000001,0.09552994999999999,0.12452764999999999,BASN,AEO2026 Counterfactual Baseline case
p12,2022,0.15414914,0.11371911000000001,0.09552994999999999,0.12452764999999999,BASN,AEO2026 Counterfactual Baseline case
p12,2023,0.15414914,0.11371911000000001,0.09552994999999999,0.12452764999999999,BASN,AEO2026 Counterfactual Baseline case
p12,2024,0.15414914,0.11371911000000001,0.09552994999999999,0.12452764999999999,BASN,AEO2026 Counterfactual Baseline case
p12,2025,0.15414914,0.11371911000000001,0.09552994999999999,0.12452764999999999,BASN,AEO2026 Counterfactual Baseline case
p12,2026,0.16131208,0.11786484,0.09929057000000001,0.12824861,BASN,AEO2026 Counterfactual Baseline case
p12,2027,0.1663201,0.12070489999999999,0.10233675,0.13065758,BASN,AEO2026 Counterfactual Baseline case
p12,2028,0.17259892000000002,0.12493577,0.10546643,0.13550191,BASN,AEO2026 Counterfactual Baseline case
p12,2029,0.17649466,0.12759319,0.10813231,0.13810042,BASN,AEO2026 Counterfactual Baseline case
p12,2030,0.18153017,0.13088067,0.11105200999999999,0.14211026000000002,BASN,AEO2026 Counterfactual Baseline case
p12,2031,0.18757490000000002,0.1352346,0.11382431999999999,0.14669276,BASN,AEO2026 Counterfactual Baseline case
p12,2032,0.19390587,0.14025427000000001,0.11941273000000001,0.15157406,BASN,AEO2026 Counterfactual Baseline case
p12,2033,0.20105852,0.14487112,0.12331531,0.1572289,BASN,AEO2026 Counterfactual Baseline case
p12,2034,0.20257898000000002,0.14382768,0.12241780000000001,0.15714545,BASN,AEO2026 Counterfactual Baseline case
p12,2035,0.20372807,0.14378737,0.12220293,0.15682991,BASN,AEO2026 Counterfactual Baseline case
p12,2036,0.20760584,0.14539253,0.12346518,0.1588785,BASN,AEO2026 Counterfactual Baseline case
p12,2037,0.21043968,0.14630727999999998,0.1242766,0.15993174,BASN,AEO2026 Counterfactual Baseline case
p12,2038,0.21895069,0.15375965,0.13209585000000001,0.16636118,BASN,AEO2026 Counterfactual Baseline case
p12,2039,0.22905075,0.16007425,0.13716910000000002,0.17412886,BASN,AEO2026 Counterfactual Baseline case
p12,2040,0.23535854,0.1637932,0.14013268,0.17713159999999997,BASN,AEO2026 Counterfactual Baseline case
p12,2041,0.24107529,0.16660236,0.14232728,0.18038126,BASN,AEO2026 Counterfactual Baseline case
p12,2042,0.24562086,0.16858675,0.14384282,0.18258669000000002,BASN,AEO2026 Counterfactual Baseline case
p12,2043,0.25026611,0.17058708,0.145177,0.18456993,BASN,AEO2026 Counterfactual Baseline case
p12,2044,0.25513214,0.17289290999999998,0.14700977999999998,0.18688707000000002,BASN,AEO2026 Counterfactual Baseline case
p12,2045,0.26068975,0.1755431,0.14908313,0.18966577999999998,BASN,AEO2026 Counterfactual Baseline case
p12,2046,0.26650866,0.17849228,0.1514594,0.1926849,BASN,AEO2026 Counterfactual Baseline case
p12,2047,0.27266022,0.18160301,0.15390093999999999,0.19592555999999997,BASN,AEO2026 Counterfactual Baseline case
p12,2048,0.27945211000000003,0.18552613999999998,0.15707521,0.19981079000000002,BASN,AEO2026 Counterfactual Baseline case
p12,2049,0.28724077000000003,0.18992937000000001,0.16063766000000002,0.20438114,BASN,AEO2026 Counterfactual Baseline case
p12,2050,0.29445829,0.19373674000000002,0.16362537,0.20836422,BASN,AEO2026 Counterfactual Baseline case
p13,2014,0.15528633,0.12542554,0.07672785,0.13463136,SRSG,AEO2026 Counterfactual Baseline case
p13,2015,0.15528633,0.12542554,0.07672785,0.13463136,SRSG,AEO2026 Counterfactual Baseline case
p13,2016,0.15528633,0.12542554,0.07672785,0.13463136,SRSG,AEO2026 Counterfactual Baseline case
p13,2017,0.15528633,0.12542554,0.07672785,0.13463136,SRSG,AEO2026 Counterfactual Baseline case
p13,2018,0.15528633,0.12542554,0.07672785,0.13463136,SRSG,AEO2026 Counterfactual Baseline case
p13,2019,0.15528633,0.12542554,0.07672785,0.13463136,SRSG,AEO2026 Counterfactual Baseline case
p13,2020,0.15528633,0.12542554,0.07672785,0.13463136,SRSG,AEO2026 Counterfactual Baseline case
p13,2021,0.15528633,0.12542554,0.07672785,0.13463136,SRSG,AEO2026 Counterfactual Baseline case
p13,2022,0.15528633,0.12542554,0.07672785,0.13463136,SRSG,AEO2026 Counterfactual Baseline case
p13,2023,0.15528633,0.12542554,0.07672785,0.13463136,SRSG,AEO2026 Counterfactual Baseline case
p13,2024,0.15528633,0.12542554,0.07672785,0.13463136,SRSG,AEO2026 Counterfactual Baseline case
p13,2025,0.15528633,0.12542554,0.07672785,0.13463136,SRSG,AEO2026 Counterfactual Baseline case
p13,2026,0.16235943,0.13019474,0.07974967999999999,0.13862001,SRSG,AEO2026 Counterfactual Baseline case
p13,2027,0.16345676,0.12908598,0.07816041,0.13779156,SRSG,AEO2026 Counterfactual Baseline case
p13,2028,0.16308407,0.12826282,0.07699725,0.13648300000000002,SRSG,AEO2026 Counterfactual Baseline case
p13,2029,0.16496391,0.12949080999999998,0.07713162999999999,0.13748839000000002,SRSG,AEO2026 Counterfactual Baseline case
p13,2030,0.16769472,0.13135122000000002,0.07781843000000001,0.13938523,SRSG,AEO2026 Counterfactual Baseline case
p13,2031,0.17158867,0.13451385,0.07993452,0.14217786999999998,SRSG,AEO2026 Counterfactual Baseline case
p13,2032,0.17650352000000002,0.13830406,0.08207157000000001,0.14625759,SRSG,AEO2026 Counterfactual Baseline case
p13,2033,0.18040279,0.14088037,0.08323485,0.14927075,SRSG,AEO2026 Counterfactual Baseline case
p13,2034,0.18225539999999998,0.14115425,0.08339229,0.15013534,SRSG,AEO2026 Counterfactual Baseline case
p13,2035,0.18452953,0.14241245,0.08425034,0.1511979,SRSG,AEO2026 Counterfactual Baseline case
p13,2036,0.18854631000000002,0.14515471,0.08614265,0.15386051,SRSG,AEO2026 Counterfactual Baseline case
p13,2037,0.19522419,0.15036682,0.08974562999999999,0.15896554,SRSG,AEO2026 Counterfactual Baseline case
p13,2038,0.20202957000000002,0.15562281,0.09182620999999999,0.16436804,SRSG,AEO2026 Counterfactual Baseline case
p13,2039,0.20802673,0.15973110000000001,0.09412923,0.16876263000000002,SRSG,AEO2026 Counterfactual Baseline case
p13,2040,0.21236208,0.16222233,0.09536082,0.17153379000000002,SRSG,AEO2026 Counterfactual Baseline case
p13,2041,0.2158498,0.16397901999999998,0.09605275,0.1734573,SRSG,AEO2026 Counterfactual Baseline case
p13,2042,0.21945097,0.16587706000000002,0.09658681,0.17547079,SRSG,AEO2026 Counterfactual Baseline case
p13,2043,0.22287004,0.16758585,0.09700348,0.17725405,SRSG,AEO2026 Counterfactual Baseline case
p13,2044,0.22679908999999998,0.16977644000000003,0.09779415,0.17941133,SRSG,AEO2026 Counterfactual Baseline case
p13,2045,0.23118787999999998,0.17223648,0.09886656,0.18191288,SRSG,AEO2026 Counterfactual Baseline case
p13,2046,0.23574141999999998,0.17490377,0.10014834,0.18456136999999997,SRSG,AEO2026 Counterfactual Baseline case
p13,2047,0.24060890000000001,0.17778521000000003,0.10154351,0.18745275,SRSG,AEO2026 Counterfactual Baseline case
p13,2048,0.24501369,0.18027463999999999,0.10234584,0.19010850999999998,SRSG,AEO2026 Counterfactual Baseline case
p13,2049,0.24933954,0.18255781,0.10325388,0.19240649999999998,SRSG,AEO2026 Counterfactual Baseline case
p13,2050,0.25444834,0.18564002999999998,0.10472944999999999,0.19547039000000002,SRSG,AEO2026 Counterfactual Baseline case
p14,2014,0.14957222,0.12226455,0.09114523999999999,0.12293658,NWPP,AEO2026 Counterfactual Baseline case
p14,2015,0.14957222,0.12226455,0.09114523999999999,0.12293658,NWPP,AEO2026 Counterfactual Baseline case
p14,2016,0.14957222,0.12226455,0.09114523999999999,0.12293658,NWPP,AEO2026 Counterfactual Baseline case
p14,2017,0.14957222,0.12226455,0.09114523999999999,0.12293658,NWPP,AEO2026 Counterfactual Baseline case
p14,2018,0.14957222,0.12226455,0.09114523999999999,0.12293658,NWPP,AEO2026 Counterfactual Baseline case
p14,2019,0.14957222,0.12226455,0.09114523999999999,0.12293658,NWPP,AEO2026 Counterfactual Baseline case
p14,2020,0.14957222,0.12226455,0.09114523999999999,0.12293658,NWPP,AEO2026 Counterfactual Baseline case
p14,2021,0.14957222,0.12226455,0.09114523999999999,0.12293658,NWPP,AEO2026 Counterfactual Baseline case
p14,2022,0.14957222,0.12226455,0.09114523999999999,0.12293658,NWPP,AEO2026 Counterfactual Baseline case
p14,2023,0.14957222,0.12226455,0.09114523999999999,0.12293658,NWPP,AEO2026 Counterfactual Baseline case
p14,2024,0.14957222,0.12226455,0.09114523999999999,0.12293658,NWPP,AEO2026 Counterfactual Baseline case
p14,2025,0.14957222,0.12226455,0.09114523999999999,0.12293658,NWPP,AEO2026 Counterfactual Baseline case
p14,2026,0.15251651,0.12303755000000001,0.09028597,0.12113989,NWPP,AEO2026 Counterfactual Baseline case
p14,2027,0.14436673,0.11095448,0.07695776,0.10883369,NWPP,AEO2026 Counterfactual Baseline case
p14,2028,0.13808311,0.10500835,0.07292141,0.10225526,NWPP,AEO2026 Counterfactual Baseline case
p14,2029,0.13912194,0.10553367,0.0729581,0.10272862999999999,NWPP,AEO2026 Counterfactual Baseline case
p14,2030,0.14143112,0.10704832,0.07411575,0.10417075,NWPP,AEO2026 Counterfactual Baseline case
p14,2031,0.14533118,0.1103551,0.07689035,0.10730176999999999,NWPP,AEO2026 Counterfactual Baseline case
p14,2032,0.1494074,0.113523,0.0797408,0.1109997,NWPP,AEO2026 Counterfactual Baseline case
p14,2033,0.15385681,0.11687386999999999,0.08247278,0.11462121,NWPP,AEO2026 Counterfactual Baseline case
p14,2034,0.15913676000000002,0.12075529,0.08588107,0.11844273,NWPP,AEO2026 Counterfactual Baseline case
p14,2035,0.16410686,0.12405891000000001,0.08859475,0.1219005,NWPP,AEO2026 Counterfactual Baseline case
p14,2036,0.16885191,0.12689317,0.09101917999999999,0.12481147999999999,NWPP,AEO2026 Counterfactual Baseline case
p14,2037,0.17431242000000002,0.13031293,0.09395298,0.12831538,NWPP,AEO2026 Counterfactual Baseline case
p14,2038,0.17943113,0.13344754,0.09602142000000001,0.1314146,NWPP,AEO2026 Counterfactual Baseline case
p14,2039,0.18503941000000002,0.13680974,0.09858882,0.13462906,NWPP,AEO2026 Counterfactual Baseline case
p14,2040,0.19057596,0.1396663,0.10018049,0.13763564,NWPP,AEO2026 Counterfactual Baseline case
p14,2041,0.19619312,0.14268262,0.10245193000000001,0.14057084,NWPP,AEO2026 Counterfactual Baseline case
p14,2042,0.20159742000000003,0.14563673,0.1046467,0.14348660000000002,NWPP,AEO2026 Counterfactual Baseline case
p14,2043,0.20643787,0.14823255,0.10642235,0.14601987,NWPP,AEO2026 Counterfactual Baseline case
p14,2044,0.21147278,0.15097274,0.1083815,0.14867008,NWPP,AEO2026 Counterfactual Baseline case
p14,2045,0.21665299999999998,0.15377251,0.11029778999999999,0.15117291,NWPP,AEO2026 Counterfactual Baseline case
p14,2046,0.22189562,0.15662283,0.11235065000000001,0.15384313,NWPP,AEO2026 Counterfactual Baseline case
p14,2047,0.22709210999999999,0.15941641,0.11434403,0.15645253,NWPP,AEO2026 Counterfactual Baseline case
p14,2048,0.23234072,0.16223877,0.11627428999999999,0.1590727,NWPP,AEO2026 Counterfactual Baseline case
p14,2049,0.2380789,0.16548169999999998,0.11847531,0.1620783,NWPP,AEO2026 Counterfactual Baseline case
p14,2050,0.24455082,0.16942726,0.12142810000000001,0.16577106,NWPP,AEO2026 Counterfactual Baseline case
p15,2014,0.15414914,0.11371911000000001,0.09552994999999999,0.12452764999999999,BASN,AEO2026 Counterfactual Baseline case
p15,2015,0.15414914,0.11371911000000001,0.09552994999999999,0.12452764999999999,BASN,AEO2026 Counterfactual Baseline case
p15,2016,0.15414914,0.11371911000000001,0.09552994999999999,0.12452764999999999,BASN,AEO2026 Counterfactual Baseline case
p15,2017,0.15414914,0.11371911000000001,0.09552994999999999,0.12452764999999999,BASN,AEO2026 Counterfactual Baseline case
p15,2018,0.15414914,0.11371911000000001,0.09552994999999999,0.12452764999999999,BASN,AEO2026 Counterfactual Baseline case
p15,2019,0.15414914,0.11371911000000001,0.09552994999999999,0.12452764999999999,BASN,AEO2026 Counterfactual Baseline case
p15,2020,0.15414914,0.11371911000000001,0.09552994999999999,0.12452764999999999,BASN,AEO2026 Counterfactual Baseline case
p15,2021,0.15414914,0.11371911000000001,0.09552994999999999,0.12452764999999999,BASN,AEO2026 Counterfactual Baseline case
p15,2022,0.15414914,0.11371911000000001,0.09552994999999999,0.12452764999999999,BASN,AEO2026 Counterfactual Baseline case
p15,2023,0.15414914,0.11371911000000001,0.09552994999999999,0.12452764999999999,BASN,AEO2026 Counterfactual Baseline case
p15,2024,0.15414914,0.11371911000000001,0.09552994999999999,0.12452764999999999,BASN,AEO2026 Counterfactual Baseline case
p15,2025,0.15414914,0.11371911000000001,0.09552994999999999,0.12452764999999999,BASN,AEO2026 Counterfactual Baseline case
p15,2026,0.16131208,0.11786484,0.09929057000000001,0.12824861,BASN,AEO2026 Counterfactual Baseline case
p15,2027,0.1663201,0.12070489999999999,0.10233675,0.13065758,BASN,AEO2026 Counterfactual Baseline case
p15,2028,0.17259892000000002,0.12493577,0.10546643,0.13550191,BASN,AEO2026 Counterfactual Baseline case
p15,2029,0.17649466,0.12759319,0.10813231,0.13810042,BASN,AEO2026 Counterfactual Baseline case
p15,2030,0.18153017,0.13088067,0.11105200999999999,0.14211026000000002,BASN,AEO2026 Counterfactual Baseline case
p15,2031,0.18757490000000002,0.1352346,0.11382431999999999,0.14669276,BASN,AEO2026 Counterfactual Baseline case
p15,2032,0.19390587,0.14025427000000001,0.11941273000000001,0.15157406,BASN,AEO2026 Counterfactual Baseline case
p15,2033,0.20105852,0.14487112,0.12331531,0.1572289,BASN,AEO2026 Counterfactual Baseline case
p15,2034,0.20257898000000002,0.14382768,0.12241780000000001,0.15714545,BASN,AEO2026 Counterfactual Baseline case
p15,2035,0.20372807,0.14378737,0.12220293,0.15682991,BASN,AEO2026 Counterfactual Baseline case
p15,2036,0.20760584,0.14539253,0.12346518,0.1588785,BASN,AEO2026 Counterfactual Baseline case
p15,2037,0.21043968,0.14630727999999998,0.1242766,0.15993174,BASN,AEO2026 Counterfactual Baseline case
p15,2038,0.21895069,0.15375965,0.13209585000000001,0.16636118,BASN,AEO2026 Counterfactual Baseline case
p15,2039,0.22905075,0.16007425,0.13716910000000002,0.17412886,BASN,AEO2026 Counterfactual Baseline case
p15,2040,0.23535854,0.1637932,0.14013268,0.17713159999999997,BASN,AEO2026 Counterfactual Baseline case
p15,2041,0.24107529,0.16660236,0.14232728,0.18038126,BASN,AEO2026 Counterfactual Baseline case
p15,2042,0.24562086,0.16858675,0.14384282,0.18258669000000002,BASN,AEO2026 Counterfactual Baseline case
p15,2043,0.25026611,0.17058708,0.145177,0.18456993,BASN,AEO2026 Counterfactual Baseline case
p15,2044,0.25513214,0.17289290999999998,0.14700977999999998,0.18688707000000002,BASN,AEO2026 Counterfactual Baseline case
p15,2045,0.26068975,0.1755431,0.14908313,0.18966577999999998,BASN,AEO2026 Counterfactual Baseline case
p15,2046,0.26650866,0.17849228,0.1514594,0.1926849,BASN,AEO2026 Counterfactual Baseline case
p15,2047,0.27266022,0.18160301,0.15390093999999999,0.19592555999999997,BASN,AEO2026 Counterfactual Baseline case
p15,2048,0.27945211000000003,0.18552613999999998,0.15707521,0.19981079000000002,BASN,AEO2026 Counterfactual Baseline case
p15,2049,0.28724077000000003,0.18992937000000001,0.16063766000000002,0.20438114,BASN,AEO2026 Counterfactual Baseline case
p15,2050,0.29445829,0.19373674000000002,0.16362537,0.20836422,BASN,AEO2026 Counterfactual Baseline case
p16,2014,0.15414914,0.11371911000000001,0.09552994999999999,0.12452764999999999,BASN,AEO2026 Counterfactual Baseline case
p16,2015,0.15414914,0.11371911000000001,0.09552994999999999,0.12452764999999999,BASN,AEO2026 Counterfactual Baseline case
p16,2016,0.15414914,0.11371911000000001,0.09552994999999999,0.12452764999999999,BASN,AEO2026 Counterfactual Baseline case
p16,2017,0.15414914,0.11371911000000001,0.09552994999999999,0.12452764999999999,BASN,AEO2026 Counterfactual Baseline case
p16,2018,0.15414914,0.11371911000000001,0.09552994999999999,0.12452764999999999,BASN,AEO2026 Counterfactual Baseline case
p16,2019,0.15414914,0.11371911000000001,0.09552994999999999,0.12452764999999999,BASN,AEO2026 Counterfactual Baseline case
p16,2020,0.15414914,0.11371911000000001,0.09552994999999999,0.12452764999999999,BASN,AEO2026 Counterfactual Baseline case
p16,2021,0.15414914,0.11371911000000001,0.09552994999999999,0.12452764999999999,BASN,AEO2026 Counterfactual Baseline case
p16,2022,0.15414914,0.11371911000000001,0.09552994999999999,0.12452764999999999,BASN,AEO2026 Counterfactual Baseline case
p16,2023,0.15414914,0.11371911000000001,0.09552994999999999,0.12452764999999999,BASN,AEO2026 Counterfactual Baseline case
p16,2024,0.15414914,0.11371911000000001,0.09552994999999999,0.12452764999999999,BASN,AEO2026 Counterfactual Baseline case
p16,2025,0.15414914,0.11371911000000001,0.09552994999999999,0.12452764999999999,BASN,AEO2026 Counterfactual Baseline case
p16,2026,0.16131208,0.11786484,0.09929057000000001,0.12824861,BASN,AEO2026 Counterfactual Baseline case
p16,2027,0.1663201,0.12070489999999999,0.10233675,0.13065758,BASN,AEO2026 Counterfactual Baseline case
p16,2028,0.17259892000000002,0.12493577,0.10546643,0.13550191,BASN,AEO2026 Counterfactual Baseline case
p16,2029,0.17649466,0.12759319,0.10813231,0.13810042,BASN,AEO2026 Counterfactual Baseline case
p16,2030,0.18153017,0.13088067,0.11105200999999999,0.14211026000000002,BASN,AEO2026 Counterfactual Baseline case
p16,2031,0.18757490000000002,0.1352346,0.11382431999999999,0.14669276,BASN,AEO2026 Counterfactual Baseline case
p16,2032,0.19390587,0.14025427000000001,0.11941273000000001,0.15157406,BASN,AEO2026 Counterfactual Baseline case
p16,2033,0.20105852,0.14487112,0.12331531,0.1572289,BASN,AEO2026 Counterfactual Baseline case
p16,2034,0.20257898000000002,0.14382768,0.12241780000000001,0.15714545,BASN,AEO2026 Counterfactual Baseline case
p16,2035,0.20372807,0.14378737,0.12220293,0.15682991,BASN,AEO2026 Counterfactual Baseline case
p16,2036,0.20760584,0.14539253,0.12346518,0.1588785,BASN,AEO2026 Counterfactual Baseline case
p16,2037,0.21043968,0.14630727999999998,0.1242766,0.15993174,BASN,AEO2026 Counterfactual Baseline case
p16,2038,0.21895069,0.15375965,0.13209585000000001,0.16636118,BASN,AEO2026 Counterfactual Baseline case
p16,2039,0.22905075,0.16007425,0.13716910000000002,0.17412886,BASN,AEO2026 Counterfactual Baseline case
p16,2040,0.23535854,0.1637932,0.14013268,0.17713159999999997,BASN,AEO2026 Counterfactual Baseline case
p16,2041,0.24107529,0.16660236,0.14232728,0.18038126,BASN,AEO2026 Counterfactual Baseline case
p16,2042,0.24562086,0.16858675,0.14384282,0.18258669000000002,BASN,AEO2026 Counterfactual Baseline case
p16,2043,0.25026611,0.17058708,0.145177,0.18456993,BASN,AEO2026 Counterfactual Baseline case
p16,2044,0.25513214,0.17289290999999998,0.14700977999999998,0.18688707000000002,BASN,AEO2026 Counterfactual Baseline case
p16,2045,0.26068975,0.1755431,0.14908313,0.18966577999999998,BASN,AEO2026 Counterfactual Baseline case
p16,2046,0.26650866,0.17849228,0.1514594,0.1926849,BASN,AEO2026 Counterfactual Baseline case
p16,2047,0.27266022,0.18160301,0.15390093999999999,0.19592555999999997,BASN,AEO2026 Counterfactual Baseline case
p16,2048,0.27945211000000003,0.18552613999999998,0.15707521,0.19981079000000002,BASN,AEO2026 Counterfactual Baseline case
p16,2049,0.28724077000000003,0.18992937000000001,0.16063766000000002,0.20438114,BASN,AEO2026 Counterfactual Baseline case
p16,2050,0.29445829,0.19373674000000002,0.16362537,0.20836422,BASN,AEO2026 Counterfactual Baseline case
p17,2014,0.14957222,0.12226455,0.09114523999999999,0.12293658,NWPP,AEO2026 Counterfactual Baseline case
p17,2015,0.14957222,0.12226455,0.09114523999999999,0.12293658,NWPP,AEO2026 Counterfactual Baseline case
p17,2016,0.14957222,0.12226455,0.09114523999999999,0.12293658,NWPP,AEO2026 Counterfactual Baseline case
p17,2017,0.14957222,0.12226455,0.09114523999999999,0.12293658,NWPP,AEO2026 Counterfactual Baseline case
p17,2018,0.14957222,0.12226455,0.09114523999999999,0.12293658,NWPP,AEO2026 Counterfactual Baseline case
p17,2019,0.14957222,0.12226455,0.09114523999999999,0.12293658,NWPP,AEO2026 Counterfactual Baseline case
p17,2020,0.14957222,0.12226455,0.09114523999999999,0.12293658,NWPP,AEO2026 Counterfactual Baseline case
p17,2021,0.14957222,0.12226455,0.09114523999999999,0.12293658,NWPP,AEO2026 Counterfactual Baseline case
p17,2022,0.14957222,0.12226455,0.09114523999999999,0.12293658,NWPP,AEO2026 Counterfactual Baseline case
p17,2023,0.14957222,0.12226455,0.09114523999999999,0.12293658,NWPP,AEO2026 Counterfactual Baseline case
p17,2024,0.14957222,0.12226455,0.09114523999999999,0.12293658,NWPP,AEO2026 Counterfactual Baseline case
p17,2025,0.14957222,0.12226455,0.09114523999999999,0.12293658,NWPP,AEO2026 Counterfactual Baseline case
p17,2026,0.15251651,0.12303755000000001,0.09028597,0.12113989,NWPP,AEO2026 Counterfactual Baseline case
p17,2027,0.14436673,0.11095448,0.07695776,0.10883369,NWPP,AEO2026 Counterfactual Baseline case
p17,2028,0.13808311,0.10500835,0.07292141,0.10225526,NWPP,AEO2026 Counterfactual Baseline case
p17,2029,0.13912194,0.10553367,0.0729581,0.10272862999999999,NWPP,AEO2026 Counterfactual Baseline case
p17,2030,0.14143112,0.10704832,0.07411575,0.10417075,NWPP,AEO2026 Counterfactual Baseline case
p17,2031,0.14533118,0.1103551,0.07689035,0.10730176999999999,NWPP,AEO2026 Counterfactual Baseline case
p17,2032,0.1494074,0.113523,0.0797408,0.1109997,NWPP,AEO2026 Counterfactual Baseline case
p17,2033,0.15385681,0.11687386999999999,0.08247278,0.11462121,NWPP,AEO2026 Counterfactual Baseline case
p17,2034,0.15913676000000002,0.12075529,0.08588107,0.11844273,NWPP,AEO2026 Counterfactual Baseline case
p17,2035,0.16410686,0.12405891000000001,0.08859475,0.1219005,NWPP,AEO2026 Counterfactual Baseline case
p17,2036,0.16885191,0.12689317,0.09101917999999999,0.12481147999999999,NWPP,AEO2026 Counterfactual Baseline case
p17,2037,0.17431242000000002,0.13031293,0.09395298,0.12831538,NWPP,AEO2026 Counterfactual Baseline case
p17,2038,0.17943113,0.13344754,0.09602142000000001,0.1314146,NWPP,AEO2026 Counterfactual Baseline case
p17,2039,0.18503941000000002,0.13680974,0.09858882,0.13462906,NWPP,AEO2026 Counterfactual Baseline case
p17,2040,0.19057596,0.1396663,0.10018049,0.13763564,NWPP,AEO2026 Counterfactual Baseline case
p17,2041,0.19619312,0.14268262,0.10245193000000001,0.14057084,NWPP,AEO2026 Counterfactual Baseline case
p17,2042,0.20159742000000003,0.14563673,0.1046467,0.14348660000000002,NWPP,AEO2026 Counterfactual Baseline case
p17,2043,0.20643787,0.14823255,0.10642235,0.14601987,NWPP,AEO2026 Counterfactual Baseline case
p17,2044,0.21147278,0.15097274,0.1083815,0.14867008,NWPP,AEO2026 Counterfactual Baseline case
p17,2045,0.21665299999999998,0.15377251,0.11029778999999999,0.15117291,NWPP,AEO2026 Counterfactual Baseline case
p17,2046,0.22189562,0.15662283,0.11235065000000001,0.15384313,NWPP,AEO2026 Counterfactual Baseline case
p17,2047,0.22709210999999999,0.15941641,0.11434403,0.15645253,NWPP,AEO2026 Counterfactual Baseline case
p17,2048,0.23234072,0.16223877,0.11627428999999999,0.1590727,NWPP,AEO2026 Counterfactual Baseline case
p17,2049,0.2380789,0.16548169999999998,0.11847531,0.1620783,NWPP,AEO2026 Counterfactual Baseline case
p17,2050,0.24455082,0.16942726,0.12142810000000001,0.16577106,NWPP,AEO2026 Counterfactual Baseline case
p18,2014,0.14957222,0.12226455,0.09114523999999999,0.12293658,NWPP,AEO2026 Counterfactual Baseline case
p18,2015,0.14957222,0.12226455,0.09114523999999999,0.12293658,NWPP,AEO2026 Counterfactual Baseline case
p18,2016,0.14957222,0.12226455,0.09114523999999999,0.12293658,NWPP,AEO2026 Counterfactual Baseline case
p18,2017,0.14957222,0.12226455,0.09114523999999999,0.12293658,NWPP,AEO2026 Counterfactual Baseline case
p18,2018,0.14957222,0.12226455,0.09114523999999999,0.12293658,NWPP,AEO2026 Counterfactual Baseline case
p18,2019,0.14957222,0.12226455,0.09114523999999999,0.12293658,NWPP,AEO2026 Counterfactual Baseline case
p18,2020,0.14957222,0.12226455,0.09114523999999999,0.12293658,NWPP,AEO2026 Counterfactual Baseline case
p18,2021,0.14957222,0.12226455,0.09114523999999999,0.12293658,NWPP,AEO2026 Counterfactual Baseline case
p18,2022,0.14957222,0.12226455,0.09114523999999999,0.12293658,NWPP,AEO2026 Counterfactual Baseline case
p18,2023,0.14957222,0.12226455,0.09114523999999999,0.12293658,NWPP,AEO2026 Counterfactual Baseline case
p18,2024,0.14957222,0.12226455,0.09114523999999999,0.12293658,NWPP,AEO2026 Counterfactual Baseline case
p18,2025,0.14957222,0.12226455,0.09114523999999999,0.12293658,NWPP,AEO2026 Counterfactual Baseline case
p18,2026,0.15251651,0.12303755000000001,0.09028597,0.12113989,NWPP,AEO2026 Counterfactual Baseline case
p18,2027,0.14436673,0.11095448,0.07695776,0.10883369,NWPP,AEO2026 Counterfactual Baseline case
p18,2028,0.13808311,0.10500835,0.07292141,0.10225526,NWPP,AEO2026 Counterfactual Baseline case
p18,2029,0.13912194,0.10553367,0.0729581,0.10272862999999999,NWPP,AEO2026 Counterfactual Baseline case
p18,2030,0.14143112,0.10704832,0.07411575,0.10417075,NWPP,AEO2026 Counterfactual Baseline case
p18,2031,0.14533118,0.1103551,0.07689035,0.10730176999999999,NWPP,AEO2026 Counterfactual Baseline case
p18,2032,0.1494074,0.113523,0.0797408,0.1109997,NWPP,AEO2026 Counterfactual Baseline case
p18,2033,0.15385681,0.11687386999999999,0.08247278,0.11462121,NWPP,AEO2026 Counterfactual Baseline case
p18,2034,0.15913676000000002,0.12075529,0.08588107,0.11844273,NWPP,AEO2026 Counterfactual Baseline case
p18,2035,0.16410686,0.12405891000000001,0.08859475,0.1219005,NWPP,AEO2026 Counterfactual Baseline case
p18,2036,0.16885191,0.12689317,0.09101917999999999,0.12481147999999999,NWPP,AEO2026 Counterfactual Baseline case
p18,2037,0.17431242000000002,0.13031293,0.09395298,0.12831538,NWPP,AEO2026 Counterfactual Baseline case
p18,2038,0.17943113,0.13344754,0.09602142000000001,0.1314146,NWPP,AEO2026 Counterfactual Baseline case
p18,2039,0.18503941000000002,0.13680974,0.09858882,0.13462906,NWPP,AEO2026 Counterfactual Baseline case
p18,2040,0.19057596,0.1396663,0.10018049,0.13763564,NWPP,AEO2026 Counterfactual Baseline case
p18,2041,0.19619312,0.14268262,0.10245193000000001,0.14057084,NWPP,AEO2026 Counterfactual Baseline case
p18,2042,0.20159742000000003,0.14563673,0.1046467,0.14348660000000002,NWPP,AEO2026 Counterfactual Baseline case
p18,2043,0.20643787,0.14823255,0.10642235,0.14601987,NWPP,AEO2026 Counterfactual Baseline case
p18,2044,0.21147278,0.15097274,0.1083815,0.14867008,NWPP,AEO2026 Counterfactual Baseline case
p18,2045,0.21665299999999998,0.15377251,0.11029778999999999,0.15117291,NWPP,AEO2026 Counterfactual Baseline case
p18,2046,0.22189562,0.15662283,0.11235065000000001,0.15384313,NWPP,AEO2026 Counterfactual Baseline case
p18,2047,0.22709210999999999,0.15941641,0.11434403,0.15645253,NWPP,AEO2026 Counterfactual Baseline case
p18,2048,0.23234072,0.16223877,0.11627428999999999,0.1590727,NWPP,AEO2026 Counterfactual Baseline case
p18,2049,0.2380789,0.16548169999999998,0.11847531,0.1620783,NWPP,AEO2026 Counterfactual Baseline case
p18,2050,0.24455082,0.16942726,0.12142810000000001,0.16577106,NWPP,AEO2026 Counterfactual Baseline case
p19,2014,0.16259731,0.12205439,0.08591856999999999,0.13098693,MISW,AEO2026 Counterfactual Baseline case
p19,2015,0.16259731,0.12205439,0.08591856999999999,0.13098693,MISW,AEO2026 Counterfactual Baseline case
p19,2016,0.16259731,0.12205439,0.08591856999999999,0.13098693,MISW,AEO2026 Counterfactual Baseline case
p19,2017,0.16259731,0.12205439,0.08591856999999999,0.13098693,MISW,AEO2026 Counterfactual Baseline case
p19,2018,0.16259731,0.12205439,0.08591856999999999,0.13098693,MISW,AEO2026 Counterfactual Baseline case
p19,2019,0.16259731,0.12205439,0.08591856999999999,0.13098693,MISW,AEO2026 Counterfactual Baseline case
p19,2020,0.16259731,0.12205439,0.08591856999999999,0.13098693,MISW,AEO2026 Counterfactual Baseline case
p19,2021,0.16259731,0.12205439,0.08591856999999999,0.13098693,MISW,AEO2026 Counterfactual Baseline case
p19,2022,0.16259731,0.12205439,0.08591856999999999,0.13098693,MISW,AEO2026 Counterfactual Baseline case
p19,2023,0.16259731,0.12205439,0.08591856999999999,0.13098693,MISW,AEO2026 Counterfactual Baseline case
p19,2024,0.16259731,0.12205439,0.08591856999999999,0.13098693,MISW,AEO2026 Counterfactual Baseline case
p19,2025,0.16259731,0.12205439,0.08591856999999999,0.13098693,MISW,AEO2026 Counterfactual Baseline case
p19,2026,0.16806028,0.12475109,0.08891837000000001,0.13481097,MISW,AEO2026 Counterfactual Baseline case
p19,2027,0.16409880000000002,0.1213316,0.08382222,0.13105608,MISW,AEO2026 Counterfactual Baseline case
p19,2028,0.16207203,0.11924332,0.08261283999999999,0.12815911,MISW,AEO2026 Counterfactual Baseline case
p19,2029,0.16515892000000001,0.12184049,0.08439500999999999,0.13050419,MISW,AEO2026 Counterfactual Baseline case
p19,2030,0.17100529,0.12627204,0.08833937,0.13493138999999998,MISW,AEO2026 Counterfactual Baseline case
p19,2031,0.17753557,0.13147259,0.09243567999999999,0.14044533,MISW,AEO2026 Counterfactual Baseline case
p19,2032,0.18930141,0.1394485,0.10145426,0.14891672,MISW,AEO2026 Counterfactual Baseline case
p19,2033,0.19808810999999998,0.14665606,0.10626595,0.15723710999999999,MISW,AEO2026 Counterfactual Baseline case
p19,2034,0.20129667,0.1484685,0.10810196,0.15964581,MISW,AEO2026 Counterfactual Baseline case
p19,2035,0.20422148,0.15023401,0.10977581,0.16184946,MISW,AEO2026 Counterfactual Baseline case
p19,2036,0.2073061,0.15205812,0.11155502,0.16400167,MISW,AEO2026 Counterfactual Baseline case
p19,2037,0.21061229999999997,0.15408492000000001,0.11345869,0.16626836999999997,MISW,AEO2026 Counterfactual Baseline case
p19,2038,0.21399103,0.15635526,0.11539210999999999,0.16868576000000002,MISW,AEO2026 Counterfactual Baseline case
p19,2039,0.21992945,0.16007669,0.11939939000000001,0.17263536,MISW,AEO2026 Counterfactual Baseline case
p19,2040,0.22500896,0.16375637,0.12204783000000001,0.17672301999999998,MISW,AEO2026 Counterfactual Baseline case
p19,2041,0.22827921,0.16572239,0.12372375,0.17877325,MISW,AEO2026 Counterfactual Baseline case
p19,2042,0.23177837,0.16802423,0.12539169,0.18120552,MISW,AEO2026 Counterfactual Baseline case
p19,2043,0.23487172999999997,0.17003954,0.12678616,0.18325852999999998,MISW,AEO2026 Counterfactual Baseline case
p19,2044,0.23803132999999999,0.17213964,0.12822962999999998,0.18533339000000001,MISW,AEO2026 Counterfactual Baseline case
p19,2045,0.24172211000000002,0.17459301,0.12992354,0.18778220999999998,MISW,AEO2026 Counterfactual Baseline case
p19,2046,0.24561250999999998,0.17718899,0.13180169,0.19039259,MISW,AEO2026 Counterfactual Baseline case
p19,2047,0.24927519,0.17960983,0.13341914,0.19282016999999999,MISW,AEO2026 Counterfactual Baseline case
p19,2048,0.25277170000000004,0.18193846,0.13500608,0.19502171000000001,MISW,AEO2026 Counterfactual Baseline case
p19,2049,0.25649567,0.18451841000000002,0.13667992,0.19748468,MISW,AEO2026 Counterfactual Baseline case
p19,2050,0.26035557,0.1871821,0.13845055,0.20004028000000001,MISW,AEO2026 Counterfactual Baseline case
p20,2014,0.14957222,0.12226455,0.09114523999999999,0.12293658,NWPP,AEO2026 Counterfactual Baseline case
p20,2015,0.14957222,0.12226455,0.09114523999999999,0.12293658,NWPP,AEO2026 Counterfactual Baseline case
p20,2016,0.14957222,0.12226455,0.09114523999999999,0.12293658,NWPP,AEO2026 Counterfactual Baseline case
p20,2017,0.14957222,0.12226455,0.09114523999999999,0.12293658,NWPP,AEO2026 Counterfactual Baseline case
p20,2018,0.14957222,0.12226455,0.09114523999999999,0.12293658,NWPP,AEO2026 Counterfactual Baseline case
p20,2019,0.14957222,0.12226455,0.09114523999999999,0.12293658,NWPP,AEO2026 Counterfactual Baseline case
p20,2020,0.14957222,0.12226455,0.09114523999999999,0.12293658,NWPP,AEO2026 Counterfactual Baseline case
p20,2021,0.14957222,0.12226455,0.09114523999999999,0.12293658,NWPP,AEO2026 Counterfactual Baseline case
p20,2022,0.14957222,0.12226455,0.09114523999999999,0.12293658,NWPP,AEO2026 Counterfactual Baseline case
p20,2023,0.14957222,0.12226455,0.09114523999999999,0.12293658,NWPP,AEO2026 Counterfactual Baseline case
p20,2024,0.14957222,0.12226455,0.09114523999999999,0.12293658,NWPP,AEO2026 Counterfactual Baseline case
p20,2025,0.14957222,0.12226455,0.09114523999999999,0.12293658,NWPP,AEO2026 Counterfactual Baseline case
p20,2026,0.15251651,0.12303755000000001,0.09028597,0.12113989,NWPP,AEO2026 Counterfactual Baseline case
p20,2027,0.14436673,0.11095448,0.07695776,0.10883369,NWPP,AEO2026 Counterfactual Baseline case
p20,2028,0.13808311,0.10500835,0.07292141,0.10225526,NWPP,AEO2026 Counterfactual Baseline case
p20,2029,0.13912194,0.10553367,0.0729581,0.10272862999999999,NWPP,AEO2026 Counterfactual Baseline case
p20,2030,0.14143112,0.10704832,0.07411575,0.10417075,NWPP,AEO2026 Counterfactual Baseline case
p20,2031,0.14533118,0.1103551,0.07689035,0.10730176999999999,NWPP,AEO2026 Counterfactual Baseline case
p20,2032,0.1494074,0.113523,0.0797408,0.1109997,NWPP,AEO2026 Counterfactual Baseline case
p20,2033,0.15385681,0.11687386999999999,0.08247278,0.11462121,NWPP,AEO2026 Counterfactual Baseline case
p20,2034,0.15913676000000002,0.12075529,0.08588107,0.11844273,NWPP,AEO2026 Counterfactual Baseline case
p20,2035,0.16410686,0.12405891000000001,0.08859475,0.1219005,NWPP,AEO2026 Counterfactual Baseline case
p20,2036,0.16885191,0.12689317,0.09101917999999999,0.12481147999999999,NWPP,AEO2026 Counterfactual Baseline case
p20,2037,0.17431242000000002,0.13031293,0.09395298,0.12831538,NWPP,AEO2026 Counterfactual Baseline case
p20,2038,0.17943113,0.13344754,0.09602142000000001,0.1314146,NWPP,AEO2026 Counterfactual Baseline case
p20,2039,0.18503941000000002,0.13680974,0.09858882,0.13462906,NWPP,AEO2026 Counterfactual Baseline case
p20,2040,0.19057596,0.1396663,0.10018049,0.13763564,NWPP,AEO2026 Counterfactual Baseline case
p20,2041,0.19619312,0.14268262,0.10245193000000001,0.14057084,NWPP,AEO2026 Counterfactual Baseline case
p20,2042,0.20159742000000003,0.14563673,0.1046467,0.14348660000000002,NWPP,AEO2026 Counterfactual Baseline case
p20,2043,0.20643787,0.14823255,0.10642235,0.14601987,NWPP,AEO2026 Counterfactual Baseline case
p20,2044,0.21147278,0.15097274,0.1083815,0.14867008,NWPP,AEO2026 Counterfactual Baseline case
p20,2045,0.21665299999999998,0.15377251,0.11029778999999999,0.15117291,NWPP,AEO2026 Counterfactual Baseline case
p20,2046,0.22189562,0.15662283,0.11235065000000001,0.15384313,NWPP,AEO2026 Counterfactual Baseline case
p20,2047,0.22709210999999999,0.15941641,0.11434403,0.15645253,NWPP,AEO2026 Counterfactual Baseline case
p20,2048,0.23234072,0.16223877,0.11627428999999999,0.1590727,NWPP,AEO2026 Counterfactual Baseline case
p20,2049,0.2380789,0.16548169999999998,0.11847531,0.1620783,NWPP,AEO2026 Counterfactual Baseline case
p20,2050,0.24455082,0.16942726,0.12142810000000001,0.16577106,NWPP,AEO2026 Counterfactual Baseline case
p21,2014,0.15414914,0.11371911000000001,0.09552994999999999,0.12452764999999999,BASN,AEO2026 Counterfactual Baseline case
p21,2015,0.15414914,0.11371911000000001,0.09552994999999999,0.12452764999999999,BASN,AEO2026 Counterfactual Baseline case
p21,2016,0.15414914,0.11371911000000001,0.09552994999999999,0.12452764999999999,BASN,AEO2026 Counterfactual Baseline case
p21,2017,0.15414914,0.11371911000000001,0.09552994999999999,0.12452764999999999,BASN,AEO2026 Counterfactual Baseline case
p21,2018,0.15414914,0.11371911000000001,0.09552994999999999,0.12452764999999999,BASN,AEO2026 Counterfactual Baseline case
p21,2019,0.15414914,0.11371911000000001,0.09552994999999999,0.12452764999999999,BASN,AEO2026 Counterfactual Baseline case
p21,2020,0.15414914,0.11371911000000001,0.09552994999999999,0.12452764999999999,BASN,AEO2026 Counterfactual Baseline case
p21,2021,0.15414914,0.11371911000000001,0.09552994999999999,0.12452764999999999,BASN,AEO2026 Counterfactual Baseline case
p21,2022,0.15414914,0.11371911000000001,0.09552994999999999,0.12452764999999999,BASN,AEO2026 Counterfactual Baseline case
p21,2023,0.15414914,0.11371911000000001,0.09552994999999999,0.12452764999999999,BASN,AEO2026 Counterfactual Baseline case
p21,2024,0.15414914,0.11371911000000001,0.09552994999999999,0.12452764999999999,BASN,AEO2026 Counterfactual Baseline case
p21,2025,0.15414914,0.11371911000000001,0.09552994999999999,0.12452764999999999,BASN,AEO2026 Counterfactual Baseline case
p21,2026,0.16131208,0.11786484,0.09929057000000001,0.12824861,BASN,AEO2026 Counterfactual Baseline case
p21,2027,0.1663201,0.12070489999999999,0.10233675,0.13065758,BASN,AEO2026 Counterfactual Baseline case
p21,2028,0.17259892000000002,0.12493577,0.10546643,0.13550191,BASN,AEO2026 Counterfactual Baseline case
p21,2029,0.17649466,0.12759319,0.10813231,0.13810042,BASN,AEO2026 Counterfactual Baseline case
p21,2030,0.18153017,0.13088067,0.11105200999999999,0.14211026000000002,BASN,AEO2026 Counterfactual Baseline case
p21,2031,0.18757490000000002,0.1352346,0.11382431999999999,0.14669276,BASN,AEO2026 Counterfactual Baseline case
p21,2032,0.19390587,0.14025427000000001,0.11941273000000001,0.15157406,BASN,AEO2026 Counterfactual Baseline case
p21,2033,0.20105852,0.14487112,0.12331531,0.1572289,BASN,AEO2026 Counterfactual Baseline case
p21,2034,0.20257898000000002,0.14382768,0.12241780000000001,0.15714545,BASN,AEO2026 Counterfactual Baseline case
p21,2035,0.20372807,0.14378737,0.12220293,0.15682991,BASN,AEO2026 Counterfactual Baseline case
p21,2036,0.20760584,0.14539253,0.12346518,0.1588785,BASN,AEO2026 Counterfactual Baseline case
p21,2037,0.21043968,0.14630727999999998,0.1242766,0.15993174,BASN,AEO2026 Counterfactual Baseline case
p21,2038,0.21895069,0.15375965,0.13209585000000001,0.16636118,BASN,AEO2026 Counterfactual Baseline case
p21,2039,0.22905075,0.16007425,0.13716910000000002,0.17412886,BASN,AEO2026 Counterfactual Baseline case
p21,2040,0.23535854,0.1637932,0.14013268,0.17713159999999997,BASN,AEO2026 Counterfactual Baseline case
p21,2041,0.24107529,0.16660236,0.14232728,0.18038126,BASN,AEO2026 Counterfactual Baseline case
p21,2042,0.24562086,0.16858675,0.14384282,0.18258669000000002,BASN,AEO2026 Counterfactual Baseline case
p21,2043,0.25026611,0.17058708,0.145177,0.18456993,BASN,AEO2026 Counterfactual Baseline case
p21,2044,0.25513214,0.17289290999999998,0.14700977999999998,0.18688707000000002,BASN,AEO2026 Counterfactual Baseline case
p21,2045,0.26068975,0.1755431,0.14908313,0.18966577999999998,BASN,AEO2026 Counterfactual Baseline case
p21,2046,0.26650866,0.17849228,0.1514594,0.1926849,BASN,AEO2026 Counterfactual Baseline case
p21,2047,0.27266022,0.18160301,0.15390093999999999,0.19592555999999997,BASN,AEO2026 Counterfactual Baseline case
p21,2048,0.27945211000000003,0.18552613999999998,0.15707521,0.19981079000000002,BASN,AEO2026 Counterfactual Baseline case
p21,2049,0.28724077000000003,0.18992937000000001,0.16063766000000002,0.20438114,BASN,AEO2026 Counterfactual Baseline case
p21,2050,0.29445829,0.19373674000000002,0.16362537,0.20836422,BASN,AEO2026 Counterfactual Baseline case
p22,2014,0.12369895,0.09484793,0.07494848,0.09419983,RMRG,AEO2026 Counterfactual Baseline case
p22,2015,0.12369895,0.09484793,0.07494848,0.09419983,RMRG,AEO2026 Counterfactual Baseline case
p22,2016,0.12369895,0.09484793,0.07494848,0.09419983,RMRG,AEO2026 Counterfactual Baseline case
p22,2017,0.12369895,0.09484793,0.07494848,0.09419983,RMRG,AEO2026 Counterfactual Baseline case
p22,2018,0.12369895,0.09484793,0.07494848,0.09419983,RMRG,AEO2026 Counterfactual Baseline case
p22,2019,0.12369895,0.09484793,0.07494848,0.09419983,RMRG,AEO2026 Counterfactual Baseline case
p22,2020,0.12369895,0.09484793,0.07494848,0.09419983,RMRG,AEO2026 Counterfactual Baseline case
p22,2021,0.12369895,0.09484793,0.07494848,0.09419983,RMRG,AEO2026 Counterfactual Baseline case
p22,2022,0.12369895,0.09484793,0.07494848,0.09419983,RMRG,AEO2026 Counterfactual Baseline case
p22,2023,0.12369895,0.09484793,0.07494848,0.09419983,RMRG,AEO2026 Counterfactual Baseline case
p22,2024,0.12369895,0.09484793,0.07494848,0.09419983,RMRG,AEO2026 Counterfactual Baseline case
p22,2025,0.12369895,0.09484793,0.07494848,0.09419983,RMRG,AEO2026 Counterfactual Baseline case
p22,2026,0.12623054,0.09544042,0.07487619,0.09400074,RMRG,AEO2026 Counterfactual Baseline case
p22,2027,0.13350874,0.10054658,0.07994436,0.09897999,RMRG,AEO2026 Counterfactual Baseline case
p22,2028,0.13991531999999998,0.10550701,0.08388341,0.10402046999999999,RMRG,AEO2026 Counterfactual Baseline case
p22,2029,0.14345477,0.10804891,0.08629046000000001,0.10652771,RMRG,AEO2026 Counterfactual Baseline case
p22,2030,0.1502091,0.113912,0.09256311,0.11235608,RMRG,AEO2026 Counterfactual Baseline case
p22,2031,0.15716421,0.11937636,0.09761592999999999,0.11806411,RMRG,AEO2026 Counterfactual Baseline case
p22,2032,0.16638197000000002,0.12765678,0.10645845,0.12646179,RMRG,AEO2026 Counterfactual Baseline case
p22,2033,0.17215137,0.13122247,0.10924785999999999,0.13070126999999998,RMRG,AEO2026 Counterfactual Baseline case
p22,2034,0.17547429999999997,0.13289929,0.11122364,0.13264956,RMRG,AEO2026 Counterfactual Baseline case
p22,2035,0.17904139,0.13484991000000002,0.11329877,0.13485573,RMRG,AEO2026 Counterfactual Baseline case
p22,2036,0.18354181,0.13774406,0.11624762999999999,0.13788292,RMRG,AEO2026 Counterfactual Baseline case
p22,2037,0.18902339999999998,0.14145984,0.11984831,0.14181936,RMRG,AEO2026 Counterfactual Baseline case
p22,2038,0.1933407,0.14409386,0.1221472,0.14469398,RMRG,AEO2026 Counterfactual Baseline case
p22,2039,0.19817993,0.14708717,0.12503067,0.14774555,RMRG,AEO2026 Counterfactual Baseline case
p22,2040,0.20490139,0.15191233,0.12965241,0.15249464,RMRG,AEO2026 Counterfactual Baseline case
p22,2041,0.21019407,0.15466494,0.13182701,0.15546726,RMRG,AEO2026 Counterfactual Baseline case
p22,2042,0.21394728000000002,0.1562703,0.13323863,0.157075,RMRG,AEO2026 Counterfactual Baseline case
p22,2043,0.21790806,0.1580121,0.13469455,0.1588053,RMRG,AEO2026 Counterfactual Baseline case
p22,2044,0.22220241999999998,0.16001337,0.13633729,0.16077524,RMRG,AEO2026 Counterfactual Baseline case
p22,2045,0.22683368999999998,0.16220459,0.13813306,0.16291286,RMRG,AEO2026 Counterfactual Baseline case
p22,2046,0.23178625,0.16474569,0.14026273,0.16535709,RMRG,AEO2026 Counterfactual Baseline case
p22,2047,0.2367256,0.16716964999999998,0.14219254,0.16767822,RMRG,AEO2026 Counterfactual Baseline case
p22,2048,0.24171953,0.16963861000000002,0.14414238,0.17000582,RMRG,AEO2026 Counterfactual Baseline case
p22,2049,0.24701879999999998,0.17226376999999998,0.14613008,0.17255503,RMRG,AEO2026 Counterfactual Baseline case
p22,2050,0.25210749,0.17472729,0.14804946,0.17482107,RMRG,AEO2026 Counterfactual Baseline case
p23,2014,0.12369895,0.09484793,0.07494848,0.09419983,RMRG,AEO2026 Counterfactual Baseline case
p23,2015,0.12369895,0.09484793,0.07494848,0.09419983,RMRG,AEO2026 Counterfactual Baseline case
p23,2016,0.12369895,0.09484793,0.07494848,0.09419983,RMRG,AEO2026 Counterfactual Baseline case
p23,2017,0.12369895,0.09484793,0.07494848,0.09419983,RMRG,AEO2026 Counterfactual Baseline case
p23,2018,0.12369895,0.09484793,0.07494848,0.09419983,RMRG,AEO2026 Counterfactual Baseline case
p23,2019,0.12369895,0.09484793,0.07494848,0.09419983,RMRG,AEO2026 Counterfactual Baseline case
p23,2020,0.12369895,0.09484793,0.07494848,0.09419983,RMRG,AEO2026 Counterfactual Baseline case
p23,2021,0.12369895,0.09484793,0.07494848,0.09419983,RMRG,AEO2026 Counterfactual Baseline case
p23,2022,0.12369895,0.09484793,0.07494848,0.09419983,RMRG,AEO2026 Counterfactual Baseline case
p23,2023,0.12369895,0.09484793,0.07494848,0.09419983,RMRG,AEO2026 Counterfactual Baseline case
p23,2024,0.12369895,0.09484793,0.07494848,0.09419983,RMRG,AEO2026 Counterfactual Baseline case
p23,2025,0.12369895,0.09484793,0.07494848,0.09419983,RMRG,AEO2026 Counterfactual Baseline case
p23,2026,0.12623054,0.09544042,0.07487619,0.09400074,RMRG,AEO2026 Counterfactual Baseline case
p23,2027,0.13350874,0.10054658,0.07994436,0.09897999,RMRG,AEO2026 Counterfactual Baseline case
p23,2028,0.13991531999999998,0.10550701,0.08388341,0.10402046999999999,RMRG,AEO2026 Counterfactual Baseline case
p23,2029,0.14345477,0.10804891,0.08629046000000001,0.10652771,RMRG,AEO2026 Counterfactual Baseline case
p23,2030,0.1502091,0.113912,0.09256311,0.11235608,RMRG,AEO2026 Counterfactual Baseline case
p23,2031,0.15716421,0.11937636,0.09761592999999999,0.11806411,RMRG,AEO2026 Counterfactual Baseline case
p23,2032,0.16638197000000002,0.12765678,0.10645845,0.12646179,RMRG,AEO2026 Counterfactual Baseline case
p23,2033,0.17215137,0.13122247,0.10924785999999999,0.13070126999999998,RMRG,AEO2026 Counterfactual Baseline case
p23,2034,0.17547429999999997,0.13289929,0.11122364,0.13264956,RMRG,AEO2026 Counterfactual Baseline case
p23,2035,0.17904139,0.13484991000000002,0.11329877,0.13485573,RMRG,AEO2026 Counterfactual Baseline case
p23,2036,0.18354181,0.13774406,0.11624762999999999,0.13788292,RMRG,AEO2026 Counterfactual Baseline case
p23,2037,0.18902339999999998,0.14145984,0.11984831,0.14181936,RMRG,AEO2026 Counterfactual Baseline case
p23,2038,0.1933407,0.14409386,0.1221472,0.14469398,RMRG,AEO2026 Counterfactual Baseline case
p23,2039,0.19817993,0.14708717,0.12503067,0.14774555,RMRG,AEO2026 Counterfactual Baseline case
p23,2040,0.20490139,0.15191233,0.12965241,0.15249464,RMRG,AEO2026 Counterfactual Baseline case
p23,2041,0.21019407,0.15466494,0.13182701,0.15546726,RMRG,AEO2026 Counterfactual Baseline case
p23,2042,0.21394728000000002,0.1562703,0.13323863,0.157075,RMRG,AEO2026 Counterfactual Baseline case
p23,2043,0.21790806,0.1580121,0.13469455,0.1588053,RMRG,AEO2026 Counterfactual Baseline case
p23,2044,0.22220241999999998,0.16001337,0.13633729,0.16077524,RMRG,AEO2026 Counterfactual Baseline case
p23,2045,0.22683368999999998,0.16220459,0.13813306,0.16291286,RMRG,AEO2026 Counterfactual Baseline case
p23,2046,0.23178625,0.16474569,0.14026273,0.16535709,RMRG,AEO2026 Counterfactual Baseline case
p23,2047,0.2367256,0.16716964999999998,0.14219254,0.16767822,RMRG,AEO2026 Counterfactual Baseline case
p23,2048,0.24171953,0.16963861000000002,0.14414238,0.17000582,RMRG,AEO2026 Counterfactual Baseline case
p23,2049,0.24701879999999998,0.17226376999999998,0.14613008,0.17255503,RMRG,AEO2026 Counterfactual Baseline case
p23,2050,0.25210749,0.17472729,0.14804946,0.17482107,RMRG,AEO2026 Counterfactual Baseline case
p24,2014,0.12369895,0.09484793,0.07494848,0.09419983,RMRG,AEO2026 Counterfactual Baseline case
p24,2015,0.12369895,0.09484793,0.07494848,0.09419983,RMRG,AEO2026 Counterfactual Baseline case
p24,2016,0.12369895,0.09484793,0.07494848,0.09419983,RMRG,AEO2026 Counterfactual Baseline case
p24,2017,0.12369895,0.09484793,0.07494848,0.09419983,RMRG,AEO2026 Counterfactual Baseline case
p24,2018,0.12369895,0.09484793,0.07494848,0.09419983,RMRG,AEO2026 Counterfactual Baseline case
p24,2019,0.12369895,0.09484793,0.07494848,0.09419983,RMRG,AEO2026 Counterfactual Baseline case
p24,2020,0.12369895,0.09484793,0.07494848,0.09419983,RMRG,AEO2026 Counterfactual Baseline case
p24,2021,0.12369895,0.09484793,0.07494848,0.09419983,RMRG,AEO2026 Counterfactual Baseline case
p24,2022,0.12369895,0.09484793,0.07494848,0.09419983,RMRG,AEO2026 Counterfactual Baseline case
p24,2023,0.12369895,0.09484793,0.07494848,0.09419983,RMRG,AEO2026 Counterfactual Baseline case
p24,2024,0.12369895,0.09484793,0.07494848,0.09419983,RMRG,AEO2026 Counterfactual Baseline case
p24,2025,0.12369895,0.09484793,0.07494848,0.09419983,RMRG,AEO2026 Counterfactual Baseline case
p24,2026,0.12623054,0.09544042,0.07487619,0.09400074,RMRG,AEO2026 Counterfactual Baseline case
p24,2027,0.13350874,0.10054658,0.07994436,0.09897999,RMRG,AEO2026 Counterfactual Baseline case
p24,2028,0.13991531999999998,0.10550701,0.08388341,0.10402046999999999,RMRG,AEO2026 Counterfactual Baseline case
p24,2029,0.14345477,0.10804891,0.08629046000000001,0.10652771,RMRG,AEO2026 Counterfactual Baseline case
p24,2030,0.1502091,0.113912,0.09256311,0.11235608,RMRG,AEO2026 Counterfactual Baseline case
p24,2031,0.15716421,0.11937636,0.09761592999999999,0.11806411,RMRG,AEO2026 Counterfactual Baseline case
p24,2032,0.16638197000000002,0.12765678,0.10645845,0.12646179,RMRG,AEO2026 Counterfactual Baseline case
p24,2033,0.17215137,0.13122247,0.10924785999999999,0.13070126999999998,RMRG,AEO2026 Counterfactual Baseline case
p24,2034,0.17547429999999997,0.13289929,0.11122364,0.13264956,RMRG,AEO2026 Counterfactual Baseline case
p24,2035,0.17904139,0.13484991000000002,0.11329877,0.13485573,RMRG,AEO2026 Counterfactual Baseline case
p24,2036,0.18354181,0.13774406,0.11624762999999999,0.13788292,RMRG,AEO2026 Counterfactual Baseline case
p24,2037,0.18902339999999998,0.14145984,0.11984831,0.14181936,RMRG,AEO2026 Counterfactual Baseline case
p24,2038,0.1933407,0.14409386,0.1221472,0.14469398,RMRG,AEO2026 Counterfactual Baseline case
p24,2039,0.19817993,0.14708717,0.12503067,0.14774555,RMRG,AEO2026 Counterfactual Baseline case
p24,2040,0.20490139,0.15191233,0.12965241,0.15249464,RMRG,AEO2026 Counterfactual Baseline case
p24,2041,0.21019407,0.15466494,0.13182701,0.15546726,RMRG,AEO2026 Counterfactual Baseline case
p24,2042,0.21394728000000002,0.1562703,0.13323863,0.157075,RMRG,AEO2026 Counterfactual Baseline case
p24,2043,0.21790806,0.1580121,0.13469455,0.1588053,RMRG,AEO2026 Counterfactual Baseline case
p24,2044,0.22220241999999998,0.16001337,0.13633729,0.16077524,RMRG,AEO2026 Counterfactual Baseline case
p24,2045,0.22683368999999998,0.16220459,0.13813306,0.16291286,RMRG,AEO2026 Counterfactual Baseline case
p24,2046,0.23178625,0.16474569,0.14026273,0.16535709,RMRG,AEO2026 Counterfactual Baseline case
p24,2047,0.2367256,0.16716964999999998,0.14219254,0.16767822,RMRG,AEO2026 Counterfactual Baseline case
p24,2048,0.24171953,0.16963861000000002,0.14414238,0.17000582,RMRG,AEO2026 Counterfactual Baseline case
p24,2049,0.24701879999999998,0.17226376999999998,0.14613008,0.17255503,RMRG,AEO2026 Counterfactual Baseline case
p24,2050,0.25210749,0.17472729,0.14804946,0.17482107,RMRG,AEO2026 Counterfactual Baseline case
p25,2014,0.15414914,0.11371911000000001,0.09552994999999999,0.12452764999999999,BASN,AEO2026 Counterfactual Baseline case
p25,2015,0.15414914,0.11371911000000001,0.09552994999999999,0.12452764999999999,BASN,AEO2026 Counterfactual Baseline case
p25,2016,0.15414914,0.11371911000000001,0.09552994999999999,0.12452764999999999,BASN,AEO2026 Counterfactual Baseline case
p25,2017,0.15414914,0.11371911000000001,0.09552994999999999,0.12452764999999999,BASN,AEO2026 Counterfactual Baseline case
p25,2018,0.15414914,0.11371911000000001,0.09552994999999999,0.12452764999999999,BASN,AEO2026 Counterfactual Baseline case
p25,2019,0.15414914,0.11371911000000001,0.09552994999999999,0.12452764999999999,BASN,AEO2026 Counterfactual Baseline case
p25,2020,0.15414914,0.11371911000000001,0.09552994999999999,0.12452764999999999,BASN,AEO2026 Counterfactual Baseline case
p25,2021,0.15414914,0.11371911000000001,0.09552994999999999,0.12452764999999999,BASN,AEO2026 Counterfactual Baseline case
p25,2022,0.15414914,0.11371911000000001,0.09552994999999999,0.12452764999999999,BASN,AEO2026 Counterfactual Baseline case
p25,2023,0.15414914,0.11371911000000001,0.09552994999999999,0.12452764999999999,BASN,AEO2026 Counterfactual Baseline case
p25,2024,0.15414914,0.11371911000000001,0.09552994999999999,0.12452764999999999,BASN,AEO2026 Counterfactual Baseline case
p25,2025,0.15414914,0.11371911000000001,0.09552994999999999,0.12452764999999999,BASN,AEO2026 Counterfactual Baseline case
p25,2026,0.16131208,0.11786484,0.09929057000000001,0.12824861,BASN,AEO2026 Counterfactual Baseline case
p25,2027,0.1663201,0.12070489999999999,0.10233675,0.13065758,BASN,AEO2026 Counterfactual Baseline case
p25,2028,0.17259892000000002,0.12493577,0.10546643,0.13550191,BASN,AEO2026 Counterfactual Baseline case
p25,2029,0.17649466,0.12759319,0.10813231,0.13810042,BASN,AEO2026 Counterfactual Baseline case
p25,2030,0.18153017,0.13088067,0.11105200999999999,0.14211026000000002,BASN,AEO2026 Counterfactual Baseline case
p25,2031,0.18757490000000002,0.1352346,0.11382431999999999,0.14669276,BASN,AEO2026 Counterfactual Baseline case
p25,2032,0.19390587,0.14025427000000001,0.11941273000000001,0.15157406,BASN,AEO2026 Counterfactual Baseline case
p25,2033,0.20105852,0.14487112,0.12331531,0.1572289,BASN,AEO2026 Counterfactual Baseline case
p25,2034,0.20257898000000002,0.14382768,0.12241780000000001,0.15714545,BASN,AEO2026 Counterfactual Baseline case
p25,2035,0.20372807,0.14378737,0.12220293,0.15682991,BASN,AEO2026 Counterfactual Baseline case
p25,2036,0.20760584,0.14539253,0.12346518,0.1588785,BASN,AEO2026 Counterfactual Baseline case
p25,2037,0.21043968,0.14630727999999998,0.1242766,0.15993174,BASN,AEO2026 Counterfactual Baseline case
p25,2038,0.21895069,0.15375965,0.13209585000000001,0.16636118,BASN,AEO2026 Counterfactual Baseline case
p25,2039,0.22905075,0.16007425,0.13716910000000002,0.17412886,BASN,AEO2026 Counterfactual Baseline case
p25,2040,0.23535854,0.1637932,0.14013268,0.17713159999999997,BASN,AEO2026 Counterfactual Baseline case
p25,2041,0.24107529,0.16660236,0.14232728,0.18038126,BASN,AEO2026 Counterfactual Baseline case
p25,2042,0.24562086,0.16858675,0.14384282,0.18258669000000002,BASN,AEO2026 Counterfactual Baseline case
p25,2043,0.25026611,0.17058708,0.145177,0.18456993,BASN,AEO2026 Counterfactual Baseline case
p25,2044,0.25513214,0.17289290999999998,0.14700977999999998,0.18688707000000002,BASN,AEO2026 Counterfactual Baseline case
p25,2045,0.26068975,0.1755431,0.14908313,0.18966577999999998,BASN,AEO2026 Counterfactual Baseline case
p25,2046,0.26650866,0.17849228,0.1514594,0.1926849,BASN,AEO2026 Counterfactual Baseline case
p25,2047,0.27266022,0.18160301,0.15390093999999999,0.19592555999999997,BASN,AEO2026 Counterfactual Baseline case
p25,2048,0.27945211000000003,0.18552613999999998,0.15707521,0.19981079000000002,BASN,AEO2026 Counterfactual Baseline case
p25,2049,0.28724077000000003,0.18992937000000001,0.16063766000000002,0.20438114,BASN,AEO2026 Counterfactual Baseline case
p25,2050,0.29445829,0.19373674000000002,0.16362537,0.20836422,BASN,AEO2026 Counterfactual Baseline case
p26,2014,0.15414914,0.11371911000000001,0.09552994999999999,0.12452764999999999,BASN,AEO2026 Counterfactual Baseline case
p26,2015,0.15414914,0.11371911000000001,0.09552994999999999,0.12452764999999999,BASN,AEO2026 Counterfactual Baseline case
p26,2016,0.15414914,0.11371911000000001,0.09552994999999999,0.12452764999999999,BASN,AEO2026 Counterfactual Baseline case
p26,2017,0.15414914,0.11371911000000001,0.09552994999999999,0.12452764999999999,BASN,AEO2026 Counterfactual Baseline case
p26,2018,0.15414914,0.11371911000000001,0.09552994999999999,0.12452764999999999,BASN,AEO2026 Counterfactual Baseline case
p26,2019,0.15414914,0.11371911000000001,0.09552994999999999,0.12452764999999999,BASN,AEO2026 Counterfactual Baseline case
p26,2020,0.15414914,0.11371911000000001,0.09552994999999999,0.12452764999999999,BASN,AEO2026 Counterfactual Baseline case
p26,2021,0.15414914,0.11371911000000001,0.09552994999999999,0.12452764999999999,BASN,AEO2026 Counterfactual Baseline case
p26,2022,0.15414914,0.11371911000000001,0.09552994999999999,0.12452764999999999,BASN,AEO2026 Counterfactual Baseline case
p26,2023,0.15414914,0.11371911000000001,0.09552994999999999,0.12452764999999999,BASN,AEO2026 Counterfactual Baseline case
p26,2024,0.15414914,0.11371911000000001,0.09552994999999999,0.12452764999999999,BASN,AEO2026 Counterfactual Baseline case
p26,2025,0.15414914,0.11371911000000001,0.09552994999999999,0.12452764999999999,BASN,AEO2026 Counterfactual Baseline case
p26,2026,0.16131208,0.11786484,0.09929057000000001,0.12824861,BASN,AEO2026 Counterfactual Baseline case
p26,2027,0.1663201,0.12070489999999999,0.10233675,0.13065758,BASN,AEO2026 Counterfactual Baseline case
p26,2028,0.17259892000000002,0.12493577,0.10546643,0.13550191,BASN,AEO2026 Counterfactual Baseline case
p26,2029,0.17649466,0.12759319,0.10813231,0.13810042,BASN,AEO2026 Counterfactual Baseline case
p26,2030,0.18153017,0.13088067,0.11105200999999999,0.14211026000000002,BASN,AEO2026 Counterfactual Baseline case
p26,2031,0.18757490000000002,0.1352346,0.11382431999999999,0.14669276,BASN,AEO2026 Counterfactual Baseline case
p26,2032,0.19390587,0.14025427000000001,0.11941273000000001,0.15157406,BASN,AEO2026 Counterfactual Baseline case
p26,2033,0.20105852,0.14487112,0.12331531,0.1572289,BASN,AEO2026 Counterfactual Baseline case
p26,2034,0.20257898000000002,0.14382768,0.12241780000000001,0.15714545,BASN,AEO2026 Counterfactual Baseline case
p26,2035,0.20372807,0.14378737,0.12220293,0.15682991,BASN,AEO2026 Counterfactual Baseline case
p26,2036,0.20760584,0.14539253,0.12346518,0.1588785,BASN,AEO2026 Counterfactual Baseline case
p26,2037,0.21043968,0.14630727999999998,0.1242766,0.15993174,BASN,AEO2026 Counterfactual Baseline case
p26,2038,0.21895069,0.15375965,0.13209585000000001,0.16636118,BASN,AEO2026 Counterfactual Baseline case
p26,2039,0.22905075,0.16007425,0.13716910000000002,0.17412886,BASN,AEO2026 Counterfactual Baseline case
p26,2040,0.23535854,0.1637932,0.14013268,0.17713159999999997,BASN,AEO2026 Counterfactual Baseline case
p26,2041,0.24107529,0.16660236,0.14232728,0.18038126,BASN,AEO2026 Counterfactual Baseline case
p26,2042,0.24562086,0.16858675,0.14384282,0.18258669000000002,BASN,AEO2026 Counterfactual Baseline case
p26,2043,0.25026611,0.17058708,0.145177,0.18456993,BASN,AEO2026 Counterfactual Baseline case
p26,2044,0.25513214,0.17289290999999998,0.14700977999999998,0.18688707000000002,BASN,AEO2026 Counterfactual Baseline case
p26,2045,0.26068975,0.1755431,0.14908313,0.18966577999999998,BASN,AEO2026 Counterfactual Baseline case
p26,2046,0.26650866,0.17849228,0.1514594,0.1926849,BASN,AEO2026 Counterfactual Baseline case
p26,2047,0.27266022,0.18160301,0.15390093999999999,0.19592555999999997,BASN,AEO2026 Counterfactual Baseline case
p26,2048,0.27945211000000003,0.18552613999999998,0.15707521,0.19981079000000002,BASN,AEO2026 Counterfactual Baseline case
p26,2049,0.28724077000000003,0.18992937000000001,0.16063766000000002,0.20438114,BASN,AEO2026 Counterfactual Baseline case
p26,2050,0.29445829,0.19373674000000002,0.16362537,0.20836422,BASN,AEO2026 Counterfactual Baseline case
p27,2014,0.15528633,0.12542554,0.07672785,0.13463136,SRSG,AEO2026 Counterfactual Baseline case
p27,2015,0.15528633,0.12542554,0.07672785,0.13463136,SRSG,AEO2026 Counterfactual Baseline case
p27,2016,0.15528633,0.12542554,0.07672785,0.13463136,SRSG,AEO2026 Counterfactual Baseline case
p27,2017,0.15528633,0.12542554,0.07672785,0.13463136,SRSG,AEO2026 Counterfactual Baseline case
p27,2018,0.15528633,0.12542554,0.07672785,0.13463136,SRSG,AEO2026 Counterfactual Baseline case
p27,2019,0.15528633,0.12542554,0.07672785,0.13463136,SRSG,AEO2026 Counterfactual Baseline case
p27,2020,0.15528633,0.12542554,0.07672785,0.13463136,SRSG,AEO2026 Counterfactual Baseline case
p27,2021,0.15528633,0.12542554,0.07672785,0.13463136,SRSG,AEO2026 Counterfactual Baseline case
p27,2022,0.15528633,0.12542554,0.07672785,0.13463136,SRSG,AEO2026 Counterfactual Baseline case
p27,2023,0.15528633,0.12542554,0.07672785,0.13463136,SRSG,AEO2026 Counterfactual Baseline case
p27,2024,0.15528633,0.12542554,0.07672785,0.13463136,SRSG,AEO2026 Counterfactual Baseline case
p27,2025,0.15528633,0.12542554,0.07672785,0.13463136,SRSG,AEO2026 Counterfactual Baseline case
p27,2026,0.16235943,0.13019474,0.07974967999999999,0.13862001,SRSG,AEO2026 Counterfactual Baseline case
p27,2027,0.16345676,0.12908598,0.07816041,0.13779156,SRSG,AEO2026 Counterfactual Baseline case
p27,2028,0.16308407,0.12826282,0.07699725,0.13648300000000002,SRSG,AEO2026 Counterfactual Baseline case
p27,2029,0.16496391,0.12949080999999998,0.07713162999999999,0.13748839000000002,SRSG,AEO2026 Counterfactual Baseline case
p27,2030,0.16769472,0.13135122000000002,0.07781843000000001,0.13938523,SRSG,AEO2026 Counterfactual Baseline case
p27,2031,0.17158867,0.13451385,0.07993452,0.14217786999999998,SRSG,AEO2026 Counterfactual Baseline case
p27,2032,0.17650352000000002,0.13830406,0.08207157000000001,0.14625759,SRSG,AEO2026 Counterfactual Baseline case
p27,2033,0.18040279,0.14088037,0.08323485,0.14927075,SRSG,AEO2026 Counterfactual Baseline case
p27,2034,0.18225539999999998,0.14115425,0.08339229,0.15013534,SRSG,AEO2026 Counterfactual Baseline case
p27,2035,0.18452953,0.14241245,0.08425034,0.1511979,SRSG,AEO2026 Counterfactual Baseline case
p27,2036,0.18854631000000002,0.14515471,0.08614265,0.15386051,SRSG,AEO2026 Counterfactual Baseline case
p27,2037,0.19522419,0.15036682,0.08974562999999999,0.15896554,SRSG,AEO2026 Counterfactual Baseline case
p27,2038,0.20202957000000002,0.15562281,0.09182620999999999,0.16436804,SRSG,AEO2026 Counterfactual Baseline case
p27,2039,0.20802673,0.15973110000000001,0.09412923,0.16876263000000002,SRSG,AEO2026 Counterfactual Baseline case
p27,2040,0.21236208,0.16222233,0.09536082,0.17153379000000002,SRSG,AEO2026 Counterfactual Baseline case
p27,2041,0.2158498,0.16397901999999998,0.09605275,0.1734573,SRSG,AEO2026 Counterfactual Baseline case
p27,2042,0.21945097,0.16587706000000002,0.09658681,0.17547079,SRSG,AEO2026 Counterfactual Baseline case
p27,2043,0.22287004,0.16758585,0.09700348,0.17725405,SRSG,AEO2026 Counterfactual Baseline case
p27,2044,0.22679908999999998,0.16977644000000003,0.09779415,0.17941133,SRSG,AEO2026 Counterfactual Baseline case
p27,2045,0.23118787999999998,0.17223648,0.09886656,0.18191288,SRSG,AEO2026 Counterfactual Baseline case
p27,2046,0.23574141999999998,0.17490377,0.10014834,0.18456136999999997,SRSG,AEO2026 Counterfactual Baseline case
p27,2047,0.24060890000000001,0.17778521000000003,0.10154351,0.18745275,SRSG,AEO2026 Counterfactual Baseline case
p27,2048,0.24501369,0.18027463999999999,0.10234584,0.19010850999999998,SRSG,AEO2026 Counterfactual Baseline case
p27,2049,0.24933954,0.18255781,0.10325388,0.19240649999999998,SRSG,AEO2026 Counterfactual Baseline case
p27,2050,0.25444834,0.18564002999999998,0.10472944999999999,0.19547039000000002,SRSG,AEO2026 Counterfactual Baseline case
p28,2014,0.15528633,0.12542554,0.07672785,0.13463136,SRSG,AEO2026 Counterfactual Baseline case
p28,2015,0.15528633,0.12542554,0.07672785,0.13463136,SRSG,AEO2026 Counterfactual Baseline case
p28,2016,0.15528633,0.12542554,0.07672785,0.13463136,SRSG,AEO2026 Counterfactual Baseline case
p28,2017,0.15528633,0.12542554,0.07672785,0.13463136,SRSG,AEO2026 Counterfactual Baseline case
p28,2018,0.15528633,0.12542554,0.07672785,0.13463136,SRSG,AEO2026 Counterfactual Baseline case
p28,2019,0.15528633,0.12542554,0.07672785,0.13463136,SRSG,AEO2026 Counterfactual Baseline case
p28,2020,0.15528633,0.12542554,0.07672785,0.13463136,SRSG,AEO2026 Counterfactual Baseline case
p28,2021,0.15528633,0.12542554,0.07672785,0.13463136,SRSG,AEO2026 Counterfactual Baseline case
p28,2022,0.15528633,0.12542554,0.07672785,0.13463136,SRSG,AEO2026 Counterfactual Baseline case
p28,2023,0.15528633,0.12542554,0.07672785,0.13463136,SRSG,AEO2026 Counterfactual Baseline case
p28,2024,0.15528633,0.12542554,0.07672785,0.13463136,SRSG,AEO2026 Counterfactual Baseline case
p28,2025,0.15528633,0.12542554,0.07672785,0.13463136,SRSG,AEO2026 Counterfactual Baseline case
p28,2026,0.16235943,0.13019474,0.07974967999999999,0.13862001,SRSG,AEO2026 Counterfactual Baseline case
p28,2027,0.16345676,0.12908598,0.07816041,0.13779156,SRSG,AEO2026 Counterfactual Baseline case
p28,2028,0.16308407,0.12826282,0.07699725,0.13648300000000002,SRSG,AEO2026 Counterfactual Baseline case
p28,2029,0.16496391,0.12949080999999998,0.07713162999999999,0.13748839000000002,SRSG,AEO2026 Counterfactual Baseline case
p28,2030,0.16769472,0.13135122000000002,0.07781843000000001,0.13938523,SRSG,AEO2026 Counterfactual Baseline case
p28,2031,0.17158867,0.13451385,0.07993452,0.14217786999999998,SRSG,AEO2026 Counterfactual Baseline case
p28,2032,0.17650352000000002,0.13830406,0.08207157000000001,0.14625759,SRSG,AEO2026 Counterfactual Baseline case
p28,2033,0.18040279,0.14088037,0.08323485,0.14927075,SRSG,AEO2026 Counterfactual Baseline case
p28,2034,0.18225539999999998,0.14115425,0.08339229,0.15013534,SRSG,AEO2026 Counterfactual Baseline case
p28,2035,0.18452953,0.14241245,0.08425034,0.1511979,SRSG,AEO2026 Counterfactual Baseline case
p28,2036,0.18854631000000002,0.14515471,0.08614265,0.15386051,SRSG,AEO2026 Counterfactual Baseline case
p28,2037,0.19522419,0.15036682,0.08974562999999999,0.15896554,SRSG,AEO2026 Counterfactual Baseline case
p28,2038,0.20202957000000002,0.15562281,0.09182620999999999,0.16436804,SRSG,AEO2026 Counterfactual Baseline case
p28,2039,0.20802673,0.15973110000000001,0.09412923,0.16876263000000002,SRSG,AEO2026 Counterfactual Baseline case
p28,2040,0.21236208,0.16222233,0.09536082,0.17153379000000002,SRSG,AEO2026 Counterfactual Baseline case
p28,2041,0.2158498,0.16397901999999998,0.09605275,0.1734573,SRSG,AEO2026 Counterfactual Baseline case
p28,2042,0.21945097,0.16587706000000002,0.09658681,0.17547079,SRSG,AEO2026 Counterfactual Baseline case
p28,2043,0.22287004,0.16758585,0.09700348,0.17725405,SRSG,AEO2026 Counterfactual Baseline case
p28,2044,0.22679908999999998,0.16977644000000003,0.09779415,0.17941133,SRSG,AEO2026 Counterfactual Baseline case
p28,2045,0.23118787999999998,0.17223648,0.09886656,0.18191288,SRSG,AEO2026 Counterfactual Baseline case
p28,2046,0.23574141999999998,0.17490377,0.10014834,0.18456136999999997,SRSG,AEO2026 Counterfactual Baseline case
p28,2047,0.24060890000000001,0.17778521000000003,0.10154351,0.18745275,SRSG,AEO2026 Counterfactual Baseline case
p28,2048,0.24501369,0.18027463999999999,0.10234584,0.19010850999999998,SRSG,AEO2026 Counterfactual Baseline case
p28,2049,0.24933954,0.18255781,0.10325388,0.19240649999999998,SRSG,AEO2026 Counterfactual Baseline case
p28,2050,0.25444834,0.18564002999999998,0.10472944999999999,0.19547039000000002,SRSG,AEO2026 Counterfactual Baseline case
p29,2014,0.15528633,0.12542554,0.07672785,0.13463136,SRSG,AEO2026 Counterfactual Baseline case
p29,2015,0.15528633,0.12542554,0.07672785,0.13463136,SRSG,AEO2026 Counterfactual Baseline case
p29,2016,0.15528633,0.12542554,0.07672785,0.13463136,SRSG,AEO2026 Counterfactual Baseline case
p29,2017,0.15528633,0.12542554,0.07672785,0.13463136,SRSG,AEO2026 Counterfactual Baseline case
p29,2018,0.15528633,0.12542554,0.07672785,0.13463136,SRSG,AEO2026 Counterfactual Baseline case
p29,2019,0.15528633,0.12542554,0.07672785,0.13463136,SRSG,AEO2026 Counterfactual Baseline case
p29,2020,0.15528633,0.12542554,0.07672785,0.13463136,SRSG,AEO2026 Counterfactual Baseline case
p29,2021,0.15528633,0.12542554,0.07672785,0.13463136,SRSG,AEO2026 Counterfactual Baseline case
p29,2022,0.15528633,0.12542554,0.07672785,0.13463136,SRSG,AEO2026 Counterfactual Baseline case
p29,2023,0.15528633,0.12542554,0.07672785,0.13463136,SRSG,AEO2026 Counterfactual Baseline case
p29,2024,0.15528633,0.12542554,0.07672785,0.13463136,SRSG,AEO2026 Counterfactual Baseline case
p29,2025,0.15528633,0.12542554,0.07672785,0.13463136,SRSG,AEO2026 Counterfactual Baseline case
p29,2026,0.16235943,0.13019474,0.07974967999999999,0.13862001,SRSG,AEO2026 Counterfactual Baseline case
p29,2027,0.16345676,0.12908598,0.07816041,0.13779156,SRSG,AEO2026 Counterfactual Baseline case
p29,2028,0.16308407,0.12826282,0.07699725,0.13648300000000002,SRSG,AEO2026 Counterfactual Baseline case
p29,2029,0.16496391,0.12949080999999998,0.07713162999999999,0.13748839000000002,SRSG,AEO2026 Counterfactual Baseline case
p29,2030,0.16769472,0.13135122000000002,0.07781843000000001,0.13938523,SRSG,AEO2026 Counterfactual Baseline case
p29,2031,0.17158867,0.13451385,0.07993452,0.14217786999999998,SRSG,AEO2026 Counterfactual Baseline case
p29,2032,0.17650352000000002,0.13830406,0.08207157000000001,0.14625759,SRSG,AEO2026 Counterfactual Baseline case
p29,2033,0.18040279,0.14088037,0.08323485,0.14927075,SRSG,AEO2026 Counterfactual Baseline case
p29,2034,0.18225539999999998,0.14115425,0.08339229,0.15013534,SRSG,AEO2026 Counterfactual Baseline case
p29,2035,0.18452953,0.14241245,0.08425034,0.1511979,SRSG,AEO2026 Counterfactual Baseline case
p29,2036,0.18854631000000002,0.14515471,0.08614265,0.15386051,SRSG,AEO2026 Counterfactual Baseline case
p29,2037,0.19522419,0.15036682,0.08974562999999999,0.15896554,SRSG,AEO2026 Counterfactual Baseline case
p29,2038,0.20202957000000002,0.15562281,0.09182620999999999,0.16436804,SRSG,AEO2026 Counterfactual Baseline case
p29,2039,0.20802673,0.15973110000000001,0.09412923,0.16876263000000002,SRSG,AEO2026 Counterfactual Baseline case
p29,2040,0.21236208,0.16222233,0.09536082,0.17153379000000002,SRSG,AEO2026 Counterfactual Baseline case
p29,2041,0.2158498,0.16397901999999998,0.09605275,0.1734573,SRSG,AEO2026 Counterfactual Baseline case
p29,2042,0.21945097,0.16587706000000002,0.09658681,0.17547079,SRSG,AEO2026 Counterfactual Baseline case
p29,2043,0.22287004,0.16758585,0.09700348,0.17725405,SRSG,AEO2026 Counterfactual Baseline case
p29,2044,0.22679908999999998,0.16977644000000003,0.09779415,0.17941133,SRSG,AEO2026 Counterfactual Baseline case
p29,2045,0.23118787999999998,0.17223648,0.09886656,0.18191288,SRSG,AEO2026 Counterfactual Baseline case
p29,2046,0.23574141999999998,0.17490377,0.10014834,0.18456136999999997,SRSG,AEO2026 Counterfactual Baseline case
p29,2047,0.24060890000000001,0.17778521000000003,0.10154351,0.18745275,SRSG,AEO2026 Counterfactual Baseline case
p29,2048,0.24501369,0.18027463999999999,0.10234584,0.19010850999999998,SRSG,AEO2026 Counterfactual Baseline case
p29,2049,0.24933954,0.18255781,0.10325388,0.19240649999999998,SRSG,AEO2026 Counterfactual Baseline case
p29,2050,0.25444834,0.18564002999999998,0.10472944999999999,0.19547039000000002,SRSG,AEO2026 Counterfactual Baseline case
p30,2014,0.15528633,0.12542554,0.07672785,0.13463136,SRSG,AEO2026 Counterfactual Baseline case
p30,2015,0.15528633,0.12542554,0.07672785,0.13463136,SRSG,AEO2026 Counterfactual Baseline case
p30,2016,0.15528633,0.12542554,0.07672785,0.13463136,SRSG,AEO2026 Counterfactual Baseline case
p30,2017,0.15528633,0.12542554,0.07672785,0.13463136,SRSG,AEO2026 Counterfactual Baseline case
p30,2018,0.15528633,0.12542554,0.07672785,0.13463136,SRSG,AEO2026 Counterfactual Baseline case
p30,2019,0.15528633,0.12542554,0.07672785,0.13463136,SRSG,AEO2026 Counterfactual Baseline case
p30,2020,0.15528633,0.12542554,0.07672785,0.13463136,SRSG,AEO2026 Counterfactual Baseline case
p30,2021,0.15528633,0.12542554,0.07672785,0.13463136,SRSG,AEO2026 Counterfactual Baseline case
p30,2022,0.15528633,0.12542554,0.07672785,0.13463136,SRSG,AEO2026 Counterfactual Baseline case
p30,2023,0.15528633,0.12542554,0.07672785,0.13463136,SRSG,AEO2026 Counterfactual Baseline case
p30,2024,0.15528633,0.12542554,0.07672785,0.13463136,SRSG,AEO2026 Counterfactual Baseline case
p30,2025,0.15528633,0.12542554,0.07672785,0.13463136,SRSG,AEO2026 Counterfactual Baseline case
p30,2026,0.16235943,0.13019474,0.07974967999999999,0.13862001,SRSG,AEO2026 Counterfactual Baseline case
p30,2027,0.16345676,0.12908598,0.07816041,0.13779156,SRSG,AEO2026 Counterfactual Baseline case
p30,2028,0.16308407,0.12826282,0.07699725,0.13648300000000002,SRSG,AEO2026 Counterfactual Baseline case
p30,2029,0.16496391,0.12949080999999998,0.07713162999999999,0.13748839000000002,SRSG,AEO2026 Counterfactual Baseline case
p30,2030,0.16769472,0.13135122000000002,0.07781843000000001,0.13938523,SRSG,AEO2026 Counterfactual Baseline case
p30,2031,0.17158867,0.13451385,0.07993452,0.14217786999999998,SRSG,AEO2026 Counterfactual Baseline case
p30,2032,0.17650352000000002,0.13830406,0.08207157000000001,0.14625759,SRSG,AEO2026 Counterfactual Baseline case
p30,2033,0.18040279,0.14088037,0.08323485,0.14927075,SRSG,AEO2026 Counterfactual Baseline case
p30,2034,0.18225539999999998,0.14115425,0.08339229,0.15013534,SRSG,AEO2026 Counterfactual Baseline case
p30,2035,0.18452953,0.14241245,0.08425034,0.1511979,SRSG,AEO2026 Counterfactual Baseline case
p30,2036,0.18854631000000002,0.14515471,0.08614265,0.15386051,SRSG,AEO2026 Counterfactual Baseline case
p30,2037,0.19522419,0.15036682,0.08974562999999999,0.15896554,SRSG,AEO2026 Counterfactual Baseline case
p30,2038,0.20202957000000002,0.15562281,0.09182620999999999,0.16436804,SRSG,AEO2026 Counterfactual Baseline case
p30,2039,0.20802673,0.15973110000000001,0.09412923,0.16876263000000002,SRSG,AEO2026 Counterfactual Baseline case
p30,2040,0.21236208,0.16222233,0.09536082,0.17153379000000002,SRSG,AEO2026 Counterfactual Baseline case
p30,2041,0.2158498,0.16397901999999998,0.09605275,0.1734573,SRSG,AEO2026 Counterfactual Baseline case
p30,2042,0.21945097,0.16587706000000002,0.09658681,0.17547079,SRSG,AEO2026 Counterfactual Baseline case
p30,2043,0.22287004,0.16758585,0.09700348,0.17725405,SRSG,AEO2026 Counterfactual Baseline case
p30,2044,0.22679908999999998,0.16977644000000003,0.09779415,0.17941133,SRSG,AEO2026 Counterfactual Baseline case
p30,2045,0.23118787999999998,0.17223648,0.09886656,0.18191288,SRSG,AEO2026 Counterfactual Baseline case
p30,2046,0.23574141999999998,0.17490377,0.10014834,0.18456136999999997,SRSG,AEO2026 Counterfactual Baseline case
p30,2047,0.24060890000000001,0.17778521000000003,0.10154351,0.18745275,SRSG,AEO2026 Counterfactual Baseline case
p30,2048,0.24501369,0.18027463999999999,0.10234584,0.19010850999999998,SRSG,AEO2026 Counterfactual Baseline case
p30,2049,0.24933954,0.18255781,0.10325388,0.19240649999999998,SRSG,AEO2026 Counterfactual Baseline case
p30,2050,0.25444834,0.18564002999999998,0.10472944999999999,0.19547039000000002,SRSG,AEO2026 Counterfactual Baseline case
p31,2014,0.15528633,0.12542554,0.07672785,0.13463136,SRSG,AEO2026 Counterfactual Baseline case
p31,2015,0.15528633,0.12542554,0.07672785,0.13463136,SRSG,AEO2026 Counterfactual Baseline case
p31,2016,0.15528633,0.12542554,0.07672785,0.13463136,SRSG,AEO2026 Counterfactual Baseline case
p31,2017,0.15528633,0.12542554,0.07672785,0.13463136,SRSG,AEO2026 Counterfactual Baseline case
p31,2018,0.15528633,0.12542554,0.07672785,0.13463136,SRSG,AEO2026 Counterfactual Baseline case
p31,2019,0.15528633,0.12542554,0.07672785,0.13463136,SRSG,AEO2026 Counterfactual Baseline case
p31,2020,0.15528633,0.12542554,0.07672785,0.13463136,SRSG,AEO2026 Counterfactual Baseline case
p31,2021,0.15528633,0.12542554,0.07672785,0.13463136,SRSG,AEO2026 Counterfactual Baseline case
p31,2022,0.15528633,0.12542554,0.07672785,0.13463136,SRSG,AEO2026 Counterfactual Baseline case
p31,2023,0.15528633,0.12542554,0.07672785,0.13463136,SRSG,AEO2026 Counterfactual Baseline case
p31,2024,0.15528633,0.12542554,0.07672785,0.13463136,SRSG,AEO2026 Counterfactual Baseline case
p31,2025,0.15528633,0.12542554,0.07672785,0.13463136,SRSG,AEO2026 Counterfactual Baseline case
p31,2026,0.16235943,0.13019474,0.07974967999999999,0.13862001,SRSG,AEO2026 Counterfactual Baseline case
p31,2027,0.16345676,0.12908598,0.07816041,0.13779156,SRSG,AEO2026 Counterfactual Baseline case
p31,2028,0.16308407,0.12826282,0.07699725,0.13648300000000002,SRSG,AEO2026 Counterfactual Baseline case
p31,2029,0.16496391,0.12949080999999998,0.07713162999999999,0.13748839000000002,SRSG,AEO2026 Counterfactual Baseline case
p31,2030,0.16769472,0.13135122000000002,0.07781843000000001,0.13938523,SRSG,AEO2026 Counterfactual Baseline case
p31,2031,0.17158867,0.13451385,0.07993452,0.14217786999999998,SRSG,AEO2026 Counterfactual Baseline case
p31,2032,0.17650352000000002,0.13830406,0.08207157000000001,0.14625759,SRSG,AEO2026 Counterfactual Baseline case
p31,2033,0.18040279,0.14088037,0.08323485,0.14927075,SRSG,AEO2026 Counterfactual Baseline case
p31,2034,0.18225539999999998,0.14115425,0.08339229,0.15013534,SRSG,AEO2026 Counterfactual Baseline case
p31,2035,0.18452953,0.14241245,0.08425034,0.1511979,SRSG,AEO2026 Counterfactual Baseline case
p31,2036,0.18854631000000002,0.14515471,0.08614265,0.15386051,SRSG,AEO2026 Counterfactual Baseline case
p31,2037,0.19522419,0.15036682,0.08974562999999999,0.15896554,SRSG,AEO2026 Counterfactual Baseline case
p31,2038,0.20202957000000002,0.15562281,0.09182620999999999,0.16436804,SRSG,AEO2026 Counterfactual Baseline case
p31,2039,0.20802673,0.15973110000000001,0.09412923,0.16876263000000002,SRSG,AEO2026 Counterfactual Baseline case
p31,2040,0.21236208,0.16222233,0.09536082,0.17153379000000002,SRSG,AEO2026 Counterfactual Baseline case
p31,2041,0.2158498,0.16397901999999998,0.09605275,0.1734573,SRSG,AEO2026 Counterfactual Baseline case
p31,2042,0.21945097,0.16587706000000002,0.09658681,0.17547079,SRSG,AEO2026 Counterfactual Baseline case
p31,2043,0.22287004,0.16758585,0.09700348,0.17725405,SRSG,AEO2026 Counterfactual Baseline case
p31,2044,0.22679908999999998,0.16977644000000003,0.09779415,0.17941133,SRSG,AEO2026 Counterfactual Baseline case
p31,2045,0.23118787999999998,0.17223648,0.09886656,0.18191288,SRSG,AEO2026 Counterfactual Baseline case
p31,2046,0.23574141999999998,0.17490377,0.10014834,0.18456136999999997,SRSG,AEO2026 Counterfactual Baseline case
p31,2047,0.24060890000000001,0.17778521000000003,0.10154351,0.18745275,SRSG,AEO2026 Counterfactual Baseline case
p31,2048,0.24501369,0.18027463999999999,0.10234584,0.19010850999999998,SRSG,AEO2026 Counterfactual Baseline case
p31,2049,0.24933954,0.18255781,0.10325388,0.19240649999999998,SRSG,AEO2026 Counterfactual Baseline case
p31,2050,0.25444834,0.18564002999999998,0.10472944999999999,0.19547039000000002,SRSG,AEO2026 Counterfactual Baseline case
p32,2014,0.12369895,0.09484793,0.07494848,0.09419983,RMRG,AEO2026 Counterfactual Baseline case
p32,2015,0.12369895,0.09484793,0.07494848,0.09419983,RMRG,AEO2026 Counterfactual Baseline case
p32,2016,0.12369895,0.09484793,0.07494848,0.09419983,RMRG,AEO2026 Counterfactual Baseline case
p32,2017,0.12369895,0.09484793,0.07494848,0.09419983,RMRG,AEO2026 Counterfactual Baseline case
p32,2018,0.12369895,0.09484793,0.07494848,0.09419983,RMRG,AEO2026 Counterfactual Baseline case
p32,2019,0.12369895,0.09484793,0.07494848,0.09419983,RMRG,AEO2026 Counterfactual Baseline case
p32,2020,0.12369895,0.09484793,0.07494848,0.09419983,RMRG,AEO2026 Counterfactual Baseline case
p32,2021,0.12369895,0.09484793,0.07494848,0.09419983,RMRG,AEO2026 Counterfactual Baseline case
p32,2022,0.12369895,0.09484793,0.07494848,0.09419983,RMRG,AEO2026 Counterfactual Baseline case
p32,2023,0.12369895,0.09484793,0.07494848,0.09419983,RMRG,AEO2026 Counterfactual Baseline case
p32,2024,0.12369895,0.09484793,0.07494848,0.09419983,RMRG,AEO2026 Counterfactual Baseline case
p32,2025,0.12369895,0.09484793,0.07494848,0.09419983,RMRG,AEO2026 Counterfactual Baseline case
p32,2026,0.12623054,0.09544042,0.07487619,0.09400074,RMRG,AEO2026 Counterfactual Baseline case
p32,2027,0.13350874,0.10054658,0.07994436,0.09897999,RMRG,AEO2026 Counterfactual Baseline case
p32,2028,0.13991531999999998,0.10550701,0.08388341,0.10402046999999999,RMRG,AEO2026 Counterfactual Baseline case
p32,2029,0.14345477,0.10804891,0.08629046000000001,0.10652771,RMRG,AEO2026 Counterfactual Baseline case
p32,2030,0.1502091,0.113912,0.09256311,0.11235608,RMRG,AEO2026 Counterfactual Baseline case
p32,2031,0.15716421,0.11937636,0.09761592999999999,0.11806411,RMRG,AEO2026 Counterfactual Baseline case
p32,2032,0.16638197000000002,0.12765678,0.10645845,0.12646179,RMRG,AEO2026 Counterfactual Baseline case
p32,2033,0.17215137,0.13122247,0.10924785999999999,0.13070126999999998,RMRG,AEO2026 Counterfactual Baseline case
p32,2034,0.17547429999999997,0.13289929,0.11122364,0.13264956,RMRG,AEO2026 Counterfactual Baseline case
p32,2035,0.17904139,0.13484991000000002,0.11329877,0.13485573,RMRG,AEO2026 Counterfactual Baseline case
p32,2036,0.18354181,0.13774406,0.11624762999999999,0.13788292,RMRG,AEO2026 Counterfactual Baseline case
p32,2037,0.18902339999999998,0.14145984,0.11984831,0.14181936,RMRG,AEO2026 Counterfactual Baseline case
p32,2038,0.1933407,0.14409386,0.1221472,0.14469398,RMRG,AEO2026 Counterfactual Baseline case
p32,2039,0.19817993,0.14708717,0.12503067,0.14774555,RMRG,AEO2026 Counterfactual Baseline case
p32,2040,0.20490139,0.15191233,0.12965241,0.15249464,RMRG,AEO2026 Counterfactual Baseline case
p32,2041,0.21019407,0.15466494,0.13182701,0.15546726,RMRG,AEO2026 Counterfactual Baseline case
p32,2042,0.21394728000000002,0.1562703,0.13323863,0.157075,RMRG,AEO2026 Counterfactual Baseline case
p32,2043,0.21790806,0.1580121,0.13469455,0.1588053,RMRG,AEO2026 Counterfactual Baseline case
p32,2044,0.22220241999999998,0.16001337,0.13633729,0.16077524,RMRG,AEO2026 Counterfactual Baseline case
p32,2045,0.22683368999999998,0.16220459,0.13813306,0.16291286,RMRG,AEO2026 Counterfactual Baseline case
p32,2046,0.23178625,0.16474569,0.14026273,0.16535709,RMRG,AEO2026 Counterfactual Baseline case
p32,2047,0.2367256,0.16716964999999998,0.14219254,0.16767822,RMRG,AEO2026 Counterfactual Baseline case
p32,2048,0.24171953,0.16963861000000002,0.14414238,0.17000582,RMRG,AEO2026 Counterfactual Baseline case
p32,2049,0.24701879999999998,0.17226376999999998,0.14613008,0.17255503,RMRG,AEO2026 Counterfactual Baseline case
p32,2050,0.25210749,0.17472729,0.14804946,0.17482107,RMRG,AEO2026 Counterfactual Baseline case
p33,2014,0.12369895,0.09484793,0.07494848,0.09419983,RMRG,AEO2026 Counterfactual Baseline case
p33,2015,0.12369895,0.09484793,0.07494848,0.09419983,RMRG,AEO2026 Counterfactual Baseline case
p33,2016,0.12369895,0.09484793,0.07494848,0.09419983,RMRG,AEO2026 Counterfactual Baseline case
p33,2017,0.12369895,0.09484793,0.07494848,0.09419983,RMRG,AEO2026 Counterfactual Baseline case
p33,2018,0.12369895,0.09484793,0.07494848,0.09419983,RMRG,AEO2026 Counterfactual Baseline case
p33,2019,0.12369895,0.09484793,0.07494848,0.09419983,RMRG,AEO2026 Counterfactual Baseline case
p33,2020,0.12369895,0.09484793,0.07494848,0.09419983,RMRG,AEO2026 Counterfactual Baseline case
p33,2021,0.12369895,0.09484793,0.07494848,0.09419983,RMRG,AEO2026 Counterfactual Baseline case
p33,2022,0.12369895,0.09484793,0.07494848,0.09419983,RMRG,AEO2026 Counterfactual Baseline case
p33,2023,0.12369895,0.09484793,0.07494848,0.09419983,RMRG,AEO2026 Counterfactual Baseline case
p33,2024,0.12369895,0.09484793,0.07494848,0.09419983,RMRG,AEO2026 Counterfactual Baseline case
p33,2025,0.12369895,0.09484793,0.07494848,0.09419983,RMRG,AEO2026 Counterfactual Baseline case
p33,2026,0.12623054,0.09544042,0.07487619,0.09400074,RMRG,AEO2026 Counterfactual Baseline case
p33,2027,0.13350874,0.10054658,0.07994436,0.09897999,RMRG,AEO2026 Counterfactual Baseline case
p33,2028,0.13991531999999998,0.10550701,0.08388341,0.10402046999999999,RMRG,AEO2026 Counterfactual Baseline case
p33,2029,0.14345477,0.10804891,0.08629046000000001,0.10652771,RMRG,AEO2026 Counterfactual Baseline case
p33,2030,0.1502091,0.113912,0.09256311,0.11235608,RMRG,AEO2026 Counterfactual Baseline case
p33,2031,0.15716421,0.11937636,0.09761592999999999,0.11806411,RMRG,AEO2026 Counterfactual Baseline case
p33,2032,0.16638197000000002,0.12765678,0.10645845,0.12646179,RMRG,AEO2026 Counterfactual Baseline case
p33,2033,0.17215137,0.13122247,0.10924785999999999,0.13070126999999998,RMRG,AEO2026 Counterfactual Baseline case
p33,2034,0.17547429999999997,0.13289929,0.11122364,0.13264956,RMRG,AEO2026 Counterfactual Baseline case
p33,2035,0.17904139,0.13484991000000002,0.11329877,0.13485573,RMRG,AEO2026 Counterfactual Baseline case
p33,2036,0.18354181,0.13774406,0.11624762999999999,0.13788292,RMRG,AEO2026 Counterfactual Baseline case
p33,2037,0.18902339999999998,0.14145984,0.11984831,0.14181936,RMRG,AEO2026 Counterfactual Baseline case
p33,2038,0.1933407,0.14409386,0.1221472,0.14469398,RMRG,AEO2026 Counterfactual Baseline case
p33,2039,0.19817993,0.14708717,0.12503067,0.14774555,RMRG,AEO2026 Counterfactual Baseline case
p33,2040,0.20490139,0.15191233,0.12965241,0.15249464,RMRG,AEO2026 Counterfactual Baseline case
p33,2041,0.21019407,0.15466494,0.13182701,0.15546726,RMRG,AEO2026 Counterfactual Baseline case
p33,2042,0.21394728000000002,0.1562703,0.13323863,0.157075,RMRG,AEO2026 Counterfactual Baseline case
p33,2043,0.21790806,0.1580121,0.13469455,0.1588053,RMRG,AEO2026 Counterfactual Baseline case
p33,2044,0.22220241999999998,0.16001337,0.13633729,0.16077524,RMRG,AEO2026 Counterfactual Baseline case
p33,2045,0.22683368999999998,0.16220459,0.13813306,0.16291286,RMRG,AEO2026 Counterfactual Baseline case
p33,2046,0.23178625,0.16474569,0.14026273,0.16535709,RMRG,AEO2026 Counterfactual Baseline case
p33,2047,0.2367256,0.16716964999999998,0.14219254,0.16767822,RMRG,AEO2026 Counterfactual Baseline case
p33,2048,0.24171953,0.16963861000000002,0.14414238,0.17000582,RMRG,AEO2026 Counterfactual Baseline case
p33,2049,0.24701879999999998,0.17226376999999998,0.14613008,0.17255503,RMRG,AEO2026 Counterfactual Baseline case
p33,2050,0.25210749,0.17472729,0.14804946,0.17482107,RMRG,AEO2026 Counterfactual Baseline case
p34,2014,0.12369895,0.09484793,0.07494848,0.09419983,RMRG,AEO2026 Counterfactual Baseline case
p34,2015,0.12369895,0.09484793,0.07494848,0.09419983,RMRG,AEO2026 Counterfactual Baseline case
p34,2016,0.12369895,0.09484793,0.07494848,0.09419983,RMRG,AEO2026 Counterfactual Baseline case
p34,2017,0.12369895,0.09484793,0.07494848,0.09419983,RMRG,AEO2026 Counterfactual Baseline case
p34,2018,0.12369895,0.09484793,0.07494848,0.09419983,RMRG,AEO2026 Counterfactual Baseline case
p34,2019,0.12369895,0.09484793,0.07494848,0.09419983,RMRG,AEO2026 Counterfactual Baseline case
p34,2020,0.12369895,0.09484793,0.07494848,0.09419983,RMRG,AEO2026 Counterfactual Baseline case
p34,2021,0.12369895,0.09484793,0.07494848,0.09419983,RMRG,AEO2026 Counterfactual Baseline case
p34,2022,0.12369895,0.09484793,0.07494848,0.09419983,RMRG,AEO2026 Counterfactual Baseline case
p34,2023,0.12369895,0.09484793,0.07494848,0.09419983,RMRG,AEO2026 Counterfactual Baseline case
p34,2024,0.12369895,0.09484793,0.07494848,0.09419983,RMRG,AEO2026 Counterfactual Baseline case
p34,2025,0.12369895,0.09484793,0.07494848,0.09419983,RMRG,AEO2026 Counterfactual Baseline case
p34,2026,0.12623054,0.09544042,0.07487619,0.09400074,RMRG,AEO2026 Counterfactual Baseline case
p34,2027,0.13350874,0.10054658,0.07994436,0.09897999,RMRG,AEO2026 Counterfactual Baseline case
p34,2028,0.13991531999999998,0.10550701,0.08388341,0.10402046999999999,RMRG,AEO2026 Counterfactual Baseline case
p34,2029,0.14345477,0.10804891,0.08629046000000001,0.10652771,RMRG,AEO2026 Counterfactual Baseline case
p34,2030,0.1502091,0.113912,0.09256311,0.11235608,RMRG,AEO2026 Counterfactual Baseline case
p34,2031,0.15716421,0.11937636,0.09761592999999999,0.11806411,RMRG,AEO2026 Counterfactual Baseline case
p34,2032,0.16638197000000002,0.12765678,0.10645845,0.12646179,RMRG,AEO2026 Counterfactual Baseline case
p34,2033,0.17215137,0.13122247,0.10924785999999999,0.13070126999999998,RMRG,AEO2026 Counterfactual Baseline case
p34,2034,0.17547429999999997,0.13289929,0.11122364,0.13264956,RMRG,AEO2026 Counterfactual Baseline case
p34,2035,0.17904139,0.13484991000000002,0.11329877,0.13485573,RMRG,AEO2026 Counterfactual Baseline case
p34,2036,0.18354181,0.13774406,0.11624762999999999,0.13788292,RMRG,AEO2026 Counterfactual Baseline case
p34,2037,0.18902339999999998,0.14145984,0.11984831,0.14181936,RMRG,AEO2026 Counterfactual Baseline case
p34,2038,0.1933407,0.14409386,0.1221472,0.14469398,RMRG,AEO2026 Counterfactual Baseline case
p34,2039,0.19817993,0.14708717,0.12503067,0.14774555,RMRG,AEO2026 Counterfactual Baseline case
p34,2040,0.20490139,0.15191233,0.12965241,0.15249464,RMRG,AEO2026 Counterfactual Baseline case
p34,2041,0.21019407,0.15466494,0.13182701,0.15546726,RMRG,AEO2026 Counterfactual Baseline case
p34,2042,0.21394728000000002,0.1562703,0.13323863,0.157075,RMRG,AEO2026 Counterfactual Baseline case
p34,2043,0.21790806,0.1580121,0.13469455,0.1588053,RMRG,AEO2026 Counterfactual Baseline case
p34,2044,0.22220241999999998,0.16001337,0.13633729,0.16077524,RMRG,AEO2026 Counterfactual Baseline case
p34,2045,0.22683368999999998,0.16220459,0.13813306,0.16291286,RMRG,AEO2026 Counterfactual Baseline case
p34,2046,0.23178625,0.16474569,0.14026273,0.16535709,RMRG,AEO2026 Counterfactual Baseline case
p34,2047,0.2367256,0.16716964999999998,0.14219254,0.16767822,RMRG,AEO2026 Counterfactual Baseline case
p34,2048,0.24171953,0.16963861000000002,0.14414238,0.17000582,RMRG,AEO2026 Counterfactual Baseline case
p34,2049,0.24701879999999998,0.17226376999999998,0.14613008,0.17255503,RMRG,AEO2026 Counterfactual Baseline case
p34,2050,0.25210749,0.17472729,0.14804946,0.17482107,RMRG,AEO2026 Counterfactual Baseline case
p35,2014,0.10808196,0.08001752,0.07111731,0.09149642,SPPN,AEO2026 Counterfactual Baseline case
p35,2015,0.10808196,0.08001752,0.07111731,0.09149642,SPPN,AEO2026 Counterfactual Baseline case
p35,2016,0.10808196,0.08001752,0.07111731,0.09149642,SPPN,AEO2026 Counterfactual Baseline case
p35,2017,0.10808196,0.08001752,0.07111731,0.09149642,SPPN,AEO2026 Counterfactual Baseline case
p35,2018,0.10808196,0.08001752,0.07111731,0.09149642,SPPN,AEO2026 Counterfactual Baseline case
p35,2019,0.10808196,0.08001752,0.07111731,0.09149642,SPPN,AEO2026 Counterfactual Baseline case
p35,2020,0.10808196,0.08001752,0.07111731,0.09149642,SPPN,AEO2026 Counterfactual Baseline case
p35,2021,0.10808196,0.08001752,0.07111731,0.09149642,SPPN,AEO2026 Counterfactual Baseline case
p35,2022,0.10808196,0.08001752,0.07111731,0.09149642,SPPN,AEO2026 Counterfactual Baseline case
p35,2023,0.10808196,0.08001752,0.07111731,0.09149642,SPPN,AEO2026 Counterfactual Baseline case
p35,2024,0.10808196,0.08001752,0.07111731,0.09149642,SPPN,AEO2026 Counterfactual Baseline case
p35,2025,0.10808196,0.08001752,0.07111731,0.09149642,SPPN,AEO2026 Counterfactual Baseline case
p35,2026,0.11172593000000001,0.08244604000000001,0.07342311,0.09441295999999999,SPPN,AEO2026 Counterfactual Baseline case
p35,2027,0.11471189000000001,0.08357702,0.07393744,0.09543683,SPPN,AEO2026 Counterfactual Baseline case
p35,2028,0.12007214,0.08771881000000001,0.07782682,0.09981348000000001,SPPN,AEO2026 Counterfactual Baseline case
p35,2029,0.12487843,0.09147029,0.08104851,0.10389884,SPPN,AEO2026 Counterfactual Baseline case
p35,2030,0.12663984,0.09257911,0.08111197,0.10552774,SPPN,AEO2026 Counterfactual Baseline case
p35,2031,0.13432433,0.09837953,0.08686026,0.11217886,SPPN,AEO2026 Counterfactual Baseline case
p35,2032,0.1485076,0.10923104,0.09885348000000001,0.12409413000000001,SPPN,AEO2026 Counterfactual Baseline case
p35,2033,0.15603432,0.11476249,0.10426102,0.13075583999999998,SPPN,AEO2026 Counterfactual Baseline case
p35,2034,0.16008734,0.11718271,0.10679244,0.13375883,SPPN,AEO2026 Counterfactual Baseline case
p35,2035,0.16398423999999998,0.11955292999999999,0.10937561999999999,0.13672625,SPPN,AEO2026 Counterfactual Baseline case
p35,2036,0.16771481000000002,0.12177298,0.11170877000000001,0.13948473,SPPN,AEO2026 Counterfactual Baseline case
p35,2037,0.17131926,0.12388186,0.11388219,0.14207102000000002,SPPN,AEO2026 Counterfactual Baseline case
p35,2038,0.1763015,0.1272145,0.11734644,0.14591381,SPPN,AEO2026 Counterfactual Baseline case
p35,2039,0.18949572,0.13714691,0.1281613,0.15674512,SPPN,AEO2026 Counterfactual Baseline case
p35,2040,0.19555017,0.14133462,0.13199731,0.16180793999999998,SPPN,AEO2026 Counterfactual Baseline case
p35,2041,0.19991468,0.14409044,0.13466154,0.1650075,SPPN,AEO2026 Counterfactual Baseline case
p35,2042,0.21039577,0.15193974000000002,0.14297934,0.17348593,SPPN,AEO2026 Counterfactual Baseline case
p35,2043,0.21543520000000002,0.15529692,0.1459967,0.17749119,SPPN,AEO2026 Counterfactual Baseline case
p35,2044,0.21947903,0.15794036,0.14842196,0.18046152,SPPN,AEO2026 Counterfactual Baseline case
p35,2045,0.22356958,0.16050076000000002,0.15087752999999998,0.18320955000000003,SPPN,AEO2026 Counterfactual Baseline case
p35,2046,0.22681664999999998,0.16233133,0.15269456,0.18503150999999998,SPPN,AEO2026 Counterfactual Baseline case
p35,2047,0.23102426999999998,0.16498493,0.1551553,0.18789532,SPPN,AEO2026 Counterfactual Baseline case
p35,2048,0.23515007000000002,0.16759251,0.15755008,0.19067261,SPPN,AEO2026 Counterfactual Baseline case
p35,2049,0.23993834,0.17076506,0.16039524,0.19415426,SPPN,AEO2026 Counterfactual Baseline case
p35,2050,0.2448649,0.17404816,0.16335079,0.19777292,SPPN,AEO2026 Counterfactual Baseline case
p36,2014,0.10808196,0.08001752,0.07111731,0.09149642,SPPN,AEO2026 Counterfactual Baseline case
p36,2015,0.10808196,0.08001752,0.07111731,0.09149642,SPPN,AEO2026 Counterfactual Baseline case
p36,2016,0.10808196,0.08001752,0.07111731,0.09149642,SPPN,AEO2026 Counterfactual Baseline case
p36,2017,0.10808196,0.08001752,0.07111731,0.09149642,SPPN,AEO2026 Counterfactual Baseline case
p36,2018,0.10808196,0.08001752,0.07111731,0.09149642,SPPN,AEO2026 Counterfactual Baseline case
p36,2019,0.10808196,0.08001752,0.07111731,0.09149642,SPPN,AEO2026 Counterfactual Baseline case
p36,2020,0.10808196,0.08001752,0.07111731,0.09149642,SPPN,AEO2026 Counterfactual Baseline case
p36,2021,0.10808196,0.08001752,0.07111731,0.09149642,SPPN,AEO2026 Counterfactual Baseline case
p36,2022,0.10808196,0.08001752,0.07111731,0.09149642,SPPN,AEO2026 Counterfactual Baseline case
p36,2023,0.10808196,0.08001752,0.07111731,0.09149642,SPPN,AEO2026 Counterfactual Baseline case
p36,2024,0.10808196,0.08001752,0.07111731,0.09149642,SPPN,AEO2026 Counterfactual Baseline case
p36,2025,0.10808196,0.08001752,0.07111731,0.09149642,SPPN,AEO2026 Counterfactual Baseline case
p36,2026,0.11172593000000001,0.08244604000000001,0.07342311,0.09441295999999999,SPPN,AEO2026 Counterfactual Baseline case
p36,2027,0.11471189000000001,0.08357702,0.07393744,0.09543683,SPPN,AEO2026 Counterfactual Baseline case
p36,2028,0.12007214,0.08771881000000001,0.07782682,0.09981348000000001,SPPN,AEO2026 Counterfactual Baseline case
p36,2029,0.12487843,0.09147029,0.08104851,0.10389884,SPPN,AEO2026 Counterfactual Baseline case
p36,2030,0.12663984,0.09257911,0.08111197,0.10552774,SPPN,AEO2026 Counterfactual Baseline case
p36,2031,0.13432433,0.09837953,0.08686026,0.11217886,SPPN,AEO2026 Counterfactual Baseline case
p36,2032,0.1485076,0.10923104,0.09885348000000001,0.12409413000000001,SPPN,AEO2026 Counterfactual Baseline case
p36,2033,0.15603432,0.11476249,0.10426102,0.13075583999999998,SPPN,AEO2026 Counterfactual Baseline case
p36,2034,0.16008734,0.11718271,0.10679244,0.13375883,SPPN,AEO2026 Counterfactual Baseline case
p36,2035,0.16398423999999998,0.11955292999999999,0.10937561999999999,0.13672625,SPPN,AEO2026 Counterfactual Baseline case
p36,2036,0.16771481000000002,0.12177298,0.11170877000000001,0.13948473,SPPN,AEO2026 Counterfactual Baseline case
p36,2037,0.17131926,0.12388186,0.11388219,0.14207102000000002,SPPN,AEO2026 Counterfactual Baseline case
p36,2038,0.1763015,0.1272145,0.11734644,0.14591381,SPPN,AEO2026 Counterfactual Baseline case
p36,2039,0.18949572,0.13714691,0.1281613,0.15674512,SPPN,AEO2026 Counterfactual Baseline case
p36,2040,0.19555017,0.14133462,0.13199731,0.16180793999999998,SPPN,AEO2026 Counterfactual Baseline case
p36,2041,0.19991468,0.14409044,0.13466154,0.1650075,SPPN,AEO2026 Counterfactual Baseline case
p36,2042,0.21039577,0.15193974000000002,0.14297934,0.17348593,SPPN,AEO2026 Counterfactual Baseline case
p36,2043,0.21543520000000002,0.15529692,0.1459967,0.17749119,SPPN,AEO2026 Counterfactual Baseline case
p36,2044,0.21947903,0.15794036,0.14842196,0.18046152,SPPN,AEO2026 Counterfactual Baseline case
p36,2045,0.22356958,0.16050076000000002,0.15087752999999998,0.18320955000000003,SPPN,AEO2026 Counterfactual Baseline case
p36,2046,0.22681664999999998,0.16233133,0.15269456,0.18503150999999998,SPPN,AEO2026 Counterfactual Baseline case
p36,2047,0.23102426999999998,0.16498493,0.1551553,0.18789532,SPPN,AEO2026 Counterfactual Baseline case
p36,2048,0.23515007000000002,0.16759251,0.15755008,0.19067261,SPPN,AEO2026 Counterfactual Baseline case
p36,2049,0.23993834,0.17076506,0.16039524,0.19415426,SPPN,AEO2026 Counterfactual Baseline case
p36,2050,0.2448649,0.17404816,0.16335079,0.19777292,SPPN,AEO2026 Counterfactual Baseline case
p37,2014,0.10808196,0.08001752,0.07111731,0.09149642,SPPN,AEO2026 Counterfactual Baseline case
p37,2015,0.10808196,0.08001752,0.07111731,0.09149642,SPPN,AEO2026 Counterfactual Baseline case
p37,2016,0.10808196,0.08001752,0.07111731,0.09149642,SPPN,AEO2026 Counterfactual Baseline case
p37,2017,0.10808196,0.08001752,0.07111731,0.09149642,SPPN,AEO2026 Counterfactual Baseline case
p37,2018,0.10808196,0.08001752,0.07111731,0.09149642,SPPN,AEO2026 Counterfactual Baseline case
p37,2019,0.10808196,0.08001752,0.07111731,0.09149642,SPPN,AEO2026 Counterfactual Baseline case
p37,2020,0.10808196,0.08001752,0.07111731,0.09149642,SPPN,AEO2026 Counterfactual Baseline case
p37,2021,0.10808196,0.08001752,0.07111731,0.09149642,SPPN,AEO2026 Counterfactual Baseline case
p37,2022,0.10808196,0.08001752,0.07111731,0.09149642,SPPN,AEO2026 Counterfactual Baseline case
p37,2023,0.10808196,0.08001752,0.07111731,0.09149642,SPPN,AEO2026 Counterfactual Baseline case
p37,2024,0.10808196,0.08001752,0.07111731,0.09149642,SPPN,AEO2026 Counterfactual Baseline case
p37,2025,0.10808196,0.08001752,0.07111731,0.09149642,SPPN,AEO2026 Counterfactual Baseline case
p37,2026,0.11172593000000001,0.08244604000000001,0.07342311,0.09441295999999999,SPPN,AEO2026 Counterfactual Baseline case
p37,2027,0.11471189000000001,0.08357702,0.07393744,0.09543683,SPPN,AEO2026 Counterfactual Baseline case
p37,2028,0.12007214,0.08771881000000001,0.07782682,0.09981348000000001,SPPN,AEO2026 Counterfactual Baseline case
p37,2029,0.12487843,0.09147029,0.08104851,0.10389884,SPPN,AEO2026 Counterfactual Baseline case
p37,2030,0.12663984,0.09257911,0.08111197,0.10552774,SPPN,AEO2026 Counterfactual Baseline case
p37,2031,0.13432433,0.09837953,0.08686026,0.11217886,SPPN,AEO2026 Counterfactual Baseline case
p37,2032,0.1485076,0.10923104,0.09885348000000001,0.12409413000000001,SPPN,AEO2026 Counterfactual Baseline case
p37,2033,0.15603432,0.11476249,0.10426102,0.13075583999999998,SPPN,AEO2026 Counterfactual Baseline case
p37,2034,0.16008734,0.11718271,0.10679244,0.13375883,SPPN,AEO2026 Counterfactual Baseline case
p37,2035,0.16398423999999998,0.11955292999999999,0.10937561999999999,0.13672625,SPPN,AEO2026 Counterfactual Baseline case
p37,2036,0.16771481000000002,0.12177298,0.11170877000000001,0.13948473,SPPN,AEO2026 Counterfactual Baseline case
p37,2037,0.17131926,0.12388186,0.11388219,0.14207102000000002,SPPN,AEO2026 Counterfactual Baseline case
p37,2038,0.1763015,0.1272145,0.11734644,0.14591381,SPPN,AEO2026 Counterfactual Baseline case
p37,2039,0.18949572,0.13714691,0.1281613,0.15674512,SPPN,AEO2026 Counterfactual Baseline case
p37,2040,0.19555017,0.14133462,0.13199731,0.16180793999999998,SPPN,AEO2026 Counterfactual Baseline case
p37,2041,0.19991468,0.14409044,0.13466154,0.1650075,SPPN,AEO2026 Counterfactual Baseline case
p37,2042,0.21039577,0.15193974000000002,0.14297934,0.17348593,SPPN,AEO2026 Counterfactual Baseline case
p37,2043,0.21543520000000002,0.15529692,0.1459967,0.17749119,SPPN,AEO2026 Counterfactual Baseline case
p37,2044,0.21947903,0.15794036,0.14842196,0.18046152,SPPN,AEO2026 Counterfactual Baseline case
p37,2045,0.22356958,0.16050076000000002,0.15087752999999998,0.18320955000000003,SPPN,AEO2026 Counterfactual Baseline case
p37,2046,0.22681664999999998,0.16233133,0.15269456,0.18503150999999998,SPPN,AEO2026 Counterfactual Baseline case
p37,2047,0.23102426999999998,0.16498493,0.1551553,0.18789532,SPPN,AEO2026 Counterfactual Baseline case
p37,2048,0.23515007000000002,0.16759251,0.15755008,0.19067261,SPPN,AEO2026 Counterfactual Baseline case
p37,2049,0.23993834,0.17076506,0.16039524,0.19415426,SPPN,AEO2026 Counterfactual Baseline case
p37,2050,0.2448649,0.17404816,0.16335079,0.19777292,SPPN,AEO2026 Counterfactual Baseline case
p38,2014,0.10808196,0.08001752,0.07111731,0.09149642,SPPN,AEO2026 Counterfactual Baseline case
p38,2015,0.10808196,0.08001752,0.07111731,0.09149642,SPPN,AEO2026 Counterfactual Baseline case
p38,2016,0.10808196,0.08001752,0.07111731,0.09149642,SPPN,AEO2026 Counterfactual Baseline case
p38,2017,0.10808196,0.08001752,0.07111731,0.09149642,SPPN,AEO2026 Counterfactual Baseline case
p38,2018,0.10808196,0.08001752,0.07111731,0.09149642,SPPN,AEO2026 Counterfactual Baseline case
p38,2019,0.10808196,0.08001752,0.07111731,0.09149642,SPPN,AEO2026 Counterfactual Baseline case
p38,2020,0.10808196,0.08001752,0.07111731,0.09149642,SPPN,AEO2026 Counterfactual Baseline case
p38,2021,0.10808196,0.08001752,0.07111731,0.09149642,SPPN,AEO2026 Counterfactual Baseline case
p38,2022,0.10808196,0.08001752,0.07111731,0.09149642,SPPN,AEO2026 Counterfactual Baseline case
p38,2023,0.10808196,0.08001752,0.07111731,0.09149642,SPPN,AEO2026 Counterfactual Baseline case
p38,2024,0.10808196,0.08001752,0.07111731,0.09149642,SPPN,AEO2026 Counterfactual Baseline case
p38,2025,0.10808196,0.08001752,0.07111731,0.09149642,SPPN,AEO2026 Counterfactual Baseline case
p38,2026,0.11172593000000001,0.08244604000000001,0.07342311,0.09441295999999999,SPPN,AEO2026 Counterfactual Baseline case
p38,2027,0.11471189000000001,0.08357702,0.07393744,0.09543683,SPPN,AEO2026 Counterfactual Baseline case
p38,2028,0.12007214,0.08771881000000001,0.07782682,0.09981348000000001,SPPN,AEO2026 Counterfactual Baseline case
p38,2029,0.12487843,0.09147029,0.08104851,0.10389884,SPPN,AEO2026 Counterfactual Baseline case
p38,2030,0.12663984,0.09257911,0.08111197,0.10552774,SPPN,AEO2026 Counterfactual Baseline case
p38,2031,0.13432433,0.09837953,0.08686026,0.11217886,SPPN,AEO2026 Counterfactual Baseline case
p38,2032,0.1485076,0.10923104,0.09885348000000001,0.12409413000000001,SPPN,AEO2026 Counterfactual Baseline case
p38,2033,0.15603432,0.11476249,0.10426102,0.13075583999999998,SPPN,AEO2026 Counterfactual Baseline case
p38,2034,0.16008734,0.11718271,0.10679244,0.13375883,SPPN,AEO2026 Counterfactual Baseline case
p38,2035,0.16398423999999998,0.11955292999999999,0.10937561999999999,0.13672625,SPPN,AEO2026 Counterfactual Baseline case
p38,2036,0.16771481000000002,0.12177298,0.11170877000000001,0.13948473,SPPN,AEO2026 Counterfactual Baseline case
p38,2037,0.17131926,0.12388186,0.11388219,0.14207102000000002,SPPN,AEO2026 Counterfactual Baseline case
p38,2038,0.1763015,0.1272145,0.11734644,0.14591381,SPPN,AEO2026 Counterfactual Baseline case
p38,2039,0.18949572,0.13714691,0.1281613,0.15674512,SPPN,AEO2026 Counterfactual Baseline case
p38,2040,0.19555017,0.14133462,0.13199731,0.16180793999999998,SPPN,AEO2026 Counterfactual Baseline case
p38,2041,0.19991468,0.14409044,0.13466154,0.1650075,SPPN,AEO2026 Counterfactual Baseline case
p38,2042,0.21039577,0.15193974000000002,0.14297934,0.17348593,SPPN,AEO2026 Counterfactual Baseline case
p38,2043,0.21543520000000002,0.15529692,0.1459967,0.17749119,SPPN,AEO2026 Counterfactual Baseline case
p38,2044,0.21947903,0.15794036,0.14842196,0.18046152,SPPN,AEO2026 Counterfactual Baseline case
p38,2045,0.22356958,0.16050076000000002,0.15087752999999998,0.18320955000000003,SPPN,AEO2026 Counterfactual Baseline case
p38,2046,0.22681664999999998,0.16233133,0.15269456,0.18503150999999998,SPPN,AEO2026 Counterfactual Baseline case
p38,2047,0.23102426999999998,0.16498493,0.1551553,0.18789532,SPPN,AEO2026 Counterfactual Baseline case
p38,2048,0.23515007000000002,0.16759251,0.15755008,0.19067261,SPPN,AEO2026 Counterfactual Baseline case
p38,2049,0.23993834,0.17076506,0.16039524,0.19415426,SPPN,AEO2026 Counterfactual Baseline case
p38,2050,0.2448649,0.17404816,0.16335079,0.19777292,SPPN,AEO2026 Counterfactual Baseline case
p39,2014,0.12369895,0.09484793,0.07494848,0.09419983,RMRG,AEO2026 Counterfactual Baseline case
p39,2015,0.12369895,0.09484793,0.07494848,0.09419983,RMRG,AEO2026 Counterfactual Baseline case
p39,2016,0.12369895,0.09484793,0.07494848,0.09419983,RMRG,AEO2026 Counterfactual Baseline case
p39,2017,0.12369895,0.09484793,0.07494848,0.09419983,RMRG,AEO2026 Counterfactual Baseline case
p39,2018,0.12369895,0.09484793,0.07494848,0.09419983,RMRG,AEO2026 Counterfactual Baseline case
p39,2019,0.12369895,0.09484793,0.07494848,0.09419983,RMRG,AEO2026 Counterfactual Baseline case
p39,2020,0.12369895,0.09484793,0.07494848,0.09419983,RMRG,AEO2026 Counterfactual Baseline case
p39,2021,0.12369895,0.09484793,0.07494848,0.09419983,RMRG,AEO2026 Counterfactual Baseline case
p39,2022,0.12369895,0.09484793,0.07494848,0.09419983,RMRG,AEO2026 Counterfactual Baseline case
p39,2023,0.12369895,0.09484793,0.07494848,0.09419983,RMRG,AEO2026 Counterfactual Baseline case
p39,2024,0.12369895,0.09484793,0.07494848,0.09419983,RMRG,AEO2026 Counterfactual Baseline case
p39,2025,0.12369895,0.09484793,0.07494848,0.09419983,RMRG,AEO2026 Counterfactual Baseline case
p39,2026,0.12623054,0.09544042,0.07487619,0.09400074,RMRG,AEO2026 Counterfactual Baseline case
p39,2027,0.13350874,0.10054658,0.07994436,0.09897999,RMRG,AEO2026 Counterfactual Baseline case
p39,2028,0.13991531999999998,0.10550701,0.08388341,0.10402046999999999,RMRG,AEO2026 Counterfactual Baseline case
p39,2029,0.14345477,0.10804891,0.08629046000000001,0.10652771,RMRG,AEO2026 Counterfactual Baseline case
p39,2030,0.1502091,0.113912,0.09256311,0.11235608,RMRG,AEO2026 Counterfactual Baseline case
p39,2031,0.15716421,0.11937636,0.09761592999999999,0.11806411,RMRG,AEO2026 Counterfactual Baseline case
p39,2032,0.16638197000000002,0.12765678,0.10645845,0.12646179,RMRG,AEO2026 Counterfactual Baseline case
p39,2033,0.17215137,0.13122247,0.10924785999999999,0.13070126999999998,RMRG,AEO2026 Counterfactual Baseline case
p39,2034,0.17547429999999997,0.13289929,0.11122364,0.13264956,RMRG,AEO2026 Counterfactual Baseline case
p39,2035,0.17904139,0.13484991000000002,0.11329877,0.13485573,RMRG,AEO2026 Counterfactual Baseline case
p39,2036,0.18354181,0.13774406,0.11624762999999999,0.13788292,RMRG,AEO2026 Counterfactual Baseline case
p39,2037,0.18902339999999998,0.14145984,0.11984831,0.14181936,RMRG,AEO2026 Counterfactual Baseline case
p39,2038,0.1933407,0.14409386,0.1221472,0.14469398,RMRG,AEO2026 Counterfactual Baseline case
p39,2039,0.19817993,0.14708717,0.12503067,0.14774555,RMRG,AEO2026 Counterfactual Baseline case
p39,2040,0.20490139,0.15191233,0.12965241,0.15249464,RMRG,AEO2026 Counterfactual Baseline case
p39,2041,0.21019407,0.15466494,0.13182701,0.15546726,RMRG,AEO2026 Counterfactual Baseline case
p39,2042,0.21394728000000002,0.1562703,0.13323863,0.157075,RMRG,AEO2026 Counterfactual Baseline case
p39,2043,0.21790806,0.1580121,0.13469455,0.1588053,RMRG,AEO2026 Counterfactual Baseline case
p39,2044,0.22220241999999998,0.16001337,0.13633729,0.16077524,RMRG,AEO2026 Counterfactual Baseline case
p39,2045,0.22683368999999998,0.16220459,0.13813306,0.16291286,RMRG,AEO2026 Counterfactual Baseline case
p39,2046,0.23178625,0.16474569,0.14026273,0.16535709,RMRG,AEO2026 Counterfactual Baseline case
p39,2047,0.2367256,0.16716964999999998,0.14219254,0.16767822,RMRG,AEO2026 Counterfactual Baseline case
p39,2048,0.24171953,0.16963861000000002,0.14414238,0.17000582,RMRG,AEO2026 Counterfactual Baseline case
p39,2049,0.24701879999999998,0.17226376999999998,0.14613008,0.17255503,RMRG,AEO2026 Counterfactual Baseline case
p39,2050,0.25210749,0.17472729,0.14804946,0.17482107,RMRG,AEO2026 Counterfactual Baseline case
p40,2014,0.10808196,0.08001752,0.07111731,0.09149642,SPPN,AEO2026 Counterfactual Baseline case
p40,2015,0.10808196,0.08001752,0.07111731,0.09149642,SPPN,AEO2026 Counterfactual Baseline case
p40,2016,0.10808196,0.08001752,0.07111731,0.09149642,SPPN,AEO2026 Counterfactual Baseline case
p40,2017,0.10808196,0.08001752,0.07111731,0.09149642,SPPN,AEO2026 Counterfactual Baseline case
p40,2018,0.10808196,0.08001752,0.07111731,0.09149642,SPPN,AEO2026 Counterfactual Baseline case
p40,2019,0.10808196,0.08001752,0.07111731,0.09149642,SPPN,AEO2026 Counterfactual Baseline case
p40,2020,0.10808196,0.08001752,0.07111731,0.09149642,SPPN,AEO2026 Counterfactual Baseline case
p40,2021,0.10808196,0.08001752,0.07111731,0.09149642,SPPN,AEO2026 Counterfactual Baseline case
p40,2022,0.10808196,0.08001752,0.07111731,0.09149642,SPPN,AEO2026 Counterfactual Baseline case
p40,2023,0.10808196,0.08001752,0.07111731,0.09149642,SPPN,AEO2026 Counterfactual Baseline case
p40,2024,0.10808196,0.08001752,0.07111731,0.09149642,SPPN,AEO2026 Counterfactual Baseline case
p40,2025,0.10808196,0.08001752,0.07111731,0.09149642,SPPN,AEO2026 Counterfactual Baseline case
p40,2026,0.11172593000000001,0.08244604000000001,0.07342311,0.09441295999999999,SPPN,AEO2026 Counterfactual Baseline case
p40,2027,0.11471189000000001,0.08357702,0.07393744,0.09543683,SPPN,AEO2026 Counterfactual Baseline case
p40,2028,0.12007214,0.08771881000000001,0.07782682,0.09981348000000001,SPPN,AEO2026 Counterfactual Baseline case
p40,2029,0.12487843,0.09147029,0.08104851,0.10389884,SPPN,AEO2026 Counterfactual Baseline case
p40,2030,0.12663984,0.09257911,0.08111197,0.10552774,SPPN,AEO2026 Counterfactual Baseline case
p40,2031,0.13432433,0.09837953,0.08686026,0.11217886,SPPN,AEO2026 Counterfactual Baseline case
p40,2032,0.1485076,0.10923104,0.09885348000000001,0.12409413000000001,SPPN,AEO2026 Counterfactual Baseline case
p40,2033,0.15603432,0.11476249,0.10426102,0.13075583999999998,SPPN,AEO2026 Counterfactual Baseline case
p40,2034,0.16008734,0.11718271,0.10679244,0.13375883,SPPN,AEO2026 Counterfactual Baseline case
p40,2035,0.16398423999999998,0.11955292999999999,0.10937561999999999,0.13672625,SPPN,AEO2026 Counterfactual Baseline case
p40,2036,0.16771481000000002,0.12177298,0.11170877000000001,0.13948473,SPPN,AEO2026 Counterfactual Baseline case
p40,2037,0.17131926,0.12388186,0.11388219,0.14207102000000002,SPPN,AEO2026 Counterfactual Baseline case
p40,2038,0.1763015,0.1272145,0.11734644,0.14591381,SPPN,AEO2026 Counterfactual Baseline case
p40,2039,0.18949572,0.13714691,0.1281613,0.15674512,SPPN,AEO2026 Counterfactual Baseline case
p40,2040,0.19555017,0.14133462,0.13199731,0.16180793999999998,SPPN,AEO2026 Counterfactual Baseline case
p40,2041,0.19991468,0.14409044,0.13466154,0.1650075,SPPN,AEO2026 Counterfactual Baseline case
p40,2042,0.21039577,0.15193974000000002,0.14297934,0.17348593,SPPN,AEO2026 Counterfactual Baseline case
p40,2043,0.21543520000000002,0.15529692,0.1459967,0.17749119,SPPN,AEO2026 Counterfactual Baseline case
p40,2044,0.21947903,0.15794036,0.14842196,0.18046152,SPPN,AEO2026 Counterfactual Baseline case
p40,2045,0.22356958,0.16050076000000002,0.15087752999999998,0.18320955000000003,SPPN,AEO2026 Counterfactual Baseline case
p40,2046,0.22681664999999998,0.16233133,0.15269456,0.18503150999999998,SPPN,AEO2026 Counterfactual Baseline case
p40,2047,0.23102426999999998,0.16498493,0.1551553,0.18789532,SPPN,AEO2026 Counterfactual Baseline case
p40,2048,0.23515007000000002,0.16759251,0.15755008,0.19067261,SPPN,AEO2026 Counterfactual Baseline case
p40,2049,0.23993834,0.17076506,0.16039524,0.19415426,SPPN,AEO2026 Counterfactual Baseline case
p40,2050,0.2448649,0.17404816,0.16335079,0.19777292,SPPN,AEO2026 Counterfactual Baseline case
p41,2014,0.10808196,0.08001752,0.07111731,0.09149642,SPPN,AEO2026 Counterfactual Baseline case
p41,2015,0.10808196,0.08001752,0.07111731,0.09149642,SPPN,AEO2026 Counterfactual Baseline case
p41,2016,0.10808196,0.08001752,0.07111731,0.09149642,SPPN,AEO2026 Counterfactual Baseline case
p41,2017,0.10808196,0.08001752,0.07111731,0.09149642,SPPN,AEO2026 Counterfactual Baseline case
p41,2018,0.10808196,0.08001752,0.07111731,0.09149642,SPPN,AEO2026 Counterfactual Baseline case
p41,2019,0.10808196,0.08001752,0.07111731,0.09149642,SPPN,AEO2026 Counterfactual Baseline case
p41,2020,0.10808196,0.08001752,0.07111731,0.09149642,SPPN,AEO2026 Counterfactual Baseline case
p41,2021,0.10808196,0.08001752,0.07111731,0.09149642,SPPN,AEO2026 Counterfactual Baseline case
p41,2022,0.10808196,0.08001752,0.07111731,0.09149642,SPPN,AEO2026 Counterfactual Baseline case
p41,2023,0.10808196,0.08001752,0.07111731,0.09149642,SPPN,AEO2026 Counterfactual Baseline case
p41,2024,0.10808196,0.08001752,0.07111731,0.09149642,SPPN,AEO2026 Counterfactual Baseline case
p41,2025,0.10808196,0.08001752,0.07111731,0.09149642,SPPN,AEO2026 Counterfactual Baseline case
p41,2026,0.11172593000000001,0.08244604000000001,0.07342311,0.09441295999999999,SPPN,AEO2026 Counterfactual Baseline case
p41,2027,0.11471189000000001,0.08357702,0.07393744,0.09543683,SPPN,AEO2026 Counterfactual Baseline case
p41,2028,0.12007214,0.08771881000000001,0.07782682,0.09981348000000001,SPPN,AEO2026 Counterfactual Baseline case
p41,2029,0.12487843,0.09147029,0.08104851,0.10389884,SPPN,AEO2026 Counterfactual Baseline case
p41,2030,0.12663984,0.09257911,0.08111197,0.10552774,SPPN,AEO2026 Counterfactual Baseline case
p41,2031,0.13432433,0.09837953,0.08686026,0.11217886,SPPN,AEO2026 Counterfactual Baseline case
p41,2032,0.1485076,0.10923104,0.09885348000000001,0.12409413000000001,SPPN,AEO2026 Counterfactual Baseline case
p41,2033,0.15603432,0.11476249,0.10426102,0.13075583999999998,SPPN,AEO2026 Counterfactual Baseline case
p41,2034,0.16008734,0.11718271,0.10679244,0.13375883,SPPN,AEO2026 Counterfactual Baseline case
p41,2035,0.16398423999999998,0.11955292999999999,0.10937561999999999,0.13672625,SPPN,AEO2026 Counterfactual Baseline case
p41,2036,0.16771481000000002,0.12177298,0.11170877000000001,0.13948473,SPPN,AEO2026 Counterfactual Baseline case
p41,2037,0.17131926,0.12388186,0.11388219,0.14207102000000002,SPPN,AEO2026 Counterfactual Baseline case
p41,2038,0.1763015,0.1272145,0.11734644,0.14591381,SPPN,AEO2026 Counterfactual Baseline case
p41,2039,0.18949572,0.13714691,0.1281613,0.15674512,SPPN,AEO2026 Counterfactual Baseline case
p41,2040,0.19555017,0.14133462,0.13199731,0.16180793999999998,SPPN,AEO2026 Counterfactual Baseline case
p41,2041,0.19991468,0.14409044,0.13466154,0.1650075,SPPN,AEO2026 Counterfactual Baseline case
p41,2042,0.21039577,0.15193974000000002,0.14297934,0.17348593,SPPN,AEO2026 Counterfactual Baseline case
p41,2043,0.21543520000000002,0.15529692,0.1459967,0.17749119,SPPN,AEO2026 Counterfactual Baseline case
p41,2044,0.21947903,0.15794036,0.14842196,0.18046152,SPPN,AEO2026 Counterfactual Baseline case
p41,2045,0.22356958,0.16050076000000002,0.15087752999999998,0.18320955000000003,SPPN,AEO2026 Counterfactual Baseline case
p41,2046,0.22681664999999998,0.16233133,0.15269456,0.18503150999999998,SPPN,AEO2026 Counterfactual Baseline case
p41,2047,0.23102426999999998,0.16498493,0.1551553,0.18789532,SPPN,AEO2026 Counterfactual Baseline case
p41,2048,0.23515007000000002,0.16759251,0.15755008,0.19067261,SPPN,AEO2026 Counterfactual Baseline case
p41,2049,0.23993834,0.17076506,0.16039524,0.19415426,SPPN,AEO2026 Counterfactual Baseline case
p41,2050,0.2448649,0.17404816,0.16335079,0.19777292,SPPN,AEO2026 Counterfactual Baseline case
p42,2014,0.16259731,0.12205439,0.08591856999999999,0.13098693,MISW,AEO2026 Counterfactual Baseline case
p42,2015,0.16259731,0.12205439,0.08591856999999999,0.13098693,MISW,AEO2026 Counterfactual Baseline case
p42,2016,0.16259731,0.12205439,0.08591856999999999,0.13098693,MISW,AEO2026 Counterfactual Baseline case
p42,2017,0.16259731,0.12205439,0.08591856999999999,0.13098693,MISW,AEO2026 Counterfactual Baseline case
p42,2018,0.16259731,0.12205439,0.08591856999999999,0.13098693,MISW,AEO2026 Counterfactual Baseline case
p42,2019,0.16259731,0.12205439,0.08591856999999999,0.13098693,MISW,AEO2026 Counterfactual Baseline case
p42,2020,0.16259731,0.12205439,0.08591856999999999,0.13098693,MISW,AEO2026 Counterfactual Baseline case
p42,2021,0.16259731,0.12205439,0.08591856999999999,0.13098693,MISW,AEO2026 Counterfactual Baseline case
p42,2022,0.16259731,0.12205439,0.08591856999999999,0.13098693,MISW,AEO2026 Counterfactual Baseline case
p42,2023,0.16259731,0.12205439,0.08591856999999999,0.13098693,MISW,AEO2026 Counterfactual Baseline case
p42,2024,0.16259731,0.12205439,0.08591856999999999,0.13098693,MISW,AEO2026 Counterfactual Baseline case
p42,2025,0.16259731,0.12205439,0.08591856999999999,0.13098693,MISW,AEO2026 Counterfactual Baseline case
p42,2026,0.16806028,0.12475109,0.08891837000000001,0.13481097,MISW,AEO2026 Counterfactual Baseline case
p42,2027,0.16409880000000002,0.1213316,0.08382222,0.13105608,MISW,AEO2026 Counterfactual Baseline case
p42,2028,0.16207203,0.11924332,0.08261283999999999,0.12815911,MISW,AEO2026 Counterfactual Baseline case
p42,2029,0.16515892000000001,0.12184049,0.08439500999999999,0.13050419,MISW,AEO2026 Counterfactual Baseline case
p42,2030,0.17100529,0.12627204,0.08833937,0.13493138999999998,MISW,AEO2026 Counterfactual Baseline case
p42,2031,0.17753557,0.13147259,0.09243567999999999,0.14044533,MISW,AEO2026 Counterfactual Baseline case
p42,2032,0.18930141,0.1394485,0.10145426,0.14891672,MISW,AEO2026 Counterfactual Baseline case
p42,2033,0.19808810999999998,0.14665606,0.10626595,0.15723710999999999,MISW,AEO2026 Counterfactual Baseline case
p42,2034,0.20129667,0.1484685,0.10810196,0.15964581,MISW,AEO2026 Counterfactual Baseline case
p42,2035,0.20422148,0.15023401,0.10977581,0.16184946,MISW,AEO2026 Counterfactual Baseline case
p42,2036,0.2073061,0.15205812,0.11155502,0.16400167,MISW,AEO2026 Counterfactual Baseline case
p42,2037,0.21061229999999997,0.15408492000000001,0.11345869,0.16626836999999997,MISW,AEO2026 Counterfactual Baseline case
p42,2038,0.21399103,0.15635526,0.11539210999999999,0.16868576000000002,MISW,AEO2026 Counterfactual Baseline case
p42,2039,0.21992945,0.16007669,0.11939939000000001,0.17263536,MISW,AEO2026 Counterfactual Baseline case
p42,2040,0.22500896,0.16375637,0.12204783000000001,0.17672301999999998,MISW,AEO2026 Counterfactual Baseline case
p42,2041,0.22827921,0.16572239,0.12372375,0.17877325,MISW,AEO2026 Counterfactual Baseline case
p42,2042,0.23177837,0.16802423,0.12539169,0.18120552,MISW,AEO2026 Counterfactual Baseline case
p42,2043,0.23487172999999997,0.17003954,0.12678616,0.18325852999999998,MISW,AEO2026 Counterfactual Baseline case
p42,2044,0.23803132999999999,0.17213964,0.12822962999999998,0.18533339000000001,MISW,AEO2026 Counterfactual Baseline case
p42,2045,0.24172211000000002,0.17459301,0.12992354,0.18778220999999998,MISW,AEO2026 Counterfactual Baseline case
p42,2046,0.24561250999999998,0.17718899,0.13180169,0.19039259,MISW,AEO2026 Counterfactual Baseline case
p42,2047,0.24927519,0.17960983,0.13341914,0.19282016999999999,MISW,AEO2026 Counterfactual Baseline case
p42,2048,0.25277170000000004,0.18193846,0.13500608,0.19502171000000001,MISW,AEO2026 Counterfactual Baseline case
p42,2049,0.25649567,0.18451841000000002,0.13667992,0.19748468,MISW,AEO2026 Counterfactual Baseline case
p42,2050,0.26035557,0.1871821,0.13845055,0.20004028000000001,MISW,AEO2026 Counterfactual Baseline case
p43,2014,0.16259731,0.12205439,0.08591856999999999,0.13098693,MISW,AEO2026 Counterfactual Baseline case
p43,2015,0.16259731,0.12205439,0.08591856999999999,0.13098693,MISW,AEO2026 Counterfactual Baseline case
p43,2016,0.16259731,0.12205439,0.08591856999999999,0.13098693,MISW,AEO2026 Counterfactual Baseline case
p43,2017,0.16259731,0.12205439,0.08591856999999999,0.13098693,MISW,AEO2026 Counterfactual Baseline case
p43,2018,0.16259731,0.12205439,0.08591856999999999,0.13098693,MISW,AEO2026 Counterfactual Baseline case
p43,2019,0.16259731,0.12205439,0.08591856999999999,0.13098693,MISW,AEO2026 Counterfactual Baseline case
p43,2020,0.16259731,0.12205439,0.08591856999999999,0.13098693,MISW,AEO2026 Counterfactual Baseline case
p43,2021,0.16259731,0.12205439,0.08591856999999999,0.13098693,MISW,AEO2026 Counterfactual Baseline case
p43,2022,0.16259731,0.12205439,0.08591856999999999,0.13098693,MISW,AEO2026 Counterfactual Baseline case
p43,2023,0.16259731,0.12205439,0.08591856999999999,0.13098693,MISW,AEO2026 Counterfactual Baseline case
p43,2024,0.16259731,0.12205439,0.08591856999999999,0.13098693,MISW,AEO2026 Counterfactual Baseline case
p43,2025,0.16259731,0.12205439,0.08591856999999999,0.13098693,MISW,AEO2026 Counterfactual Baseline case
p43,2026,0.16806028,0.12475109,0.08891837000000001,0.13481097,MISW,AEO2026 Counterfactual Baseline case
p43,2027,0.16409880000000002,0.1213316,0.08382222,0.13105608,MISW,AEO2026 Counterfactual Baseline case
p43,2028,0.16207203,0.11924332,0.08261283999999999,0.12815911,MISW,AEO2026 Counterfactual Baseline case
p43,2029,0.16515892000000001,0.12184049,0.08439500999999999,0.13050419,MISW,AEO2026 Counterfactual Baseline case
p43,2030,0.17100529,0.12627204,0.08833937,0.13493138999999998,MISW,AEO2026 Counterfactual Baseline case
p43,2031,0.17753557,0.13147259,0.09243567999999999,0.14044533,MISW,AEO2026 Counterfactual Baseline case
p43,2032,0.18930141,0.1394485,0.10145426,0.14891672,MISW,AEO2026 Counterfactual Baseline case
p43,2033,0.19808810999999998,0.14665606,0.10626595,0.15723710999999999,MISW,AEO2026 Counterfactual Baseline case
p43,2034,0.20129667,0.1484685,0.10810196,0.15964581,MISW,AEO2026 Counterfactual Baseline case
p43,2035,0.20422148,0.15023401,0.10977581,0.16184946,MISW,AEO2026 Counterfactual Baseline case
p43,2036,0.2073061,0.15205812,0.11155502,0.16400167,MISW,AEO2026 Counterfactual Baseline case
p43,2037,0.21061229999999997,0.15408492000000001,0.11345869,0.16626836999999997,MISW,AEO2026 Counterfactual Baseline case
p43,2038,0.21399103,0.15635526,0.11539210999999999,0.16868576000000002,MISW,AEO2026 Counterfactual Baseline case
p43,2039,0.21992945,0.16007669,0.11939939000000001,0.17263536,MISW,AEO2026 Counterfactual Baseline case
p43,2040,0.22500896,0.16375637,0.12204783000000001,0.17672301999999998,MISW,AEO2026 Counterfactual Baseline case
p43,2041,0.22827921,0.16572239,0.12372375,0.17877325,MISW,AEO2026 Counterfactual Baseline case
p43,2042,0.23177837,0.16802423,0.12539169,0.18120552,MISW,AEO2026 Counterfactual Baseline case
p43,2043,0.23487172999999997,0.17003954,0.12678616,0.18325852999999998,MISW,AEO2026 Counterfactual Baseline case
p43,2044,0.23803132999999999,0.17213964,0.12822962999999998,0.18533339000000001,MISW,AEO2026 Counterfactual Baseline case
p43,2045,0.24172211000000002,0.17459301,0.12992354,0.18778220999999998,MISW,AEO2026 Counterfactual Baseline case
p43,2046,0.24561250999999998,0.17718899,0.13180169,0.19039259,MISW,AEO2026 Counterfactual Baseline case
p43,2047,0.24927519,0.17960983,0.13341914,0.19282016999999999,MISW,AEO2026 Counterfactual Baseline case
p43,2048,0.25277170000000004,0.18193846,0.13500608,0.19502171000000001,MISW,AEO2026 Counterfactual Baseline case
p43,2049,0.25649567,0.18451841000000002,0.13667992,0.19748468,MISW,AEO2026 Counterfactual Baseline case
p43,2050,0.26035557,0.1871821,0.13845055,0.20004028000000001,MISW,AEO2026 Counterfactual Baseline case
p44,2014,0.16259731,0.12205439,0.08591856999999999,0.13098693,MISW,AEO2026 Counterfactual Baseline case
p44,2015,0.16259731,0.12205439,0.08591856999999999,0.13098693,MISW,AEO2026 Counterfactual Baseline case
p44,2016,0.16259731,0.12205439,0.08591856999999999,0.13098693,MISW,AEO2026 Counterfactual Baseline case
p44,2017,0.16259731,0.12205439,0.08591856999999999,0.13098693,MISW,AEO2026 Counterfactual Baseline case
p44,2018,0.16259731,0.12205439,0.08591856999999999,0.13098693,MISW,AEO2026 Counterfactual Baseline case
p44,2019,0.16259731,0.12205439,0.08591856999999999,0.13098693,MISW,AEO2026 Counterfactual Baseline case
p44,2020,0.16259731,0.12205439,0.08591856999999999,0.13098693,MISW,AEO2026 Counterfactual Baseline case
p44,2021,0.16259731,0.12205439,0.08591856999999999,0.13098693,MISW,AEO2026 Counterfactual Baseline case
p44,2022,0.16259731,0.12205439,0.08591856999999999,0.13098693,MISW,AEO2026 Counterfactual Baseline case
p44,2023,0.16259731,0.12205439,0.08591856999999999,0.13098693,MISW,AEO2026 Counterfactual Baseline case
p44,2024,0.16259731,0.12205439,0.08591856999999999,0.13098693,MISW,AEO2026 Counterfactual Baseline case
p44,2025,0.16259731,0.12205439,0.08591856999999999,0.13098693,MISW,AEO2026 Counterfactual Baseline case
p44,2026,0.16806028,0.12475109,0.08891837000000001,0.13481097,MISW,AEO2026 Counterfactual Baseline case
p44,2027,0.16409880000000002,0.1213316,0.08382222,0.13105608,MISW,AEO2026 Counterfactual Baseline case
p44,2028,0.16207203,0.11924332,0.08261283999999999,0.12815911,MISW,AEO2026 Counterfactual Baseline case
p44,2029,0.16515892000000001,0.12184049,0.08439500999999999,0.13050419,MISW,AEO2026 Counterfactual Baseline case
p44,2030,0.17100529,0.12627204,0.08833937,0.13493138999999998,MISW,AEO2026 Counterfactual Baseline case
p44,2031,0.17753557,0.13147259,0.09243567999999999,0.14044533,MISW,AEO2026 Counterfactual Baseline case
p44,2032,0.18930141,0.1394485,0.10145426,0.14891672,MISW,AEO2026 Counterfactual Baseline case
p44,2033,0.19808810999999998,0.14665606,0.10626595,0.15723710999999999,MISW,AEO2026 Counterfactual Baseline case
p44,2034,0.20129667,0.1484685,0.10810196,0.15964581,MISW,AEO2026 Counterfactual Baseline case
p44,2035,0.20422148,0.15023401,0.10977581,0.16184946,MISW,AEO2026 Counterfactual Baseline case
p44,2036,0.2073061,0.15205812,0.11155502,0.16400167,MISW,AEO2026 Counterfactual Baseline case
p44,2037,0.21061229999999997,0.15408492000000001,0.11345869,0.16626836999999997,MISW,AEO2026 Counterfactual Baseline case
p44,2038,0.21399103,0.15635526,0.11539210999999999,0.16868576000000002,MISW,AEO2026 Counterfactual Baseline case
p44,2039,0.21992945,0.16007669,0.11939939000000001,0.17263536,MISW,AEO2026 Counterfactual Baseline case
p44,2040,0.22500896,0.16375637,0.12204783000000001,0.17672301999999998,MISW,AEO2026 Counterfactual Baseline case
p44,2041,0.22827921,0.16572239,0.12372375,0.17877325,MISW,AEO2026 Counterfactual Baseline case
p44,2042,0.23177837,0.16802423,0.12539169,0.18120552,MISW,AEO2026 Counterfactual Baseline case
p44,2043,0.23487172999999997,0.17003954,0.12678616,0.18325852999999998,MISW,AEO2026 Counterfactual Baseline case
p44,2044,0.23803132999999999,0.17213964,0.12822962999999998,0.18533339000000001,MISW,AEO2026 Counterfactual Baseline case
p44,2045,0.24172211000000002,0.17459301,0.12992354,0.18778220999999998,MISW,AEO2026 Counterfactual Baseline case
p44,2046,0.24561250999999998,0.17718899,0.13180169,0.19039259,MISW,AEO2026 Counterfactual Baseline case
p44,2047,0.24927519,0.17960983,0.13341914,0.19282016999999999,MISW,AEO2026 Counterfactual Baseline case
p44,2048,0.25277170000000004,0.18193846,0.13500608,0.19502171000000001,MISW,AEO2026 Counterfactual Baseline case
p44,2049,0.25649567,0.18451841000000002,0.13667992,0.19748468,MISW,AEO2026 Counterfactual Baseline case
p44,2050,0.26035557,0.1871821,0.13845055,0.20004028000000001,MISW,AEO2026 Counterfactual Baseline case
p45,2014,0.10808196,0.08001752,0.07111731,0.09149642,SPPN,AEO2026 Counterfactual Baseline case
p45,2015,0.10808196,0.08001752,0.07111731,0.09149642,SPPN,AEO2026 Counterfactual Baseline case
p45,2016,0.10808196,0.08001752,0.07111731,0.09149642,SPPN,AEO2026 Counterfactual Baseline case
p45,2017,0.10808196,0.08001752,0.07111731,0.09149642,SPPN,AEO2026 Counterfactual Baseline case
p45,2018,0.10808196,0.08001752,0.07111731,0.09149642,SPPN,AEO2026 Counterfactual Baseline case
p45,2019,0.10808196,0.08001752,0.07111731,0.09149642,SPPN,AEO2026 Counterfactual Baseline case
p45,2020,0.10808196,0.08001752,0.07111731,0.09149642,SPPN,AEO2026 Counterfactual Baseline case
p45,2021,0.10808196,0.08001752,0.07111731,0.09149642,SPPN,AEO2026 Counterfactual Baseline case
p45,2022,0.10808196,0.08001752,0.07111731,0.09149642,SPPN,AEO2026 Counterfactual Baseline case
p45,2023,0.10808196,0.08001752,0.07111731,0.09149642,SPPN,AEO2026 Counterfactual Baseline case
p45,2024,0.10808196,0.08001752,0.07111731,0.09149642,SPPN,AEO2026 Counterfactual Baseline case
p45,2025,0.10808196,0.08001752,0.07111731,0.09149642,SPPN,AEO2026 Counterfactual Baseline case
p45,2026,0.11172593000000001,0.08244604000000001,0.07342311,0.09441295999999999,SPPN,AEO2026 Counterfactual Baseline case
p45,2027,0.11471189000000001,0.08357702,0.07393744,0.09543683,SPPN,AEO2026 Counterfactual Baseline case
p45,2028,0.12007214,0.08771881000000001,0.07782682,0.09981348000000001,SPPN,AEO2026 Counterfactual Baseline case
p45,2029,0.12487843,0.09147029,0.08104851,0.10389884,SPPN,AEO2026 Counterfactual Baseline case
p45,2030,0.12663984,0.09257911,0.08111197,0.10552774,SPPN,AEO2026 Counterfactual Baseline case
p45,2031,0.13432433,0.09837953,0.08686026,0.11217886,SPPN,AEO2026 Counterfactual Baseline case
p45,2032,0.1485076,0.10923104,0.09885348000000001,0.12409413000000001,SPPN,AEO2026 Counterfactual Baseline case
p45,2033,0.15603432,0.11476249,0.10426102,0.13075583999999998,SPPN,AEO2026 Counterfactual Baseline case
p45,2034,0.16008734,0.11718271,0.10679244,0.13375883,SPPN,AEO2026 Counterfactual Baseline case
p45,2035,0.16398423999999998,0.11955292999999999,0.10937561999999999,0.13672625,SPPN,AEO2026 Counterfactual Baseline case
p45,2036,0.16771481000000002,0.12177298,0.11170877000000001,0.13948473,SPPN,AEO2026 Counterfactual Baseline case
p45,2037,0.17131926,0.12388186,0.11388219,0.14207102000000002,SPPN,AEO2026 Counterfactual Baseline case
p45,2038,0.1763015,0.1272145,0.11734644,0.14591381,SPPN,AEO2026 Counterfactual Baseline case
p45,2039,0.18949572,0.13714691,0.1281613,0.15674512,SPPN,AEO2026 Counterfactual Baseline case
p45,2040,0.19555017,0.14133462,0.13199731,0.16180793999999998,SPPN,AEO2026 Counterfactual Baseline case
p45,2041,0.19991468,0.14409044,0.13466154,0.1650075,SPPN,AEO2026 Counterfactual Baseline case
p45,2042,0.21039577,0.15193974000000002,0.14297934,0.17348593,SPPN,AEO2026 Counterfactual Baseline case
p45,2043,0.21543520000000002,0.15529692,0.1459967,0.17749119,SPPN,AEO2026 Counterfactual Baseline case
p45,2044,0.21947903,0.15794036,0.14842196,0.18046152,SPPN,AEO2026 Counterfactual Baseline case
p45,2045,0.22356958,0.16050076000000002,0.15087752999999998,0.18320955000000003,SPPN,AEO2026 Counterfactual Baseline case
p45,2046,0.22681664999999998,0.16233133,0.15269456,0.18503150999999998,SPPN,AEO2026 Counterfactual Baseline case
p45,2047,0.23102426999999998,0.16498493,0.1551553,0.18789532,SPPN,AEO2026 Counterfactual Baseline case
p45,2048,0.23515007000000002,0.16759251,0.15755008,0.19067261,SPPN,AEO2026 Counterfactual Baseline case
p45,2049,0.23993834,0.17076506,0.16039524,0.19415426,SPPN,AEO2026 Counterfactual Baseline case
p45,2050,0.2448649,0.17404816,0.16335079,0.19777292,SPPN,AEO2026 Counterfactual Baseline case
p46,2014,0.16259731,0.12205439,0.08591856999999999,0.13098693,MISW,AEO2026 Counterfactual Baseline case
p46,2015,0.16259731,0.12205439,0.08591856999999999,0.13098693,MISW,AEO2026 Counterfactual Baseline case
p46,2016,0.16259731,0.12205439,0.08591856999999999,0.13098693,MISW,AEO2026 Counterfactual Baseline case
p46,2017,0.16259731,0.12205439,0.08591856999999999,0.13098693,MISW,AEO2026 Counterfactual Baseline case
p46,2018,0.16259731,0.12205439,0.08591856999999999,0.13098693,MISW,AEO2026 Counterfactual Baseline case
p46,2019,0.16259731,0.12205439,0.08591856999999999,0.13098693,MISW,AEO2026 Counterfactual Baseline case
p46,2020,0.16259731,0.12205439,0.08591856999999999,0.13098693,MISW,AEO2026 Counterfactual Baseline case
p46,2021,0.16259731,0.12205439,0.08591856999999999,0.13098693,MISW,AEO2026 Counterfactual Baseline case
p46,2022,0.16259731,0.12205439,0.08591856999999999,0.13098693,MISW,AEO2026 Counterfactual Baseline case
p46,2023,0.16259731,0.12205439,0.08591856999999999,0.13098693,MISW,AEO2026 Counterfactual Baseline case
p46,2024,0.16259731,0.12205439,0.08591856999999999,0.13098693,MISW,AEO2026 Counterfactual Baseline case
p46,2025,0.16259731,0.12205439,0.08591856999999999,0.13098693,MISW,AEO2026 Counterfactual Baseline case
p46,2026,0.16806028,0.12475109,0.08891837000000001,0.13481097,MISW,AEO2026 Counterfactual Baseline case
p46,2027,0.16409880000000002,0.1213316,0.08382222,0.13105608,MISW,AEO2026 Counterfactual Baseline case
p46,2028,0.16207203,0.11924332,0.08261283999999999,0.12815911,MISW,AEO2026 Counterfactual Baseline case
p46,2029,0.16515892000000001,0.12184049,0.08439500999999999,0.13050419,MISW,AEO2026 Counterfactual Baseline case
p46,2030,0.17100529,0.12627204,0.08833937,0.13493138999999998,MISW,AEO2026 Counterfactual Baseline case
p46,2031,0.17753557,0.13147259,0.09243567999999999,0.14044533,MISW,AEO2026 Counterfactual Baseline case
p46,2032,0.18930141,0.1394485,0.10145426,0.14891672,MISW,AEO2026 Counterfactual Baseline case
p46,2033,0.19808810999999998,0.14665606,0.10626595,0.15723710999999999,MISW,AEO2026 Counterfactual Baseline case
p46,2034,0.20129667,0.1484685,0.10810196,0.15964581,MISW,AEO2026 Counterfactual Baseline case
p46,2035,0.20422148,0.15023401,0.10977581,0.16184946,MISW,AEO2026 Counterfactual Baseline case
p46,2036,0.2073061,0.15205812,0.11155502,0.16400167,MISW,AEO2026 Counterfactual Baseline case
p46,2037,0.21061229999999997,0.15408492000000001,0.11345869,0.16626836999999997,MISW,AEO2026 Counterfactual Baseline case
p46,2038,0.21399103,0.15635526,0.11539210999999999,0.16868576000000002,MISW,AEO2026 Counterfactual Baseline case
p46,2039,0.21992945,0.16007669,0.11939939000000001,0.17263536,MISW,AEO2026 Counterfactual Baseline case
p46,2040,0.22500896,0.16375637,0.12204783000000001,0.17672301999999998,MISW,AEO2026 Counterfactual Baseline case
p46,2041,0.22827921,0.16572239,0.12372375,0.17877325,MISW,AEO2026 Counterfactual Baseline case
p46,2042,0.23177837,0.16802423,0.12539169,0.18120552,MISW,AEO2026 Counterfactual Baseline case
p46,2043,0.23487172999999997,0.17003954,0.12678616,0.18325852999999998,MISW,AEO2026 Counterfactual Baseline case
p46,2044,0.23803132999999999,0.17213964,0.12822962999999998,0.18533339000000001,MISW,AEO2026 Counterfactual Baseline case
p46,2045,0.24172211000000002,0.17459301,0.12992354,0.18778220999999998,MISW,AEO2026 Counterfactual Baseline case
p46,2046,0.24561250999999998,0.17718899,0.13180169,0.19039259,MISW,AEO2026 Counterfactual Baseline case
p46,2047,0.24927519,0.17960983,0.13341914,0.19282016999999999,MISW,AEO2026 Counterfactual Baseline case
p46,2048,0.25277170000000004,0.18193846,0.13500608,0.19502171000000001,MISW,AEO2026 Counterfactual Baseline case
p46,2049,0.25649567,0.18451841000000002,0.13667992,0.19748468,MISW,AEO2026 Counterfactual Baseline case
p46,2050,0.26035557,0.1871821,0.13845055,0.20004028000000001,MISW,AEO2026 Counterfactual Baseline case
p47,2014,0.12372076,0.09610873,0.06560831,0.09431919999999999,SPPS,AEO2026 Counterfactual Baseline case
p47,2015,0.12372076,0.09610873,0.06560831,0.09431919999999999,SPPS,AEO2026 Counterfactual Baseline case
p47,2016,0.12372076,0.09610873,0.06560831,0.09431919999999999,SPPS,AEO2026 Counterfactual Baseline case
p47,2017,0.12372076,0.09610873,0.06560831,0.09431919999999999,SPPS,AEO2026 Counterfactual Baseline case
p47,2018,0.12372076,0.09610873,0.06560831,0.09431919999999999,SPPS,AEO2026 Counterfactual Baseline case
p47,2019,0.12372076,0.09610873,0.06560831,0.09431919999999999,SPPS,AEO2026 Counterfactual Baseline case
p47,2020,0.12372076,0.09610873,0.06560831,0.09431919999999999,SPPS,AEO2026 Counterfactual Baseline case
p47,2021,0.12372076,0.09610873,0.06560831,0.09431919999999999,SPPS,AEO2026 Counterfactual Baseline case
p47,2022,0.12372076,0.09610873,0.06560831,0.09431919999999999,SPPS,AEO2026 Counterfactual Baseline case
p47,2023,0.12372076,0.09610873,0.06560831,0.09431919999999999,SPPS,AEO2026 Counterfactual Baseline case
p47,2024,0.12372076,0.09610873,0.06560831,0.09431919999999999,SPPS,AEO2026 Counterfactual Baseline case
p47,2025,0.12372076,0.09610873,0.06560831,0.09431919999999999,SPPS,AEO2026 Counterfactual Baseline case
p47,2026,0.12749174,0.09530846,0.06687376,0.09563208,SPPS,AEO2026 Counterfactual Baseline case
p47,2027,0.12962615,0.09629170999999999,0.06746765,0.09662388999999999,SPPS,AEO2026 Counterfactual Baseline case
p47,2028,0.13393531,0.10011696,0.07059104,0.10017647,SPPS,AEO2026 Counterfactual Baseline case
p47,2029,0.13939698,0.1046765,0.07406998,0.10465209,SPPS,AEO2026 Counterfactual Baseline case
p47,2030,0.14393136,0.10827764999999999,0.07684384999999999,0.10828789,SPPS,AEO2026 Counterfactual Baseline case
p47,2031,0.14926416,0.11286334,0.08083175000000001,0.1128148,SPPS,AEO2026 Counterfactual Baseline case
p47,2032,0.15764279,0.1206218,0.08782345,0.12028917,SPPS,AEO2026 Counterfactual Baseline case
p47,2033,0.16454351,0.12600245,0.09173965,0.12605853,SPPS,AEO2026 Counterfactual Baseline case
p47,2034,0.16748478,0.12795721000000002,0.09312977,0.12822939,SPPS,AEO2026 Counterfactual Baseline case
p47,2035,0.17050877,0.13041258,0.0952828,0.1306013,SPPS,AEO2026 Counterfactual Baseline case
p47,2036,0.17495049999999998,0.13397224,0.09820677,0.13412399,SPPS,AEO2026 Counterfactual Baseline case
p47,2037,0.17935890000000002,0.13730757999999998,0.10080091,0.13749228,SPPS,AEO2026 Counterfactual Baseline case
p47,2038,0.18301872,0.13981147,0.10257548,0.14010825999999998,SPPS,AEO2026 Counterfactual Baseline case
p47,2039,0.18913727000000002,0.14525264,0.10746848,0.14513326,SPPS,AEO2026 Counterfactual Baseline case
p47,2040,0.19776188,0.15240452,0.11326366,0.15217598000000002,SPPS,AEO2026 Counterfactual Baseline case
p47,2041,0.20361291999999998,0.15642074,0.11588419999999999,0.1563565,SPPS,AEO2026 Counterfactual Baseline case
p47,2042,0.20732251999999998,0.15875037,0.1174269,0.15859120000000002,SPPS,AEO2026 Counterfactual Baseline case
p47,2043,0.21078053,0.16090788,0.11887271,0.16059969,SPPS,AEO2026 Counterfactual Baseline case
p47,2044,0.21484629000000002,0.16357862,0.12072988999999999,0.16312211999999998,SPPS,AEO2026 Counterfactual Baseline case
p47,2045,0.21920118,0.16636509,0.12265245999999999,0.16576633000000002,SPPS,AEO2026 Counterfactual Baseline case
p47,2046,0.22383709,0.16940162999999997,0.12474684,0.16865725999999998,SPPS,AEO2026 Counterfactual Baseline case
p47,2047,0.22828909,0.17203669000000002,0.12640580999999998,0.17120166999999997,SPPS,AEO2026 Counterfactual Baseline case
p47,2048,0.23247046000000002,0.17451485000000003,0.12806236999999998,0.17349616999999998,SPPS,AEO2026 Counterfactual Baseline case
p47,2049,0.23703807999999998,0.17738001,0.12996408,0.17610932999999998,SPPS,AEO2026 Counterfactual Baseline case
p47,2050,0.24189522,0.18049751,0.13203699,0.1789723,SPPS,AEO2026 Counterfactual Baseline case
p48,2014,0.12372076,0.09610873,0.06560831,0.09431919999999999,SPPS,AEO2026 Counterfactual Baseline case
p48,2015,0.12372076,0.09610873,0.06560831,0.09431919999999999,SPPS,AEO2026 Counterfactual Baseline case
p48,2016,0.12372076,0.09610873,0.06560831,0.09431919999999999,SPPS,AEO2026 Counterfactual Baseline case
p48,2017,0.12372076,0.09610873,0.06560831,0.09431919999999999,SPPS,AEO2026 Counterfactual Baseline case
p48,2018,0.12372076,0.09610873,0.06560831,0.09431919999999999,SPPS,AEO2026 Counterfactual Baseline case
p48,2019,0.12372076,0.09610873,0.06560831,0.09431919999999999,SPPS,AEO2026 Counterfactual Baseline case
p48,2020,0.12372076,0.09610873,0.06560831,0.09431919999999999,SPPS,AEO2026 Counterfactual Baseline case
p48,2021,0.12372076,0.09610873,0.06560831,0.09431919999999999,SPPS,AEO2026 Counterfactual Baseline case
p48,2022,0.12372076,0.09610873,0.06560831,0.09431919999999999,SPPS,AEO2026 Counterfactual Baseline case
p48,2023,0.12372076,0.09610873,0.06560831,0.09431919999999999,SPPS,AEO2026 Counterfactual Baseline case
p48,2024,0.12372076,0.09610873,0.06560831,0.09431919999999999,SPPS,AEO2026 Counterfactual Baseline case
p48,2025,0.12372076,0.09610873,0.06560831,0.09431919999999999,SPPS,AEO2026 Counterfactual Baseline case
p48,2026,0.12749174,0.09530846,0.06687376,0.09563208,SPPS,AEO2026 Counterfactual Baseline case
p48,2027,0.12962615,0.09629170999999999,0.06746765,0.09662388999999999,SPPS,AEO2026 Counterfactual Baseline case
p48,2028,0.13393531,0.10011696,0.07059104,0.10017647,SPPS,AEO2026 Counterfactual Baseline case
p48,2029,0.13939698,0.1046765,0.07406998,0.10465209,SPPS,AEO2026 Counterfactual Baseline case
p48,2030,0.14393136,0.10827764999999999,0.07684384999999999,0.10828789,SPPS,AEO2026 Counterfactual Baseline case
p48,2031,0.14926416,0.11286334,0.08083175000000001,0.1128148,SPPS,AEO2026 Counterfactual Baseline case
p48,2032,0.15764279,0.1206218,0.08782345,0.12028917,SPPS,AEO2026 Counterfactual Baseline case
p48,2033,0.16454351,0.12600245,0.09173965,0.12605853,SPPS,AEO2026 Counterfactual Baseline case
p48,2034,0.16748478,0.12795721000000002,0.09312977,0.12822939,SPPS,AEO2026 Counterfactual Baseline case
p48,2035,0.17050877,0.13041258,0.0952828,0.1306013,SPPS,AEO2026 Counterfactual Baseline case
p48,2036,0.17495049999999998,0.13397224,0.09820677,0.13412399,SPPS,AEO2026 Counterfactual Baseline case
p48,2037,0.17935890000000002,0.13730757999999998,0.10080091,0.13749228,SPPS,AEO2026 Counterfactual Baseline case
p48,2038,0.18301872,0.13981147,0.10257548,0.14010825999999998,SPPS,AEO2026 Counterfactual Baseline case
p48,2039,0.18913727000000002,0.14525264,0.10746848,0.14513326,SPPS,AEO2026 Counterfactual Baseline case
p48,2040,0.19776188,0.15240452,0.11326366,0.15217598000000002,SPPS,AEO2026 Counterfactual Baseline case
p48,2041,0.20361291999999998,0.15642074,0.11588419999999999,0.1563565,SPPS,AEO2026 Counterfactual Baseline case
p48,2042,0.20732251999999998,0.15875037,0.1174269,0.15859120000000002,SPPS,AEO2026 Counterfactual Baseline case
p48,2043,0.21078053,0.16090788,0.11887271,0.16059969,SPPS,AEO2026 Counterfactual Baseline case
p48,2044,0.21484629000000002,0.16357862,0.12072988999999999,0.16312211999999998,SPPS,AEO2026 Counterfactual Baseline case
p48,2045,0.21920118,0.16636509,0.12265245999999999,0.16576633000000002,SPPS,AEO2026 Counterfactual Baseline case
p48,2046,0.22383709,0.16940162999999997,0.12474684,0.16865725999999998,SPPS,AEO2026 Counterfactual Baseline case
p48,2047,0.22828909,0.17203669000000002,0.12640580999999998,0.17120166999999997,SPPS,AEO2026 Counterfactual Baseline case
p48,2048,0.23247046000000002,0.17451485000000003,0.12806236999999998,0.17349616999999998,SPPS,AEO2026 Counterfactual Baseline case
p48,2049,0.23703807999999998,0.17738001,0.12996408,0.17610932999999998,SPPS,AEO2026 Counterfactual Baseline case
p48,2050,0.24189522,0.18049751,0.13203699,0.1789723,SPPS,AEO2026 Counterfactual Baseline case
p49,2014,0.12372076,0.09610873,0.06560831,0.09431919999999999,SPPS,AEO2026 Counterfactual Baseline case
p49,2015,0.12372076,0.09610873,0.06560831,0.09431919999999999,SPPS,AEO2026 Counterfactual Baseline case
p49,2016,0.12372076,0.09610873,0.06560831,0.09431919999999999,SPPS,AEO2026 Counterfactual Baseline case
p49,2017,0.12372076,0.09610873,0.06560831,0.09431919999999999,SPPS,AEO2026 Counterfactual Baseline case
p49,2018,0.12372076,0.09610873,0.06560831,0.09431919999999999,SPPS,AEO2026 Counterfactual Baseline case
p49,2019,0.12372076,0.09610873,0.06560831,0.09431919999999999,SPPS,AEO2026 Counterfactual Baseline case
p49,2020,0.12372076,0.09610873,0.06560831,0.09431919999999999,SPPS,AEO2026 Counterfactual Baseline case
p49,2021,0.12372076,0.09610873,0.06560831,0.09431919999999999,SPPS,AEO2026 Counterfactual Baseline case
p49,2022,0.12372076,0.09610873,0.06560831,0.09431919999999999,SPPS,AEO2026 Counterfactual Baseline case
p49,2023,0.12372076,0.09610873,0.06560831,0.09431919999999999,SPPS,AEO2026 Counterfactual Baseline case
p49,2024,0.12372076,0.09610873,0.06560831,0.09431919999999999,SPPS,AEO2026 Counterfactual Baseline case
p49,2025,0.12372076,0.09610873,0.06560831,0.09431919999999999,SPPS,AEO2026 Counterfactual Baseline case
p49,2026,0.12749174,0.09530846,0.06687376,0.09563208,SPPS,AEO2026 Counterfactual Baseline case
p49,2027,0.12962615,0.09629170999999999,0.06746765,0.09662388999999999,SPPS,AEO2026 Counterfactual Baseline case
p49,2028,0.13393531,0.10011696,0.07059104,0.10017647,SPPS,AEO2026 Counterfactual Baseline case
p49,2029,0.13939698,0.1046765,0.07406998,0.10465209,SPPS,AEO2026 Counterfactual Baseline case
p49,2030,0.14393136,0.10827764999999999,0.07684384999999999,0.10828789,SPPS,AEO2026 Counterfactual Baseline case
p49,2031,0.14926416,0.11286334,0.08083175000000001,0.1128148,SPPS,AEO2026 Counterfactual Baseline case
p49,2032,0.15764279,0.1206218,0.08782345,0.12028917,SPPS,AEO2026 Counterfactual Baseline case
p49,2033,0.16454351,0.12600245,0.09173965,0.12605853,SPPS,AEO2026 Counterfactual Baseline case
p49,2034,0.16748478,0.12795721000000002,0.09312977,0.12822939,SPPS,AEO2026 Counterfactual Baseline case
p49,2035,0.17050877,0.13041258,0.0952828,0.1306013,SPPS,AEO2026 Counterfactual Baseline case
p49,2036,0.17495049999999998,0.13397224,0.09820677,0.13412399,SPPS,AEO2026 Counterfactual Baseline case
p49,2037,0.17935890000000002,0.13730757999999998,0.10080091,0.13749228,SPPS,AEO2026 Counterfactual Baseline case
p49,2038,0.18301872,0.13981147,0.10257548,0.14010825999999998,SPPS,AEO2026 Counterfactual Baseline case
p49,2039,0.18913727000000002,0.14525264,0.10746848,0.14513326,SPPS,AEO2026 Counterfactual Baseline case
p49,2040,0.19776188,0.15240452,0.11326366,0.15217598000000002,SPPS,AEO2026 Counterfactual Baseline case
p49,2041,0.20361291999999998,0.15642074,0.11588419999999999,0.1563565,SPPS,AEO2026 Counterfactual Baseline case
p49,2042,0.20732251999999998,0.15875037,0.1174269,0.15859120000000002,SPPS,AEO2026 Counterfactual Baseline case
p49,2043,0.21078053,0.16090788,0.11887271,0.16059969,SPPS,AEO2026 Counterfactual Baseline case
p49,2044,0.21484629000000002,0.16357862,0.12072988999999999,0.16312211999999998,SPPS,AEO2026 Counterfactual Baseline case
p49,2045,0.21920118,0.16636509,0.12265245999999999,0.16576633000000002,SPPS,AEO2026 Counterfactual Baseline case
p49,2046,0.22383709,0.16940162999999997,0.12474684,0.16865725999999998,SPPS,AEO2026 Counterfactual Baseline case
p49,2047,0.22828909,0.17203669000000002,0.12640580999999998,0.17120166999999997,SPPS,AEO2026 Counterfactual Baseline case
p49,2048,0.23247046000000002,0.17451485000000003,0.12806236999999998,0.17349616999999998,SPPS,AEO2026 Counterfactual Baseline case
p49,2049,0.23703807999999998,0.17738001,0.12996408,0.17610932999999998,SPPS,AEO2026 Counterfactual Baseline case
p49,2050,0.24189522,0.18049751,0.13203699,0.1789723,SPPS,AEO2026 Counterfactual Baseline case
p50,2014,0.12372076,0.09610873,0.06560831,0.09431919999999999,SPPS,AEO2026 Counterfactual Baseline case
p50,2015,0.12372076,0.09610873,0.06560831,0.09431919999999999,SPPS,AEO2026 Counterfactual Baseline case
p50,2016,0.12372076,0.09610873,0.06560831,0.09431919999999999,SPPS,AEO2026 Counterfactual Baseline case
p50,2017,0.12372076,0.09610873,0.06560831,0.09431919999999999,SPPS,AEO2026 Counterfactual Baseline case
p50,2018,0.12372076,0.09610873,0.06560831,0.09431919999999999,SPPS,AEO2026 Counterfactual Baseline case
p50,2019,0.12372076,0.09610873,0.06560831,0.09431919999999999,SPPS,AEO2026 Counterfactual Baseline case
p50,2020,0.12372076,0.09610873,0.06560831,0.09431919999999999,SPPS,AEO2026 Counterfactual Baseline case
p50,2021,0.12372076,0.09610873,0.06560831,0.09431919999999999,SPPS,AEO2026 Counterfactual Baseline case
p50,2022,0.12372076,0.09610873,0.06560831,0.09431919999999999,SPPS,AEO2026 Counterfactual Baseline case
p50,2023,0.12372076,0.09610873,0.06560831,0.09431919999999999,SPPS,AEO2026 Counterfactual Baseline case
p50,2024,0.12372076,0.09610873,0.06560831,0.09431919999999999,SPPS,AEO2026 Counterfactual Baseline case
p50,2025,0.12372076,0.09610873,0.06560831,0.09431919999999999,SPPS,AEO2026 Counterfactual Baseline case
p50,2026,0.12749174,0.09530846,0.06687376,0.09563208,SPPS,AEO2026 Counterfactual Baseline case
p50,2027,0.12962615,0.09629170999999999,0.06746765,0.09662388999999999,SPPS,AEO2026 Counterfactual Baseline case
p50,2028,0.13393531,0.10011696,0.07059104,0.10017647,SPPS,AEO2026 Counterfactual Baseline case
p50,2029,0.13939698,0.1046765,0.07406998,0.10465209,SPPS,AEO2026 Counterfactual Baseline case
p50,2030,0.14393136,0.10827764999999999,0.07684384999999999,0.10828789,SPPS,AEO2026 Counterfactual Baseline case
p50,2031,0.14926416,0.11286334,0.08083175000000001,0.1128148,SPPS,AEO2026 Counterfactual Baseline case
p50,2032,0.15764279,0.1206218,0.08782345,0.12028917,SPPS,AEO2026 Counterfactual Baseline case
p50,2033,0.16454351,0.12600245,0.09173965,0.12605853,SPPS,AEO2026 Counterfactual Baseline case
p50,2034,0.16748478,0.12795721000000002,0.09312977,0.12822939,SPPS,AEO2026 Counterfactual Baseline case
p50,2035,0.17050877,0.13041258,0.0952828,0.1306013,SPPS,AEO2026 Counterfactual Baseline case
p50,2036,0.17495049999999998,0.13397224,0.09820677,0.13412399,SPPS,AEO2026 Counterfactual Baseline case
p50,2037,0.17935890000000002,0.13730757999999998,0.10080091,0.13749228,SPPS,AEO2026 Counterfactual Baseline case
p50,2038,0.18301872,0.13981147,0.10257548,0.14010825999999998,SPPS,AEO2026 Counterfactual Baseline case
p50,2039,0.18913727000000002,0.14525264,0.10746848,0.14513326,SPPS,AEO2026 Counterfactual Baseline case
p50,2040,0.19776188,0.15240452,0.11326366,0.15217598000000002,SPPS,AEO2026 Counterfactual Baseline case
p50,2041,0.20361291999999998,0.15642074,0.11588419999999999,0.1563565,SPPS,AEO2026 Counterfactual Baseline case
p50,2042,0.20732251999999998,0.15875037,0.1174269,0.15859120000000002,SPPS,AEO2026 Counterfactual Baseline case
p50,2043,0.21078053,0.16090788,0.11887271,0.16059969,SPPS,AEO2026 Counterfactual Baseline case
p50,2044,0.21484629000000002,0.16357862,0.12072988999999999,0.16312211999999998,SPPS,AEO2026 Counterfactual Baseline case
p50,2045,0.21920118,0.16636509,0.12265245999999999,0.16576633000000002,SPPS,AEO2026 Counterfactual Baseline case
p50,2046,0.22383709,0.16940162999999997,0.12474684,0.16865725999999998,SPPS,AEO2026 Counterfactual Baseline case
p50,2047,0.22828909,0.17203669000000002,0.12640580999999998,0.17120166999999997,SPPS,AEO2026 Counterfactual Baseline case
p50,2048,0.23247046000000002,0.17451485000000003,0.12806236999999998,0.17349616999999998,SPPS,AEO2026 Counterfactual Baseline case
p50,2049,0.23703807999999998,0.17738001,0.12996408,0.17610932999999998,SPPS,AEO2026 Counterfactual Baseline case
p50,2050,0.24189522,0.18049751,0.13203699,0.1789723,SPPS,AEO2026 Counterfactual Baseline case
p51,2014,0.12372076,0.09610873,0.06560831,0.09431919999999999,SPPS,AEO2026 Counterfactual Baseline case
p51,2015,0.12372076,0.09610873,0.06560831,0.09431919999999999,SPPS,AEO2026 Counterfactual Baseline case
p51,2016,0.12372076,0.09610873,0.06560831,0.09431919999999999,SPPS,AEO2026 Counterfactual Baseline case
p51,2017,0.12372076,0.09610873,0.06560831,0.09431919999999999,SPPS,AEO2026 Counterfactual Baseline case
p51,2018,0.12372076,0.09610873,0.06560831,0.09431919999999999,SPPS,AEO2026 Counterfactual Baseline case
p51,2019,0.12372076,0.09610873,0.06560831,0.09431919999999999,SPPS,AEO2026 Counterfactual Baseline case
p51,2020,0.12372076,0.09610873,0.06560831,0.09431919999999999,SPPS,AEO2026 Counterfactual Baseline case
p51,2021,0.12372076,0.09610873,0.06560831,0.09431919999999999,SPPS,AEO2026 Counterfactual Baseline case
p51,2022,0.12372076,0.09610873,0.06560831,0.09431919999999999,SPPS,AEO2026 Counterfactual Baseline case
p51,2023,0.12372076,0.09610873,0.06560831,0.09431919999999999,SPPS,AEO2026 Counterfactual Baseline case
p51,2024,0.12372076,0.09610873,0.06560831,0.09431919999999999,SPPS,AEO2026 Counterfactual Baseline case
p51,2025,0.12372076,0.09610873,0.06560831,0.09431919999999999,SPPS,AEO2026 Counterfactual Baseline case
p51,2026,0.12749174,0.09530846,0.06687376,0.09563208,SPPS,AEO2026 Counterfactual Baseline case
p51,2027,0.12962615,0.09629170999999999,0.06746765,0.09662388999999999,SPPS,AEO2026 Counterfactual Baseline case
p51,2028,0.13393531,0.10011696,0.07059104,0.10017647,SPPS,AEO2026 Counterfactual Baseline case
p51,2029,0.13939698,0.1046765,0.07406998,0.10465209,SPPS,AEO2026 Counterfactual Baseline case
p51,2030,0.14393136,0.10827764999999999,0.07684384999999999,0.10828789,SPPS,AEO2026 Counterfactual Baseline case
p51,2031,0.14926416,0.11286334,0.08083175000000001,0.1128148,SPPS,AEO2026 Counterfactual Baseline case
p51,2032,0.15764279,0.1206218,0.08782345,0.12028917,SPPS,AEO2026 Counterfactual Baseline case
p51,2033,0.16454351,0.12600245,0.09173965,0.12605853,SPPS,AEO2026 Counterfactual Baseline case
p51,2034,0.16748478,0.12795721000000002,0.09312977,0.12822939,SPPS,AEO2026 Counterfactual Baseline case
p51,2035,0.17050877,0.13041258,0.0952828,0.1306013,SPPS,AEO2026 Counterfactual Baseline case
p51,2036,0.17495049999999998,0.13397224,0.09820677,0.13412399,SPPS,AEO2026 Counterfactual Baseline case
p51,2037,0.17935890000000002,0.13730757999999998,0.10080091,0.13749228,SPPS,AEO2026 Counterfactual Baseline case
p51,2038,0.18301872,0.13981147,0.10257548,0.14010825999999998,SPPS,AEO2026 Counterfactual Baseline case
p51,2039,0.18913727000000002,0.14525264,0.10746848,0.14513326,SPPS,AEO2026 Counterfactual Baseline case
p51,2040,0.19776188,0.15240452,0.11326366,0.15217598000000002,SPPS,AEO2026 Counterfactual Baseline case
p51,2041,0.20361291999999998,0.15642074,0.11588419999999999,0.1563565,SPPS,AEO2026 Counterfactual Baseline case
p51,2042,0.20732251999999998,0.15875037,0.1174269,0.15859120000000002,SPPS,AEO2026 Counterfactual Baseline case
p51,2043,0.21078053,0.16090788,0.11887271,0.16059969,SPPS,AEO2026 Counterfactual Baseline case
p51,2044,0.21484629000000002,0.16357862,0.12072988999999999,0.16312211999999998,SPPS,AEO2026 Counterfactual Baseline case
p51,2045,0.21920118,0.16636509,0.12265245999999999,0.16576633000000002,SPPS,AEO2026 Counterfactual Baseline case
p51,2046,0.22383709,0.16940162999999997,0.12474684,0.16865725999999998,SPPS,AEO2026 Counterfactual Baseline case
p51,2047,0.22828909,0.17203669000000002,0.12640580999999998,0.17120166999999997,SPPS,AEO2026 Counterfactual Baseline case
p51,2048,0.23247046000000002,0.17451485000000003,0.12806236999999998,0.17349616999999998,SPPS,AEO2026 Counterfactual Baseline case
p51,2049,0.23703807999999998,0.17738001,0.12996408,0.17610932999999998,SPPS,AEO2026 Counterfactual Baseline case
p51,2050,0.24189522,0.18049751,0.13203699,0.1789723,SPPS,AEO2026 Counterfactual Baseline case
p52,2014,0.1313963,0.10106104,0.07336421,0.11591235,SPPC,AEO2026 Counterfactual Baseline case
p52,2015,0.1313963,0.10106104,0.07336421,0.11591235,SPPC,AEO2026 Counterfactual Baseline case
p52,2016,0.1313963,0.10106104,0.07336421,0.11591235,SPPC,AEO2026 Counterfactual Baseline case
p52,2017,0.1313963,0.10106104,0.07336421,0.11591235,SPPC,AEO2026 Counterfactual Baseline case
p52,2018,0.1313963,0.10106104,0.07336421,0.11591235,SPPC,AEO2026 Counterfactual Baseline case
p52,2019,0.1313963,0.10106104,0.07336421,0.11591235,SPPC,AEO2026 Counterfactual Baseline case
p52,2020,0.1313963,0.10106104,0.07336421,0.11591235,SPPC,AEO2026 Counterfactual Baseline case
p52,2021,0.1313963,0.10106104,0.07336421,0.11591235,SPPC,AEO2026 Counterfactual Baseline case
p52,2022,0.1313963,0.10106104,0.07336421,0.11591235,SPPC,AEO2026 Counterfactual Baseline case
p52,2023,0.1313963,0.10106104,0.07336421,0.11591235,SPPC,AEO2026 Counterfactual Baseline case
p52,2024,0.1313963,0.10106104,0.07336421,0.11591235,SPPC,AEO2026 Counterfactual Baseline case
p52,2025,0.1313963,0.10106104,0.07336421,0.11591235,SPPC,AEO2026 Counterfactual Baseline case
p52,2026,0.13218577,0.1012653,0.07414775,0.11591701,SPPC,AEO2026 Counterfactual Baseline case
p52,2027,0.13457328999999998,0.10167944000000001,0.07400558,0.11632429999999999,SPPC,AEO2026 Counterfactual Baseline case
p52,2028,0.13858164,0.10504066,0.07666781,0.11947739,SPPC,AEO2026 Counterfactual Baseline case
p52,2029,0.14279584,0.10873364,0.07917824000000001,0.12347428,SPPC,AEO2026 Counterfactual Baseline case
p52,2030,0.14727732,0.11248198999999999,0.08222927000000001,0.12748381,SPPC,AEO2026 Counterfactual Baseline case
p52,2031,0.15501935,0.11900639,0.08813293,0.13433908,SPPC,AEO2026 Counterfactual Baseline case
p52,2032,0.1689554,0.13088805,0.09990114,0.14594066,SPPC,AEO2026 Counterfactual Baseline case
p52,2033,0.17994786999999998,0.14019337,0.10703125999999999,0.15745586,SPPC,AEO2026 Counterfactual Baseline case
p52,2034,0.18522768,0.14427656,0.11081956999999999,0.16239854999999997,SPPC,AEO2026 Counterfactual Baseline case
p52,2035,0.1887866,0.14679609,0.11303243,0.16588017,SPPC,AEO2026 Counterfactual Baseline case
p52,2036,0.1922592,0.14926282000000002,0.11551626000000001,0.16871431,SPPC,AEO2026 Counterfactual Baseline case
p52,2037,0.19592287,0.15195021,0.11785416,0.17211242999999998,SPPC,AEO2026 Counterfactual Baseline case
p52,2038,0.19928881,0.15440132,0.1200386,0.17499784,SPPC,AEO2026 Counterfactual Baseline case
p52,2039,0.20692154,0.16036252999999998,0.12601083,0.18066174000000002,SPPC,AEO2026 Counterfactual Baseline case
p52,2040,0.21349951,0.16557821,0.12990717,0.18734234,SPPC,AEO2026 Counterfactual Baseline case
p52,2041,0.21672401,0.16778542999999999,0.13175806,0.18987919,SPPC,AEO2026 Counterfactual Baseline case
p52,2042,0.21952431,0.16968121,0.13322203999999999,0.19208326,SPPC,AEO2026 Counterfactual Baseline case
p52,2043,0.22220367,0.17152277000000002,0.1345841,0.19416803000000002,SPPC,AEO2026 Counterfactual Baseline case
p52,2044,0.22525721,0.17370056,0.1361621,0.19663361,SPPC,AEO2026 Counterfactual Baseline case
p52,2045,0.22868760999999999,0.1761768,0.13801875,0.19940059999999998,SPPC,AEO2026 Counterfactual Baseline case
p52,2046,0.23248608,0.17899672,0.14012917,0.20260947999999998,SPPC,AEO2026 Counterfactual Baseline case
p52,2047,0.23603238999999998,0.18149752,0.14192928999999999,0.2054319,SPPC,AEO2026 Counterfactual Baseline case
p52,2048,0.23947693,0.18377856999999997,0.14355985000000002,0.20789090999999998,SPPC,AEO2026 Counterfactual Baseline case
p52,2049,0.24330957,0.18640727999999998,0.14543406,0.2107481,SPPC,AEO2026 Counterfactual Baseline case
p52,2050,0.24730299,0.18919876,0.14745786,0.21377047999999998,SPPC,AEO2026 Counterfactual Baseline case
p53,2014,0.1313963,0.10106104,0.07336421,0.11591235,SPPC,AEO2026 Counterfactual Baseline case
p53,2015,0.1313963,0.10106104,0.07336421,0.11591235,SPPC,AEO2026 Counterfactual Baseline case
p53,2016,0.1313963,0.10106104,0.07336421,0.11591235,SPPC,AEO2026 Counterfactual Baseline case
p53,2017,0.1313963,0.10106104,0.07336421,0.11591235,SPPC,AEO2026 Counterfactual Baseline case
p53,2018,0.1313963,0.10106104,0.07336421,0.11591235,SPPC,AEO2026 Counterfactual Baseline case
p53,2019,0.1313963,0.10106104,0.07336421,0.11591235,SPPC,AEO2026 Counterfactual Baseline case
p53,2020,0.1313963,0.10106104,0.07336421,0.11591235,SPPC,AEO2026 Counterfactual Baseline case
p53,2021,0.1313963,0.10106104,0.07336421,0.11591235,SPPC,AEO2026 Counterfactual Baseline case
p53,2022,0.1313963,0.10106104,0.07336421,0.11591235,SPPC,AEO2026 Counterfactual Baseline case
p53,2023,0.1313963,0.10106104,0.07336421,0.11591235,SPPC,AEO2026 Counterfactual Baseline case
p53,2024,0.1313963,0.10106104,0.07336421,0.11591235,SPPC,AEO2026 Counterfactual Baseline case
p53,2025,0.1313963,0.10106104,0.07336421,0.11591235,SPPC,AEO2026 Counterfactual Baseline case
p53,2026,0.13218577,0.1012653,0.07414775,0.11591701,SPPC,AEO2026 Counterfactual Baseline case
p53,2027,0.13457328999999998,0.10167944000000001,0.07400558,0.11632429999999999,SPPC,AEO2026 Counterfactual Baseline case
p53,2028,0.13858164,0.10504066,0.07666781,0.11947739,SPPC,AEO2026 Counterfactual Baseline case
p53,2029,0.14279584,0.10873364,0.07917824000000001,0.12347428,SPPC,AEO2026 Counterfactual Baseline case
p53,2030,0.14727732,0.11248198999999999,0.08222927000000001,0.12748381,SPPC,AEO2026 Counterfactual Baseline case
p53,2031,0.15501935,0.11900639,0.08813293,0.13433908,SPPC,AEO2026 Counterfactual Baseline case
p53,2032,0.1689554,0.13088805,0.09990114,0.14594066,SPPC,AEO2026 Counterfactual Baseline case
p53,2033,0.17994786999999998,0.14019337,0.10703125999999999,0.15745586,SPPC,AEO2026 Counterfactual Baseline case
p53,2034,0.18522768,0.14427656,0.11081956999999999,0.16239854999999997,SPPC,AEO2026 Counterfactual Baseline case
p53,2035,0.1887866,0.14679609,0.11303243,0.16588017,SPPC,AEO2026 Counterfactual Baseline case
p53,2036,0.1922592,0.14926282000000002,0.11551626000000001,0.16871431,SPPC,AEO2026 Counterfactual Baseline case
p53,2037,0.19592287,0.15195021,0.11785416,0.17211242999999998,SPPC,AEO2026 Counterfactual Baseline case
p53,2038,0.19928881,0.15440132,0.1200386,0.17499784,SPPC,AEO2026 Counterfactual Baseline case
p53,2039,0.20692154,0.16036252999999998,0.12601083,0.18066174000000002,SPPC,AEO2026 Counterfactual Baseline case
p53,2040,0.21349951,0.16557821,0.12990717,0.18734234,SPPC,AEO2026 Counterfactual Baseline case
p53,2041,0.21672401,0.16778542999999999,0.13175806,0.18987919,SPPC,AEO2026 Counterfactual Baseline case
p53,2042,0.21952431,0.16968121,0.13322203999999999,0.19208326,SPPC,AEO2026 Counterfactual Baseline case
p53,2043,0.22220367,0.17152277000000002,0.1345841,0.19416803000000002,SPPC,AEO2026 Counterfactual Baseline case
p53,2044,0.22525721,0.17370056,0.1361621,0.19663361,SPPC,AEO2026 Counterfactual Baseline case
p53,2045,0.22868760999999999,0.1761768,0.13801875,0.19940059999999998,SPPC,AEO2026 Counterfactual Baseline case
p53,2046,0.23248608,0.17899672,0.14012917,0.20260947999999998,SPPC,AEO2026 Counterfactual Baseline case
p53,2047,0.23603238999999998,0.18149752,0.14192928999999999,0.2054319,SPPC,AEO2026 Counterfactual Baseline case
p53,2048,0.23947693,0.18377856999999997,0.14355985000000002,0.20789090999999998,SPPC,AEO2026 Counterfactual Baseline case
p53,2049,0.24330957,0.18640727999999998,0.14543406,0.2107481,SPPC,AEO2026 Counterfactual Baseline case
p53,2050,0.24730299,0.18919876,0.14745786,0.21377047999999998,SPPC,AEO2026 Counterfactual Baseline case
p54,2014,0.1313963,0.10106104,0.07336421,0.11591235,SPPC,AEO2026 Counterfactual Baseline case
p54,2015,0.1313963,0.10106104,0.07336421,0.11591235,SPPC,AEO2026 Counterfactual Baseline case
p54,2016,0.1313963,0.10106104,0.07336421,0.11591235,SPPC,AEO2026 Counterfactual Baseline case
p54,2017,0.1313963,0.10106104,0.07336421,0.11591235,SPPC,AEO2026 Counterfactual Baseline case
p54,2018,0.1313963,0.10106104,0.07336421,0.11591235,SPPC,AEO2026 Counterfactual Baseline case
p54,2019,0.1313963,0.10106104,0.07336421,0.11591235,SPPC,AEO2026 Counterfactual Baseline case
p54,2020,0.1313963,0.10106104,0.07336421,0.11591235,SPPC,AEO2026 Counterfactual Baseline case
p54,2021,0.1313963,0.10106104,0.07336421,0.11591235,SPPC,AEO2026 Counterfactual Baseline case
p54,2022,0.1313963,0.10106104,0.07336421,0.11591235,SPPC,AEO2026 Counterfactual Baseline case
p54,2023,0.1313963,0.10106104,0.07336421,0.11591235,SPPC,AEO2026 Counterfactual Baseline case
p54,2024,0.1313963,0.10106104,0.07336421,0.11591235,SPPC,AEO2026 Counterfactual Baseline case
p54,2025,0.1313963,0.10106104,0.07336421,0.11591235,SPPC,AEO2026 Counterfactual Baseline case
p54,2026,0.13218577,0.1012653,0.07414775,0.11591701,SPPC,AEO2026 Counterfactual Baseline case
p54,2027,0.13457328999999998,0.10167944000000001,0.07400558,0.11632429999999999,SPPC,AEO2026 Counterfactual Baseline case
p54,2028,0.13858164,0.10504066,0.07666781,0.11947739,SPPC,AEO2026 Counterfactual Baseline case
p54,2029,0.14279584,0.10873364,0.07917824000000001,0.12347428,SPPC,AEO2026 Counterfactual Baseline case
p54,2030,0.14727732,0.11248198999999999,0.08222927000000001,0.12748381,SPPC,AEO2026 Counterfactual Baseline case
p54,2031,0.15501935,0.11900639,0.08813293,0.13433908,SPPC,AEO2026 Counterfactual Baseline case
p54,2032,0.1689554,0.13088805,0.09990114,0.14594066,SPPC,AEO2026 Counterfactual Baseline case
p54,2033,0.17994786999999998,0.14019337,0.10703125999999999,0.15745586,SPPC,AEO2026 Counterfactual Baseline case
p54,2034,0.18522768,0.14427656,0.11081956999999999,0.16239854999999997,SPPC,AEO2026 Counterfactual Baseline case
p54,2035,0.1887866,0.14679609,0.11303243,0.16588017,SPPC,AEO2026 Counterfactual Baseline case
p54,2036,0.1922592,0.14926282000000002,0.11551626000000001,0.16871431,SPPC,AEO2026 Counterfactual Baseline case
p54,2037,0.19592287,0.15195021,0.11785416,0.17211242999999998,SPPC,AEO2026 Counterfactual Baseline case
p54,2038,0.19928881,0.15440132,0.1200386,0.17499784,SPPC,AEO2026 Counterfactual Baseline case
p54,2039,0.20692154,0.16036252999999998,0.12601083,0.18066174000000002,SPPC,AEO2026 Counterfactual Baseline case
p54,2040,0.21349951,0.16557821,0.12990717,0.18734234,SPPC,AEO2026 Counterfactual Baseline case
p54,2041,0.21672401,0.16778542999999999,0.13175806,0.18987919,SPPC,AEO2026 Counterfactual Baseline case
p54,2042,0.21952431,0.16968121,0.13322203999999999,0.19208326,SPPC,AEO2026 Counterfactual Baseline case
p54,2043,0.22220367,0.17152277000000002,0.1345841,0.19416803000000002,SPPC,AEO2026 Counterfactual Baseline case
p54,2044,0.22525721,0.17370056,0.1361621,0.19663361,SPPC,AEO2026 Counterfactual Baseline case
p54,2045,0.22868760999999999,0.1761768,0.13801875,0.19940059999999998,SPPC,AEO2026 Counterfactual Baseline case
p54,2046,0.23248608,0.17899672,0.14012917,0.20260947999999998,SPPC,AEO2026 Counterfactual Baseline case
p54,2047,0.23603238999999998,0.18149752,0.14192928999999999,0.2054319,SPPC,AEO2026 Counterfactual Baseline case
p54,2048,0.23947693,0.18377856999999997,0.14355985000000002,0.20789090999999998,SPPC,AEO2026 Counterfactual Baseline case
p54,2049,0.24330957,0.18640727999999998,0.14543406,0.2107481,SPPC,AEO2026 Counterfactual Baseline case
p54,2050,0.24730299,0.18919876,0.14745786,0.21377047999999998,SPPC,AEO2026 Counterfactual Baseline case
p55,2014,0.1313963,0.10106104,0.07336421,0.11591235,SPPC,AEO2026 Counterfactual Baseline case
p55,2015,0.1313963,0.10106104,0.07336421,0.11591235,SPPC,AEO2026 Counterfactual Baseline case
p55,2016,0.1313963,0.10106104,0.07336421,0.11591235,SPPC,AEO2026 Counterfactual Baseline case
p55,2017,0.1313963,0.10106104,0.07336421,0.11591235,SPPC,AEO2026 Counterfactual Baseline case
p55,2018,0.1313963,0.10106104,0.07336421,0.11591235,SPPC,AEO2026 Counterfactual Baseline case
p55,2019,0.1313963,0.10106104,0.07336421,0.11591235,SPPC,AEO2026 Counterfactual Baseline case
p55,2020,0.1313963,0.10106104,0.07336421,0.11591235,SPPC,AEO2026 Counterfactual Baseline case
p55,2021,0.1313963,0.10106104,0.07336421,0.11591235,SPPC,AEO2026 Counterfactual Baseline case
p55,2022,0.1313963,0.10106104,0.07336421,0.11591235,SPPC,AEO2026 Counterfactual Baseline case
p55,2023,0.1313963,0.10106104,0.07336421,0.11591235,SPPC,AEO2026 Counterfactual Baseline case
p55,2024,0.1313963,0.10106104,0.07336421,0.11591235,SPPC,AEO2026 Counterfactual Baseline case
p55,2025,0.1313963,0.10106104,0.07336421,0.11591235,SPPC,AEO2026 Counterfactual Baseline case
p55,2026,0.13218577,0.1012653,0.07414775,0.11591701,SPPC,AEO2026 Counterfactual Baseline case
p55,2027,0.13457328999999998,0.10167944000000001,0.07400558,0.11632429999999999,SPPC,AEO2026 Counterfactual Baseline case
p55,2028,0.13858164,0.10504066,0.07666781,0.11947739,SPPC,AEO2026 Counterfactual Baseline case
p55,2029,0.14279584,0.10873364,0.07917824000000001,0.12347428,SPPC,AEO2026 Counterfactual Baseline case
p55,2030,0.14727732,0.11248198999999999,0.08222927000000001,0.12748381,SPPC,AEO2026 Counterfactual Baseline case
p55,2031,0.15501935,0.11900639,0.08813293,0.13433908,SPPC,AEO2026 Counterfactual Baseline case
p55,2032,0.1689554,0.13088805,0.09990114,0.14594066,SPPC,AEO2026 Counterfactual Baseline case
p55,2033,0.17994786999999998,0.14019337,0.10703125999999999,0.15745586,SPPC,AEO2026 Counterfactual Baseline case
p55,2034,0.18522768,0.14427656,0.11081956999999999,0.16239854999999997,SPPC,AEO2026 Counterfactual Baseline case
p55,2035,0.1887866,0.14679609,0.11303243,0.16588017,SPPC,AEO2026 Counterfactual Baseline case
p55,2036,0.1922592,0.14926282000000002,0.11551626000000001,0.16871431,SPPC,AEO2026 Counterfactual Baseline case
p55,2037,0.19592287,0.15195021,0.11785416,0.17211242999999998,SPPC,AEO2026 Counterfactual Baseline case
p55,2038,0.19928881,0.15440132,0.1200386,0.17499784,SPPC,AEO2026 Counterfactual Baseline case
p55,2039,0.20692154,0.16036252999999998,0.12601083,0.18066174000000002,SPPC,AEO2026 Counterfactual Baseline case
p55,2040,0.21349951,0.16557821,0.12990717,0.18734234,SPPC,AEO2026 Counterfactual Baseline case
p55,2041,0.21672401,0.16778542999999999,0.13175806,0.18987919,SPPC,AEO2026 Counterfactual Baseline case
p55,2042,0.21952431,0.16968121,0.13322203999999999,0.19208326,SPPC,AEO2026 Counterfactual Baseline case
p55,2043,0.22220367,0.17152277000000002,0.1345841,0.19416803000000002,SPPC,AEO2026 Counterfactual Baseline case
p55,2044,0.22525721,0.17370056,0.1361621,0.19663361,SPPC,AEO2026 Counterfactual Baseline case
p55,2045,0.22868760999999999,0.1761768,0.13801875,0.19940059999999998,SPPC,AEO2026 Counterfactual Baseline case
p55,2046,0.23248608,0.17899672,0.14012917,0.20260947999999998,SPPC,AEO2026 Counterfactual Baseline case
p55,2047,0.23603238999999998,0.18149752,0.14192928999999999,0.2054319,SPPC,AEO2026 Counterfactual Baseline case
p55,2048,0.23947693,0.18377856999999997,0.14355985000000002,0.20789090999999998,SPPC,AEO2026 Counterfactual Baseline case
p55,2049,0.24330957,0.18640727999999998,0.14543406,0.2107481,SPPC,AEO2026 Counterfactual Baseline case
p55,2050,0.24730299,0.18919876,0.14745786,0.21377047999999998,SPPC,AEO2026 Counterfactual Baseline case
p56,2014,0.12372076,0.09610873,0.06560831,0.09431919999999999,SPPS,AEO2026 Counterfactual Baseline case
p56,2015,0.12372076,0.09610873,0.06560831,0.09431919999999999,SPPS,AEO2026 Counterfactual Baseline case
p56,2016,0.12372076,0.09610873,0.06560831,0.09431919999999999,SPPS,AEO2026 Counterfactual Baseline case
p56,2017,0.12372076,0.09610873,0.06560831,0.09431919999999999,SPPS,AEO2026 Counterfactual Baseline case
p56,2018,0.12372076,0.09610873,0.06560831,0.09431919999999999,SPPS,AEO2026 Counterfactual Baseline case
p56,2019,0.12372076,0.09610873,0.06560831,0.09431919999999999,SPPS,AEO2026 Counterfactual Baseline case
p56,2020,0.12372076,0.09610873,0.06560831,0.09431919999999999,SPPS,AEO2026 Counterfactual Baseline case
p56,2021,0.12372076,0.09610873,0.06560831,0.09431919999999999,SPPS,AEO2026 Counterfactual Baseline case
p56,2022,0.12372076,0.09610873,0.06560831,0.09431919999999999,SPPS,AEO2026 Counterfactual Baseline case
p56,2023,0.12372076,0.09610873,0.06560831,0.09431919999999999,SPPS,AEO2026 Counterfactual Baseline case
p56,2024,0.12372076,0.09610873,0.06560831,0.09431919999999999,SPPS,AEO2026 Counterfactual Baseline case
p56,2025,0.12372076,0.09610873,0.06560831,0.09431919999999999,SPPS,AEO2026 Counterfactual Baseline case
p56,2026,0.12749174,0.09530846,0.06687376,0.09563208,SPPS,AEO2026 Counterfactual Baseline case
p56,2027,0.12962615,0.09629170999999999,0.06746765,0.09662388999999999,SPPS,AEO2026 Counterfactual Baseline case
p56,2028,0.13393531,0.10011696,0.07059104,0.10017647,SPPS,AEO2026 Counterfactual Baseline case
p56,2029,0.13939698,0.1046765,0.07406998,0.10465209,SPPS,AEO2026 Counterfactual Baseline case
p56,2030,0.14393136,0.10827764999999999,0.07684384999999999,0.10828789,SPPS,AEO2026 Counterfactual Baseline case
p56,2031,0.14926416,0.11286334,0.08083175000000001,0.1128148,SPPS,AEO2026 Counterfactual Baseline case
p56,2032,0.15764279,0.1206218,0.08782345,0.12028917,SPPS,AEO2026 Counterfactual Baseline case
p56,2033,0.16454351,0.12600245,0.09173965,0.12605853,SPPS,AEO2026 Counterfactual Baseline case
p56,2034,0.16748478,0.12795721000000002,0.09312977,0.12822939,SPPS,AEO2026 Counterfactual Baseline case
p56,2035,0.17050877,0.13041258,0.0952828,0.1306013,SPPS,AEO2026 Counterfactual Baseline case
p56,2036,0.17495049999999998,0.13397224,0.09820677,0.13412399,SPPS,AEO2026 Counterfactual Baseline case
p56,2037,0.17935890000000002,0.13730757999999998,0.10080091,0.13749228,SPPS,AEO2026 Counterfactual Baseline case
p56,2038,0.18301872,0.13981147,0.10257548,0.14010825999999998,SPPS,AEO2026 Counterfactual Baseline case
p56,2039,0.18913727000000002,0.14525264,0.10746848,0.14513326,SPPS,AEO2026 Counterfactual Baseline case
p56,2040,0.19776188,0.15240452,0.11326366,0.15217598000000002,SPPS,AEO2026 Counterfactual Baseline case
p56,2041,0.20361291999999998,0.15642074,0.11588419999999999,0.1563565,SPPS,AEO2026 Counterfactual Baseline case
p56,2042,0.20732251999999998,0.15875037,0.1174269,0.15859120000000002,SPPS,AEO2026 Counterfactual Baseline case
p56,2043,0.21078053,0.16090788,0.11887271,0.16059969,SPPS,AEO2026 Counterfactual Baseline case
p56,2044,0.21484629000000002,0.16357862,0.12072988999999999,0.16312211999999998,SPPS,AEO2026 Counterfactual Baseline case
p56,2045,0.21920118,0.16636509,0.12265245999999999,0.16576633000000002,SPPS,AEO2026 Counterfactual Baseline case
p56,2046,0.22383709,0.16940162999999997,0.12474684,0.16865725999999998,SPPS,AEO2026 Counterfactual Baseline case
p56,2047,0.22828909,0.17203669000000002,0.12640580999999998,0.17120166999999997,SPPS,AEO2026 Counterfactual Baseline case
p56,2048,0.23247046000000002,0.17451485000000003,0.12806236999999998,0.17349616999999998,SPPS,AEO2026 Counterfactual Baseline case
p56,2049,0.23703807999999998,0.17738001,0.12996408,0.17610932999999998,SPPS,AEO2026 Counterfactual Baseline case
p56,2050,0.24189522,0.18049751,0.13203699,0.1789723,SPPS,AEO2026 Counterfactual Baseline case
p57,2014,0.12372076,0.09610873,0.06560831,0.09431919999999999,SPPS,AEO2026 Counterfactual Baseline case
p57,2015,0.12372076,0.09610873,0.06560831,0.09431919999999999,SPPS,AEO2026 Counterfactual Baseline case
p57,2016,0.12372076,0.09610873,0.06560831,0.09431919999999999,SPPS,AEO2026 Counterfactual Baseline case
p57,2017,0.12372076,0.09610873,0.06560831,0.09431919999999999,SPPS,AEO2026 Counterfactual Baseline case
p57,2018,0.12372076,0.09610873,0.06560831,0.09431919999999999,SPPS,AEO2026 Counterfactual Baseline case
p57,2019,0.12372076,0.09610873,0.06560831,0.09431919999999999,SPPS,AEO2026 Counterfactual Baseline case
p57,2020,0.12372076,0.09610873,0.06560831,0.09431919999999999,SPPS,AEO2026 Counterfactual Baseline case
p57,2021,0.12372076,0.09610873,0.06560831,0.09431919999999999,SPPS,AEO2026 Counterfactual Baseline case
p57,2022,0.12372076,0.09610873,0.06560831,0.09431919999999999,SPPS,AEO2026 Counterfactual Baseline case
p57,2023,0.12372076,0.09610873,0.06560831,0.09431919999999999,SPPS,AEO2026 Counterfactual Baseline case
p57,2024,0.12372076,0.09610873,0.06560831,0.09431919999999999,SPPS,AEO2026 Counterfactual Baseline case
p57,2025,0.12372076,0.09610873,0.06560831,0.09431919999999999,SPPS,AEO2026 Counterfactual Baseline case
p57,2026,0.12749174,0.09530846,0.06687376,0.09563208,SPPS,AEO2026 Counterfactual Baseline case
p57,2027,0.12962615,0.09629170999999999,0.06746765,0.09662388999999999,SPPS,AEO2026 Counterfactual Baseline case
p57,2028,0.13393531,0.10011696,0.07059104,0.10017647,SPPS,AEO2026 Counterfactual Baseline case
p57,2029,0.13939698,0.1046765,0.07406998,0.10465209,SPPS,AEO2026 Counterfactual Baseline case
p57,2030,0.14393136,0.10827764999999999,0.07684384999999999,0.10828789,SPPS,AEO2026 Counterfactual Baseline case
p57,2031,0.14926416,0.11286334,0.08083175000000001,0.1128148,SPPS,AEO2026 Counterfactual Baseline case
p57,2032,0.15764279,0.1206218,0.08782345,0.12028917,SPPS,AEO2026 Counterfactual Baseline case
p57,2033,0.16454351,0.12600245,0.09173965,0.12605853,SPPS,AEO2026 Counterfactual Baseline case
p57,2034,0.16748478,0.12795721000000002,0.09312977,0.12822939,SPPS,AEO2026 Counterfactual Baseline case
p57,2035,0.17050877,0.13041258,0.0952828,0.1306013,SPPS,AEO2026 Counterfactual Baseline case
p57,2036,0.17495049999999998,0.13397224,0.09820677,0.13412399,SPPS,AEO2026 Counterfactual Baseline case
p57,2037,0.17935890000000002,0.13730757999999998,0.10080091,0.13749228,SPPS,AEO2026 Counterfactual Baseline case
p57,2038,0.18301872,0.13981147,0.10257548,0.14010825999999998,SPPS,AEO2026 Counterfactual Baseline case
p57,2039,0.18913727000000002,0.14525264,0.10746848,0.14513326,SPPS,AEO2026 Counterfactual Baseline case
p57,2040,0.19776188,0.15240452,0.11326366,0.15217598000000002,SPPS,AEO2026 Counterfactual Baseline case
p57,2041,0.20361291999999998,0.15642074,0.11588419999999999,0.1563565,SPPS,AEO2026 Counterfactual Baseline case
p57,2042,0.20732251999999998,0.15875037,0.1174269,0.15859120000000002,SPPS,AEO2026 Counterfactual Baseline case
p57,2043,0.21078053,0.16090788,0.11887271,0.16059969,SPPS,AEO2026 Counterfactual Baseline case
p57,2044,0.21484629000000002,0.16357862,0.12072988999999999,0.16312211999999998,SPPS,AEO2026 Counterfactual Baseline case
p57,2045,0.21920118,0.16636509,0.12265245999999999,0.16576633000000002,SPPS,AEO2026 Counterfactual Baseline case
p57,2046,0.22383709,0.16940162999999997,0.12474684,0.16865725999999998,SPPS,AEO2026 Counterfactual Baseline case
p57,2047,0.22828909,0.17203669000000002,0.12640580999999998,0.17120166999999997,SPPS,AEO2026 Counterfactual Baseline case
p57,2048,0.23247046000000002,0.17451485000000003,0.12806236999999998,0.17349616999999998,SPPS,AEO2026 Counterfactual Baseline case
p57,2049,0.23703807999999998,0.17738001,0.12996408,0.17610932999999998,SPPS,AEO2026 Counterfactual Baseline case
p57,2050,0.24189522,0.18049751,0.13203699,0.1789723,SPPS,AEO2026 Counterfactual Baseline case
p58,2014,0.14895734,0.11649146,0.06849786,0.10766488,MISS,AEO2026 Counterfactual Baseline case
p58,2015,0.14895734,0.11649146,0.06849786,0.10766488,MISS,AEO2026 Counterfactual Baseline case
p58,2016,0.14895734,0.11649146,0.06849786,0.10766488,MISS,AEO2026 Counterfactual Baseline case
p58,2017,0.14895734,0.11649146,0.06849786,0.10766488,MISS,AEO2026 Counterfactual Baseline case
p58,2018,0.14895734,0.11649146,0.06849786,0.10766488,MISS,AEO2026 Counterfactual Baseline case
p58,2019,0.14895734,0.11649146,0.06849786,0.10766488,MISS,AEO2026 Counterfactual Baseline case
p58,2020,0.14895734,0.11649146,0.06849786,0.10766488,MISS,AEO2026 Counterfactual Baseline case
p58,2021,0.14895734,0.11649146,0.06849786,0.10766488,MISS,AEO2026 Counterfactual Baseline case
p58,2022,0.14895734,0.11649146,0.06849786,0.10766488,MISS,AEO2026 Counterfactual Baseline case
p58,2023,0.14895734,0.11649146,0.06849786,0.10766488,MISS,AEO2026 Counterfactual Baseline case
p58,2024,0.14895734,0.11649146,0.06849786,0.10766488,MISS,AEO2026 Counterfactual Baseline case
p58,2025,0.14895734,0.11649146,0.06849786,0.10766488,MISS,AEO2026 Counterfactual Baseline case
p58,2026,0.15153662,0.11680747999999999,0.07067127000000001,0.11051515,MISS,AEO2026 Counterfactual Baseline case
p58,2027,0.15149126000000002,0.11458833,0.06837829000000001,0.10919991,MISS,AEO2026 Counterfactual Baseline case
p58,2028,0.15227026999999999,0.11549529,0.06898103,0.10971033000000001,MISS,AEO2026 Counterfactual Baseline case
p58,2029,0.15714036,0.12009252,0.07206317999999999,0.11376582,MISS,AEO2026 Counterfactual Baseline case
p58,2030,0.16436424,0.12675013999999998,0.07671526000000001,0.11987287,MISS,AEO2026 Counterfactual Baseline case
p58,2031,0.17278322,0.13454883,0.08225985,0.12719995,MISS,AEO2026 Counterfactual Baseline case
p58,2032,0.18208654,0.14319541,0.08855473999999999,0.13534019,MISS,AEO2026 Counterfactual Baseline case
p58,2033,0.1881617,0.14781602,0.09127267,0.14051963,MISS,AEO2026 Counterfactual Baseline case
p58,2034,0.19029785,0.14928468,0.09208576,0.14232291,MISS,AEO2026 Counterfactual Baseline case
p58,2035,0.19251000999999998,0.15146626,0.09380347,0.14412993999999998,MISS,AEO2026 Counterfactual Baseline case
p58,2036,0.19456001,0.15323235000000002,0.09503916999999999,0.14579238,MISS,AEO2026 Counterfactual Baseline case
p58,2037,0.19813921,0.15633606,0.09712391000000001,0.14883266,MISS,AEO2026 Counterfactual Baseline case
p58,2038,0.20212461,0.15967008,0.09921709,0.15226347,MISS,AEO2026 Counterfactual Baseline case
p58,2039,0.20570429,0.16237814,0.10085261,0.15507763,MISS,AEO2026 Counterfactual Baseline case
p58,2040,0.20942077999999997,0.16532039999999998,0.10276916999999999,0.15796505,MISS,AEO2026 Counterfactual Baseline case
p58,2041,0.21315781,0.16854469000000002,0.10469853999999999,0.16115019,MISS,AEO2026 Counterfactual Baseline case
p58,2042,0.21654301,0.17129149999999999,0.10622809,0.16403851,MISS,AEO2026 Counterfactual Baseline case
p58,2043,0.21939837,0.1736578,0.10747769,0.16639296,MISS,AEO2026 Counterfactual Baseline case
p58,2044,0.22292774,0.17661545,0.10915284,0.16928497,MISS,AEO2026 Counterfactual Baseline case
p58,2045,0.22784756,0.18092562,0.11193336000000001,0.17324402,MISS,AEO2026 Counterfactual Baseline case
p58,2046,0.23399933,0.18647573,0.11558572,0.17833127999999998,MISS,AEO2026 Counterfactual Baseline case
p58,2047,0.24002081,0.19155684,0.11864693000000001,0.18331066,MISS,AEO2026 Counterfactual Baseline case
p58,2048,0.24543552,0.19626596,0.12155309,0.18769355999999998,MISS,AEO2026 Counterfactual Baseline case
p58,2049,0.25093451,0.20095444,0.12432773,0.19212133,MISS,AEO2026 Counterfactual Baseline case
p58,2050,0.25566744,0.2048613,0.12647652,0.19587592999999998,MISS,AEO2026 Counterfactual Baseline case
p59,2014,0.15528633,0.12542554,0.07672785,0.13463136,SRSG,AEO2026 Counterfactual Baseline case
p59,2015,0.15528633,0.12542554,0.07672785,0.13463136,SRSG,AEO2026 Counterfactual Baseline case
p59,2016,0.15528633,0.12542554,0.07672785,0.13463136,SRSG,AEO2026 Counterfactual Baseline case
p59,2017,0.15528633,0.12542554,0.07672785,0.13463136,SRSG,AEO2026 Counterfactual Baseline case
p59,2018,0.15528633,0.12542554,0.07672785,0.13463136,SRSG,AEO2026 Counterfactual Baseline case
p59,2019,0.15528633,0.12542554,0.07672785,0.13463136,SRSG,AEO2026 Counterfactual Baseline case
p59,2020,0.15528633,0.12542554,0.07672785,0.13463136,SRSG,AEO2026 Counterfactual Baseline case
p59,2021,0.15528633,0.12542554,0.07672785,0.13463136,SRSG,AEO2026 Counterfactual Baseline case
p59,2022,0.15528633,0.12542554,0.07672785,0.13463136,SRSG,AEO2026 Counterfactual Baseline case
p59,2023,0.15528633,0.12542554,0.07672785,0.13463136,SRSG,AEO2026 Counterfactual Baseline case
p59,2024,0.15528633,0.12542554,0.07672785,0.13463136,SRSG,AEO2026 Counterfactual Baseline case
p59,2025,0.15528633,0.12542554,0.07672785,0.13463136,SRSG,AEO2026 Counterfactual Baseline case
p59,2026,0.16235943,0.13019474,0.07974967999999999,0.13862001,SRSG,AEO2026 Counterfactual Baseline case
p59,2027,0.16345676,0.12908598,0.07816041,0.13779156,SRSG,AEO2026 Counterfactual Baseline case
p59,2028,0.16308407,0.12826282,0.07699725,0.13648300000000002,SRSG,AEO2026 Counterfactual Baseline case
p59,2029,0.16496391,0.12949080999999998,0.07713162999999999,0.13748839000000002,SRSG,AEO2026 Counterfactual Baseline case
p59,2030,0.16769472,0.13135122000000002,0.07781843000000001,0.13938523,SRSG,AEO2026 Counterfactual Baseline case
p59,2031,0.17158867,0.13451385,0.07993452,0.14217786999999998,SRSG,AEO2026 Counterfactual Baseline case
p59,2032,0.17650352000000002,0.13830406,0.08207157000000001,0.14625759,SRSG,AEO2026 Counterfactual Baseline case
p59,2033,0.18040279,0.14088037,0.08323485,0.14927075,SRSG,AEO2026 Counterfactual Baseline case
p59,2034,0.18225539999999998,0.14115425,0.08339229,0.15013534,SRSG,AEO2026 Counterfactual Baseline case
p59,2035,0.18452953,0.14241245,0.08425034,0.1511979,SRSG,AEO2026 Counterfactual Baseline case
p59,2036,0.18854631000000002,0.14515471,0.08614265,0.15386051,SRSG,AEO2026 Counterfactual Baseline case
p59,2037,0.19522419,0.15036682,0.08974562999999999,0.15896554,SRSG,AEO2026 Counterfactual Baseline case
p59,2038,0.20202957000000002,0.15562281,0.09182620999999999,0.16436804,SRSG,AEO2026 Counterfactual Baseline case
p59,2039,0.20802673,0.15973110000000001,0.09412923,0.16876263000000002,SRSG,AEO2026 Counterfactual Baseline case
p59,2040,0.21236208,0.16222233,0.09536082,0.17153379000000002,SRSG,AEO2026 Counterfactual Baseline case
p59,2041,0.2158498,0.16397901999999998,0.09605275,0.1734573,SRSG,AEO2026 Counterfactual Baseline case
p59,2042,0.21945097,0.16587706000000002,0.09658681,0.17547079,SRSG,AEO2026 Counterfactual Baseline case
p59,2043,0.22287004,0.16758585,0.09700348,0.17725405,SRSG,AEO2026 Counterfactual Baseline case
p59,2044,0.22679908999999998,0.16977644000000003,0.09779415,0.17941133,SRSG,AEO2026 Counterfactual Baseline case
p59,2045,0.23118787999999998,0.17223648,0.09886656,0.18191288,SRSG,AEO2026 Counterfactual Baseline case
p59,2046,0.23574141999999998,0.17490377,0.10014834,0.18456136999999997,SRSG,AEO2026 Counterfactual Baseline case
p59,2047,0.24060890000000001,0.17778521000000003,0.10154351,0.18745275,SRSG,AEO2026 Counterfactual Baseline case
p59,2048,0.24501369,0.18027463999999999,0.10234584,0.19010850999999998,SRSG,AEO2026 Counterfactual Baseline case
p59,2049,0.24933954,0.18255781,0.10325388,0.19240649999999998,SRSG,AEO2026 Counterfactual Baseline case
p59,2050,0.25444834,0.18564002999999998,0.10472944999999999,0.19547039000000002,SRSG,AEO2026 Counterfactual Baseline case
p60,2014,0.12333269,0.09084733,0.07613172,0.0970636,TRE,AEO2026 Counterfactual Baseline case
p60,2015,0.12333269,0.09084733,0.07613172,0.0970636,TRE,AEO2026 Counterfactual Baseline case
p60,2016,0.12333269,0.09084733,0.07613172,0.0970636,TRE,AEO2026 Counterfactual Baseline case
p60,2017,0.12333269,0.09084733,0.07613172,0.0970636,TRE,AEO2026 Counterfactual Baseline case
p60,2018,0.12333269,0.09084733,0.07613172,0.0970636,TRE,AEO2026 Counterfactual Baseline case
p60,2019,0.12333269,0.09084733,0.07613172,0.0970636,TRE,AEO2026 Counterfactual Baseline case
p60,2020,0.12333269,0.09084733,0.07613172,0.0970636,TRE,AEO2026 Counterfactual Baseline case
p60,2021,0.12333269,0.09084733,0.07613172,0.0970636,TRE,AEO2026 Counterfactual Baseline case
p60,2022,0.12333269,0.09084733,0.07613172,0.0970636,TRE,AEO2026 Counterfactual Baseline case
p60,2023,0.12333269,0.09084733,0.07613172,0.0970636,TRE,AEO2026 Counterfactual Baseline case
p60,2024,0.12333269,0.09084733,0.07613172,0.0970636,TRE,AEO2026 Counterfactual Baseline case
p60,2025,0.12333269,0.09084733,0.07613172,0.0970636,TRE,AEO2026 Counterfactual Baseline case
p60,2026,0.12290406000000001,0.08798146,0.07351941000000001,0.09537374,TRE,AEO2026 Counterfactual Baseline case
p60,2027,0.12925529,0.09324289999999999,0.07783215,0.10061184000000001,TRE,AEO2026 Counterfactual Baseline case
p60,2028,0.13358196,0.09696054,0.08105330000000001,0.10448344999999999,TRE,AEO2026 Counterfactual Baseline case
p60,2029,0.14219827000000002,0.10436627,0.08702527,0.11185689,TRE,AEO2026 Counterfactual Baseline case
p60,2030,0.14853225,0.10960070999999999,0.09156621,0.11741423,TRE,AEO2026 Counterfactual Baseline case
p60,2031,0.16285038,0.12229395,0.10237080000000001,0.13015695,TRE,AEO2026 Counterfactual Baseline case
p60,2032,0.16363775,0.1222079,0.10328981000000001,0.1311456,TRE,AEO2026 Counterfactual Baseline case
p60,2033,0.16347435000000002,0.12164723999999999,0.10303568,0.13107884,TRE,AEO2026 Counterfactual Baseline case
p60,2034,0.16809765,0.12481476000000001,0.10477479,0.13452937,TRE,AEO2026 Counterfactual Baseline case
p60,2035,0.16893999,0.12479753,0.10424172000000001,0.13469543,TRE,AEO2026 Counterfactual Baseline case
p60,2036,0.17362053,0.12783626,0.10670607,0.13844466,TRE,AEO2026 Counterfactual Baseline case
p60,2037,0.17901243,0.13183113000000002,0.10999938999999999,0.14279358,TRE,AEO2026 Counterfactual Baseline case
p60,2038,0.19165375,0.14187741,0.1183549,0.15363026,TRE,AEO2026 Counterfactual Baseline case
p60,2039,0.19541735,0.14400016000000002,0.12065063999999999,0.15579385,TRE,AEO2026 Counterfactual Baseline case
p60,2040,0.19734383,0.14460136,0.12074137,0.15656095,TRE,AEO2026 Counterfactual Baseline case
p60,2041,0.19274195,0.14022387,0.11590634,0.15257173999999998,TRE,AEO2026 Counterfactual Baseline case
p60,2042,0.19698481,0.14360644,0.11863022000000001,0.15616028999999998,TRE,AEO2026 Counterfactual Baseline case
p60,2043,0.20081615,0.14671899,0.12118661,0.15965789,TRE,AEO2026 Counterfactual Baseline case
p60,2044,0.20367180000000001,0.14888945,0.122827,0.16205423,TRE,AEO2026 Counterfactual Baseline case
p60,2045,0.20706404,0.15106298,0.12444008999999999,0.16433054,TRE,AEO2026 Counterfactual Baseline case
p60,2046,0.21121508,0.15389943,0.12666473,0.16733399999999998,TRE,AEO2026 Counterfactual Baseline case
p60,2047,0.21551722,0.15680884,0.12899058,0.1704471,TRE,AEO2026 Counterfactual Baseline case
p60,2048,0.21836983,0.15850472,0.13014922,0.1722418,TRE,AEO2026 Counterfactual Baseline case
p60,2049,0.2216572,0.16051577000000003,0.13157741,0.17429703,TRE,AEO2026 Counterfactual Baseline case
p60,2050,0.22513132,0.16256834,0.13299319,0.17651071999999998,TRE,AEO2026 Counterfactual Baseline case
p61,2014,0.12333269,0.09084733,0.07613172,0.0970636,TRE,AEO2026 Counterfactual Baseline case
p61,2015,0.12333269,0.09084733,0.07613172,0.0970636,TRE,AEO2026 Counterfactual Baseline case
p61,2016,0.12333269,0.09084733,0.07613172,0.0970636,TRE,AEO2026 Counterfactual Baseline case
p61,2017,0.12333269,0.09084733,0.07613172,0.0970636,TRE,AEO2026 Counterfactual Baseline case
p61,2018,0.12333269,0.09084733,0.07613172,0.0970636,TRE,AEO2026 Counterfactual Baseline case
p61,2019,0.12333269,0.09084733,0.07613172,0.0970636,TRE,AEO2026 Counterfactual Baseline case
p61,2020,0.12333269,0.09084733,0.07613172,0.0970636,TRE,AEO2026 Counterfactual Baseline case
p61,2021,0.12333269,0.09084733,0.07613172,0.0970636,TRE,AEO2026 Counterfactual Baseline case
p61,2022,0.12333269,0.09084733,0.07613172,0.0970636,TRE,AEO2026 Counterfactual Baseline case
p61,2023,0.12333269,0.09084733,0.07613172,0.0970636,TRE,AEO2026 Counterfactual Baseline case
p61,2024,0.12333269,0.09084733,0.07613172,0.0970636,TRE,AEO2026 Counterfactual Baseline case
p61,2025,0.12333269,0.09084733,0.07613172,0.0970636,TRE,AEO2026 Counterfactual Baseline case
p61,2026,0.12290406000000001,0.08798146,0.07351941000000001,0.09537374,TRE,AEO2026 Counterfactual Baseline case
p61,2027,0.12925529,0.09324289999999999,0.07783215,0.10061184000000001,TRE,AEO2026 Counterfactual Baseline case
p61,2028,0.13358196,0.09696054,0.08105330000000001,0.10448344999999999,TRE,AEO2026 Counterfactual Baseline case
p61,2029,0.14219827000000002,0.10436627,0.08702527,0.11185689,TRE,AEO2026 Counterfactual Baseline case
p61,2030,0.14853225,0.10960070999999999,0.09156621,0.11741423,TRE,AEO2026 Counterfactual Baseline case
p61,2031,0.16285038,0.12229395,0.10237080000000001,0.13015695,TRE,AEO2026 Counterfactual Baseline case
p61,2032,0.16363775,0.1222079,0.10328981000000001,0.1311456,TRE,AEO2026 Counterfactual Baseline case
p61,2033,0.16347435000000002,0.12164723999999999,0.10303568,0.13107884,TRE,AEO2026 Counterfactual Baseline case
p61,2034,0.16809765,0.12481476000000001,0.10477479,0.13452937,TRE,AEO2026 Counterfactual Baseline case
p61,2035,0.16893999,0.12479753,0.10424172000000001,0.13469543,TRE,AEO2026 Counterfactual Baseline case
p61,2036,0.17362053,0.12783626,0.10670607,0.13844466,TRE,AEO2026 Counterfactual Baseline case
p61,2037,0.17901243,0.13183113000000002,0.10999938999999999,0.14279358,TRE,AEO2026 Counterfactual Baseline case
p61,2038,0.19165375,0.14187741,0.1183549,0.15363026,TRE,AEO2026 Counterfactual Baseline case
p61,2039,0.19541735,0.14400016000000002,0.12065063999999999,0.15579385,TRE,AEO2026 Counterfactual Baseline case
p61,2040,0.19734383,0.14460136,0.12074137,0.15656095,TRE,AEO2026 Counterfactual Baseline case
p61,2041,0.19274195,0.14022387,0.11590634,0.15257173999999998,TRE,AEO2026 Counterfactual Baseline case
p61,2042,0.19698481,0.14360644,0.11863022000000001,0.15616028999999998,TRE,AEO2026 Counterfactual Baseline case
p61,2043,0.20081615,0.14671899,0.12118661,0.15965789,TRE,AEO2026 Counterfactual Baseline case
p61,2044,0.20367180000000001,0.14888945,0.122827,0.16205423,TRE,AEO2026 Counterfactual Baseline case
p61,2045,0.20706404,0.15106298,0.12444008999999999,0.16433054,TRE,AEO2026 Counterfactual Baseline case
p61,2046,0.21121508,0.15389943,0.12666473,0.16733399999999998,TRE,AEO2026 Counterfactual Baseline case
p61,2047,0.21551722,0.15680884,0.12899058,0.1704471,TRE,AEO2026 Counterfactual Baseline case
p61,2048,0.21836983,0.15850472,0.13014922,0.1722418,TRE,AEO2026 Counterfactual Baseline case
p61,2049,0.2216572,0.16051577000000003,0.13157741,0.17429703,TRE,AEO2026 Counterfactual Baseline case
p61,2050,0.22513132,0.16256834,0.13299319,0.17651071999999998,TRE,AEO2026 Counterfactual Baseline case
p62,2014,0.12333269,0.09084733,0.07613172,0.0970636,TRE,AEO2026 Counterfactual Baseline case
p62,2015,0.12333269,0.09084733,0.07613172,0.0970636,TRE,AEO2026 Counterfactual Baseline case
p62,2016,0.12333269,0.09084733,0.07613172,0.0970636,TRE,AEO2026 Counterfactual Baseline case
p62,2017,0.12333269,0.09084733,0.07613172,0.0970636,TRE,AEO2026 Counterfactual Baseline case
p62,2018,0.12333269,0.09084733,0.07613172,0.0970636,TRE,AEO2026 Counterfactual Baseline case
p62,2019,0.12333269,0.09084733,0.07613172,0.0970636,TRE,AEO2026 Counterfactual Baseline case
p62,2020,0.12333269,0.09084733,0.07613172,0.0970636,TRE,AEO2026 Counterfactual Baseline case
p62,2021,0.12333269,0.09084733,0.07613172,0.0970636,TRE,AEO2026 Counterfactual Baseline case
p62,2022,0.12333269,0.09084733,0.07613172,0.0970636,TRE,AEO2026 Counterfactual Baseline case
p62,2023,0.12333269,0.09084733,0.07613172,0.0970636,TRE,AEO2026 Counterfactual Baseline case
p62,2024,0.12333269,0.09084733,0.07613172,0.0970636,TRE,AEO2026 Counterfactual Baseline case
p62,2025,0.12333269,0.09084733,0.07613172,0.0970636,TRE,AEO2026 Counterfactual Baseline case
p62,2026,0.12290406000000001,0.08798146,0.07351941000000001,0.09537374,TRE,AEO2026 Counterfactual Baseline case
p62,2027,0.12925529,0.09324289999999999,0.07783215,0.10061184000000001,TRE,AEO2026 Counterfactual Baseline case
p62,2028,0.13358196,0.09696054,0.08105330000000001,0.10448344999999999,TRE,AEO2026 Counterfactual Baseline case
p62,2029,0.14219827000000002,0.10436627,0.08702527,0.11185689,TRE,AEO2026 Counterfactual Baseline case
p62,2030,0.14853225,0.10960070999999999,0.09156621,0.11741423,TRE,AEO2026 Counterfactual Baseline case
p62,2031,0.16285038,0.12229395,0.10237080000000001,0.13015695,TRE,AEO2026 Counterfactual Baseline case
p62,2032,0.16363775,0.1222079,0.10328981000000001,0.1311456,TRE,AEO2026 Counterfactual Baseline case
p62,2033,0.16347435000000002,0.12164723999999999,0.10303568,0.13107884,TRE,AEO2026 Counterfactual Baseline case
p62,2034,0.16809765,0.12481476000000001,0.10477479,0.13452937,TRE,AEO2026 Counterfactual Baseline case
p62,2035,0.16893999,0.12479753,0.10424172000000001,0.13469543,TRE,AEO2026 Counterfactual Baseline case
p62,2036,0.17362053,0.12783626,0.10670607,0.13844466,TRE,AEO2026 Counterfactual Baseline case
p62,2037,0.17901243,0.13183113000000002,0.10999938999999999,0.14279358,TRE,AEO2026 Counterfactual Baseline case
p62,2038,0.19165375,0.14187741,0.1183549,0.15363026,TRE,AEO2026 Counterfactual Baseline case
p62,2039,0.19541735,0.14400016000000002,0.12065063999999999,0.15579385,TRE,AEO2026 Counterfactual Baseline case
p62,2040,0.19734383,0.14460136,0.12074137,0.15656095,TRE,AEO2026 Counterfactual Baseline case
p62,2041,0.19274195,0.14022387,0.11590634,0.15257173999999998,TRE,AEO2026 Counterfactual Baseline case
p62,2042,0.19698481,0.14360644,0.11863022000000001,0.15616028999999998,TRE,AEO2026 Counterfactual Baseline case
p62,2043,0.20081615,0.14671899,0.12118661,0.15965789,TRE,AEO2026 Counterfactual Baseline case
p62,2044,0.20367180000000001,0.14888945,0.122827,0.16205423,TRE,AEO2026 Counterfactual Baseline case
p62,2045,0.20706404,0.15106298,0.12444008999999999,0.16433054,TRE,AEO2026 Counterfactual Baseline case
p62,2046,0.21121508,0.15389943,0.12666473,0.16733399999999998,TRE,AEO2026 Counterfactual Baseline case
p62,2047,0.21551722,0.15680884,0.12899058,0.1704471,TRE,AEO2026 Counterfactual Baseline case
p62,2048,0.21836983,0.15850472,0.13014922,0.1722418,TRE,AEO2026 Counterfactual Baseline case
p62,2049,0.2216572,0.16051577000000003,0.13157741,0.17429703,TRE,AEO2026 Counterfactual Baseline case
p62,2050,0.22513132,0.16256834,0.13299319,0.17651071999999998,TRE,AEO2026 Counterfactual Baseline case
p63,2014,0.12333269,0.09084733,0.07613172,0.0970636,TRE,AEO2026 Counterfactual Baseline case
p63,2015,0.12333269,0.09084733,0.07613172,0.0970636,TRE,AEO2026 Counterfactual Baseline case
p63,2016,0.12333269,0.09084733,0.07613172,0.0970636,TRE,AEO2026 Counterfactual Baseline case
p63,2017,0.12333269,0.09084733,0.07613172,0.0970636,TRE,AEO2026 Counterfactual Baseline case
p63,2018,0.12333269,0.09084733,0.07613172,0.0970636,TRE,AEO2026 Counterfactual Baseline case
p63,2019,0.12333269,0.09084733,0.07613172,0.0970636,TRE,AEO2026 Counterfactual Baseline case
p63,2020,0.12333269,0.09084733,0.07613172,0.0970636,TRE,AEO2026 Counterfactual Baseline case
p63,2021,0.12333269,0.09084733,0.07613172,0.0970636,TRE,AEO2026 Counterfactual Baseline case
p63,2022,0.12333269,0.09084733,0.07613172,0.0970636,TRE,AEO2026 Counterfactual Baseline case
p63,2023,0.12333269,0.09084733,0.07613172,0.0970636,TRE,AEO2026 Counterfactual Baseline case
p63,2024,0.12333269,0.09084733,0.07613172,0.0970636,TRE,AEO2026 Counterfactual Baseline case
p63,2025,0.12333269,0.09084733,0.07613172,0.0970636,TRE,AEO2026 Counterfactual Baseline case
p63,2026,0.12290406000000001,0.08798146,0.07351941000000001,0.09537374,TRE,AEO2026 Counterfactual Baseline case
p63,2027,0.12925529,0.09324289999999999,0.07783215,0.10061184000000001,TRE,AEO2026 Counterfactual Baseline case
p63,2028,0.13358196,0.09696054,0.08105330000000001,0.10448344999999999,TRE,AEO2026 Counterfactual Baseline case
p63,2029,0.14219827000000002,0.10436627,0.08702527,0.11185689,TRE,AEO2026 Counterfactual Baseline case
p63,2030,0.14853225,0.10960070999999999,0.09156621,0.11741423,TRE,AEO2026 Counterfactual Baseline case
p63,2031,0.16285038,0.12229395,0.10237080000000001,0.13015695,TRE,AEO2026 Counterfactual Baseline case
p63,2032,0.16363775,0.1222079,0.10328981000000001,0.1311456,TRE,AEO2026 Counterfactual Baseline case
p63,2033,0.16347435000000002,0.12164723999999999,0.10303568,0.13107884,TRE,AEO2026 Counterfactual Baseline case
p63,2034,0.16809765,0.12481476000000001,0.10477479,0.13452937,TRE,AEO2026 Counterfactual Baseline case
p63,2035,0.16893999,0.12479753,0.10424172000000001,0.13469543,TRE,AEO2026 Counterfactual Baseline case
p63,2036,0.17362053,0.12783626,0.10670607,0.13844466,TRE,AEO2026 Counterfactual Baseline case
p63,2037,0.17901243,0.13183113000000002,0.10999938999999999,0.14279358,TRE,AEO2026 Counterfactual Baseline case
p63,2038,0.19165375,0.14187741,0.1183549,0.15363026,TRE,AEO2026 Counterfactual Baseline case
p63,2039,0.19541735,0.14400016000000002,0.12065063999999999,0.15579385,TRE,AEO2026 Counterfactual Baseline case
p63,2040,0.19734383,0.14460136,0.12074137,0.15656095,TRE,AEO2026 Counterfactual Baseline case
p63,2041,0.19274195,0.14022387,0.11590634,0.15257173999999998,TRE,AEO2026 Counterfactual Baseline case
p63,2042,0.19698481,0.14360644,0.11863022000000001,0.15616028999999998,TRE,AEO2026 Counterfactual Baseline case
p63,2043,0.20081615,0.14671899,0.12118661,0.15965789,TRE,AEO2026 Counterfactual Baseline case
p63,2044,0.20367180000000001,0.14888945,0.122827,0.16205423,TRE,AEO2026 Counterfactual Baseline case
p63,2045,0.20706404,0.15106298,0.12444008999999999,0.16433054,TRE,AEO2026 Counterfactual Baseline case
p63,2046,0.21121508,0.15389943,0.12666473,0.16733399999999998,TRE,AEO2026 Counterfactual Baseline case
p63,2047,0.21551722,0.15680884,0.12899058,0.1704471,TRE,AEO2026 Counterfactual Baseline case
p63,2048,0.21836983,0.15850472,0.13014922,0.1722418,TRE,AEO2026 Counterfactual Baseline case
p63,2049,0.2216572,0.16051577000000003,0.13157741,0.17429703,TRE,AEO2026 Counterfactual Baseline case
p63,2050,0.22513132,0.16256834,0.13299319,0.17651071999999998,TRE,AEO2026 Counterfactual Baseline case
p64,2014,0.12333269,0.09084733,0.07613172,0.0970636,TRE,AEO2026 Counterfactual Baseline case
p64,2015,0.12333269,0.09084733,0.07613172,0.0970636,TRE,AEO2026 Counterfactual Baseline case
p64,2016,0.12333269,0.09084733,0.07613172,0.0970636,TRE,AEO2026 Counterfactual Baseline case
p64,2017,0.12333269,0.09084733,0.07613172,0.0970636,TRE,AEO2026 Counterfactual Baseline case
p64,2018,0.12333269,0.09084733,0.07613172,0.0970636,TRE,AEO2026 Counterfactual Baseline case
p64,2019,0.12333269,0.09084733,0.07613172,0.0970636,TRE,AEO2026 Counterfactual Baseline case
p64,2020,0.12333269,0.09084733,0.07613172,0.0970636,TRE,AEO2026 Counterfactual Baseline case
p64,2021,0.12333269,0.09084733,0.07613172,0.0970636,TRE,AEO2026 Counterfactual Baseline case
p64,2022,0.12333269,0.09084733,0.07613172,0.0970636,TRE,AEO2026 Counterfactual Baseline case
p64,2023,0.12333269,0.09084733,0.07613172,0.0970636,TRE,AEO2026 Counterfactual Baseline case
p64,2024,0.12333269,0.09084733,0.07613172,0.0970636,TRE,AEO2026 Counterfactual Baseline case
p64,2025,0.12333269,0.09084733,0.07613172,0.0970636,TRE,AEO2026 Counterfactual Baseline case
p64,2026,0.12290406000000001,0.08798146,0.07351941000000001,0.09537374,TRE,AEO2026 Counterfactual Baseline case
p64,2027,0.12925529,0.09324289999999999,0.07783215,0.10061184000000001,TRE,AEO2026 Counterfactual Baseline case
p64,2028,0.13358196,0.09696054,0.08105330000000001,0.10448344999999999,TRE,AEO2026 Counterfactual Baseline case
p64,2029,0.14219827000000002,0.10436627,0.08702527,0.11185689,TRE,AEO2026 Counterfactual Baseline case
p64,2030,0.14853225,0.10960070999999999,0.09156621,0.11741423,TRE,AEO2026 Counterfactual Baseline case
p64,2031,0.16285038,0.12229395,0.10237080000000001,0.13015695,TRE,AEO2026 Counterfactual Baseline case
p64,2032,0.16363775,0.1222079,0.10328981000000001,0.1311456,TRE,AEO2026 Counterfactual Baseline case
p64,2033,0.16347435000000002,0.12164723999999999,0.10303568,0.13107884,TRE,AEO2026 Counterfactual Baseline case
p64,2034,0.16809765,0.12481476000000001,0.10477479,0.13452937,TRE,AEO2026 Counterfactual Baseline case
p64,2035,0.16893999,0.12479753,0.10424172000000001,0.13469543,TRE,AEO2026 Counterfactual Baseline case
p64,2036,0.17362053,0.12783626,0.10670607,0.13844466,TRE,AEO2026 Counterfactual Baseline case
p64,2037,0.17901243,0.13183113000000002,0.10999938999999999,0.14279358,TRE,AEO2026 Counterfactual Baseline case
p64,2038,0.19165375,0.14187741,0.1183549,0.15363026,TRE,AEO2026 Counterfactual Baseline case
p64,2039,0.19541735,0.14400016000000002,0.12065063999999999,0.15579385,TRE,AEO2026 Counterfactual Baseline case
p64,2040,0.19734383,0.14460136,0.12074137,0.15656095,TRE,AEO2026 Counterfactual Baseline case
p64,2041,0.19274195,0.14022387,0.11590634,0.15257173999999998,TRE,AEO2026 Counterfactual Baseline case
p64,2042,0.19698481,0.14360644,0.11863022000000001,0.15616028999999998,TRE,AEO2026 Counterfactual Baseline case
p64,2043,0.20081615,0.14671899,0.12118661,0.15965789,TRE,AEO2026 Counterfactual Baseline case
p64,2044,0.20367180000000001,0.14888945,0.122827,0.16205423,TRE,AEO2026 Counterfactual Baseline case
p64,2045,0.20706404,0.15106298,0.12444008999999999,0.16433054,TRE,AEO2026 Counterfactual Baseline case
p64,2046,0.21121508,0.15389943,0.12666473,0.16733399999999998,TRE,AEO2026 Counterfactual Baseline case
p64,2047,0.21551722,0.15680884,0.12899058,0.1704471,TRE,AEO2026 Counterfactual Baseline case
p64,2048,0.21836983,0.15850472,0.13014922,0.1722418,TRE,AEO2026 Counterfactual Baseline case
p64,2049,0.2216572,0.16051577000000003,0.13157741,0.17429703,TRE,AEO2026 Counterfactual Baseline case
p64,2050,0.22513132,0.16256834,0.13299319,0.17651071999999998,TRE,AEO2026 Counterfactual Baseline case
p65,2014,0.12333269,0.09084733,0.07613172,0.0970636,TRE,AEO2026 Counterfactual Baseline case
p65,2015,0.12333269,0.09084733,0.07613172,0.0970636,TRE,AEO2026 Counterfactual Baseline case
p65,2016,0.12333269,0.09084733,0.07613172,0.0970636,TRE,AEO2026 Counterfactual Baseline case
p65,2017,0.12333269,0.09084733,0.07613172,0.0970636,TRE,AEO2026 Counterfactual Baseline case
p65,2018,0.12333269,0.09084733,0.07613172,0.0970636,TRE,AEO2026 Counterfactual Baseline case
p65,2019,0.12333269,0.09084733,0.07613172,0.0970636,TRE,AEO2026 Counterfactual Baseline case
p65,2020,0.12333269,0.09084733,0.07613172,0.0970636,TRE,AEO2026 Counterfactual Baseline case
p65,2021,0.12333269,0.09084733,0.07613172,0.0970636,TRE,AEO2026 Counterfactual Baseline case
p65,2022,0.12333269,0.09084733,0.07613172,0.0970636,TRE,AEO2026 Counterfactual Baseline case
p65,2023,0.12333269,0.09084733,0.07613172,0.0970636,TRE,AEO2026 Counterfactual Baseline case
p65,2024,0.12333269,0.09084733,0.07613172,0.0970636,TRE,AEO2026 Counterfactual Baseline case
p65,2025,0.12333269,0.09084733,0.07613172,0.0970636,TRE,AEO2026 Counterfactual Baseline case
p65,2026,0.12290406000000001,0.08798146,0.07351941000000001,0.09537374,TRE,AEO2026 Counterfactual Baseline case
p65,2027,0.12925529,0.09324289999999999,0.07783215,0.10061184000000001,TRE,AEO2026 Counterfactual Baseline case
p65,2028,0.13358196,0.09696054,0.08105330000000001,0.10448344999999999,TRE,AEO2026 Counterfactual Baseline case
p65,2029,0.14219827000000002,0.10436627,0.08702527,0.11185689,TRE,AEO2026 Counterfactual Baseline case
p65,2030,0.14853225,0.10960070999999999,0.09156621,0.11741423,TRE,AEO2026 Counterfactual Baseline case
p65,2031,0.16285038,0.12229395,0.10237080000000001,0.13015695,TRE,AEO2026 Counterfactual Baseline case
p65,2032,0.16363775,0.1222079,0.10328981000000001,0.1311456,TRE,AEO2026 Counterfactual Baseline case
p65,2033,0.16347435000000002,0.12164723999999999,0.10303568,0.13107884,TRE,AEO2026 Counterfactual Baseline case
p65,2034,0.16809765,0.12481476000000001,0.10477479,0.13452937,TRE,AEO2026 Counterfactual Baseline case
p65,2035,0.16893999,0.12479753,0.10424172000000001,0.13469543,TRE,AEO2026 Counterfactual Baseline case
p65,2036,0.17362053,0.12783626,0.10670607,0.13844466,TRE,AEO2026 Counterfactual Baseline case
p65,2037,0.17901243,0.13183113000000002,0.10999938999999999,0.14279358,TRE,AEO2026 Counterfactual Baseline case
p65,2038,0.19165375,0.14187741,0.1183549,0.15363026,TRE,AEO2026 Counterfactual Baseline case
p65,2039,0.19541735,0.14400016000000002,0.12065063999999999,0.15579385,TRE,AEO2026 Counterfactual Baseline case
p65,2040,0.19734383,0.14460136,0.12074137,0.15656095,TRE,AEO2026 Counterfactual Baseline case
p65,2041,0.19274195,0.14022387,0.11590634,0.15257173999999998,TRE,AEO2026 Counterfactual Baseline case
p65,2042,0.19698481,0.14360644,0.11863022000000001,0.15616028999999998,TRE,AEO2026 Counterfactual Baseline case
p65,2043,0.20081615,0.14671899,0.12118661,0.15965789,TRE,AEO2026 Counterfactual Baseline case
p65,2044,0.20367180000000001,0.14888945,0.122827,0.16205423,TRE,AEO2026 Counterfactual Baseline case
p65,2045,0.20706404,0.15106298,0.12444008999999999,0.16433054,TRE,AEO2026 Counterfactual Baseline case
p65,2046,0.21121508,0.15389943,0.12666473,0.16733399999999998,TRE,AEO2026 Counterfactual Baseline case
p65,2047,0.21551722,0.15680884,0.12899058,0.1704471,TRE,AEO2026 Counterfactual Baseline case
p65,2048,0.21836983,0.15850472,0.13014922,0.1722418,TRE,AEO2026 Counterfactual Baseline case
p65,2049,0.2216572,0.16051577000000003,0.13157741,0.17429703,TRE,AEO2026 Counterfactual Baseline case
p65,2050,0.22513132,0.16256834,0.13299319,0.17651071999999998,TRE,AEO2026 Counterfactual Baseline case
p66,2014,0.12333269,0.09084733,0.07613172,0.0970636,TRE,AEO2026 Counterfactual Baseline case
p66,2015,0.12333269,0.09084733,0.07613172,0.0970636,TRE,AEO2026 Counterfactual Baseline case
p66,2016,0.12333269,0.09084733,0.07613172,0.0970636,TRE,AEO2026 Counterfactual Baseline case
p66,2017,0.12333269,0.09084733,0.07613172,0.0970636,TRE,AEO2026 Counterfactual Baseline case
p66,2018,0.12333269,0.09084733,0.07613172,0.0970636,TRE,AEO2026 Counterfactual Baseline case
p66,2019,0.12333269,0.09084733,0.07613172,0.0970636,TRE,AEO2026 Counterfactual Baseline case
p66,2020,0.12333269,0.09084733,0.07613172,0.0970636,TRE,AEO2026 Counterfactual Baseline case
p66,2021,0.12333269,0.09084733,0.07613172,0.0970636,TRE,AEO2026 Counterfactual Baseline case
p66,2022,0.12333269,0.09084733,0.07613172,0.0970636,TRE,AEO2026 Counterfactual Baseline case
p66,2023,0.12333269,0.09084733,0.07613172,0.0970636,TRE,AEO2026 Counterfactual Baseline case
p66,2024,0.12333269,0.09084733,0.07613172,0.0970636,TRE,AEO2026 Counterfactual Baseline case
p66,2025,0.12333269,0.09084733,0.07613172,0.0970636,TRE,AEO2026 Counterfactual Baseline case
p66,2026,0.12290406000000001,0.08798146,0.07351941000000001,0.09537374,TRE,AEO2026 Counterfactual Baseline case
p66,2027,0.12925529,0.09324289999999999,0.07783215,0.10061184000000001,TRE,AEO2026 Counterfactual Baseline case
p66,2028,0.13358196,0.09696054,0.08105330000000001,0.10448344999999999,TRE,AEO2026 Counterfactual Baseline case
p66,2029,0.14219827000000002,0.10436627,0.08702527,0.11185689,TRE,AEO2026 Counterfactual Baseline case
p66,2030,0.14853225,0.10960070999999999,0.09156621,0.11741423,TRE,AEO2026 Counterfactual Baseline case
p66,2031,0.16285038,0.12229395,0.10237080000000001,0.13015695,TRE,AEO2026 Counterfactual Baseline case
p66,2032,0.16363775,0.1222079,0.10328981000000001,0.1311456,TRE,AEO2026 Counterfactual Baseline case
p66,2033,0.16347435000000002,0.12164723999999999,0.10303568,0.13107884,TRE,AEO2026 Counterfactual Baseline case
p66,2034,0.16809765,0.12481476000000001,0.10477479,0.13452937,TRE,AEO2026 Counterfactual Baseline case
p66,2035,0.16893999,0.12479753,0.10424172000000001,0.13469543,TRE,AEO2026 Counterfactual Baseline case
p66,2036,0.17362053,0.12783626,0.10670607,0.13844466,TRE,AEO2026 Counterfactual Baseline case
p66,2037,0.17901243,0.13183113000000002,0.10999938999999999,0.14279358,TRE,AEO2026 Counterfactual Baseline case
p66,2038,0.19165375,0.14187741,0.1183549,0.15363026,TRE,AEO2026 Counterfactual Baseline case
p66,2039,0.19541735,0.14400016000000002,0.12065063999999999,0.15579385,TRE,AEO2026 Counterfactual Baseline case
p66,2040,0.19734383,0.14460136,0.12074137,0.15656095,TRE,AEO2026 Counterfactual Baseline case
p66,2041,0.19274195,0.14022387,0.11590634,0.15257173999999998,TRE,AEO2026 Counterfactual Baseline case
p66,2042,0.19698481,0.14360644,0.11863022000000001,0.15616028999999998,TRE,AEO2026 Counterfactual Baseline case
p66,2043,0.20081615,0.14671899,0.12118661,0.15965789,TRE,AEO2026 Counterfactual Baseline case
p66,2044,0.20367180000000001,0.14888945,0.122827,0.16205423,TRE,AEO2026 Counterfactual Baseline case
p66,2045,0.20706404,0.15106298,0.12444008999999999,0.16433054,TRE,AEO2026 Counterfactual Baseline case
p66,2046,0.21121508,0.15389943,0.12666473,0.16733399999999998,TRE,AEO2026 Counterfactual Baseline case
p66,2047,0.21551722,0.15680884,0.12899058,0.1704471,TRE,AEO2026 Counterfactual Baseline case
p66,2048,0.21836983,0.15850472,0.13014922,0.1722418,TRE,AEO2026 Counterfactual Baseline case
p66,2049,0.2216572,0.16051577000000003,0.13157741,0.17429703,TRE,AEO2026 Counterfactual Baseline case
p66,2050,0.22513132,0.16256834,0.13299319,0.17651071999999998,TRE,AEO2026 Counterfactual Baseline case
p67,2014,0.12333269,0.09084733,0.07613172,0.0970636,TRE,AEO2026 Counterfactual Baseline case
p67,2015,0.12333269,0.09084733,0.07613172,0.0970636,TRE,AEO2026 Counterfactual Baseline case
p67,2016,0.12333269,0.09084733,0.07613172,0.0970636,TRE,AEO2026 Counterfactual Baseline case
p67,2017,0.12333269,0.09084733,0.07613172,0.0970636,TRE,AEO2026 Counterfactual Baseline case
p67,2018,0.12333269,0.09084733,0.07613172,0.0970636,TRE,AEO2026 Counterfactual Baseline case
p67,2019,0.12333269,0.09084733,0.07613172,0.0970636,TRE,AEO2026 Counterfactual Baseline case
p67,2020,0.12333269,0.09084733,0.07613172,0.0970636,TRE,AEO2026 Counterfactual Baseline case
p67,2021,0.12333269,0.09084733,0.07613172,0.0970636,TRE,AEO2026 Counterfactual Baseline case
p67,2022,0.12333269,0.09084733,0.07613172,0.0970636,TRE,AEO2026 Counterfactual Baseline case
p67,2023,0.12333269,0.09084733,0.07613172,0.0970636,TRE,AEO2026 Counterfactual Baseline case
p67,2024,0.12333269,0.09084733,0.07613172,0.0970636,TRE,AEO2026 Counterfactual Baseline case
p67,2025,0.12333269,0.09084733,0.07613172,0.0970636,TRE,AEO2026 Counterfactual Baseline case
p67,2026,0.12290406000000001,0.08798146,0.07351941000000001,0.09537374,TRE,AEO2026 Counterfactual Baseline case
p67,2027,0.12925529,0.09324289999999999,0.07783215,0.10061184000000001,TRE,AEO2026 Counterfactual Baseline case
p67,2028,0.13358196,0.09696054,0.08105330000000001,0.10448344999999999,TRE,AEO2026 Counterfactual Baseline case
p67,2029,0.14219827000000002,0.10436627,0.08702527,0.11185689,TRE,AEO2026 Counterfactual Baseline case
p67,2030,0.14853225,0.10960070999999999,0.09156621,0.11741423,TRE,AEO2026 Counterfactual Baseline case
p67,2031,0.16285038,0.12229395,0.10237080000000001,0.13015695,TRE,AEO2026 Counterfactual Baseline case
p67,2032,0.16363775,0.1222079,0.10328981000000001,0.1311456,TRE,AEO2026 Counterfactual Baseline case
p67,2033,0.16347435000000002,0.12164723999999999,0.10303568,0.13107884,TRE,AEO2026 Counterfactual Baseline case
p67,2034,0.16809765,0.12481476000000001,0.10477479,0.13452937,TRE,AEO2026 Counterfactual Baseline case
p67,2035,0.16893999,0.12479753,0.10424172000000001,0.13469543,TRE,AEO2026 Counterfactual Baseline case
p67,2036,0.17362053,0.12783626,0.10670607,0.13844466,TRE,AEO2026 Counterfactual Baseline case
p67,2037,0.17901243,0.13183113000000002,0.10999938999999999,0.14279358,TRE,AEO2026 Counterfactual Baseline case
p67,2038,0.19165375,0.14187741,0.1183549,0.15363026,TRE,AEO2026 Counterfactual Baseline case
p67,2039,0.19541735,0.14400016000000002,0.12065063999999999,0.15579385,TRE,AEO2026 Counterfactual Baseline case
p67,2040,0.19734383,0.14460136,0.12074137,0.15656095,TRE,AEO2026 Counterfactual Baseline case
p67,2041,0.19274195,0.14022387,0.11590634,0.15257173999999998,TRE,AEO2026 Counterfactual Baseline case
p67,2042,0.19698481,0.14360644,0.11863022000000001,0.15616028999999998,TRE,AEO2026 Counterfactual Baseline case
p67,2043,0.20081615,0.14671899,0.12118661,0.15965789,TRE,AEO2026 Counterfactual Baseline case
p67,2044,0.20367180000000001,0.14888945,0.122827,0.16205423,TRE,AEO2026 Counterfactual Baseline case
p67,2045,0.20706404,0.15106298,0.12444008999999999,0.16433054,TRE,AEO2026 Counterfactual Baseline case
p67,2046,0.21121508,0.15389943,0.12666473,0.16733399999999998,TRE,AEO2026 Counterfactual Baseline case
p67,2047,0.21551722,0.15680884,0.12899058,0.1704471,TRE,AEO2026 Counterfactual Baseline case
p67,2048,0.21836983,0.15850472,0.13014922,0.1722418,TRE,AEO2026 Counterfactual Baseline case
p67,2049,0.2216572,0.16051577000000003,0.13157741,0.17429703,TRE,AEO2026 Counterfactual Baseline case
p67,2050,0.22513132,0.16256834,0.13299319,0.17651071999999998,TRE,AEO2026 Counterfactual Baseline case
p68,2014,0.16259731,0.12205439,0.08591856999999999,0.13098693,MISW,AEO2026 Counterfactual Baseline case
p68,2015,0.16259731,0.12205439,0.08591856999999999,0.13098693,MISW,AEO2026 Counterfactual Baseline case
p68,2016,0.16259731,0.12205439,0.08591856999999999,0.13098693,MISW,AEO2026 Counterfactual Baseline case
p68,2017,0.16259731,0.12205439,0.08591856999999999,0.13098693,MISW,AEO2026 Counterfactual Baseline case
p68,2018,0.16259731,0.12205439,0.08591856999999999,0.13098693,MISW,AEO2026 Counterfactual Baseline case
p68,2019,0.16259731,0.12205439,0.08591856999999999,0.13098693,MISW,AEO2026 Counterfactual Baseline case
p68,2020,0.16259731,0.12205439,0.08591856999999999,0.13098693,MISW,AEO2026 Counterfactual Baseline case
p68,2021,0.16259731,0.12205439,0.08591856999999999,0.13098693,MISW,AEO2026 Counterfactual Baseline case
p68,2022,0.16259731,0.12205439,0.08591856999999999,0.13098693,MISW,AEO2026 Counterfactual Baseline case
p68,2023,0.16259731,0.12205439,0.08591856999999999,0.13098693,MISW,AEO2026 Counterfactual Baseline case
p68,2024,0.16259731,0.12205439,0.08591856999999999,0.13098693,MISW,AEO2026 Counterfactual Baseline case
p68,2025,0.16259731,0.12205439,0.08591856999999999,0.13098693,MISW,AEO2026 Counterfactual Baseline case
p68,2026,0.16806028,0.12475109,0.08891837000000001,0.13481097,MISW,AEO2026 Counterfactual Baseline case
p68,2027,0.16409880000000002,0.1213316,0.08382222,0.13105608,MISW,AEO2026 Counterfactual Baseline case
p68,2028,0.16207203,0.11924332,0.08261283999999999,0.12815911,MISW,AEO2026 Counterfactual Baseline case
p68,2029,0.16515892000000001,0.12184049,0.08439500999999999,0.13050419,MISW,AEO2026 Counterfactual Baseline case
p68,2030,0.17100529,0.12627204,0.08833937,0.13493138999999998,MISW,AEO2026 Counterfactual Baseline case
p68,2031,0.17753557,0.13147259,0.09243567999999999,0.14044533,MISW,AEO2026 Counterfactual Baseline case
p68,2032,0.18930141,0.1394485,0.10145426,0.14891672,MISW,AEO2026 Counterfactual Baseline case
p68,2033,0.19808810999999998,0.14665606,0.10626595,0.15723710999999999,MISW,AEO2026 Counterfactual Baseline case
p68,2034,0.20129667,0.1484685,0.10810196,0.15964581,MISW,AEO2026 Counterfactual Baseline case
p68,2035,0.20422148,0.15023401,0.10977581,0.16184946,MISW,AEO2026 Counterfactual Baseline case
p68,2036,0.2073061,0.15205812,0.11155502,0.16400167,MISW,AEO2026 Counterfactual Baseline case
p68,2037,0.21061229999999997,0.15408492000000001,0.11345869,0.16626836999999997,MISW,AEO2026 Counterfactual Baseline case
p68,2038,0.21399103,0.15635526,0.11539210999999999,0.16868576000000002,MISW,AEO2026 Counterfactual Baseline case
p68,2039,0.21992945,0.16007669,0.11939939000000001,0.17263536,MISW,AEO2026 Counterfactual Baseline case
p68,2040,0.22500896,0.16375637,0.12204783000000001,0.17672301999999998,MISW,AEO2026 Counterfactual Baseline case
p68,2041,0.22827921,0.16572239,0.12372375,0.17877325,MISW,AEO2026 Counterfactual Baseline case
p68,2042,0.23177837,0.16802423,0.12539169,0.18120552,MISW,AEO2026 Counterfactual Baseline case
p68,2043,0.23487172999999997,0.17003954,0.12678616,0.18325852999999998,MISW,AEO2026 Counterfactual Baseline case
p68,2044,0.23803132999999999,0.17213964,0.12822962999999998,0.18533339000000001,MISW,AEO2026 Counterfactual Baseline case
p68,2045,0.24172211000000002,0.17459301,0.12992354,0.18778220999999998,MISW,AEO2026 Counterfactual Baseline case
p68,2046,0.24561250999999998,0.17718899,0.13180169,0.19039259,MISW,AEO2026 Counterfactual Baseline case
p68,2047,0.24927519,0.17960983,0.13341914,0.19282016999999999,MISW,AEO2026 Counterfactual Baseline case
p68,2048,0.25277170000000004,0.18193846,0.13500608,0.19502171000000001,MISW,AEO2026 Counterfactual Baseline case
p68,2049,0.25649567,0.18451841000000002,0.13667992,0.19748468,MISW,AEO2026 Counterfactual Baseline case
p68,2050,0.26035557,0.1871821,0.13845055,0.20004028000000001,MISW,AEO2026 Counterfactual Baseline case
p69,2014,0.16259731,0.12205439,0.08591856999999999,0.13098693,MISW,AEO2026 Counterfactual Baseline case
p69,2015,0.16259731,0.12205439,0.08591856999999999,0.13098693,MISW,AEO2026 Counterfactual Baseline case
p69,2016,0.16259731,0.12205439,0.08591856999999999,0.13098693,MISW,AEO2026 Counterfactual Baseline case
p69,2017,0.16259731,0.12205439,0.08591856999999999,0.13098693,MISW,AEO2026 Counterfactual Baseline case
p69,2018,0.16259731,0.12205439,0.08591856999999999,0.13098693,MISW,AEO2026 Counterfactual Baseline case
p69,2019,0.16259731,0.12205439,0.08591856999999999,0.13098693,MISW,AEO2026 Counterfactual Baseline case
p69,2020,0.16259731,0.12205439,0.08591856999999999,0.13098693,MISW,AEO2026 Counterfactual Baseline case
p69,2021,0.16259731,0.12205439,0.08591856999999999,0.13098693,MISW,AEO2026 Counterfactual Baseline case
p69,2022,0.16259731,0.12205439,0.08591856999999999,0.13098693,MISW,AEO2026 Counterfactual Baseline case
p69,2023,0.16259731,0.12205439,0.08591856999999999,0.13098693,MISW,AEO2026 Counterfactual Baseline case
p69,2024,0.16259731,0.12205439,0.08591856999999999,0.13098693,MISW,AEO2026 Counterfactual Baseline case
p69,2025,0.16259731,0.12205439,0.08591856999999999,0.13098693,MISW,AEO2026 Counterfactual Baseline case
p69,2026,0.16806028,0.12475109,0.08891837000000001,0.13481097,MISW,AEO2026 Counterfactual Baseline case
p69,2027,0.16409880000000002,0.1213316,0.08382222,0.13105608,MISW,AEO2026 Counterfactual Baseline case
p69,2028,0.16207203,0.11924332,0.08261283999999999,0.12815911,MISW,AEO2026 Counterfactual Baseline case
p69,2029,0.16515892000000001,0.12184049,0.08439500999999999,0.13050419,MISW,AEO2026 Counterfactual Baseline case
p69,2030,0.17100529,0.12627204,0.08833937,0.13493138999999998,MISW,AEO2026 Counterfactual Baseline case
p69,2031,0.17753557,0.13147259,0.09243567999999999,0.14044533,MISW,AEO2026 Counterfactual Baseline case
p69,2032,0.18930141,0.1394485,0.10145426,0.14891672,MISW,AEO2026 Counterfactual Baseline case
p69,2033,0.19808810999999998,0.14665606,0.10626595,0.15723710999999999,MISW,AEO2026 Counterfactual Baseline case
p69,2034,0.20129667,0.1484685,0.10810196,0.15964581,MISW,AEO2026 Counterfactual Baseline case
p69,2035,0.20422148,0.15023401,0.10977581,0.16184946,MISW,AEO2026 Counterfactual Baseline case
p69,2036,0.2073061,0.15205812,0.11155502,0.16400167,MISW,AEO2026 Counterfactual Baseline case
p69,2037,0.21061229999999997,0.15408492000000001,0.11345869,0.16626836999999997,MISW,AEO2026 Counterfactual Baseline case
p69,2038,0.21399103,0.15635526,0.11539210999999999,0.16868576000000002,MISW,AEO2026 Counterfactual Baseline case
p69,2039,0.21992945,0.16007669,0.11939939000000001,0.17263536,MISW,AEO2026 Counterfactual Baseline case
p69,2040,0.22500896,0.16375637,0.12204783000000001,0.17672301999999998,MISW,AEO2026 Counterfactual Baseline case
p69,2041,0.22827921,0.16572239,0.12372375,0.17877325,MISW,AEO2026 Counterfactual Baseline case
p69,2042,0.23177837,0.16802423,0.12539169,0.18120552,MISW,AEO2026 Counterfactual Baseline case
p69,2043,0.23487172999999997,0.17003954,0.12678616,0.18325852999999998,MISW,AEO2026 Counterfactual Baseline case
p69,2044,0.23803132999999999,0.17213964,0.12822962999999998,0.18533339000000001,MISW,AEO2026 Counterfactual Baseline case
p69,2045,0.24172211000000002,0.17459301,0.12992354,0.18778220999999998,MISW,AEO2026 Counterfactual Baseline case
p69,2046,0.24561250999999998,0.17718899,0.13180169,0.19039259,MISW,AEO2026 Counterfactual Baseline case
p69,2047,0.24927519,0.17960983,0.13341914,0.19282016999999999,MISW,AEO2026 Counterfactual Baseline case
p69,2048,0.25277170000000004,0.18193846,0.13500608,0.19502171000000001,MISW,AEO2026 Counterfactual Baseline case
p69,2049,0.25649567,0.18451841000000002,0.13667992,0.19748468,MISW,AEO2026 Counterfactual Baseline case
p69,2050,0.26035557,0.1871821,0.13845055,0.20004028000000001,MISW,AEO2026 Counterfactual Baseline case
p70,2014,0.16259731,0.12205439,0.08591856999999999,0.13098693,MISW,AEO2026 Counterfactual Baseline case
p70,2015,0.16259731,0.12205439,0.08591856999999999,0.13098693,MISW,AEO2026 Counterfactual Baseline case
p70,2016,0.16259731,0.12205439,0.08591856999999999,0.13098693,MISW,AEO2026 Counterfactual Baseline case
p70,2017,0.16259731,0.12205439,0.08591856999999999,0.13098693,MISW,AEO2026 Counterfactual Baseline case
p70,2018,0.16259731,0.12205439,0.08591856999999999,0.13098693,MISW,AEO2026 Counterfactual Baseline case
p70,2019,0.16259731,0.12205439,0.08591856999999999,0.13098693,MISW,AEO2026 Counterfactual Baseline case
p70,2020,0.16259731,0.12205439,0.08591856999999999,0.13098693,MISW,AEO2026 Counterfactual Baseline case
p70,2021,0.16259731,0.12205439,0.08591856999999999,0.13098693,MISW,AEO2026 Counterfactual Baseline case
p70,2022,0.16259731,0.12205439,0.08591856999999999,0.13098693,MISW,AEO2026 Counterfactual Baseline case
p70,2023,0.16259731,0.12205439,0.08591856999999999,0.13098693,MISW,AEO2026 Counterfactual Baseline case
p70,2024,0.16259731,0.12205439,0.08591856999999999,0.13098693,MISW,AEO2026 Counterfactual Baseline case
p70,2025,0.16259731,0.12205439,0.08591856999999999,0.13098693,MISW,AEO2026 Counterfactual Baseline case
p70,2026,0.16806028,0.12475109,0.08891837000000001,0.13481097,MISW,AEO2026 Counterfactual Baseline case
p70,2027,0.16409880000000002,0.1213316,0.08382222,0.13105608,MISW,AEO2026 Counterfactual Baseline case
p70,2028,0.16207203,0.11924332,0.08261283999999999,0.12815911,MISW,AEO2026 Counterfactual Baseline case
p70,2029,0.16515892000000001,0.12184049,0.08439500999999999,0.13050419,MISW,AEO2026 Counterfactual Baseline case
p70,2030,0.17100529,0.12627204,0.08833937,0.13493138999999998,MISW,AEO2026 Counterfactual Baseline case
p70,2031,0.17753557,0.13147259,0.09243567999999999,0.14044533,MISW,AEO2026 Counterfactual Baseline case
p70,2032,0.18930141,0.1394485,0.10145426,0.14891672,MISW,AEO2026 Counterfactual Baseline case
p70,2033,0.19808810999999998,0.14665606,0.10626595,0.15723710999999999,MISW,AEO2026 Counterfactual Baseline case
p70,2034,0.20129667,0.1484685,0.10810196,0.15964581,MISW,AEO2026 Counterfactual Baseline case
p70,2035,0.20422148,0.15023401,0.10977581,0.16184946,MISW,AEO2026 Counterfactual Baseline case
p70,2036,0.2073061,0.15205812,0.11155502,0.16400167,MISW,AEO2026 Counterfactual Baseline case
p70,2037,0.21061229999999997,0.15408492000000001,0.11345869,0.16626836999999997,MISW,AEO2026 Counterfactual Baseline case
p70,2038,0.21399103,0.15635526,0.11539210999999999,0.16868576000000002,MISW,AEO2026 Counterfactual Baseline case
p70,2039,0.21992945,0.16007669,0.11939939000000001,0.17263536,MISW,AEO2026 Counterfactual Baseline case
p70,2040,0.22500896,0.16375637,0.12204783000000001,0.17672301999999998,MISW,AEO2026 Counterfactual Baseline case
p70,2041,0.22827921,0.16572239,0.12372375,0.17877325,MISW,AEO2026 Counterfactual Baseline case
p70,2042,0.23177837,0.16802423,0.12539169,0.18120552,MISW,AEO2026 Counterfactual Baseline case
p70,2043,0.23487172999999997,0.17003954,0.12678616,0.18325852999999998,MISW,AEO2026 Counterfactual Baseline case
p70,2044,0.23803132999999999,0.17213964,0.12822962999999998,0.18533339000000001,MISW,AEO2026 Counterfactual Baseline case
p70,2045,0.24172211000000002,0.17459301,0.12992354,0.18778220999999998,MISW,AEO2026 Counterfactual Baseline case
p70,2046,0.24561250999999998,0.17718899,0.13180169,0.19039259,MISW,AEO2026 Counterfactual Baseline case
p70,2047,0.24927519,0.17960983,0.13341914,0.19282016999999999,MISW,AEO2026 Counterfactual Baseline case
p70,2048,0.25277170000000004,0.18193846,0.13500608,0.19502171000000001,MISW,AEO2026 Counterfactual Baseline case
p70,2049,0.25649567,0.18451841000000002,0.13667992,0.19748468,MISW,AEO2026 Counterfactual Baseline case
p70,2050,0.26035557,0.1871821,0.13845055,0.20004028000000001,MISW,AEO2026 Counterfactual Baseline case
p71,2014,0.15199648,0.12028807999999999,0.08832773,0.12682292,MISC,AEO2026 Counterfactual Baseline case
p71,2015,0.15199648,0.12028807999999999,0.08832773,0.12682292,MISC,AEO2026 Counterfactual Baseline case
p71,2016,0.15199648,0.12028807999999999,0.08832773,0.12682292,MISC,AEO2026 Counterfactual Baseline case
p71,2017,0.15199648,0.12028807999999999,0.08832773,0.12682292,MISC,AEO2026 Counterfactual Baseline case
p71,2018,0.15199648,0.12028807999999999,0.08832773,0.12682292,MISC,AEO2026 Counterfactual Baseline case
p71,2019,0.15199648,0.12028807999999999,0.08832773,0.12682292,MISC,AEO2026 Counterfactual Baseline case
p71,2020,0.15199648,0.12028807999999999,0.08832773,0.12682292,MISC,AEO2026 Counterfactual Baseline case
p71,2021,0.15199648,0.12028807999999999,0.08832773,0.12682292,MISC,AEO2026 Counterfactual Baseline case
p71,2022,0.15199648,0.12028807999999999,0.08832773,0.12682292,MISC,AEO2026 Counterfactual Baseline case
p71,2023,0.15199648,0.12028807999999999,0.08832773,0.12682292,MISC,AEO2026 Counterfactual Baseline case
p71,2024,0.15199648,0.12028807999999999,0.08832773,0.12682292,MISC,AEO2026 Counterfactual Baseline case
p71,2025,0.15199648,0.12028807999999999,0.08832773,0.12682292,MISC,AEO2026 Counterfactual Baseline case
p71,2026,0.15550863,0.12191993,0.09023328,0.12946543,MISC,AEO2026 Counterfactual Baseline case
p71,2027,0.15408827,0.12147972,0.08832103,0.12845634,MISC,AEO2026 Counterfactual Baseline case
p71,2028,0.15217702,0.1199665,0.08701409,0.12630376999999998,MISC,AEO2026 Counterfactual Baseline case
p71,2029,0.15568438,0.12338698000000001,0.08946942999999999,0.12948156,MISC,AEO2026 Counterfactual Baseline case
p71,2030,0.16091501,0.12834569,0.09325098000000001,0.13439336000000002,MISC,AEO2026 Counterfactual Baseline case
p71,2031,0.16882466999999998,0.13643148,0.09890393,0.14213247,MISC,AEO2026 Counterfactual Baseline case
p71,2032,0.17180445,0.13822071,0.10085018,0.14447202,MISC,AEO2026 Counterfactual Baseline case
p71,2033,0.17744011,0.14344363,0.10445861000000001,0.15073337,MISC,AEO2026 Counterfactual Baseline case
p71,2034,0.17797537,0.14384823000000002,0.10443152,0.1514712,MISC,AEO2026 Counterfactual Baseline case
p71,2035,0.17852074,0.14414517,0.10473501,0.15190536,MISC,AEO2026 Counterfactual Baseline case
p71,2036,0.18079187000000002,0.14572198,0.10621710000000001,0.15359937,MISC,AEO2026 Counterfactual Baseline case
p71,2037,0.18414155999999998,0.14870481,0.10863448999999999,0.15662104,MISC,AEO2026 Counterfactual Baseline case
p71,2038,0.18951334,0.15428971,0.11275793,0.16166332,MISC,AEO2026 Counterfactual Baseline case
p71,2039,0.19211034999999999,0.15549506,0.11437901,0.1633392,MISC,AEO2026 Counterfactual Baseline case
p71,2040,0.19659056,0.15938504,0.11711864,0.16753651000000003,MISC,AEO2026 Counterfactual Baseline case
p71,2041,0.19980499,0.16207581999999998,0.11896941999999999,0.17034832000000003,MISC,AEO2026 Counterfactual Baseline case
p71,2042,0.20331942000000003,0.16494877,0.12115076,0.17319510000000002,MISC,AEO2026 Counterfactual Baseline case
p71,2043,0.20653694,0.16760266999999998,0.12281442000000001,0.17608528,MISC,AEO2026 Counterfactual Baseline case
p71,2044,0.21299831000000002,0.17264672999999997,0.12723256,0.18079378,MISC,AEO2026 Counterfactual Baseline case
p71,2045,0.21834220999999998,0.1775561,0.13015549,0.18611322000000002,MISC,AEO2026 Counterfactual Baseline case
p71,2046,0.22216145,0.18065332,0.13247466,0.18904669,MISC,AEO2026 Counterfactual Baseline case
p71,2047,0.22665579000000002,0.18449768,0.13524440000000001,0.19280208999999998,MISC,AEO2026 Counterfactual Baseline case
p71,2048,0.23106348000000002,0.18835052000000002,0.13789138,0.19657795,MISC,AEO2026 Counterfactual Baseline case
p71,2049,0.23575932000000002,0.19221336,0.14053955,0.20030344,MISC,AEO2026 Counterfactual Baseline case
p71,2050,0.23974277,0.19547054,0.14251913,0.20349485,MISC,AEO2026 Counterfactual Baseline case
p72,2014,0.15199648,0.12028807999999999,0.08832773,0.12682292,MISC,AEO2026 Counterfactual Baseline case
p72,2015,0.15199648,0.12028807999999999,0.08832773,0.12682292,MISC,AEO2026 Counterfactual Baseline case
p72,2016,0.15199648,0.12028807999999999,0.08832773,0.12682292,MISC,AEO2026 Counterfactual Baseline case
p72,2017,0.15199648,0.12028807999999999,0.08832773,0.12682292,MISC,AEO2026 Counterfactual Baseline case
p72,2018,0.15199648,0.12028807999999999,0.08832773,0.12682292,MISC,AEO2026 Counterfactual Baseline case
p72,2019,0.15199648,0.12028807999999999,0.08832773,0.12682292,MISC,AEO2026 Counterfactual Baseline case
p72,2020,0.15199648,0.12028807999999999,0.08832773,0.12682292,MISC,AEO2026 Counterfactual Baseline case
p72,2021,0.15199648,0.12028807999999999,0.08832773,0.12682292,MISC,AEO2026 Counterfactual Baseline case
p72,2022,0.15199648,0.12028807999999999,0.08832773,0.12682292,MISC,AEO2026 Counterfactual Baseline case
p72,2023,0.15199648,0.12028807999999999,0.08832773,0.12682292,MISC,AEO2026 Counterfactual Baseline case
p72,2024,0.15199648,0.12028807999999999,0.08832773,0.12682292,MISC,AEO2026 Counterfactual Baseline case
p72,2025,0.15199648,0.12028807999999999,0.08832773,0.12682292,MISC,AEO2026 Counterfactual Baseline case
p72,2026,0.15550863,0.12191993,0.09023328,0.12946543,MISC,AEO2026 Counterfactual Baseline case
p72,2027,0.15408827,0.12147972,0.08832103,0.12845634,MISC,AEO2026 Counterfactual Baseline case
p72,2028,0.15217702,0.1199665,0.08701409,0.12630376999999998,MISC,AEO2026 Counterfactual Baseline case
p72,2029,0.15568438,0.12338698000000001,0.08946942999999999,0.12948156,MISC,AEO2026 Counterfactual Baseline case
p72,2030,0.16091501,0.12834569,0.09325098000000001,0.13439336000000002,MISC,AEO2026 Counterfactual Baseline case
p72,2031,0.16882466999999998,0.13643148,0.09890393,0.14213247,MISC,AEO2026 Counterfactual Baseline case
p72,2032,0.17180445,0.13822071,0.10085018,0.14447202,MISC,AEO2026 Counterfactual Baseline case
p72,2033,0.17744011,0.14344363,0.10445861000000001,0.15073337,MISC,AEO2026 Counterfactual Baseline case
p72,2034,0.17797537,0.14384823000000002,0.10443152,0.1514712,MISC,AEO2026 Counterfactual Baseline case
p72,2035,0.17852074,0.14414517,0.10473501,0.15190536,MISC,AEO2026 Counterfactual Baseline case
p72,2036,0.18079187000000002,0.14572198,0.10621710000000001,0.15359937,MISC,AEO2026 Counterfactual Baseline case
p72,2037,0.18414155999999998,0.14870481,0.10863448999999999,0.15662104,MISC,AEO2026 Counterfactual Baseline case
p72,2038,0.18951334,0.15428971,0.11275793,0.16166332,MISC,AEO2026 Counterfactual Baseline case
p72,2039,0.19211034999999999,0.15549506,0.11437901,0.1633392,MISC,AEO2026 Counterfactual Baseline case
p72,2040,0.19659056,0.15938504,0.11711864,0.16753651000000003,MISC,AEO2026 Counterfactual Baseline case
p72,2041,0.19980499,0.16207581999999998,0.11896941999999999,0.17034832000000003,MISC,AEO2026 Counterfactual Baseline case
p72,2042,0.20331942000000003,0.16494877,0.12115076,0.17319510000000002,MISC,AEO2026 Counterfactual Baseline case
p72,2043,0.20653694,0.16760266999999998,0.12281442000000001,0.17608528,MISC,AEO2026 Counterfactual Baseline case
p72,2044,0.21299831000000002,0.17264672999999997,0.12723256,0.18079378,MISC,AEO2026 Counterfactual Baseline case
p72,2045,0.21834220999999998,0.1775561,0.13015549,0.18611322000000002,MISC,AEO2026 Counterfactual Baseline case
p72,2046,0.22216145,0.18065332,0.13247466,0.18904669,MISC,AEO2026 Counterfactual Baseline case
p72,2047,0.22665579000000002,0.18449768,0.13524440000000001,0.19280208999999998,MISC,AEO2026 Counterfactual Baseline case
p72,2048,0.23106348000000002,0.18835052000000002,0.13789138,0.19657795,MISC,AEO2026 Counterfactual Baseline case
p72,2049,0.23575932000000002,0.19221336,0.14053955,0.20030344,MISC,AEO2026 Counterfactual Baseline case
p72,2050,0.23974277,0.19547054,0.14251913,0.20349485,MISC,AEO2026 Counterfactual Baseline case
p73,2014,0.15199648,0.12028807999999999,0.08832773,0.12682292,MISC,AEO2026 Counterfactual Baseline case
p73,2015,0.15199648,0.12028807999999999,0.08832773,0.12682292,MISC,AEO2026 Counterfactual Baseline case
p73,2016,0.15199648,0.12028807999999999,0.08832773,0.12682292,MISC,AEO2026 Counterfactual Baseline case
p73,2017,0.15199648,0.12028807999999999,0.08832773,0.12682292,MISC,AEO2026 Counterfactual Baseline case
p73,2018,0.15199648,0.12028807999999999,0.08832773,0.12682292,MISC,AEO2026 Counterfactual Baseline case
p73,2019,0.15199648,0.12028807999999999,0.08832773,0.12682292,MISC,AEO2026 Counterfactual Baseline case
p73,2020,0.15199648,0.12028807999999999,0.08832773,0.12682292,MISC,AEO2026 Counterfactual Baseline case
p73,2021,0.15199648,0.12028807999999999,0.08832773,0.12682292,MISC,AEO2026 Counterfactual Baseline case
p73,2022,0.15199648,0.12028807999999999,0.08832773,0.12682292,MISC,AEO2026 Counterfactual Baseline case
p73,2023,0.15199648,0.12028807999999999,0.08832773,0.12682292,MISC,AEO2026 Counterfactual Baseline case
p73,2024,0.15199648,0.12028807999999999,0.08832773,0.12682292,MISC,AEO2026 Counterfactual Baseline case
p73,2025,0.15199648,0.12028807999999999,0.08832773,0.12682292,MISC,AEO2026 Counterfactual Baseline case
p73,2026,0.15550863,0.12191993,0.09023328,0.12946543,MISC,AEO2026 Counterfactual Baseline case
p73,2027,0.15408827,0.12147972,0.08832103,0.12845634,MISC,AEO2026 Counterfactual Baseline case
p73,2028,0.15217702,0.1199665,0.08701409,0.12630376999999998,MISC,AEO2026 Counterfactual Baseline case
p73,2029,0.15568438,0.12338698000000001,0.08946942999999999,0.12948156,MISC,AEO2026 Counterfactual Baseline case
p73,2030,0.16091501,0.12834569,0.09325098000000001,0.13439336000000002,MISC,AEO2026 Counterfactual Baseline case
p73,2031,0.16882466999999998,0.13643148,0.09890393,0.14213247,MISC,AEO2026 Counterfactual Baseline case
p73,2032,0.17180445,0.13822071,0.10085018,0.14447202,MISC,AEO2026 Counterfactual Baseline case
p73,2033,0.17744011,0.14344363,0.10445861000000001,0.15073337,MISC,AEO2026 Counterfactual Baseline case
p73,2034,0.17797537,0.14384823000000002,0.10443152,0.1514712,MISC,AEO2026 Counterfactual Baseline case
p73,2035,0.17852074,0.14414517,0.10473501,0.15190536,MISC,AEO2026 Counterfactual Baseline case
p73,2036,0.18079187000000002,0.14572198,0.10621710000000001,0.15359937,MISC,AEO2026 Counterfactual Baseline case
p73,2037,0.18414155999999998,0.14870481,0.10863448999999999,0.15662104,MISC,AEO2026 Counterfactual Baseline case
p73,2038,0.18951334,0.15428971,0.11275793,0.16166332,MISC,AEO2026 Counterfactual Baseline case
p73,2039,0.19211034999999999,0.15549506,0.11437901,0.1633392,MISC,AEO2026 Counterfactual Baseline case
p73,2040,0.19659056,0.15938504,0.11711864,0.16753651000000003,MISC,AEO2026 Counterfactual Baseline case
p73,2041,0.19980499,0.16207581999999998,0.11896941999999999,0.17034832000000003,MISC,AEO2026 Counterfactual Baseline case
p73,2042,0.20331942000000003,0.16494877,0.12115076,0.17319510000000002,MISC,AEO2026 Counterfactual Baseline case
p73,2043,0.20653694,0.16760266999999998,0.12281442000000001,0.17608528,MISC,AEO2026 Counterfactual Baseline case
p73,2044,0.21299831000000002,0.17264672999999997,0.12723256,0.18079378,MISC,AEO2026 Counterfactual Baseline case
p73,2045,0.21834220999999998,0.1775561,0.13015549,0.18611322000000002,MISC,AEO2026 Counterfactual Baseline case
p73,2046,0.22216145,0.18065332,0.13247466,0.18904669,MISC,AEO2026 Counterfactual Baseline case
p73,2047,0.22665579000000002,0.18449768,0.13524440000000001,0.19280208999999998,MISC,AEO2026 Counterfactual Baseline case
p73,2048,0.23106348000000002,0.18835052000000002,0.13789138,0.19657795,MISC,AEO2026 Counterfactual Baseline case
p73,2049,0.23575932000000002,0.19221336,0.14053955,0.20030344,MISC,AEO2026 Counterfactual Baseline case
p73,2050,0.23974277,0.19547054,0.14251913,0.20349485,MISC,AEO2026 Counterfactual Baseline case
p74,2014,0.16259731,0.12205439,0.08591856999999999,0.13098693,MISW,AEO2026 Counterfactual Baseline case
p74,2015,0.16259731,0.12205439,0.08591856999999999,0.13098693,MISW,AEO2026 Counterfactual Baseline case
p74,2016,0.16259731,0.12205439,0.08591856999999999,0.13098693,MISW,AEO2026 Counterfactual Baseline case
p74,2017,0.16259731,0.12205439,0.08591856999999999,0.13098693,MISW,AEO2026 Counterfactual Baseline case
p74,2018,0.16259731,0.12205439,0.08591856999999999,0.13098693,MISW,AEO2026 Counterfactual Baseline case
p74,2019,0.16259731,0.12205439,0.08591856999999999,0.13098693,MISW,AEO2026 Counterfactual Baseline case
p74,2020,0.16259731,0.12205439,0.08591856999999999,0.13098693,MISW,AEO2026 Counterfactual Baseline case
p74,2021,0.16259731,0.12205439,0.08591856999999999,0.13098693,MISW,AEO2026 Counterfactual Baseline case
p74,2022,0.16259731,0.12205439,0.08591856999999999,0.13098693,MISW,AEO2026 Counterfactual Baseline case
p74,2023,0.16259731,0.12205439,0.08591856999999999,0.13098693,MISW,AEO2026 Counterfactual Baseline case
p74,2024,0.16259731,0.12205439,0.08591856999999999,0.13098693,MISW,AEO2026 Counterfactual Baseline case
p74,2025,0.16259731,0.12205439,0.08591856999999999,0.13098693,MISW,AEO2026 Counterfactual Baseline case
p74,2026,0.16806028,0.12475109,0.08891837000000001,0.13481097,MISW,AEO2026 Counterfactual Baseline case
p74,2027,0.16409880000000002,0.1213316,0.08382222,0.13105608,MISW,AEO2026 Counterfactual Baseline case
p74,2028,0.16207203,0.11924332,0.08261283999999999,0.12815911,MISW,AEO2026 Counterfactual Baseline case
p74,2029,0.16515892000000001,0.12184049,0.08439500999999999,0.13050419,MISW,AEO2026 Counterfactual Baseline case
p74,2030,0.17100529,0.12627204,0.08833937,0.13493138999999998,MISW,AEO2026 Counterfactual Baseline case
p74,2031,0.17753557,0.13147259,0.09243567999999999,0.14044533,MISW,AEO2026 Counterfactual Baseline case
p74,2032,0.18930141,0.1394485,0.10145426,0.14891672,MISW,AEO2026 Counterfactual Baseline case
p74,2033,0.19808810999999998,0.14665606,0.10626595,0.15723710999999999,MISW,AEO2026 Counterfactual Baseline case
p74,2034,0.20129667,0.1484685,0.10810196,0.15964581,MISW,AEO2026 Counterfactual Baseline case
p74,2035,0.20422148,0.15023401,0.10977581,0.16184946,MISW,AEO2026 Counterfactual Baseline case
p74,2036,0.2073061,0.15205812,0.11155502,0.16400167,MISW,AEO2026 Counterfactual Baseline case
p74,2037,0.21061229999999997,0.15408492000000001,0.11345869,0.16626836999999997,MISW,AEO2026 Counterfactual Baseline case
p74,2038,0.21399103,0.15635526,0.11539210999999999,0.16868576000000002,MISW,AEO2026 Counterfactual Baseline case
p74,2039,0.21992945,0.16007669,0.11939939000000001,0.17263536,MISW,AEO2026 Counterfactual Baseline case
p74,2040,0.22500896,0.16375637,0.12204783000000001,0.17672301999999998,MISW,AEO2026 Counterfactual Baseline case
p74,2041,0.22827921,0.16572239,0.12372375,0.17877325,MISW,AEO2026 Counterfactual Baseline case
p74,2042,0.23177837,0.16802423,0.12539169,0.18120552,MISW,AEO2026 Counterfactual Baseline case
p74,2043,0.23487172999999997,0.17003954,0.12678616,0.18325852999999998,MISW,AEO2026 Counterfactual Baseline case
p74,2044,0.23803132999999999,0.17213964,0.12822962999999998,0.18533339000000001,MISW,AEO2026 Counterfactual Baseline case
p74,2045,0.24172211000000002,0.17459301,0.12992354,0.18778220999999998,MISW,AEO2026 Counterfactual Baseline case
p74,2046,0.24561250999999998,0.17718899,0.13180169,0.19039259,MISW,AEO2026 Counterfactual Baseline case
p74,2047,0.24927519,0.17960983,0.13341914,0.19282016999999999,MISW,AEO2026 Counterfactual Baseline case
p74,2048,0.25277170000000004,0.18193846,0.13500608,0.19502171000000001,MISW,AEO2026 Counterfactual Baseline case
p74,2049,0.25649567,0.18451841000000002,0.13667992,0.19748468,MISW,AEO2026 Counterfactual Baseline case
p74,2050,0.26035557,0.1871821,0.13845055,0.20004028000000001,MISW,AEO2026 Counterfactual Baseline case
p75,2014,0.16259731,0.12205439,0.08591856999999999,0.13098693,MISW,AEO2026 Counterfactual Baseline case
p75,2015,0.16259731,0.12205439,0.08591856999999999,0.13098693,MISW,AEO2026 Counterfactual Baseline case
p75,2016,0.16259731,0.12205439,0.08591856999999999,0.13098693,MISW,AEO2026 Counterfactual Baseline case
p75,2017,0.16259731,0.12205439,0.08591856999999999,0.13098693,MISW,AEO2026 Counterfactual Baseline case
p75,2018,0.16259731,0.12205439,0.08591856999999999,0.13098693,MISW,AEO2026 Counterfactual Baseline case
p75,2019,0.16259731,0.12205439,0.08591856999999999,0.13098693,MISW,AEO2026 Counterfactual Baseline case
p75,2020,0.16259731,0.12205439,0.08591856999999999,0.13098693,MISW,AEO2026 Counterfactual Baseline case
p75,2021,0.16259731,0.12205439,0.08591856999999999,0.13098693,MISW,AEO2026 Counterfactual Baseline case
p75,2022,0.16259731,0.12205439,0.08591856999999999,0.13098693,MISW,AEO2026 Counterfactual Baseline case
p75,2023,0.16259731,0.12205439,0.08591856999999999,0.13098693,MISW,AEO2026 Counterfactual Baseline case
p75,2024,0.16259731,0.12205439,0.08591856999999999,0.13098693,MISW,AEO2026 Counterfactual Baseline case
p75,2025,0.16259731,0.12205439,0.08591856999999999,0.13098693,MISW,AEO2026 Counterfactual Baseline case
p75,2026,0.16806028,0.12475109,0.08891837000000001,0.13481097,MISW,AEO2026 Counterfactual Baseline case
p75,2027,0.16409880000000002,0.1213316,0.08382222,0.13105608,MISW,AEO2026 Counterfactual Baseline case
p75,2028,0.16207203,0.11924332,0.08261283999999999,0.12815911,MISW,AEO2026 Counterfactual Baseline case
p75,2029,0.16515892000000001,0.12184049,0.08439500999999999,0.13050419,MISW,AEO2026 Counterfactual Baseline case
p75,2030,0.17100529,0.12627204,0.08833937,0.13493138999999998,MISW,AEO2026 Counterfactual Baseline case
p75,2031,0.17753557,0.13147259,0.09243567999999999,0.14044533,MISW,AEO2026 Counterfactual Baseline case
p75,2032,0.18930141,0.1394485,0.10145426,0.14891672,MISW,AEO2026 Counterfactual Baseline case
p75,2033,0.19808810999999998,0.14665606,0.10626595,0.15723710999999999,MISW,AEO2026 Counterfactual Baseline case
p75,2034,0.20129667,0.1484685,0.10810196,0.15964581,MISW,AEO2026 Counterfactual Baseline case
p75,2035,0.20422148,0.15023401,0.10977581,0.16184946,MISW,AEO2026 Counterfactual Baseline case
p75,2036,0.2073061,0.15205812,0.11155502,0.16400167,MISW,AEO2026 Counterfactual Baseline case
p75,2037,0.21061229999999997,0.15408492000000001,0.11345869,0.16626836999999997,MISW,AEO2026 Counterfactual Baseline case
p75,2038,0.21399103,0.15635526,0.11539210999999999,0.16868576000000002,MISW,AEO2026 Counterfactual Baseline case
p75,2039,0.21992945,0.16007669,0.11939939000000001,0.17263536,MISW,AEO2026 Counterfactual Baseline case
p75,2040,0.22500896,0.16375637,0.12204783000000001,0.17672301999999998,MISW,AEO2026 Counterfactual Baseline case
p75,2041,0.22827921,0.16572239,0.12372375,0.17877325,MISW,AEO2026 Counterfactual Baseline case
p75,2042,0.23177837,0.16802423,0.12539169,0.18120552,MISW,AEO2026 Counterfactual Baseline case
p75,2043,0.23487172999999997,0.17003954,0.12678616,0.18325852999999998,MISW,AEO2026 Counterfactual Baseline case
p75,2044,0.23803132999999999,0.17213964,0.12822962999999998,0.18533339000000001,MISW,AEO2026 Counterfactual Baseline case
p75,2045,0.24172211000000002,0.17459301,0.12992354,0.18778220999999998,MISW,AEO2026 Counterfactual Baseline case
p75,2046,0.24561250999999998,0.17718899,0.13180169,0.19039259,MISW,AEO2026 Counterfactual Baseline case
p75,2047,0.24927519,0.17960983,0.13341914,0.19282016999999999,MISW,AEO2026 Counterfactual Baseline case
p75,2048,0.25277170000000004,0.18193846,0.13500608,0.19502171000000001,MISW,AEO2026 Counterfactual Baseline case
p75,2049,0.25649567,0.18451841000000002,0.13667992,0.19748468,MISW,AEO2026 Counterfactual Baseline case
p75,2050,0.26035557,0.1871821,0.13845055,0.20004028000000001,MISW,AEO2026 Counterfactual Baseline case
p76,2014,0.16259731,0.12205439,0.08591856999999999,0.13098693,MISW,AEO2026 Counterfactual Baseline case
p76,2015,0.16259731,0.12205439,0.08591856999999999,0.13098693,MISW,AEO2026 Counterfactual Baseline case
p76,2016,0.16259731,0.12205439,0.08591856999999999,0.13098693,MISW,AEO2026 Counterfactual Baseline case
p76,2017,0.16259731,0.12205439,0.08591856999999999,0.13098693,MISW,AEO2026 Counterfactual Baseline case
p76,2018,0.16259731,0.12205439,0.08591856999999999,0.13098693,MISW,AEO2026 Counterfactual Baseline case
p76,2019,0.16259731,0.12205439,0.08591856999999999,0.13098693,MISW,AEO2026 Counterfactual Baseline case
p76,2020,0.16259731,0.12205439,0.08591856999999999,0.13098693,MISW,AEO2026 Counterfactual Baseline case
p76,2021,0.16259731,0.12205439,0.08591856999999999,0.13098693,MISW,AEO2026 Counterfactual Baseline case
p76,2022,0.16259731,0.12205439,0.08591856999999999,0.13098693,MISW,AEO2026 Counterfactual Baseline case
p76,2023,0.16259731,0.12205439,0.08591856999999999,0.13098693,MISW,AEO2026 Counterfactual Baseline case
p76,2024,0.16259731,0.12205439,0.08591856999999999,0.13098693,MISW,AEO2026 Counterfactual Baseline case
p76,2025,0.16259731,0.12205439,0.08591856999999999,0.13098693,MISW,AEO2026 Counterfactual Baseline case
p76,2026,0.16806028,0.12475109,0.08891837000000001,0.13481097,MISW,AEO2026 Counterfactual Baseline case
p76,2027,0.16409880000000002,0.1213316,0.08382222,0.13105608,MISW,AEO2026 Counterfactual Baseline case
p76,2028,0.16207203,0.11924332,0.08261283999999999,0.12815911,MISW,AEO2026 Counterfactual Baseline case
p76,2029,0.16515892000000001,0.12184049,0.08439500999999999,0.13050419,MISW,AEO2026 Counterfactual Baseline case
p76,2030,0.17100529,0.12627204,0.08833937,0.13493138999999998,MISW,AEO2026 Counterfactual Baseline case
p76,2031,0.17753557,0.13147259,0.09243567999999999,0.14044533,MISW,AEO2026 Counterfactual Baseline case
p76,2032,0.18930141,0.1394485,0.10145426,0.14891672,MISW,AEO2026 Counterfactual Baseline case
p76,2033,0.19808810999999998,0.14665606,0.10626595,0.15723710999999999,MISW,AEO2026 Counterfactual Baseline case
p76,2034,0.20129667,0.1484685,0.10810196,0.15964581,MISW,AEO2026 Counterfactual Baseline case
p76,2035,0.20422148,0.15023401,0.10977581,0.16184946,MISW,AEO2026 Counterfactual Baseline case
p76,2036,0.2073061,0.15205812,0.11155502,0.16400167,MISW,AEO2026 Counterfactual Baseline case
p76,2037,0.21061229999999997,0.15408492000000001,0.11345869,0.16626836999999997,MISW,AEO2026 Counterfactual Baseline case
p76,2038,0.21399103,0.15635526,0.11539210999999999,0.16868576000000002,MISW,AEO2026 Counterfactual Baseline case
p76,2039,0.21992945,0.16007669,0.11939939000000001,0.17263536,MISW,AEO2026 Counterfactual Baseline case
p76,2040,0.22500896,0.16375637,0.12204783000000001,0.17672301999999998,MISW,AEO2026 Counterfactual Baseline case
p76,2041,0.22827921,0.16572239,0.12372375,0.17877325,MISW,AEO2026 Counterfactual Baseline case
p76,2042,0.23177837,0.16802423,0.12539169,0.18120552,MISW,AEO2026 Counterfactual Baseline case
p76,2043,0.23487172999999997,0.17003954,0.12678616,0.18325852999999998,MISW,AEO2026 Counterfactual Baseline case
p76,2044,0.23803132999999999,0.17213964,0.12822962999999998,0.18533339000000001,MISW,AEO2026 Counterfactual Baseline case
p76,2045,0.24172211000000002,0.17459301,0.12992354,0.18778220999999998,MISW,AEO2026 Counterfactual Baseline case
p76,2046,0.24561250999999998,0.17718899,0.13180169,0.19039259,MISW,AEO2026 Counterfactual Baseline case
p76,2047,0.24927519,0.17960983,0.13341914,0.19282016999999999,MISW,AEO2026 Counterfactual Baseline case
p76,2048,0.25277170000000004,0.18193846,0.13500608,0.19502171000000001,MISW,AEO2026 Counterfactual Baseline case
p76,2049,0.25649567,0.18451841000000002,0.13667992,0.19748468,MISW,AEO2026 Counterfactual Baseline case
p76,2050,0.26035557,0.1871821,0.13845055,0.20004028000000001,MISW,AEO2026 Counterfactual Baseline case
p77,2014,0.16259731,0.12205439,0.08591856999999999,0.13098693,MISW,AEO2026 Counterfactual Baseline case
p77,2015,0.16259731,0.12205439,0.08591856999999999,0.13098693,MISW,AEO2026 Counterfactual Baseline case
p77,2016,0.16259731,0.12205439,0.08591856999999999,0.13098693,MISW,AEO2026 Counterfactual Baseline case
p77,2017,0.16259731,0.12205439,0.08591856999999999,0.13098693,MISW,AEO2026 Counterfactual Baseline case
p77,2018,0.16259731,0.12205439,0.08591856999999999,0.13098693,MISW,AEO2026 Counterfactual Baseline case
p77,2019,0.16259731,0.12205439,0.08591856999999999,0.13098693,MISW,AEO2026 Counterfactual Baseline case
p77,2020,0.16259731,0.12205439,0.08591856999999999,0.13098693,MISW,AEO2026 Counterfactual Baseline case
p77,2021,0.16259731,0.12205439,0.08591856999999999,0.13098693,MISW,AEO2026 Counterfactual Baseline case
p77,2022,0.16259731,0.12205439,0.08591856999999999,0.13098693,MISW,AEO2026 Counterfactual Baseline case
p77,2023,0.16259731,0.12205439,0.08591856999999999,0.13098693,MISW,AEO2026 Counterfactual Baseline case
p77,2024,0.16259731,0.12205439,0.08591856999999999,0.13098693,MISW,AEO2026 Counterfactual Baseline case
p77,2025,0.16259731,0.12205439,0.08591856999999999,0.13098693,MISW,AEO2026 Counterfactual Baseline case
p77,2026,0.16806028,0.12475109,0.08891837000000001,0.13481097,MISW,AEO2026 Counterfactual Baseline case
p77,2027,0.16409880000000002,0.1213316,0.08382222,0.13105608,MISW,AEO2026 Counterfactual Baseline case
p77,2028,0.16207203,0.11924332,0.08261283999999999,0.12815911,MISW,AEO2026 Counterfactual Baseline case
p77,2029,0.16515892000000001,0.12184049,0.08439500999999999,0.13050419,MISW,AEO2026 Counterfactual Baseline case
p77,2030,0.17100529,0.12627204,0.08833937,0.13493138999999998,MISW,AEO2026 Counterfactual Baseline case
p77,2031,0.17753557,0.13147259,0.09243567999999999,0.14044533,MISW,AEO2026 Counterfactual Baseline case
p77,2032,0.18930141,0.1394485,0.10145426,0.14891672,MISW,AEO2026 Counterfactual Baseline case
p77,2033,0.19808810999999998,0.14665606,0.10626595,0.15723710999999999,MISW,AEO2026 Counterfactual Baseline case
p77,2034,0.20129667,0.1484685,0.10810196,0.15964581,MISW,AEO2026 Counterfactual Baseline case
p77,2035,0.20422148,0.15023401,0.10977581,0.16184946,MISW,AEO2026 Counterfactual Baseline case
p77,2036,0.2073061,0.15205812,0.11155502,0.16400167,MISW,AEO2026 Counterfactual Baseline case
p77,2037,0.21061229999999997,0.15408492000000001,0.11345869,0.16626836999999997,MISW,AEO2026 Counterfactual Baseline case
p77,2038,0.21399103,0.15635526,0.11539210999999999,0.16868576000000002,MISW,AEO2026 Counterfactual Baseline case
p77,2039,0.21992945,0.16007669,0.11939939000000001,0.17263536,MISW,AEO2026 Counterfactual Baseline case
p77,2040,0.22500896,0.16375637,0.12204783000000001,0.17672301999999998,MISW,AEO2026 Counterfactual Baseline case
p77,2041,0.22827921,0.16572239,0.12372375,0.17877325,MISW,AEO2026 Counterfactual Baseline case
p77,2042,0.23177837,0.16802423,0.12539169,0.18120552,MISW,AEO2026 Counterfactual Baseline case
p77,2043,0.23487172999999997,0.17003954,0.12678616,0.18325852999999998,MISW,AEO2026 Counterfactual Baseline case
p77,2044,0.23803132999999999,0.17213964,0.12822962999999998,0.18533339000000001,MISW,AEO2026 Counterfactual Baseline case
p77,2045,0.24172211000000002,0.17459301,0.12992354,0.18778220999999998,MISW,AEO2026 Counterfactual Baseline case
p77,2046,0.24561250999999998,0.17718899,0.13180169,0.19039259,MISW,AEO2026 Counterfactual Baseline case
p77,2047,0.24927519,0.17960983,0.13341914,0.19282016999999999,MISW,AEO2026 Counterfactual Baseline case
p77,2048,0.25277170000000004,0.18193846,0.13500608,0.19502171000000001,MISW,AEO2026 Counterfactual Baseline case
p77,2049,0.25649567,0.18451841000000002,0.13667992,0.19748468,MISW,AEO2026 Counterfactual Baseline case
p77,2050,0.26035557,0.1871821,0.13845055,0.20004028000000001,MISW,AEO2026 Counterfactual Baseline case
p78,2014,0.16259731,0.12205439,0.08591856999999999,0.13098693,MISW,AEO2026 Counterfactual Baseline case
p78,2015,0.16259731,0.12205439,0.08591856999999999,0.13098693,MISW,AEO2026 Counterfactual Baseline case
p78,2016,0.16259731,0.12205439,0.08591856999999999,0.13098693,MISW,AEO2026 Counterfactual Baseline case
p78,2017,0.16259731,0.12205439,0.08591856999999999,0.13098693,MISW,AEO2026 Counterfactual Baseline case
p78,2018,0.16259731,0.12205439,0.08591856999999999,0.13098693,MISW,AEO2026 Counterfactual Baseline case
p78,2019,0.16259731,0.12205439,0.08591856999999999,0.13098693,MISW,AEO2026 Counterfactual Baseline case
p78,2020,0.16259731,0.12205439,0.08591856999999999,0.13098693,MISW,AEO2026 Counterfactual Baseline case
p78,2021,0.16259731,0.12205439,0.08591856999999999,0.13098693,MISW,AEO2026 Counterfactual Baseline case
p78,2022,0.16259731,0.12205439,0.08591856999999999,0.13098693,MISW,AEO2026 Counterfactual Baseline case
p78,2023,0.16259731,0.12205439,0.08591856999999999,0.13098693,MISW,AEO2026 Counterfactual Baseline case
p78,2024,0.16259731,0.12205439,0.08591856999999999,0.13098693,MISW,AEO2026 Counterfactual Baseline case
p78,2025,0.16259731,0.12205439,0.08591856999999999,0.13098693,MISW,AEO2026 Counterfactual Baseline case
p78,2026,0.16806028,0.12475109,0.08891837000000001,0.13481097,MISW,AEO2026 Counterfactual Baseline case
p78,2027,0.16409880000000002,0.1213316,0.08382222,0.13105608,MISW,AEO2026 Counterfactual Baseline case
p78,2028,0.16207203,0.11924332,0.08261283999999999,0.12815911,MISW,AEO2026 Counterfactual Baseline case
p78,2029,0.16515892000000001,0.12184049,0.08439500999999999,0.13050419,MISW,AEO2026 Counterfactual Baseline case
p78,2030,0.17100529,0.12627204,0.08833937,0.13493138999999998,MISW,AEO2026 Counterfactual Baseline case
p78,2031,0.17753557,0.13147259,0.09243567999999999,0.14044533,MISW,AEO2026 Counterfactual Baseline case
p78,2032,0.18930141,0.1394485,0.10145426,0.14891672,MISW,AEO2026 Counterfactual Baseline case
p78,2033,0.19808810999999998,0.14665606,0.10626595,0.15723710999999999,MISW,AEO2026 Counterfactual Baseline case
p78,2034,0.20129667,0.1484685,0.10810196,0.15964581,MISW,AEO2026 Counterfactual Baseline case
p78,2035,0.20422148,0.15023401,0.10977581,0.16184946,MISW,AEO2026 Counterfactual Baseline case
p78,2036,0.2073061,0.15205812,0.11155502,0.16400167,MISW,AEO2026 Counterfactual Baseline case
p78,2037,0.21061229999999997,0.15408492000000001,0.11345869,0.16626836999999997,MISW,AEO2026 Counterfactual Baseline case
p78,2038,0.21399103,0.15635526,0.11539210999999999,0.16868576000000002,MISW,AEO2026 Counterfactual Baseline case
p78,2039,0.21992945,0.16007669,0.11939939000000001,0.17263536,MISW,AEO2026 Counterfactual Baseline case
p78,2040,0.22500896,0.16375637,0.12204783000000001,0.17672301999999998,MISW,AEO2026 Counterfactual Baseline case
p78,2041,0.22827921,0.16572239,0.12372375,0.17877325,MISW,AEO2026 Counterfactual Baseline case
p78,2042,0.23177837,0.16802423,0.12539169,0.18120552,MISW,AEO2026 Counterfactual Baseline case
p78,2043,0.23487172999999997,0.17003954,0.12678616,0.18325852999999998,MISW,AEO2026 Counterfactual Baseline case
p78,2044,0.23803132999999999,0.17213964,0.12822962999999998,0.18533339000000001,MISW,AEO2026 Counterfactual Baseline case
p78,2045,0.24172211000000002,0.17459301,0.12992354,0.18778220999999998,MISW,AEO2026 Counterfactual Baseline case
p78,2046,0.24561250999999998,0.17718899,0.13180169,0.19039259,MISW,AEO2026 Counterfactual Baseline case
p78,2047,0.24927519,0.17960983,0.13341914,0.19282016999999999,MISW,AEO2026 Counterfactual Baseline case
p78,2048,0.25277170000000004,0.18193846,0.13500608,0.19502171000000001,MISW,AEO2026 Counterfactual Baseline case
p78,2049,0.25649567,0.18451841000000002,0.13667992,0.19748468,MISW,AEO2026 Counterfactual Baseline case
p78,2050,0.26035557,0.1871821,0.13845055,0.20004028000000001,MISW,AEO2026 Counterfactual Baseline case
p79,2014,0.16259731,0.12205439,0.08591856999999999,0.13098693,MISW,AEO2026 Counterfactual Baseline case
p79,2015,0.16259731,0.12205439,0.08591856999999999,0.13098693,MISW,AEO2026 Counterfactual Baseline case
p79,2016,0.16259731,0.12205439,0.08591856999999999,0.13098693,MISW,AEO2026 Counterfactual Baseline case
p79,2017,0.16259731,0.12205439,0.08591856999999999,0.13098693,MISW,AEO2026 Counterfactual Baseline case
p79,2018,0.16259731,0.12205439,0.08591856999999999,0.13098693,MISW,AEO2026 Counterfactual Baseline case
p79,2019,0.16259731,0.12205439,0.08591856999999999,0.13098693,MISW,AEO2026 Counterfactual Baseline case
p79,2020,0.16259731,0.12205439,0.08591856999999999,0.13098693,MISW,AEO2026 Counterfactual Baseline case
p79,2021,0.16259731,0.12205439,0.08591856999999999,0.13098693,MISW,AEO2026 Counterfactual Baseline case
p79,2022,0.16259731,0.12205439,0.08591856999999999,0.13098693,MISW,AEO2026 Counterfactual Baseline case
p79,2023,0.16259731,0.12205439,0.08591856999999999,0.13098693,MISW,AEO2026 Counterfactual Baseline case
p79,2024,0.16259731,0.12205439,0.08591856999999999,0.13098693,MISW,AEO2026 Counterfactual Baseline case
p79,2025,0.16259731,0.12205439,0.08591856999999999,0.13098693,MISW,AEO2026 Counterfactual Baseline case
p79,2026,0.16806028,0.12475109,0.08891837000000001,0.13481097,MISW,AEO2026 Counterfactual Baseline case
p79,2027,0.16409880000000002,0.1213316,0.08382222,0.13105608,MISW,AEO2026 Counterfactual Baseline case
p79,2028,0.16207203,0.11924332,0.08261283999999999,0.12815911,MISW,AEO2026 Counterfactual Baseline case
p79,2029,0.16515892000000001,0.12184049,0.08439500999999999,0.13050419,MISW,AEO2026 Counterfactual Baseline case
p79,2030,0.17100529,0.12627204,0.08833937,0.13493138999999998,MISW,AEO2026 Counterfactual Baseline case
p79,2031,0.17753557,0.13147259,0.09243567999999999,0.14044533,MISW,AEO2026 Counterfactual Baseline case
p79,2032,0.18930141,0.1394485,0.10145426,0.14891672,MISW,AEO2026 Counterfactual Baseline case
p79,2033,0.19808810999999998,0.14665606,0.10626595,0.15723710999999999,MISW,AEO2026 Counterfactual Baseline case
p79,2034,0.20129667,0.1484685,0.10810196,0.15964581,MISW,AEO2026 Counterfactual Baseline case
p79,2035,0.20422148,0.15023401,0.10977581,0.16184946,MISW,AEO2026 Counterfactual Baseline case
p79,2036,0.2073061,0.15205812,0.11155502,0.16400167,MISW,AEO2026 Counterfactual Baseline case
p79,2037,0.21061229999999997,0.15408492000000001,0.11345869,0.16626836999999997,MISW,AEO2026 Counterfactual Baseline case
p79,2038,0.21399103,0.15635526,0.11539210999999999,0.16868576000000002,MISW,AEO2026 Counterfactual Baseline case
p79,2039,0.21992945,0.16007669,0.11939939000000001,0.17263536,MISW,AEO2026 Counterfactual Baseline case
p79,2040,0.22500896,0.16375637,0.12204783000000001,0.17672301999999998,MISW,AEO2026 Counterfactual Baseline case
p79,2041,0.22827921,0.16572239,0.12372375,0.17877325,MISW,AEO2026 Counterfactual Baseline case
p79,2042,0.23177837,0.16802423,0.12539169,0.18120552,MISW,AEO2026 Counterfactual Baseline case
p79,2043,0.23487172999999997,0.17003954,0.12678616,0.18325852999999998,MISW,AEO2026 Counterfactual Baseline case
p79,2044,0.23803132999999999,0.17213964,0.12822962999999998,0.18533339000000001,MISW,AEO2026 Counterfactual Baseline case
p79,2045,0.24172211000000002,0.17459301,0.12992354,0.18778220999999998,MISW,AEO2026 Counterfactual Baseline case
p79,2046,0.24561250999999998,0.17718899,0.13180169,0.19039259,MISW,AEO2026 Counterfactual Baseline case
p79,2047,0.24927519,0.17960983,0.13341914,0.19282016999999999,MISW,AEO2026 Counterfactual Baseline case
p79,2048,0.25277170000000004,0.18193846,0.13500608,0.19502171000000001,MISW,AEO2026 Counterfactual Baseline case
p79,2049,0.25649567,0.18451841000000002,0.13667992,0.19748468,MISW,AEO2026 Counterfactual Baseline case
p79,2050,0.26035557,0.1871821,0.13845055,0.20004028000000001,MISW,AEO2026 Counterfactual Baseline case
p80,2014,0.14195688,0.11897838,0.09868453,0.11428129999999999,PJMC,AEO2026 Counterfactual Baseline case
p80,2015,0.14195688,0.11897838,0.09868453,0.11428129999999999,PJMC,AEO2026 Counterfactual Baseline case
p80,2016,0.14195688,0.11897838,0.09868453,0.11428129999999999,PJMC,AEO2026 Counterfactual Baseline case
p80,2017,0.14195688,0.11897838,0.09868453,0.11428129999999999,PJMC,AEO2026 Counterfactual Baseline case
p80,2018,0.14195688,0.11897838,0.09868453,0.11428129999999999,PJMC,AEO2026 Counterfactual Baseline case
p80,2019,0.14195688,0.11897838,0.09868453,0.11428129999999999,PJMC,AEO2026 Counterfactual Baseline case
p80,2020,0.14195688,0.11897838,0.09868453,0.11428129999999999,PJMC,AEO2026 Counterfactual Baseline case
p80,2021,0.14195688,0.11897838,0.09868453,0.11428129999999999,PJMC,AEO2026 Counterfactual Baseline case
p80,2022,0.14195688,0.11897838,0.09868453,0.11428129999999999,PJMC,AEO2026 Counterfactual Baseline case
p80,2023,0.14195688,0.11897838,0.09868453,0.11428129999999999,PJMC,AEO2026 Counterfactual Baseline case
p80,2024,0.14195688,0.11897838,0.09868453,0.11428129999999999,PJMC,AEO2026 Counterfactual Baseline case
p80,2025,0.14195688,0.11897838,0.09868453,0.11428129999999999,PJMC,AEO2026 Counterfactual Baseline case
p80,2026,0.14660211,0.12056905999999999,0.10090906999999999,0.11722568000000001,PJMC,AEO2026 Counterfactual Baseline case
p80,2027,0.15503973000000001,0.13084883,0.10693607999999999,0.12431288,PJMC,AEO2026 Counterfactual Baseline case
p80,2028,0.1533041,0.12860968,0.10354395,0.12235638,PJMC,AEO2026 Counterfactual Baseline case
p80,2029,0.15665976,0.13146173,0.10578896,0.12519581000000002,PJMC,AEO2026 Counterfactual Baseline case
p80,2030,0.1695336,0.14508937,0.11626588,0.13701503,PJMC,AEO2026 Counterfactual Baseline case
p80,2031,0.1869079,0.16480158,0.13089464,0.15253734,PJMC,AEO2026 Counterfactual Baseline case
p80,2032,0.18395203,0.1585318,0.12776755,0.15033467,PJMC,AEO2026 Counterfactual Baseline case
p80,2033,0.18847694,0.16279058,0.13110962,0.15454822999999998,PJMC,AEO2026 Counterfactual Baseline case
p80,2034,0.18874956,0.16267445,0.13009934,0.1544639,PJMC,AEO2026 Counterfactual Baseline case
p80,2035,0.19013292,0.16358511,0.13031475,0.15546906,PJMC,AEO2026 Counterfactual Baseline case
p80,2036,0.19336725000000002,0.16638212,0.13237574,0.15825085,PJMC,AEO2026 Counterfactual Baseline case
p80,2037,0.19878838999999998,0.17159424,0.13649611,0.16310123,PJMC,AEO2026 Counterfactual Baseline case
p80,2038,0.2149815,0.18911732,0.14980935,0.17711679,PJMC,AEO2026 Counterfactual Baseline case
p80,2039,0.20922958000000003,0.18100964,0.14423036,0.17158933999999998,PJMC,AEO2026 Counterfactual Baseline case
p80,2040,0.21283829,0.18435110000000002,0.14660282,0.17464516,PJMC,AEO2026 Counterfactual Baseline case
p80,2041,0.2166011,0.18768408,0.14899616,0.17783051,PJMC,AEO2026 Counterfactual Baseline case
p80,2042,0.22123014000000002,0.19185019,0.15219687,0.18181269,PJMC,AEO2026 Counterfactual Baseline case
p80,2043,0.22516375,0.19537073,0.15473338,0.18514526,PJMC,AEO2026 Counterfactual Baseline case
p80,2044,0.22929756,0.19917175,0.15735366,0.18856770999999997,PJMC,AEO2026 Counterfactual Baseline case
p80,2045,0.23388701999999997,0.20333628,0.16024523,0.19228312,PJMC,AEO2026 Counterfactual Baseline case
p80,2046,0.23821672,0.20714528999999998,0.16284893,0.1956868,PJMC,AEO2026 Counterfactual Baseline case
p80,2047,0.24359304,0.21210745,0.16646433,0.20016382,PJMC,AEO2026 Counterfactual Baseline case
p80,2048,0.24904089,0.21695696,0.16998306,0.20449957000000002,PJMC,AEO2026 Counterfactual Baseline case
p80,2049,0.25451159,0.22179373,0.17330256,0.20869173,PJMC,AEO2026 Counterfactual Baseline case
p80,2050,0.259081,0.22558879999999998,0.17569593,0.21195609999999998,PJMC,AEO2026 Counterfactual Baseline case
p81,2014,0.15199648,0.12028807999999999,0.08832773,0.12682292,MISC,AEO2026 Counterfactual Baseline case
p81,2015,0.15199648,0.12028807999999999,0.08832773,0.12682292,MISC,AEO2026 Counterfactual Baseline case
p81,2016,0.15199648,0.12028807999999999,0.08832773,0.12682292,MISC,AEO2026 Counterfactual Baseline case
p81,2017,0.15199648,0.12028807999999999,0.08832773,0.12682292,MISC,AEO2026 Counterfactual Baseline case
p81,2018,0.15199648,0.12028807999999999,0.08832773,0.12682292,MISC,AEO2026 Counterfactual Baseline case
p81,2019,0.15199648,0.12028807999999999,0.08832773,0.12682292,MISC,AEO2026 Counterfactual Baseline case
p81,2020,0.15199648,0.12028807999999999,0.08832773,0.12682292,MISC,AEO2026 Counterfactual Baseline case
p81,2021,0.15199648,0.12028807999999999,0.08832773,0.12682292,MISC,AEO2026 Counterfactual Baseline case
p81,2022,0.15199648,0.12028807999999999,0.08832773,0.12682292,MISC,AEO2026 Counterfactual Baseline case
p81,2023,0.15199648,0.12028807999999999,0.08832773,0.12682292,MISC,AEO2026 Counterfactual Baseline case
p81,2024,0.15199648,0.12028807999999999,0.08832773,0.12682292,MISC,AEO2026 Counterfactual Baseline case
p81,2025,0.15199648,0.12028807999999999,0.08832773,0.12682292,MISC,AEO2026 Counterfactual Baseline case
p81,2026,0.15550863,0.12191993,0.09023328,0.12946543,MISC,AEO2026 Counterfactual Baseline case
p81,2027,0.15408827,0.12147972,0.08832103,0.12845634,MISC,AEO2026 Counterfactual Baseline case
p81,2028,0.15217702,0.1199665,0.08701409,0.12630376999999998,MISC,AEO2026 Counterfactual Baseline case
p81,2029,0.15568438,0.12338698000000001,0.08946942999999999,0.12948156,MISC,AEO2026 Counterfactual Baseline case
p81,2030,0.16091501,0.12834569,0.09325098000000001,0.13439336000000002,MISC,AEO2026 Counterfactual Baseline case
p81,2031,0.16882466999999998,0.13643148,0.09890393,0.14213247,MISC,AEO2026 Counterfactual Baseline case
p81,2032,0.17180445,0.13822071,0.10085018,0.14447202,MISC,AEO2026 Counterfactual Baseline case
p81,2033,0.17744011,0.14344363,0.10445861000000001,0.15073337,MISC,AEO2026 Counterfactual Baseline case
p81,2034,0.17797537,0.14384823000000002,0.10443152,0.1514712,MISC,AEO2026 Counterfactual Baseline case
p81,2035,0.17852074,0.14414517,0.10473501,0.15190536,MISC,AEO2026 Counterfactual Baseline case
p81,2036,0.18079187000000002,0.14572198,0.10621710000000001,0.15359937,MISC,AEO2026 Counterfactual Baseline case
p81,2037,0.18414155999999998,0.14870481,0.10863448999999999,0.15662104,MISC,AEO2026 Counterfactual Baseline case
p81,2038,0.18951334,0.15428971,0.11275793,0.16166332,MISC,AEO2026 Counterfactual Baseline case
p81,2039,0.19211034999999999,0.15549506,0.11437901,0.1633392,MISC,AEO2026 Counterfactual Baseline case
p81,2040,0.19659056,0.15938504,0.11711864,0.16753651000000003,MISC,AEO2026 Counterfactual Baseline case
p81,2041,0.19980499,0.16207581999999998,0.11896941999999999,0.17034832000000003,MISC,AEO2026 Counterfactual Baseline case
p81,2042,0.20331942000000003,0.16494877,0.12115076,0.17319510000000002,MISC,AEO2026 Counterfactual Baseline case
p81,2043,0.20653694,0.16760266999999998,0.12281442000000001,0.17608528,MISC,AEO2026 Counterfactual Baseline case
p81,2044,0.21299831000000002,0.17264672999999997,0.12723256,0.18079378,MISC,AEO2026 Counterfactual Baseline case
p81,2045,0.21834220999999998,0.1775561,0.13015549,0.18611322000000002,MISC,AEO2026 Counterfactual Baseline case
p81,2046,0.22216145,0.18065332,0.13247466,0.18904669,MISC,AEO2026 Counterfactual Baseline case
p81,2047,0.22665579000000002,0.18449768,0.13524440000000001,0.19280208999999998,MISC,AEO2026 Counterfactual Baseline case
p81,2048,0.23106348000000002,0.18835052000000002,0.13789138,0.19657795,MISC,AEO2026 Counterfactual Baseline case
p81,2049,0.23575932000000002,0.19221336,0.14053955,0.20030344,MISC,AEO2026 Counterfactual Baseline case
p81,2050,0.23974277,0.19547054,0.14251913,0.20349485,MISC,AEO2026 Counterfactual Baseline case
p82,2014,0.15199648,0.12028807999999999,0.08832773,0.12682292,MISC,AEO2026 Counterfactual Baseline case
p82,2015,0.15199648,0.12028807999999999,0.08832773,0.12682292,MISC,AEO2026 Counterfactual Baseline case
p82,2016,0.15199648,0.12028807999999999,0.08832773,0.12682292,MISC,AEO2026 Counterfactual Baseline case
p82,2017,0.15199648,0.12028807999999999,0.08832773,0.12682292,MISC,AEO2026 Counterfactual Baseline case
p82,2018,0.15199648,0.12028807999999999,0.08832773,0.12682292,MISC,AEO2026 Counterfactual Baseline case
p82,2019,0.15199648,0.12028807999999999,0.08832773,0.12682292,MISC,AEO2026 Counterfactual Baseline case
p82,2020,0.15199648,0.12028807999999999,0.08832773,0.12682292,MISC,AEO2026 Counterfactual Baseline case
p82,2021,0.15199648,0.12028807999999999,0.08832773,0.12682292,MISC,AEO2026 Counterfactual Baseline case
p82,2022,0.15199648,0.12028807999999999,0.08832773,0.12682292,MISC,AEO2026 Counterfactual Baseline case
p82,2023,0.15199648,0.12028807999999999,0.08832773,0.12682292,MISC,AEO2026 Counterfactual Baseline case
p82,2024,0.15199648,0.12028807999999999,0.08832773,0.12682292,MISC,AEO2026 Counterfactual Baseline case
p82,2025,0.15199648,0.12028807999999999,0.08832773,0.12682292,MISC,AEO2026 Counterfactual Baseline case
p82,2026,0.15550863,0.12191993,0.09023328,0.12946543,MISC,AEO2026 Counterfactual Baseline case
p82,2027,0.15408827,0.12147972,0.08832103,0.12845634,MISC,AEO2026 Counterfactual Baseline case
p82,2028,0.15217702,0.1199665,0.08701409,0.12630376999999998,MISC,AEO2026 Counterfactual Baseline case
p82,2029,0.15568438,0.12338698000000001,0.08946942999999999,0.12948156,MISC,AEO2026 Counterfactual Baseline case
p82,2030,0.16091501,0.12834569,0.09325098000000001,0.13439336000000002,MISC,AEO2026 Counterfactual Baseline case
p82,2031,0.16882466999999998,0.13643148,0.09890393,0.14213247,MISC,AEO2026 Counterfactual Baseline case
p82,2032,0.17180445,0.13822071,0.10085018,0.14447202,MISC,AEO2026 Counterfactual Baseline case
p82,2033,0.17744011,0.14344363,0.10445861000000001,0.15073337,MISC,AEO2026 Counterfactual Baseline case
p82,2034,0.17797537,0.14384823000000002,0.10443152,0.1514712,MISC,AEO2026 Counterfactual Baseline case
p82,2035,0.17852074,0.14414517,0.10473501,0.15190536,MISC,AEO2026 Counterfactual Baseline case
p82,2036,0.18079187000000002,0.14572198,0.10621710000000001,0.15359937,MISC,AEO2026 Counterfactual Baseline case
p82,2037,0.18414155999999998,0.14870481,0.10863448999999999,0.15662104,MISC,AEO2026 Counterfactual Baseline case
p82,2038,0.18951334,0.15428971,0.11275793,0.16166332,MISC,AEO2026 Counterfactual Baseline case
p82,2039,0.19211034999999999,0.15549506,0.11437901,0.1633392,MISC,AEO2026 Counterfactual Baseline case
p82,2040,0.19659056,0.15938504,0.11711864,0.16753651000000003,MISC,AEO2026 Counterfactual Baseline case
p82,2041,0.19980499,0.16207581999999998,0.11896941999999999,0.17034832000000003,MISC,AEO2026 Counterfactual Baseline case
p82,2042,0.20331942000000003,0.16494877,0.12115076,0.17319510000000002,MISC,AEO2026 Counterfactual Baseline case
p82,2043,0.20653694,0.16760266999999998,0.12281442000000001,0.17608528,MISC,AEO2026 Counterfactual Baseline case
p82,2044,0.21299831000000002,0.17264672999999997,0.12723256,0.18079378,MISC,AEO2026 Counterfactual Baseline case
p82,2045,0.21834220999999998,0.1775561,0.13015549,0.18611322000000002,MISC,AEO2026 Counterfactual Baseline case
p82,2046,0.22216145,0.18065332,0.13247466,0.18904669,MISC,AEO2026 Counterfactual Baseline case
p82,2047,0.22665579000000002,0.18449768,0.13524440000000001,0.19280208999999998,MISC,AEO2026 Counterfactual Baseline case
p82,2048,0.23106348000000002,0.18835052000000002,0.13789138,0.19657795,MISC,AEO2026 Counterfactual Baseline case
p82,2049,0.23575932000000002,0.19221336,0.14053955,0.20030344,MISC,AEO2026 Counterfactual Baseline case
p82,2050,0.23974277,0.19547054,0.14251913,0.20349485,MISC,AEO2026 Counterfactual Baseline case
p83,2014,0.15199648,0.12028807999999999,0.08832773,0.12682292,MISC,AEO2026 Counterfactual Baseline case
p83,2015,0.15199648,0.12028807999999999,0.08832773,0.12682292,MISC,AEO2026 Counterfactual Baseline case
p83,2016,0.15199648,0.12028807999999999,0.08832773,0.12682292,MISC,AEO2026 Counterfactual Baseline case
p83,2017,0.15199648,0.12028807999999999,0.08832773,0.12682292,MISC,AEO2026 Counterfactual Baseline case
p83,2018,0.15199648,0.12028807999999999,0.08832773,0.12682292,MISC,AEO2026 Counterfactual Baseline case
p83,2019,0.15199648,0.12028807999999999,0.08832773,0.12682292,MISC,AEO2026 Counterfactual Baseline case
p83,2020,0.15199648,0.12028807999999999,0.08832773,0.12682292,MISC,AEO2026 Counterfactual Baseline case
p83,2021,0.15199648,0.12028807999999999,0.08832773,0.12682292,MISC,AEO2026 Counterfactual Baseline case
p83,2022,0.15199648,0.12028807999999999,0.08832773,0.12682292,MISC,AEO2026 Counterfactual Baseline case
p83,2023,0.15199648,0.12028807999999999,0.08832773,0.12682292,MISC,AEO2026 Counterfactual Baseline case
p83,2024,0.15199648,0.12028807999999999,0.08832773,0.12682292,MISC,AEO2026 Counterfactual Baseline case
p83,2025,0.15199648,0.12028807999999999,0.08832773,0.12682292,MISC,AEO2026 Counterfactual Baseline case
p83,2026,0.15550863,0.12191993,0.09023328,0.12946543,MISC,AEO2026 Counterfactual Baseline case
p83,2027,0.15408827,0.12147972,0.08832103,0.12845634,MISC,AEO2026 Counterfactual Baseline case
p83,2028,0.15217702,0.1199665,0.08701409,0.12630376999999998,MISC,AEO2026 Counterfactual Baseline case
p83,2029,0.15568438,0.12338698000000001,0.08946942999999999,0.12948156,MISC,AEO2026 Counterfactual Baseline case
p83,2030,0.16091501,0.12834569,0.09325098000000001,0.13439336000000002,MISC,AEO2026 Counterfactual Baseline case
p83,2031,0.16882466999999998,0.13643148,0.09890393,0.14213247,MISC,AEO2026 Counterfactual Baseline case
p83,2032,0.17180445,0.13822071,0.10085018,0.14447202,MISC,AEO2026 Counterfactual Baseline case
p83,2033,0.17744011,0.14344363,0.10445861000000001,0.15073337,MISC,AEO2026 Counterfactual Baseline case
p83,2034,0.17797537,0.14384823000000002,0.10443152,0.1514712,MISC,AEO2026 Counterfactual Baseline case
p83,2035,0.17852074,0.14414517,0.10473501,0.15190536,MISC,AEO2026 Counterfactual Baseline case
p83,2036,0.18079187000000002,0.14572198,0.10621710000000001,0.15359937,MISC,AEO2026 Counterfactual Baseline case
p83,2037,0.18414155999999998,0.14870481,0.10863448999999999,0.15662104,MISC,AEO2026 Counterfactual Baseline case
p83,2038,0.18951334,0.15428971,0.11275793,0.16166332,MISC,AEO2026 Counterfactual Baseline case
p83,2039,0.19211034999999999,0.15549506,0.11437901,0.1633392,MISC,AEO2026 Counterfactual Baseline case
p83,2040,0.19659056,0.15938504,0.11711864,0.16753651000000003,MISC,AEO2026 Counterfactual Baseline case
p83,2041,0.19980499,0.16207581999999998,0.11896941999999999,0.17034832000000003,MISC,AEO2026 Counterfactual Baseline case
p83,2042,0.20331942000000003,0.16494877,0.12115076,0.17319510000000002,MISC,AEO2026 Counterfactual Baseline case
p83,2043,0.20653694,0.16760266999999998,0.12281442000000001,0.17608528,MISC,AEO2026 Counterfactual Baseline case
p83,2044,0.21299831000000002,0.17264672999999997,0.12723256,0.18079378,MISC,AEO2026 Counterfactual Baseline case
p83,2045,0.21834220999999998,0.1775561,0.13015549,0.18611322000000002,MISC,AEO2026 Counterfactual Baseline case
p83,2046,0.22216145,0.18065332,0.13247466,0.18904669,MISC,AEO2026 Counterfactual Baseline case
p83,2047,0.22665579000000002,0.18449768,0.13524440000000001,0.19280208999999998,MISC,AEO2026 Counterfactual Baseline case
p83,2048,0.23106348000000002,0.18835052000000002,0.13789138,0.19657795,MISC,AEO2026 Counterfactual Baseline case
p83,2049,0.23575932000000002,0.19221336,0.14053955,0.20030344,MISC,AEO2026 Counterfactual Baseline case
p83,2050,0.23974277,0.19547054,0.14251913,0.20349485,MISC,AEO2026 Counterfactual Baseline case
p84,2014,0.15199648,0.12028807999999999,0.08832773,0.12682292,MISC,AEO2026 Counterfactual Baseline case
p84,2015,0.15199648,0.12028807999999999,0.08832773,0.12682292,MISC,AEO2026 Counterfactual Baseline case
p84,2016,0.15199648,0.12028807999999999,0.08832773,0.12682292,MISC,AEO2026 Counterfactual Baseline case
p84,2017,0.15199648,0.12028807999999999,0.08832773,0.12682292,MISC,AEO2026 Counterfactual Baseline case
p84,2018,0.15199648,0.12028807999999999,0.08832773,0.12682292,MISC,AEO2026 Counterfactual Baseline case
p84,2019,0.15199648,0.12028807999999999,0.08832773,0.12682292,MISC,AEO2026 Counterfactual Baseline case
p84,2020,0.15199648,0.12028807999999999,0.08832773,0.12682292,MISC,AEO2026 Counterfactual Baseline case
p84,2021,0.15199648,0.12028807999999999,0.08832773,0.12682292,MISC,AEO2026 Counterfactual Baseline case
p84,2022,0.15199648,0.12028807999999999,0.08832773,0.12682292,MISC,AEO2026 Counterfactual Baseline case
p84,2023,0.15199648,0.12028807999999999,0.08832773,0.12682292,MISC,AEO2026 Counterfactual Baseline case
p84,2024,0.15199648,0.12028807999999999,0.08832773,0.12682292,MISC,AEO2026 Counterfactual Baseline case
p84,2025,0.15199648,0.12028807999999999,0.08832773,0.12682292,MISC,AEO2026 Counterfactual Baseline case
p84,2026,0.15550863,0.12191993,0.09023328,0.12946543,MISC,AEO2026 Counterfactual Baseline case
p84,2027,0.15408827,0.12147972,0.08832103,0.12845634,MISC,AEO2026 Counterfactual Baseline case
p84,2028,0.15217702,0.1199665,0.08701409,0.12630376999999998,MISC,AEO2026 Counterfactual Baseline case
p84,2029,0.15568438,0.12338698000000001,0.08946942999999999,0.12948156,MISC,AEO2026 Counterfactual Baseline case
p84,2030,0.16091501,0.12834569,0.09325098000000001,0.13439336000000002,MISC,AEO2026 Counterfactual Baseline case
p84,2031,0.16882466999999998,0.13643148,0.09890393,0.14213247,MISC,AEO2026 Counterfactual Baseline case
p84,2032,0.17180445,0.13822071,0.10085018,0.14447202,MISC,AEO2026 Counterfactual Baseline case
p84,2033,0.17744011,0.14344363,0.10445861000000001,0.15073337,MISC,AEO2026 Counterfactual Baseline case
p84,2034,0.17797537,0.14384823000000002,0.10443152,0.1514712,MISC,AEO2026 Counterfactual Baseline case
p84,2035,0.17852074,0.14414517,0.10473501,0.15190536,MISC,AEO2026 Counterfactual Baseline case
p84,2036,0.18079187000000002,0.14572198,0.10621710000000001,0.15359937,MISC,AEO2026 Counterfactual Baseline case
p84,2037,0.18414155999999998,0.14870481,0.10863448999999999,0.15662104,MISC,AEO2026 Counterfactual Baseline case
p84,2038,0.18951334,0.15428971,0.11275793,0.16166332,MISC,AEO2026 Counterfactual Baseline case
p84,2039,0.19211034999999999,0.15549506,0.11437901,0.1633392,MISC,AEO2026 Counterfactual Baseline case
p84,2040,0.19659056,0.15938504,0.11711864,0.16753651000000003,MISC,AEO2026 Counterfactual Baseline case
p84,2041,0.19980499,0.16207581999999998,0.11896941999999999,0.17034832000000003,MISC,AEO2026 Counterfactual Baseline case
p84,2042,0.20331942000000003,0.16494877,0.12115076,0.17319510000000002,MISC,AEO2026 Counterfactual Baseline case
p84,2043,0.20653694,0.16760266999999998,0.12281442000000001,0.17608528,MISC,AEO2026 Counterfactual Baseline case
p84,2044,0.21299831000000002,0.17264672999999997,0.12723256,0.18079378,MISC,AEO2026 Counterfactual Baseline case
p84,2045,0.21834220999999998,0.1775561,0.13015549,0.18611322000000002,MISC,AEO2026 Counterfactual Baseline case
p84,2046,0.22216145,0.18065332,0.13247466,0.18904669,MISC,AEO2026 Counterfactual Baseline case
p84,2047,0.22665579000000002,0.18449768,0.13524440000000001,0.19280208999999998,MISC,AEO2026 Counterfactual Baseline case
p84,2048,0.23106348000000002,0.18835052000000002,0.13789138,0.19657795,MISC,AEO2026 Counterfactual Baseline case
p84,2049,0.23575932000000002,0.19221336,0.14053955,0.20030344,MISC,AEO2026 Counterfactual Baseline case
p84,2050,0.23974277,0.19547054,0.14251913,0.20349485,MISC,AEO2026 Counterfactual Baseline case
p85,2014,0.14895734,0.11649146,0.06849786,0.10766488,MISS,AEO2026 Counterfactual Baseline case
p85,2015,0.14895734,0.11649146,0.06849786,0.10766488,MISS,AEO2026 Counterfactual Baseline case
p85,2016,0.14895734,0.11649146,0.06849786,0.10766488,MISS,AEO2026 Counterfactual Baseline case
p85,2017,0.14895734,0.11649146,0.06849786,0.10766488,MISS,AEO2026 Counterfactual Baseline case
p85,2018,0.14895734,0.11649146,0.06849786,0.10766488,MISS,AEO2026 Counterfactual Baseline case
p85,2019,0.14895734,0.11649146,0.06849786,0.10766488,MISS,AEO2026 Counterfactual Baseline case
p85,2020,0.14895734,0.11649146,0.06849786,0.10766488,MISS,AEO2026 Counterfactual Baseline case
p85,2021,0.14895734,0.11649146,0.06849786,0.10766488,MISS,AEO2026 Counterfactual Baseline case
p85,2022,0.14895734,0.11649146,0.06849786,0.10766488,MISS,AEO2026 Counterfactual Baseline case
p85,2023,0.14895734,0.11649146,0.06849786,0.10766488,MISS,AEO2026 Counterfactual Baseline case
p85,2024,0.14895734,0.11649146,0.06849786,0.10766488,MISS,AEO2026 Counterfactual Baseline case
p85,2025,0.14895734,0.11649146,0.06849786,0.10766488,MISS,AEO2026 Counterfactual Baseline case
p85,2026,0.15153662,0.11680747999999999,0.07067127000000001,0.11051515,MISS,AEO2026 Counterfactual Baseline case
p85,2027,0.15149126000000002,0.11458833,0.06837829000000001,0.10919991,MISS,AEO2026 Counterfactual Baseline case
p85,2028,0.15227026999999999,0.11549529,0.06898103,0.10971033000000001,MISS,AEO2026 Counterfactual Baseline case
p85,2029,0.15714036,0.12009252,0.07206317999999999,0.11376582,MISS,AEO2026 Counterfactual Baseline case
p85,2030,0.16436424,0.12675013999999998,0.07671526000000001,0.11987287,MISS,AEO2026 Counterfactual Baseline case
p85,2031,0.17278322,0.13454883,0.08225985,0.12719995,MISS,AEO2026 Counterfactual Baseline case
p85,2032,0.18208654,0.14319541,0.08855473999999999,0.13534019,MISS,AEO2026 Counterfactual Baseline case
p85,2033,0.1881617,0.14781602,0.09127267,0.14051963,MISS,AEO2026 Counterfactual Baseline case
p85,2034,0.19029785,0.14928468,0.09208576,0.14232291,MISS,AEO2026 Counterfactual Baseline case
p85,2035,0.19251000999999998,0.15146626,0.09380347,0.14412993999999998,MISS,AEO2026 Counterfactual Baseline case
p85,2036,0.19456001,0.15323235000000002,0.09503916999999999,0.14579238,MISS,AEO2026 Counterfactual Baseline case
p85,2037,0.19813921,0.15633606,0.09712391000000001,0.14883266,MISS,AEO2026 Counterfactual Baseline case
p85,2038,0.20212461,0.15967008,0.09921709,0.15226347,MISS,AEO2026 Counterfactual Baseline case
p85,2039,0.20570429,0.16237814,0.10085261,0.15507763,MISS,AEO2026 Counterfactual Baseline case
p85,2040,0.20942077999999997,0.16532039999999998,0.10276916999999999,0.15796505,MISS,AEO2026 Counterfactual Baseline case
p85,2041,0.21315781,0.16854469000000002,0.10469853999999999,0.16115019,MISS,AEO2026 Counterfactual Baseline case
p85,2042,0.21654301,0.17129149999999999,0.10622809,0.16403851,MISS,AEO2026 Counterfactual Baseline case
p85,2043,0.21939837,0.1736578,0.10747769,0.16639296,MISS,AEO2026 Counterfactual Baseline case
p85,2044,0.22292774,0.17661545,0.10915284,0.16928497,MISS,AEO2026 Counterfactual Baseline case
p85,2045,0.22784756,0.18092562,0.11193336000000001,0.17324402,MISS,AEO2026 Counterfactual Baseline case
p85,2046,0.23399933,0.18647573,0.11558572,0.17833127999999998,MISS,AEO2026 Counterfactual Baseline case
p85,2047,0.24002081,0.19155684,0.11864693000000001,0.18331066,MISS,AEO2026 Counterfactual Baseline case
p85,2048,0.24543552,0.19626596,0.12155309,0.18769355999999998,MISS,AEO2026 Counterfactual Baseline case
p85,2049,0.25093451,0.20095444,0.12432773,0.19212133,MISS,AEO2026 Counterfactual Baseline case
p85,2050,0.25566744,0.2048613,0.12647652,0.19587592999999998,MISS,AEO2026 Counterfactual Baseline case
p86,2014,0.14895734,0.11649146,0.06849786,0.10766488,MISS,AEO2026 Counterfactual Baseline case
p86,2015,0.14895734,0.11649146,0.06849786,0.10766488,MISS,AEO2026 Counterfactual Baseline case
p86,2016,0.14895734,0.11649146,0.06849786,0.10766488,MISS,AEO2026 Counterfactual Baseline case
p86,2017,0.14895734,0.11649146,0.06849786,0.10766488,MISS,AEO2026 Counterfactual Baseline case
p86,2018,0.14895734,0.11649146,0.06849786,0.10766488,MISS,AEO2026 Counterfactual Baseline case
p86,2019,0.14895734,0.11649146,0.06849786,0.10766488,MISS,AEO2026 Counterfactual Baseline case
p86,2020,0.14895734,0.11649146,0.06849786,0.10766488,MISS,AEO2026 Counterfactual Baseline case
p86,2021,0.14895734,0.11649146,0.06849786,0.10766488,MISS,AEO2026 Counterfactual Baseline case
p86,2022,0.14895734,0.11649146,0.06849786,0.10766488,MISS,AEO2026 Counterfactual Baseline case
p86,2023,0.14895734,0.11649146,0.06849786,0.10766488,MISS,AEO2026 Counterfactual Baseline case
p86,2024,0.14895734,0.11649146,0.06849786,0.10766488,MISS,AEO2026 Counterfactual Baseline case
p86,2025,0.14895734,0.11649146,0.06849786,0.10766488,MISS,AEO2026 Counterfactual Baseline case
p86,2026,0.15153662,0.11680747999999999,0.07067127000000001,0.11051515,MISS,AEO2026 Counterfactual Baseline case
p86,2027,0.15149126000000002,0.11458833,0.06837829000000001,0.10919991,MISS,AEO2026 Counterfactual Baseline case
p86,2028,0.15227026999999999,0.11549529,0.06898103,0.10971033000000001,MISS,AEO2026 Counterfactual Baseline case
p86,2029,0.15714036,0.12009252,0.07206317999999999,0.11376582,MISS,AEO2026 Counterfactual Baseline case
p86,2030,0.16436424,0.12675013999999998,0.07671526000000001,0.11987287,MISS,AEO2026 Counterfactual Baseline case
p86,2031,0.17278322,0.13454883,0.08225985,0.12719995,MISS,AEO2026 Counterfactual Baseline case
p86,2032,0.18208654,0.14319541,0.08855473999999999,0.13534019,MISS,AEO2026 Counterfactual Baseline case
p86,2033,0.1881617,0.14781602,0.09127267,0.14051963,MISS,AEO2026 Counterfactual Baseline case
p86,2034,0.19029785,0.14928468,0.09208576,0.14232291,MISS,AEO2026 Counterfactual Baseline case
p86,2035,0.19251000999999998,0.15146626,0.09380347,0.14412993999999998,MISS,AEO2026 Counterfactual Baseline case
p86,2036,0.19456001,0.15323235000000002,0.09503916999999999,0.14579238,MISS,AEO2026 Counterfactual Baseline case
p86,2037,0.19813921,0.15633606,0.09712391000000001,0.14883266,MISS,AEO2026 Counterfactual Baseline case
p86,2038,0.20212461,0.15967008,0.09921709,0.15226347,MISS,AEO2026 Counterfactual Baseline case
p86,2039,0.20570429,0.16237814,0.10085261,0.15507763,MISS,AEO2026 Counterfactual Baseline case
p86,2040,0.20942077999999997,0.16532039999999998,0.10276916999999999,0.15796505,MISS,AEO2026 Counterfactual Baseline case
p86,2041,0.21315781,0.16854469000000002,0.10469853999999999,0.16115019,MISS,AEO2026 Counterfactual Baseline case
p86,2042,0.21654301,0.17129149999999999,0.10622809,0.16403851,MISS,AEO2026 Counterfactual Baseline case
p86,2043,0.21939837,0.1736578,0.10747769,0.16639296,MISS,AEO2026 Counterfactual Baseline case
p86,2044,0.22292774,0.17661545,0.10915284,0.16928497,MISS,AEO2026 Counterfactual Baseline case
p86,2045,0.22784756,0.18092562,0.11193336000000001,0.17324402,MISS,AEO2026 Counterfactual Baseline case
p86,2046,0.23399933,0.18647573,0.11558572,0.17833127999999998,MISS,AEO2026 Counterfactual Baseline case
p86,2047,0.24002081,0.19155684,0.11864693000000001,0.18331066,MISS,AEO2026 Counterfactual Baseline case
p86,2048,0.24543552,0.19626596,0.12155309,0.18769355999999998,MISS,AEO2026 Counterfactual Baseline case
p86,2049,0.25093451,0.20095444,0.12432773,0.19212133,MISS,AEO2026 Counterfactual Baseline case
p86,2050,0.25566744,0.2048613,0.12647652,0.19587592999999998,MISS,AEO2026 Counterfactual Baseline case
p87,2014,0.14895734,0.11649146,0.06849786,0.10766488,MISS,AEO2026 Counterfactual Baseline case
p87,2015,0.14895734,0.11649146,0.06849786,0.10766488,MISS,AEO2026 Counterfactual Baseline case
p87,2016,0.14895734,0.11649146,0.06849786,0.10766488,MISS,AEO2026 Counterfactual Baseline case
p87,2017,0.14895734,0.11649146,0.06849786,0.10766488,MISS,AEO2026 Counterfactual Baseline case
p87,2018,0.14895734,0.11649146,0.06849786,0.10766488,MISS,AEO2026 Counterfactual Baseline case
p87,2019,0.14895734,0.11649146,0.06849786,0.10766488,MISS,AEO2026 Counterfactual Baseline case
p87,2020,0.14895734,0.11649146,0.06849786,0.10766488,MISS,AEO2026 Counterfactual Baseline case
p87,2021,0.14895734,0.11649146,0.06849786,0.10766488,MISS,AEO2026 Counterfactual Baseline case
p87,2022,0.14895734,0.11649146,0.06849786,0.10766488,MISS,AEO2026 Counterfactual Baseline case
p87,2023,0.14895734,0.11649146,0.06849786,0.10766488,MISS,AEO2026 Counterfactual Baseline case
p87,2024,0.14895734,0.11649146,0.06849786,0.10766488,MISS,AEO2026 Counterfactual Baseline case
p87,2025,0.14895734,0.11649146,0.06849786,0.10766488,MISS,AEO2026 Counterfactual Baseline case
p87,2026,0.15153662,0.11680747999999999,0.07067127000000001,0.11051515,MISS,AEO2026 Counterfactual Baseline case
p87,2027,0.15149126000000002,0.11458833,0.06837829000000001,0.10919991,MISS,AEO2026 Counterfactual Baseline case
p87,2028,0.15227026999999999,0.11549529,0.06898103,0.10971033000000001,MISS,AEO2026 Counterfactual Baseline case
p87,2029,0.15714036,0.12009252,0.07206317999999999,0.11376582,MISS,AEO2026 Counterfactual Baseline case
p87,2030,0.16436424,0.12675013999999998,0.07671526000000001,0.11987287,MISS,AEO2026 Counterfactual Baseline case
p87,2031,0.17278322,0.13454883,0.08225985,0.12719995,MISS,AEO2026 Counterfactual Baseline case
p87,2032,0.18208654,0.14319541,0.08855473999999999,0.13534019,MISS,AEO2026 Counterfactual Baseline case
p87,2033,0.1881617,0.14781602,0.09127267,0.14051963,MISS,AEO2026 Counterfactual Baseline case
p87,2034,0.19029785,0.14928468,0.09208576,0.14232291,MISS,AEO2026 Counterfactual Baseline case
p87,2035,0.19251000999999998,0.15146626,0.09380347,0.14412993999999998,MISS,AEO2026 Counterfactual Baseline case
p87,2036,0.19456001,0.15323235000000002,0.09503916999999999,0.14579238,MISS,AEO2026 Counterfactual Baseline case
p87,2037,0.19813921,0.15633606,0.09712391000000001,0.14883266,MISS,AEO2026 Counterfactual Baseline case
p87,2038,0.20212461,0.15967008,0.09921709,0.15226347,MISS,AEO2026 Counterfactual Baseline case
p87,2039,0.20570429,0.16237814,0.10085261,0.15507763,MISS,AEO2026 Counterfactual Baseline case
p87,2040,0.20942077999999997,0.16532039999999998,0.10276916999999999,0.15796505,MISS,AEO2026 Counterfactual Baseline case
p87,2041,0.21315781,0.16854469000000002,0.10469853999999999,0.16115019,MISS,AEO2026 Counterfactual Baseline case
p87,2042,0.21654301,0.17129149999999999,0.10622809,0.16403851,MISS,AEO2026 Counterfactual Baseline case
p87,2043,0.21939837,0.1736578,0.10747769,0.16639296,MISS,AEO2026 Counterfactual Baseline case
p87,2044,0.22292774,0.17661545,0.10915284,0.16928497,MISS,AEO2026 Counterfactual Baseline case
p87,2045,0.22784756,0.18092562,0.11193336000000001,0.17324402,MISS,AEO2026 Counterfactual Baseline case
p87,2046,0.23399933,0.18647573,0.11558572,0.17833127999999998,MISS,AEO2026 Counterfactual Baseline case
p87,2047,0.24002081,0.19155684,0.11864693000000001,0.18331066,MISS,AEO2026 Counterfactual Baseline case
p87,2048,0.24543552,0.19626596,0.12155309,0.18769355999999998,MISS,AEO2026 Counterfactual Baseline case
p87,2049,0.25093451,0.20095444,0.12432773,0.19212133,MISS,AEO2026 Counterfactual Baseline case
p87,2050,0.25566744,0.2048613,0.12647652,0.19587592999999998,MISS,AEO2026 Counterfactual Baseline case
p88,2014,0.12788513999999998,0.11900304,0.059355960000000006,0.10595624000000001,SRCE,AEO2026 Counterfactual Baseline case
p88,2015,0.12788513999999998,0.11900304,0.059355960000000006,0.10595624000000001,SRCE,AEO2026 Counterfactual Baseline case
p88,2016,0.12788513999999998,0.11900304,0.059355960000000006,0.10595624000000001,SRCE,AEO2026 Counterfactual Baseline case
p88,2017,0.12788513999999998,0.11900304,0.059355960000000006,0.10595624000000001,SRCE,AEO2026 Counterfactual Baseline case
p88,2018,0.12788513999999998,0.11900304,0.059355960000000006,0.10595624000000001,SRCE,AEO2026 Counterfactual Baseline case
p88,2019,0.12788513999999998,0.11900304,0.059355960000000006,0.10595624000000001,SRCE,AEO2026 Counterfactual Baseline case
p88,2020,0.12788513999999998,0.11900304,0.059355960000000006,0.10595624000000001,SRCE,AEO2026 Counterfactual Baseline case
p88,2021,0.12788513999999998,0.11900304,0.059355960000000006,0.10595624000000001,SRCE,AEO2026 Counterfactual Baseline case
p88,2022,0.12788513999999998,0.11900304,0.059355960000000006,0.10595624000000001,SRCE,AEO2026 Counterfactual Baseline case
p88,2023,0.12788513999999998,0.11900304,0.059355960000000006,0.10595624000000001,SRCE,AEO2026 Counterfactual Baseline case
p88,2024,0.12788513999999998,0.11900304,0.059355960000000006,0.10595624000000001,SRCE,AEO2026 Counterfactual Baseline case
p88,2025,0.12788513999999998,0.11900304,0.059355960000000006,0.10595624000000001,SRCE,AEO2026 Counterfactual Baseline case
p88,2026,0.12941595,0.12284148,0.06232361,0.10943262000000001,SRCE,AEO2026 Counterfactual Baseline case
p88,2027,0.11994882999999999,0.10937367999999999,0.05361659999999999,0.09859727,SRCE,AEO2026 Counterfactual Baseline case
p88,2028,0.11965963,0.10935544,0.0535109,0.098463,SRCE,AEO2026 Counterfactual Baseline case
p88,2029,0.12309835,0.11336398,0.05574735,0.10194991,SRCE,AEO2026 Counterfactual Baseline case
p88,2030,0.128539,0.11941233999999999,0.059371900000000005,0.10736438,SRCE,AEO2026 Counterfactual Baseline case
p88,2031,0.13349869,0.12478563,0.06261734,0.11234221,SRCE,AEO2026 Counterfactual Baseline case
p88,2032,0.14083741,0.1326064,0.06761044,0.1193546,SRCE,AEO2026 Counterfactual Baseline case
p88,2033,0.14315082,0.13461735,0.06880505,0.12180815,SRCE,AEO2026 Counterfactual Baseline case
p88,2034,0.1444802,0.13567824,0.06960046,0.12321188,SRCE,AEO2026 Counterfactual Baseline case
p88,2035,0.14597674,0.13704097,0.07054451,0.12480788999999999,SRCE,AEO2026 Counterfactual Baseline case
p88,2036,0.14758842,0.13860843,0.07178213,0.12635334,SRCE,AEO2026 Counterfactual Baseline case
p88,2037,0.1501744,0.14131379,0.07364415,0.12901254,SRCE,AEO2026 Counterfactual Baseline case
p88,2038,0.15340475,0.14486853,0.07581782,0.13246122,SRCE,AEO2026 Counterfactual Baseline case
p88,2039,0.16082884,0.15351389,0.08153378,0.13981078,SRCE,AEO2026 Counterfactual Baseline case
p88,2040,0.16428188,0.15713744,0.08359707999999999,0.1434589,SRCE,AEO2026 Counterfactual Baseline case
p88,2041,0.16758196000000003,0.16072155,0.0858497,0.14678280000000002,SRCE,AEO2026 Counterfactual Baseline case
p88,2042,0.16987291,0.16317863,0.08725126,0.14913917,SRCE,AEO2026 Counterfactual Baseline case
p88,2043,0.17289781999999998,0.16641602,0.08898615,0.15223646999999998,SRCE,AEO2026 Counterfactual Baseline case
p88,2044,0.17602715,0.16978697,0.09081215999999999,0.155426,SRCE,AEO2026 Counterfactual Baseline case
p88,2045,0.17961046,0.17356979,0.09326532,0.15851838000000001,SRCE,AEO2026 Counterfactual Baseline case
p88,2046,0.18362013000000002,0.17786276,0.09559100000000001,0.16254881000000002,SRCE,AEO2026 Counterfactual Baseline case
p88,2047,0.18724586,0.18139288,0.09758409,0.16561737,SRCE,AEO2026 Counterfactual Baseline case
p88,2048,0.19200954,0.18561987,0.09987961000000001,0.16929566999999998,SRCE,AEO2026 Counterfactual Baseline case
p88,2049,0.19713665,0.19022552,0.10234104999999999,0.17330137,SRCE,AEO2026 Counterfactual Baseline case
p88,2050,0.20171852,0.1941094,0.10430133,0.17674623,SRCE,AEO2026 Counterfactual Baseline case
p89,2014,0.12788513999999998,0.11900304,0.059355960000000006,0.10595624000000001,SRCE,AEO2026 Counterfactual Baseline case
p89,2015,0.12788513999999998,0.11900304,0.059355960000000006,0.10595624000000001,SRCE,AEO2026 Counterfactual Baseline case
p89,2016,0.12788513999999998,0.11900304,0.059355960000000006,0.10595624000000001,SRCE,AEO2026 Counterfactual Baseline case
p89,2017,0.12788513999999998,0.11900304,0.059355960000000006,0.10595624000000001,SRCE,AEO2026 Counterfactual Baseline case
p89,2018,0.12788513999999998,0.11900304,0.059355960000000006,0.10595624000000001,SRCE,AEO2026 Counterfactual Baseline case
p89,2019,0.12788513999999998,0.11900304,0.059355960000000006,0.10595624000000001,SRCE,AEO2026 Counterfactual Baseline case
p89,2020,0.12788513999999998,0.11900304,0.059355960000000006,0.10595624000000001,SRCE,AEO2026 Counterfactual Baseline case
p89,2021,0.12788513999999998,0.11900304,0.059355960000000006,0.10595624000000001,SRCE,AEO2026 Counterfactual Baseline case
p89,2022,0.12788513999999998,0.11900304,0.059355960000000006,0.10595624000000001,SRCE,AEO2026 Counterfactual Baseline case
p89,2023,0.12788513999999998,0.11900304,0.059355960000000006,0.10595624000000001,SRCE,AEO2026 Counterfactual Baseline case
p89,2024,0.12788513999999998,0.11900304,0.059355960000000006,0.10595624000000001,SRCE,AEO2026 Counterfactual Baseline case
p89,2025,0.12788513999999998,0.11900304,0.059355960000000006,0.10595624000000001,SRCE,AEO2026 Counterfactual Baseline case
p89,2026,0.12941595,0.12284148,0.06232361,0.10943262000000001,SRCE,AEO2026 Counterfactual Baseline case
p89,2027,0.11994882999999999,0.10937367999999999,0.05361659999999999,0.09859727,SRCE,AEO2026 Counterfactual Baseline case
p89,2028,0.11965963,0.10935544,0.0535109,0.098463,SRCE,AEO2026 Counterfactual Baseline case
p89,2029,0.12309835,0.11336398,0.05574735,0.10194991,SRCE,AEO2026 Counterfactual Baseline case
p89,2030,0.128539,0.11941233999999999,0.059371900000000005,0.10736438,SRCE,AEO2026 Counterfactual Baseline case
p89,2031,0.13349869,0.12478563,0.06261734,0.11234221,SRCE,AEO2026 Counterfactual Baseline case
p89,2032,0.14083741,0.1326064,0.06761044,0.1193546,SRCE,AEO2026 Counterfactual Baseline case
p89,2033,0.14315082,0.13461735,0.06880505,0.12180815,SRCE,AEO2026 Counterfactual Baseline case
p89,2034,0.1444802,0.13567824,0.06960046,0.12321188,SRCE,AEO2026 Counterfactual Baseline case
p89,2035,0.14597674,0.13704097,0.07054451,0.12480788999999999,SRCE,AEO2026 Counterfactual Baseline case
p89,2036,0.14758842,0.13860843,0.07178213,0.12635334,SRCE,AEO2026 Counterfactual Baseline case
p89,2037,0.1501744,0.14131379,0.07364415,0.12901254,SRCE,AEO2026 Counterfactual Baseline case
p89,2038,0.15340475,0.14486853,0.07581782,0.13246122,SRCE,AEO2026 Counterfactual Baseline case
p89,2039,0.16082884,0.15351389,0.08153378,0.13981078,SRCE,AEO2026 Counterfactual Baseline case
p89,2040,0.16428188,0.15713744,0.08359707999999999,0.1434589,SRCE,AEO2026 Counterfactual Baseline case
p89,2041,0.16758196000000003,0.16072155,0.0858497,0.14678280000000002,SRCE,AEO2026 Counterfactual Baseline case
p89,2042,0.16987291,0.16317863,0.08725126,0.14913917,SRCE,AEO2026 Counterfactual Baseline case
p89,2043,0.17289781999999998,0.16641602,0.08898615,0.15223646999999998,SRCE,AEO2026 Counterfactual Baseline case
p89,2044,0.17602715,0.16978697,0.09081215999999999,0.155426,SRCE,AEO2026 Counterfactual Baseline case
p89,2045,0.17961046,0.17356979,0.09326532,0.15851838000000001,SRCE,AEO2026 Counterfactual Baseline case
p89,2046,0.18362013000000002,0.17786276,0.09559100000000001,0.16254881000000002,SRCE,AEO2026 Counterfactual Baseline case
p89,2047,0.18724586,0.18139288,0.09758409,0.16561737,SRCE,AEO2026 Counterfactual Baseline case
p89,2048,0.19200954,0.18561987,0.09987961000000001,0.16929566999999998,SRCE,AEO2026 Counterfactual Baseline case
p89,2049,0.19713665,0.19022552,0.10234104999999999,0.17330137,SRCE,AEO2026 Counterfactual Baseline case
p89,2050,0.20171852,0.1941094,0.10430133,0.17674623,SRCE,AEO2026 Counterfactual Baseline case
p90,2014,0.15974090999999999,0.12326463,0.08015248,0.1217207,SRSE,AEO2026 Counterfactual Baseline case
p90,2015,0.15974090999999999,0.12326463,0.08015248,0.1217207,SRSE,AEO2026 Counterfactual Baseline case
p90,2016,0.15974090999999999,0.12326463,0.08015248,0.1217207,SRSE,AEO2026 Counterfactual Baseline case
p90,2017,0.15974090999999999,0.12326463,0.08015248,0.1217207,SRSE,AEO2026 Counterfactual Baseline case
p90,2018,0.15974090999999999,0.12326463,0.08015248,0.1217207,SRSE,AEO2026 Counterfactual Baseline case
p90,2019,0.15974090999999999,0.12326463,0.08015248,0.1217207,SRSE,AEO2026 Counterfactual Baseline case
p90,2020,0.15974090999999999,0.12326463,0.08015248,0.1217207,SRSE,AEO2026 Counterfactual Baseline case
p90,2021,0.15974090999999999,0.12326463,0.08015248,0.1217207,SRSE,AEO2026 Counterfactual Baseline case
p90,2022,0.15974090999999999,0.12326463,0.08015248,0.1217207,SRSE,AEO2026 Counterfactual Baseline case
p90,2023,0.15974090999999999,0.12326463,0.08015248,0.1217207,SRSE,AEO2026 Counterfactual Baseline case
p90,2024,0.15974090999999999,0.12326463,0.08015248,0.1217207,SRSE,AEO2026 Counterfactual Baseline case
p90,2025,0.15974090999999999,0.12326463,0.08015248,0.1217207,SRSE,AEO2026 Counterfactual Baseline case
p90,2026,0.16515164999999998,0.13124516,0.08644145,0.12943434,SRSE,AEO2026 Counterfactual Baseline case
p90,2027,0.16253298000000002,0.12549046,0.08091239,0.12520613,SRSE,AEO2026 Counterfactual Baseline case
p90,2028,0.16088619,0.12508133000000002,0.08148261,0.12383264000000001,SRSE,AEO2026 Counterfactual Baseline case
p90,2029,0.16489397,0.1281498,0.08293072,0.12751716,SRSE,AEO2026 Counterfactual Baseline case
p90,2030,0.16527736999999998,0.12825718,0.08282739,0.12783452,SRSE,AEO2026 Counterfactual Baseline case
p90,2031,0.16937374,0.13219614999999998,0.08583596,0.13186026,SRSE,AEO2026 Counterfactual Baseline case
p90,2032,0.17372705,0.13631665,0.08911036,0.13618525,SRSE,AEO2026 Counterfactual Baseline case
p90,2033,0.17692032000000002,0.13905831,0.09110439,0.13936191,SRSE,AEO2026 Counterfactual Baseline case
p90,2034,0.1789646,0.1407842,0.09242444000000001,0.1413979,SRSE,AEO2026 Counterfactual Baseline case
p90,2035,0.18114576,0.14277287,0.09400079,0.14356925,SRSE,AEO2026 Counterfactual Baseline case
p90,2036,0.18294256,0.14433237999999998,0.09524393999999999,0.14528068,SRSE,AEO2026 Counterfactual Baseline case
p90,2037,0.18487814,0.14600523,0.09655576999999999,0.14712498999999998,SRSE,AEO2026 Counterfactual Baseline case
p90,2038,0.18748987,0.14844104,0.0984741,0.14956725,SRSE,AEO2026 Counterfactual Baseline case
p90,2039,0.19484631,0.15606411,0.10496654,0.156349,SRSE,AEO2026 Counterfactual Baseline case
p90,2040,0.20177704,0.16221622,0.10921858999999999,0.16309456,SRSE,AEO2026 Counterfactual Baseline case
p90,2041,0.20509304,0.16500111,0.1111089,0.16618355,SRSE,AEO2026 Counterfactual Baseline case
p90,2042,0.21086288,0.17065123,0.11575898000000001,0.17127457,SRSE,AEO2026 Counterfactual Baseline case
p90,2043,0.21545862,0.1745994,0.11816054,0.17580212,SRSE,AEO2026 Counterfactual Baseline case
p90,2044,0.21806511,0.17676345999999998,0.11956594000000001,0.17805976999999998,SRSE,AEO2026 Counterfactual Baseline case
p90,2045,0.22119629,0.1793507,0.12133645,0.18071039,SRSE,AEO2026 Counterfactual Baseline case
p90,2046,0.22498823,0.18266808,0.12372526,0.1839596,SRSE,AEO2026 Counterfactual Baseline case
p90,2047,0.22923622000000002,0.18641653000000002,0.12639318,0.18767946,SRSE,AEO2026 Counterfactual Baseline case
p90,2048,0.23318209,0.18982755999999998,0.12874549,0.19108789,SRSE,AEO2026 Counterfactual Baseline case
p90,2049,0.23768991,0.19381474999999998,0.13153207,0.19498325000000002,SRSE,AEO2026 Counterfactual Baseline case
p90,2050,0.24174366,0.19724640000000002,0.13371968,0.19859086999999997,SRSE,AEO2026 Counterfactual Baseline case
p91,2014,0.15974090999999999,0.12326463,0.08015248,0.1217207,SRSE,AEO2026 Counterfactual Baseline case
p91,2015,0.15974090999999999,0.12326463,0.08015248,0.1217207,SRSE,AEO2026 Counterfactual Baseline case
p91,2016,0.15974090999999999,0.12326463,0.08015248,0.1217207,SRSE,AEO2026 Counterfactual Baseline case
p91,2017,0.15974090999999999,0.12326463,0.08015248,0.1217207,SRSE,AEO2026 Counterfactual Baseline case
p91,2018,0.15974090999999999,0.12326463,0.08015248,0.1217207,SRSE,AEO2026 Counterfactual Baseline case
p91,2019,0.15974090999999999,0.12326463,0.08015248,0.1217207,SRSE,AEO2026 Counterfactual Baseline case
p91,2020,0.15974090999999999,0.12326463,0.08015248,0.1217207,SRSE,AEO2026 Counterfactual Baseline case
p91,2021,0.15974090999999999,0.12326463,0.08015248,0.1217207,SRSE,AEO2026 Counterfactual Baseline case
p91,2022,0.15974090999999999,0.12326463,0.08015248,0.1217207,SRSE,AEO2026 Counterfactual Baseline case
p91,2023,0.15974090999999999,0.12326463,0.08015248,0.1217207,SRSE,AEO2026 Counterfactual Baseline case
p91,2024,0.15974090999999999,0.12326463,0.08015248,0.1217207,SRSE,AEO2026 Counterfactual Baseline case
p91,2025,0.15974090999999999,0.12326463,0.08015248,0.1217207,SRSE,AEO2026 Counterfactual Baseline case
p91,2026,0.16515164999999998,0.13124516,0.08644145,0.12943434,SRSE,AEO2026 Counterfactual Baseline case
p91,2027,0.16253298000000002,0.12549046,0.08091239,0.12520613,SRSE,AEO2026 Counterfactual Baseline case
p91,2028,0.16088619,0.12508133000000002,0.08148261,0.12383264000000001,SRSE,AEO2026 Counterfactual Baseline case
p91,2029,0.16489397,0.1281498,0.08293072,0.12751716,SRSE,AEO2026 Counterfactual Baseline case
p91,2030,0.16527736999999998,0.12825718,0.08282739,0.12783452,SRSE,AEO2026 Counterfactual Baseline case
p91,2031,0.16937374,0.13219614999999998,0.08583596,0.13186026,SRSE,AEO2026 Counterfactual Baseline case
p91,2032,0.17372705,0.13631665,0.08911036,0.13618525,SRSE,AEO2026 Counterfactual Baseline case
p91,2033,0.17692032000000002,0.13905831,0.09110439,0.13936191,SRSE,AEO2026 Counterfactual Baseline case
p91,2034,0.1789646,0.1407842,0.09242444000000001,0.1413979,SRSE,AEO2026 Counterfactual Baseline case
p91,2035,0.18114576,0.14277287,0.09400079,0.14356925,SRSE,AEO2026 Counterfactual Baseline case
p91,2036,0.18294256,0.14433237999999998,0.09524393999999999,0.14528068,SRSE,AEO2026 Counterfactual Baseline case
p91,2037,0.18487814,0.14600523,0.09655576999999999,0.14712498999999998,SRSE,AEO2026 Counterfactual Baseline case
p91,2038,0.18748987,0.14844104,0.0984741,0.14956725,SRSE,AEO2026 Counterfactual Baseline case
p91,2039,0.19484631,0.15606411,0.10496654,0.156349,SRSE,AEO2026 Counterfactual Baseline case
p91,2040,0.20177704,0.16221622,0.10921858999999999,0.16309456,SRSE,AEO2026 Counterfactual Baseline case
p91,2041,0.20509304,0.16500111,0.1111089,0.16618355,SRSE,AEO2026 Counterfactual Baseline case
p91,2042,0.21086288,0.17065123,0.11575898000000001,0.17127457,SRSE,AEO2026 Counterfactual Baseline case
p91,2043,0.21545862,0.1745994,0.11816054,0.17580212,SRSE,AEO2026 Counterfactual Baseline case
p91,2044,0.21806511,0.17676345999999998,0.11956594000000001,0.17805976999999998,SRSE,AEO2026 Counterfactual Baseline case
p91,2045,0.22119629,0.1793507,0.12133645,0.18071039,SRSE,AEO2026 Counterfactual Baseline case
p91,2046,0.22498823,0.18266808,0.12372526,0.1839596,SRSE,AEO2026 Counterfactual Baseline case
p91,2047,0.22923622000000002,0.18641653000000002,0.12639318,0.18767946,SRSE,AEO2026 Counterfactual Baseline case
p91,2048,0.23318209,0.18982755999999998,0.12874549,0.19108789,SRSE,AEO2026 Counterfactual Baseline case
p91,2049,0.23768991,0.19381474999999998,0.13153207,0.19498325000000002,SRSE,AEO2026 Counterfactual Baseline case
p91,2050,0.24174366,0.19724640000000002,0.13371968,0.19859086999999997,SRSE,AEO2026 Counterfactual Baseline case
p92,2014,0.12788513999999998,0.11900304,0.059355960000000006,0.10595624000000001,SRCE,AEO2026 Counterfactual Baseline case
p92,2015,0.12788513999999998,0.11900304,0.059355960000000006,0.10595624000000001,SRCE,AEO2026 Counterfactual Baseline case
p92,2016,0.12788513999999998,0.11900304,0.059355960000000006,0.10595624000000001,SRCE,AEO2026 Counterfactual Baseline case
p92,2017,0.12788513999999998,0.11900304,0.059355960000000006,0.10595624000000001,SRCE,AEO2026 Counterfactual Baseline case
p92,2018,0.12788513999999998,0.11900304,0.059355960000000006,0.10595624000000001,SRCE,AEO2026 Counterfactual Baseline case
p92,2019,0.12788513999999998,0.11900304,0.059355960000000006,0.10595624000000001,SRCE,AEO2026 Counterfactual Baseline case
p92,2020,0.12788513999999998,0.11900304,0.059355960000000006,0.10595624000000001,SRCE,AEO2026 Counterfactual Baseline case
p92,2021,0.12788513999999998,0.11900304,0.059355960000000006,0.10595624000000001,SRCE,AEO2026 Counterfactual Baseline case
p92,2022,0.12788513999999998,0.11900304,0.059355960000000006,0.10595624000000001,SRCE,AEO2026 Counterfactual Baseline case
p92,2023,0.12788513999999998,0.11900304,0.059355960000000006,0.10595624000000001,SRCE,AEO2026 Counterfactual Baseline case
p92,2024,0.12788513999999998,0.11900304,0.059355960000000006,0.10595624000000001,SRCE,AEO2026 Counterfactual Baseline case
p92,2025,0.12788513999999998,0.11900304,0.059355960000000006,0.10595624000000001,SRCE,AEO2026 Counterfactual Baseline case
p92,2026,0.12941595,0.12284148,0.06232361,0.10943262000000001,SRCE,AEO2026 Counterfactual Baseline case
p92,2027,0.11994882999999999,0.10937367999999999,0.05361659999999999,0.09859727,SRCE,AEO2026 Counterfactual Baseline case
p92,2028,0.11965963,0.10935544,0.0535109,0.098463,SRCE,AEO2026 Counterfactual Baseline case
p92,2029,0.12309835,0.11336398,0.05574735,0.10194991,SRCE,AEO2026 Counterfactual Baseline case
p92,2030,0.128539,0.11941233999999999,0.059371900000000005,0.10736438,SRCE,AEO2026 Counterfactual Baseline case
p92,2031,0.13349869,0.12478563,0.06261734,0.11234221,SRCE,AEO2026 Counterfactual Baseline case
p92,2032,0.14083741,0.1326064,0.06761044,0.1193546,SRCE,AEO2026 Counterfactual Baseline case
p92,2033,0.14315082,0.13461735,0.06880505,0.12180815,SRCE,AEO2026 Counterfactual Baseline case
p92,2034,0.1444802,0.13567824,0.06960046,0.12321188,SRCE,AEO2026 Counterfactual Baseline case
p92,2035,0.14597674,0.13704097,0.07054451,0.12480788999999999,SRCE,AEO2026 Counterfactual Baseline case
p92,2036,0.14758842,0.13860843,0.07178213,0.12635334,SRCE,AEO2026 Counterfactual Baseline case
p92,2037,0.1501744,0.14131379,0.07364415,0.12901254,SRCE,AEO2026 Counterfactual Baseline case
p92,2038,0.15340475,0.14486853,0.07581782,0.13246122,SRCE,AEO2026 Counterfactual Baseline case
p92,2039,0.16082884,0.15351389,0.08153378,0.13981078,SRCE,AEO2026 Counterfactual Baseline case
p92,2040,0.16428188,0.15713744,0.08359707999999999,0.1434589,SRCE,AEO2026 Counterfactual Baseline case
p92,2041,0.16758196000000003,0.16072155,0.0858497,0.14678280000000002,SRCE,AEO2026 Counterfactual Baseline case
p92,2042,0.16987291,0.16317863,0.08725126,0.14913917,SRCE,AEO2026 Counterfactual Baseline case
p92,2043,0.17289781999999998,0.16641602,0.08898615,0.15223646999999998,SRCE,AEO2026 Counterfactual Baseline case
p92,2044,0.17602715,0.16978697,0.09081215999999999,0.155426,SRCE,AEO2026 Counterfactual Baseline case
p92,2045,0.17961046,0.17356979,0.09326532,0.15851838000000001,SRCE,AEO2026 Counterfactual Baseline case
p92,2046,0.18362013000000002,0.17786276,0.09559100000000001,0.16254881000000002,SRCE,AEO2026 Counterfactual Baseline case
p92,2047,0.18724586,0.18139288,0.09758409,0.16561737,SRCE,AEO2026 Counterfactual Baseline case
p92,2048,0.19200954,0.18561987,0.09987961000000001,0.16929566999999998,SRCE,AEO2026 Counterfactual Baseline case
p92,2049,0.19713665,0.19022552,0.10234104999999999,0.17330137,SRCE,AEO2026 Counterfactual Baseline case
p92,2050,0.20171852,0.1941094,0.10430133,0.17674623,SRCE,AEO2026 Counterfactual Baseline case
p93,2014,0.12788513999999998,0.11900304,0.059355960000000006,0.10595624000000001,SRCE,AEO2026 Counterfactual Baseline case
p93,2015,0.12788513999999998,0.11900304,0.059355960000000006,0.10595624000000001,SRCE,AEO2026 Counterfactual Baseline case
p93,2016,0.12788513999999998,0.11900304,0.059355960000000006,0.10595624000000001,SRCE,AEO2026 Counterfactual Baseline case
p93,2017,0.12788513999999998,0.11900304,0.059355960000000006,0.10595624000000001,SRCE,AEO2026 Counterfactual Baseline case
p93,2018,0.12788513999999998,0.11900304,0.059355960000000006,0.10595624000000001,SRCE,AEO2026 Counterfactual Baseline case
p93,2019,0.12788513999999998,0.11900304,0.059355960000000006,0.10595624000000001,SRCE,AEO2026 Counterfactual Baseline case
p93,2020,0.12788513999999998,0.11900304,0.059355960000000006,0.10595624000000001,SRCE,AEO2026 Counterfactual Baseline case
p93,2021,0.12788513999999998,0.11900304,0.059355960000000006,0.10595624000000001,SRCE,AEO2026 Counterfactual Baseline case
p93,2022,0.12788513999999998,0.11900304,0.059355960000000006,0.10595624000000001,SRCE,AEO2026 Counterfactual Baseline case
p93,2023,0.12788513999999998,0.11900304,0.059355960000000006,0.10595624000000001,SRCE,AEO2026 Counterfactual Baseline case
p93,2024,0.12788513999999998,0.11900304,0.059355960000000006,0.10595624000000001,SRCE,AEO2026 Counterfactual Baseline case
p93,2025,0.12788513999999998,0.11900304,0.059355960000000006,0.10595624000000001,SRCE,AEO2026 Counterfactual Baseline case
p93,2026,0.12941595,0.12284148,0.06232361,0.10943262000000001,SRCE,AEO2026 Counterfactual Baseline case
p93,2027,0.11994882999999999,0.10937367999999999,0.05361659999999999,0.09859727,SRCE,AEO2026 Counterfactual Baseline case
p93,2028,0.11965963,0.10935544,0.0535109,0.098463,SRCE,AEO2026 Counterfactual Baseline case
p93,2029,0.12309835,0.11336398,0.05574735,0.10194991,SRCE,AEO2026 Counterfactual Baseline case
p93,2030,0.128539,0.11941233999999999,0.059371900000000005,0.10736438,SRCE,AEO2026 Counterfactual Baseline case
p93,2031,0.13349869,0.12478563,0.06261734,0.11234221,SRCE,AEO2026 Counterfactual Baseline case
p93,2032,0.14083741,0.1326064,0.06761044,0.1193546,SRCE,AEO2026 Counterfactual Baseline case
p93,2033,0.14315082,0.13461735,0.06880505,0.12180815,SRCE,AEO2026 Counterfactual Baseline case
p93,2034,0.1444802,0.13567824,0.06960046,0.12321188,SRCE,AEO2026 Counterfactual Baseline case
p93,2035,0.14597674,0.13704097,0.07054451,0.12480788999999999,SRCE,AEO2026 Counterfactual Baseline case
p93,2036,0.14758842,0.13860843,0.07178213,0.12635334,SRCE,AEO2026 Counterfactual Baseline case
p93,2037,0.1501744,0.14131379,0.07364415,0.12901254,SRCE,AEO2026 Counterfactual Baseline case
p93,2038,0.15340475,0.14486853,0.07581782,0.13246122,SRCE,AEO2026 Counterfactual Baseline case
p93,2039,0.16082884,0.15351389,0.08153378,0.13981078,SRCE,AEO2026 Counterfactual Baseline case
p93,2040,0.16428188,0.15713744,0.08359707999999999,0.1434589,SRCE,AEO2026 Counterfactual Baseline case
p93,2041,0.16758196000000003,0.16072155,0.0858497,0.14678280000000002,SRCE,AEO2026 Counterfactual Baseline case
p93,2042,0.16987291,0.16317863,0.08725126,0.14913917,SRCE,AEO2026 Counterfactual Baseline case
p93,2043,0.17289781999999998,0.16641602,0.08898615,0.15223646999999998,SRCE,AEO2026 Counterfactual Baseline case
p93,2044,0.17602715,0.16978697,0.09081215999999999,0.155426,SRCE,AEO2026 Counterfactual Baseline case
p93,2045,0.17961046,0.17356979,0.09326532,0.15851838000000001,SRCE,AEO2026 Counterfactual Baseline case
p93,2046,0.18362013000000002,0.17786276,0.09559100000000001,0.16254881000000002,SRCE,AEO2026 Counterfactual Baseline case
p93,2047,0.18724586,0.18139288,0.09758409,0.16561737,SRCE,AEO2026 Counterfactual Baseline case
p93,2048,0.19200954,0.18561987,0.09987961000000001,0.16929566999999998,SRCE,AEO2026 Counterfactual Baseline case
p93,2049,0.19713665,0.19022552,0.10234104999999999,0.17330137,SRCE,AEO2026 Counterfactual Baseline case
p93,2050,0.20171852,0.1941094,0.10430133,0.17674623,SRCE,AEO2026 Counterfactual Baseline case
p94,2014,0.15974090999999999,0.12326463,0.08015248,0.1217207,SRSE,AEO2026 Counterfactual Baseline case
p94,2015,0.15974090999999999,0.12326463,0.08015248,0.1217207,SRSE,AEO2026 Counterfactual Baseline case
p94,2016,0.15974090999999999,0.12326463,0.08015248,0.1217207,SRSE,AEO2026 Counterfactual Baseline case
p94,2017,0.15974090999999999,0.12326463,0.08015248,0.1217207,SRSE,AEO2026 Counterfactual Baseline case
p94,2018,0.15974090999999999,0.12326463,0.08015248,0.1217207,SRSE,AEO2026 Counterfactual Baseline case
p94,2019,0.15974090999999999,0.12326463,0.08015248,0.1217207,SRSE,AEO2026 Counterfactual Baseline case
p94,2020,0.15974090999999999,0.12326463,0.08015248,0.1217207,SRSE,AEO2026 Counterfactual Baseline case
p94,2021,0.15974090999999999,0.12326463,0.08015248,0.1217207,SRSE,AEO2026 Counterfactual Baseline case
p94,2022,0.15974090999999999,0.12326463,0.08015248,0.1217207,SRSE,AEO2026 Counterfactual Baseline case
p94,2023,0.15974090999999999,0.12326463,0.08015248,0.1217207,SRSE,AEO2026 Counterfactual Baseline case
p94,2024,0.15974090999999999,0.12326463,0.08015248,0.1217207,SRSE,AEO2026 Counterfactual Baseline case
p94,2025,0.15974090999999999,0.12326463,0.08015248,0.1217207,SRSE,AEO2026 Counterfactual Baseline case
p94,2026,0.16515164999999998,0.13124516,0.08644145,0.12943434,SRSE,AEO2026 Counterfactual Baseline case
p94,2027,0.16253298000000002,0.12549046,0.08091239,0.12520613,SRSE,AEO2026 Counterfactual Baseline case
p94,2028,0.16088619,0.12508133000000002,0.08148261,0.12383264000000001,SRSE,AEO2026 Counterfactual Baseline case
p94,2029,0.16489397,0.1281498,0.08293072,0.12751716,SRSE,AEO2026 Counterfactual Baseline case
p94,2030,0.16527736999999998,0.12825718,0.08282739,0.12783452,SRSE,AEO2026 Counterfactual Baseline case
p94,2031,0.16937374,0.13219614999999998,0.08583596,0.13186026,SRSE,AEO2026 Counterfactual Baseline case
p94,2032,0.17372705,0.13631665,0.08911036,0.13618525,SRSE,AEO2026 Counterfactual Baseline case
p94,2033,0.17692032000000002,0.13905831,0.09110439,0.13936191,SRSE,AEO2026 Counterfactual Baseline case
p94,2034,0.1789646,0.1407842,0.09242444000000001,0.1413979,SRSE,AEO2026 Counterfactual Baseline case
p94,2035,0.18114576,0.14277287,0.09400079,0.14356925,SRSE,AEO2026 Counterfactual Baseline case
p94,2036,0.18294256,0.14433237999999998,0.09524393999999999,0.14528068,SRSE,AEO2026 Counterfactual Baseline case
p94,2037,0.18487814,0.14600523,0.09655576999999999,0.14712498999999998,SRSE,AEO2026 Counterfactual Baseline case
p94,2038,0.18748987,0.14844104,0.0984741,0.14956725,SRSE,AEO2026 Counterfactual Baseline case
p94,2039,0.19484631,0.15606411,0.10496654,0.156349,SRSE,AEO2026 Counterfactual Baseline case
p94,2040,0.20177704,0.16221622,0.10921858999999999,0.16309456,SRSE,AEO2026 Counterfactual Baseline case
p94,2041,0.20509304,0.16500111,0.1111089,0.16618355,SRSE,AEO2026 Counterfactual Baseline case
p94,2042,0.21086288,0.17065123,0.11575898000000001,0.17127457,SRSE,AEO2026 Counterfactual Baseline case
p94,2043,0.21545862,0.1745994,0.11816054,0.17580212,SRSE,AEO2026 Counterfactual Baseline case
p94,2044,0.21806511,0.17676345999999998,0.11956594000000001,0.17805976999999998,SRSE,AEO2026 Counterfactual Baseline case
p94,2045,0.22119629,0.1793507,0.12133645,0.18071039,SRSE,AEO2026 Counterfactual Baseline case
p94,2046,0.22498823,0.18266808,0.12372526,0.1839596,SRSE,AEO2026 Counterfactual Baseline case
p94,2047,0.22923622000000002,0.18641653000000002,0.12639318,0.18767946,SRSE,AEO2026 Counterfactual Baseline case
p94,2048,0.23318209,0.18982755999999998,0.12874549,0.19108789,SRSE,AEO2026 Counterfactual Baseline case
p94,2049,0.23768991,0.19381474999999998,0.13153207,0.19498325000000002,SRSE,AEO2026 Counterfactual Baseline case
p94,2050,0.24174366,0.19724640000000002,0.13371968,0.19859086999999997,SRSE,AEO2026 Counterfactual Baseline case
p95,2014,0.15196092,0.10770789,0.07443703,0.1139374,SRCA,AEO2026 Counterfactual Baseline case
p95,2015,0.15196092,0.10770789,0.07443703,0.1139374,SRCA,AEO2026 Counterfactual Baseline case
p95,2016,0.15196092,0.10770789,0.07443703,0.1139374,SRCA,AEO2026 Counterfactual Baseline case
p95,2017,0.15196092,0.10770789,0.07443703,0.1139374,SRCA,AEO2026 Counterfactual Baseline case
p95,2018,0.15196092,0.10770789,0.07443703,0.1139374,SRCA,AEO2026 Counterfactual Baseline case
p95,2019,0.15196092,0.10770789,0.07443703,0.1139374,SRCA,AEO2026 Counterfactual Baseline case
p95,2020,0.15196092,0.10770789,0.07443703,0.1139374,SRCA,AEO2026 Counterfactual Baseline case
p95,2021,0.15196092,0.10770789,0.07443703,0.1139374,SRCA,AEO2026 Counterfactual Baseline case
p95,2022,0.15196092,0.10770789,0.07443703,0.1139374,SRCA,AEO2026 Counterfactual Baseline case
p95,2023,0.15196092,0.10770789,0.07443703,0.1139374,SRCA,AEO2026 Counterfactual Baseline case
p95,2024,0.15196092,0.10770789,0.07443703,0.1139374,SRCA,AEO2026 Counterfactual Baseline case
p95,2025,0.15196092,0.10770789,0.07443703,0.1139374,SRCA,AEO2026 Counterfactual Baseline case
p95,2026,0.15755793,0.11536752,0.08041416,0.12166329,SRCA,AEO2026 Counterfactual Baseline case
p95,2027,0.15590353,0.11221307,0.07730444,0.11881602000000001,SRCA,AEO2026 Counterfactual Baseline case
p95,2028,0.1558847,0.11207874000000001,0.07724025,0.11838488,SRCA,AEO2026 Counterfactual Baseline case
p95,2029,0.1588528,0.11442734,0.07893667,0.12077766000000001,SRCA,AEO2026 Counterfactual Baseline case
p95,2030,0.16479603,0.11927128,0.08259839,0.12594525,SRCA,AEO2026 Counterfactual Baseline case
p95,2031,0.16952259000000003,0.12280258999999999,0.08470266,0.13019945,SRCA,AEO2026 Counterfactual Baseline case
p95,2032,0.17771208000000002,0.12989062,0.09061089000000001,0.1376333,SRCA,AEO2026 Counterfactual Baseline case
p95,2033,0.18302404,0.13401258,0.09328321,0.14256235,SRCA,AEO2026 Counterfactual Baseline case
p95,2034,0.18553854,0.13586463999999998,0.09449685000000001,0.14481059999999998,SRCA,AEO2026 Counterfactual Baseline case
p95,2035,0.18798697,0.13779955,0.09603479999999999,0.14686316,SRCA,AEO2026 Counterfactual Baseline case
p95,2036,0.19094006,0.14005299000000002,0.09780501,0.14931512,SRCA,AEO2026 Counterfactual Baseline case
p95,2037,0.19353085,0.14204942,0.09937684000000001,0.15142673,SRCA,AEO2026 Counterfactual Baseline case
p95,2038,0.19742514,0.14509644,0.10157479999999999,0.15479996999999998,SRCA,AEO2026 Counterfactual Baseline case
p95,2039,0.20484095,0.15159208,0.10726094,0.16109371,SRCA,AEO2026 Counterfactual Baseline case
p95,2040,0.21197465999999998,0.1573179,0.11137219,0.16751593,SRCA,AEO2026 Counterfactual Baseline case
p95,2041,0.21631718,0.16058614999999998,0.11365161,0.17115729999999998,SRCA,AEO2026 Counterfactual Baseline case
p95,2042,0.22000107,0.16324771999999999,0.1154236,0.17410313,SRCA,AEO2026 Counterfactual Baseline case
p95,2043,0.22755787000000002,0.16962891,0.12076168,0.18027121999999998,SRCA,AEO2026 Counterfactual Baseline case
p95,2044,0.23433026999999998,0.17420959,0.12364041,0.18554588,SRCA,AEO2026 Counterfactual Baseline case
p95,2045,0.2385836,0.17634840000000002,0.12503393000000002,0.18776035,SRCA,AEO2026 Counterfactual Baseline case
p95,2046,0.24318855,0.17882471,0.1266796,0.19032978,SRCA,AEO2026 Counterfactual Baseline case
p95,2047,0.24881499999999998,0.18217247,0.1290858,0.19371758,SRCA,AEO2026 Counterfactual Baseline case
p95,2048,0.25468807000000004,0.18570515,0.13154845999999998,0.19735828000000002,SRCA,AEO2026 Counterfactual Baseline case
p95,2049,0.26112064,0.18971588,0.13437807,0.2014226,SRCA,AEO2026 Counterfactual Baseline case
p95,2050,0.26703976,0.19312908,0.13655886,0.20506623999999998,SRCA,AEO2026 Counterfactual Baseline case
p96,2014,0.15196092,0.10770789,0.07443703,0.1139374,SRCA,AEO2026 Counterfactual Baseline case
p96,2015,0.15196092,0.10770789,0.07443703,0.1139374,SRCA,AEO2026 Counterfactual Baseline case
p96,2016,0.15196092,0.10770789,0.07443703,0.1139374,SRCA,AEO2026 Counterfactual Baseline case
p96,2017,0.15196092,0.10770789,0.07443703,0.1139374,SRCA,AEO2026 Counterfactual Baseline case
p96,2018,0.15196092,0.10770789,0.07443703,0.1139374,SRCA,AEO2026 Counterfactual Baseline case
p96,2019,0.15196092,0.10770789,0.07443703,0.1139374,SRCA,AEO2026 Counterfactual Baseline case
p96,2020,0.15196092,0.10770789,0.07443703,0.1139374,SRCA,AEO2026 Counterfactual Baseline case
p96,2021,0.15196092,0.10770789,0.07443703,0.1139374,SRCA,AEO2026 Counterfactual Baseline case
p96,2022,0.15196092,0.10770789,0.07443703,0.1139374,SRCA,AEO2026 Counterfactual Baseline case
p96,2023,0.15196092,0.10770789,0.07443703,0.1139374,SRCA,AEO2026 Counterfactual Baseline case
p96,2024,0.15196092,0.10770789,0.07443703,0.1139374,SRCA,AEO2026 Counterfactual Baseline case
p96,2025,0.15196092,0.10770789,0.07443703,0.1139374,SRCA,AEO2026 Counterfactual Baseline case
p96,2026,0.15755793,0.11536752,0.08041416,0.12166329,SRCA,AEO2026 Counterfactual Baseline case
p96,2027,0.15590353,0.11221307,0.07730444,0.11881602000000001,SRCA,AEO2026 Counterfactual Baseline case
p96,2028,0.1558847,0.11207874000000001,0.07724025,0.11838488,SRCA,AEO2026 Counterfactual Baseline case
p96,2029,0.1588528,0.11442734,0.07893667,0.12077766000000001,SRCA,AEO2026 Counterfactual Baseline case
p96,2030,0.16479603,0.11927128,0.08259839,0.12594525,SRCA,AEO2026 Counterfactual Baseline case
p96,2031,0.16952259000000003,0.12280258999999999,0.08470266,0.13019945,SRCA,AEO2026 Counterfactual Baseline case
p96,2032,0.17771208000000002,0.12989062,0.09061089000000001,0.1376333,SRCA,AEO2026 Counterfactual Baseline case
p96,2033,0.18302404,0.13401258,0.09328321,0.14256235,SRCA,AEO2026 Counterfactual Baseline case
p96,2034,0.18553854,0.13586463999999998,0.09449685000000001,0.14481059999999998,SRCA,AEO2026 Counterfactual Baseline case
p96,2035,0.18798697,0.13779955,0.09603479999999999,0.14686316,SRCA,AEO2026 Counterfactual Baseline case
p96,2036,0.19094006,0.14005299000000002,0.09780501,0.14931512,SRCA,AEO2026 Counterfactual Baseline case
p96,2037,0.19353085,0.14204942,0.09937684000000001,0.15142673,SRCA,AEO2026 Counterfactual Baseline case
p96,2038,0.19742514,0.14509644,0.10157479999999999,0.15479996999999998,SRCA,AEO2026 Counterfactual Baseline case
p96,2039,0.20484095,0.15159208,0.10726094,0.16109371,SRCA,AEO2026 Counterfactual Baseline case
p96,2040,0.21197465999999998,0.1573179,0.11137219,0.16751593,SRCA,AEO2026 Counterfactual Baseline case
p96,2041,0.21631718,0.16058614999999998,0.11365161,0.17115729999999998,SRCA,AEO2026 Counterfactual Baseline case
p96,2042,0.22000107,0.16324771999999999,0.1154236,0.17410313,SRCA,AEO2026 Counterfactual Baseline case
p96,2043,0.22755787000000002,0.16962891,0.12076168,0.18027121999999998,SRCA,AEO2026 Counterfactual Baseline case
p96,2044,0.23433026999999998,0.17420959,0.12364041,0.18554588,SRCA,AEO2026 Counterfactual Baseline case
p96,2045,0.2385836,0.17634840000000002,0.12503393000000002,0.18776035,SRCA,AEO2026 Counterfactual Baseline case
p96,2046,0.24318855,0.17882471,0.1266796,0.19032978,SRCA,AEO2026 Counterfactual Baseline case
p96,2047,0.24881499999999998,0.18217247,0.1290858,0.19371758,SRCA,AEO2026 Counterfactual Baseline case
p96,2048,0.25468807000000004,0.18570515,0.13154845999999998,0.19735828000000002,SRCA,AEO2026 Counterfactual Baseline case
p96,2049,0.26112064,0.18971588,0.13437807,0.2014226,SRCA,AEO2026 Counterfactual Baseline case
p96,2050,0.26703976,0.19312908,0.13655886,0.20506623999999998,SRCA,AEO2026 Counterfactual Baseline case
p97,2014,0.15196092,0.10770789,0.07443703,0.1139374,SRCA,AEO2026 Counterfactual Baseline case
p97,2015,0.15196092,0.10770789,0.07443703,0.1139374,SRCA,AEO2026 Counterfactual Baseline case
p97,2016,0.15196092,0.10770789,0.07443703,0.1139374,SRCA,AEO2026 Counterfactual Baseline case
p97,2017,0.15196092,0.10770789,0.07443703,0.1139374,SRCA,AEO2026 Counterfactual Baseline case
p97,2018,0.15196092,0.10770789,0.07443703,0.1139374,SRCA,AEO2026 Counterfactual Baseline case
p97,2019,0.15196092,0.10770789,0.07443703,0.1139374,SRCA,AEO2026 Counterfactual Baseline case
p97,2020,0.15196092,0.10770789,0.07443703,0.1139374,SRCA,AEO2026 Counterfactual Baseline case
p97,2021,0.15196092,0.10770789,0.07443703,0.1139374,SRCA,AEO2026 Counterfactual Baseline case
p97,2022,0.15196092,0.10770789,0.07443703,0.1139374,SRCA,AEO2026 Counterfactual Baseline case
p97,2023,0.15196092,0.10770789,0.07443703,0.1139374,SRCA,AEO2026 Counterfactual Baseline case
p97,2024,0.15196092,0.10770789,0.07443703,0.1139374,SRCA,AEO2026 Counterfactual Baseline case
p97,2025,0.15196092,0.10770789,0.07443703,0.1139374,SRCA,AEO2026 Counterfactual Baseline case
p97,2026,0.15755793,0.11536752,0.08041416,0.12166329,SRCA,AEO2026 Counterfactual Baseline case
p97,2027,0.15590353,0.11221307,0.07730444,0.11881602000000001,SRCA,AEO2026 Counterfactual Baseline case
p97,2028,0.1558847,0.11207874000000001,0.07724025,0.11838488,SRCA,AEO2026 Counterfactual Baseline case
p97,2029,0.1588528,0.11442734,0.07893667,0.12077766000000001,SRCA,AEO2026 Counterfactual Baseline case
p97,2030,0.16479603,0.11927128,0.08259839,0.12594525,SRCA,AEO2026 Counterfactual Baseline case
p97,2031,0.16952259000000003,0.12280258999999999,0.08470266,0.13019945,SRCA,AEO2026 Counterfactual Baseline case
p97,2032,0.17771208000000002,0.12989062,0.09061089000000001,0.1376333,SRCA,AEO2026 Counterfactual Baseline case
p97,2033,0.18302404,0.13401258,0.09328321,0.14256235,SRCA,AEO2026 Counterfactual Baseline case
p97,2034,0.18553854,0.13586463999999998,0.09449685000000001,0.14481059999999998,SRCA,AEO2026 Counterfactual Baseline case
p97,2035,0.18798697,0.13779955,0.09603479999999999,0.14686316,SRCA,AEO2026 Counterfactual Baseline case
p97,2036,0.19094006,0.14005299000000002,0.09780501,0.14931512,SRCA,AEO2026 Counterfactual Baseline case
p97,2037,0.19353085,0.14204942,0.09937684000000001,0.15142673,SRCA,AEO2026 Counterfactual Baseline case
p97,2038,0.19742514,0.14509644,0.10157479999999999,0.15479996999999998,SRCA,AEO2026 Counterfactual Baseline case
p97,2039,0.20484095,0.15159208,0.10726094,0.16109371,SRCA,AEO2026 Counterfactual Baseline case
p97,2040,0.21197465999999998,0.1573179,0.11137219,0.16751593,SRCA,AEO2026 Counterfactual Baseline case
p97,2041,0.21631718,0.16058614999999998,0.11365161,0.17115729999999998,SRCA,AEO2026 Counterfactual Baseline case
p97,2042,0.22000107,0.16324771999999999,0.1154236,0.17410313,SRCA,AEO2026 Counterfactual Baseline case
p97,2043,0.22755787000000002,0.16962891,0.12076168,0.18027121999999998,SRCA,AEO2026 Counterfactual Baseline case
p97,2044,0.23433026999999998,0.17420959,0.12364041,0.18554588,SRCA,AEO2026 Counterfactual Baseline case
p97,2045,0.2385836,0.17634840000000002,0.12503393000000002,0.18776035,SRCA,AEO2026 Counterfactual Baseline case
p97,2046,0.24318855,0.17882471,0.1266796,0.19032978,SRCA,AEO2026 Counterfactual Baseline case
p97,2047,0.24881499999999998,0.18217247,0.1290858,0.19371758,SRCA,AEO2026 Counterfactual Baseline case
p97,2048,0.25468807000000004,0.18570515,0.13154845999999998,0.19735828000000002,SRCA,AEO2026 Counterfactual Baseline case
p97,2049,0.26112064,0.18971588,0.13437807,0.2014226,SRCA,AEO2026 Counterfactual Baseline case
p97,2050,0.26703976,0.19312908,0.13655886,0.20506623999999998,SRCA,AEO2026 Counterfactual Baseline case
p98,2014,0.15196092,0.10770789,0.07443703,0.1139374,SRCA,AEO2026 Counterfactual Baseline case
p98,2015,0.15196092,0.10770789,0.07443703,0.1139374,SRCA,AEO2026 Counterfactual Baseline case
p98,2016,0.15196092,0.10770789,0.07443703,0.1139374,SRCA,AEO2026 Counterfactual Baseline case
p98,2017,0.15196092,0.10770789,0.07443703,0.1139374,SRCA,AEO2026 Counterfactual Baseline case
p98,2018,0.15196092,0.10770789,0.07443703,0.1139374,SRCA,AEO2026 Counterfactual Baseline case
p98,2019,0.15196092,0.10770789,0.07443703,0.1139374,SRCA,AEO2026 Counterfactual Baseline case
p98,2020,0.15196092,0.10770789,0.07443703,0.1139374,SRCA,AEO2026 Counterfactual Baseline case
p98,2021,0.15196092,0.10770789,0.07443703,0.1139374,SRCA,AEO2026 Counterfactual Baseline case
p98,2022,0.15196092,0.10770789,0.07443703,0.1139374,SRCA,AEO2026 Counterfactual Baseline case
p98,2023,0.15196092,0.10770789,0.07443703,0.1139374,SRCA,AEO2026 Counterfactual Baseline case
p98,2024,0.15196092,0.10770789,0.07443703,0.1139374,SRCA,AEO2026 Counterfactual Baseline case
p98,2025,0.15196092,0.10770789,0.07443703,0.1139374,SRCA,AEO2026 Counterfactual Baseline case
p98,2026,0.15755793,0.11536752,0.08041416,0.12166329,SRCA,AEO2026 Counterfactual Baseline case
p98,2027,0.15590353,0.11221307,0.07730444,0.11881602000000001,SRCA,AEO2026 Counterfactual Baseline case
p98,2028,0.1558847,0.11207874000000001,0.07724025,0.11838488,SRCA,AEO2026 Counterfactual Baseline case
p98,2029,0.1588528,0.11442734,0.07893667,0.12077766000000001,SRCA,AEO2026 Counterfactual Baseline case
p98,2030,0.16479603,0.11927128,0.08259839,0.12594525,SRCA,AEO2026 Counterfactual Baseline case
p98,2031,0.16952259000000003,0.12280258999999999,0.08470266,0.13019945,SRCA,AEO2026 Counterfactual Baseline case
p98,2032,0.17771208000000002,0.12989062,0.09061089000000001,0.1376333,SRCA,AEO2026 Counterfactual Baseline case
p98,2033,0.18302404,0.13401258,0.09328321,0.14256235,SRCA,AEO2026 Counterfactual Baseline case
p98,2034,0.18553854,0.13586463999999998,0.09449685000000001,0.14481059999999998,SRCA,AEO2026 Counterfactual Baseline case
p98,2035,0.18798697,0.13779955,0.09603479999999999,0.14686316,SRCA,AEO2026 Counterfactual Baseline case
p98,2036,0.19094006,0.14005299000000002,0.09780501,0.14931512,SRCA,AEO2026 Counterfactual Baseline case
p98,2037,0.19353085,0.14204942,0.09937684000000001,0.15142673,SRCA,AEO2026 Counterfactual Baseline case
p98,2038,0.19742514,0.14509644,0.10157479999999999,0.15479996999999998,SRCA,AEO2026 Counterfactual Baseline case
p98,2039,0.20484095,0.15159208,0.10726094,0.16109371,SRCA,AEO2026 Counterfactual Baseline case
p98,2040,0.21197465999999998,0.1573179,0.11137219,0.16751593,SRCA,AEO2026 Counterfactual Baseline case
p98,2041,0.21631718,0.16058614999999998,0.11365161,0.17115729999999998,SRCA,AEO2026 Counterfactual Baseline case
p98,2042,0.22000107,0.16324771999999999,0.1154236,0.17410313,SRCA,AEO2026 Counterfactual Baseline case
p98,2043,0.22755787000000002,0.16962891,0.12076168,0.18027121999999998,SRCA,AEO2026 Counterfactual Baseline case
p98,2044,0.23433026999999998,0.17420959,0.12364041,0.18554588,SRCA,AEO2026 Counterfactual Baseline case
p98,2045,0.2385836,0.17634840000000002,0.12503393000000002,0.18776035,SRCA,AEO2026 Counterfactual Baseline case
p98,2046,0.24318855,0.17882471,0.1266796,0.19032978,SRCA,AEO2026 Counterfactual Baseline case
p98,2047,0.24881499999999998,0.18217247,0.1290858,0.19371758,SRCA,AEO2026 Counterfactual Baseline case
p98,2048,0.25468807000000004,0.18570515,0.13154845999999998,0.19735828000000002,SRCA,AEO2026 Counterfactual Baseline case
p98,2049,0.26112064,0.18971588,0.13437807,0.2014226,SRCA,AEO2026 Counterfactual Baseline case
p98,2050,0.26703976,0.19312908,0.13655886,0.20506623999999998,SRCA,AEO2026 Counterfactual Baseline case
p99,2014,0.16031233,0.09959102,0.10417173,0.12172221,PJMD,AEO2026 Counterfactual Baseline case
p99,2015,0.16031233,0.09959102,0.10417173,0.12172221,PJMD,AEO2026 Counterfactual Baseline case
p99,2016,0.16031233,0.09959102,0.10417173,0.12172221,PJMD,AEO2026 Counterfactual Baseline case
p99,2017,0.16031233,0.09959102,0.10417173,0.12172221,PJMD,AEO2026 Counterfactual Baseline case
p99,2018,0.16031233,0.09959102,0.10417173,0.12172221,PJMD,AEO2026 Counterfactual Baseline case
p99,2019,0.16031233,0.09959102,0.10417173,0.12172221,PJMD,AEO2026 Counterfactual Baseline case
p99,2020,0.16031233,0.09959102,0.10417173,0.12172221,PJMD,AEO2026 Counterfactual Baseline case
p99,2021,0.16031233,0.09959102,0.10417173,0.12172221,PJMD,AEO2026 Counterfactual Baseline case
p99,2022,0.16031233,0.09959102,0.10417173,0.12172221,PJMD,AEO2026 Counterfactual Baseline case
p99,2023,0.16031233,0.09959102,0.10417173,0.12172221,PJMD,AEO2026 Counterfactual Baseline case
p99,2024,0.16031233,0.09959102,0.10417173,0.12172221,PJMD,AEO2026 Counterfactual Baseline case
p99,2025,0.16031233,0.09959102,0.10417173,0.12172221,PJMD,AEO2026 Counterfactual Baseline case
p99,2026,0.167507,0.10241059,0.10698391000000002,0.12457333,PJMD,AEO2026 Counterfactual Baseline case
p99,2027,0.17211945,0.10439417000000001,0.10793994,0.12716021,PJMD,AEO2026 Counterfactual Baseline case
p99,2028,0.17834846,0.10799965,0.11151037999999999,0.13190637,PJMD,AEO2026 Counterfactual Baseline case
p99,2029,0.18153423,0.10964062999999999,0.11371041,0.13378711,PJMD,AEO2026 Counterfactual Baseline case
p99,2030,0.18590881,0.11209638999999999,0.11671124000000001,0.13670434,PJMD,AEO2026 Counterfactual Baseline case
p99,2031,0.19175535,0.11563974,0.1206643,0.14078770000000002,PJMD,AEO2026 Counterfactual Baseline case
p99,2032,0.19760646999999998,0.11889485000000001,0.12524728,0.14488647,PJMD,AEO2026 Counterfactual Baseline case
p99,2033,0.20294869999999998,0.12180578,0.12847865,0.14877134,PJMD,AEO2026 Counterfactual Baseline case
p99,2034,0.20585684,0.12291579000000001,0.12977107,0.15046701,PJMD,AEO2026 Counterfactual Baseline case
p99,2035,0.20863445,0.12398357,0.13120618,0.15192214999999998,PJMD,AEO2026 Counterfactual Baseline case
p99,2036,0.21183958,0.12529849,0.13288482999999998,0.15354059,PJMD,AEO2026 Counterfactual Baseline case
p99,2037,0.21608795,0.12736145000000001,0.13556514,0.15584164,PJMD,AEO2026 Counterfactual Baseline case
p99,2038,0.22142662000000002,0.1302443,0.1391261,0.15906607,PJMD,AEO2026 Counterfactual Baseline case
p99,2039,0.22579412000000001,0.13219172,0.14148116,0.16157724,PJMD,AEO2026 Counterfactual Baseline case
p99,2040,0.23048,0.13433878,0.14426658,0.16399172,PJMD,AEO2026 Counterfactual Baseline case
p99,2041,0.23510338,0.13629818,0.14647033,0.16643834999999998,PJMD,AEO2026 Counterfactual Baseline case
p99,2042,0.23948383,0.13814273,0.14874846,0.16854233000000002,PJMD,AEO2026 Counterfactual Baseline case
p99,2043,0.24411423,0.1401064,0.15106117,0.17084394,PJMD,AEO2026 Counterfactual Baseline case
p99,2044,0.24881754,0.14206204,0.15336501,0.17311287,PJMD,AEO2026 Counterfactual Baseline case
p99,2045,0.25363989,0.14398764,0.15558392,0.17537308,PJMD,AEO2026 Counterfactual Baseline case
p99,2046,0.25848505,0.1459665,0.15786769,0.17765654,PJMD,AEO2026 Counterfactual Baseline case
p99,2047,0.26385359,0.14825411,0.16048418,0.18026491,PJMD,AEO2026 Counterfactual Baseline case
p99,2048,0.26968,0.15083897999999998,0.16344021,0.1832267,PJMD,AEO2026 Counterfactual Baseline case
p99,2049,0.27624018,0.15390781,0.16701502000000001,0.18671864,PJMD,AEO2026 Counterfactual Baseline case
p99,2050,0.2818972,0.15615074,0.16935176999999998,0.18937547999999998,PJMD,AEO2026 Counterfactual Baseline case
p100,2014,0.15654942,0.13126221,0.10237614,0.13126773,PJMW,AEO2026 Counterfactual Baseline case
p100,2015,0.15654942,0.13126221,0.10237614,0.13126773,PJMW,AEO2026 Counterfactual Baseline case
p100,2016,0.15654942,0.13126221,0.10237614,0.13126773,PJMW,AEO2026 Counterfactual Baseline case
p100,2017,0.15654942,0.13126221,0.10237614,0.13126773,PJMW,AEO2026 Counterfactual Baseline case
p100,2018,0.15654942,0.13126221,0.10237614,0.13126773,PJMW,AEO2026 Counterfactual Baseline case
p100,2019,0.15654942,0.13126221,0.10237614,0.13126773,PJMW,AEO2026 Counterfactual Baseline case
p100,2020,0.15654942,0.13126221,0.10237614,0.13126773,PJMW,AEO2026 Counterfactual Baseline case
p100,2021,0.15654942,0.13126221,0.10237614,0.13126773,PJMW,AEO2026 Counterfactual Baseline case
p100,2022,0.15654942,0.13126221,0.10237614,0.13126773,PJMW,AEO2026 Counterfactual Baseline case
p100,2023,0.15654942,0.13126221,0.10237614,0.13126773,PJMW,AEO2026 Counterfactual Baseline case
p100,2024,0.15654942,0.13126221,0.10237614,0.13126773,PJMW,AEO2026 Counterfactual Baseline case
p100,2025,0.15654942,0.13126221,0.10237614,0.13126773,PJMW,AEO2026 Counterfactual Baseline case
p100,2026,0.16099028,0.13358855,0.10440716,0.13433977,PJMW,AEO2026 Counterfactual Baseline case
p100,2027,0.16052256,0.13427159,0.10287322,0.13393511,PJMW,AEO2026 Counterfactual Baseline case
p100,2028,0.15594636,0.12995057,0.09910171999999999,0.12916888999999998,PJMW,AEO2026 Counterfactual Baseline case
p100,2029,0.16028419,0.1342881,0.1023424,0.13310936,PJMW,AEO2026 Counterfactual Baseline case
p100,2030,0.16504788999999997,0.13859052,0.10598391,0.13759011,PJMW,AEO2026 Counterfactual Baseline case
p100,2031,0.17805721,0.15275807,0.11559601000000001,0.14943488,PJMW,AEO2026 Counterfactual Baseline case
p100,2032,0.17540610999999998,0.14835616999999998,0.11359345,0.14756701,PJMW,AEO2026 Counterfactual Baseline case
p100,2033,0.18013559,0.15247491,0.11678457999999999,0.15214722,PJMW,AEO2026 Counterfactual Baseline case
p100,2034,0.1804278,0.15216933,0.11609107,0.15214438,PJMW,AEO2026 Counterfactual Baseline case
p100,2035,0.18135508,0.15273923,0.11625199,0.15285311000000001,PJMW,AEO2026 Counterfactual Baseline case
p100,2036,0.18381756,0.15466802,0.11773973,0.15493362,PJMW,AEO2026 Counterfactual Baseline case
p100,2037,0.19128954,0.16164839,0.12321123,0.16044102,PJMW,AEO2026 Counterfactual Baseline case
p100,2038,0.20174486000000003,0.17227084999999998,0.13085834999999998,0.16934156,PJMW,AEO2026 Counterfactual Baseline case
p100,2039,0.20168537,0.17074877,0.13013739,0.169238,PJMW,AEO2026 Counterfactual Baseline case
p100,2040,0.20542494,0.17352175,0.13199097,0.17213539,PJMW,AEO2026 Counterfactual Baseline case
p100,2041,0.20967535,0.17675295,0.13416796,0.17653017,PJMW,AEO2026 Counterfactual Baseline case
p100,2042,0.21461489,0.18078244999999998,0.13718474,0.18054701,PJMW,AEO2026 Counterfactual Baseline case
p100,2043,0.22039352,0.18535868,0.14067577,0.18509768000000001,PJMW,AEO2026 Counterfactual Baseline case
p100,2044,0.22869427,0.19192329,0.14575791999999999,0.19158514000000001,PJMW,AEO2026 Counterfactual Baseline case
p100,2045,0.23566331999999998,0.19762362,0.14934864,0.19739117,PJMW,AEO2026 Counterfactual Baseline case
p100,2046,0.23952870999999998,0.20089556000000003,0.1512209,0.20052275000000003,PJMW,AEO2026 Counterfactual Baseline case
p100,2047,0.24414251,0.20465338,0.15402647,0.20385256,PJMW,AEO2026 Counterfactual Baseline case
p100,2048,0.24929039,0.20877768,0.15681846,0.20776388,PJMW,AEO2026 Counterfactual Baseline case
p100,2049,0.25493832,0.21340309000000002,0.15995285,0.21210655,PJMW,AEO2026 Counterfactual Baseline case
p100,2050,0.2594916,0.21698284,0.16209880999999998,0.21545275,PJMW,AEO2026 Counterfactual Baseline case
p101,2014,0.14898337,0.11253209,0.08179207,0.09921176000000001,FRCC,AEO2026 Counterfactual Baseline case
p101,2015,0.14898337,0.11253209,0.08179207,0.09921176000000001,FRCC,AEO2026 Counterfactual Baseline case
p101,2016,0.14898337,0.11253209,0.08179207,0.09921176000000001,FRCC,AEO2026 Counterfactual Baseline case
p101,2017,0.14898337,0.11253209,0.08179207,0.09921176000000001,FRCC,AEO2026 Counterfactual Baseline case
p101,2018,0.14898337,0.11253209,0.08179207,0.09921176000000001,FRCC,AEO2026 Counterfactual Baseline case
p101,2019,0.14898337,0.11253209,0.08179207,0.09921176000000001,FRCC,AEO2026 Counterfactual Baseline case
p101,2020,0.14898337,0.11253209,0.08179207,0.09921176000000001,FRCC,AEO2026 Counterfactual Baseline case
p101,2021,0.14898337,0.11253209,0.08179207,0.09921176000000001,FRCC,AEO2026 Counterfactual Baseline case
p101,2022,0.14898337,0.11253209,0.08179207,0.09921176000000001,FRCC,AEO2026 Counterfactual Baseline case
p101,2023,0.14898337,0.11253209,0.08179207,0.09921176000000001,FRCC,AEO2026 Counterfactual Baseline case
p101,2024,0.14898337,0.11253209,0.08179207,0.09921176000000001,FRCC,AEO2026 Counterfactual Baseline case
p101,2025,0.14898337,0.11253209,0.08179207,0.09921176000000001,FRCC,AEO2026 Counterfactual Baseline case
p101,2026,0.15410703,0.11787373000000001,0.08687165000000001,0.10613659,FRCC,AEO2026 Counterfactual Baseline case
p101,2027,0.15459127,0.11458738,0.08414666,0.10399381,FRCC,AEO2026 Counterfactual Baseline case
p101,2028,0.15523807,0.11573913,0.08562338,0.10531632,FRCC,AEO2026 Counterfactual Baseline case
p101,2029,0.1583395,0.11795883,0.08772933999999999,0.10799281000000001,FRCC,AEO2026 Counterfactual Baseline case
p101,2030,0.16274212,0.12389658,0.09349981,0.11365131999999999,FRCC,AEO2026 Counterfactual Baseline case
p101,2031,0.17070868,0.13283719,0.10166489000000001,0.12231102999999999,FRCC,AEO2026 Counterfactual Baseline case
p101,2032,0.17678692000000001,0.13661086,0.10488084,0.12698473,FRCC,AEO2026 Counterfactual Baseline case
p101,2033,0.17986105,0.14006557,0.10844666,0.13081659,FRCC,AEO2026 Counterfactual Baseline case
p101,2034,0.18284101,0.14149245,0.10990733000000001,0.13323672,FRCC,AEO2026 Counterfactual Baseline case
p101,2035,0.18455560999999998,0.14386014,0.11246135,0.13588167,FRCC,AEO2026 Counterfactual Baseline case
p101,2036,0.18940413,0.15056798000000002,0.11855845999999999,0.14203775,FRCC,AEO2026 Counterfactual Baseline case
p101,2037,0.19481829,0.15536057,0.12251448,0.14709643,FRCC,AEO2026 Counterfactual Baseline case
p101,2038,0.19717413,0.15681161,0.12357942,0.14904532,FRCC,AEO2026 Counterfactual Baseline case
p101,2039,0.20136724,0.16363407,0.12992752,0.15508416,FRCC,AEO2026 Counterfactual Baseline case
p101,2040,0.20770685,0.16880163,0.13408307,0.16065878,FRCC,AEO2026 Counterfactual Baseline case
p101,2041,0.21243462000000002,0.17450865000000002,0.13914548,0.16606129,FRCC,AEO2026 Counterfactual Baseline case
p101,2042,0.21736494,0.17860648999999998,0.14244956,0.17049772000000002,FRCC,AEO2026 Counterfactual Baseline case
p101,2043,0.22050348,0.18139406000000002,0.1447224,0.17350189,FRCC,AEO2026 Counterfactual Baseline case
p101,2044,0.22261019,0.18245459,0.14538597,0.17509432,FRCC,AEO2026 Counterfactual Baseline case
p101,2045,0.22355888000000002,0.18261555000000002,0.14537047,0.17566484,FRCC,AEO2026 Counterfactual Baseline case
p101,2046,0.22751717,0.18829364999999998,0.15054047,0.18059964999999997,FRCC,AEO2026 Counterfactual Baseline case
p101,2047,0.23143444,0.18946482,0.15084566,0.18293846,FRCC,AEO2026 Counterfactual Baseline case
p101,2048,0.23270943,0.19119246,0.1523674,0.18446017999999997,FRCC,AEO2026 Counterfactual Baseline case
p101,2049,0.23694561,0.19548006,0.1559138,0.18862341000000002,FRCC,AEO2026 Counterfactual Baseline case
p101,2050,0.24137236,0.19932695,0.15894288,0.19262458999999998,FRCC,AEO2026 Counterfactual Baseline case
p102,2014,0.14898337,0.11253209,0.08179207,0.09921176000000001,FRCC,AEO2026 Counterfactual Baseline case
p102,2015,0.14898337,0.11253209,0.08179207,0.09921176000000001,FRCC,AEO2026 Counterfactual Baseline case
p102,2016,0.14898337,0.11253209,0.08179207,0.09921176000000001,FRCC,AEO2026 Counterfactual Baseline case
p102,2017,0.14898337,0.11253209,0.08179207,0.09921176000000001,FRCC,AEO2026 Counterfactual Baseline case
p102,2018,0.14898337,0.11253209,0.08179207,0.09921176000000001,FRCC,AEO2026 Counterfactual Baseline case
p102,2019,0.14898337,0.11253209,0.08179207,0.09921176000000001,FRCC,AEO2026 Counterfactual Baseline case
p102,2020,0.14898337,0.11253209,0.08179207,0.09921176000000001,FRCC,AEO2026 Counterfactual Baseline case
p102,2021,0.14898337,0.11253209,0.08179207,0.09921176000000001,FRCC,AEO2026 Counterfactual Baseline case
p102,2022,0.14898337,0.11253209,0.08179207,0.09921176000000001,FRCC,AEO2026 Counterfactual Baseline case
p102,2023,0.14898337,0.11253209,0.08179207,0.09921176000000001,FRCC,AEO2026 Counterfactual Baseline case
p102,2024,0.14898337,0.11253209,0.08179207,0.09921176000000001,FRCC,AEO2026 Counterfactual Baseline case
p102,2025,0.14898337,0.11253209,0.08179207,0.09921176000000001,FRCC,AEO2026 Counterfactual Baseline case
p102,2026,0.15410703,0.11787373000000001,0.08687165000000001,0.10613659,FRCC,AEO2026 Counterfactual Baseline case
p102,2027,0.15459127,0.11458738,0.08414666,0.10399381,FRCC,AEO2026 Counterfactual Baseline case
p102,2028,0.15523807,0.11573913,0.08562338,0.10531632,FRCC,AEO2026 Counterfactual Baseline case
p102,2029,0.1583395,0.11795883,0.08772933999999999,0.10799281000000001,FRCC,AEO2026 Counterfactual Baseline case
p102,2030,0.16274212,0.12389658,0.09349981,0.11365131999999999,FRCC,AEO2026 Counterfactual Baseline case
p102,2031,0.17070868,0.13283719,0.10166489000000001,0.12231102999999999,FRCC,AEO2026 Counterfactual Baseline case
p102,2032,0.17678692000000001,0.13661086,0.10488084,0.12698473,FRCC,AEO2026 Counterfactual Baseline case
p102,2033,0.17986105,0.14006557,0.10844666,0.13081659,FRCC,AEO2026 Counterfactual Baseline case
p102,2034,0.18284101,0.14149245,0.10990733000000001,0.13323672,FRCC,AEO2026 Counterfactual Baseline case
p102,2035,0.18455560999999998,0.14386014,0.11246135,0.13588167,FRCC,AEO2026 Counterfactual Baseline case
p102,2036,0.18940413,0.15056798000000002,0.11855845999999999,0.14203775,FRCC,AEO2026 Counterfactual Baseline case
p102,2037,0.19481829,0.15536057,0.12251448,0.14709643,FRCC,AEO2026 Counterfactual Baseline case
p102,2038,0.19717413,0.15681161,0.12357942,0.14904532,FRCC,AEO2026 Counterfactual Baseline case
p102,2039,0.20136724,0.16363407,0.12992752,0.15508416,FRCC,AEO2026 Counterfactual Baseline case
p102,2040,0.20770685,0.16880163,0.13408307,0.16065878,FRCC,AEO2026 Counterfactual Baseline case
p102,2041,0.21243462000000002,0.17450865000000002,0.13914548,0.16606129,FRCC,AEO2026 Counterfactual Baseline case
p102,2042,0.21736494,0.17860648999999998,0.14244956,0.17049772000000002,FRCC,AEO2026 Counterfactual Baseline case
p102,2043,0.22050348,0.18139406000000002,0.1447224,0.17350189,FRCC,AEO2026 Counterfactual Baseline case
p102,2044,0.22261019,0.18245459,0.14538597,0.17509432,FRCC,AEO2026 Counterfactual Baseline case
p102,2045,0.22355888000000002,0.18261555000000002,0.14537047,0.17566484,FRCC,AEO2026 Counterfactual Baseline case
p102,2046,0.22751717,0.18829364999999998,0.15054047,0.18059964999999997,FRCC,AEO2026 Counterfactual Baseline case
p102,2047,0.23143444,0.18946482,0.15084566,0.18293846,FRCC,AEO2026 Counterfactual Baseline case
p102,2048,0.23270943,0.19119246,0.1523674,0.18446017999999997,FRCC,AEO2026 Counterfactual Baseline case
p102,2049,0.23694561,0.19548006,0.1559138,0.18862341000000002,FRCC,AEO2026 Counterfactual Baseline case
p102,2050,0.24137236,0.19932695,0.15894288,0.19262458999999998,FRCC,AEO2026 Counterfactual Baseline case
p103,2014,0.20280991,0.14818259,0.09093206999999999,0.15591201,MISE,AEO2026 Counterfactual Baseline case
p103,2015,0.20280991,0.14818259,0.09093206999999999,0.15591201,MISE,AEO2026 Counterfactual Baseline case
p103,2016,0.20280991,0.14818259,0.09093206999999999,0.15591201,MISE,AEO2026 Counterfactual Baseline case
p103,2017,0.20280991,0.14818259,0.09093206999999999,0.15591201,MISE,AEO2026 Counterfactual Baseline case
p103,2018,0.20280991,0.14818259,0.09093206999999999,0.15591201,MISE,AEO2026 Counterfactual Baseline case
p103,2019,0.20280991,0.14818259,0.09093206999999999,0.15591201,MISE,AEO2026 Counterfactual Baseline case
p103,2020,0.20280991,0.14818259,0.09093206999999999,0.15591201,MISE,AEO2026 Counterfactual Baseline case
p103,2021,0.20280991,0.14818259,0.09093206999999999,0.15591201,MISE,AEO2026 Counterfactual Baseline case
p103,2022,0.20280991,0.14818259,0.09093206999999999,0.15591201,MISE,AEO2026 Counterfactual Baseline case
p103,2023,0.20280991,0.14818259,0.09093206999999999,0.15591201,MISE,AEO2026 Counterfactual Baseline case
p103,2024,0.20280991,0.14818259,0.09093206999999999,0.15591201,MISE,AEO2026 Counterfactual Baseline case
p103,2025,0.20280991,0.14818259,0.09093206999999999,0.15591201,MISE,AEO2026 Counterfactual Baseline case
p103,2026,0.21589029,0.15413548,0.09702018000000001,0.16420046,MISE,AEO2026 Counterfactual Baseline case
p103,2027,0.20638945,0.14913798,0.0894588,0.15880165,MISE,AEO2026 Counterfactual Baseline case
p103,2028,0.20222296,0.14521583,0.08728759999999999,0.15351694,MISE,AEO2026 Counterfactual Baseline case
p103,2029,0.20770002,0.14938657,0.09005485,0.15750450000000002,MISE,AEO2026 Counterfactual Baseline case
p103,2030,0.21754179,0.15726231000000002,0.09583776000000001,0.16517231,MISE,AEO2026 Counterfactual Baseline case
p103,2031,0.22715277,0.16545743999999998,0.10116073,0.17323637000000003,MISE,AEO2026 Counterfactual Baseline case
p103,2032,0.23415876000000002,0.17100409,0.10457273,0.1793387,MISE,AEO2026 Counterfactual Baseline case
p103,2033,0.23886942,0.17504097000000002,0.10713154,0.18333248000000002,MISE,AEO2026 Counterfactual Baseline case
p103,2034,0.24213107999999997,0.17715902,0.1084135,0.18584723,MISE,AEO2026 Counterfactual Baseline case
p103,2035,0.24490265,0.17904877,0.10959042000000001,0.18782869000000002,MISE,AEO2026 Counterfactual Baseline case
p103,2036,0.24856873000000002,0.18129852,0.11104165,0.19031412,MISE,AEO2026 Counterfactual Baseline case
p103,2037,0.25315554,0.18448474999999998,0.11335502,0.19353432,MISE,AEO2026 Counterfactual Baseline case
p103,2038,0.2585692,0.18905080999999999,0.11621312,0.19760801,MISE,AEO2026 Counterfactual Baseline case
p103,2039,0.26253454000000004,0.19080545000000002,0.11738248000000001,0.20013227,MISE,AEO2026 Counterfactual Baseline case
p103,2040,0.27020927,0.19622107,0.12142189,0.20531614,MISE,AEO2026 Counterfactual Baseline case
p103,2041,0.27733433,0.20152569,0.12430573,0.21081295,MISE,AEO2026 Counterfactual Baseline case
p103,2042,0.28151302,0.20444788,0.12545737,0.21372812,MISE,AEO2026 Counterfactual Baseline case
p103,2043,0.28504176999999997,0.20665130999999998,0.1263769,0.21575094,MISE,AEO2026 Counterfactual Baseline case
p103,2044,0.2893832,0.20963293,0.12768733,0.21848076,MISE,AEO2026 Counterfactual Baseline case
p103,2045,0.29379705,0.21268154,0.12895109,0.22126577,MISE,AEO2026 Counterfactual Baseline case
p103,2046,0.29802196999999997,0.21534481,0.13029373,0.22368725,MISE,AEO2026 Counterfactual Baseline case
p103,2047,0.30240290000000003,0.21825405,0.13176422000000002,0.22623749,MISE,AEO2026 Counterfactual Baseline case
p103,2048,0.3076231,0.22191689,0.13368549,0.22950977000000003,MISE,AEO2026 Counterfactual Baseline case
p103,2049,0.31259298,0.22546644000000002,0.13526165,0.23265224,MISE,AEO2026 Counterfactual Baseline case
p103,2050,0.317236,0.22875484000000001,0.13653961,0.23549488,MISE,AEO2026 Counterfactual Baseline case
p104,2014,0.15654942,0.13126221,0.10237614,0.13126773,PJMW,AEO2026 Counterfactual Baseline case
p104,2015,0.15654942,0.13126221,0.10237614,0.13126773,PJMW,AEO2026 Counterfactual Baseline case
p104,2016,0.15654942,0.13126221,0.10237614,0.13126773,PJMW,AEO2026 Counterfactual Baseline case
p104,2017,0.15654942,0.13126221,0.10237614,0.13126773,PJMW,AEO2026 Counterfactual Baseline case
p104,2018,0.15654942,0.13126221,0.10237614,0.13126773,PJMW,AEO2026 Counterfactual Baseline case
p104,2019,0.15654942,0.13126221,0.10237614,0.13126773,PJMW,AEO2026 Counterfactual Baseline case
p104,2020,0.15654942,0.13126221,0.10237614,0.13126773,PJMW,AEO2026 Counterfactual Baseline case
p104,2021,0.15654942,0.13126221,0.10237614,0.13126773,PJMW,AEO2026 Counterfactual Baseline case
p104,2022,0.15654942,0.13126221,0.10237614,0.13126773,PJMW,AEO2026 Counterfactual Baseline case
p104,2023,0.15654942,0.13126221,0.10237614,0.13126773,PJMW,AEO2026 Counterfactual Baseline case
p104,2024,0.15654942,0.13126221,0.10237614,0.13126773,PJMW,AEO2026 Counterfactual Baseline case
p104,2025,0.15654942,0.13126221,0.10237614,0.13126773,PJMW,AEO2026 Counterfactual Baseline case
p104,2026,0.16099028,0.13358855,0.10440716,0.13433977,PJMW,AEO2026 Counterfactual Baseline case
p104,2027,0.16052256,0.13427159,0.10287322,0.13393511,PJMW,AEO2026 Counterfactual Baseline case
p104,2028,0.15594636,0.12995057,0.09910171999999999,0.12916888999999998,PJMW,AEO2026 Counterfactual Baseline case
p104,2029,0.16028419,0.1342881,0.1023424,0.13310936,PJMW,AEO2026 Counterfactual Baseline case
p104,2030,0.16504788999999997,0.13859052,0.10598391,0.13759011,PJMW,AEO2026 Counterfactual Baseline case
p104,2031,0.17805721,0.15275807,0.11559601000000001,0.14943488,PJMW,AEO2026 Counterfactual Baseline case
p104,2032,0.17540610999999998,0.14835616999999998,0.11359345,0.14756701,PJMW,AEO2026 Counterfactual Baseline case
p104,2033,0.18013559,0.15247491,0.11678457999999999,0.15214722,PJMW,AEO2026 Counterfactual Baseline case
p104,2034,0.1804278,0.15216933,0.11609107,0.15214438,PJMW,AEO2026 Counterfactual Baseline case
p104,2035,0.18135508,0.15273923,0.11625199,0.15285311000000001,PJMW,AEO2026 Counterfactual Baseline case
p104,2036,0.18381756,0.15466802,0.11773973,0.15493362,PJMW,AEO2026 Counterfactual Baseline case
p104,2037,0.19128954,0.16164839,0.12321123,0.16044102,PJMW,AEO2026 Counterfactual Baseline case
p104,2038,0.20174486000000003,0.17227084999999998,0.13085834999999998,0.16934156,PJMW,AEO2026 Counterfactual Baseline case
p104,2039,0.20168537,0.17074877,0.13013739,0.169238,PJMW,AEO2026 Counterfactual Baseline case
p104,2040,0.20542494,0.17352175,0.13199097,0.17213539,PJMW,AEO2026 Counterfactual Baseline case
p104,2041,0.20967535,0.17675295,0.13416796,0.17653017,PJMW,AEO2026 Counterfactual Baseline case
p104,2042,0.21461489,0.18078244999999998,0.13718474,0.18054701,PJMW,AEO2026 Counterfactual Baseline case
p104,2043,0.22039352,0.18535868,0.14067577,0.18509768000000001,PJMW,AEO2026 Counterfactual Baseline case
p104,2044,0.22869427,0.19192329,0.14575791999999999,0.19158514000000001,PJMW,AEO2026 Counterfactual Baseline case
p104,2045,0.23566331999999998,0.19762362,0.14934864,0.19739117,PJMW,AEO2026 Counterfactual Baseline case
p104,2046,0.23952870999999998,0.20089556000000003,0.1512209,0.20052275000000003,PJMW,AEO2026 Counterfactual Baseline case
p104,2047,0.24414251,0.20465338,0.15402647,0.20385256,PJMW,AEO2026 Counterfactual Baseline case
p104,2048,0.24929039,0.20877768,0.15681846,0.20776388,PJMW,AEO2026 Counterfactual Baseline case
p104,2049,0.25493832,0.21340309000000002,0.15995285,0.21210655,PJMW,AEO2026 Counterfactual Baseline case
p104,2050,0.2594916,0.21698284,0.16209880999999998,0.21545275,PJMW,AEO2026 Counterfactual Baseline case
p105,2014,0.15654942,0.13126221,0.10237614,0.13126773,PJMW,AEO2026 Counterfactual Baseline case
p105,2015,0.15654942,0.13126221,0.10237614,0.13126773,PJMW,AEO2026 Counterfactual Baseline case
p105,2016,0.15654942,0.13126221,0.10237614,0.13126773,PJMW,AEO2026 Counterfactual Baseline case
p105,2017,0.15654942,0.13126221,0.10237614,0.13126773,PJMW,AEO2026 Counterfactual Baseline case
p105,2018,0.15654942,0.13126221,0.10237614,0.13126773,PJMW,AEO2026 Counterfactual Baseline case
p105,2019,0.15654942,0.13126221,0.10237614,0.13126773,PJMW,AEO2026 Counterfactual Baseline case
p105,2020,0.15654942,0.13126221,0.10237614,0.13126773,PJMW,AEO2026 Counterfactual Baseline case
p105,2021,0.15654942,0.13126221,0.10237614,0.13126773,PJMW,AEO2026 Counterfactual Baseline case
p105,2022,0.15654942,0.13126221,0.10237614,0.13126773,PJMW,AEO2026 Counterfactual Baseline case
p105,2023,0.15654942,0.13126221,0.10237614,0.13126773,PJMW,AEO2026 Counterfactual Baseline case
p105,2024,0.15654942,0.13126221,0.10237614,0.13126773,PJMW,AEO2026 Counterfactual Baseline case
p105,2025,0.15654942,0.13126221,0.10237614,0.13126773,PJMW,AEO2026 Counterfactual Baseline case
p105,2026,0.16099028,0.13358855,0.10440716,0.13433977,PJMW,AEO2026 Counterfactual Baseline case
p105,2027,0.16052256,0.13427159,0.10287322,0.13393511,PJMW,AEO2026 Counterfactual Baseline case
p105,2028,0.15594636,0.12995057,0.09910171999999999,0.12916888999999998,PJMW,AEO2026 Counterfactual Baseline case
p105,2029,0.16028419,0.1342881,0.1023424,0.13310936,PJMW,AEO2026 Counterfactual Baseline case
p105,2030,0.16504788999999997,0.13859052,0.10598391,0.13759011,PJMW,AEO2026 Counterfactual Baseline case
p105,2031,0.17805721,0.15275807,0.11559601000000001,0.14943488,PJMW,AEO2026 Counterfactual Baseline case
p105,2032,0.17540610999999998,0.14835616999999998,0.11359345,0.14756701,PJMW,AEO2026 Counterfactual Baseline case
p105,2033,0.18013559,0.15247491,0.11678457999999999,0.15214722,PJMW,AEO2026 Counterfactual Baseline case
p105,2034,0.1804278,0.15216933,0.11609107,0.15214438,PJMW,AEO2026 Counterfactual Baseline case
p105,2035,0.18135508,0.15273923,0.11625199,0.15285311000000001,PJMW,AEO2026 Counterfactual Baseline case
p105,2036,0.18381756,0.15466802,0.11773973,0.15493362,PJMW,AEO2026 Counterfactual Baseline case
p105,2037,0.19128954,0.16164839,0.12321123,0.16044102,PJMW,AEO2026 Counterfactual Baseline case
p105,2038,0.20174486000000003,0.17227084999999998,0.13085834999999998,0.16934156,PJMW,AEO2026 Counterfactual Baseline case
p105,2039,0.20168537,0.17074877,0.13013739,0.169238,PJMW,AEO2026 Counterfactual Baseline case
p105,2040,0.20542494,0.17352175,0.13199097,0.17213539,PJMW,AEO2026 Counterfactual Baseline case
p105,2041,0.20967535,0.17675295,0.13416796,0.17653017,PJMW,AEO2026 Counterfactual Baseline case
p105,2042,0.21461489,0.18078244999999998,0.13718474,0.18054701,PJMW,AEO2026 Counterfactual Baseline case
p105,2043,0.22039352,0.18535868,0.14067577,0.18509768000000001,PJMW,AEO2026 Counterfactual Baseline case
p105,2044,0.22869427,0.19192329,0.14575791999999999,0.19158514000000001,PJMW,AEO2026 Counterfactual Baseline case
p105,2045,0.23566331999999998,0.19762362,0.14934864,0.19739117,PJMW,AEO2026 Counterfactual Baseline case
p105,2046,0.23952870999999998,0.20089556000000003,0.1512209,0.20052275000000003,PJMW,AEO2026 Counterfactual Baseline case
p105,2047,0.24414251,0.20465338,0.15402647,0.20385256,PJMW,AEO2026 Counterfactual Baseline case
p105,2048,0.24929039,0.20877768,0.15681846,0.20776388,PJMW,AEO2026 Counterfactual Baseline case
p105,2049,0.25493832,0.21340309000000002,0.15995285,0.21210655,PJMW,AEO2026 Counterfactual Baseline case
p105,2050,0.2594916,0.21698284,0.16209880999999998,0.21545275,PJMW,AEO2026 Counterfactual Baseline case
p106,2014,0.15199648,0.12028807999999999,0.08832773,0.12682292,MISC,AEO2026 Counterfactual Baseline case
p106,2015,0.15199648,0.12028807999999999,0.08832773,0.12682292,MISC,AEO2026 Counterfactual Baseline case
p106,2016,0.15199648,0.12028807999999999,0.08832773,0.12682292,MISC,AEO2026 Counterfactual Baseline case
p106,2017,0.15199648,0.12028807999999999,0.08832773,0.12682292,MISC,AEO2026 Counterfactual Baseline case
p106,2018,0.15199648,0.12028807999999999,0.08832773,0.12682292,MISC,AEO2026 Counterfactual Baseline case
p106,2019,0.15199648,0.12028807999999999,0.08832773,0.12682292,MISC,AEO2026 Counterfactual Baseline case
p106,2020,0.15199648,0.12028807999999999,0.08832773,0.12682292,MISC,AEO2026 Counterfactual Baseline case
p106,2021,0.15199648,0.12028807999999999,0.08832773,0.12682292,MISC,AEO2026 Counterfactual Baseline case
p106,2022,0.15199648,0.12028807999999999,0.08832773,0.12682292,MISC,AEO2026 Counterfactual Baseline case
p106,2023,0.15199648,0.12028807999999999,0.08832773,0.12682292,MISC,AEO2026 Counterfactual Baseline case
p106,2024,0.15199648,0.12028807999999999,0.08832773,0.12682292,MISC,AEO2026 Counterfactual Baseline case
p106,2025,0.15199648,0.12028807999999999,0.08832773,0.12682292,MISC,AEO2026 Counterfactual Baseline case
p106,2026,0.15550863,0.12191993,0.09023328,0.12946543,MISC,AEO2026 Counterfactual Baseline case
p106,2027,0.15408827,0.12147972,0.08832103,0.12845634,MISC,AEO2026 Counterfactual Baseline case
p106,2028,0.15217702,0.1199665,0.08701409,0.12630376999999998,MISC,AEO2026 Counterfactual Baseline case
p106,2029,0.15568438,0.12338698000000001,0.08946942999999999,0.12948156,MISC,AEO2026 Counterfactual Baseline case
p106,2030,0.16091501,0.12834569,0.09325098000000001,0.13439336000000002,MISC,AEO2026 Counterfactual Baseline case
p106,2031,0.16882466999999998,0.13643148,0.09890393,0.14213247,MISC,AEO2026 Counterfactual Baseline case
p106,2032,0.17180445,0.13822071,0.10085018,0.14447202,MISC,AEO2026 Counterfactual Baseline case
p106,2033,0.17744011,0.14344363,0.10445861000000001,0.15073337,MISC,AEO2026 Counterfactual Baseline case
p106,2034,0.17797537,0.14384823000000002,0.10443152,0.1514712,MISC,AEO2026 Counterfactual Baseline case
p106,2035,0.17852074,0.14414517,0.10473501,0.15190536,MISC,AEO2026 Counterfactual Baseline case
p106,2036,0.18079187000000002,0.14572198,0.10621710000000001,0.15359937,MISC,AEO2026 Counterfactual Baseline case
p106,2037,0.18414155999999998,0.14870481,0.10863448999999999,0.15662104,MISC,AEO2026 Counterfactual Baseline case
p106,2038,0.18951334,0.15428971,0.11275793,0.16166332,MISC,AEO2026 Counterfactual Baseline case
p106,2039,0.19211034999999999,0.15549506,0.11437901,0.1633392,MISC,AEO2026 Counterfactual Baseline case
p106,2040,0.19659056,0.15938504,0.11711864,0.16753651000000003,MISC,AEO2026 Counterfactual Baseline case
p106,2041,0.19980499,0.16207581999999998,0.11896941999999999,0.17034832000000003,MISC,AEO2026 Counterfactual Baseline case
p106,2042,0.20331942000000003,0.16494877,0.12115076,0.17319510000000002,MISC,AEO2026 Counterfactual Baseline case
p106,2043,0.20653694,0.16760266999999998,0.12281442000000001,0.17608528,MISC,AEO2026 Counterfactual Baseline case
p106,2044,0.21299831000000002,0.17264672999999997,0.12723256,0.18079378,MISC,AEO2026 Counterfactual Baseline case
p106,2045,0.21834220999999998,0.1775561,0.13015549,0.18611322000000002,MISC,AEO2026 Counterfactual Baseline case
p106,2046,0.22216145,0.18065332,0.13247466,0.18904669,MISC,AEO2026 Counterfactual Baseline case
p106,2047,0.22665579000000002,0.18449768,0.13524440000000001,0.19280208999999998,MISC,AEO2026 Counterfactual Baseline case
p106,2048,0.23106348000000002,0.18835052000000002,0.13789138,0.19657795,MISC,AEO2026 Counterfactual Baseline case
p106,2049,0.23575932000000002,0.19221336,0.14053955,0.20030344,MISC,AEO2026 Counterfactual Baseline case
p106,2050,0.23974277,0.19547054,0.14251913,0.20349485,MISC,AEO2026 Counterfactual Baseline case
p107,2014,0.15199648,0.12028807999999999,0.08832773,0.12682292,MISC,AEO2026 Counterfactual Baseline case
p107,2015,0.15199648,0.12028807999999999,0.08832773,0.12682292,MISC,AEO2026 Counterfactual Baseline case
p107,2016,0.15199648,0.12028807999999999,0.08832773,0.12682292,MISC,AEO2026 Counterfactual Baseline case
p107,2017,0.15199648,0.12028807999999999,0.08832773,0.12682292,MISC,AEO2026 Counterfactual Baseline case
p107,2018,0.15199648,0.12028807999999999,0.08832773,0.12682292,MISC,AEO2026 Counterfactual Baseline case
p107,2019,0.15199648,0.12028807999999999,0.08832773,0.12682292,MISC,AEO2026 Counterfactual Baseline case
p107,2020,0.15199648,0.12028807999999999,0.08832773,0.12682292,MISC,AEO2026 Counterfactual Baseline case
p107,2021,0.15199648,0.12028807999999999,0.08832773,0.12682292,MISC,AEO2026 Counterfactual Baseline case
p107,2022,0.15199648,0.12028807999999999,0.08832773,0.12682292,MISC,AEO2026 Counterfactual Baseline case
p107,2023,0.15199648,0.12028807999999999,0.08832773,0.12682292,MISC,AEO2026 Counterfactual Baseline case
p107,2024,0.15199648,0.12028807999999999,0.08832773,0.12682292,MISC,AEO2026 Counterfactual Baseline case
p107,2025,0.15199648,0.12028807999999999,0.08832773,0.12682292,MISC,AEO2026 Counterfactual Baseline case
p107,2026,0.15550863,0.12191993,0.09023328,0.12946543,MISC,AEO2026 Counterfactual Baseline case
p107,2027,0.15408827,0.12147972,0.08832103,0.12845634,MISC,AEO2026 Counterfactual Baseline case
p107,2028,0.15217702,0.1199665,0.08701409,0.12630376999999998,MISC,AEO2026 Counterfactual Baseline case
p107,2029,0.15568438,0.12338698000000001,0.08946942999999999,0.12948156,MISC,AEO2026 Counterfactual Baseline case
p107,2030,0.16091501,0.12834569,0.09325098000000001,0.13439336000000002,MISC,AEO2026 Counterfactual Baseline case
p107,2031,0.16882466999999998,0.13643148,0.09890393,0.14213247,MISC,AEO2026 Counterfactual Baseline case
p107,2032,0.17180445,0.13822071,0.10085018,0.14447202,MISC,AEO2026 Counterfactual Baseline case
p107,2033,0.17744011,0.14344363,0.10445861000000001,0.15073337,MISC,AEO2026 Counterfactual Baseline case
p107,2034,0.17797537,0.14384823000000002,0.10443152,0.1514712,MISC,AEO2026 Counterfactual Baseline case
p107,2035,0.17852074,0.14414517,0.10473501,0.15190536,MISC,AEO2026 Counterfactual Baseline case
p107,2036,0.18079187000000002,0.14572198,0.10621710000000001,0.15359937,MISC,AEO2026 Counterfactual Baseline case
p107,2037,0.18414155999999998,0.14870481,0.10863448999999999,0.15662104,MISC,AEO2026 Counterfactual Baseline case
p107,2038,0.18951334,0.15428971,0.11275793,0.16166332,MISC,AEO2026 Counterfactual Baseline case
p107,2039,0.19211034999999999,0.15549506,0.11437901,0.1633392,MISC,AEO2026 Counterfactual Baseline case
p107,2040,0.19659056,0.15938504,0.11711864,0.16753651000000003,MISC,AEO2026 Counterfactual Baseline case
p107,2041,0.19980499,0.16207581999999998,0.11896941999999999,0.17034832000000003,MISC,AEO2026 Counterfactual Baseline case
p107,2042,0.20331942000000003,0.16494877,0.12115076,0.17319510000000002,MISC,AEO2026 Counterfactual Baseline case
p107,2043,0.20653694,0.16760266999999998,0.12281442000000001,0.17608528,MISC,AEO2026 Counterfactual Baseline case
p107,2044,0.21299831000000002,0.17264672999999997,0.12723256,0.18079378,MISC,AEO2026 Counterfactual Baseline case
p107,2045,0.21834220999999998,0.1775561,0.13015549,0.18611322000000002,MISC,AEO2026 Counterfactual Baseline case
p107,2046,0.22216145,0.18065332,0.13247466,0.18904669,MISC,AEO2026 Counterfactual Baseline case
p107,2047,0.22665579000000002,0.18449768,0.13524440000000001,0.19280208999999998,MISC,AEO2026 Counterfactual Baseline case
p107,2048,0.23106348000000002,0.18835052000000002,0.13789138,0.19657795,MISC,AEO2026 Counterfactual Baseline case
p107,2049,0.23575932000000002,0.19221336,0.14053955,0.20030344,MISC,AEO2026 Counterfactual Baseline case
p107,2050,0.23974277,0.19547054,0.14251913,0.20349485,MISC,AEO2026 Counterfactual Baseline case
p108,2014,0.12788513999999998,0.11900304,0.059355960000000006,0.10595624000000001,SRCE,AEO2026 Counterfactual Baseline case
p108,2015,0.12788513999999998,0.11900304,0.059355960000000006,0.10595624000000001,SRCE,AEO2026 Counterfactual Baseline case
p108,2016,0.12788513999999998,0.11900304,0.059355960000000006,0.10595624000000001,SRCE,AEO2026 Counterfactual Baseline case
p108,2017,0.12788513999999998,0.11900304,0.059355960000000006,0.10595624000000001,SRCE,AEO2026 Counterfactual Baseline case
p108,2018,0.12788513999999998,0.11900304,0.059355960000000006,0.10595624000000001,SRCE,AEO2026 Counterfactual Baseline case
p108,2019,0.12788513999999998,0.11900304,0.059355960000000006,0.10595624000000001,SRCE,AEO2026 Counterfactual Baseline case
p108,2020,0.12788513999999998,0.11900304,0.059355960000000006,0.10595624000000001,SRCE,AEO2026 Counterfactual Baseline case
p108,2021,0.12788513999999998,0.11900304,0.059355960000000006,0.10595624000000001,SRCE,AEO2026 Counterfactual Baseline case
p108,2022,0.12788513999999998,0.11900304,0.059355960000000006,0.10595624000000001,SRCE,AEO2026 Counterfactual Baseline case
p108,2023,0.12788513999999998,0.11900304,0.059355960000000006,0.10595624000000001,SRCE,AEO2026 Counterfactual Baseline case
p108,2024,0.12788513999999998,0.11900304,0.059355960000000006,0.10595624000000001,SRCE,AEO2026 Counterfactual Baseline case
p108,2025,0.12788513999999998,0.11900304,0.059355960000000006,0.10595624000000001,SRCE,AEO2026 Counterfactual Baseline case
p108,2026,0.12941595,0.12284148,0.06232361,0.10943262000000001,SRCE,AEO2026 Counterfactual Baseline case
p108,2027,0.11994882999999999,0.10937367999999999,0.05361659999999999,0.09859727,SRCE,AEO2026 Counterfactual Baseline case
p108,2028,0.11965963,0.10935544,0.0535109,0.098463,SRCE,AEO2026 Counterfactual Baseline case
p108,2029,0.12309835,0.11336398,0.05574735,0.10194991,SRCE,AEO2026 Counterfactual Baseline case
p108,2030,0.128539,0.11941233999999999,0.059371900000000005,0.10736438,SRCE,AEO2026 Counterfactual Baseline case
p108,2031,0.13349869,0.12478563,0.06261734,0.11234221,SRCE,AEO2026 Counterfactual Baseline case
p108,2032,0.14083741,0.1326064,0.06761044,0.1193546,SRCE,AEO2026 Counterfactual Baseline case
p108,2033,0.14315082,0.13461735,0.06880505,0.12180815,SRCE,AEO2026 Counterfactual Baseline case
p108,2034,0.1444802,0.13567824,0.06960046,0.12321188,SRCE,AEO2026 Counterfactual Baseline case
p108,2035,0.14597674,0.13704097,0.07054451,0.12480788999999999,SRCE,AEO2026 Counterfactual Baseline case
p108,2036,0.14758842,0.13860843,0.07178213,0.12635334,SRCE,AEO2026 Counterfactual Baseline case
p108,2037,0.1501744,0.14131379,0.07364415,0.12901254,SRCE,AEO2026 Counterfactual Baseline case
p108,2038,0.15340475,0.14486853,0.07581782,0.13246122,SRCE,AEO2026 Counterfactual Baseline case
p108,2039,0.16082884,0.15351389,0.08153378,0.13981078,SRCE,AEO2026 Counterfactual Baseline case
p108,2040,0.16428188,0.15713744,0.08359707999999999,0.1434589,SRCE,AEO2026 Counterfactual Baseline case
p108,2041,0.16758196000000003,0.16072155,0.0858497,0.14678280000000002,SRCE,AEO2026 Counterfactual Baseline case
p108,2042,0.16987291,0.16317863,0.08725126,0.14913917,SRCE,AEO2026 Counterfactual Baseline case
p108,2043,0.17289781999999998,0.16641602,0.08898615,0.15223646999999998,SRCE,AEO2026 Counterfactual Baseline case
p108,2044,0.17602715,0.16978697,0.09081215999999999,0.155426,SRCE,AEO2026 Counterfactual Baseline case
p108,2045,0.17961046,0.17356979,0.09326532,0.15851838000000001,SRCE,AEO2026 Counterfactual Baseline case
p108,2046,0.18362013000000002,0.17786276,0.09559100000000001,0.16254881000000002,SRCE,AEO2026 Counterfactual Baseline case
p108,2047,0.18724586,0.18139288,0.09758409,0.16561737,SRCE,AEO2026 Counterfactual Baseline case
p108,2048,0.19200954,0.18561987,0.09987961000000001,0.16929566999999998,SRCE,AEO2026 Counterfactual Baseline case
p108,2049,0.19713665,0.19022552,0.10234104999999999,0.17330137,SRCE,AEO2026 Counterfactual Baseline case
p108,2050,0.20171852,0.1941094,0.10430133,0.17674623,SRCE,AEO2026 Counterfactual Baseline case
p109,2014,0.12788513999999998,0.11900304,0.059355960000000006,0.10595624000000001,SRCE,AEO2026 Counterfactual Baseline case
p109,2015,0.12788513999999998,0.11900304,0.059355960000000006,0.10595624000000001,SRCE,AEO2026 Counterfactual Baseline case
p109,2016,0.12788513999999998,0.11900304,0.059355960000000006,0.10595624000000001,SRCE,AEO2026 Counterfactual Baseline case
p109,2017,0.12788513999999998,0.11900304,0.059355960000000006,0.10595624000000001,SRCE,AEO2026 Counterfactual Baseline case
p109,2018,0.12788513999999998,0.11900304,0.059355960000000006,0.10595624000000001,SRCE,AEO2026 Counterfactual Baseline case
p109,2019,0.12788513999999998,0.11900304,0.059355960000000006,0.10595624000000001,SRCE,AEO2026 Counterfactual Baseline case
p109,2020,0.12788513999999998,0.11900304,0.059355960000000006,0.10595624000000001,SRCE,AEO2026 Counterfactual Baseline case
p109,2021,0.12788513999999998,0.11900304,0.059355960000000006,0.10595624000000001,SRCE,AEO2026 Counterfactual Baseline case
p109,2022,0.12788513999999998,0.11900304,0.059355960000000006,0.10595624000000001,SRCE,AEO2026 Counterfactual Baseline case
p109,2023,0.12788513999999998,0.11900304,0.059355960000000006,0.10595624000000001,SRCE,AEO2026 Counterfactual Baseline case
p109,2024,0.12788513999999998,0.11900304,0.059355960000000006,0.10595624000000001,SRCE,AEO2026 Counterfactual Baseline case
p109,2025,0.12788513999999998,0.11900304,0.059355960000000006,0.10595624000000001,SRCE,AEO2026 Counterfactual Baseline case
p109,2026,0.12941595,0.12284148,0.06232361,0.10943262000000001,SRCE,AEO2026 Counterfactual Baseline case
p109,2027,0.11994882999999999,0.10937367999999999,0.05361659999999999,0.09859727,SRCE,AEO2026 Counterfactual Baseline case
p109,2028,0.11965963,0.10935544,0.0535109,0.098463,SRCE,AEO2026 Counterfactual Baseline case
p109,2029,0.12309835,0.11336398,0.05574735,0.10194991,SRCE,AEO2026 Counterfactual Baseline case
p109,2030,0.128539,0.11941233999999999,0.059371900000000005,0.10736438,SRCE,AEO2026 Counterfactual Baseline case
p109,2031,0.13349869,0.12478563,0.06261734,0.11234221,SRCE,AEO2026 Counterfactual Baseline case
p109,2032,0.14083741,0.1326064,0.06761044,0.1193546,SRCE,AEO2026 Counterfactual Baseline case
p109,2033,0.14315082,0.13461735,0.06880505,0.12180815,SRCE,AEO2026 Counterfactual Baseline case
p109,2034,0.1444802,0.13567824,0.06960046,0.12321188,SRCE,AEO2026 Counterfactual Baseline case
p109,2035,0.14597674,0.13704097,0.07054451,0.12480788999999999,SRCE,AEO2026 Counterfactual Baseline case
p109,2036,0.14758842,0.13860843,0.07178213,0.12635334,SRCE,AEO2026 Counterfactual Baseline case
p109,2037,0.1501744,0.14131379,0.07364415,0.12901254,SRCE,AEO2026 Counterfactual Baseline case
p109,2038,0.15340475,0.14486853,0.07581782,0.13246122,SRCE,AEO2026 Counterfactual Baseline case
p109,2039,0.16082884,0.15351389,0.08153378,0.13981078,SRCE,AEO2026 Counterfactual Baseline case
p109,2040,0.16428188,0.15713744,0.08359707999999999,0.1434589,SRCE,AEO2026 Counterfactual Baseline case
p109,2041,0.16758196000000003,0.16072155,0.0858497,0.14678280000000002,SRCE,AEO2026 Counterfactual Baseline case
p109,2042,0.16987291,0.16317863,0.08725126,0.14913917,SRCE,AEO2026 Counterfactual Baseline case
p109,2043,0.17289781999999998,0.16641602,0.08898615,0.15223646999999998,SRCE,AEO2026 Counterfactual Baseline case
p109,2044,0.17602715,0.16978697,0.09081215999999999,0.155426,SRCE,AEO2026 Counterfactual Baseline case
p109,2045,0.17961046,0.17356979,0.09326532,0.15851838000000001,SRCE,AEO2026 Counterfactual Baseline case
p109,2046,0.18362013000000002,0.17786276,0.09559100000000001,0.16254881000000002,SRCE,AEO2026 Counterfactual Baseline case
p109,2047,0.18724586,0.18139288,0.09758409,0.16561737,SRCE,AEO2026 Counterfactual Baseline case
p109,2048,0.19200954,0.18561987,0.09987961000000001,0.16929566999999998,SRCE,AEO2026 Counterfactual Baseline case
p109,2049,0.19713665,0.19022552,0.10234104999999999,0.17330137,SRCE,AEO2026 Counterfactual Baseline case
p109,2050,0.20171852,0.1941094,0.10430133,0.17674623,SRCE,AEO2026 Counterfactual Baseline case
p110,2014,0.15654942,0.13126221,0.10237614,0.13126773,PJMW,AEO2026 Counterfactual Baseline case
p110,2015,0.15654942,0.13126221,0.10237614,0.13126773,PJMW,AEO2026 Counterfactual Baseline case
p110,2016,0.15654942,0.13126221,0.10237614,0.13126773,PJMW,AEO2026 Counterfactual Baseline case
p110,2017,0.15654942,0.13126221,0.10237614,0.13126773,PJMW,AEO2026 Counterfactual Baseline case
p110,2018,0.15654942,0.13126221,0.10237614,0.13126773,PJMW,AEO2026 Counterfactual Baseline case
p110,2019,0.15654942,0.13126221,0.10237614,0.13126773,PJMW,AEO2026 Counterfactual Baseline case
p110,2020,0.15654942,0.13126221,0.10237614,0.13126773,PJMW,AEO2026 Counterfactual Baseline case
p110,2021,0.15654942,0.13126221,0.10237614,0.13126773,PJMW,AEO2026 Counterfactual Baseline case
p110,2022,0.15654942,0.13126221,0.10237614,0.13126773,PJMW,AEO2026 Counterfactual Baseline case
p110,2023,0.15654942,0.13126221,0.10237614,0.13126773,PJMW,AEO2026 Counterfactual Baseline case
p110,2024,0.15654942,0.13126221,0.10237614,0.13126773,PJMW,AEO2026 Counterfactual Baseline case
p110,2025,0.15654942,0.13126221,0.10237614,0.13126773,PJMW,AEO2026 Counterfactual Baseline case
p110,2026,0.16099028,0.13358855,0.10440716,0.13433977,PJMW,AEO2026 Counterfactual Baseline case
p110,2027,0.16052256,0.13427159,0.10287322,0.13393511,PJMW,AEO2026 Counterfactual Baseline case
p110,2028,0.15594636,0.12995057,0.09910171999999999,0.12916888999999998,PJMW,AEO2026 Counterfactual Baseline case
p110,2029,0.16028419,0.1342881,0.1023424,0.13310936,PJMW,AEO2026 Counterfactual Baseline case
p110,2030,0.16504788999999997,0.13859052,0.10598391,0.13759011,PJMW,AEO2026 Counterfactual Baseline case
p110,2031,0.17805721,0.15275807,0.11559601000000001,0.14943488,PJMW,AEO2026 Counterfactual Baseline case
p110,2032,0.17540610999999998,0.14835616999999998,0.11359345,0.14756701,PJMW,AEO2026 Counterfactual Baseline case
p110,2033,0.18013559,0.15247491,0.11678457999999999,0.15214722,PJMW,AEO2026 Counterfactual Baseline case
p110,2034,0.1804278,0.15216933,0.11609107,0.15214438,PJMW,AEO2026 Counterfactual Baseline case
p110,2035,0.18135508,0.15273923,0.11625199,0.15285311000000001,PJMW,AEO2026 Counterfactual Baseline case
p110,2036,0.18381756,0.15466802,0.11773973,0.15493362,PJMW,AEO2026 Counterfactual Baseline case
p110,2037,0.19128954,0.16164839,0.12321123,0.16044102,PJMW,AEO2026 Counterfactual Baseline case
p110,2038,0.20174486000000003,0.17227084999999998,0.13085834999999998,0.16934156,PJMW,AEO2026 Counterfactual Baseline case
p110,2039,0.20168537,0.17074877,0.13013739,0.169238,PJMW,AEO2026 Counterfactual Baseline case
p110,2040,0.20542494,0.17352175,0.13199097,0.17213539,PJMW,AEO2026 Counterfactual Baseline case
p110,2041,0.20967535,0.17675295,0.13416796,0.17653017,PJMW,AEO2026 Counterfactual Baseline case
p110,2042,0.21461489,0.18078244999999998,0.13718474,0.18054701,PJMW,AEO2026 Counterfactual Baseline case
p110,2043,0.22039352,0.18535868,0.14067577,0.18509768000000001,PJMW,AEO2026 Counterfactual Baseline case
p110,2044,0.22869427,0.19192329,0.14575791999999999,0.19158514000000001,PJMW,AEO2026 Counterfactual Baseline case
p110,2045,0.23566331999999998,0.19762362,0.14934864,0.19739117,PJMW,AEO2026 Counterfactual Baseline case
p110,2046,0.23952870999999998,0.20089556000000003,0.1512209,0.20052275000000003,PJMW,AEO2026 Counterfactual Baseline case
p110,2047,0.24414251,0.20465338,0.15402647,0.20385256,PJMW,AEO2026 Counterfactual Baseline case
p110,2048,0.24929039,0.20877768,0.15681846,0.20776388,PJMW,AEO2026 Counterfactual Baseline case
p110,2049,0.25493832,0.21340309000000002,0.15995285,0.21210655,PJMW,AEO2026 Counterfactual Baseline case
p110,2050,0.2594916,0.21698284,0.16209880999999998,0.21545275,PJMW,AEO2026 Counterfactual Baseline case
p111,2014,0.15654942,0.13126221,0.10237614,0.13126773,PJMW,AEO2026 Counterfactual Baseline case
p111,2015,0.15654942,0.13126221,0.10237614,0.13126773,PJMW,AEO2026 Counterfactual Baseline case
p111,2016,0.15654942,0.13126221,0.10237614,0.13126773,PJMW,AEO2026 Counterfactual Baseline case
p111,2017,0.15654942,0.13126221,0.10237614,0.13126773,PJMW,AEO2026 Counterfactual Baseline case
p111,2018,0.15654942,0.13126221,0.10237614,0.13126773,PJMW,AEO2026 Counterfactual Baseline case
p111,2019,0.15654942,0.13126221,0.10237614,0.13126773,PJMW,AEO2026 Counterfactual Baseline case
p111,2020,0.15654942,0.13126221,0.10237614,0.13126773,PJMW,AEO2026 Counterfactual Baseline case
p111,2021,0.15654942,0.13126221,0.10237614,0.13126773,PJMW,AEO2026 Counterfactual Baseline case
p111,2022,0.15654942,0.13126221,0.10237614,0.13126773,PJMW,AEO2026 Counterfactual Baseline case
p111,2023,0.15654942,0.13126221,0.10237614,0.13126773,PJMW,AEO2026 Counterfactual Baseline case
p111,2024,0.15654942,0.13126221,0.10237614,0.13126773,PJMW,AEO2026 Counterfactual Baseline case
p111,2025,0.15654942,0.13126221,0.10237614,0.13126773,PJMW,AEO2026 Counterfactual Baseline case
p111,2026,0.16099028,0.13358855,0.10440716,0.13433977,PJMW,AEO2026 Counterfactual Baseline case
p111,2027,0.16052256,0.13427159,0.10287322,0.13393511,PJMW,AEO2026 Counterfactual Baseline case
p111,2028,0.15594636,0.12995057,0.09910171999999999,0.12916888999999998,PJMW,AEO2026 Counterfactual Baseline case
p111,2029,0.16028419,0.1342881,0.1023424,0.13310936,PJMW,AEO2026 Counterfactual Baseline case
p111,2030,0.16504788999999997,0.13859052,0.10598391,0.13759011,PJMW,AEO2026 Counterfactual Baseline case
p111,2031,0.17805721,0.15275807,0.11559601000000001,0.14943488,PJMW,AEO2026 Counterfactual Baseline case
p111,2032,0.17540610999999998,0.14835616999999998,0.11359345,0.14756701,PJMW,AEO2026 Counterfactual Baseline case
p111,2033,0.18013559,0.15247491,0.11678457999999999,0.15214722,PJMW,AEO2026 Counterfactual Baseline case
p111,2034,0.1804278,0.15216933,0.11609107,0.15214438,PJMW,AEO2026 Counterfactual Baseline case
p111,2035,0.18135508,0.15273923,0.11625199,0.15285311000000001,PJMW,AEO2026 Counterfactual Baseline case
p111,2036,0.18381756,0.15466802,0.11773973,0.15493362,PJMW,AEO2026 Counterfactual Baseline case
p111,2037,0.19128954,0.16164839,0.12321123,0.16044102,PJMW,AEO2026 Counterfactual Baseline case
p111,2038,0.20174486000000003,0.17227084999999998,0.13085834999999998,0.16934156,PJMW,AEO2026 Counterfactual Baseline case
p111,2039,0.20168537,0.17074877,0.13013739,0.169238,PJMW,AEO2026 Counterfactual Baseline case
p111,2040,0.20542494,0.17352175,0.13199097,0.17213539,PJMW,AEO2026 Counterfactual Baseline case
p111,2041,0.20967535,0.17675295,0.13416796,0.17653017,PJMW,AEO2026 Counterfactual Baseline case
p111,2042,0.21461489,0.18078244999999998,0.13718474,0.18054701,PJMW,AEO2026 Counterfactual Baseline case
p111,2043,0.22039352,0.18535868,0.14067577,0.18509768000000001,PJMW,AEO2026 Counterfactual Baseline case
p111,2044,0.22869427,0.19192329,0.14575791999999999,0.19158514000000001,PJMW,AEO2026 Counterfactual Baseline case
p111,2045,0.23566331999999998,0.19762362,0.14934864,0.19739117,PJMW,AEO2026 Counterfactual Baseline case
p111,2046,0.23952870999999998,0.20089556000000003,0.1512209,0.20052275000000003,PJMW,AEO2026 Counterfactual Baseline case
p111,2047,0.24414251,0.20465338,0.15402647,0.20385256,PJMW,AEO2026 Counterfactual Baseline case
p111,2048,0.24929039,0.20877768,0.15681846,0.20776388,PJMW,AEO2026 Counterfactual Baseline case
p111,2049,0.25493832,0.21340309000000002,0.15995285,0.21210655,PJMW,AEO2026 Counterfactual Baseline case
p111,2050,0.2594916,0.21698284,0.16209880999999998,0.21545275,PJMW,AEO2026 Counterfactual Baseline case
p112,2014,0.15654942,0.13126221,0.10237614,0.13126773,PJMW,AEO2026 Counterfactual Baseline case
p112,2015,0.15654942,0.13126221,0.10237614,0.13126773,PJMW,AEO2026 Counterfactual Baseline case
p112,2016,0.15654942,0.13126221,0.10237614,0.13126773,PJMW,AEO2026 Counterfactual Baseline case
p112,2017,0.15654942,0.13126221,0.10237614,0.13126773,PJMW,AEO2026 Counterfactual Baseline case
p112,2018,0.15654942,0.13126221,0.10237614,0.13126773,PJMW,AEO2026 Counterfactual Baseline case
p112,2019,0.15654942,0.13126221,0.10237614,0.13126773,PJMW,AEO2026 Counterfactual Baseline case
p112,2020,0.15654942,0.13126221,0.10237614,0.13126773,PJMW,AEO2026 Counterfactual Baseline case
p112,2021,0.15654942,0.13126221,0.10237614,0.13126773,PJMW,AEO2026 Counterfactual Baseline case
p112,2022,0.15654942,0.13126221,0.10237614,0.13126773,PJMW,AEO2026 Counterfactual Baseline case
p112,2023,0.15654942,0.13126221,0.10237614,0.13126773,PJMW,AEO2026 Counterfactual Baseline case
p112,2024,0.15654942,0.13126221,0.10237614,0.13126773,PJMW,AEO2026 Counterfactual Baseline case
p112,2025,0.15654942,0.13126221,0.10237614,0.13126773,PJMW,AEO2026 Counterfactual Baseline case
p112,2026,0.16099028,0.13358855,0.10440716,0.13433977,PJMW,AEO2026 Counterfactual Baseline case
p112,2027,0.16052256,0.13427159,0.10287322,0.13393511,PJMW,AEO2026 Counterfactual Baseline case
p112,2028,0.15594636,0.12995057,0.09910171999999999,0.12916888999999998,PJMW,AEO2026 Counterfactual Baseline case
p112,2029,0.16028419,0.1342881,0.1023424,0.13310936,PJMW,AEO2026 Counterfactual Baseline case
p112,2030,0.16504788999999997,0.13859052,0.10598391,0.13759011,PJMW,AEO2026 Counterfactual Baseline case
p112,2031,0.17805721,0.15275807,0.11559601000000001,0.14943488,PJMW,AEO2026 Counterfactual Baseline case
p112,2032,0.17540610999999998,0.14835616999999998,0.11359345,0.14756701,PJMW,AEO2026 Counterfactual Baseline case
p112,2033,0.18013559,0.15247491,0.11678457999999999,0.15214722,PJMW,AEO2026 Counterfactual Baseline case
p112,2034,0.1804278,0.15216933,0.11609107,0.15214438,PJMW,AEO2026 Counterfactual Baseline case
p112,2035,0.18135508,0.15273923,0.11625199,0.15285311000000001,PJMW,AEO2026 Counterfactual Baseline case
p112,2036,0.18381756,0.15466802,0.11773973,0.15493362,PJMW,AEO2026 Counterfactual Baseline case
p112,2037,0.19128954,0.16164839,0.12321123,0.16044102,PJMW,AEO2026 Counterfactual Baseline case
p112,2038,0.20174486000000003,0.17227084999999998,0.13085834999999998,0.16934156,PJMW,AEO2026 Counterfactual Baseline case
p112,2039,0.20168537,0.17074877,0.13013739,0.169238,PJMW,AEO2026 Counterfactual Baseline case
p112,2040,0.20542494,0.17352175,0.13199097,0.17213539,PJMW,AEO2026 Counterfactual Baseline case
p112,2041,0.20967535,0.17675295,0.13416796,0.17653017,PJMW,AEO2026 Counterfactual Baseline case
p112,2042,0.21461489,0.18078244999999998,0.13718474,0.18054701,PJMW,AEO2026 Counterfactual Baseline case
p112,2043,0.22039352,0.18535868,0.14067577,0.18509768000000001,PJMW,AEO2026 Counterfactual Baseline case
p112,2044,0.22869427,0.19192329,0.14575791999999999,0.19158514000000001,PJMW,AEO2026 Counterfactual Baseline case
p112,2045,0.23566331999999998,0.19762362,0.14934864,0.19739117,PJMW,AEO2026 Counterfactual Baseline case
p112,2046,0.23952870999999998,0.20089556000000003,0.1512209,0.20052275000000003,PJMW,AEO2026 Counterfactual Baseline case
p112,2047,0.24414251,0.20465338,0.15402647,0.20385256,PJMW,AEO2026 Counterfactual Baseline case
p112,2048,0.24929039,0.20877768,0.15681846,0.20776388,PJMW,AEO2026 Counterfactual Baseline case
p112,2049,0.25493832,0.21340309000000002,0.15995285,0.21210655,PJMW,AEO2026 Counterfactual Baseline case
p112,2050,0.2594916,0.21698284,0.16209880999999998,0.21545275,PJMW,AEO2026 Counterfactual Baseline case
p113,2014,0.15654942,0.13126221,0.10237614,0.13126773,PJMW,AEO2026 Counterfactual Baseline case
p113,2015,0.15654942,0.13126221,0.10237614,0.13126773,PJMW,AEO2026 Counterfactual Baseline case
p113,2016,0.15654942,0.13126221,0.10237614,0.13126773,PJMW,AEO2026 Counterfactual Baseline case
p113,2017,0.15654942,0.13126221,0.10237614,0.13126773,PJMW,AEO2026 Counterfactual Baseline case
p113,2018,0.15654942,0.13126221,0.10237614,0.13126773,PJMW,AEO2026 Counterfactual Baseline case
p113,2019,0.15654942,0.13126221,0.10237614,0.13126773,PJMW,AEO2026 Counterfactual Baseline case
p113,2020,0.15654942,0.13126221,0.10237614,0.13126773,PJMW,AEO2026 Counterfactual Baseline case
p113,2021,0.15654942,0.13126221,0.10237614,0.13126773,PJMW,AEO2026 Counterfactual Baseline case
p113,2022,0.15654942,0.13126221,0.10237614,0.13126773,PJMW,AEO2026 Counterfactual Baseline case
p113,2023,0.15654942,0.13126221,0.10237614,0.13126773,PJMW,AEO2026 Counterfactual Baseline case
p113,2024,0.15654942,0.13126221,0.10237614,0.13126773,PJMW,AEO2026 Counterfactual Baseline case
p113,2025,0.15654942,0.13126221,0.10237614,0.13126773,PJMW,AEO2026 Counterfactual Baseline case
p113,2026,0.16099028,0.13358855,0.10440716,0.13433977,PJMW,AEO2026 Counterfactual Baseline case
p113,2027,0.16052256,0.13427159,0.10287322,0.13393511,PJMW,AEO2026 Counterfactual Baseline case
p113,2028,0.15594636,0.12995057,0.09910171999999999,0.12916888999999998,PJMW,AEO2026 Counterfactual Baseline case
p113,2029,0.16028419,0.1342881,0.1023424,0.13310936,PJMW,AEO2026 Counterfactual Baseline case
p113,2030,0.16504788999999997,0.13859052,0.10598391,0.13759011,PJMW,AEO2026 Counterfactual Baseline case
p113,2031,0.17805721,0.15275807,0.11559601000000001,0.14943488,PJMW,AEO2026 Counterfactual Baseline case
p113,2032,0.17540610999999998,0.14835616999999998,0.11359345,0.14756701,PJMW,AEO2026 Counterfactual Baseline case
p113,2033,0.18013559,0.15247491,0.11678457999999999,0.15214722,PJMW,AEO2026 Counterfactual Baseline case
p113,2034,0.1804278,0.15216933,0.11609107,0.15214438,PJMW,AEO2026 Counterfactual Baseline case
p113,2035,0.18135508,0.15273923,0.11625199,0.15285311000000001,PJMW,AEO2026 Counterfactual Baseline case
p113,2036,0.18381756,0.15466802,0.11773973,0.15493362,PJMW,AEO2026 Counterfactual Baseline case
p113,2037,0.19128954,0.16164839,0.12321123,0.16044102,PJMW,AEO2026 Counterfactual Baseline case
p113,2038,0.20174486000000003,0.17227084999999998,0.13085834999999998,0.16934156,PJMW,AEO2026 Counterfactual Baseline case
p113,2039,0.20168537,0.17074877,0.13013739,0.169238,PJMW,AEO2026 Counterfactual Baseline case
p113,2040,0.20542494,0.17352175,0.13199097,0.17213539,PJMW,AEO2026 Counterfactual Baseline case
p113,2041,0.20967535,0.17675295,0.13416796,0.17653017,PJMW,AEO2026 Counterfactual Baseline case
p113,2042,0.21461489,0.18078244999999998,0.13718474,0.18054701,PJMW,AEO2026 Counterfactual Baseline case
p113,2043,0.22039352,0.18535868,0.14067577,0.18509768000000001,PJMW,AEO2026 Counterfactual Baseline case
p113,2044,0.22869427,0.19192329,0.14575791999999999,0.19158514000000001,PJMW,AEO2026 Counterfactual Baseline case
p113,2045,0.23566331999999998,0.19762362,0.14934864,0.19739117,PJMW,AEO2026 Counterfactual Baseline case
p113,2046,0.23952870999999998,0.20089556000000003,0.1512209,0.20052275000000003,PJMW,AEO2026 Counterfactual Baseline case
p113,2047,0.24414251,0.20465338,0.15402647,0.20385256,PJMW,AEO2026 Counterfactual Baseline case
p113,2048,0.24929039,0.20877768,0.15681846,0.20776388,PJMW,AEO2026 Counterfactual Baseline case
p113,2049,0.25493832,0.21340309000000002,0.15995285,0.21210655,PJMW,AEO2026 Counterfactual Baseline case
p113,2050,0.2594916,0.21698284,0.16209880999999998,0.21545275,PJMW,AEO2026 Counterfactual Baseline case
p114,2014,0.15654942,0.13126221,0.10237614,0.13126773,PJMW,AEO2026 Counterfactual Baseline case
p114,2015,0.15654942,0.13126221,0.10237614,0.13126773,PJMW,AEO2026 Counterfactual Baseline case
p114,2016,0.15654942,0.13126221,0.10237614,0.13126773,PJMW,AEO2026 Counterfactual Baseline case
p114,2017,0.15654942,0.13126221,0.10237614,0.13126773,PJMW,AEO2026 Counterfactual Baseline case
p114,2018,0.15654942,0.13126221,0.10237614,0.13126773,PJMW,AEO2026 Counterfactual Baseline case
p114,2019,0.15654942,0.13126221,0.10237614,0.13126773,PJMW,AEO2026 Counterfactual Baseline case
p114,2020,0.15654942,0.13126221,0.10237614,0.13126773,PJMW,AEO2026 Counterfactual Baseline case
p114,2021,0.15654942,0.13126221,0.10237614,0.13126773,PJMW,AEO2026 Counterfactual Baseline case
p114,2022,0.15654942,0.13126221,0.10237614,0.13126773,PJMW,AEO2026 Counterfactual Baseline case
p114,2023,0.15654942,0.13126221,0.10237614,0.13126773,PJMW,AEO2026 Counterfactual Baseline case
p114,2024,0.15654942,0.13126221,0.10237614,0.13126773,PJMW,AEO2026 Counterfactual Baseline case
p114,2025,0.15654942,0.13126221,0.10237614,0.13126773,PJMW,AEO2026 Counterfactual Baseline case
p114,2026,0.16099028,0.13358855,0.10440716,0.13433977,PJMW,AEO2026 Counterfactual Baseline case
p114,2027,0.16052256,0.13427159,0.10287322,0.13393511,PJMW,AEO2026 Counterfactual Baseline case
p114,2028,0.15594636,0.12995057,0.09910171999999999,0.12916888999999998,PJMW,AEO2026 Counterfactual Baseline case
p114,2029,0.16028419,0.1342881,0.1023424,0.13310936,PJMW,AEO2026 Counterfactual Baseline case
p114,2030,0.16504788999999997,0.13859052,0.10598391,0.13759011,PJMW,AEO2026 Counterfactual Baseline case
p114,2031,0.17805721,0.15275807,0.11559601000000001,0.14943488,PJMW,AEO2026 Counterfactual Baseline case
p114,2032,0.17540610999999998,0.14835616999999998,0.11359345,0.14756701,PJMW,AEO2026 Counterfactual Baseline case
p114,2033,0.18013559,0.15247491,0.11678457999999999,0.15214722,PJMW,AEO2026 Counterfactual Baseline case
p114,2034,0.1804278,0.15216933,0.11609107,0.15214438,PJMW,AEO2026 Counterfactual Baseline case
p114,2035,0.18135508,0.15273923,0.11625199,0.15285311000000001,PJMW,AEO2026 Counterfactual Baseline case
p114,2036,0.18381756,0.15466802,0.11773973,0.15493362,PJMW,AEO2026 Counterfactual Baseline case
p114,2037,0.19128954,0.16164839,0.12321123,0.16044102,PJMW,AEO2026 Counterfactual Baseline case
p114,2038,0.20174486000000003,0.17227084999999998,0.13085834999999998,0.16934156,PJMW,AEO2026 Counterfactual Baseline case
p114,2039,0.20168537,0.17074877,0.13013739,0.169238,PJMW,AEO2026 Counterfactual Baseline case
p114,2040,0.20542494,0.17352175,0.13199097,0.17213539,PJMW,AEO2026 Counterfactual Baseline case
p114,2041,0.20967535,0.17675295,0.13416796,0.17653017,PJMW,AEO2026 Counterfactual Baseline case
p114,2042,0.21461489,0.18078244999999998,0.13718474,0.18054701,PJMW,AEO2026 Counterfactual Baseline case
p114,2043,0.22039352,0.18535868,0.14067577,0.18509768000000001,PJMW,AEO2026 Counterfactual Baseline case
p114,2044,0.22869427,0.19192329,0.14575791999999999,0.19158514000000001,PJMW,AEO2026 Counterfactual Baseline case
p114,2045,0.23566331999999998,0.19762362,0.14934864,0.19739117,PJMW,AEO2026 Counterfactual Baseline case
p114,2046,0.23952870999999998,0.20089556000000003,0.1512209,0.20052275000000003,PJMW,AEO2026 Counterfactual Baseline case
p114,2047,0.24414251,0.20465338,0.15402647,0.20385256,PJMW,AEO2026 Counterfactual Baseline case
p114,2048,0.24929039,0.20877768,0.15681846,0.20776388,PJMW,AEO2026 Counterfactual Baseline case
p114,2049,0.25493832,0.21340309000000002,0.15995285,0.21210655,PJMW,AEO2026 Counterfactual Baseline case
p114,2050,0.2594916,0.21698284,0.16209880999999998,0.21545275,PJMW,AEO2026 Counterfactual Baseline case
p115,2014,0.15654942,0.13126221,0.10237614,0.13126773,PJMW,AEO2026 Counterfactual Baseline case
p115,2015,0.15654942,0.13126221,0.10237614,0.13126773,PJMW,AEO2026 Counterfactual Baseline case
p115,2016,0.15654942,0.13126221,0.10237614,0.13126773,PJMW,AEO2026 Counterfactual Baseline case
p115,2017,0.15654942,0.13126221,0.10237614,0.13126773,PJMW,AEO2026 Counterfactual Baseline case
p115,2018,0.15654942,0.13126221,0.10237614,0.13126773,PJMW,AEO2026 Counterfactual Baseline case
p115,2019,0.15654942,0.13126221,0.10237614,0.13126773,PJMW,AEO2026 Counterfactual Baseline case
p115,2020,0.15654942,0.13126221,0.10237614,0.13126773,PJMW,AEO2026 Counterfactual Baseline case
p115,2021,0.15654942,0.13126221,0.10237614,0.13126773,PJMW,AEO2026 Counterfactual Baseline case
p115,2022,0.15654942,0.13126221,0.10237614,0.13126773,PJMW,AEO2026 Counterfactual Baseline case
p115,2023,0.15654942,0.13126221,0.10237614,0.13126773,PJMW,AEO2026 Counterfactual Baseline case
p115,2024,0.15654942,0.13126221,0.10237614,0.13126773,PJMW,AEO2026 Counterfactual Baseline case
p115,2025,0.15654942,0.13126221,0.10237614,0.13126773,PJMW,AEO2026 Counterfactual Baseline case
p115,2026,0.16099028,0.13358855,0.10440716,0.13433977,PJMW,AEO2026 Counterfactual Baseline case
p115,2027,0.16052256,0.13427159,0.10287322,0.13393511,PJMW,AEO2026 Counterfactual Baseline case
p115,2028,0.15594636,0.12995057,0.09910171999999999,0.12916888999999998,PJMW,AEO2026 Counterfactual Baseline case
p115,2029,0.16028419,0.1342881,0.1023424,0.13310936,PJMW,AEO2026 Counterfactual Baseline case
p115,2030,0.16504788999999997,0.13859052,0.10598391,0.13759011,PJMW,AEO2026 Counterfactual Baseline case
p115,2031,0.17805721,0.15275807,0.11559601000000001,0.14943488,PJMW,AEO2026 Counterfactual Baseline case
p115,2032,0.17540610999999998,0.14835616999999998,0.11359345,0.14756701,PJMW,AEO2026 Counterfactual Baseline case
p115,2033,0.18013559,0.15247491,0.11678457999999999,0.15214722,PJMW,AEO2026 Counterfactual Baseline case
p115,2034,0.1804278,0.15216933,0.11609107,0.15214438,PJMW,AEO2026 Counterfactual Baseline case
p115,2035,0.18135508,0.15273923,0.11625199,0.15285311000000001,PJMW,AEO2026 Counterfactual Baseline case
p115,2036,0.18381756,0.15466802,0.11773973,0.15493362,PJMW,AEO2026 Counterfactual Baseline case
p115,2037,0.19128954,0.16164839,0.12321123,0.16044102,PJMW,AEO2026 Counterfactual Baseline case
p115,2038,0.20174486000000003,0.17227084999999998,0.13085834999999998,0.16934156,PJMW,AEO2026 Counterfactual Baseline case
p115,2039,0.20168537,0.17074877,0.13013739,0.169238,PJMW,AEO2026 Counterfactual Baseline case
p115,2040,0.20542494,0.17352175,0.13199097,0.17213539,PJMW,AEO2026 Counterfactual Baseline case
p115,2041,0.20967535,0.17675295,0.13416796,0.17653017,PJMW,AEO2026 Counterfactual Baseline case
p115,2042,0.21461489,0.18078244999999998,0.13718474,0.18054701,PJMW,AEO2026 Counterfactual Baseline case
p115,2043,0.22039352,0.18535868,0.14067577,0.18509768000000001,PJMW,AEO2026 Counterfactual Baseline case
p115,2044,0.22869427,0.19192329,0.14575791999999999,0.19158514000000001,PJMW,AEO2026 Counterfactual Baseline case
p115,2045,0.23566331999999998,0.19762362,0.14934864,0.19739117,PJMW,AEO2026 Counterfactual Baseline case
p115,2046,0.23952870999999998,0.20089556000000003,0.1512209,0.20052275000000003,PJMW,AEO2026 Counterfactual Baseline case
p115,2047,0.24414251,0.20465338,0.15402647,0.20385256,PJMW,AEO2026 Counterfactual Baseline case
p115,2048,0.24929039,0.20877768,0.15681846,0.20776388,PJMW,AEO2026 Counterfactual Baseline case
p115,2049,0.25493832,0.21340309000000002,0.15995285,0.21210655,PJMW,AEO2026 Counterfactual Baseline case
p115,2050,0.2594916,0.21698284,0.16209880999999998,0.21545275,PJMW,AEO2026 Counterfactual Baseline case
p116,2014,0.15654942,0.13126221,0.10237614,0.13126773,PJMW,AEO2026 Counterfactual Baseline case
p116,2015,0.15654942,0.13126221,0.10237614,0.13126773,PJMW,AEO2026 Counterfactual Baseline case
p116,2016,0.15654942,0.13126221,0.10237614,0.13126773,PJMW,AEO2026 Counterfactual Baseline case
p116,2017,0.15654942,0.13126221,0.10237614,0.13126773,PJMW,AEO2026 Counterfactual Baseline case
p116,2018,0.15654942,0.13126221,0.10237614,0.13126773,PJMW,AEO2026 Counterfactual Baseline case
p116,2019,0.15654942,0.13126221,0.10237614,0.13126773,PJMW,AEO2026 Counterfactual Baseline case
p116,2020,0.15654942,0.13126221,0.10237614,0.13126773,PJMW,AEO2026 Counterfactual Baseline case
p116,2021,0.15654942,0.13126221,0.10237614,0.13126773,PJMW,AEO2026 Counterfactual Baseline case
p116,2022,0.15654942,0.13126221,0.10237614,0.13126773,PJMW,AEO2026 Counterfactual Baseline case
p116,2023,0.15654942,0.13126221,0.10237614,0.13126773,PJMW,AEO2026 Counterfactual Baseline case
p116,2024,0.15654942,0.13126221,0.10237614,0.13126773,PJMW,AEO2026 Counterfactual Baseline case
p116,2025,0.15654942,0.13126221,0.10237614,0.13126773,PJMW,AEO2026 Counterfactual Baseline case
p116,2026,0.16099028,0.13358855,0.10440716,0.13433977,PJMW,AEO2026 Counterfactual Baseline case
p116,2027,0.16052256,0.13427159,0.10287322,0.13393511,PJMW,AEO2026 Counterfactual Baseline case
p116,2028,0.15594636,0.12995057,0.09910171999999999,0.12916888999999998,PJMW,AEO2026 Counterfactual Baseline case
p116,2029,0.16028419,0.1342881,0.1023424,0.13310936,PJMW,AEO2026 Counterfactual Baseline case
p116,2030,0.16504788999999997,0.13859052,0.10598391,0.13759011,PJMW,AEO2026 Counterfactual Baseline case
p116,2031,0.17805721,0.15275807,0.11559601000000001,0.14943488,PJMW,AEO2026 Counterfactual Baseline case
p116,2032,0.17540610999999998,0.14835616999999998,0.11359345,0.14756701,PJMW,AEO2026 Counterfactual Baseline case
p116,2033,0.18013559,0.15247491,0.11678457999999999,0.15214722,PJMW,AEO2026 Counterfactual Baseline case
p116,2034,0.1804278,0.15216933,0.11609107,0.15214438,PJMW,AEO2026 Counterfactual Baseline case
p116,2035,0.18135508,0.15273923,0.11625199,0.15285311000000001,PJMW,AEO2026 Counterfactual Baseline case
p116,2036,0.18381756,0.15466802,0.11773973,0.15493362,PJMW,AEO2026 Counterfactual Baseline case
p116,2037,0.19128954,0.16164839,0.12321123,0.16044102,PJMW,AEO2026 Counterfactual Baseline case
p116,2038,0.20174486000000003,0.17227084999999998,0.13085834999999998,0.16934156,PJMW,AEO2026 Counterfactual Baseline case
p116,2039,0.20168537,0.17074877,0.13013739,0.169238,PJMW,AEO2026 Counterfactual Baseline case
p116,2040,0.20542494,0.17352175,0.13199097,0.17213539,PJMW,AEO2026 Counterfactual Baseline case
p116,2041,0.20967535,0.17675295,0.13416796,0.17653017,PJMW,AEO2026 Counterfactual Baseline case
p116,2042,0.21461489,0.18078244999999998,0.13718474,0.18054701,PJMW,AEO2026 Counterfactual Baseline case
p116,2043,0.22039352,0.18535868,0.14067577,0.18509768000000001,PJMW,AEO2026 Counterfactual Baseline case
p116,2044,0.22869427,0.19192329,0.14575791999999999,0.19158514000000001,PJMW,AEO2026 Counterfactual Baseline case
p116,2045,0.23566331999999998,0.19762362,0.14934864,0.19739117,PJMW,AEO2026 Counterfactual Baseline case
p116,2046,0.23952870999999998,0.20089556000000003,0.1512209,0.20052275000000003,PJMW,AEO2026 Counterfactual Baseline case
p116,2047,0.24414251,0.20465338,0.15402647,0.20385256,PJMW,AEO2026 Counterfactual Baseline case
p116,2048,0.24929039,0.20877768,0.15681846,0.20776388,PJMW,AEO2026 Counterfactual Baseline case
p116,2049,0.25493832,0.21340309000000002,0.15995285,0.21210655,PJMW,AEO2026 Counterfactual Baseline case
p116,2050,0.2594916,0.21698284,0.16209880999999998,0.21545275,PJMW,AEO2026 Counterfactual Baseline case
p117,2014,0.15654942,0.13126221,0.10237614,0.13126773,PJMW,AEO2026 Counterfactual Baseline case
p117,2015,0.15654942,0.13126221,0.10237614,0.13126773,PJMW,AEO2026 Counterfactual Baseline case
p117,2016,0.15654942,0.13126221,0.10237614,0.13126773,PJMW,AEO2026 Counterfactual Baseline case
p117,2017,0.15654942,0.13126221,0.10237614,0.13126773,PJMW,AEO2026 Counterfactual Baseline case
p117,2018,0.15654942,0.13126221,0.10237614,0.13126773,PJMW,AEO2026 Counterfactual Baseline case
p117,2019,0.15654942,0.13126221,0.10237614,0.13126773,PJMW,AEO2026 Counterfactual Baseline case
p117,2020,0.15654942,0.13126221,0.10237614,0.13126773,PJMW,AEO2026 Counterfactual Baseline case
p117,2021,0.15654942,0.13126221,0.10237614,0.13126773,PJMW,AEO2026 Counterfactual Baseline case
p117,2022,0.15654942,0.13126221,0.10237614,0.13126773,PJMW,AEO2026 Counterfactual Baseline case
p117,2023,0.15654942,0.13126221,0.10237614,0.13126773,PJMW,AEO2026 Counterfactual Baseline case
p117,2024,0.15654942,0.13126221,0.10237614,0.13126773,PJMW,AEO2026 Counterfactual Baseline case
p117,2025,0.15654942,0.13126221,0.10237614,0.13126773,PJMW,AEO2026 Counterfactual Baseline case
p117,2026,0.16099028,0.13358855,0.10440716,0.13433977,PJMW,AEO2026 Counterfactual Baseline case
p117,2027,0.16052256,0.13427159,0.10287322,0.13393511,PJMW,AEO2026 Counterfactual Baseline case
p117,2028,0.15594636,0.12995057,0.09910171999999999,0.12916888999999998,PJMW,AEO2026 Counterfactual Baseline case
p117,2029,0.16028419,0.1342881,0.1023424,0.13310936,PJMW,AEO2026 Counterfactual Baseline case
p117,2030,0.16504788999999997,0.13859052,0.10598391,0.13759011,PJMW,AEO2026 Counterfactual Baseline case
p117,2031,0.17805721,0.15275807,0.11559601000000001,0.14943488,PJMW,AEO2026 Counterfactual Baseline case
p117,2032,0.17540610999999998,0.14835616999999998,0.11359345,0.14756701,PJMW,AEO2026 Counterfactual Baseline case
p117,2033,0.18013559,0.15247491,0.11678457999999999,0.15214722,PJMW,AEO2026 Counterfactual Baseline case
p117,2034,0.1804278,0.15216933,0.11609107,0.15214438,PJMW,AEO2026 Counterfactual Baseline case
p117,2035,0.18135508,0.15273923,0.11625199,0.15285311000000001,PJMW,AEO2026 Counterfactual Baseline case
p117,2036,0.18381756,0.15466802,0.11773973,0.15493362,PJMW,AEO2026 Counterfactual Baseline case
p117,2037,0.19128954,0.16164839,0.12321123,0.16044102,PJMW,AEO2026 Counterfactual Baseline case
p117,2038,0.20174486000000003,0.17227084999999998,0.13085834999999998,0.16934156,PJMW,AEO2026 Counterfactual Baseline case
p117,2039,0.20168537,0.17074877,0.13013739,0.169238,PJMW,AEO2026 Counterfactual Baseline case
p117,2040,0.20542494,0.17352175,0.13199097,0.17213539,PJMW,AEO2026 Counterfactual Baseline case
p117,2041,0.20967535,0.17675295,0.13416796,0.17653017,PJMW,AEO2026 Counterfactual Baseline case
p117,2042,0.21461489,0.18078244999999998,0.13718474,0.18054701,PJMW,AEO2026 Counterfactual Baseline case
p117,2043,0.22039352,0.18535868,0.14067577,0.18509768000000001,PJMW,AEO2026 Counterfactual Baseline case
p117,2044,0.22869427,0.19192329,0.14575791999999999,0.19158514000000001,PJMW,AEO2026 Counterfactual Baseline case
p117,2045,0.23566331999999998,0.19762362,0.14934864,0.19739117,PJMW,AEO2026 Counterfactual Baseline case
p117,2046,0.23952870999999998,0.20089556000000003,0.1512209,0.20052275000000003,PJMW,AEO2026 Counterfactual Baseline case
p117,2047,0.24414251,0.20465338,0.15402647,0.20385256,PJMW,AEO2026 Counterfactual Baseline case
p117,2048,0.24929039,0.20877768,0.15681846,0.20776388,PJMW,AEO2026 Counterfactual Baseline case
p117,2049,0.25493832,0.21340309000000002,0.15995285,0.21210655,PJMW,AEO2026 Counterfactual Baseline case
p117,2050,0.2594916,0.21698284,0.16209880999999998,0.21545275,PJMW,AEO2026 Counterfactual Baseline case
p118,2014,0.15654942,0.13126221,0.10237614,0.13126773,PJMW,AEO2026 Counterfactual Baseline case
p118,2015,0.15654942,0.13126221,0.10237614,0.13126773,PJMW,AEO2026 Counterfactual Baseline case
p118,2016,0.15654942,0.13126221,0.10237614,0.13126773,PJMW,AEO2026 Counterfactual Baseline case
p118,2017,0.15654942,0.13126221,0.10237614,0.13126773,PJMW,AEO2026 Counterfactual Baseline case
p118,2018,0.15654942,0.13126221,0.10237614,0.13126773,PJMW,AEO2026 Counterfactual Baseline case
p118,2019,0.15654942,0.13126221,0.10237614,0.13126773,PJMW,AEO2026 Counterfactual Baseline case
p118,2020,0.15654942,0.13126221,0.10237614,0.13126773,PJMW,AEO2026 Counterfactual Baseline case
p118,2021,0.15654942,0.13126221,0.10237614,0.13126773,PJMW,AEO2026 Counterfactual Baseline case
p118,2022,0.15654942,0.13126221,0.10237614,0.13126773,PJMW,AEO2026 Counterfactual Baseline case
p118,2023,0.15654942,0.13126221,0.10237614,0.13126773,PJMW,AEO2026 Counterfactual Baseline case
p118,2024,0.15654942,0.13126221,0.10237614,0.13126773,PJMW,AEO2026 Counterfactual Baseline case
p118,2025,0.15654942,0.13126221,0.10237614,0.13126773,PJMW,AEO2026 Counterfactual Baseline case
p118,2026,0.16099028,0.13358855,0.10440716,0.13433977,PJMW,AEO2026 Counterfactual Baseline case
p118,2027,0.16052256,0.13427159,0.10287322,0.13393511,PJMW,AEO2026 Counterfactual Baseline case
p118,2028,0.15594636,0.12995057,0.09910171999999999,0.12916888999999998,PJMW,AEO2026 Counterfactual Baseline case
p118,2029,0.16028419,0.1342881,0.1023424,0.13310936,PJMW,AEO2026 Counterfactual Baseline case
p118,2030,0.16504788999999997,0.13859052,0.10598391,0.13759011,PJMW,AEO2026 Counterfactual Baseline case
p118,2031,0.17805721,0.15275807,0.11559601000000001,0.14943488,PJMW,AEO2026 Counterfactual Baseline case
p118,2032,0.17540610999999998,0.14835616999999998,0.11359345,0.14756701,PJMW,AEO2026 Counterfactual Baseline case
p118,2033,0.18013559,0.15247491,0.11678457999999999,0.15214722,PJMW,AEO2026 Counterfactual Baseline case
p118,2034,0.1804278,0.15216933,0.11609107,0.15214438,PJMW,AEO2026 Counterfactual Baseline case
p118,2035,0.18135508,0.15273923,0.11625199,0.15285311000000001,PJMW,AEO2026 Counterfactual Baseline case
p118,2036,0.18381756,0.15466802,0.11773973,0.15493362,PJMW,AEO2026 Counterfactual Baseline case
p118,2037,0.19128954,0.16164839,0.12321123,0.16044102,PJMW,AEO2026 Counterfactual Baseline case
p118,2038,0.20174486000000003,0.17227084999999998,0.13085834999999998,0.16934156,PJMW,AEO2026 Counterfactual Baseline case
p118,2039,0.20168537,0.17074877,0.13013739,0.169238,PJMW,AEO2026 Counterfactual Baseline case
p118,2040,0.20542494,0.17352175,0.13199097,0.17213539,PJMW,AEO2026 Counterfactual Baseline case
p118,2041,0.20967535,0.17675295,0.13416796,0.17653017,PJMW,AEO2026 Counterfactual Baseline case
p118,2042,0.21461489,0.18078244999999998,0.13718474,0.18054701,PJMW,AEO2026 Counterfactual Baseline case
p118,2043,0.22039352,0.18535868,0.14067577,0.18509768000000001,PJMW,AEO2026 Counterfactual Baseline case
p118,2044,0.22869427,0.19192329,0.14575791999999999,0.19158514000000001,PJMW,AEO2026 Counterfactual Baseline case
p118,2045,0.23566331999999998,0.19762362,0.14934864,0.19739117,PJMW,AEO2026 Counterfactual Baseline case
p118,2046,0.23952870999999998,0.20089556000000003,0.1512209,0.20052275000000003,PJMW,AEO2026 Counterfactual Baseline case
p118,2047,0.24414251,0.20465338,0.15402647,0.20385256,PJMW,AEO2026 Counterfactual Baseline case
p118,2048,0.24929039,0.20877768,0.15681846,0.20776388,PJMW,AEO2026 Counterfactual Baseline case
p118,2049,0.25493832,0.21340309000000002,0.15995285,0.21210655,PJMW,AEO2026 Counterfactual Baseline case
p118,2050,0.2594916,0.21698284,0.16209880999999998,0.21545275,PJMW,AEO2026 Counterfactual Baseline case
p119,2014,0.17946743,0.14907813,0.12097566,0.14104656999999998,PJME,AEO2026 Counterfactual Baseline case
p119,2015,0.17946743,0.14907813,0.12097566,0.14104656999999998,PJME,AEO2026 Counterfactual Baseline case
p119,2016,0.17946743,0.14907813,0.12097566,0.14104656999999998,PJME,AEO2026 Counterfactual Baseline case
p119,2017,0.17946743,0.14907813,0.12097566,0.14104656999999998,PJME,AEO2026 Counterfactual Baseline case
p119,2018,0.17946743,0.14907813,0.12097566,0.14104656999999998,PJME,AEO2026 Counterfactual Baseline case
p119,2019,0.17946743,0.14907813,0.12097566,0.14104656999999998,PJME,AEO2026 Counterfactual Baseline case
p119,2020,0.17946743,0.14907813,0.12097566,0.14104656999999998,PJME,AEO2026 Counterfactual Baseline case
p119,2021,0.17946743,0.14907813,0.12097566,0.14104656999999998,PJME,AEO2026 Counterfactual Baseline case
p119,2022,0.17946743,0.14907813,0.12097566,0.14104656999999998,PJME,AEO2026 Counterfactual Baseline case
p119,2023,0.17946743,0.14907813,0.12097566,0.14104656999999998,PJME,AEO2026 Counterfactual Baseline case
p119,2024,0.17946743,0.14907813,0.12097566,0.14104656999999998,PJME,AEO2026 Counterfactual Baseline case
p119,2025,0.17946743,0.14907813,0.12097566,0.14104656999999998,PJME,AEO2026 Counterfactual Baseline case
p119,2026,0.17940659,0.14886415,0.11860339,0.13949139,PJME,AEO2026 Counterfactual Baseline case
p119,2027,0.18841940000000001,0.15692557000000001,0.12218873000000001,0.14398088,PJME,AEO2026 Counterfactual Baseline case
p119,2028,0.19168091,0.15975910000000001,0.12217981,0.14526203000000001,PJME,AEO2026 Counterfactual Baseline case
p119,2029,0.19119095000000003,0.15736257,0.12209444,0.14555969,PJME,AEO2026 Counterfactual Baseline case
p119,2030,0.20273304,0.16885255999999998,0.1309912,0.15564653,PJME,AEO2026 Counterfactual Baseline case
p119,2031,0.22319601,0.19089758,0.14549196,0.17201956,PJME,AEO2026 Counterfactual Baseline case
p119,2032,0.22126797,0.18715053999999998,0.14493653,0.1719973,PJME,AEO2026 Counterfactual Baseline case
p119,2033,0.22762159,0.19224495,0.14956061,0.17727232,PJME,AEO2026 Counterfactual Baseline case
p119,2034,0.22938665,0.19314892,0.14993524,0.1785799,PJME,AEO2026 Counterfactual Baseline case
p119,2035,0.23221261999999998,0.19492085,0.1511789,0.18073093,PJME,AEO2026 Counterfactual Baseline case
p119,2036,0.23698523000000002,0.19859981999999998,0.15409468,0.18456413000000002,PJME,AEO2026 Counterfactual Baseline case
p119,2037,0.24499474,0.20554379,0.15959369,0.19108702,PJME,AEO2026 Counterfactual Baseline case
p119,2038,0.26421026000000003,0.22526917000000002,0.17311876,0.20620981,PJME,AEO2026 Counterfactual Baseline case
p119,2039,0.2606517,0.21905746,0.16983616,0.2035413,PJME,AEO2026 Counterfactual Baseline case
p119,2040,0.26519594,0.22188128,0.17193542,0.20665745000000002,PJME,AEO2026 Counterfactual Baseline case
p119,2041,0.27132221,0.22620895000000002,0.17510107000000003,0.2096365,PJME,AEO2026 Counterfactual Baseline case
p119,2042,0.27872646,0.2318609,0.17952031999999998,0.21509878000000002,PJME,AEO2026 Counterfactual Baseline case
p119,2043,0.28602964,0.23733109,0.18376732,0.22043147999999999,PJME,AEO2026 Counterfactual Baseline case
p119,2044,0.29394196,0.24340848999999998,0.1883061,0.22606693,PJME,AEO2026 Counterfactual Baseline case
p119,2045,0.30125225,0.24860525,0.19209786999999998,0.23095026000000002,PJME,AEO2026 Counterfactual Baseline case
p119,2046,0.30832348,0.25359728,0.19566687000000002,0.23562597,PJME,AEO2026 Counterfactual Baseline case
p119,2047,0.31641136,0.25979551,0.20001701,0.24109921,PJME,AEO2026 Counterfactual Baseline case
p119,2048,0.32424511,0.26567173,0.20412106000000002,0.24636692,PJME,AEO2026 Counterfactual Baseline case
p119,2049,0.33077430999999996,0.27015799,0.20737051,0.25076782000000003,PJME,AEO2026 Counterfactual Baseline case
p119,2050,0.33926678000000005,0.27657803999999997,0.21127947,0.25590088,PJME,AEO2026 Counterfactual Baseline case
p120,2014,0.15654942,0.13126221,0.10237614,0.13126773,PJMW,AEO2026 Counterfactual Baseline case
p120,2015,0.15654942,0.13126221,0.10237614,0.13126773,PJMW,AEO2026 Counterfactual Baseline case
p120,2016,0.15654942,0.13126221,0.10237614,0.13126773,PJMW,AEO2026 Counterfactual Baseline case
p120,2017,0.15654942,0.13126221,0.10237614,0.13126773,PJMW,AEO2026 Counterfactual Baseline case
p120,2018,0.15654942,0.13126221,0.10237614,0.13126773,PJMW,AEO2026 Counterfactual Baseline case
p120,2019,0.15654942,0.13126221,0.10237614,0.13126773,PJMW,AEO2026 Counterfactual Baseline case
p120,2020,0.15654942,0.13126221,0.10237614,0.13126773,PJMW,AEO2026 Counterfactual Baseline case
p120,2021,0.15654942,0.13126221,0.10237614,0.13126773,PJMW,AEO2026 Counterfactual Baseline case
p120,2022,0.15654942,0.13126221,0.10237614,0.13126773,PJMW,AEO2026 Counterfactual Baseline case
p120,2023,0.15654942,0.13126221,0.10237614,0.13126773,PJMW,AEO2026 Counterfactual Baseline case
p120,2024,0.15654942,0.13126221,0.10237614,0.13126773,PJMW,AEO2026 Counterfactual Baseline case
p120,2025,0.15654942,0.13126221,0.10237614,0.13126773,PJMW,AEO2026 Counterfactual Baseline case
p120,2026,0.16099028,0.13358855,0.10440716,0.13433977,PJMW,AEO2026 Counterfactual Baseline case
p120,2027,0.16052256,0.13427159,0.10287322,0.13393511,PJMW,AEO2026 Counterfactual Baseline case
p120,2028,0.15594636,0.12995057,0.09910171999999999,0.12916888999999998,PJMW,AEO2026 Counterfactual Baseline case
p120,2029,0.16028419,0.1342881,0.1023424,0.13310936,PJMW,AEO2026 Counterfactual Baseline case
p120,2030,0.16504788999999997,0.13859052,0.10598391,0.13759011,PJMW,AEO2026 Counterfactual Baseline case
p120,2031,0.17805721,0.15275807,0.11559601000000001,0.14943488,PJMW,AEO2026 Counterfactual Baseline case
p120,2032,0.17540610999999998,0.14835616999999998,0.11359345,0.14756701,PJMW,AEO2026 Counterfactual Baseline case
p120,2033,0.18013559,0.15247491,0.11678457999999999,0.15214722,PJMW,AEO2026 Counterfactual Baseline case
p120,2034,0.1804278,0.15216933,0.11609107,0.15214438,PJMW,AEO2026 Counterfactual Baseline case
p120,2035,0.18135508,0.15273923,0.11625199,0.15285311000000001,PJMW,AEO2026 Counterfactual Baseline case
p120,2036,0.18381756,0.15466802,0.11773973,0.15493362,PJMW,AEO2026 Counterfactual Baseline case
p120,2037,0.19128954,0.16164839,0.12321123,0.16044102,PJMW,AEO2026 Counterfactual Baseline case
p120,2038,0.20174486000000003,0.17227084999999998,0.13085834999999998,0.16934156,PJMW,AEO2026 Counterfactual Baseline case
p120,2039,0.20168537,0.17074877,0.13013739,0.169238,PJMW,AEO2026 Counterfactual Baseline case
p120,2040,0.20542494,0.17352175,0.13199097,0.17213539,PJMW,AEO2026 Counterfactual Baseline case
p120,2041,0.20967535,0.17675295,0.13416796,0.17653017,PJMW,AEO2026 Counterfactual Baseline case
p120,2042,0.21461489,0.18078244999999998,0.13718474,0.18054701,PJMW,AEO2026 Counterfactual Baseline case
p120,2043,0.22039352,0.18535868,0.14067577,0.18509768000000001,PJMW,AEO2026 Counterfactual Baseline case
p120,2044,0.22869427,0.19192329,0.14575791999999999,0.19158514000000001,PJMW,AEO2026 Counterfactual Baseline case
p120,2045,0.23566331999999998,0.19762362,0.14934864,0.19739117,PJMW,AEO2026 Counterfactual Baseline case
p120,2046,0.23952870999999998,0.20089556000000003,0.1512209,0.20052275000000003,PJMW,AEO2026 Counterfactual Baseline case
p120,2047,0.24414251,0.20465338,0.15402647,0.20385256,PJMW,AEO2026 Counterfactual Baseline case
p120,2048,0.24929039,0.20877768,0.15681846,0.20776388,PJMW,AEO2026 Counterfactual Baseline case
p120,2049,0.25493832,0.21340309000000002,0.15995285,0.21210655,PJMW,AEO2026 Counterfactual Baseline case
p120,2050,0.2594916,0.21698284,0.16209880999999998,0.21545275,PJMW,AEO2026 Counterfactual Baseline case
p121,2014,0.15654942,0.13126221,0.10237614,0.13126773,PJMW,AEO2026 Counterfactual Baseline case
p121,2015,0.15654942,0.13126221,0.10237614,0.13126773,PJMW,AEO2026 Counterfactual Baseline case
p121,2016,0.15654942,0.13126221,0.10237614,0.13126773,PJMW,AEO2026 Counterfactual Baseline case
p121,2017,0.15654942,0.13126221,0.10237614,0.13126773,PJMW,AEO2026 Counterfactual Baseline case
p121,2018,0.15654942,0.13126221,0.10237614,0.13126773,PJMW,AEO2026 Counterfactual Baseline case
p121,2019,0.15654942,0.13126221,0.10237614,0.13126773,PJMW,AEO2026 Counterfactual Baseline case
p121,2020,0.15654942,0.13126221,0.10237614,0.13126773,PJMW,AEO2026 Counterfactual Baseline case
p121,2021,0.15654942,0.13126221,0.10237614,0.13126773,PJMW,AEO2026 Counterfactual Baseline case
p121,2022,0.15654942,0.13126221,0.10237614,0.13126773,PJMW,AEO2026 Counterfactual Baseline case
p121,2023,0.15654942,0.13126221,0.10237614,0.13126773,PJMW,AEO2026 Counterfactual Baseline case
p121,2024,0.15654942,0.13126221,0.10237614,0.13126773,PJMW,AEO2026 Counterfactual Baseline case
p121,2025,0.15654942,0.13126221,0.10237614,0.13126773,PJMW,AEO2026 Counterfactual Baseline case
p121,2026,0.16099028,0.13358855,0.10440716,0.13433977,PJMW,AEO2026 Counterfactual Baseline case
p121,2027,0.16052256,0.13427159,0.10287322,0.13393511,PJMW,AEO2026 Counterfactual Baseline case
p121,2028,0.15594636,0.12995057,0.09910171999999999,0.12916888999999998,PJMW,AEO2026 Counterfactual Baseline case
p121,2029,0.16028419,0.1342881,0.1023424,0.13310936,PJMW,AEO2026 Counterfactual Baseline case
p121,2030,0.16504788999999997,0.13859052,0.10598391,0.13759011,PJMW,AEO2026 Counterfactual Baseline case
p121,2031,0.17805721,0.15275807,0.11559601000000001,0.14943488,PJMW,AEO2026 Counterfactual Baseline case
p121,2032,0.17540610999999998,0.14835616999999998,0.11359345,0.14756701,PJMW,AEO2026 Counterfactual Baseline case
p121,2033,0.18013559,0.15247491,0.11678457999999999,0.15214722,PJMW,AEO2026 Counterfactual Baseline case
p121,2034,0.1804278,0.15216933,0.11609107,0.15214438,PJMW,AEO2026 Counterfactual Baseline case
p121,2035,0.18135508,0.15273923,0.11625199,0.15285311000000001,PJMW,AEO2026 Counterfactual Baseline case
p121,2036,0.18381756,0.15466802,0.11773973,0.15493362,PJMW,AEO2026 Counterfactual Baseline case
p121,2037,0.19128954,0.16164839,0.12321123,0.16044102,PJMW,AEO2026 Counterfactual Baseline case
p121,2038,0.20174486000000003,0.17227084999999998,0.13085834999999998,0.16934156,PJMW,AEO2026 Counterfactual Baseline case
p121,2039,0.20168537,0.17074877,0.13013739,0.169238,PJMW,AEO2026 Counterfactual Baseline case
p121,2040,0.20542494,0.17352175,0.13199097,0.17213539,PJMW,AEO2026 Counterfactual Baseline case
p121,2041,0.20967535,0.17675295,0.13416796,0.17653017,PJMW,AEO2026 Counterfactual Baseline case
p121,2042,0.21461489,0.18078244999999998,0.13718474,0.18054701,PJMW,AEO2026 Counterfactual Baseline case
p121,2043,0.22039352,0.18535868,0.14067577,0.18509768000000001,PJMW,AEO2026 Counterfactual Baseline case
p121,2044,0.22869427,0.19192329,0.14575791999999999,0.19158514000000001,PJMW,AEO2026 Counterfactual Baseline case
p121,2045,0.23566331999999998,0.19762362,0.14934864,0.19739117,PJMW,AEO2026 Counterfactual Baseline case
p121,2046,0.23952870999999998,0.20089556000000003,0.1512209,0.20052275000000003,PJMW,AEO2026 Counterfactual Baseline case
p121,2047,0.24414251,0.20465338,0.15402647,0.20385256,PJMW,AEO2026 Counterfactual Baseline case
p121,2048,0.24929039,0.20877768,0.15681846,0.20776388,PJMW,AEO2026 Counterfactual Baseline case
p121,2049,0.25493832,0.21340309000000002,0.15995285,0.21210655,PJMW,AEO2026 Counterfactual Baseline case
p121,2050,0.2594916,0.21698284,0.16209880999999998,0.21545275,PJMW,AEO2026 Counterfactual Baseline case
p122,2014,0.15654942,0.13126221,0.10237614,0.13126773,PJMW,AEO2026 Counterfactual Baseline case
p122,2015,0.15654942,0.13126221,0.10237614,0.13126773,PJMW,AEO2026 Counterfactual Baseline case
p122,2016,0.15654942,0.13126221,0.10237614,0.13126773,PJMW,AEO2026 Counterfactual Baseline case
p122,2017,0.15654942,0.13126221,0.10237614,0.13126773,PJMW,AEO2026 Counterfactual Baseline case
p122,2018,0.15654942,0.13126221,0.10237614,0.13126773,PJMW,AEO2026 Counterfactual Baseline case
p122,2019,0.15654942,0.13126221,0.10237614,0.13126773,PJMW,AEO2026 Counterfactual Baseline case
p122,2020,0.15654942,0.13126221,0.10237614,0.13126773,PJMW,AEO2026 Counterfactual Baseline case
p122,2021,0.15654942,0.13126221,0.10237614,0.13126773,PJMW,AEO2026 Counterfactual Baseline case
p122,2022,0.15654942,0.13126221,0.10237614,0.13126773,PJMW,AEO2026 Counterfactual Baseline case
p122,2023,0.15654942,0.13126221,0.10237614,0.13126773,PJMW,AEO2026 Counterfactual Baseline case
p122,2024,0.15654942,0.13126221,0.10237614,0.13126773,PJMW,AEO2026 Counterfactual Baseline case
p122,2025,0.15654942,0.13126221,0.10237614,0.13126773,PJMW,AEO2026 Counterfactual Baseline case
p122,2026,0.16099028,0.13358855,0.10440716,0.13433977,PJMW,AEO2026 Counterfactual Baseline case
p122,2027,0.16052256,0.13427159,0.10287322,0.13393511,PJMW,AEO2026 Counterfactual Baseline case
p122,2028,0.15594636,0.12995057,0.09910171999999999,0.12916888999999998,PJMW,AEO2026 Counterfactual Baseline case
p122,2029,0.16028419,0.1342881,0.1023424,0.13310936,PJMW,AEO2026 Counterfactual Baseline case
p122,2030,0.16504788999999997,0.13859052,0.10598391,0.13759011,PJMW,AEO2026 Counterfactual Baseline case
p122,2031,0.17805721,0.15275807,0.11559601000000001,0.14943488,PJMW,AEO2026 Counterfactual Baseline case
p122,2032,0.17540610999999998,0.14835616999999998,0.11359345,0.14756701,PJMW,AEO2026 Counterfactual Baseline case
p122,2033,0.18013559,0.15247491,0.11678457999999999,0.15214722,PJMW,AEO2026 Counterfactual Baseline case
p122,2034,0.1804278,0.15216933,0.11609107,0.15214438,PJMW,AEO2026 Counterfactual Baseline case
p122,2035,0.18135508,0.15273923,0.11625199,0.15285311000000001,PJMW,AEO2026 Counterfactual Baseline case
p122,2036,0.18381756,0.15466802,0.11773973,0.15493362,PJMW,AEO2026 Counterfactual Baseline case
p122,2037,0.19128954,0.16164839,0.12321123,0.16044102,PJMW,AEO2026 Counterfactual Baseline case
p122,2038,0.20174486000000003,0.17227084999999998,0.13085834999999998,0.16934156,PJMW,AEO2026 Counterfactual Baseline case
p122,2039,0.20168537,0.17074877,0.13013739,0.169238,PJMW,AEO2026 Counterfactual Baseline case
p122,2040,0.20542494,0.17352175,0.13199097,0.17213539,PJMW,AEO2026 Counterfactual Baseline case
p122,2041,0.20967535,0.17675295,0.13416796,0.17653017,PJMW,AEO2026 Counterfactual Baseline case
p122,2042,0.21461489,0.18078244999999998,0.13718474,0.18054701,PJMW,AEO2026 Counterfactual Baseline case
p122,2043,0.22039352,0.18535868,0.14067577,0.18509768000000001,PJMW,AEO2026 Counterfactual Baseline case
p122,2044,0.22869427,0.19192329,0.14575791999999999,0.19158514000000001,PJMW,AEO2026 Counterfactual Baseline case
p122,2045,0.23566331999999998,0.19762362,0.14934864,0.19739117,PJMW,AEO2026 Counterfactual Baseline case
p122,2046,0.23952870999999998,0.20089556000000003,0.1512209,0.20052275000000003,PJMW,AEO2026 Counterfactual Baseline case
p122,2047,0.24414251,0.20465338,0.15402647,0.20385256,PJMW,AEO2026 Counterfactual Baseline case
p122,2048,0.24929039,0.20877768,0.15681846,0.20776388,PJMW,AEO2026 Counterfactual Baseline case
p122,2049,0.25493832,0.21340309000000002,0.15995285,0.21210655,PJMW,AEO2026 Counterfactual Baseline case
p122,2050,0.2594916,0.21698284,0.16209880999999998,0.21545275,PJMW,AEO2026 Counterfactual Baseline case
p123,2014,0.17946743,0.14907813,0.12097566,0.14104656999999998,PJME,AEO2026 Counterfactual Baseline case
p123,2015,0.17946743,0.14907813,0.12097566,0.14104656999999998,PJME,AEO2026 Counterfactual Baseline case
p123,2016,0.17946743,0.14907813,0.12097566,0.14104656999999998,PJME,AEO2026 Counterfactual Baseline case
p123,2017,0.17946743,0.14907813,0.12097566,0.14104656999999998,PJME,AEO2026 Counterfactual Baseline case
p123,2018,0.17946743,0.14907813,0.12097566,0.14104656999999998,PJME,AEO2026 Counterfactual Baseline case
p123,2019,0.17946743,0.14907813,0.12097566,0.14104656999999998,PJME,AEO2026 Counterfactual Baseline case
p123,2020,0.17946743,0.14907813,0.12097566,0.14104656999999998,PJME,AEO2026 Counterfactual Baseline case
p123,2021,0.17946743,0.14907813,0.12097566,0.14104656999999998,PJME,AEO2026 Counterfactual Baseline case
p123,2022,0.17946743,0.14907813,0.12097566,0.14104656999999998,PJME,AEO2026 Counterfactual Baseline case
p123,2023,0.17946743,0.14907813,0.12097566,0.14104656999999998,PJME,AEO2026 Counterfactual Baseline case
p123,2024,0.17946743,0.14907813,0.12097566,0.14104656999999998,PJME,AEO2026 Counterfactual Baseline case
p123,2025,0.17946743,0.14907813,0.12097566,0.14104656999999998,PJME,AEO2026 Counterfactual Baseline case
p123,2026,0.17940659,0.14886415,0.11860339,0.13949139,PJME,AEO2026 Counterfactual Baseline case
p123,2027,0.18841940000000001,0.15692557000000001,0.12218873000000001,0.14398088,PJME,AEO2026 Counterfactual Baseline case
p123,2028,0.19168091,0.15975910000000001,0.12217981,0.14526203000000001,PJME,AEO2026 Counterfactual Baseline case
p123,2029,0.19119095000000003,0.15736257,0.12209444,0.14555969,PJME,AEO2026 Counterfactual Baseline case
p123,2030,0.20273304,0.16885255999999998,0.1309912,0.15564653,PJME,AEO2026 Counterfactual Baseline case
p123,2031,0.22319601,0.19089758,0.14549196,0.17201956,PJME,AEO2026 Counterfactual Baseline case
p123,2032,0.22126797,0.18715053999999998,0.14493653,0.1719973,PJME,AEO2026 Counterfactual Baseline case
p123,2033,0.22762159,0.19224495,0.14956061,0.17727232,PJME,AEO2026 Counterfactual Baseline case
p123,2034,0.22938665,0.19314892,0.14993524,0.1785799,PJME,AEO2026 Counterfactual Baseline case
p123,2035,0.23221261999999998,0.19492085,0.1511789,0.18073093,PJME,AEO2026 Counterfactual Baseline case
p123,2036,0.23698523000000002,0.19859981999999998,0.15409468,0.18456413000000002,PJME,AEO2026 Counterfactual Baseline case
p123,2037,0.24499474,0.20554379,0.15959369,0.19108702,PJME,AEO2026 Counterfactual Baseline case
p123,2038,0.26421026000000003,0.22526917000000002,0.17311876,0.20620981,PJME,AEO2026 Counterfactual Baseline case
p123,2039,0.2606517,0.21905746,0.16983616,0.2035413,PJME,AEO2026 Counterfactual Baseline case
p123,2040,0.26519594,0.22188128,0.17193542,0.20665745000000002,PJME,AEO2026 Counterfactual Baseline case
p123,2041,0.27132221,0.22620895000000002,0.17510107000000003,0.2096365,PJME,AEO2026 Counterfactual Baseline case
p123,2042,0.27872646,0.2318609,0.17952031999999998,0.21509878000000002,PJME,AEO2026 Counterfactual Baseline case
p123,2043,0.28602964,0.23733109,0.18376732,0.22043147999999999,PJME,AEO2026 Counterfactual Baseline case
p123,2044,0.29394196,0.24340848999999998,0.1883061,0.22606693,PJME,AEO2026 Counterfactual Baseline case
p123,2045,0.30125225,0.24860525,0.19209786999999998,0.23095026000000002,PJME,AEO2026 Counterfactual Baseline case
p123,2046,0.30832348,0.25359728,0.19566687000000002,0.23562597,PJME,AEO2026 Counterfactual Baseline case
p123,2047,0.31641136,0.25979551,0.20001701,0.24109921,PJME,AEO2026 Counterfactual Baseline case
p123,2048,0.32424511,0.26567173,0.20412106000000002,0.24636692,PJME,AEO2026 Counterfactual Baseline case
p123,2049,0.33077430999999996,0.27015799,0.20737051,0.25076782000000003,PJME,AEO2026 Counterfactual Baseline case
p123,2050,0.33926678000000005,0.27657803999999997,0.21127947,0.25590088,PJME,AEO2026 Counterfactual Baseline case
p124,2014,0.17946743,0.14907813,0.12097566,0.14104656999999998,PJME,AEO2026 Counterfactual Baseline case
p124,2015,0.17946743,0.14907813,0.12097566,0.14104656999999998,PJME,AEO2026 Counterfactual Baseline case
p124,2016,0.17946743,0.14907813,0.12097566,0.14104656999999998,PJME,AEO2026 Counterfactual Baseline case
p124,2017,0.17946743,0.14907813,0.12097566,0.14104656999999998,PJME,AEO2026 Counterfactual Baseline case
p124,2018,0.17946743,0.14907813,0.12097566,0.14104656999999998,PJME,AEO2026 Counterfactual Baseline case
p124,2019,0.17946743,0.14907813,0.12097566,0.14104656999999998,PJME,AEO2026 Counterfactual Baseline case
p124,2020,0.17946743,0.14907813,0.12097566,0.14104656999999998,PJME,AEO2026 Counterfactual Baseline case
p124,2021,0.17946743,0.14907813,0.12097566,0.14104656999999998,PJME,AEO2026 Counterfactual Baseline case
p124,2022,0.17946743,0.14907813,0.12097566,0.14104656999999998,PJME,AEO2026 Counterfactual Baseline case
p124,2023,0.17946743,0.14907813,0.12097566,0.14104656999999998,PJME,AEO2026 Counterfactual Baseline case
p124,2024,0.17946743,0.14907813,0.12097566,0.14104656999999998,PJME,AEO2026 Counterfactual Baseline case
p124,2025,0.17946743,0.14907813,0.12097566,0.14104656999999998,PJME,AEO2026 Counterfactual Baseline case
p124,2026,0.17940659,0.14886415,0.11860339,0.13949139,PJME,AEO2026 Counterfactual Baseline case
p124,2027,0.18841940000000001,0.15692557000000001,0.12218873000000001,0.14398088,PJME,AEO2026 Counterfactual Baseline case
p124,2028,0.19168091,0.15975910000000001,0.12217981,0.14526203000000001,PJME,AEO2026 Counterfactual Baseline case
p124,2029,0.19119095000000003,0.15736257,0.12209444,0.14555969,PJME,AEO2026 Counterfactual Baseline case
p124,2030,0.20273304,0.16885255999999998,0.1309912,0.15564653,PJME,AEO2026 Counterfactual Baseline case
p124,2031,0.22319601,0.19089758,0.14549196,0.17201956,PJME,AEO2026 Counterfactual Baseline case
p124,2032,0.22126797,0.18715053999999998,0.14493653,0.1719973,PJME,AEO2026 Counterfactual Baseline case
p124,2033,0.22762159,0.19224495,0.14956061,0.17727232,PJME,AEO2026 Counterfactual Baseline case
p124,2034,0.22938665,0.19314892,0.14993524,0.1785799,PJME,AEO2026 Counterfactual Baseline case
p124,2035,0.23221261999999998,0.19492085,0.1511789,0.18073093,PJME,AEO2026 Counterfactual Baseline case
p124,2036,0.23698523000000002,0.19859981999999998,0.15409468,0.18456413000000002,PJME,AEO2026 Counterfactual Baseline case
p124,2037,0.24499474,0.20554379,0.15959369,0.19108702,PJME,AEO2026 Counterfactual Baseline case
p124,2038,0.26421026000000003,0.22526917000000002,0.17311876,0.20620981,PJME,AEO2026 Counterfactual Baseline case
p124,2039,0.2606517,0.21905746,0.16983616,0.2035413,PJME,AEO2026 Counterfactual Baseline case
p124,2040,0.26519594,0.22188128,0.17193542,0.20665745000000002,PJME,AEO2026 Counterfactual Baseline case
p124,2041,0.27132221,0.22620895000000002,0.17510107000000003,0.2096365,PJME,AEO2026 Counterfactual Baseline case
p124,2042,0.27872646,0.2318609,0.17952031999999998,0.21509878000000002,PJME,AEO2026 Counterfactual Baseline case
p124,2043,0.28602964,0.23733109,0.18376732,0.22043147999999999,PJME,AEO2026 Counterfactual Baseline case
p124,2044,0.29394196,0.24340848999999998,0.1883061,0.22606693,PJME,AEO2026 Counterfactual Baseline case
p124,2045,0.30125225,0.24860525,0.19209786999999998,0.23095026000000002,PJME,AEO2026 Counterfactual Baseline case
p124,2046,0.30832348,0.25359728,0.19566687000000002,0.23562597,PJME,AEO2026 Counterfactual Baseline case
p124,2047,0.31641136,0.25979551,0.20001701,0.24109921,PJME,AEO2026 Counterfactual Baseline case
p124,2048,0.32424511,0.26567173,0.20412106000000002,0.24636692,PJME,AEO2026 Counterfactual Baseline case
p124,2049,0.33077430999999996,0.27015799,0.20737051,0.25076782000000003,PJME,AEO2026 Counterfactual Baseline case
p124,2050,0.33926678000000005,0.27657803999999997,0.21127947,0.25590088,PJME,AEO2026 Counterfactual Baseline case
p125,2014,0.17946743,0.14907813,0.12097566,0.14104656999999998,PJME,AEO2026 Counterfactual Baseline case
p125,2015,0.17946743,0.14907813,0.12097566,0.14104656999999998,PJME,AEO2026 Counterfactual Baseline case
p125,2016,0.17946743,0.14907813,0.12097566,0.14104656999999998,PJME,AEO2026 Counterfactual Baseline case
p125,2017,0.17946743,0.14907813,0.12097566,0.14104656999999998,PJME,AEO2026 Counterfactual Baseline case
p125,2018,0.17946743,0.14907813,0.12097566,0.14104656999999998,PJME,AEO2026 Counterfactual Baseline case
p125,2019,0.17946743,0.14907813,0.12097566,0.14104656999999998,PJME,AEO2026 Counterfactual Baseline case
p125,2020,0.17946743,0.14907813,0.12097566,0.14104656999999998,PJME,AEO2026 Counterfactual Baseline case
p125,2021,0.17946743,0.14907813,0.12097566,0.14104656999999998,PJME,AEO2026 Counterfactual Baseline case
p125,2022,0.17946743,0.14907813,0.12097566,0.14104656999999998,PJME,AEO2026 Counterfactual Baseline case
p125,2023,0.17946743,0.14907813,0.12097566,0.14104656999999998,PJME,AEO2026 Counterfactual Baseline case
p125,2024,0.17946743,0.14907813,0.12097566,0.14104656999999998,PJME,AEO2026 Counterfactual Baseline case
p125,2025,0.17946743,0.14907813,0.12097566,0.14104656999999998,PJME,AEO2026 Counterfactual Baseline case
p125,2026,0.17940659,0.14886415,0.11860339,0.13949139,PJME,AEO2026 Counterfactual Baseline case
p125,2027,0.18841940000000001,0.15692557000000001,0.12218873000000001,0.14398088,PJME,AEO2026 Counterfactual Baseline case
p125,2028,0.19168091,0.15975910000000001,0.12217981,0.14526203000000001,PJME,AEO2026 Counterfactual Baseline case
p125,2029,0.19119095000000003,0.15736257,0.12209444,0.14555969,PJME,AEO2026 Counterfactual Baseline case
p125,2030,0.20273304,0.16885255999999998,0.1309912,0.15564653,PJME,AEO2026 Counterfactual Baseline case
p125,2031,0.22319601,0.19089758,0.14549196,0.17201956,PJME,AEO2026 Counterfactual Baseline case
p125,2032,0.22126797,0.18715053999999998,0.14493653,0.1719973,PJME,AEO2026 Counterfactual Baseline case
p125,2033,0.22762159,0.19224495,0.14956061,0.17727232,PJME,AEO2026 Counterfactual Baseline case
p125,2034,0.22938665,0.19314892,0.14993524,0.1785799,PJME,AEO2026 Counterfactual Baseline case
p125,2035,0.23221261999999998,0.19492085,0.1511789,0.18073093,PJME,AEO2026 Counterfactual Baseline case
p125,2036,0.23698523000000002,0.19859981999999998,0.15409468,0.18456413000000002,PJME,AEO2026 Counterfactual Baseline case
p125,2037,0.24499474,0.20554379,0.15959369,0.19108702,PJME,AEO2026 Counterfactual Baseline case
p125,2038,0.26421026000000003,0.22526917000000002,0.17311876,0.20620981,PJME,AEO2026 Counterfactual Baseline case
p125,2039,0.2606517,0.21905746,0.16983616,0.2035413,PJME,AEO2026 Counterfactual Baseline case
p125,2040,0.26519594,0.22188128,0.17193542,0.20665745000000002,PJME,AEO2026 Counterfactual Baseline case
p125,2041,0.27132221,0.22620895000000002,0.17510107000000003,0.2096365,PJME,AEO2026 Counterfactual Baseline case
p125,2042,0.27872646,0.2318609,0.17952031999999998,0.21509878000000002,PJME,AEO2026 Counterfactual Baseline case
p125,2043,0.28602964,0.23733109,0.18376732,0.22043147999999999,PJME,AEO2026 Counterfactual Baseline case
p125,2044,0.29394196,0.24340848999999998,0.1883061,0.22606693,PJME,AEO2026 Counterfactual Baseline case
p125,2045,0.30125225,0.24860525,0.19209786999999998,0.23095026000000002,PJME,AEO2026 Counterfactual Baseline case
p125,2046,0.30832348,0.25359728,0.19566687000000002,0.23562597,PJME,AEO2026 Counterfactual Baseline case
p125,2047,0.31641136,0.25979551,0.20001701,0.24109921,PJME,AEO2026 Counterfactual Baseline case
p125,2048,0.32424511,0.26567173,0.20412106000000002,0.24636692,PJME,AEO2026 Counterfactual Baseline case
p125,2049,0.33077430999999996,0.27015799,0.20737051,0.25076782000000003,PJME,AEO2026 Counterfactual Baseline case
p125,2050,0.33926678000000005,0.27657803999999997,0.21127947,0.25590088,PJME,AEO2026 Counterfactual Baseline case
p126,2014,0.17946743,0.14907813,0.12097566,0.14104656999999998,PJME,AEO2026 Counterfactual Baseline case
p126,2015,0.17946743,0.14907813,0.12097566,0.14104656999999998,PJME,AEO2026 Counterfactual Baseline case
p126,2016,0.17946743,0.14907813,0.12097566,0.14104656999999998,PJME,AEO2026 Counterfactual Baseline case
p126,2017,0.17946743,0.14907813,0.12097566,0.14104656999999998,PJME,AEO2026 Counterfactual Baseline case
p126,2018,0.17946743,0.14907813,0.12097566,0.14104656999999998,PJME,AEO2026 Counterfactual Baseline case
p126,2019,0.17946743,0.14907813,0.12097566,0.14104656999999998,PJME,AEO2026 Counterfactual Baseline case
p126,2020,0.17946743,0.14907813,0.12097566,0.14104656999999998,PJME,AEO2026 Counterfactual Baseline case
p126,2021,0.17946743,0.14907813,0.12097566,0.14104656999999998,PJME,AEO2026 Counterfactual Baseline case
p126,2022,0.17946743,0.14907813,0.12097566,0.14104656999999998,PJME,AEO2026 Counterfactual Baseline case
p126,2023,0.17946743,0.14907813,0.12097566,0.14104656999999998,PJME,AEO2026 Counterfactual Baseline case
p126,2024,0.17946743,0.14907813,0.12097566,0.14104656999999998,PJME,AEO2026 Counterfactual Baseline case
p126,2025,0.17946743,0.14907813,0.12097566,0.14104656999999998,PJME,AEO2026 Counterfactual Baseline case
p126,2026,0.17940659,0.14886415,0.11860339,0.13949139,PJME,AEO2026 Counterfactual Baseline case
p126,2027,0.18841940000000001,0.15692557000000001,0.12218873000000001,0.14398088,PJME,AEO2026 Counterfactual Baseline case
p126,2028,0.19168091,0.15975910000000001,0.12217981,0.14526203000000001,PJME,AEO2026 Counterfactual Baseline case
p126,2029,0.19119095000000003,0.15736257,0.12209444,0.14555969,PJME,AEO2026 Counterfactual Baseline case
p126,2030,0.20273304,0.16885255999999998,0.1309912,0.15564653,PJME,AEO2026 Counterfactual Baseline case
p126,2031,0.22319601,0.19089758,0.14549196,0.17201956,PJME,AEO2026 Counterfactual Baseline case
p126,2032,0.22126797,0.18715053999999998,0.14493653,0.1719973,PJME,AEO2026 Counterfactual Baseline case
p126,2033,0.22762159,0.19224495,0.14956061,0.17727232,PJME,AEO2026 Counterfactual Baseline case
p126,2034,0.22938665,0.19314892,0.14993524,0.1785799,PJME,AEO2026 Counterfactual Baseline case
p126,2035,0.23221261999999998,0.19492085,0.1511789,0.18073093,PJME,AEO2026 Counterfactual Baseline case
p126,2036,0.23698523000000002,0.19859981999999998,0.15409468,0.18456413000000002,PJME,AEO2026 Counterfactual Baseline case
p126,2037,0.24499474,0.20554379,0.15959369,0.19108702,PJME,AEO2026 Counterfactual Baseline case
p126,2038,0.26421026000000003,0.22526917000000002,0.17311876,0.20620981,PJME,AEO2026 Counterfactual Baseline case
p126,2039,0.2606517,0.21905746,0.16983616,0.2035413,PJME,AEO2026 Counterfactual Baseline case
p126,2040,0.26519594,0.22188128,0.17193542,0.20665745000000002,PJME,AEO2026 Counterfactual Baseline case
p126,2041,0.27132221,0.22620895000000002,0.17510107000000003,0.2096365,PJME,AEO2026 Counterfactual Baseline case
p126,2042,0.27872646,0.2318609,0.17952031999999998,0.21509878000000002,PJME,AEO2026 Counterfactual Baseline case
p126,2043,0.28602964,0.23733109,0.18376732,0.22043147999999999,PJME,AEO2026 Counterfactual Baseline case
p126,2044,0.29394196,0.24340848999999998,0.1883061,0.22606693,PJME,AEO2026 Counterfactual Baseline case
p126,2045,0.30125225,0.24860525,0.19209786999999998,0.23095026000000002,PJME,AEO2026 Counterfactual Baseline case
p126,2046,0.30832348,0.25359728,0.19566687000000002,0.23562597,PJME,AEO2026 Counterfactual Baseline case
p126,2047,0.31641136,0.25979551,0.20001701,0.24109921,PJME,AEO2026 Counterfactual Baseline case
p126,2048,0.32424511,0.26567173,0.20412106000000002,0.24636692,PJME,AEO2026 Counterfactual Baseline case
p126,2049,0.33077430999999996,0.27015799,0.20737051,0.25076782000000003,PJME,AEO2026 Counterfactual Baseline case
p126,2050,0.33926678000000005,0.27657803999999997,0.21127947,0.25590088,PJME,AEO2026 Counterfactual Baseline case
p127,2014,0.20551182,0.16410312999999999,0.13522223,0.15561346,NYUP,AEO2026 Counterfactual Baseline case
p127,2015,0.20551182,0.16410312999999999,0.13522223,0.15561346,NYUP,AEO2026 Counterfactual Baseline case
p127,2016,0.20551182,0.16410312999999999,0.13522223,0.15561346,NYUP,AEO2026 Counterfactual Baseline case
p127,2017,0.20551182,0.16410312999999999,0.13522223,0.15561346,NYUP,AEO2026 Counterfactual Baseline case
p127,2018,0.20551182,0.16410312999999999,0.13522223,0.15561346,NYUP,AEO2026 Counterfactual Baseline case
p127,2019,0.20551182,0.16410312999999999,0.13522223,0.15561346,NYUP,AEO2026 Counterfactual Baseline case
p127,2020,0.20551182,0.16410312999999999,0.13522223,0.15561346,NYUP,AEO2026 Counterfactual Baseline case
p127,2021,0.20551182,0.16410312999999999,0.13522223,0.15561346,NYUP,AEO2026 Counterfactual Baseline case
p127,2022,0.20551182,0.16410312999999999,0.13522223,0.15561346,NYUP,AEO2026 Counterfactual Baseline case
p127,2023,0.20551182,0.16410312999999999,0.13522223,0.15561346,NYUP,AEO2026 Counterfactual Baseline case
p127,2024,0.20551182,0.16410312999999999,0.13522223,0.15561346,NYUP,AEO2026 Counterfactual Baseline case
p127,2025,0.20551182,0.16410312999999999,0.13522223,0.15561346,NYUP,AEO2026 Counterfactual Baseline case
p127,2026,0.21643852,0.17508873000000003,0.14358494,0.16498358,NYUP,AEO2026 Counterfactual Baseline case
p127,2027,0.21475598999999998,0.17291571,0.13788493000000002,0.15955007999999998,NYUP,AEO2026 Counterfactual Baseline case
p127,2028,0.20658684000000002,0.16416224,0.12765285,0.15048329000000002,NYUP,AEO2026 Counterfactual Baseline case
p127,2029,0.21412479,0.17084179,0.13296221,0.15706291,NYUP,AEO2026 Counterfactual Baseline case
p127,2030,0.2190626,0.17542896,0.13638533,0.16112904,NYUP,AEO2026 Counterfactual Baseline case
p127,2031,0.22476664,0.18249224000000003,0.13969679,0.16539912999999998,NYUP,AEO2026 Counterfactual Baseline case
p127,2032,0.23181694,0.1887817,0.14545628,0.17302842999999998,NYUP,AEO2026 Counterfactual Baseline case
p127,2033,0.23706665000000002,0.19302439,0.14901077000000001,0.17753443000000002,NYUP,AEO2026 Counterfactual Baseline case
p127,2034,0.24010584000000001,0.19532987999999998,0.15033003,0.17983554999999998,NYUP,AEO2026 Counterfactual Baseline case
p127,2035,0.24430622,0.19863342,0.15229758999999998,0.18308971,NYUP,AEO2026 Counterfactual Baseline case
p127,2036,0.25818159,0.21288794,0.16220559999999998,0.19380909,NYUP,AEO2026 Counterfactual Baseline case
p127,2037,0.26462763,0.21800055000000002,0.16651529,0.19905632,NYUP,AEO2026 Counterfactual Baseline case
p127,2038,0.28171430999999997,0.23653542000000002,0.17920059,0.21268543,NYUP,AEO2026 Counterfactual Baseline case
p127,2039,0.28260187,0.23335505999999998,0.17871607,0.21165102000000002,NYUP,AEO2026 Counterfactual Baseline case
p127,2040,0.28878399,0.23778893,0.18206150000000001,0.21604473,NYUP,AEO2026 Counterfactual Baseline case
p127,2041,0.29523117,0.24262699000000001,0.18556297,0.22063843,NYUP,AEO2026 Counterfactual Baseline case
p127,2042,0.30545722999999997,0.25288822,0.19238956000000002,0.22845566,NYUP,AEO2026 Counterfactual Baseline case
p127,2043,0.31362617,0.25931992000000004,0.19718004,0.23430268999999998,NYUP,AEO2026 Counterfactual Baseline case
p127,2044,0.32259632000000005,0.26676290999999996,0.20260494,0.24080202,NYUP,AEO2026 Counterfactual Baseline case
p127,2045,0.33099392,0.27336855,0.20718164000000003,0.24655636,NYUP,AEO2026 Counterfactual Baseline case
p127,2046,0.32973469,0.26862194,0.20426624000000002,0.24527927,NYUP,AEO2026 Counterfactual Baseline case
p127,2047,0.34476261,0.28340599,0.21355341,0.25531691,NYUP,AEO2026 Counterfactual Baseline case
p127,2048,0.35220703,0.28909225,0.21716888,0.26011372,NYUP,AEO2026 Counterfactual Baseline case
p127,2049,0.36397633,0.29986629,0.22424081999999998,0.26826975000000003,NYUP,AEO2026 Counterfactual Baseline case
p127,2050,0.36884483,0.3028092,0.22547996999999997,0.27093019,NYUP,AEO2026 Counterfactual Baseline case
p128,2014,0.3140976,0.23502434,0.25754333,0.22615257,NYCW,AEO2026 Counterfactual Baseline case
p128,2015,0.3140976,0.23502434,0.25754333,0.22615257,NYCW,AEO2026 Counterfactual Baseline case
p128,2016,0.3140976,0.23502434,0.25754333,0.22615257,NYCW,AEO2026 Counterfactual Baseline case
p128,2017,0.3140976,0.23502434,0.25754333,0.22615257,NYCW,AEO2026 Counterfactual Baseline case
p128,2018,0.3140976,0.23502434,0.25754333,0.22615257,NYCW,AEO2026 Counterfactual Baseline case
p128,2019,0.3140976,0.23502434,0.25754333,0.22615257,NYCW,AEO2026 Counterfactual Baseline case
p128,2020,0.3140976,0.23502434,0.25754333,0.22615257,NYCW,AEO2026 Counterfactual Baseline case
p128,2021,0.3140976,0.23502434,0.25754333,0.22615257,NYCW,AEO2026 Counterfactual Baseline case
p128,2022,0.3140976,0.23502434,0.25754333,0.22615257,NYCW,AEO2026 Counterfactual Baseline case
p128,2023,0.3140976,0.23502434,0.25754333,0.22615257,NYCW,AEO2026 Counterfactual Baseline case
p128,2024,0.3140976,0.23502434,0.25754333,0.22615257,NYCW,AEO2026 Counterfactual Baseline case
p128,2025,0.3140976,0.23502434,0.25754333,0.22615257,NYCW,AEO2026 Counterfactual Baseline case
p128,2026,0.33729778000000005,0.25677578,0.27822746,0.24453764,NYCW,AEO2026 Counterfactual Baseline case
p128,2027,0.33905262,0.25629513,0.27499545999999997,0.23956455,NYCW,AEO2026 Counterfactual Baseline case
p128,2028,0.33361514999999997,0.24838068,0.26936277000000003,0.23048578,NYCW,AEO2026 Counterfactual Baseline case
p128,2029,0.3451997,0.25837246,0.28205053,0.23948429000000002,NYCW,AEO2026 Counterfactual Baseline case
p128,2030,0.35301837999999996,0.26532251,0.29130772,0.24550734,NYCW,AEO2026 Counterfactual Baseline case
p128,2031,0.36835625,0.28262806,0.30519127,0.25579999999999997,NYCW,AEO2026 Counterfactual Baseline case
p128,2032,0.37553802,0.28645741999999996,0.31542801,0.2617399,NYCW,AEO2026 Counterfactual Baseline case
p128,2033,0.38360228999999996,0.29303804,0.32629375000000005,0.26847666,NYCW,AEO2026 Counterfactual Baseline case
p128,2034,0.39020145,0.29747629,0.33477859000000004,0.27277168,NYCW,AEO2026 Counterfactual Baseline case
p128,2035,0.39751251000000004,0.30223045,0.34374049999999995,0.27758183,NYCW,AEO2026 Counterfactual Baseline case
p128,2036,0.40736095,0.30956133,0.35456524,0.28448168,NYCW,AEO2026 Counterfactual Baseline case
p128,2037,0.41898605000000005,0.31828146,0.36670753,0.29280251,NYCW,AEO2026 Counterfactual Baseline case
p128,2038,0.44021233000000004,0.33984165,0.38659519000000003,0.30853239,NYCW,AEO2026 Counterfactual Baseline case
p128,2039,0.4471019,0.34096134,0.39470814,0.31316395,NYCW,AEO2026 Counterfactual Baseline case
p128,2040,0.45899002000000005,0.34880241,0.40632904000000003,0.32046745,NYCW,AEO2026 Counterfactual Baseline case
p128,2041,0.47098357999999996,0.35663387,0.41826675,0.32761505,NYCW,AEO2026 Counterfactual Baseline case
p128,2042,0.48486378,0.36645809,0.43190773,0.33638897,NYCW,AEO2026 Counterfactual Baseline case
p128,2043,0.49840038,0.37562679000000004,0.44533206999999997,0.34473953,NYCW,AEO2026 Counterfactual Baseline case
p128,2044,0.51402504,0.38716808,0.4608102,0.35478682999999994,NYCW,AEO2026 Counterfactual Baseline case
p128,2045,0.5279105,0.39632885,0.47377827000000006,0.36278281999999995,NYCW,AEO2026 Counterfactual Baseline case
p128,2046,0.54006744,0.40361465,0.48520447,0.36913418,NYCW,AEO2026 Counterfactual Baseline case
p128,2047,0.5534082,0.41288353,0.49738194,0.37655589999999994,NYCW,AEO2026 Counterfactual Baseline case
p128,2048,0.56806393,0.42329258000000003,0.51064796,0.38510330000000004,NYCW,AEO2026 Counterfactual Baseline case
p128,2049,0.58434555,0.43539719,0.52573299,0.39513064999999997,NYCW,AEO2026 Counterfactual Baseline case
p128,2050,0.59599655,0.44225422000000003,0.53600716,0.40057014,NYCW,AEO2026 Counterfactual Baseline case
p129,2014,0.27834888,0.23741790999999998,0.19511140999999999,0.22683121,ISNE,AEO2026 Counterfactual Baseline case
p129,2015,0.27834888,0.23741790999999998,0.19511140999999999,0.22683121,ISNE,AEO2026 Counterfactual Baseline case
p129,2016,0.27834888,0.23741790999999998,0.19511140999999999,0.22683121,ISNE,AEO2026 Counterfactual Baseline case
p129,2017,0.27834888,0.23741790999999998,0.19511140999999999,0.22683121,ISNE,AEO2026 Counterfactual Baseline case
p129,2018,0.27834888,0.23741790999999998,0.19511140999999999,0.22683121,ISNE,AEO2026 Counterfactual Baseline case
p129,2019,0.27834888,0.23741790999999998,0.19511140999999999,0.22683121,ISNE,AEO2026 Counterfactual Baseline case
p129,2020,0.27834888,0.23741790999999998,0.19511140999999999,0.22683121,ISNE,AEO2026 Counterfactual Baseline case
p129,2021,0.27834888,0.23741790999999998,0.19511140999999999,0.22683121,ISNE,AEO2026 Counterfactual Baseline case
p129,2022,0.27834888,0.23741790999999998,0.19511140999999999,0.22683121,ISNE,AEO2026 Counterfactual Baseline case
p129,2023,0.27834888,0.23741790999999998,0.19511140999999999,0.22683121,ISNE,AEO2026 Counterfactual Baseline case
p129,2024,0.27834888,0.23741790999999998,0.19511140999999999,0.22683121,ISNE,AEO2026 Counterfactual Baseline case
p129,2025,0.27834888,0.23741790999999998,0.19511140999999999,0.22683121,ISNE,AEO2026 Counterfactual Baseline case
p129,2026,0.28714881999999997,0.25053792999999996,0.2025531,0.23499233,ISNE,AEO2026 Counterfactual Baseline case
p129,2027,0.28379147,0.24602802000000001,0.19326612,0.22550802,ISNE,AEO2026 Counterfactual Baseline case
p129,2028,0.27350861,0.23660952000000002,0.1809413,0.21405172,ISNE,AEO2026 Counterfactual Baseline case
p129,2029,0.28098123999999997,0.2453521,0.18674793,0.22082926,ISNE,AEO2026 Counterfactual Baseline case
p129,2030,0.28956551,0.25475725,0.19306726000000002,0.22841255,ISNE,AEO2026 Counterfactual Baseline case
p129,2031,0.29696817,0.26460878,0.19819124,0.23461716,ISNE,AEO2026 Counterfactual Baseline case
p129,2032,0.30410543,0.2727569,0.20385701999999997,0.24140463,ISNE,AEO2026 Counterfactual Baseline case
p129,2033,0.31022732000000003,0.27959562,0.20855963,0.24715515,ISNE,AEO2026 Counterfactual Baseline case
p129,2034,0.31406185000000003,0.28398966000000003,0.21089943000000003,0.25058699,ISNE,AEO2026 Counterfactual Baseline case
p129,2035,0.31877661,0.28919964,0.21396716999999998,0.25471155,ISNE,AEO2026 Counterfactual Baseline case
p129,2036,0.32511063,0.29561309999999996,0.21841919,0.26032433,ISNE,AEO2026 Counterfactual Baseline case
p129,2037,0.33370899000000004,0.30470146,0.22495155,0.26798691,ISNE,AEO2026 Counterfactual Baseline case
p129,2038,0.34298058,0.31456593,0.23200679999999999,0.27622074,ISNE,AEO2026 Counterfactual Baseline case
p129,2039,0.35194496000000003,0.32412006,0.23851011,0.28392426,ISNE,AEO2026 Counterfactual Baseline case
p129,2040,0.35982365,0.33226353000000003,0.24378569,0.29044941,ISNE,AEO2026 Counterfactual Baseline case
p129,2041,0.36769191999999995,0.34006844,0.24885079999999998,0.29681137,ISNE,AEO2026 Counterfactual Baseline case
p129,2042,0.38573284,0.36311089,0.26207491,0.31058074999999996,ISNE,AEO2026 Counterfactual Baseline case
p129,2043,0.39636547,0.37283420999999994,0.2685936,0.31845087,ISNE,AEO2026 Counterfactual Baseline case
p129,2044,0.40716473000000003,0.38268364,0.27526644,0.32630867,ISNE,AEO2026 Counterfactual Baseline case
p129,2045,0.41717346,0.39173884999999997,0.28080158,0.33306075999999996,ISNE,AEO2026 Counterfactual Baseline case
p129,2046,0.42691273,0.40047676000000004,0.28582302,0.33928555000000005,ISNE,AEO2026 Counterfactual Baseline case
p129,2047,0.43721008,0.4100761,0.2912863,0.34598545,ISNE,AEO2026 Counterfactual Baseline case
p129,2048,0.44785614,0.42002296,0.29702333,0.3529855,ISNE,AEO2026 Counterfactual Baseline case
p129,2049,0.45964184,0.43141735,0.30376295,0.36098351,ISNE,AEO2026 Counterfactual Baseline case
p129,2050,0.46659737,0.43684818,0.30555779,0.36407471,ISNE,AEO2026 Counterfactual Baseline case
p130,2014,0.27834888,0.23741790999999998,0.19511140999999999,0.22683121,ISNE,AEO2026 Counterfactual Baseline case
p130,2015,0.27834888,0.23741790999999998,0.19511140999999999,0.22683121,ISNE,AEO2026 Counterfactual Baseline case
p130,2016,0.27834888,0.23741790999999998,0.19511140999999999,0.22683121,ISNE,AEO2026 Counterfactual Baseline case
p130,2017,0.27834888,0.23741790999999998,0.19511140999999999,0.22683121,ISNE,AEO2026 Counterfactual Baseline case
p130,2018,0.27834888,0.23741790999999998,0.19511140999999999,0.22683121,ISNE,AEO2026 Counterfactual Baseline case
p130,2019,0.27834888,0.23741790999999998,0.19511140999999999,0.22683121,ISNE,AEO2026 Counterfactual Baseline case
p130,2020,0.27834888,0.23741790999999998,0.19511140999999999,0.22683121,ISNE,AEO2026 Counterfactual Baseline case
p130,2021,0.27834888,0.23741790999999998,0.19511140999999999,0.22683121,ISNE,AEO2026 Counterfactual Baseline case
p130,2022,0.27834888,0.23741790999999998,0.19511140999999999,0.22683121,ISNE,AEO2026 Counterfactual Baseline case
p130,2023,0.27834888,0.23741790999999998,0.19511140999999999,0.22683121,ISNE,AEO2026 Counterfactual Baseline case
p130,2024,0.27834888,0.23741790999999998,0.19511140999999999,0.22683121,ISNE,AEO2026 Counterfactual Baseline case
p130,2025,0.27834888,0.23741790999999998,0.19511140999999999,0.22683121,ISNE,AEO2026 Counterfactual Baseline case
p130,2026,0.28714881999999997,0.25053792999999996,0.2025531,0.23499233,ISNE,AEO2026 Counterfactual Baseline case
p130,2027,0.28379147,0.24602802000000001,0.19326612,0.22550802,ISNE,AEO2026 Counterfactual Baseline case
p130,2028,0.27350861,0.23660952000000002,0.1809413,0.21405172,ISNE,AEO2026 Counterfactual Baseline case
p130,2029,0.28098123999999997,0.2453521,0.18674793,0.22082926,ISNE,AEO2026 Counterfactual Baseline case
p130,2030,0.28956551,0.25475725,0.19306726000000002,0.22841255,ISNE,AEO2026 Counterfactual Baseline case
p130,2031,0.29696817,0.26460878,0.19819124,0.23461716,ISNE,AEO2026 Counterfactual Baseline case
p130,2032,0.30410543,0.2727569,0.20385701999999997,0.24140463,ISNE,AEO2026 Counterfactual Baseline case
p130,2033,0.31022732000000003,0.27959562,0.20855963,0.24715515,ISNE,AEO2026 Counterfactual Baseline case
p130,2034,0.31406185000000003,0.28398966000000003,0.21089943000000003,0.25058699,ISNE,AEO2026 Counterfactual Baseline case
p130,2035,0.31877661,0.28919964,0.21396716999999998,0.25471155,ISNE,AEO2026 Counterfactual Baseline case
p130,2036,0.32511063,0.29561309999999996,0.21841919,0.26032433,ISNE,AEO2026 Counterfactual Baseline case
p130,2037,0.33370899000000004,0.30470146,0.22495155,0.26798691,ISNE,AEO2026 Counterfactual Baseline case
p130,2038,0.34298058,0.31456593,0.23200679999999999,0.27622074,ISNE,AEO2026 Counterfactual Baseline case
p130,2039,0.35194496000000003,0.32412006,0.23851011,0.28392426,ISNE,AEO2026 Counterfactual Baseline case
p130,2040,0.35982365,0.33226353000000003,0.24378569,0.29044941,ISNE,AEO2026 Counterfactual Baseline case
p130,2041,0.36769191999999995,0.34006844,0.24885079999999998,0.29681137,ISNE,AEO2026 Counterfactual Baseline case
p130,2042,0.38573284,0.36311089,0.26207491,0.31058074999999996,ISNE,AEO2026 Counterfactual Baseline case
p130,2043,0.39636547,0.37283420999999994,0.2685936,0.31845087,ISNE,AEO2026 Counterfactual Baseline case
p130,2044,0.40716473000000003,0.38268364,0.27526644,0.32630867,ISNE,AEO2026 Counterfactual Baseline case
p130,2045,0.41717346,0.39173884999999997,0.28080158,0.33306075999999996,ISNE,AEO2026 Counterfactual Baseline case
p130,2046,0.42691273,0.40047676000000004,0.28582302,0.33928555000000005,ISNE,AEO2026 Counterfactual Baseline case
p130,2047,0.43721008,0.4100761,0.2912863,0.34598545,ISNE,AEO2026 Counterfactual Baseline case
p130,2048,0.44785614,0.42002296,0.29702333,0.3529855,ISNE,AEO2026 Counterfactual Baseline case
p130,2049,0.45964184,0.43141735,0.30376295,0.36098351,ISNE,AEO2026 Counterfactual Baseline case
p130,2050,0.46659737,0.43684818,0.30555779,0.36407471,ISNE,AEO2026 Counterfactual Baseline case
p131,2014,0.27834888,0.23741790999999998,0.19511140999999999,0.22683121,ISNE,AEO2026 Counterfactual Baseline case
p131,2015,0.27834888,0.23741790999999998,0.19511140999999999,0.22683121,ISNE,AEO2026 Counterfactual Baseline case
p131,2016,0.27834888,0.23741790999999998,0.19511140999999999,0.22683121,ISNE,AEO2026 Counterfactual Baseline case
p131,2017,0.27834888,0.23741790999999998,0.19511140999999999,0.22683121,ISNE,AEO2026 Counterfactual Baseline case
p131,2018,0.27834888,0.23741790999999998,0.19511140999999999,0.22683121,ISNE,AEO2026 Counterfactual Baseline case
p131,2019,0.27834888,0.23741790999999998,0.19511140999999999,0.22683121,ISNE,AEO2026 Counterfactual Baseline case
p131,2020,0.27834888,0.23741790999999998,0.19511140999999999,0.22683121,ISNE,AEO2026 Counterfactual Baseline case
p131,2021,0.27834888,0.23741790999999998,0.19511140999999999,0.22683121,ISNE,AEO2026 Counterfactual Baseline case
p131,2022,0.27834888,0.23741790999999998,0.19511140999999999,0.22683121,ISNE,AEO2026 Counterfactual Baseline case
p131,2023,0.27834888,0.23741790999999998,0.19511140999999999,0.22683121,ISNE,AEO2026 Counterfactual Baseline case
p131,2024,0.27834888,0.23741790999999998,0.19511140999999999,0.22683121,ISNE,AEO2026 Counterfactual Baseline case
p131,2025,0.27834888,0.23741790999999998,0.19511140999999999,0.22683121,ISNE,AEO2026 Counterfactual Baseline case
p131,2026,0.28714881999999997,0.25053792999999996,0.2025531,0.23499233,ISNE,AEO2026 Counterfactual Baseline case
p131,2027,0.28379147,0.24602802000000001,0.19326612,0.22550802,ISNE,AEO2026 Counterfactual Baseline case
p131,2028,0.27350861,0.23660952000000002,0.1809413,0.21405172,ISNE,AEO2026 Counterfactual Baseline case
p131,2029,0.28098123999999997,0.2453521,0.18674793,0.22082926,ISNE,AEO2026 Counterfactual Baseline case
p131,2030,0.28956551,0.25475725,0.19306726000000002,0.22841255,ISNE,AEO2026 Counterfactual Baseline case
p131,2031,0.29696817,0.26460878,0.19819124,0.23461716,ISNE,AEO2026 Counterfactual Baseline case
p131,2032,0.30410543,0.2727569,0.20385701999999997,0.24140463,ISNE,AEO2026 Counterfactual Baseline case
p131,2033,0.31022732000000003,0.27959562,0.20855963,0.24715515,ISNE,AEO2026 Counterfactual Baseline case
p131,2034,0.31406185000000003,0.28398966000000003,0.21089943000000003,0.25058699,ISNE,AEO2026 Counterfactual Baseline case
p131,2035,0.31877661,0.28919964,0.21396716999999998,0.25471155,ISNE,AEO2026 Counterfactual Baseline case
p131,2036,0.32511063,0.29561309999999996,0.21841919,0.26032433,ISNE,AEO2026 Counterfactual Baseline case
p131,2037,0.33370899000000004,0.30470146,0.22495155,0.26798691,ISNE,AEO2026 Counterfactual Baseline case
p131,2038,0.34298058,0.31456593,0.23200679999999999,0.27622074,ISNE,AEO2026 Counterfactual Baseline case
p131,2039,0.35194496000000003,0.32412006,0.23851011,0.28392426,ISNE,AEO2026 Counterfactual Baseline case
p131,2040,0.35982365,0.33226353000000003,0.24378569,0.29044941,ISNE,AEO2026 Counterfactual Baseline case
p131,2041,0.36769191999999995,0.34006844,0.24885079999999998,0.29681137,ISNE,AEO2026 Counterfactual Baseline case
p131,2042,0.38573284,0.36311089,0.26207491,0.31058074999999996,ISNE,AEO2026 Counterfactual Baseline case
p131,2043,0.39636547,0.37283420999999994,0.2685936,0.31845087,ISNE,AEO2026 Counterfactual Baseline case
p131,2044,0.40716473000000003,0.38268364,0.27526644,0.32630867,ISNE,AEO2026 Counterfactual Baseline case
p131,2045,0.41717346,0.39173884999999997,0.28080158,0.33306075999999996,ISNE,AEO2026 Counterfactual Baseline case
p131,2046,0.42691273,0.40047676000000004,0.28582302,0.33928555000000005,ISNE,AEO2026 Counterfactual Baseline case
p131,2047,0.43721008,0.4100761,0.2912863,0.34598545,ISNE,AEO2026 Counterfactual Baseline case
p131,2048,0.44785614,0.42002296,0.29702333,0.3529855,ISNE,AEO2026 Counterfactual Baseline case
p131,2049,0.45964184,0.43141735,0.30376295,0.36098351,ISNE,AEO2026 Counterfactual Baseline case
p131,2050,0.46659737,0.43684818,0.30555779,0.36407471,ISNE,AEO2026 Counterfactual Baseline case
p132,2014,0.27834888,0.23741790999999998,0.19511140999999999,0.22683121,ISNE,AEO2026 Counterfactual Baseline case
p132,2015,0.27834888,0.23741790999999998,0.19511140999999999,0.22683121,ISNE,AEO2026 Counterfactual Baseline case
p132,2016,0.27834888,0.23741790999999998,0.19511140999999999,0.22683121,ISNE,AEO2026 Counterfactual Baseline case
p132,2017,0.27834888,0.23741790999999998,0.19511140999999999,0.22683121,ISNE,AEO2026 Counterfactual Baseline case
p132,2018,0.27834888,0.23741790999999998,0.19511140999999999,0.22683121,ISNE,AEO2026 Counterfactual Baseline case
p132,2019,0.27834888,0.23741790999999998,0.19511140999999999,0.22683121,ISNE,AEO2026 Counterfactual Baseline case
p132,2020,0.27834888,0.23741790999999998,0.19511140999999999,0.22683121,ISNE,AEO2026 Counterfactual Baseline case
p132,2021,0.27834888,0.23741790999999998,0.19511140999999999,0.22683121,ISNE,AEO2026 Counterfactual Baseline case
p132,2022,0.27834888,0.23741790999999998,0.19511140999999999,0.22683121,ISNE,AEO2026 Counterfactual Baseline case
p132,2023,0.27834888,0.23741790999999998,0.19511140999999999,0.22683121,ISNE,AEO2026 Counterfactual Baseline case
p132,2024,0.27834888,0.23741790999999998,0.19511140999999999,0.22683121,ISNE,AEO2026 Counterfactual Baseline case
p132,2025,0.27834888,0.23741790999999998,0.19511140999999999,0.22683121,ISNE,AEO2026 Counterfactual Baseline case
p132,2026,0.28714881999999997,0.25053792999999996,0.2025531,0.23499233,ISNE,AEO2026 Counterfactual Baseline case
p132,2027,0.28379147,0.24602802000000001,0.19326612,0.22550802,ISNE,AEO2026 Counterfactual Baseline case
p132,2028,0.27350861,0.23660952000000002,0.1809413,0.21405172,ISNE,AEO2026 Counterfactual Baseline case
p132,2029,0.28098123999999997,0.2453521,0.18674793,0.22082926,ISNE,AEO2026 Counterfactual Baseline case
p132,2030,0.28956551,0.25475725,0.19306726000000002,0.22841255,ISNE,AEO2026 Counterfactual Baseline case
p132,2031,0.29696817,0.26460878,0.19819124,0.23461716,ISNE,AEO2026 Counterfactual Baseline case
p132,2032,0.30410543,0.2727569,0.20385701999999997,0.24140463,ISNE,AEO2026 Counterfactual Baseline case
p132,2033,0.31022732000000003,0.27959562,0.20855963,0.24715515,ISNE,AEO2026 Counterfactual Baseline case
p132,2034,0.31406185000000003,0.28398966000000003,0.21089943000000003,0.25058699,ISNE,AEO2026 Counterfactual Baseline case
p132,2035,0.31877661,0.28919964,0.21396716999999998,0.25471155,ISNE,AEO2026 Counterfactual Baseline case
p132,2036,0.32511063,0.29561309999999996,0.21841919,0.26032433,ISNE,AEO2026 Counterfactual Baseline case
p132,2037,0.33370899000000004,0.30470146,0.22495155,0.26798691,ISNE,AEO2026 Counterfactual Baseline case
p132,2038,0.34298058,0.31456593,0.23200679999999999,0.27622074,ISNE,AEO2026 Counterfactual Baseline case
p132,2039,0.35194496000000003,0.32412006,0.23851011,0.28392426,ISNE,AEO2026 Counterfactual Baseline case
p132,2040,0.35982365,0.33226353000000003,0.24378569,0.29044941,ISNE,AEO2026 Counterfactual Baseline case
p132,2041,0.36769191999999995,0.34006844,0.24885079999999998,0.29681137,ISNE,AEO2026 Counterfactual Baseline case
p132,2042,0.38573284,0.36311089,0.26207491,0.31058074999999996,ISNE,AEO2026 Counterfactual Baseline case
p132,2043,0.39636547,0.37283420999999994,0.2685936,0.31845087,ISNE,AEO2026 Counterfactual Baseline case
p132,2044,0.40716473000000003,0.38268364,0.27526644,0.32630867,ISNE,AEO2026 Counterfactual Baseline case
p132,2045,0.41717346,0.39173884999999997,0.28080158,0.33306075999999996,ISNE,AEO2026 Counterfactual Baseline case
p132,2046,0.42691273,0.40047676000000004,0.28582302,0.33928555000000005,ISNE,AEO2026 Counterfactual Baseline case
p132,2047,0.43721008,0.4100761,0.2912863,0.34598545,ISNE,AEO2026 Counterfactual Baseline case
p132,2048,0.44785614,0.42002296,0.29702333,0.3529855,ISNE,AEO2026 Counterfactual Baseline case
p132,2049,0.45964184,0.43141735,0.30376295,0.36098351,ISNE,AEO2026 Counterfactual Baseline case
p132,2050,0.46659737,0.43684818,0.30555779,0.36407471,ISNE,AEO2026 Counterfactual Baseline case
p133,2014,0.27834888,0.23741790999999998,0.19511140999999999,0.22683121,ISNE,AEO2026 Counterfactual Baseline case
p133,2015,0.27834888,0.23741790999999998,0.19511140999999999,0.22683121,ISNE,AEO2026 Counterfactual Baseline case
p133,2016,0.27834888,0.23741790999999998,0.19511140999999999,0.22683121,ISNE,AEO2026 Counterfactual Baseline case
p133,2017,0.27834888,0.23741790999999998,0.19511140999999999,0.22683121,ISNE,AEO2026 Counterfactual Baseline case
p133,2018,0.27834888,0.23741790999999998,0.19511140999999999,0.22683121,ISNE,AEO2026 Counterfactual Baseline case
p133,2019,0.27834888,0.23741790999999998,0.19511140999999999,0.22683121,ISNE,AEO2026 Counterfactual Baseline case
p133,2020,0.27834888,0.23741790999999998,0.19511140999999999,0.22683121,ISNE,AEO2026 Counterfactual Baseline case
p133,2021,0.27834888,0.23741790999999998,0.19511140999999999,0.22683121,ISNE,AEO2026 Counterfactual Baseline case
p133,2022,0.27834888,0.23741790999999998,0.19511140999999999,0.22683121,ISNE,AEO2026 Counterfactual Baseline case
p133,2023,0.27834888,0.23741790999999998,0.19511140999999999,0.22683121,ISNE,AEO2026 Counterfactual Baseline case
p133,2024,0.27834888,0.23741790999999998,0.19511140999999999,0.22683121,ISNE,AEO2026 Counterfactual Baseline case
p133,2025,0.27834888,0.23741790999999998,0.19511140999999999,0.22683121,ISNE,AEO2026 Counterfactual Baseline case
p133,2026,0.28714881999999997,0.25053792999999996,0.2025531,0.23499233,ISNE,AEO2026 Counterfactual Baseline case
p133,2027,0.28379147,0.24602802000000001,0.19326612,0.22550802,ISNE,AEO2026 Counterfactual Baseline case
p133,2028,0.27350861,0.23660952000000002,0.1809413,0.21405172,ISNE,AEO2026 Counterfactual Baseline case
p133,2029,0.28098123999999997,0.2453521,0.18674793,0.22082926,ISNE,AEO2026 Counterfactual Baseline case
p133,2030,0.28956551,0.25475725,0.19306726000000002,0.22841255,ISNE,AEO2026 Counterfactual Baseline case
p133,2031,0.29696817,0.26460878,0.19819124,0.23461716,ISNE,AEO2026 Counterfactual Baseline case
p133,2032,0.30410543,0.2727569,0.20385701999999997,0.24140463,ISNE,AEO2026 Counterfactual Baseline case
p133,2033,0.31022732000000003,0.27959562,0.20855963,0.24715515,ISNE,AEO2026 Counterfactual Baseline case
p133,2034,0.31406185000000003,0.28398966000000003,0.21089943000000003,0.25058699,ISNE,AEO2026 Counterfactual Baseline case
p133,2035,0.31877661,0.28919964,0.21396716999999998,0.25471155,ISNE,AEO2026 Counterfactual Baseline case
p133,2036,0.32511063,0.29561309999999996,0.21841919,0.26032433,ISNE,AEO2026 Counterfactual Baseline case
p133,2037,0.33370899000000004,0.30470146,0.22495155,0.26798691,ISNE,AEO2026 Counterfactual Baseline case
p133,2038,0.34298058,0.31456593,0.23200679999999999,0.27622074,ISNE,AEO2026 Counterfactual Baseline case
p133,2039,0.35194496000000003,0.32412006,0.23851011,0.28392426,ISNE,AEO2026 Counterfactual Baseline case
p133,2040,0.35982365,0.33226353000000003,0.24378569,0.29044941,ISNE,AEO2026 Counterfactual Baseline case
p133,2041,0.36769191999999995,0.34006844,0.24885079999999998,0.29681137,ISNE,AEO2026 Counterfactual Baseline case
p133,2042,0.38573284,0.36311089,0.26207491,0.31058074999999996,ISNE,AEO2026 Counterfactual Baseline case
p133,2043,0.39636547,0.37283420999999994,0.2685936,0.31845087,ISNE,AEO2026 Counterfactual Baseline case
p133,2044,0.40716473000000003,0.38268364,0.27526644,0.32630867,ISNE,AEO2026 Counterfactual Baseline case
p133,2045,0.41717346,0.39173884999999997,0.28080158,0.33306075999999996,ISNE,AEO2026 Counterfactual Baseline case
p133,2046,0.42691273,0.40047676000000004,0.28582302,0.33928555000000005,ISNE,AEO2026 Counterfactual Baseline case
p133,2047,0.43721008,0.4100761,0.2912863,0.34598545,ISNE,AEO2026 Counterfactual Baseline case
p133,2048,0.44785614,0.42002296,0.29702333,0.3529855,ISNE,AEO2026 Counterfactual Baseline case
p133,2049,0.45964184,0.43141735,0.30376295,0.36098351,ISNE,AEO2026 Counterfactual Baseline case
p133,2050,0.46659737,0.43684818,0.30555779,0.36407471,ISNE,AEO2026 Counterfactual Baseline case
p134,2014,0.27834888,0.23741790999999998,0.19511140999999999,0.22683121,ISNE,AEO2026 Counterfactual Baseline case
p134,2015,0.27834888,0.23741790999999998,0.19511140999999999,0.22683121,ISNE,AEO2026 Counterfactual Baseline case
p134,2016,0.27834888,0.23741790999999998,0.19511140999999999,0.22683121,ISNE,AEO2026 Counterfactual Baseline case
p134,2017,0.27834888,0.23741790999999998,0.19511140999999999,0.22683121,ISNE,AEO2026 Counterfactual Baseline case
p134,2018,0.27834888,0.23741790999999998,0.19511140999999999,0.22683121,ISNE,AEO2026 Counterfactual Baseline case
p134,2019,0.27834888,0.23741790999999998,0.19511140999999999,0.22683121,ISNE,AEO2026 Counterfactual Baseline case
p134,2020,0.27834888,0.23741790999999998,0.19511140999999999,0.22683121,ISNE,AEO2026 Counterfactual Baseline case
p134,2021,0.27834888,0.23741790999999998,0.19511140999999999,0.22683121,ISNE,AEO2026 Counterfactual Baseline case
p134,2022,0.27834888,0.23741790999999998,0.19511140999999999,0.22683121,ISNE,AEO2026 Counterfactual Baseline case
p134,2023,0.27834888,0.23741790999999998,0.19511140999999999,0.22683121,ISNE,AEO2026 Counterfactual Baseline case
p134,2024,0.27834888,0.23741790999999998,0.19511140999999999,0.22683121,ISNE,AEO2026 Counterfactual Baseline case
p134,2025,0.27834888,0.23741790999999998,0.19511140999999999,0.22683121,ISNE,AEO2026 Counterfactual Baseline case
p134,2026,0.28714881999999997,0.25053792999999996,0.2025531,0.23499233,ISNE,AEO2026 Counterfactual Baseline case
p134,2027,0.28379147,0.24602802000000001,0.19326612,0.22550802,ISNE,AEO2026 Counterfactual Baseline case
p134,2028,0.27350861,0.23660952000000002,0.1809413,0.21405172,ISNE,AEO2026 Counterfactual Baseline case
p134,2029,0.28098123999999997,0.2453521,0.18674793,0.22082926,ISNE,AEO2026 Counterfactual Baseline case
p134,2030,0.28956551,0.25475725,0.19306726000000002,0.22841255,ISNE,AEO2026 Counterfactual Baseline case
p134,2031,0.29696817,0.26460878,0.19819124,0.23461716,ISNE,AEO2026 Counterfactual Baseline case
p134,2032,0.30410543,0.2727569,0.20385701999999997,0.24140463,ISNE,AEO2026 Counterfactual Baseline case
p134,2033,0.31022732000000003,0.27959562,0.20855963,0.24715515,ISNE,AEO2026 Counterfactual Baseline case
p134,2034,0.31406185000000003,0.28398966000000003,0.21089943000000003,0.25058699,ISNE,AEO2026 Counterfactual Baseline case
p134,2035,0.31877661,0.28919964,0.21396716999999998,0.25471155,ISNE,AEO2026 Counterfactual Baseline case
p134,2036,0.32511063,0.29561309999999996,0.21841919,0.26032433,ISNE,AEO2026 Counterfactual Baseline case
p134,2037,0.33370899000000004,0.30470146,0.22495155,0.26798691,ISNE,AEO2026 Counterfactual Baseline case
p134,2038,0.34298058,0.31456593,0.23200679999999999,0.27622074,ISNE,AEO2026 Counterfactual Baseline case
p134,2039,0.35194496000000003,0.32412006,0.23851011,0.28392426,ISNE,AEO2026 Counterfactual Baseline case
p134,2040,0.35982365,0.33226353000000003,0.24378569,0.29044941,ISNE,AEO2026 Counterfactual Baseline case
p134,2041,0.36769191999999995,0.34006844,0.24885079999999998,0.29681137,ISNE,AEO2026 Counterfactual Baseline case
p134,2042,0.38573284,0.36311089,0.26207491,0.31058074999999996,ISNE,AEO2026 Counterfactual Baseline case
p134,2043,0.39636547,0.37283420999999994,0.2685936,0.31845087,ISNE,AEO2026 Counterfactual Baseline case
p134,2044,0.40716473000000003,0.38268364,0.27526644,0.32630867,ISNE,AEO2026 Counterfactual Baseline case
p134,2045,0.41717346,0.39173884999999997,0.28080158,0.33306075999999996,ISNE,AEO2026 Counterfactual Baseline case
p134,2046,0.42691273,0.40047676000000004,0.28582302,0.33928555000000005,ISNE,AEO2026 Counterfactual Baseline case
p134,2047,0.43721008,0.4100761,0.2912863,0.34598545,ISNE,AEO2026 Counterfactual Baseline case
p134,2048,0.44785614,0.42002296,0.29702333,0.3529855,ISNE,AEO2026 Counterfactual Baseline case
p134,2049,0.45964184,0.43141735,0.30376295,0.36098351,ISNE,AEO2026 Counterfactual Baseline case
p134,2050,0.46659737,0.43684818,0.30555779,0.36407471,ISNE,AEO2026 Counterfactual Baseline case
