ba,year,elec_price_res,elec_price_com,elec_price_ind,elec_price_trans,nerc_region_abbr,scenario
p1,2014,0.14958712999999998,0.1223001,0.09119759,0.12297222,NWPP,AEO2026 High Economic Growth
p1,2015,0.14958712999999998,0.1223001,0.09119759,0.12297222,NWPP,AEO2026 High Economic Growth
p1,2016,0.14958712999999998,0.1223001,0.09119759,0.12297222,NWPP,AEO2026 High Economic Growth
p1,2017,0.14958712999999998,0.1223001,0.09119759,0.12297222,NWPP,AEO2026 High Economic Growth
p1,2018,0.14958712999999998,0.1223001,0.09119759,0.12297222,NWPP,AEO2026 High Economic Growth
p1,2019,0.14958712999999998,0.1223001,0.09119759,0.12297222,NWPP,AEO2026 High Economic Growth
p1,2020,0.14958712999999998,0.1223001,0.09119759,0.12297222,NWPP,AEO2026 High Economic Growth
p1,2021,0.14958712999999998,0.1223001,0.09119759,0.12297222,NWPP,AEO2026 High Economic Growth
p1,2022,0.14958712999999998,0.1223001,0.09119759,0.12297222,NWPP,AEO2026 High Economic Growth
p1,2023,0.14958712999999998,0.1223001,0.09119759,0.12297222,NWPP,AEO2026 High Economic Growth
p1,2024,0.14958712999999998,0.1223001,0.09119759,0.12297222,NWPP,AEO2026 High Economic Growth
p1,2025,0.14958712999999998,0.1223001,0.09119759,0.12297222,NWPP,AEO2026 High Economic Growth
p1,2026,0.15242626,0.12321949,0.09033812,0.12136288,NWPP,AEO2026 High Economic Growth
p1,2027,0.14333904,0.11062203,0.07655259,0.10855779,NWPP,AEO2026 High Economic Growth
p1,2028,0.13664763000000002,0.10443630000000001,0.07251026,0.10171891999999999,NWPP,AEO2026 High Economic Growth
p1,2029,0.13796918,0.10533788,0.07298352000000001,0.10236796,NWPP,AEO2026 High Economic Growth
p1,2030,0.14024595,0.10678222999999999,0.07421308,0.10394684,NWPP,AEO2026 High Economic Growth
p1,2031,0.14457195,0.11045197,0.07748331,0.10743003,NWPP,AEO2026 High Economic Growth
p1,2032,0.14877214,0.11371606999999999,0.08058899,0.11114483,NWPP,AEO2026 High Economic Growth
p1,2033,0.15443935,0.11809066,0.08448862,0.11571375,NWPP,AEO2026 High Economic Growth
p1,2034,0.15865324,0.12077799,0.08668250999999999,0.11871946,NWPP,AEO2026 High Economic Growth
p1,2035,0.16272852000000002,0.12316194,0.08871295,0.1212285,NWPP,AEO2026 High Economic Growth
p1,2036,0.16700392,0.12563776000000001,0.09082646999999999,0.12370542999999999,NWPP,AEO2026 High Economic Growth
p1,2037,0.17220884000000003,0.12884115,0.09371057,0.12694955,NWPP,AEO2026 High Economic Growth
p1,2038,0.17759304,0.13206251,0.09629916,0.1301941,NWPP,AEO2026 High Economic Growth
p1,2039,0.18149512999999998,0.1338821,0.09761030999999999,0.13224372,NWPP,AEO2026 High Economic Growth
p1,2040,0.18683117,0.13684737,0.09991771999999999,0.13506244,NWPP,AEO2026 High Economic Growth
p1,2041,0.19296275999999998,0.1404393,0.10254440000000001,0.13849756,NWPP,AEO2026 High Economic Growth
p1,2042,0.19840080000000002,0.1434444,0.10456357000000001,0.14152694,NWPP,AEO2026 High Economic Growth
p1,2043,0.20329723000000002,0.14613879000000002,0.10663225000000001,0.14415659,NWPP,AEO2026 High Economic Growth
p1,2044,0.20821177,0.14883626,0.10869904999999999,0.14675009,NWPP,AEO2026 High Economic Growth
p1,2045,0.21325739,0.15155316,0.11076188000000001,0.1493407,NWPP,AEO2026 High Economic Growth
p1,2046,0.21840782,0.15438535,0.11292134000000001,0.15203747,NWPP,AEO2026 High Economic Growth
p1,2047,0.22370472,0.15736095,0.11518075,0.15484425999999998,NWPP,AEO2026 High Economic Growth
p1,2048,0.2286961,0.1599987,0.11690355999999999,0.15732436,NWPP,AEO2026 High Economic Growth
p1,2049,0.23367958000000003,0.16267809,0.11883587999999999,0.15978081,NWPP,AEO2026 High Economic Growth
p1,2050,0.23881031,0.16543592000000001,0.12084794,0.16234756,NWPP,AEO2026 High Economic Growth
p2,2014,0.14958712999999998,0.1223001,0.09119759,0.12297222,NWPP,AEO2026 High Economic Growth
p2,2015,0.14958712999999998,0.1223001,0.09119759,0.12297222,NWPP,AEO2026 High Economic Growth
p2,2016,0.14958712999999998,0.1223001,0.09119759,0.12297222,NWPP,AEO2026 High Economic Growth
p2,2017,0.14958712999999998,0.1223001,0.09119759,0.12297222,NWPP,AEO2026 High Economic Growth
p2,2018,0.14958712999999998,0.1223001,0.09119759,0.12297222,NWPP,AEO2026 High Economic Growth
p2,2019,0.14958712999999998,0.1223001,0.09119759,0.12297222,NWPP,AEO2026 High Economic Growth
p2,2020,0.14958712999999998,0.1223001,0.09119759,0.12297222,NWPP,AEO2026 High Economic Growth
p2,2021,0.14958712999999998,0.1223001,0.09119759,0.12297222,NWPP,AEO2026 High Economic Growth
p2,2022,0.14958712999999998,0.1223001,0.09119759,0.12297222,NWPP,AEO2026 High Economic Growth
p2,2023,0.14958712999999998,0.1223001,0.09119759,0.12297222,NWPP,AEO2026 High Economic Growth
p2,2024,0.14958712999999998,0.1223001,0.09119759,0.12297222,NWPP,AEO2026 High Economic Growth
p2,2025,0.14958712999999998,0.1223001,0.09119759,0.12297222,NWPP,AEO2026 High Economic Growth
p2,2026,0.15242626,0.12321949,0.09033812,0.12136288,NWPP,AEO2026 High Economic Growth
p2,2027,0.14333904,0.11062203,0.07655259,0.10855779,NWPP,AEO2026 High Economic Growth
p2,2028,0.13664763000000002,0.10443630000000001,0.07251026,0.10171891999999999,NWPP,AEO2026 High Economic Growth
p2,2029,0.13796918,0.10533788,0.07298352000000001,0.10236796,NWPP,AEO2026 High Economic Growth
p2,2030,0.14024595,0.10678222999999999,0.07421308,0.10394684,NWPP,AEO2026 High Economic Growth
p2,2031,0.14457195,0.11045197,0.07748331,0.10743003,NWPP,AEO2026 High Economic Growth
p2,2032,0.14877214,0.11371606999999999,0.08058899,0.11114483,NWPP,AEO2026 High Economic Growth
p2,2033,0.15443935,0.11809066,0.08448862,0.11571375,NWPP,AEO2026 High Economic Growth
p2,2034,0.15865324,0.12077799,0.08668250999999999,0.11871946,NWPP,AEO2026 High Economic Growth
p2,2035,0.16272852000000002,0.12316194,0.08871295,0.1212285,NWPP,AEO2026 High Economic Growth
p2,2036,0.16700392,0.12563776000000001,0.09082646999999999,0.12370542999999999,NWPP,AEO2026 High Economic Growth
p2,2037,0.17220884000000003,0.12884115,0.09371057,0.12694955,NWPP,AEO2026 High Economic Growth
p2,2038,0.17759304,0.13206251,0.09629916,0.1301941,NWPP,AEO2026 High Economic Growth
p2,2039,0.18149512999999998,0.1338821,0.09761030999999999,0.13224372,NWPP,AEO2026 High Economic Growth
p2,2040,0.18683117,0.13684737,0.09991771999999999,0.13506244,NWPP,AEO2026 High Economic Growth
p2,2041,0.19296275999999998,0.1404393,0.10254440000000001,0.13849756,NWPP,AEO2026 High Economic Growth
p2,2042,0.19840080000000002,0.1434444,0.10456357000000001,0.14152694,NWPP,AEO2026 High Economic Growth
p2,2043,0.20329723000000002,0.14613879000000002,0.10663225000000001,0.14415659,NWPP,AEO2026 High Economic Growth
p2,2044,0.20821177,0.14883626,0.10869904999999999,0.14675009,NWPP,AEO2026 High Economic Growth
p2,2045,0.21325739,0.15155316,0.11076188000000001,0.1493407,NWPP,AEO2026 High Economic Growth
p2,2046,0.21840782,0.15438535,0.11292134000000001,0.15203747,NWPP,AEO2026 High Economic Growth
p2,2047,0.22370472,0.15736095,0.11518075,0.15484425999999998,NWPP,AEO2026 High Economic Growth
p2,2048,0.2286961,0.1599987,0.11690355999999999,0.15732436,NWPP,AEO2026 High Economic Growth
p2,2049,0.23367958000000003,0.16267809,0.11883587999999999,0.15978081,NWPP,AEO2026 High Economic Growth
p2,2050,0.23881031,0.16543592000000001,0.12084794,0.16234756,NWPP,AEO2026 High Economic Growth
p3,2014,0.14958712999999998,0.1223001,0.09119759,0.12297222,NWPP,AEO2026 High Economic Growth
p3,2015,0.14958712999999998,0.1223001,0.09119759,0.12297222,NWPP,AEO2026 High Economic Growth
p3,2016,0.14958712999999998,0.1223001,0.09119759,0.12297222,NWPP,AEO2026 High Economic Growth
p3,2017,0.14958712999999998,0.1223001,0.09119759,0.12297222,NWPP,AEO2026 High Economic Growth
p3,2018,0.14958712999999998,0.1223001,0.09119759,0.12297222,NWPP,AEO2026 High Economic Growth
p3,2019,0.14958712999999998,0.1223001,0.09119759,0.12297222,NWPP,AEO2026 High Economic Growth
p3,2020,0.14958712999999998,0.1223001,0.09119759,0.12297222,NWPP,AEO2026 High Economic Growth
p3,2021,0.14958712999999998,0.1223001,0.09119759,0.12297222,NWPP,AEO2026 High Economic Growth
p3,2022,0.14958712999999998,0.1223001,0.09119759,0.12297222,NWPP,AEO2026 High Economic Growth
p3,2023,0.14958712999999998,0.1223001,0.09119759,0.12297222,NWPP,AEO2026 High Economic Growth
p3,2024,0.14958712999999998,0.1223001,0.09119759,0.12297222,NWPP,AEO2026 High Economic Growth
p3,2025,0.14958712999999998,0.1223001,0.09119759,0.12297222,NWPP,AEO2026 High Economic Growth
p3,2026,0.15242626,0.12321949,0.09033812,0.12136288,NWPP,AEO2026 High Economic Growth
p3,2027,0.14333904,0.11062203,0.07655259,0.10855779,NWPP,AEO2026 High Economic Growth
p3,2028,0.13664763000000002,0.10443630000000001,0.07251026,0.10171891999999999,NWPP,AEO2026 High Economic Growth
p3,2029,0.13796918,0.10533788,0.07298352000000001,0.10236796,NWPP,AEO2026 High Economic Growth
p3,2030,0.14024595,0.10678222999999999,0.07421308,0.10394684,NWPP,AEO2026 High Economic Growth
p3,2031,0.14457195,0.11045197,0.07748331,0.10743003,NWPP,AEO2026 High Economic Growth
p3,2032,0.14877214,0.11371606999999999,0.08058899,0.11114483,NWPP,AEO2026 High Economic Growth
p3,2033,0.15443935,0.11809066,0.08448862,0.11571375,NWPP,AEO2026 High Economic Growth
p3,2034,0.15865324,0.12077799,0.08668250999999999,0.11871946,NWPP,AEO2026 High Economic Growth
p3,2035,0.16272852000000002,0.12316194,0.08871295,0.1212285,NWPP,AEO2026 High Economic Growth
p3,2036,0.16700392,0.12563776000000001,0.09082646999999999,0.12370542999999999,NWPP,AEO2026 High Economic Growth
p3,2037,0.17220884000000003,0.12884115,0.09371057,0.12694955,NWPP,AEO2026 High Economic Growth
p3,2038,0.17759304,0.13206251,0.09629916,0.1301941,NWPP,AEO2026 High Economic Growth
p3,2039,0.18149512999999998,0.1338821,0.09761030999999999,0.13224372,NWPP,AEO2026 High Economic Growth
p3,2040,0.18683117,0.13684737,0.09991771999999999,0.13506244,NWPP,AEO2026 High Economic Growth
p3,2041,0.19296275999999998,0.1404393,0.10254440000000001,0.13849756,NWPP,AEO2026 High Economic Growth
p3,2042,0.19840080000000002,0.1434444,0.10456357000000001,0.14152694,NWPP,AEO2026 High Economic Growth
p3,2043,0.20329723000000002,0.14613879000000002,0.10663225000000001,0.14415659,NWPP,AEO2026 High Economic Growth
p3,2044,0.20821177,0.14883626,0.10869904999999999,0.14675009,NWPP,AEO2026 High Economic Growth
p3,2045,0.21325739,0.15155316,0.11076188000000001,0.1493407,NWPP,AEO2026 High Economic Growth
p3,2046,0.21840782,0.15438535,0.11292134000000001,0.15203747,NWPP,AEO2026 High Economic Growth
p3,2047,0.22370472,0.15736095,0.11518075,0.15484425999999998,NWPP,AEO2026 High Economic Growth
p3,2048,0.2286961,0.1599987,0.11690355999999999,0.15732436,NWPP,AEO2026 High Economic Growth
p3,2049,0.23367958000000003,0.16267809,0.11883587999999999,0.15978081,NWPP,AEO2026 High Economic Growth
p3,2050,0.23881031,0.16543592000000001,0.12084794,0.16234756,NWPP,AEO2026 High Economic Growth
p4,2014,0.14958712999999998,0.1223001,0.09119759,0.12297222,NWPP,AEO2026 High Economic Growth
p4,2015,0.14958712999999998,0.1223001,0.09119759,0.12297222,NWPP,AEO2026 High Economic Growth
p4,2016,0.14958712999999998,0.1223001,0.09119759,0.12297222,NWPP,AEO2026 High Economic Growth
p4,2017,0.14958712999999998,0.1223001,0.09119759,0.12297222,NWPP,AEO2026 High Economic Growth
p4,2018,0.14958712999999998,0.1223001,0.09119759,0.12297222,NWPP,AEO2026 High Economic Growth
p4,2019,0.14958712999999998,0.1223001,0.09119759,0.12297222,NWPP,AEO2026 High Economic Growth
p4,2020,0.14958712999999998,0.1223001,0.09119759,0.12297222,NWPP,AEO2026 High Economic Growth
p4,2021,0.14958712999999998,0.1223001,0.09119759,0.12297222,NWPP,AEO2026 High Economic Growth
p4,2022,0.14958712999999998,0.1223001,0.09119759,0.12297222,NWPP,AEO2026 High Economic Growth
p4,2023,0.14958712999999998,0.1223001,0.09119759,0.12297222,NWPP,AEO2026 High Economic Growth
p4,2024,0.14958712999999998,0.1223001,0.09119759,0.12297222,NWPP,AEO2026 High Economic Growth
p4,2025,0.14958712999999998,0.1223001,0.09119759,0.12297222,NWPP,AEO2026 High Economic Growth
p4,2026,0.15242626,0.12321949,0.09033812,0.12136288,NWPP,AEO2026 High Economic Growth
p4,2027,0.14333904,0.11062203,0.07655259,0.10855779,NWPP,AEO2026 High Economic Growth
p4,2028,0.13664763000000002,0.10443630000000001,0.07251026,0.10171891999999999,NWPP,AEO2026 High Economic Growth
p4,2029,0.13796918,0.10533788,0.07298352000000001,0.10236796,NWPP,AEO2026 High Economic Growth
p4,2030,0.14024595,0.10678222999999999,0.07421308,0.10394684,NWPP,AEO2026 High Economic Growth
p4,2031,0.14457195,0.11045197,0.07748331,0.10743003,NWPP,AEO2026 High Economic Growth
p4,2032,0.14877214,0.11371606999999999,0.08058899,0.11114483,NWPP,AEO2026 High Economic Growth
p4,2033,0.15443935,0.11809066,0.08448862,0.11571375,NWPP,AEO2026 High Economic Growth
p4,2034,0.15865324,0.12077799,0.08668250999999999,0.11871946,NWPP,AEO2026 High Economic Growth
p4,2035,0.16272852000000002,0.12316194,0.08871295,0.1212285,NWPP,AEO2026 High Economic Growth
p4,2036,0.16700392,0.12563776000000001,0.09082646999999999,0.12370542999999999,NWPP,AEO2026 High Economic Growth
p4,2037,0.17220884000000003,0.12884115,0.09371057,0.12694955,NWPP,AEO2026 High Economic Growth
p4,2038,0.17759304,0.13206251,0.09629916,0.1301941,NWPP,AEO2026 High Economic Growth
p4,2039,0.18149512999999998,0.1338821,0.09761030999999999,0.13224372,NWPP,AEO2026 High Economic Growth
p4,2040,0.18683117,0.13684737,0.09991771999999999,0.13506244,NWPP,AEO2026 High Economic Growth
p4,2041,0.19296275999999998,0.1404393,0.10254440000000001,0.13849756,NWPP,AEO2026 High Economic Growth
p4,2042,0.19840080000000002,0.1434444,0.10456357000000001,0.14152694,NWPP,AEO2026 High Economic Growth
p4,2043,0.20329723000000002,0.14613879000000002,0.10663225000000001,0.14415659,NWPP,AEO2026 High Economic Growth
p4,2044,0.20821177,0.14883626,0.10869904999999999,0.14675009,NWPP,AEO2026 High Economic Growth
p4,2045,0.21325739,0.15155316,0.11076188000000001,0.1493407,NWPP,AEO2026 High Economic Growth
p4,2046,0.21840782,0.15438535,0.11292134000000001,0.15203747,NWPP,AEO2026 High Economic Growth
p4,2047,0.22370472,0.15736095,0.11518075,0.15484425999999998,NWPP,AEO2026 High Economic Growth
p4,2048,0.2286961,0.1599987,0.11690355999999999,0.15732436,NWPP,AEO2026 High Economic Growth
p4,2049,0.23367958000000003,0.16267809,0.11883587999999999,0.15978081,NWPP,AEO2026 High Economic Growth
p4,2050,0.23881031,0.16543592000000001,0.12084794,0.16234756,NWPP,AEO2026 High Economic Growth
p5,2014,0.14958712999999998,0.1223001,0.09119759,0.12297222,NWPP,AEO2026 High Economic Growth
p5,2015,0.14958712999999998,0.1223001,0.09119759,0.12297222,NWPP,AEO2026 High Economic Growth
p5,2016,0.14958712999999998,0.1223001,0.09119759,0.12297222,NWPP,AEO2026 High Economic Growth
p5,2017,0.14958712999999998,0.1223001,0.09119759,0.12297222,NWPP,AEO2026 High Economic Growth
p5,2018,0.14958712999999998,0.1223001,0.09119759,0.12297222,NWPP,AEO2026 High Economic Growth
p5,2019,0.14958712999999998,0.1223001,0.09119759,0.12297222,NWPP,AEO2026 High Economic Growth
p5,2020,0.14958712999999998,0.1223001,0.09119759,0.12297222,NWPP,AEO2026 High Economic Growth
p5,2021,0.14958712999999998,0.1223001,0.09119759,0.12297222,NWPP,AEO2026 High Economic Growth
p5,2022,0.14958712999999998,0.1223001,0.09119759,0.12297222,NWPP,AEO2026 High Economic Growth
p5,2023,0.14958712999999998,0.1223001,0.09119759,0.12297222,NWPP,AEO2026 High Economic Growth
p5,2024,0.14958712999999998,0.1223001,0.09119759,0.12297222,NWPP,AEO2026 High Economic Growth
p5,2025,0.14958712999999998,0.1223001,0.09119759,0.12297222,NWPP,AEO2026 High Economic Growth
p5,2026,0.15242626,0.12321949,0.09033812,0.12136288,NWPP,AEO2026 High Economic Growth
p5,2027,0.14333904,0.11062203,0.07655259,0.10855779,NWPP,AEO2026 High Economic Growth
p5,2028,0.13664763000000002,0.10443630000000001,0.07251026,0.10171891999999999,NWPP,AEO2026 High Economic Growth
p5,2029,0.13796918,0.10533788,0.07298352000000001,0.10236796,NWPP,AEO2026 High Economic Growth
p5,2030,0.14024595,0.10678222999999999,0.07421308,0.10394684,NWPP,AEO2026 High Economic Growth
p5,2031,0.14457195,0.11045197,0.07748331,0.10743003,NWPP,AEO2026 High Economic Growth
p5,2032,0.14877214,0.11371606999999999,0.08058899,0.11114483,NWPP,AEO2026 High Economic Growth
p5,2033,0.15443935,0.11809066,0.08448862,0.11571375,NWPP,AEO2026 High Economic Growth
p5,2034,0.15865324,0.12077799,0.08668250999999999,0.11871946,NWPP,AEO2026 High Economic Growth
p5,2035,0.16272852000000002,0.12316194,0.08871295,0.1212285,NWPP,AEO2026 High Economic Growth
p5,2036,0.16700392,0.12563776000000001,0.09082646999999999,0.12370542999999999,NWPP,AEO2026 High Economic Growth
p5,2037,0.17220884000000003,0.12884115,0.09371057,0.12694955,NWPP,AEO2026 High Economic Growth
p5,2038,0.17759304,0.13206251,0.09629916,0.1301941,NWPP,AEO2026 High Economic Growth
p5,2039,0.18149512999999998,0.1338821,0.09761030999999999,0.13224372,NWPP,AEO2026 High Economic Growth
p5,2040,0.18683117,0.13684737,0.09991771999999999,0.13506244,NWPP,AEO2026 High Economic Growth
p5,2041,0.19296275999999998,0.1404393,0.10254440000000001,0.13849756,NWPP,AEO2026 High Economic Growth
p5,2042,0.19840080000000002,0.1434444,0.10456357000000001,0.14152694,NWPP,AEO2026 High Economic Growth
p5,2043,0.20329723000000002,0.14613879000000002,0.10663225000000001,0.14415659,NWPP,AEO2026 High Economic Growth
p5,2044,0.20821177,0.14883626,0.10869904999999999,0.14675009,NWPP,AEO2026 High Economic Growth
p5,2045,0.21325739,0.15155316,0.11076188000000001,0.1493407,NWPP,AEO2026 High Economic Growth
p5,2046,0.21840782,0.15438535,0.11292134000000001,0.15203747,NWPP,AEO2026 High Economic Growth
p5,2047,0.22370472,0.15736095,0.11518075,0.15484425999999998,NWPP,AEO2026 High Economic Growth
p5,2048,0.2286961,0.1599987,0.11690355999999999,0.15732436,NWPP,AEO2026 High Economic Growth
p5,2049,0.23367958000000003,0.16267809,0.11883587999999999,0.15978081,NWPP,AEO2026 High Economic Growth
p5,2050,0.23881031,0.16543592000000001,0.12084794,0.16234756,NWPP,AEO2026 High Economic Growth
p6,2014,0.14958712999999998,0.1223001,0.09119759,0.12297222,NWPP,AEO2026 High Economic Growth
p6,2015,0.14958712999999998,0.1223001,0.09119759,0.12297222,NWPP,AEO2026 High Economic Growth
p6,2016,0.14958712999999998,0.1223001,0.09119759,0.12297222,NWPP,AEO2026 High Economic Growth
p6,2017,0.14958712999999998,0.1223001,0.09119759,0.12297222,NWPP,AEO2026 High Economic Growth
p6,2018,0.14958712999999998,0.1223001,0.09119759,0.12297222,NWPP,AEO2026 High Economic Growth
p6,2019,0.14958712999999998,0.1223001,0.09119759,0.12297222,NWPP,AEO2026 High Economic Growth
p6,2020,0.14958712999999998,0.1223001,0.09119759,0.12297222,NWPP,AEO2026 High Economic Growth
p6,2021,0.14958712999999998,0.1223001,0.09119759,0.12297222,NWPP,AEO2026 High Economic Growth
p6,2022,0.14958712999999998,0.1223001,0.09119759,0.12297222,NWPP,AEO2026 High Economic Growth
p6,2023,0.14958712999999998,0.1223001,0.09119759,0.12297222,NWPP,AEO2026 High Economic Growth
p6,2024,0.14958712999999998,0.1223001,0.09119759,0.12297222,NWPP,AEO2026 High Economic Growth
p6,2025,0.14958712999999998,0.1223001,0.09119759,0.12297222,NWPP,AEO2026 High Economic Growth
p6,2026,0.15242626,0.12321949,0.09033812,0.12136288,NWPP,AEO2026 High Economic Growth
p6,2027,0.14333904,0.11062203,0.07655259,0.10855779,NWPP,AEO2026 High Economic Growth
p6,2028,0.13664763000000002,0.10443630000000001,0.07251026,0.10171891999999999,NWPP,AEO2026 High Economic Growth
p6,2029,0.13796918,0.10533788,0.07298352000000001,0.10236796,NWPP,AEO2026 High Economic Growth
p6,2030,0.14024595,0.10678222999999999,0.07421308,0.10394684,NWPP,AEO2026 High Economic Growth
p6,2031,0.14457195,0.11045197,0.07748331,0.10743003,NWPP,AEO2026 High Economic Growth
p6,2032,0.14877214,0.11371606999999999,0.08058899,0.11114483,NWPP,AEO2026 High Economic Growth
p6,2033,0.15443935,0.11809066,0.08448862,0.11571375,NWPP,AEO2026 High Economic Growth
p6,2034,0.15865324,0.12077799,0.08668250999999999,0.11871946,NWPP,AEO2026 High Economic Growth
p6,2035,0.16272852000000002,0.12316194,0.08871295,0.1212285,NWPP,AEO2026 High Economic Growth
p6,2036,0.16700392,0.12563776000000001,0.09082646999999999,0.12370542999999999,NWPP,AEO2026 High Economic Growth
p6,2037,0.17220884000000003,0.12884115,0.09371057,0.12694955,NWPP,AEO2026 High Economic Growth
p6,2038,0.17759304,0.13206251,0.09629916,0.1301941,NWPP,AEO2026 High Economic Growth
p6,2039,0.18149512999999998,0.1338821,0.09761030999999999,0.13224372,NWPP,AEO2026 High Economic Growth
p6,2040,0.18683117,0.13684737,0.09991771999999999,0.13506244,NWPP,AEO2026 High Economic Growth
p6,2041,0.19296275999999998,0.1404393,0.10254440000000001,0.13849756,NWPP,AEO2026 High Economic Growth
p6,2042,0.19840080000000002,0.1434444,0.10456357000000001,0.14152694,NWPP,AEO2026 High Economic Growth
p6,2043,0.20329723000000002,0.14613879000000002,0.10663225000000001,0.14415659,NWPP,AEO2026 High Economic Growth
p6,2044,0.20821177,0.14883626,0.10869904999999999,0.14675009,NWPP,AEO2026 High Economic Growth
p6,2045,0.21325739,0.15155316,0.11076188000000001,0.1493407,NWPP,AEO2026 High Economic Growth
p6,2046,0.21840782,0.15438535,0.11292134000000001,0.15203747,NWPP,AEO2026 High Economic Growth
p6,2047,0.22370472,0.15736095,0.11518075,0.15484425999999998,NWPP,AEO2026 High Economic Growth
p6,2048,0.2286961,0.1599987,0.11690355999999999,0.15732436,NWPP,AEO2026 High Economic Growth
p6,2049,0.23367958000000003,0.16267809,0.11883587999999999,0.15978081,NWPP,AEO2026 High Economic Growth
p6,2050,0.23881031,0.16543592000000001,0.12084794,0.16234756,NWPP,AEO2026 High Economic Growth
p7,2014,0.14958712999999998,0.1223001,0.09119759,0.12297222,NWPP,AEO2026 High Economic Growth
p7,2015,0.14958712999999998,0.1223001,0.09119759,0.12297222,NWPP,AEO2026 High Economic Growth
p7,2016,0.14958712999999998,0.1223001,0.09119759,0.12297222,NWPP,AEO2026 High Economic Growth
p7,2017,0.14958712999999998,0.1223001,0.09119759,0.12297222,NWPP,AEO2026 High Economic Growth
p7,2018,0.14958712999999998,0.1223001,0.09119759,0.12297222,NWPP,AEO2026 High Economic Growth
p7,2019,0.14958712999999998,0.1223001,0.09119759,0.12297222,NWPP,AEO2026 High Economic Growth
p7,2020,0.14958712999999998,0.1223001,0.09119759,0.12297222,NWPP,AEO2026 High Economic Growth
p7,2021,0.14958712999999998,0.1223001,0.09119759,0.12297222,NWPP,AEO2026 High Economic Growth
p7,2022,0.14958712999999998,0.1223001,0.09119759,0.12297222,NWPP,AEO2026 High Economic Growth
p7,2023,0.14958712999999998,0.1223001,0.09119759,0.12297222,NWPP,AEO2026 High Economic Growth
p7,2024,0.14958712999999998,0.1223001,0.09119759,0.12297222,NWPP,AEO2026 High Economic Growth
p7,2025,0.14958712999999998,0.1223001,0.09119759,0.12297222,NWPP,AEO2026 High Economic Growth
p7,2026,0.15242626,0.12321949,0.09033812,0.12136288,NWPP,AEO2026 High Economic Growth
p7,2027,0.14333904,0.11062203,0.07655259,0.10855779,NWPP,AEO2026 High Economic Growth
p7,2028,0.13664763000000002,0.10443630000000001,0.07251026,0.10171891999999999,NWPP,AEO2026 High Economic Growth
p7,2029,0.13796918,0.10533788,0.07298352000000001,0.10236796,NWPP,AEO2026 High Economic Growth
p7,2030,0.14024595,0.10678222999999999,0.07421308,0.10394684,NWPP,AEO2026 High Economic Growth
p7,2031,0.14457195,0.11045197,0.07748331,0.10743003,NWPP,AEO2026 High Economic Growth
p7,2032,0.14877214,0.11371606999999999,0.08058899,0.11114483,NWPP,AEO2026 High Economic Growth
p7,2033,0.15443935,0.11809066,0.08448862,0.11571375,NWPP,AEO2026 High Economic Growth
p7,2034,0.15865324,0.12077799,0.08668250999999999,0.11871946,NWPP,AEO2026 High Economic Growth
p7,2035,0.16272852000000002,0.12316194,0.08871295,0.1212285,NWPP,AEO2026 High Economic Growth
p7,2036,0.16700392,0.12563776000000001,0.09082646999999999,0.12370542999999999,NWPP,AEO2026 High Economic Growth
p7,2037,0.17220884000000003,0.12884115,0.09371057,0.12694955,NWPP,AEO2026 High Economic Growth
p7,2038,0.17759304,0.13206251,0.09629916,0.1301941,NWPP,AEO2026 High Economic Growth
p7,2039,0.18149512999999998,0.1338821,0.09761030999999999,0.13224372,NWPP,AEO2026 High Economic Growth
p7,2040,0.18683117,0.13684737,0.09991771999999999,0.13506244,NWPP,AEO2026 High Economic Growth
p7,2041,0.19296275999999998,0.1404393,0.10254440000000001,0.13849756,NWPP,AEO2026 High Economic Growth
p7,2042,0.19840080000000002,0.1434444,0.10456357000000001,0.14152694,NWPP,AEO2026 High Economic Growth
p7,2043,0.20329723000000002,0.14613879000000002,0.10663225000000001,0.14415659,NWPP,AEO2026 High Economic Growth
p7,2044,0.20821177,0.14883626,0.10869904999999999,0.14675009,NWPP,AEO2026 High Economic Growth
p7,2045,0.21325739,0.15155316,0.11076188000000001,0.1493407,NWPP,AEO2026 High Economic Growth
p7,2046,0.21840782,0.15438535,0.11292134000000001,0.15203747,NWPP,AEO2026 High Economic Growth
p7,2047,0.22370472,0.15736095,0.11518075,0.15484425999999998,NWPP,AEO2026 High Economic Growth
p7,2048,0.2286961,0.1599987,0.11690355999999999,0.15732436,NWPP,AEO2026 High Economic Growth
p7,2049,0.23367958000000003,0.16267809,0.11883587999999999,0.15978081,NWPP,AEO2026 High Economic Growth
p7,2050,0.23881031,0.16543592000000001,0.12084794,0.16234756,NWPP,AEO2026 High Economic Growth
p8,2014,0.14958712999999998,0.1223001,0.09119759,0.12297222,NWPP,AEO2026 High Economic Growth
p8,2015,0.14958712999999998,0.1223001,0.09119759,0.12297222,NWPP,AEO2026 High Economic Growth
p8,2016,0.14958712999999998,0.1223001,0.09119759,0.12297222,NWPP,AEO2026 High Economic Growth
p8,2017,0.14958712999999998,0.1223001,0.09119759,0.12297222,NWPP,AEO2026 High Economic Growth
p8,2018,0.14958712999999998,0.1223001,0.09119759,0.12297222,NWPP,AEO2026 High Economic Growth
p8,2019,0.14958712999999998,0.1223001,0.09119759,0.12297222,NWPP,AEO2026 High Economic Growth
p8,2020,0.14958712999999998,0.1223001,0.09119759,0.12297222,NWPP,AEO2026 High Economic Growth
p8,2021,0.14958712999999998,0.1223001,0.09119759,0.12297222,NWPP,AEO2026 High Economic Growth
p8,2022,0.14958712999999998,0.1223001,0.09119759,0.12297222,NWPP,AEO2026 High Economic Growth
p8,2023,0.14958712999999998,0.1223001,0.09119759,0.12297222,NWPP,AEO2026 High Economic Growth
p8,2024,0.14958712999999998,0.1223001,0.09119759,0.12297222,NWPP,AEO2026 High Economic Growth
p8,2025,0.14958712999999998,0.1223001,0.09119759,0.12297222,NWPP,AEO2026 High Economic Growth
p8,2026,0.15242626,0.12321949,0.09033812,0.12136288,NWPP,AEO2026 High Economic Growth
p8,2027,0.14333904,0.11062203,0.07655259,0.10855779,NWPP,AEO2026 High Economic Growth
p8,2028,0.13664763000000002,0.10443630000000001,0.07251026,0.10171891999999999,NWPP,AEO2026 High Economic Growth
p8,2029,0.13796918,0.10533788,0.07298352000000001,0.10236796,NWPP,AEO2026 High Economic Growth
p8,2030,0.14024595,0.10678222999999999,0.07421308,0.10394684,NWPP,AEO2026 High Economic Growth
p8,2031,0.14457195,0.11045197,0.07748331,0.10743003,NWPP,AEO2026 High Economic Growth
p8,2032,0.14877214,0.11371606999999999,0.08058899,0.11114483,NWPP,AEO2026 High Economic Growth
p8,2033,0.15443935,0.11809066,0.08448862,0.11571375,NWPP,AEO2026 High Economic Growth
p8,2034,0.15865324,0.12077799,0.08668250999999999,0.11871946,NWPP,AEO2026 High Economic Growth
p8,2035,0.16272852000000002,0.12316194,0.08871295,0.1212285,NWPP,AEO2026 High Economic Growth
p8,2036,0.16700392,0.12563776000000001,0.09082646999999999,0.12370542999999999,NWPP,AEO2026 High Economic Growth
p8,2037,0.17220884000000003,0.12884115,0.09371057,0.12694955,NWPP,AEO2026 High Economic Growth
p8,2038,0.17759304,0.13206251,0.09629916,0.1301941,NWPP,AEO2026 High Economic Growth
p8,2039,0.18149512999999998,0.1338821,0.09761030999999999,0.13224372,NWPP,AEO2026 High Economic Growth
p8,2040,0.18683117,0.13684737,0.09991771999999999,0.13506244,NWPP,AEO2026 High Economic Growth
p8,2041,0.19296275999999998,0.1404393,0.10254440000000001,0.13849756,NWPP,AEO2026 High Economic Growth
p8,2042,0.19840080000000002,0.1434444,0.10456357000000001,0.14152694,NWPP,AEO2026 High Economic Growth
p8,2043,0.20329723000000002,0.14613879000000002,0.10663225000000001,0.14415659,NWPP,AEO2026 High Economic Growth
p8,2044,0.20821177,0.14883626,0.10869904999999999,0.14675009,NWPP,AEO2026 High Economic Growth
p8,2045,0.21325739,0.15155316,0.11076188000000001,0.1493407,NWPP,AEO2026 High Economic Growth
p8,2046,0.21840782,0.15438535,0.11292134000000001,0.15203747,NWPP,AEO2026 High Economic Growth
p8,2047,0.22370472,0.15736095,0.11518075,0.15484425999999998,NWPP,AEO2026 High Economic Growth
p8,2048,0.2286961,0.1599987,0.11690355999999999,0.15732436,NWPP,AEO2026 High Economic Growth
p8,2049,0.23367958000000003,0.16267809,0.11883587999999999,0.15978081,NWPP,AEO2026 High Economic Growth
p8,2050,0.23881031,0.16543592000000001,0.12084794,0.16234756,NWPP,AEO2026 High Economic Growth
p9,2014,0.27986546,0.2257789,0.18993313,0.23205517,CANO,AEO2026 High Economic Growth
p9,2015,0.27986546,0.2257789,0.18993313,0.23205517,CANO,AEO2026 High Economic Growth
p9,2016,0.27986546,0.2257789,0.18993313,0.23205517,CANO,AEO2026 High Economic Growth
p9,2017,0.27986546,0.2257789,0.18993313,0.23205517,CANO,AEO2026 High Economic Growth
p9,2018,0.27986546,0.2257789,0.18993313,0.23205517,CANO,AEO2026 High Economic Growth
p9,2019,0.27986546,0.2257789,0.18993313,0.23205517,CANO,AEO2026 High Economic Growth
p9,2020,0.27986546,0.2257789,0.18993313,0.23205517,CANO,AEO2026 High Economic Growth
p9,2021,0.27986546,0.2257789,0.18993313,0.23205517,CANO,AEO2026 High Economic Growth
p9,2022,0.27986546,0.2257789,0.18993313,0.23205517,CANO,AEO2026 High Economic Growth
p9,2023,0.27986546,0.2257789,0.18993313,0.23205517,CANO,AEO2026 High Economic Growth
p9,2024,0.27986546,0.2257789,0.18993313,0.23205517,CANO,AEO2026 High Economic Growth
p9,2025,0.27986546,0.2257789,0.18993313,0.23205517,CANO,AEO2026 High Economic Growth
p9,2026,0.28619604,0.23483992,0.19544058,0.23835615000000002,CANO,AEO2026 High Economic Growth
p9,2027,0.28318687,0.2244305,0.18347370000000002,0.22897711,CANO,AEO2026 High Economic Growth
p9,2028,0.27676575,0.21814910999999998,0.17733511,0.22132117999999998,CANO,AEO2026 High Economic Growth
p9,2029,0.28324584999999997,0.22416513,0.18237957000000002,0.22711189,CANO,AEO2026 High Economic Growth
p9,2030,0.29256781,0.23191032,0.18938702,0.23517504,CANO,AEO2026 High Economic Growth
p9,2031,0.30153477,0.23995038999999999,0.1965119,0.24325947,CANO,AEO2026 High Economic Growth
p9,2032,0.3153731,0.25279989,0.20783421000000002,0.2555117,CANO,AEO2026 High Economic Growth
p9,2033,0.32893276,0.26433323000000003,0.21864108999999998,0.26605984,CANO,AEO2026 High Economic Growth
p9,2034,0.33861668,0.27178716999999997,0.22540158999999999,0.27377085,CANO,AEO2026 High Economic Growth
p9,2035,0.34467724,0.27494246,0.22786434,0.27628513,CANO,AEO2026 High Economic Growth
p9,2036,0.35239131999999995,0.27961487,0.23182645999999998,0.28113819,CANO,AEO2026 High Economic Growth
p9,2037,0.36434902,0.2883884,0.23939556,0.28994728,CANO,AEO2026 High Economic Growth
p9,2038,0.37154949000000004,0.29254716999999997,0.24211612999999998,0.29458521,CANO,AEO2026 High Economic Growth
p9,2039,0.36980839000000004,0.28814198999999996,0.23761997,0.29099136000000003,CANO,AEO2026 High Economic Growth
p9,2040,0.37550541000000004,0.29000845000000003,0.23874493000000002,0.29292777999999997,CANO,AEO2026 High Economic Growth
p9,2041,0.38518482,0.2965686,0.24350853,0.29857157,CANO,AEO2026 High Economic Growth
p9,2042,0.39527149,0.30350767,0.24850967000000002,0.30444105,CANO,AEO2026 High Economic Growth
p9,2043,0.40529339,0.31018492,0.25330442000000003,0.31015087,CANO,AEO2026 High Economic Growth
p9,2044,0.41504440000000004,0.31648184,0.25773121,0.3155176,CANO,AEO2026 High Economic Growth
p9,2045,0.42477345,0.32254684,0.26178249000000003,0.3205373,CANO,AEO2026 High Economic Growth
p9,2046,0.43505096000000004,0.32904129,0.26634899,0.32617663999999996,CANO,AEO2026 High Economic Growth
p9,2047,0.44474021999999996,0.334856,0.27027468,0.33116779,CANO,AEO2026 High Economic Growth
p9,2048,0.45446236,0.34075348,0.27437241,0.33622948,CANO,AEO2026 High Economic Growth
p9,2049,0.46506348000000003,0.34749763,0.27918901,0.34221226,CANO,AEO2026 High Economic Growth
p9,2050,0.47420616000000004,0.35270027,0.28241479999999997,0.34684624,CANO,AEO2026 High Economic Growth
p10,2014,0.33227818,0.2553755,0.21128849,0.2707074,CASO,AEO2026 High Economic Growth
p10,2015,0.33227818,0.2553755,0.21128849,0.2707074,CASO,AEO2026 High Economic Growth
p10,2016,0.33227818,0.2553755,0.21128849,0.2707074,CASO,AEO2026 High Economic Growth
p10,2017,0.33227818,0.2553755,0.21128849,0.2707074,CASO,AEO2026 High Economic Growth
p10,2018,0.33227818,0.2553755,0.21128849,0.2707074,CASO,AEO2026 High Economic Growth
p10,2019,0.33227818,0.2553755,0.21128849,0.2707074,CASO,AEO2026 High Economic Growth
p10,2020,0.33227818,0.2553755,0.21128849,0.2707074,CASO,AEO2026 High Economic Growth
p10,2021,0.33227818,0.2553755,0.21128849,0.2707074,CASO,AEO2026 High Economic Growth
p10,2022,0.33227818,0.2553755,0.21128849,0.2707074,CASO,AEO2026 High Economic Growth
p10,2023,0.33227818,0.2553755,0.21128849,0.2707074,CASO,AEO2026 High Economic Growth
p10,2024,0.33227818,0.2553755,0.21128849,0.2707074,CASO,AEO2026 High Economic Growth
p10,2025,0.33227818,0.2553755,0.21128849,0.2707074,CASO,AEO2026 High Economic Growth
p10,2026,0.33806419,0.26336143,0.21560635,0.27638586,CASO,AEO2026 High Economic Growth
p10,2027,0.33506798000000004,0.25391462,0.20416912,0.2669363,CASO,AEO2026 High Economic Growth
p10,2028,0.3278212,0.24726896,0.19791401,0.25847200000000004,CASO,AEO2026 High Economic Growth
p10,2029,0.33376266,0.25189842,0.2014628,0.2631072,CASO,AEO2026 High Economic Growth
p10,2030,0.34342804,0.25970209,0.20799208,0.27094097,CASO,AEO2026 High Economic Growth
p10,2031,0.35540615000000003,0.27041145,0.21660656,0.28138936999999997,CASO,AEO2026 High Economic Growth
p10,2032,0.36075104,0.27367705999999997,0.21954339999999997,0.28566008,CASO,AEO2026 High Economic Growth
p10,2033,0.37392818,0.28372005,0.2288785,0.29590477,CASO,AEO2026 High Economic Growth
p10,2034,0.3837933,0.29048307,0.23419505999999998,0.30334974,CASO,AEO2026 High Economic Growth
p10,2035,0.39035107,0.29362669,0.23643557,0.3069747,CASO,AEO2026 High Economic Growth
p10,2036,0.4000029,0.29952480000000004,0.24146206,0.31304033,CASO,AEO2026 High Economic Growth
p10,2037,0.41000431,0.30563517,0.24635921,0.31962025,CASO,AEO2026 High Economic Growth
p10,2038,0.41775787000000003,0.30945765000000003,0.24841379,0.32394585,CASO,AEO2026 High Economic Growth
p10,2039,0.41862797,0.30607094,0.24427534,0.32145405,CASO,AEO2026 High Economic Growth
p10,2040,0.42700935,0.30945387,0.24628824000000002,0.32426525,CASO,AEO2026 High Economic Growth
p10,2041,0.43804001,0.31617315,0.25028482,0.33037750000000005,CASO,AEO2026 High Economic Growth
p10,2042,0.44975997999999995,0.32341976,0.25459211,0.33585625,CASO,AEO2026 High Economic Growth
p10,2043,0.4616766,0.33076435,0.25897541,0.34224445000000003,CASO,AEO2026 High Economic Growth
p10,2044,0.47346493,0.3377272,0.26291527,0.34828476,CASO,AEO2026 High Economic Growth
p10,2045,0.48572834,0.34488083,0.26722025,0.35382835,CASO,AEO2026 High Economic Growth
p10,2046,0.49887421000000004,0.35246784,0.27244604,0.36065731,CASO,AEO2026 High Economic Growth
p10,2047,0.51155357,0.35969074,0.27678793,0.36720267999999995,CASO,AEO2026 High Economic Growth
p10,2048,0.52331757,0.36568665,0.28082117,0.37277473,CASO,AEO2026 High Economic Growth
p10,2049,0.53722168,0.37385731,0.2863986,0.38012691,CASO,AEO2026 High Economic Growth
p10,2050,0.54939209,0.38013313,0.29034513,0.38602726,CASO,AEO2026 High Economic Growth
p11,2014,0.33227818,0.2553755,0.21128849,0.2707074,CASO,AEO2026 High Economic Growth
p11,2015,0.33227818,0.2553755,0.21128849,0.2707074,CASO,AEO2026 High Economic Growth
p11,2016,0.33227818,0.2553755,0.21128849,0.2707074,CASO,AEO2026 High Economic Growth
p11,2017,0.33227818,0.2553755,0.21128849,0.2707074,CASO,AEO2026 High Economic Growth
p11,2018,0.33227818,0.2553755,0.21128849,0.2707074,CASO,AEO2026 High Economic Growth
p11,2019,0.33227818,0.2553755,0.21128849,0.2707074,CASO,AEO2026 High Economic Growth
p11,2020,0.33227818,0.2553755,0.21128849,0.2707074,CASO,AEO2026 High Economic Growth
p11,2021,0.33227818,0.2553755,0.21128849,0.2707074,CASO,AEO2026 High Economic Growth
p11,2022,0.33227818,0.2553755,0.21128849,0.2707074,CASO,AEO2026 High Economic Growth
p11,2023,0.33227818,0.2553755,0.21128849,0.2707074,CASO,AEO2026 High Economic Growth
p11,2024,0.33227818,0.2553755,0.21128849,0.2707074,CASO,AEO2026 High Economic Growth
p11,2025,0.33227818,0.2553755,0.21128849,0.2707074,CASO,AEO2026 High Economic Growth
p11,2026,0.33806419,0.26336143,0.21560635,0.27638586,CASO,AEO2026 High Economic Growth
p11,2027,0.33506798000000004,0.25391462,0.20416912,0.2669363,CASO,AEO2026 High Economic Growth
p11,2028,0.3278212,0.24726896,0.19791401,0.25847200000000004,CASO,AEO2026 High Economic Growth
p11,2029,0.33376266,0.25189842,0.2014628,0.2631072,CASO,AEO2026 High Economic Growth
p11,2030,0.34342804,0.25970209,0.20799208,0.27094097,CASO,AEO2026 High Economic Growth
p11,2031,0.35540615000000003,0.27041145,0.21660656,0.28138936999999997,CASO,AEO2026 High Economic Growth
p11,2032,0.36075104,0.27367705999999997,0.21954339999999997,0.28566008,CASO,AEO2026 High Economic Growth
p11,2033,0.37392818,0.28372005,0.2288785,0.29590477,CASO,AEO2026 High Economic Growth
p11,2034,0.3837933,0.29048307,0.23419505999999998,0.30334974,CASO,AEO2026 High Economic Growth
p11,2035,0.39035107,0.29362669,0.23643557,0.3069747,CASO,AEO2026 High Economic Growth
p11,2036,0.4000029,0.29952480000000004,0.24146206,0.31304033,CASO,AEO2026 High Economic Growth
p11,2037,0.41000431,0.30563517,0.24635921,0.31962025,CASO,AEO2026 High Economic Growth
p11,2038,0.41775787000000003,0.30945765000000003,0.24841379,0.32394585,CASO,AEO2026 High Economic Growth
p11,2039,0.41862797,0.30607094,0.24427534,0.32145405,CASO,AEO2026 High Economic Growth
p11,2040,0.42700935,0.30945387,0.24628824000000002,0.32426525,CASO,AEO2026 High Economic Growth
p11,2041,0.43804001,0.31617315,0.25028482,0.33037750000000005,CASO,AEO2026 High Economic Growth
p11,2042,0.44975997999999995,0.32341976,0.25459211,0.33585625,CASO,AEO2026 High Economic Growth
p11,2043,0.4616766,0.33076435,0.25897541,0.34224445000000003,CASO,AEO2026 High Economic Growth
p11,2044,0.47346493,0.3377272,0.26291527,0.34828476,CASO,AEO2026 High Economic Growth
p11,2045,0.48572834,0.34488083,0.26722025,0.35382835,CASO,AEO2026 High Economic Growth
p11,2046,0.49887421000000004,0.35246784,0.27244604,0.36065731,CASO,AEO2026 High Economic Growth
p11,2047,0.51155357,0.35969074,0.27678793,0.36720267999999995,CASO,AEO2026 High Economic Growth
p11,2048,0.52331757,0.36568665,0.28082117,0.37277473,CASO,AEO2026 High Economic Growth
p11,2049,0.53722168,0.37385731,0.2863986,0.38012691,CASO,AEO2026 High Economic Growth
p11,2050,0.54939209,0.38013313,0.29034513,0.38602726,CASO,AEO2026 High Economic Growth
p12,2014,0.15403214,0.11365449999999999,0.09549838,0.12444207,BASN,AEO2026 High Economic Growth
p12,2015,0.15403214,0.11365449999999999,0.09549838,0.12444207,BASN,AEO2026 High Economic Growth
p12,2016,0.15403214,0.11365449999999999,0.09549838,0.12444207,BASN,AEO2026 High Economic Growth
p12,2017,0.15403214,0.11365449999999999,0.09549838,0.12444207,BASN,AEO2026 High Economic Growth
p12,2018,0.15403214,0.11365449999999999,0.09549838,0.12444207,BASN,AEO2026 High Economic Growth
p12,2019,0.15403214,0.11365449999999999,0.09549838,0.12444207,BASN,AEO2026 High Economic Growth
p12,2020,0.15403214,0.11365449999999999,0.09549838,0.12444207,BASN,AEO2026 High Economic Growth
p12,2021,0.15403214,0.11365449999999999,0.09549838,0.12444207,BASN,AEO2026 High Economic Growth
p12,2022,0.15403214,0.11365449999999999,0.09549838,0.12444207,BASN,AEO2026 High Economic Growth
p12,2023,0.15403214,0.11365449999999999,0.09549838,0.12444207,BASN,AEO2026 High Economic Growth
p12,2024,0.15403214,0.11365449999999999,0.09549838,0.12444207,BASN,AEO2026 High Economic Growth
p12,2025,0.15403214,0.11365449999999999,0.09549838,0.12444207,BASN,AEO2026 High Economic Growth
p12,2026,0.16069059,0.11763799999999999,0.09916106,0.12798425,BASN,AEO2026 High Economic Growth
p12,2027,0.1651494,0.12016357,0.10181163,0.13010531,BASN,AEO2026 High Economic Growth
p12,2028,0.17071055999999998,0.12399723,0.10492023,0.13442042,BASN,AEO2026 High Economic Growth
p12,2029,0.17471025,0.12665502,0.10722201999999999,0.13707085,BASN,AEO2026 High Economic Growth
p12,2030,0.18061237,0.13096711,0.11107950999999999,0.14187771,BASN,AEO2026 High Economic Growth
p12,2031,0.18714161,0.13540903,0.11426032,0.14689294,BASN,AEO2026 High Economic Growth
p12,2032,0.19186895,0.13893944,0.11852623,0.15028058,BASN,AEO2026 High Economic Growth
p12,2033,0.19627733,0.14047769000000002,0.11919532000000001,0.15321207,BASN,AEO2026 High Economic Growth
p12,2034,0.19763479,0.14058643,0.11997019999999999,0.15297455,BASN,AEO2026 High Economic Growth
p12,2035,0.20142008,0.14217422,0.12138202,0.15521157,BASN,AEO2026 High Economic Growth
p12,2036,0.20426542,0.14294243,0.12204826,0.15625748,BASN,AEO2026 High Economic Growth
p12,2037,0.2082062,0.1450822,0.12439054000000001,0.15824253,BASN,AEO2026 High Economic Growth
p12,2038,0.21777466,0.15261265,0.13196638,0.16540457,BASN,AEO2026 High Economic Growth
p12,2039,0.22676645,0.15856616,0.13697459,0.17245354,BASN,AEO2026 High Economic Growth
p12,2040,0.23254797,0.16141544,0.13931393,0.17579792000000002,BASN,AEO2026 High Economic Growth
p12,2041,0.23699649999999997,0.16338818,0.14102567,0.17790163,BASN,AEO2026 High Economic Growth
p12,2042,0.24167057,0.16548965,0.14229159,0.17930662000000003,BASN,AEO2026 High Economic Growth
p12,2043,0.24594769,0.16726181,0.14368967,0.18117636,BASN,AEO2026 High Economic Growth
p12,2044,0.25024830000000003,0.16907417,0.14512171000000001,0.1830101,BASN,AEO2026 High Economic Growth
p12,2045,0.25519672,0.17115629,0.14665831000000001,0.18532625,BASN,AEO2026 High Economic Growth
p12,2046,0.26032566,0.17348431,0.14842218000000001,0.18754159999999997,BASN,AEO2026 High Economic Growth
p12,2047,0.26582104,0.17607172,0.15043449,0.19021549000000001,BASN,AEO2026 High Economic Growth
p12,2048,0.27160734000000003,0.17881653,0.15260904,0.19308855000000003,BASN,AEO2026 High Economic Growth
p12,2049,0.27737558,0.18145392999999999,0.15460425,0.19587769000000002,BASN,AEO2026 High Economic Growth
p12,2050,0.28324898,0.18442689999999998,0.15711969,0.19878979000000002,BASN,AEO2026 High Economic Growth
p13,2014,0.15521008,0.12537539,0.07669252,0.13456443,SRSG,AEO2026 High Economic Growth
p13,2015,0.15521008,0.12537539,0.07669252,0.13456443,SRSG,AEO2026 High Economic Growth
p13,2016,0.15521008,0.12537539,0.07669252,0.13456443,SRSG,AEO2026 High Economic Growth
p13,2017,0.15521008,0.12537539,0.07669252,0.13456443,SRSG,AEO2026 High Economic Growth
p13,2018,0.15521008,0.12537539,0.07669252,0.13456443,SRSG,AEO2026 High Economic Growth
p13,2019,0.15521008,0.12537539,0.07669252,0.13456443,SRSG,AEO2026 High Economic Growth
p13,2020,0.15521008,0.12537539,0.07669252,0.13456443,SRSG,AEO2026 High Economic Growth
p13,2021,0.15521008,0.12537539,0.07669252,0.13456443,SRSG,AEO2026 High Economic Growth
p13,2022,0.15521008,0.12537539,0.07669252,0.13456443,SRSG,AEO2026 High Economic Growth
p13,2023,0.15521008,0.12537539,0.07669252,0.13456443,SRSG,AEO2026 High Economic Growth
p13,2024,0.15521008,0.12537539,0.07669252,0.13456443,SRSG,AEO2026 High Economic Growth
p13,2025,0.15521008,0.12537539,0.07669252,0.13456443,SRSG,AEO2026 High Economic Growth
p13,2026,0.16207966,0.13010517,0.07910383,0.13851204,SRSG,AEO2026 High Economic Growth
p13,2027,0.16240517000000002,0.12850344,0.07727903,0.13721359,SRSG,AEO2026 High Economic Growth
p13,2028,0.16148373,0.12730209,0.07608726,0.13542641,SRSG,AEO2026 High Economic Growth
p13,2029,0.16316698,0.12836822,0.07628884,0.13628837000000002,SRSG,AEO2026 High Economic Growth
p13,2030,0.16625616000000001,0.13064865,0.07775486,0.13847662,SRSG,AEO2026 High Economic Growth
p13,2031,0.17055622,0.13415479,0.08048253000000001,0.14162428999999999,SRSG,AEO2026 High Economic Growth
p13,2032,0.17595224,0.13837044,0.08328176,0.14614107,SRSG,AEO2026 High Economic Growth
p13,2033,0.17716879,0.13799873,0.0827302,0.1468336,SRSG,AEO2026 High Economic Growth
p13,2034,0.17861622,0.13844672,0.08340735,0.14707179,SRSG,AEO2026 High Economic Growth
p13,2035,0.18286718000000002,0.14150324,0.08582274999999999,0.14999407,SRSG,AEO2026 High Economic Growth
p13,2036,0.18828733,0.14542322,0.08866866,0.15399728,SRSG,AEO2026 High Economic Growth
p13,2037,0.19392573999999999,0.14948113,0.09156165,0.15820277000000002,SRSG,AEO2026 High Economic Growth
p13,2038,0.19991785,0.15396838000000002,0.09440949,0.16265726,SRSG,AEO2026 High Economic Growth
p13,2039,0.20661478,0.15902216,0.09696218,0.16782831,SRSG,AEO2026 High Economic Growth
p13,2040,0.21077242,0.16108198,0.09799445999999999,0.17045584000000003,SRSG,AEO2026 High Economic Growth
p13,2041,0.21352516000000002,0.16226212,0.09859802999999999,0.17162025,SRSG,AEO2026 High Economic Growth
p13,2042,0.21672707,0.16377009999999997,0.09924812,0.17319473,SRSG,AEO2026 High Economic Growth
p13,2043,0.21975391,0.16515696,0.09946351999999999,0.17471151,SRSG,AEO2026 High Economic Growth
p13,2044,0.2230282,0.16674526,0.10001768999999999,0.1762891,SRSG,AEO2026 High Economic Growth
p13,2045,0.22677628,0.16861431,0.10085071,0.17830017,SRSG,AEO2026 High Economic Growth
p13,2046,0.23100428,0.17103567000000003,0.10225571,0.18066299,SRSG,AEO2026 High Economic Growth
p13,2047,0.23545483,0.17354982,0.10365183,0.18321112,SRSG,AEO2026 High Economic Growth
p13,2048,0.23950714,0.17563839,0.10477271999999999,0.18536053,SRSG,AEO2026 High Economic Growth
p13,2049,0.24333276999999998,0.17749489000000002,0.10564685000000001,0.18725297999999999,SRSG,AEO2026 High Economic Growth
p13,2050,0.24801386,0.1802689,0.10737748,0.18989511,SRSG,AEO2026 High Economic Growth
p14,2014,0.14958712999999998,0.1223001,0.09119759,0.12297222,NWPP,AEO2026 High Economic Growth
p14,2015,0.14958712999999998,0.1223001,0.09119759,0.12297222,NWPP,AEO2026 High Economic Growth
p14,2016,0.14958712999999998,0.1223001,0.09119759,0.12297222,NWPP,AEO2026 High Economic Growth
p14,2017,0.14958712999999998,0.1223001,0.09119759,0.12297222,NWPP,AEO2026 High Economic Growth
p14,2018,0.14958712999999998,0.1223001,0.09119759,0.12297222,NWPP,AEO2026 High Economic Growth
p14,2019,0.14958712999999998,0.1223001,0.09119759,0.12297222,NWPP,AEO2026 High Economic Growth
p14,2020,0.14958712999999998,0.1223001,0.09119759,0.12297222,NWPP,AEO2026 High Economic Growth
p14,2021,0.14958712999999998,0.1223001,0.09119759,0.12297222,NWPP,AEO2026 High Economic Growth
p14,2022,0.14958712999999998,0.1223001,0.09119759,0.12297222,NWPP,AEO2026 High Economic Growth
p14,2023,0.14958712999999998,0.1223001,0.09119759,0.12297222,NWPP,AEO2026 High Economic Growth
p14,2024,0.14958712999999998,0.1223001,0.09119759,0.12297222,NWPP,AEO2026 High Economic Growth
p14,2025,0.14958712999999998,0.1223001,0.09119759,0.12297222,NWPP,AEO2026 High Economic Growth
p14,2026,0.15242626,0.12321949,0.09033812,0.12136288,NWPP,AEO2026 High Economic Growth
p14,2027,0.14333904,0.11062203,0.07655259,0.10855779,NWPP,AEO2026 High Economic Growth
p14,2028,0.13664763000000002,0.10443630000000001,0.07251026,0.10171891999999999,NWPP,AEO2026 High Economic Growth
p14,2029,0.13796918,0.10533788,0.07298352000000001,0.10236796,NWPP,AEO2026 High Economic Growth
p14,2030,0.14024595,0.10678222999999999,0.07421308,0.10394684,NWPP,AEO2026 High Economic Growth
p14,2031,0.14457195,0.11045197,0.07748331,0.10743003,NWPP,AEO2026 High Economic Growth
p14,2032,0.14877214,0.11371606999999999,0.08058899,0.11114483,NWPP,AEO2026 High Economic Growth
p14,2033,0.15443935,0.11809066,0.08448862,0.11571375,NWPP,AEO2026 High Economic Growth
p14,2034,0.15865324,0.12077799,0.08668250999999999,0.11871946,NWPP,AEO2026 High Economic Growth
p14,2035,0.16272852000000002,0.12316194,0.08871295,0.1212285,NWPP,AEO2026 High Economic Growth
p14,2036,0.16700392,0.12563776000000001,0.09082646999999999,0.12370542999999999,NWPP,AEO2026 High Economic Growth
p14,2037,0.17220884000000003,0.12884115,0.09371057,0.12694955,NWPP,AEO2026 High Economic Growth
p14,2038,0.17759304,0.13206251,0.09629916,0.1301941,NWPP,AEO2026 High Economic Growth
p14,2039,0.18149512999999998,0.1338821,0.09761030999999999,0.13224372,NWPP,AEO2026 High Economic Growth
p14,2040,0.18683117,0.13684737,0.09991771999999999,0.13506244,NWPP,AEO2026 High Economic Growth
p14,2041,0.19296275999999998,0.1404393,0.10254440000000001,0.13849756,NWPP,AEO2026 High Economic Growth
p14,2042,0.19840080000000002,0.1434444,0.10456357000000001,0.14152694,NWPP,AEO2026 High Economic Growth
p14,2043,0.20329723000000002,0.14613879000000002,0.10663225000000001,0.14415659,NWPP,AEO2026 High Economic Growth
p14,2044,0.20821177,0.14883626,0.10869904999999999,0.14675009,NWPP,AEO2026 High Economic Growth
p14,2045,0.21325739,0.15155316,0.11076188000000001,0.1493407,NWPP,AEO2026 High Economic Growth
p14,2046,0.21840782,0.15438535,0.11292134000000001,0.15203747,NWPP,AEO2026 High Economic Growth
p14,2047,0.22370472,0.15736095,0.11518075,0.15484425999999998,NWPP,AEO2026 High Economic Growth
p14,2048,0.2286961,0.1599987,0.11690355999999999,0.15732436,NWPP,AEO2026 High Economic Growth
p14,2049,0.23367958000000003,0.16267809,0.11883587999999999,0.15978081,NWPP,AEO2026 High Economic Growth
p14,2050,0.23881031,0.16543592000000001,0.12084794,0.16234756,NWPP,AEO2026 High Economic Growth
p15,2014,0.15403214,0.11365449999999999,0.09549838,0.12444207,BASN,AEO2026 High Economic Growth
p15,2015,0.15403214,0.11365449999999999,0.09549838,0.12444207,BASN,AEO2026 High Economic Growth
p15,2016,0.15403214,0.11365449999999999,0.09549838,0.12444207,BASN,AEO2026 High Economic Growth
p15,2017,0.15403214,0.11365449999999999,0.09549838,0.12444207,BASN,AEO2026 High Economic Growth
p15,2018,0.15403214,0.11365449999999999,0.09549838,0.12444207,BASN,AEO2026 High Economic Growth
p15,2019,0.15403214,0.11365449999999999,0.09549838,0.12444207,BASN,AEO2026 High Economic Growth
p15,2020,0.15403214,0.11365449999999999,0.09549838,0.12444207,BASN,AEO2026 High Economic Growth
p15,2021,0.15403214,0.11365449999999999,0.09549838,0.12444207,BASN,AEO2026 High Economic Growth
p15,2022,0.15403214,0.11365449999999999,0.09549838,0.12444207,BASN,AEO2026 High Economic Growth
p15,2023,0.15403214,0.11365449999999999,0.09549838,0.12444207,BASN,AEO2026 High Economic Growth
p15,2024,0.15403214,0.11365449999999999,0.09549838,0.12444207,BASN,AEO2026 High Economic Growth
p15,2025,0.15403214,0.11365449999999999,0.09549838,0.12444207,BASN,AEO2026 High Economic Growth
p15,2026,0.16069059,0.11763799999999999,0.09916106,0.12798425,BASN,AEO2026 High Economic Growth
p15,2027,0.1651494,0.12016357,0.10181163,0.13010531,BASN,AEO2026 High Economic Growth
p15,2028,0.17071055999999998,0.12399723,0.10492023,0.13442042,BASN,AEO2026 High Economic Growth
p15,2029,0.17471025,0.12665502,0.10722201999999999,0.13707085,BASN,AEO2026 High Economic Growth
p15,2030,0.18061237,0.13096711,0.11107950999999999,0.14187771,BASN,AEO2026 High Economic Growth
p15,2031,0.18714161,0.13540903,0.11426032,0.14689294,BASN,AEO2026 High Economic Growth
p15,2032,0.19186895,0.13893944,0.11852623,0.15028058,BASN,AEO2026 High Economic Growth
p15,2033,0.19627733,0.14047769000000002,0.11919532000000001,0.15321207,BASN,AEO2026 High Economic Growth
p15,2034,0.19763479,0.14058643,0.11997019999999999,0.15297455,BASN,AEO2026 High Economic Growth
p15,2035,0.20142008,0.14217422,0.12138202,0.15521157,BASN,AEO2026 High Economic Growth
p15,2036,0.20426542,0.14294243,0.12204826,0.15625748,BASN,AEO2026 High Economic Growth
p15,2037,0.2082062,0.1450822,0.12439054000000001,0.15824253,BASN,AEO2026 High Economic Growth
p15,2038,0.21777466,0.15261265,0.13196638,0.16540457,BASN,AEO2026 High Economic Growth
p15,2039,0.22676645,0.15856616,0.13697459,0.17245354,BASN,AEO2026 High Economic Growth
p15,2040,0.23254797,0.16141544,0.13931393,0.17579792000000002,BASN,AEO2026 High Economic Growth
p15,2041,0.23699649999999997,0.16338818,0.14102567,0.17790163,BASN,AEO2026 High Economic Growth
p15,2042,0.24167057,0.16548965,0.14229159,0.17930662000000003,BASN,AEO2026 High Economic Growth
p15,2043,0.24594769,0.16726181,0.14368967,0.18117636,BASN,AEO2026 High Economic Growth
p15,2044,0.25024830000000003,0.16907417,0.14512171000000001,0.1830101,BASN,AEO2026 High Economic Growth
p15,2045,0.25519672,0.17115629,0.14665831000000001,0.18532625,BASN,AEO2026 High Economic Growth
p15,2046,0.26032566,0.17348431,0.14842218000000001,0.18754159999999997,BASN,AEO2026 High Economic Growth
p15,2047,0.26582104,0.17607172,0.15043449,0.19021549000000001,BASN,AEO2026 High Economic Growth
p15,2048,0.27160734000000003,0.17881653,0.15260904,0.19308855000000003,BASN,AEO2026 High Economic Growth
p15,2049,0.27737558,0.18145392999999999,0.15460425,0.19587769000000002,BASN,AEO2026 High Economic Growth
p15,2050,0.28324898,0.18442689999999998,0.15711969,0.19878979000000002,BASN,AEO2026 High Economic Growth
p16,2014,0.15403214,0.11365449999999999,0.09549838,0.12444207,BASN,AEO2026 High Economic Growth
p16,2015,0.15403214,0.11365449999999999,0.09549838,0.12444207,BASN,AEO2026 High Economic Growth
p16,2016,0.15403214,0.11365449999999999,0.09549838,0.12444207,BASN,AEO2026 High Economic Growth
p16,2017,0.15403214,0.11365449999999999,0.09549838,0.12444207,BASN,AEO2026 High Economic Growth
p16,2018,0.15403214,0.11365449999999999,0.09549838,0.12444207,BASN,AEO2026 High Economic Growth
p16,2019,0.15403214,0.11365449999999999,0.09549838,0.12444207,BASN,AEO2026 High Economic Growth
p16,2020,0.15403214,0.11365449999999999,0.09549838,0.12444207,BASN,AEO2026 High Economic Growth
p16,2021,0.15403214,0.11365449999999999,0.09549838,0.12444207,BASN,AEO2026 High Economic Growth
p16,2022,0.15403214,0.11365449999999999,0.09549838,0.12444207,BASN,AEO2026 High Economic Growth
p16,2023,0.15403214,0.11365449999999999,0.09549838,0.12444207,BASN,AEO2026 High Economic Growth
p16,2024,0.15403214,0.11365449999999999,0.09549838,0.12444207,BASN,AEO2026 High Economic Growth
p16,2025,0.15403214,0.11365449999999999,0.09549838,0.12444207,BASN,AEO2026 High Economic Growth
p16,2026,0.16069059,0.11763799999999999,0.09916106,0.12798425,BASN,AEO2026 High Economic Growth
p16,2027,0.1651494,0.12016357,0.10181163,0.13010531,BASN,AEO2026 High Economic Growth
p16,2028,0.17071055999999998,0.12399723,0.10492023,0.13442042,BASN,AEO2026 High Economic Growth
p16,2029,0.17471025,0.12665502,0.10722201999999999,0.13707085,BASN,AEO2026 High Economic Growth
p16,2030,0.18061237,0.13096711,0.11107950999999999,0.14187771,BASN,AEO2026 High Economic Growth
p16,2031,0.18714161,0.13540903,0.11426032,0.14689294,BASN,AEO2026 High Economic Growth
p16,2032,0.19186895,0.13893944,0.11852623,0.15028058,BASN,AEO2026 High Economic Growth
p16,2033,0.19627733,0.14047769000000002,0.11919532000000001,0.15321207,BASN,AEO2026 High Economic Growth
p16,2034,0.19763479,0.14058643,0.11997019999999999,0.15297455,BASN,AEO2026 High Economic Growth
p16,2035,0.20142008,0.14217422,0.12138202,0.15521157,BASN,AEO2026 High Economic Growth
p16,2036,0.20426542,0.14294243,0.12204826,0.15625748,BASN,AEO2026 High Economic Growth
p16,2037,0.2082062,0.1450822,0.12439054000000001,0.15824253,BASN,AEO2026 High Economic Growth
p16,2038,0.21777466,0.15261265,0.13196638,0.16540457,BASN,AEO2026 High Economic Growth
p16,2039,0.22676645,0.15856616,0.13697459,0.17245354,BASN,AEO2026 High Economic Growth
p16,2040,0.23254797,0.16141544,0.13931393,0.17579792000000002,BASN,AEO2026 High Economic Growth
p16,2041,0.23699649999999997,0.16338818,0.14102567,0.17790163,BASN,AEO2026 High Economic Growth
p16,2042,0.24167057,0.16548965,0.14229159,0.17930662000000003,BASN,AEO2026 High Economic Growth
p16,2043,0.24594769,0.16726181,0.14368967,0.18117636,BASN,AEO2026 High Economic Growth
p16,2044,0.25024830000000003,0.16907417,0.14512171000000001,0.1830101,BASN,AEO2026 High Economic Growth
p16,2045,0.25519672,0.17115629,0.14665831000000001,0.18532625,BASN,AEO2026 High Economic Growth
p16,2046,0.26032566,0.17348431,0.14842218000000001,0.18754159999999997,BASN,AEO2026 High Economic Growth
p16,2047,0.26582104,0.17607172,0.15043449,0.19021549000000001,BASN,AEO2026 High Economic Growth
p16,2048,0.27160734000000003,0.17881653,0.15260904,0.19308855000000003,BASN,AEO2026 High Economic Growth
p16,2049,0.27737558,0.18145392999999999,0.15460425,0.19587769000000002,BASN,AEO2026 High Economic Growth
p16,2050,0.28324898,0.18442689999999998,0.15711969,0.19878979000000002,BASN,AEO2026 High Economic Growth
p17,2014,0.14958712999999998,0.1223001,0.09119759,0.12297222,NWPP,AEO2026 High Economic Growth
p17,2015,0.14958712999999998,0.1223001,0.09119759,0.12297222,NWPP,AEO2026 High Economic Growth
p17,2016,0.14958712999999998,0.1223001,0.09119759,0.12297222,NWPP,AEO2026 High Economic Growth
p17,2017,0.14958712999999998,0.1223001,0.09119759,0.12297222,NWPP,AEO2026 High Economic Growth
p17,2018,0.14958712999999998,0.1223001,0.09119759,0.12297222,NWPP,AEO2026 High Economic Growth
p17,2019,0.14958712999999998,0.1223001,0.09119759,0.12297222,NWPP,AEO2026 High Economic Growth
p17,2020,0.14958712999999998,0.1223001,0.09119759,0.12297222,NWPP,AEO2026 High Economic Growth
p17,2021,0.14958712999999998,0.1223001,0.09119759,0.12297222,NWPP,AEO2026 High Economic Growth
p17,2022,0.14958712999999998,0.1223001,0.09119759,0.12297222,NWPP,AEO2026 High Economic Growth
p17,2023,0.14958712999999998,0.1223001,0.09119759,0.12297222,NWPP,AEO2026 High Economic Growth
p17,2024,0.14958712999999998,0.1223001,0.09119759,0.12297222,NWPP,AEO2026 High Economic Growth
p17,2025,0.14958712999999998,0.1223001,0.09119759,0.12297222,NWPP,AEO2026 High Economic Growth
p17,2026,0.15242626,0.12321949,0.09033812,0.12136288,NWPP,AEO2026 High Economic Growth
p17,2027,0.14333904,0.11062203,0.07655259,0.10855779,NWPP,AEO2026 High Economic Growth
p17,2028,0.13664763000000002,0.10443630000000001,0.07251026,0.10171891999999999,NWPP,AEO2026 High Economic Growth
p17,2029,0.13796918,0.10533788,0.07298352000000001,0.10236796,NWPP,AEO2026 High Economic Growth
p17,2030,0.14024595,0.10678222999999999,0.07421308,0.10394684,NWPP,AEO2026 High Economic Growth
p17,2031,0.14457195,0.11045197,0.07748331,0.10743003,NWPP,AEO2026 High Economic Growth
p17,2032,0.14877214,0.11371606999999999,0.08058899,0.11114483,NWPP,AEO2026 High Economic Growth
p17,2033,0.15443935,0.11809066,0.08448862,0.11571375,NWPP,AEO2026 High Economic Growth
p17,2034,0.15865324,0.12077799,0.08668250999999999,0.11871946,NWPP,AEO2026 High Economic Growth
p17,2035,0.16272852000000002,0.12316194,0.08871295,0.1212285,NWPP,AEO2026 High Economic Growth
p17,2036,0.16700392,0.12563776000000001,0.09082646999999999,0.12370542999999999,NWPP,AEO2026 High Economic Growth
p17,2037,0.17220884000000003,0.12884115,0.09371057,0.12694955,NWPP,AEO2026 High Economic Growth
p17,2038,0.17759304,0.13206251,0.09629916,0.1301941,NWPP,AEO2026 High Economic Growth
p17,2039,0.18149512999999998,0.1338821,0.09761030999999999,0.13224372,NWPP,AEO2026 High Economic Growth
p17,2040,0.18683117,0.13684737,0.09991771999999999,0.13506244,NWPP,AEO2026 High Economic Growth
p17,2041,0.19296275999999998,0.1404393,0.10254440000000001,0.13849756,NWPP,AEO2026 High Economic Growth
p17,2042,0.19840080000000002,0.1434444,0.10456357000000001,0.14152694,NWPP,AEO2026 High Economic Growth
p17,2043,0.20329723000000002,0.14613879000000002,0.10663225000000001,0.14415659,NWPP,AEO2026 High Economic Growth
p17,2044,0.20821177,0.14883626,0.10869904999999999,0.14675009,NWPP,AEO2026 High Economic Growth
p17,2045,0.21325739,0.15155316,0.11076188000000001,0.1493407,NWPP,AEO2026 High Economic Growth
p17,2046,0.21840782,0.15438535,0.11292134000000001,0.15203747,NWPP,AEO2026 High Economic Growth
p17,2047,0.22370472,0.15736095,0.11518075,0.15484425999999998,NWPP,AEO2026 High Economic Growth
p17,2048,0.2286961,0.1599987,0.11690355999999999,0.15732436,NWPP,AEO2026 High Economic Growth
p17,2049,0.23367958000000003,0.16267809,0.11883587999999999,0.15978081,NWPP,AEO2026 High Economic Growth
p17,2050,0.23881031,0.16543592000000001,0.12084794,0.16234756,NWPP,AEO2026 High Economic Growth
p18,2014,0.14958712999999998,0.1223001,0.09119759,0.12297222,NWPP,AEO2026 High Economic Growth
p18,2015,0.14958712999999998,0.1223001,0.09119759,0.12297222,NWPP,AEO2026 High Economic Growth
p18,2016,0.14958712999999998,0.1223001,0.09119759,0.12297222,NWPP,AEO2026 High Economic Growth
p18,2017,0.14958712999999998,0.1223001,0.09119759,0.12297222,NWPP,AEO2026 High Economic Growth
p18,2018,0.14958712999999998,0.1223001,0.09119759,0.12297222,NWPP,AEO2026 High Economic Growth
p18,2019,0.14958712999999998,0.1223001,0.09119759,0.12297222,NWPP,AEO2026 High Economic Growth
p18,2020,0.14958712999999998,0.1223001,0.09119759,0.12297222,NWPP,AEO2026 High Economic Growth
p18,2021,0.14958712999999998,0.1223001,0.09119759,0.12297222,NWPP,AEO2026 High Economic Growth
p18,2022,0.14958712999999998,0.1223001,0.09119759,0.12297222,NWPP,AEO2026 High Economic Growth
p18,2023,0.14958712999999998,0.1223001,0.09119759,0.12297222,NWPP,AEO2026 High Economic Growth
p18,2024,0.14958712999999998,0.1223001,0.09119759,0.12297222,NWPP,AEO2026 High Economic Growth
p18,2025,0.14958712999999998,0.1223001,0.09119759,0.12297222,NWPP,AEO2026 High Economic Growth
p18,2026,0.15242626,0.12321949,0.09033812,0.12136288,NWPP,AEO2026 High Economic Growth
p18,2027,0.14333904,0.11062203,0.07655259,0.10855779,NWPP,AEO2026 High Economic Growth
p18,2028,0.13664763000000002,0.10443630000000001,0.07251026,0.10171891999999999,NWPP,AEO2026 High Economic Growth
p18,2029,0.13796918,0.10533788,0.07298352000000001,0.10236796,NWPP,AEO2026 High Economic Growth
p18,2030,0.14024595,0.10678222999999999,0.07421308,0.10394684,NWPP,AEO2026 High Economic Growth
p18,2031,0.14457195,0.11045197,0.07748331,0.10743003,NWPP,AEO2026 High Economic Growth
p18,2032,0.14877214,0.11371606999999999,0.08058899,0.11114483,NWPP,AEO2026 High Economic Growth
p18,2033,0.15443935,0.11809066,0.08448862,0.11571375,NWPP,AEO2026 High Economic Growth
p18,2034,0.15865324,0.12077799,0.08668250999999999,0.11871946,NWPP,AEO2026 High Economic Growth
p18,2035,0.16272852000000002,0.12316194,0.08871295,0.1212285,NWPP,AEO2026 High Economic Growth
p18,2036,0.16700392,0.12563776000000001,0.09082646999999999,0.12370542999999999,NWPP,AEO2026 High Economic Growth
p18,2037,0.17220884000000003,0.12884115,0.09371057,0.12694955,NWPP,AEO2026 High Economic Growth
p18,2038,0.17759304,0.13206251,0.09629916,0.1301941,NWPP,AEO2026 High Economic Growth
p18,2039,0.18149512999999998,0.1338821,0.09761030999999999,0.13224372,NWPP,AEO2026 High Economic Growth
p18,2040,0.18683117,0.13684737,0.09991771999999999,0.13506244,NWPP,AEO2026 High Economic Growth
p18,2041,0.19296275999999998,0.1404393,0.10254440000000001,0.13849756,NWPP,AEO2026 High Economic Growth
p18,2042,0.19840080000000002,0.1434444,0.10456357000000001,0.14152694,NWPP,AEO2026 High Economic Growth
p18,2043,0.20329723000000002,0.14613879000000002,0.10663225000000001,0.14415659,NWPP,AEO2026 High Economic Growth
p18,2044,0.20821177,0.14883626,0.10869904999999999,0.14675009,NWPP,AEO2026 High Economic Growth
p18,2045,0.21325739,0.15155316,0.11076188000000001,0.1493407,NWPP,AEO2026 High Economic Growth
p18,2046,0.21840782,0.15438535,0.11292134000000001,0.15203747,NWPP,AEO2026 High Economic Growth
p18,2047,0.22370472,0.15736095,0.11518075,0.15484425999999998,NWPP,AEO2026 High Economic Growth
p18,2048,0.2286961,0.1599987,0.11690355999999999,0.15732436,NWPP,AEO2026 High Economic Growth
p18,2049,0.23367958000000003,0.16267809,0.11883587999999999,0.15978081,NWPP,AEO2026 High Economic Growth
p18,2050,0.23881031,0.16543592000000001,0.12084794,0.16234756,NWPP,AEO2026 High Economic Growth
p19,2014,0.16248287,0.12197010999999999,0.08588733,0.13089389,MISW,AEO2026 High Economic Growth
p19,2015,0.16248287,0.12197010999999999,0.08588733,0.13089389,MISW,AEO2026 High Economic Growth
p19,2016,0.16248287,0.12197010999999999,0.08588733,0.13089389,MISW,AEO2026 High Economic Growth
p19,2017,0.16248287,0.12197010999999999,0.08588733,0.13089389,MISW,AEO2026 High Economic Growth
p19,2018,0.16248287,0.12197010999999999,0.08588733,0.13089389,MISW,AEO2026 High Economic Growth
p19,2019,0.16248287,0.12197010999999999,0.08588733,0.13089389,MISW,AEO2026 High Economic Growth
p19,2020,0.16248287,0.12197010999999999,0.08588733,0.13089389,MISW,AEO2026 High Economic Growth
p19,2021,0.16248287,0.12197010999999999,0.08588733,0.13089389,MISW,AEO2026 High Economic Growth
p19,2022,0.16248287,0.12197010999999999,0.08588733,0.13089389,MISW,AEO2026 High Economic Growth
p19,2023,0.16248287,0.12197010999999999,0.08588733,0.13089389,MISW,AEO2026 High Economic Growth
p19,2024,0.16248287,0.12197010999999999,0.08588733,0.13089389,MISW,AEO2026 High Economic Growth
p19,2025,0.16248287,0.12197010999999999,0.08588733,0.13089389,MISW,AEO2026 High Economic Growth
p19,2026,0.16766201,0.12477067,0.08868482,0.13479905,MISW,AEO2026 High Economic Growth
p19,2027,0.16287548000000002,0.12083496,0.08317901000000001,0.1305242,MISW,AEO2026 High Economic Growth
p19,2028,0.16024588,0.11817952,0.08181023,0.12698872,MISW,AEO2026 High Economic Growth
p19,2029,0.16351196,0.1208651,0.08380258,0.1294595,MISW,AEO2026 High Economic Growth
p19,2030,0.16909843,0.12505867,0.08756831,0.13370493,MISW,AEO2026 High Economic Growth
p19,2031,0.17573256,0.13013453,0.091877,0.13916435,MISW,AEO2026 High Economic Growth
p19,2032,0.18756071,0.13801392999999998,0.10104946999999999,0.14759421,MISW,AEO2026 High Economic Growth
p19,2033,0.19642498,0.14503287,0.10599674,0.15590479999999998,MISW,AEO2026 High Economic Growth
p19,2034,0.19978474,0.14690134,0.10810385,0.15829041,MISW,AEO2026 High Economic Growth
p19,2035,0.20226637,0.14826430999999998,0.10941936999999999,0.16016607,MISW,AEO2026 High Economic Growth
p19,2036,0.20440258,0.14917685,0.11063698999999999,0.16138079000000002,MISW,AEO2026 High Economic Growth
p19,2037,0.20722219,0.15063631,0.11229718,0.16307716,MISW,AEO2026 High Economic Growth
p19,2038,0.21040915999999998,0.15251136,0.11410906999999999,0.16517584,MISW,AEO2026 High Economic Growth
p19,2039,0.21576754,0.15576207,0.11776953000000001,0.16861088,MISW,AEO2026 High Economic Growth
p19,2040,0.22041187,0.15897035,0.12019525,0.17222539999999997,MISW,AEO2026 High Economic Growth
p19,2041,0.22353382,0.1607233,0.12181417,0.17406223,MISW,AEO2026 High Economic Growth
p19,2042,0.2277738,0.16343889,0.12417999,0.17688797,MISW,AEO2026 High Economic Growth
p19,2043,0.2314134,0.16591598999999999,0.12589622,0.17949589,MISW,AEO2026 High Economic Growth
p19,2044,0.23442743,0.16781569000000002,0.12727233999999998,0.18137217,MISW,AEO2026 High Economic Growth
p19,2045,0.23793424999999999,0.16998217000000002,0.12888855,0.18355015000000002,MISW,AEO2026 High Economic Growth
p19,2046,0.24152498,0.17224937,0.13058331,0.18584827,MISW,AEO2026 High Economic Growth
p19,2047,0.24490511,0.17434729000000002,0.1321505,0.18789166999999998,MISW,AEO2026 High Economic Growth
p19,2048,0.24831738,0.17645754,0.13376758,0.18992132,MISW,AEO2026 High Economic Growth
p19,2049,0.25189774,0.17879304999999998,0.13542656,0.19218744000000001,MISW,AEO2026 High Economic Growth
p19,2050,0.25540918,0.18105091,0.13702437,0.19438015,MISW,AEO2026 High Economic Growth
p20,2014,0.14958712999999998,0.1223001,0.09119759,0.12297222,NWPP,AEO2026 High Economic Growth
p20,2015,0.14958712999999998,0.1223001,0.09119759,0.12297222,NWPP,AEO2026 High Economic Growth
p20,2016,0.14958712999999998,0.1223001,0.09119759,0.12297222,NWPP,AEO2026 High Economic Growth
p20,2017,0.14958712999999998,0.1223001,0.09119759,0.12297222,NWPP,AEO2026 High Economic Growth
p20,2018,0.14958712999999998,0.1223001,0.09119759,0.12297222,NWPP,AEO2026 High Economic Growth
p20,2019,0.14958712999999998,0.1223001,0.09119759,0.12297222,NWPP,AEO2026 High Economic Growth
p20,2020,0.14958712999999998,0.1223001,0.09119759,0.12297222,NWPP,AEO2026 High Economic Growth
p20,2021,0.14958712999999998,0.1223001,0.09119759,0.12297222,NWPP,AEO2026 High Economic Growth
p20,2022,0.14958712999999998,0.1223001,0.09119759,0.12297222,NWPP,AEO2026 High Economic Growth
p20,2023,0.14958712999999998,0.1223001,0.09119759,0.12297222,NWPP,AEO2026 High Economic Growth
p20,2024,0.14958712999999998,0.1223001,0.09119759,0.12297222,NWPP,AEO2026 High Economic Growth
p20,2025,0.14958712999999998,0.1223001,0.09119759,0.12297222,NWPP,AEO2026 High Economic Growth
p20,2026,0.15242626,0.12321949,0.09033812,0.12136288,NWPP,AEO2026 High Economic Growth
p20,2027,0.14333904,0.11062203,0.07655259,0.10855779,NWPP,AEO2026 High Economic Growth
p20,2028,0.13664763000000002,0.10443630000000001,0.07251026,0.10171891999999999,NWPP,AEO2026 High Economic Growth
p20,2029,0.13796918,0.10533788,0.07298352000000001,0.10236796,NWPP,AEO2026 High Economic Growth
p20,2030,0.14024595,0.10678222999999999,0.07421308,0.10394684,NWPP,AEO2026 High Economic Growth
p20,2031,0.14457195,0.11045197,0.07748331,0.10743003,NWPP,AEO2026 High Economic Growth
p20,2032,0.14877214,0.11371606999999999,0.08058899,0.11114483,NWPP,AEO2026 High Economic Growth
p20,2033,0.15443935,0.11809066,0.08448862,0.11571375,NWPP,AEO2026 High Economic Growth
p20,2034,0.15865324,0.12077799,0.08668250999999999,0.11871946,NWPP,AEO2026 High Economic Growth
p20,2035,0.16272852000000002,0.12316194,0.08871295,0.1212285,NWPP,AEO2026 High Economic Growth
p20,2036,0.16700392,0.12563776000000001,0.09082646999999999,0.12370542999999999,NWPP,AEO2026 High Economic Growth
p20,2037,0.17220884000000003,0.12884115,0.09371057,0.12694955,NWPP,AEO2026 High Economic Growth
p20,2038,0.17759304,0.13206251,0.09629916,0.1301941,NWPP,AEO2026 High Economic Growth
p20,2039,0.18149512999999998,0.1338821,0.09761030999999999,0.13224372,NWPP,AEO2026 High Economic Growth
p20,2040,0.18683117,0.13684737,0.09991771999999999,0.13506244,NWPP,AEO2026 High Economic Growth
p20,2041,0.19296275999999998,0.1404393,0.10254440000000001,0.13849756,NWPP,AEO2026 High Economic Growth
p20,2042,0.19840080000000002,0.1434444,0.10456357000000001,0.14152694,NWPP,AEO2026 High Economic Growth
p20,2043,0.20329723000000002,0.14613879000000002,0.10663225000000001,0.14415659,NWPP,AEO2026 High Economic Growth
p20,2044,0.20821177,0.14883626,0.10869904999999999,0.14675009,NWPP,AEO2026 High Economic Growth
p20,2045,0.21325739,0.15155316,0.11076188000000001,0.1493407,NWPP,AEO2026 High Economic Growth
p20,2046,0.21840782,0.15438535,0.11292134000000001,0.15203747,NWPP,AEO2026 High Economic Growth
p20,2047,0.22370472,0.15736095,0.11518075,0.15484425999999998,NWPP,AEO2026 High Economic Growth
p20,2048,0.2286961,0.1599987,0.11690355999999999,0.15732436,NWPP,AEO2026 High Economic Growth
p20,2049,0.23367958000000003,0.16267809,0.11883587999999999,0.15978081,NWPP,AEO2026 High Economic Growth
p20,2050,0.23881031,0.16543592000000001,0.12084794,0.16234756,NWPP,AEO2026 High Economic Growth
p21,2014,0.15403214,0.11365449999999999,0.09549838,0.12444207,BASN,AEO2026 High Economic Growth
p21,2015,0.15403214,0.11365449999999999,0.09549838,0.12444207,BASN,AEO2026 High Economic Growth
p21,2016,0.15403214,0.11365449999999999,0.09549838,0.12444207,BASN,AEO2026 High Economic Growth
p21,2017,0.15403214,0.11365449999999999,0.09549838,0.12444207,BASN,AEO2026 High Economic Growth
p21,2018,0.15403214,0.11365449999999999,0.09549838,0.12444207,BASN,AEO2026 High Economic Growth
p21,2019,0.15403214,0.11365449999999999,0.09549838,0.12444207,BASN,AEO2026 High Economic Growth
p21,2020,0.15403214,0.11365449999999999,0.09549838,0.12444207,BASN,AEO2026 High Economic Growth
p21,2021,0.15403214,0.11365449999999999,0.09549838,0.12444207,BASN,AEO2026 High Economic Growth
p21,2022,0.15403214,0.11365449999999999,0.09549838,0.12444207,BASN,AEO2026 High Economic Growth
p21,2023,0.15403214,0.11365449999999999,0.09549838,0.12444207,BASN,AEO2026 High Economic Growth
p21,2024,0.15403214,0.11365449999999999,0.09549838,0.12444207,BASN,AEO2026 High Economic Growth
p21,2025,0.15403214,0.11365449999999999,0.09549838,0.12444207,BASN,AEO2026 High Economic Growth
p21,2026,0.16069059,0.11763799999999999,0.09916106,0.12798425,BASN,AEO2026 High Economic Growth
p21,2027,0.1651494,0.12016357,0.10181163,0.13010531,BASN,AEO2026 High Economic Growth
p21,2028,0.17071055999999998,0.12399723,0.10492023,0.13442042,BASN,AEO2026 High Economic Growth
p21,2029,0.17471025,0.12665502,0.10722201999999999,0.13707085,BASN,AEO2026 High Economic Growth
p21,2030,0.18061237,0.13096711,0.11107950999999999,0.14187771,BASN,AEO2026 High Economic Growth
p21,2031,0.18714161,0.13540903,0.11426032,0.14689294,BASN,AEO2026 High Economic Growth
p21,2032,0.19186895,0.13893944,0.11852623,0.15028058,BASN,AEO2026 High Economic Growth
p21,2033,0.19627733,0.14047769000000002,0.11919532000000001,0.15321207,BASN,AEO2026 High Economic Growth
p21,2034,0.19763479,0.14058643,0.11997019999999999,0.15297455,BASN,AEO2026 High Economic Growth
p21,2035,0.20142008,0.14217422,0.12138202,0.15521157,BASN,AEO2026 High Economic Growth
p21,2036,0.20426542,0.14294243,0.12204826,0.15625748,BASN,AEO2026 High Economic Growth
p21,2037,0.2082062,0.1450822,0.12439054000000001,0.15824253,BASN,AEO2026 High Economic Growth
p21,2038,0.21777466,0.15261265,0.13196638,0.16540457,BASN,AEO2026 High Economic Growth
p21,2039,0.22676645,0.15856616,0.13697459,0.17245354,BASN,AEO2026 High Economic Growth
p21,2040,0.23254797,0.16141544,0.13931393,0.17579792000000002,BASN,AEO2026 High Economic Growth
p21,2041,0.23699649999999997,0.16338818,0.14102567,0.17790163,BASN,AEO2026 High Economic Growth
p21,2042,0.24167057,0.16548965,0.14229159,0.17930662000000003,BASN,AEO2026 High Economic Growth
p21,2043,0.24594769,0.16726181,0.14368967,0.18117636,BASN,AEO2026 High Economic Growth
p21,2044,0.25024830000000003,0.16907417,0.14512171000000001,0.1830101,BASN,AEO2026 High Economic Growth
p21,2045,0.25519672,0.17115629,0.14665831000000001,0.18532625,BASN,AEO2026 High Economic Growth
p21,2046,0.26032566,0.17348431,0.14842218000000001,0.18754159999999997,BASN,AEO2026 High Economic Growth
p21,2047,0.26582104,0.17607172,0.15043449,0.19021549000000001,BASN,AEO2026 High Economic Growth
p21,2048,0.27160734000000003,0.17881653,0.15260904,0.19308855000000003,BASN,AEO2026 High Economic Growth
p21,2049,0.27737558,0.18145392999999999,0.15460425,0.19587769000000002,BASN,AEO2026 High Economic Growth
p21,2050,0.28324898,0.18442689999999998,0.15711969,0.19878979000000002,BASN,AEO2026 High Economic Growth
p22,2014,0.12363567,0.09481756000000001,0.07496182,0.09416596999999999,RMRG,AEO2026 High Economic Growth
p22,2015,0.12363567,0.09481756000000001,0.07496182,0.09416596999999999,RMRG,AEO2026 High Economic Growth
p22,2016,0.12363567,0.09481756000000001,0.07496182,0.09416596999999999,RMRG,AEO2026 High Economic Growth
p22,2017,0.12363567,0.09481756000000001,0.07496182,0.09416596999999999,RMRG,AEO2026 High Economic Growth
p22,2018,0.12363567,0.09481756000000001,0.07496182,0.09416596999999999,RMRG,AEO2026 High Economic Growth
p22,2019,0.12363567,0.09481756000000001,0.07496182,0.09416596999999999,RMRG,AEO2026 High Economic Growth
p22,2020,0.12363567,0.09481756000000001,0.07496182,0.09416596999999999,RMRG,AEO2026 High Economic Growth
p22,2021,0.12363567,0.09481756000000001,0.07496182,0.09416596999999999,RMRG,AEO2026 High Economic Growth
p22,2022,0.12363567,0.09481756000000001,0.07496182,0.09416596999999999,RMRG,AEO2026 High Economic Growth
p22,2023,0.12363567,0.09481756000000001,0.07496182,0.09416596999999999,RMRG,AEO2026 High Economic Growth
p22,2024,0.12363567,0.09481756000000001,0.07496182,0.09416596999999999,RMRG,AEO2026 High Economic Growth
p22,2025,0.12363567,0.09481756000000001,0.07496182,0.09416596999999999,RMRG,AEO2026 High Economic Growth
p22,2026,0.12584435,0.09527303,0.07477176,0.09385728,RMRG,AEO2026 High Economic Growth
p22,2027,0.13250507,0.09998279,0.07944894,0.09844248,RMRG,AEO2026 High Economic Growth
p22,2028,0.13861855,0.10480004,0.08339405,0.10332178,RMRG,AEO2026 High Economic Growth
p22,2029,0.14220449000000002,0.1074077,0.0858771,0.10589805000000001,RMRG,AEO2026 High Economic Growth
p22,2030,0.14967218000000002,0.11402926000000001,0.0929726,0.11245867000000001,RMRG,AEO2026 High Economic Growth
p22,2031,0.15661714999999998,0.11936731,0.09781314999999999,0.11808904,RMRG,AEO2026 High Economic Growth
p22,2032,0.1645656,0.12639034000000002,0.10553322,0.12527597999999998,RMRG,AEO2026 High Economic Growth
p22,2033,0.17036563999999998,0.1300373,0.1086942,0.12949474,RMRG,AEO2026 High Economic Growth
p22,2034,0.17369101,0.13166703,0.11049342,0.13152704,RMRG,AEO2026 High Economic Growth
p22,2035,0.17682196,0.13315933,0.11214874999999999,0.13327747,RMRG,AEO2026 High Economic Growth
p22,2036,0.18057018,0.13531544,0.11443423,0.1355864,RMRG,AEO2026 High Economic Growth
p22,2037,0.18575817,0.13888466,0.11807564,0.13927752,RMRG,AEO2026 High Economic Growth
p22,2038,0.19038874,0.1415292,0.12039065,0.14220629,RMRG,AEO2026 High Economic Growth
p22,2039,0.1958325,0.14551361,0.12436639,0.14625529,RMRG,AEO2026 High Economic Growth
p22,2040,0.2026074,0.15008862,0.12860165,0.15087575,RMRG,AEO2026 High Economic Growth
p22,2041,0.20747841,0.15262096,0.13076925,0.15355443,RMRG,AEO2026 High Economic Growth
p22,2042,0.21113928,0.15407701,0.13198309,0.15507888,RMRG,AEO2026 High Economic Growth
p22,2043,0.21488779000000002,0.15568006,0.13330041,0.15667256,RMRG,AEO2026 High Economic Growth
p22,2044,0.21884278999999998,0.15735062,0.13464591,0.15833683,RMRG,AEO2026 High Economic Growth
p22,2045,0.22301895,0.1591393,0.13611151,0.16008151999999998,RMRG,AEO2026 High Economic Growth
p22,2046,0.22750178999999998,0.16124365000000002,0.13786104,0.16210205,RMRG,AEO2026 High Economic Growth
p22,2047,0.23211487000000003,0.16342790999999998,0.13963954,0.16418575000000002,RMRG,AEO2026 High Economic Growth
p22,2048,0.23683809,0.16564425,0.14139884,0.16629218999999998,RMRG,AEO2026 High Economic Growth
p22,2049,0.24164255,0.16786215,0.14311362,0.16838315999999998,RMRG,AEO2026 High Economic Growth
p22,2050,0.24675285,0.17049423,0.14531143,0.17080898,RMRG,AEO2026 High Economic Growth
p23,2014,0.12363567,0.09481756000000001,0.07496182,0.09416596999999999,RMRG,AEO2026 High Economic Growth
p23,2015,0.12363567,0.09481756000000001,0.07496182,0.09416596999999999,RMRG,AEO2026 High Economic Growth
p23,2016,0.12363567,0.09481756000000001,0.07496182,0.09416596999999999,RMRG,AEO2026 High Economic Growth
p23,2017,0.12363567,0.09481756000000001,0.07496182,0.09416596999999999,RMRG,AEO2026 High Economic Growth
p23,2018,0.12363567,0.09481756000000001,0.07496182,0.09416596999999999,RMRG,AEO2026 High Economic Growth
p23,2019,0.12363567,0.09481756000000001,0.07496182,0.09416596999999999,RMRG,AEO2026 High Economic Growth
p23,2020,0.12363567,0.09481756000000001,0.07496182,0.09416596999999999,RMRG,AEO2026 High Economic Growth
p23,2021,0.12363567,0.09481756000000001,0.07496182,0.09416596999999999,RMRG,AEO2026 High Economic Growth
p23,2022,0.12363567,0.09481756000000001,0.07496182,0.09416596999999999,RMRG,AEO2026 High Economic Growth
p23,2023,0.12363567,0.09481756000000001,0.07496182,0.09416596999999999,RMRG,AEO2026 High Economic Growth
p23,2024,0.12363567,0.09481756000000001,0.07496182,0.09416596999999999,RMRG,AEO2026 High Economic Growth
p23,2025,0.12363567,0.09481756000000001,0.07496182,0.09416596999999999,RMRG,AEO2026 High Economic Growth
p23,2026,0.12584435,0.09527303,0.07477176,0.09385728,RMRG,AEO2026 High Economic Growth
p23,2027,0.13250507,0.09998279,0.07944894,0.09844248,RMRG,AEO2026 High Economic Growth
p23,2028,0.13861855,0.10480004,0.08339405,0.10332178,RMRG,AEO2026 High Economic Growth
p23,2029,0.14220449000000002,0.1074077,0.0858771,0.10589805000000001,RMRG,AEO2026 High Economic Growth
p23,2030,0.14967218000000002,0.11402926000000001,0.0929726,0.11245867000000001,RMRG,AEO2026 High Economic Growth
p23,2031,0.15661714999999998,0.11936731,0.09781314999999999,0.11808904,RMRG,AEO2026 High Economic Growth
p23,2032,0.1645656,0.12639034000000002,0.10553322,0.12527597999999998,RMRG,AEO2026 High Economic Growth
p23,2033,0.17036563999999998,0.1300373,0.1086942,0.12949474,RMRG,AEO2026 High Economic Growth
p23,2034,0.17369101,0.13166703,0.11049342,0.13152704,RMRG,AEO2026 High Economic Growth
p23,2035,0.17682196,0.13315933,0.11214874999999999,0.13327747,RMRG,AEO2026 High Economic Growth
p23,2036,0.18057018,0.13531544,0.11443423,0.1355864,RMRG,AEO2026 High Economic Growth
p23,2037,0.18575817,0.13888466,0.11807564,0.13927752,RMRG,AEO2026 High Economic Growth
p23,2038,0.19038874,0.1415292,0.12039065,0.14220629,RMRG,AEO2026 High Economic Growth
p23,2039,0.1958325,0.14551361,0.12436639,0.14625529,RMRG,AEO2026 High Economic Growth
p23,2040,0.2026074,0.15008862,0.12860165,0.15087575,RMRG,AEO2026 High Economic Growth
p23,2041,0.20747841,0.15262096,0.13076925,0.15355443,RMRG,AEO2026 High Economic Growth
p23,2042,0.21113928,0.15407701,0.13198309,0.15507888,RMRG,AEO2026 High Economic Growth
p23,2043,0.21488779000000002,0.15568006,0.13330041,0.15667256,RMRG,AEO2026 High Economic Growth
p23,2044,0.21884278999999998,0.15735062,0.13464591,0.15833683,RMRG,AEO2026 High Economic Growth
p23,2045,0.22301895,0.1591393,0.13611151,0.16008151999999998,RMRG,AEO2026 High Economic Growth
p23,2046,0.22750178999999998,0.16124365000000002,0.13786104,0.16210205,RMRG,AEO2026 High Economic Growth
p23,2047,0.23211487000000003,0.16342790999999998,0.13963954,0.16418575000000002,RMRG,AEO2026 High Economic Growth
p23,2048,0.23683809,0.16564425,0.14139884,0.16629218999999998,RMRG,AEO2026 High Economic Growth
p23,2049,0.24164255,0.16786215,0.14311362,0.16838315999999998,RMRG,AEO2026 High Economic Growth
p23,2050,0.24675285,0.17049423,0.14531143,0.17080898,RMRG,AEO2026 High Economic Growth
p24,2014,0.12363567,0.09481756000000001,0.07496182,0.09416596999999999,RMRG,AEO2026 High Economic Growth
p24,2015,0.12363567,0.09481756000000001,0.07496182,0.09416596999999999,RMRG,AEO2026 High Economic Growth
p24,2016,0.12363567,0.09481756000000001,0.07496182,0.09416596999999999,RMRG,AEO2026 High Economic Growth
p24,2017,0.12363567,0.09481756000000001,0.07496182,0.09416596999999999,RMRG,AEO2026 High Economic Growth
p24,2018,0.12363567,0.09481756000000001,0.07496182,0.09416596999999999,RMRG,AEO2026 High Economic Growth
p24,2019,0.12363567,0.09481756000000001,0.07496182,0.09416596999999999,RMRG,AEO2026 High Economic Growth
p24,2020,0.12363567,0.09481756000000001,0.07496182,0.09416596999999999,RMRG,AEO2026 High Economic Growth
p24,2021,0.12363567,0.09481756000000001,0.07496182,0.09416596999999999,RMRG,AEO2026 High Economic Growth
p24,2022,0.12363567,0.09481756000000001,0.07496182,0.09416596999999999,RMRG,AEO2026 High Economic Growth
p24,2023,0.12363567,0.09481756000000001,0.07496182,0.09416596999999999,RMRG,AEO2026 High Economic Growth
p24,2024,0.12363567,0.09481756000000001,0.07496182,0.09416596999999999,RMRG,AEO2026 High Economic Growth
p24,2025,0.12363567,0.09481756000000001,0.07496182,0.09416596999999999,RMRG,AEO2026 High Economic Growth
p24,2026,0.12584435,0.09527303,0.07477176,0.09385728,RMRG,AEO2026 High Economic Growth
p24,2027,0.13250507,0.09998279,0.07944894,0.09844248,RMRG,AEO2026 High Economic Growth
p24,2028,0.13861855,0.10480004,0.08339405,0.10332178,RMRG,AEO2026 High Economic Growth
p24,2029,0.14220449000000002,0.1074077,0.0858771,0.10589805000000001,RMRG,AEO2026 High Economic Growth
p24,2030,0.14967218000000002,0.11402926000000001,0.0929726,0.11245867000000001,RMRG,AEO2026 High Economic Growth
p24,2031,0.15661714999999998,0.11936731,0.09781314999999999,0.11808904,RMRG,AEO2026 High Economic Growth
p24,2032,0.1645656,0.12639034000000002,0.10553322,0.12527597999999998,RMRG,AEO2026 High Economic Growth
p24,2033,0.17036563999999998,0.1300373,0.1086942,0.12949474,RMRG,AEO2026 High Economic Growth
p24,2034,0.17369101,0.13166703,0.11049342,0.13152704,RMRG,AEO2026 High Economic Growth
p24,2035,0.17682196,0.13315933,0.11214874999999999,0.13327747,RMRG,AEO2026 High Economic Growth
p24,2036,0.18057018,0.13531544,0.11443423,0.1355864,RMRG,AEO2026 High Economic Growth
p24,2037,0.18575817,0.13888466,0.11807564,0.13927752,RMRG,AEO2026 High Economic Growth
p24,2038,0.19038874,0.1415292,0.12039065,0.14220629,RMRG,AEO2026 High Economic Growth
p24,2039,0.1958325,0.14551361,0.12436639,0.14625529,RMRG,AEO2026 High Economic Growth
p24,2040,0.2026074,0.15008862,0.12860165,0.15087575,RMRG,AEO2026 High Economic Growth
p24,2041,0.20747841,0.15262096,0.13076925,0.15355443,RMRG,AEO2026 High Economic Growth
p24,2042,0.21113928,0.15407701,0.13198309,0.15507888,RMRG,AEO2026 High Economic Growth
p24,2043,0.21488779000000002,0.15568006,0.13330041,0.15667256,RMRG,AEO2026 High Economic Growth
p24,2044,0.21884278999999998,0.15735062,0.13464591,0.15833683,RMRG,AEO2026 High Economic Growth
p24,2045,0.22301895,0.1591393,0.13611151,0.16008151999999998,RMRG,AEO2026 High Economic Growth
p24,2046,0.22750178999999998,0.16124365000000002,0.13786104,0.16210205,RMRG,AEO2026 High Economic Growth
p24,2047,0.23211487000000003,0.16342790999999998,0.13963954,0.16418575000000002,RMRG,AEO2026 High Economic Growth
p24,2048,0.23683809,0.16564425,0.14139884,0.16629218999999998,RMRG,AEO2026 High Economic Growth
p24,2049,0.24164255,0.16786215,0.14311362,0.16838315999999998,RMRG,AEO2026 High Economic Growth
p24,2050,0.24675285,0.17049423,0.14531143,0.17080898,RMRG,AEO2026 High Economic Growth
p25,2014,0.15403214,0.11365449999999999,0.09549838,0.12444207,BASN,AEO2026 High Economic Growth
p25,2015,0.15403214,0.11365449999999999,0.09549838,0.12444207,BASN,AEO2026 High Economic Growth
p25,2016,0.15403214,0.11365449999999999,0.09549838,0.12444207,BASN,AEO2026 High Economic Growth
p25,2017,0.15403214,0.11365449999999999,0.09549838,0.12444207,BASN,AEO2026 High Economic Growth
p25,2018,0.15403214,0.11365449999999999,0.09549838,0.12444207,BASN,AEO2026 High Economic Growth
p25,2019,0.15403214,0.11365449999999999,0.09549838,0.12444207,BASN,AEO2026 High Economic Growth
p25,2020,0.15403214,0.11365449999999999,0.09549838,0.12444207,BASN,AEO2026 High Economic Growth
p25,2021,0.15403214,0.11365449999999999,0.09549838,0.12444207,BASN,AEO2026 High Economic Growth
p25,2022,0.15403214,0.11365449999999999,0.09549838,0.12444207,BASN,AEO2026 High Economic Growth
p25,2023,0.15403214,0.11365449999999999,0.09549838,0.12444207,BASN,AEO2026 High Economic Growth
p25,2024,0.15403214,0.11365449999999999,0.09549838,0.12444207,BASN,AEO2026 High Economic Growth
p25,2025,0.15403214,0.11365449999999999,0.09549838,0.12444207,BASN,AEO2026 High Economic Growth
p25,2026,0.16069059,0.11763799999999999,0.09916106,0.12798425,BASN,AEO2026 High Economic Growth
p25,2027,0.1651494,0.12016357,0.10181163,0.13010531,BASN,AEO2026 High Economic Growth
p25,2028,0.17071055999999998,0.12399723,0.10492023,0.13442042,BASN,AEO2026 High Economic Growth
p25,2029,0.17471025,0.12665502,0.10722201999999999,0.13707085,BASN,AEO2026 High Economic Growth
p25,2030,0.18061237,0.13096711,0.11107950999999999,0.14187771,BASN,AEO2026 High Economic Growth
p25,2031,0.18714161,0.13540903,0.11426032,0.14689294,BASN,AEO2026 High Economic Growth
p25,2032,0.19186895,0.13893944,0.11852623,0.15028058,BASN,AEO2026 High Economic Growth
p25,2033,0.19627733,0.14047769000000002,0.11919532000000001,0.15321207,BASN,AEO2026 High Economic Growth
p25,2034,0.19763479,0.14058643,0.11997019999999999,0.15297455,BASN,AEO2026 High Economic Growth
p25,2035,0.20142008,0.14217422,0.12138202,0.15521157,BASN,AEO2026 High Economic Growth
p25,2036,0.20426542,0.14294243,0.12204826,0.15625748,BASN,AEO2026 High Economic Growth
p25,2037,0.2082062,0.1450822,0.12439054000000001,0.15824253,BASN,AEO2026 High Economic Growth
p25,2038,0.21777466,0.15261265,0.13196638,0.16540457,BASN,AEO2026 High Economic Growth
p25,2039,0.22676645,0.15856616,0.13697459,0.17245354,BASN,AEO2026 High Economic Growth
p25,2040,0.23254797,0.16141544,0.13931393,0.17579792000000002,BASN,AEO2026 High Economic Growth
p25,2041,0.23699649999999997,0.16338818,0.14102567,0.17790163,BASN,AEO2026 High Economic Growth
p25,2042,0.24167057,0.16548965,0.14229159,0.17930662000000003,BASN,AEO2026 High Economic Growth
p25,2043,0.24594769,0.16726181,0.14368967,0.18117636,BASN,AEO2026 High Economic Growth
p25,2044,0.25024830000000003,0.16907417,0.14512171000000001,0.1830101,BASN,AEO2026 High Economic Growth
p25,2045,0.25519672,0.17115629,0.14665831000000001,0.18532625,BASN,AEO2026 High Economic Growth
p25,2046,0.26032566,0.17348431,0.14842218000000001,0.18754159999999997,BASN,AEO2026 High Economic Growth
p25,2047,0.26582104,0.17607172,0.15043449,0.19021549000000001,BASN,AEO2026 High Economic Growth
p25,2048,0.27160734000000003,0.17881653,0.15260904,0.19308855000000003,BASN,AEO2026 High Economic Growth
p25,2049,0.27737558,0.18145392999999999,0.15460425,0.19587769000000002,BASN,AEO2026 High Economic Growth
p25,2050,0.28324898,0.18442689999999998,0.15711969,0.19878979000000002,BASN,AEO2026 High Economic Growth
p26,2014,0.15403214,0.11365449999999999,0.09549838,0.12444207,BASN,AEO2026 High Economic Growth
p26,2015,0.15403214,0.11365449999999999,0.09549838,0.12444207,BASN,AEO2026 High Economic Growth
p26,2016,0.15403214,0.11365449999999999,0.09549838,0.12444207,BASN,AEO2026 High Economic Growth
p26,2017,0.15403214,0.11365449999999999,0.09549838,0.12444207,BASN,AEO2026 High Economic Growth
p26,2018,0.15403214,0.11365449999999999,0.09549838,0.12444207,BASN,AEO2026 High Economic Growth
p26,2019,0.15403214,0.11365449999999999,0.09549838,0.12444207,BASN,AEO2026 High Economic Growth
p26,2020,0.15403214,0.11365449999999999,0.09549838,0.12444207,BASN,AEO2026 High Economic Growth
p26,2021,0.15403214,0.11365449999999999,0.09549838,0.12444207,BASN,AEO2026 High Economic Growth
p26,2022,0.15403214,0.11365449999999999,0.09549838,0.12444207,BASN,AEO2026 High Economic Growth
p26,2023,0.15403214,0.11365449999999999,0.09549838,0.12444207,BASN,AEO2026 High Economic Growth
p26,2024,0.15403214,0.11365449999999999,0.09549838,0.12444207,BASN,AEO2026 High Economic Growth
p26,2025,0.15403214,0.11365449999999999,0.09549838,0.12444207,BASN,AEO2026 High Economic Growth
p26,2026,0.16069059,0.11763799999999999,0.09916106,0.12798425,BASN,AEO2026 High Economic Growth
p26,2027,0.1651494,0.12016357,0.10181163,0.13010531,BASN,AEO2026 High Economic Growth
p26,2028,0.17071055999999998,0.12399723,0.10492023,0.13442042,BASN,AEO2026 High Economic Growth
p26,2029,0.17471025,0.12665502,0.10722201999999999,0.13707085,BASN,AEO2026 High Economic Growth
p26,2030,0.18061237,0.13096711,0.11107950999999999,0.14187771,BASN,AEO2026 High Economic Growth
p26,2031,0.18714161,0.13540903,0.11426032,0.14689294,BASN,AEO2026 High Economic Growth
p26,2032,0.19186895,0.13893944,0.11852623,0.15028058,BASN,AEO2026 High Economic Growth
p26,2033,0.19627733,0.14047769000000002,0.11919532000000001,0.15321207,BASN,AEO2026 High Economic Growth
p26,2034,0.19763479,0.14058643,0.11997019999999999,0.15297455,BASN,AEO2026 High Economic Growth
p26,2035,0.20142008,0.14217422,0.12138202,0.15521157,BASN,AEO2026 High Economic Growth
p26,2036,0.20426542,0.14294243,0.12204826,0.15625748,BASN,AEO2026 High Economic Growth
p26,2037,0.2082062,0.1450822,0.12439054000000001,0.15824253,BASN,AEO2026 High Economic Growth
p26,2038,0.21777466,0.15261265,0.13196638,0.16540457,BASN,AEO2026 High Economic Growth
p26,2039,0.22676645,0.15856616,0.13697459,0.17245354,BASN,AEO2026 High Economic Growth
p26,2040,0.23254797,0.16141544,0.13931393,0.17579792000000002,BASN,AEO2026 High Economic Growth
p26,2041,0.23699649999999997,0.16338818,0.14102567,0.17790163,BASN,AEO2026 High Economic Growth
p26,2042,0.24167057,0.16548965,0.14229159,0.17930662000000003,BASN,AEO2026 High Economic Growth
p26,2043,0.24594769,0.16726181,0.14368967,0.18117636,BASN,AEO2026 High Economic Growth
p26,2044,0.25024830000000003,0.16907417,0.14512171000000001,0.1830101,BASN,AEO2026 High Economic Growth
p26,2045,0.25519672,0.17115629,0.14665831000000001,0.18532625,BASN,AEO2026 High Economic Growth
p26,2046,0.26032566,0.17348431,0.14842218000000001,0.18754159999999997,BASN,AEO2026 High Economic Growth
p26,2047,0.26582104,0.17607172,0.15043449,0.19021549000000001,BASN,AEO2026 High Economic Growth
p26,2048,0.27160734000000003,0.17881653,0.15260904,0.19308855000000003,BASN,AEO2026 High Economic Growth
p26,2049,0.27737558,0.18145392999999999,0.15460425,0.19587769000000002,BASN,AEO2026 High Economic Growth
p26,2050,0.28324898,0.18442689999999998,0.15711969,0.19878979000000002,BASN,AEO2026 High Economic Growth
p27,2014,0.15521008,0.12537539,0.07669252,0.13456443,SRSG,AEO2026 High Economic Growth
p27,2015,0.15521008,0.12537539,0.07669252,0.13456443,SRSG,AEO2026 High Economic Growth
p27,2016,0.15521008,0.12537539,0.07669252,0.13456443,SRSG,AEO2026 High Economic Growth
p27,2017,0.15521008,0.12537539,0.07669252,0.13456443,SRSG,AEO2026 High Economic Growth
p27,2018,0.15521008,0.12537539,0.07669252,0.13456443,SRSG,AEO2026 High Economic Growth
p27,2019,0.15521008,0.12537539,0.07669252,0.13456443,SRSG,AEO2026 High Economic Growth
p27,2020,0.15521008,0.12537539,0.07669252,0.13456443,SRSG,AEO2026 High Economic Growth
p27,2021,0.15521008,0.12537539,0.07669252,0.13456443,SRSG,AEO2026 High Economic Growth
p27,2022,0.15521008,0.12537539,0.07669252,0.13456443,SRSG,AEO2026 High Economic Growth
p27,2023,0.15521008,0.12537539,0.07669252,0.13456443,SRSG,AEO2026 High Economic Growth
p27,2024,0.15521008,0.12537539,0.07669252,0.13456443,SRSG,AEO2026 High Economic Growth
p27,2025,0.15521008,0.12537539,0.07669252,0.13456443,SRSG,AEO2026 High Economic Growth
p27,2026,0.16207966,0.13010517,0.07910383,0.13851204,SRSG,AEO2026 High Economic Growth
p27,2027,0.16240517000000002,0.12850344,0.07727903,0.13721359,SRSG,AEO2026 High Economic Growth
p27,2028,0.16148373,0.12730209,0.07608726,0.13542641,SRSG,AEO2026 High Economic Growth
p27,2029,0.16316698,0.12836822,0.07628884,0.13628837000000002,SRSG,AEO2026 High Economic Growth
p27,2030,0.16625616000000001,0.13064865,0.07775486,0.13847662,SRSG,AEO2026 High Economic Growth
p27,2031,0.17055622,0.13415479,0.08048253000000001,0.14162428999999999,SRSG,AEO2026 High Economic Growth
p27,2032,0.17595224,0.13837044,0.08328176,0.14614107,SRSG,AEO2026 High Economic Growth
p27,2033,0.17716879,0.13799873,0.0827302,0.1468336,SRSG,AEO2026 High Economic Growth
p27,2034,0.17861622,0.13844672,0.08340735,0.14707179,SRSG,AEO2026 High Economic Growth
p27,2035,0.18286718000000002,0.14150324,0.08582274999999999,0.14999407,SRSG,AEO2026 High Economic Growth
p27,2036,0.18828733,0.14542322,0.08866866,0.15399728,SRSG,AEO2026 High Economic Growth
p27,2037,0.19392573999999999,0.14948113,0.09156165,0.15820277000000002,SRSG,AEO2026 High Economic Growth
p27,2038,0.19991785,0.15396838000000002,0.09440949,0.16265726,SRSG,AEO2026 High Economic Growth
p27,2039,0.20661478,0.15902216,0.09696218,0.16782831,SRSG,AEO2026 High Economic Growth
p27,2040,0.21077242,0.16108198,0.09799445999999999,0.17045584000000003,SRSG,AEO2026 High Economic Growth
p27,2041,0.21352516000000002,0.16226212,0.09859802999999999,0.17162025,SRSG,AEO2026 High Economic Growth
p27,2042,0.21672707,0.16377009999999997,0.09924812,0.17319473,SRSG,AEO2026 High Economic Growth
p27,2043,0.21975391,0.16515696,0.09946351999999999,0.17471151,SRSG,AEO2026 High Economic Growth
p27,2044,0.2230282,0.16674526,0.10001768999999999,0.1762891,SRSG,AEO2026 High Economic Growth
p27,2045,0.22677628,0.16861431,0.10085071,0.17830017,SRSG,AEO2026 High Economic Growth
p27,2046,0.23100428,0.17103567000000003,0.10225571,0.18066299,SRSG,AEO2026 High Economic Growth
p27,2047,0.23545483,0.17354982,0.10365183,0.18321112,SRSG,AEO2026 High Economic Growth
p27,2048,0.23950714,0.17563839,0.10477271999999999,0.18536053,SRSG,AEO2026 High Economic Growth
p27,2049,0.24333276999999998,0.17749489000000002,0.10564685000000001,0.18725297999999999,SRSG,AEO2026 High Economic Growth
p27,2050,0.24801386,0.1802689,0.10737748,0.18989511,SRSG,AEO2026 High Economic Growth
p28,2014,0.15521008,0.12537539,0.07669252,0.13456443,SRSG,AEO2026 High Economic Growth
p28,2015,0.15521008,0.12537539,0.07669252,0.13456443,SRSG,AEO2026 High Economic Growth
p28,2016,0.15521008,0.12537539,0.07669252,0.13456443,SRSG,AEO2026 High Economic Growth
p28,2017,0.15521008,0.12537539,0.07669252,0.13456443,SRSG,AEO2026 High Economic Growth
p28,2018,0.15521008,0.12537539,0.07669252,0.13456443,SRSG,AEO2026 High Economic Growth
p28,2019,0.15521008,0.12537539,0.07669252,0.13456443,SRSG,AEO2026 High Economic Growth
p28,2020,0.15521008,0.12537539,0.07669252,0.13456443,SRSG,AEO2026 High Economic Growth
p28,2021,0.15521008,0.12537539,0.07669252,0.13456443,SRSG,AEO2026 High Economic Growth
p28,2022,0.15521008,0.12537539,0.07669252,0.13456443,SRSG,AEO2026 High Economic Growth
p28,2023,0.15521008,0.12537539,0.07669252,0.13456443,SRSG,AEO2026 High Economic Growth
p28,2024,0.15521008,0.12537539,0.07669252,0.13456443,SRSG,AEO2026 High Economic Growth
p28,2025,0.15521008,0.12537539,0.07669252,0.13456443,SRSG,AEO2026 High Economic Growth
p28,2026,0.16207966,0.13010517,0.07910383,0.13851204,SRSG,AEO2026 High Economic Growth
p28,2027,0.16240517000000002,0.12850344,0.07727903,0.13721359,SRSG,AEO2026 High Economic Growth
p28,2028,0.16148373,0.12730209,0.07608726,0.13542641,SRSG,AEO2026 High Economic Growth
p28,2029,0.16316698,0.12836822,0.07628884,0.13628837000000002,SRSG,AEO2026 High Economic Growth
p28,2030,0.16625616000000001,0.13064865,0.07775486,0.13847662,SRSG,AEO2026 High Economic Growth
p28,2031,0.17055622,0.13415479,0.08048253000000001,0.14162428999999999,SRSG,AEO2026 High Economic Growth
p28,2032,0.17595224,0.13837044,0.08328176,0.14614107,SRSG,AEO2026 High Economic Growth
p28,2033,0.17716879,0.13799873,0.0827302,0.1468336,SRSG,AEO2026 High Economic Growth
p28,2034,0.17861622,0.13844672,0.08340735,0.14707179,SRSG,AEO2026 High Economic Growth
p28,2035,0.18286718000000002,0.14150324,0.08582274999999999,0.14999407,SRSG,AEO2026 High Economic Growth
p28,2036,0.18828733,0.14542322,0.08866866,0.15399728,SRSG,AEO2026 High Economic Growth
p28,2037,0.19392573999999999,0.14948113,0.09156165,0.15820277000000002,SRSG,AEO2026 High Economic Growth
p28,2038,0.19991785,0.15396838000000002,0.09440949,0.16265726,SRSG,AEO2026 High Economic Growth
p28,2039,0.20661478,0.15902216,0.09696218,0.16782831,SRSG,AEO2026 High Economic Growth
p28,2040,0.21077242,0.16108198,0.09799445999999999,0.17045584000000003,SRSG,AEO2026 High Economic Growth
p28,2041,0.21352516000000002,0.16226212,0.09859802999999999,0.17162025,SRSG,AEO2026 High Economic Growth
p28,2042,0.21672707,0.16377009999999997,0.09924812,0.17319473,SRSG,AEO2026 High Economic Growth
p28,2043,0.21975391,0.16515696,0.09946351999999999,0.17471151,SRSG,AEO2026 High Economic Growth
p28,2044,0.2230282,0.16674526,0.10001768999999999,0.1762891,SRSG,AEO2026 High Economic Growth
p28,2045,0.22677628,0.16861431,0.10085071,0.17830017,SRSG,AEO2026 High Economic Growth
p28,2046,0.23100428,0.17103567000000003,0.10225571,0.18066299,SRSG,AEO2026 High Economic Growth
p28,2047,0.23545483,0.17354982,0.10365183,0.18321112,SRSG,AEO2026 High Economic Growth
p28,2048,0.23950714,0.17563839,0.10477271999999999,0.18536053,SRSG,AEO2026 High Economic Growth
p28,2049,0.24333276999999998,0.17749489000000002,0.10564685000000001,0.18725297999999999,SRSG,AEO2026 High Economic Growth
p28,2050,0.24801386,0.1802689,0.10737748,0.18989511,SRSG,AEO2026 High Economic Growth
p29,2014,0.15521008,0.12537539,0.07669252,0.13456443,SRSG,AEO2026 High Economic Growth
p29,2015,0.15521008,0.12537539,0.07669252,0.13456443,SRSG,AEO2026 High Economic Growth
p29,2016,0.15521008,0.12537539,0.07669252,0.13456443,SRSG,AEO2026 High Economic Growth
p29,2017,0.15521008,0.12537539,0.07669252,0.13456443,SRSG,AEO2026 High Economic Growth
p29,2018,0.15521008,0.12537539,0.07669252,0.13456443,SRSG,AEO2026 High Economic Growth
p29,2019,0.15521008,0.12537539,0.07669252,0.13456443,SRSG,AEO2026 High Economic Growth
p29,2020,0.15521008,0.12537539,0.07669252,0.13456443,SRSG,AEO2026 High Economic Growth
p29,2021,0.15521008,0.12537539,0.07669252,0.13456443,SRSG,AEO2026 High Economic Growth
p29,2022,0.15521008,0.12537539,0.07669252,0.13456443,SRSG,AEO2026 High Economic Growth
p29,2023,0.15521008,0.12537539,0.07669252,0.13456443,SRSG,AEO2026 High Economic Growth
p29,2024,0.15521008,0.12537539,0.07669252,0.13456443,SRSG,AEO2026 High Economic Growth
p29,2025,0.15521008,0.12537539,0.07669252,0.13456443,SRSG,AEO2026 High Economic Growth
p29,2026,0.16207966,0.13010517,0.07910383,0.13851204,SRSG,AEO2026 High Economic Growth
p29,2027,0.16240517000000002,0.12850344,0.07727903,0.13721359,SRSG,AEO2026 High Economic Growth
p29,2028,0.16148373,0.12730209,0.07608726,0.13542641,SRSG,AEO2026 High Economic Growth
p29,2029,0.16316698,0.12836822,0.07628884,0.13628837000000002,SRSG,AEO2026 High Economic Growth
p29,2030,0.16625616000000001,0.13064865,0.07775486,0.13847662,SRSG,AEO2026 High Economic Growth
p29,2031,0.17055622,0.13415479,0.08048253000000001,0.14162428999999999,SRSG,AEO2026 High Economic Growth
p29,2032,0.17595224,0.13837044,0.08328176,0.14614107,SRSG,AEO2026 High Economic Growth
p29,2033,0.17716879,0.13799873,0.0827302,0.1468336,SRSG,AEO2026 High Economic Growth
p29,2034,0.17861622,0.13844672,0.08340735,0.14707179,SRSG,AEO2026 High Economic Growth
p29,2035,0.18286718000000002,0.14150324,0.08582274999999999,0.14999407,SRSG,AEO2026 High Economic Growth
p29,2036,0.18828733,0.14542322,0.08866866,0.15399728,SRSG,AEO2026 High Economic Growth
p29,2037,0.19392573999999999,0.14948113,0.09156165,0.15820277000000002,SRSG,AEO2026 High Economic Growth
p29,2038,0.19991785,0.15396838000000002,0.09440949,0.16265726,SRSG,AEO2026 High Economic Growth
p29,2039,0.20661478,0.15902216,0.09696218,0.16782831,SRSG,AEO2026 High Economic Growth
p29,2040,0.21077242,0.16108198,0.09799445999999999,0.17045584000000003,SRSG,AEO2026 High Economic Growth
p29,2041,0.21352516000000002,0.16226212,0.09859802999999999,0.17162025,SRSG,AEO2026 High Economic Growth
p29,2042,0.21672707,0.16377009999999997,0.09924812,0.17319473,SRSG,AEO2026 High Economic Growth
p29,2043,0.21975391,0.16515696,0.09946351999999999,0.17471151,SRSG,AEO2026 High Economic Growth
p29,2044,0.2230282,0.16674526,0.10001768999999999,0.1762891,SRSG,AEO2026 High Economic Growth
p29,2045,0.22677628,0.16861431,0.10085071,0.17830017,SRSG,AEO2026 High Economic Growth
p29,2046,0.23100428,0.17103567000000003,0.10225571,0.18066299,SRSG,AEO2026 High Economic Growth
p29,2047,0.23545483,0.17354982,0.10365183,0.18321112,SRSG,AEO2026 High Economic Growth
p29,2048,0.23950714,0.17563839,0.10477271999999999,0.18536053,SRSG,AEO2026 High Economic Growth
p29,2049,0.24333276999999998,0.17749489000000002,0.10564685000000001,0.18725297999999999,SRSG,AEO2026 High Economic Growth
p29,2050,0.24801386,0.1802689,0.10737748,0.18989511,SRSG,AEO2026 High Economic Growth
p30,2014,0.15521008,0.12537539,0.07669252,0.13456443,SRSG,AEO2026 High Economic Growth
p30,2015,0.15521008,0.12537539,0.07669252,0.13456443,SRSG,AEO2026 High Economic Growth
p30,2016,0.15521008,0.12537539,0.07669252,0.13456443,SRSG,AEO2026 High Economic Growth
p30,2017,0.15521008,0.12537539,0.07669252,0.13456443,SRSG,AEO2026 High Economic Growth
p30,2018,0.15521008,0.12537539,0.07669252,0.13456443,SRSG,AEO2026 High Economic Growth
p30,2019,0.15521008,0.12537539,0.07669252,0.13456443,SRSG,AEO2026 High Economic Growth
p30,2020,0.15521008,0.12537539,0.07669252,0.13456443,SRSG,AEO2026 High Economic Growth
p30,2021,0.15521008,0.12537539,0.07669252,0.13456443,SRSG,AEO2026 High Economic Growth
p30,2022,0.15521008,0.12537539,0.07669252,0.13456443,SRSG,AEO2026 High Economic Growth
p30,2023,0.15521008,0.12537539,0.07669252,0.13456443,SRSG,AEO2026 High Economic Growth
p30,2024,0.15521008,0.12537539,0.07669252,0.13456443,SRSG,AEO2026 High Economic Growth
p30,2025,0.15521008,0.12537539,0.07669252,0.13456443,SRSG,AEO2026 High Economic Growth
p30,2026,0.16207966,0.13010517,0.07910383,0.13851204,SRSG,AEO2026 High Economic Growth
p30,2027,0.16240517000000002,0.12850344,0.07727903,0.13721359,SRSG,AEO2026 High Economic Growth
p30,2028,0.16148373,0.12730209,0.07608726,0.13542641,SRSG,AEO2026 High Economic Growth
p30,2029,0.16316698,0.12836822,0.07628884,0.13628837000000002,SRSG,AEO2026 High Economic Growth
p30,2030,0.16625616000000001,0.13064865,0.07775486,0.13847662,SRSG,AEO2026 High Economic Growth
p30,2031,0.17055622,0.13415479,0.08048253000000001,0.14162428999999999,SRSG,AEO2026 High Economic Growth
p30,2032,0.17595224,0.13837044,0.08328176,0.14614107,SRSG,AEO2026 High Economic Growth
p30,2033,0.17716879,0.13799873,0.0827302,0.1468336,SRSG,AEO2026 High Economic Growth
p30,2034,0.17861622,0.13844672,0.08340735,0.14707179,SRSG,AEO2026 High Economic Growth
p30,2035,0.18286718000000002,0.14150324,0.08582274999999999,0.14999407,SRSG,AEO2026 High Economic Growth
p30,2036,0.18828733,0.14542322,0.08866866,0.15399728,SRSG,AEO2026 High Economic Growth
p30,2037,0.19392573999999999,0.14948113,0.09156165,0.15820277000000002,SRSG,AEO2026 High Economic Growth
p30,2038,0.19991785,0.15396838000000002,0.09440949,0.16265726,SRSG,AEO2026 High Economic Growth
p30,2039,0.20661478,0.15902216,0.09696218,0.16782831,SRSG,AEO2026 High Economic Growth
p30,2040,0.21077242,0.16108198,0.09799445999999999,0.17045584000000003,SRSG,AEO2026 High Economic Growth
p30,2041,0.21352516000000002,0.16226212,0.09859802999999999,0.17162025,SRSG,AEO2026 High Economic Growth
p30,2042,0.21672707,0.16377009999999997,0.09924812,0.17319473,SRSG,AEO2026 High Economic Growth
p30,2043,0.21975391,0.16515696,0.09946351999999999,0.17471151,SRSG,AEO2026 High Economic Growth
p30,2044,0.2230282,0.16674526,0.10001768999999999,0.1762891,SRSG,AEO2026 High Economic Growth
p30,2045,0.22677628,0.16861431,0.10085071,0.17830017,SRSG,AEO2026 High Economic Growth
p30,2046,0.23100428,0.17103567000000003,0.10225571,0.18066299,SRSG,AEO2026 High Economic Growth
p30,2047,0.23545483,0.17354982,0.10365183,0.18321112,SRSG,AEO2026 High Economic Growth
p30,2048,0.23950714,0.17563839,0.10477271999999999,0.18536053,SRSG,AEO2026 High Economic Growth
p30,2049,0.24333276999999998,0.17749489000000002,0.10564685000000001,0.18725297999999999,SRSG,AEO2026 High Economic Growth
p30,2050,0.24801386,0.1802689,0.10737748,0.18989511,SRSG,AEO2026 High Economic Growth
p31,2014,0.15521008,0.12537539,0.07669252,0.13456443,SRSG,AEO2026 High Economic Growth
p31,2015,0.15521008,0.12537539,0.07669252,0.13456443,SRSG,AEO2026 High Economic Growth
p31,2016,0.15521008,0.12537539,0.07669252,0.13456443,SRSG,AEO2026 High Economic Growth
p31,2017,0.15521008,0.12537539,0.07669252,0.13456443,SRSG,AEO2026 High Economic Growth
p31,2018,0.15521008,0.12537539,0.07669252,0.13456443,SRSG,AEO2026 High Economic Growth
p31,2019,0.15521008,0.12537539,0.07669252,0.13456443,SRSG,AEO2026 High Economic Growth
p31,2020,0.15521008,0.12537539,0.07669252,0.13456443,SRSG,AEO2026 High Economic Growth
p31,2021,0.15521008,0.12537539,0.07669252,0.13456443,SRSG,AEO2026 High Economic Growth
p31,2022,0.15521008,0.12537539,0.07669252,0.13456443,SRSG,AEO2026 High Economic Growth
p31,2023,0.15521008,0.12537539,0.07669252,0.13456443,SRSG,AEO2026 High Economic Growth
p31,2024,0.15521008,0.12537539,0.07669252,0.13456443,SRSG,AEO2026 High Economic Growth
p31,2025,0.15521008,0.12537539,0.07669252,0.13456443,SRSG,AEO2026 High Economic Growth
p31,2026,0.16207966,0.13010517,0.07910383,0.13851204,SRSG,AEO2026 High Economic Growth
p31,2027,0.16240517000000002,0.12850344,0.07727903,0.13721359,SRSG,AEO2026 High Economic Growth
p31,2028,0.16148373,0.12730209,0.07608726,0.13542641,SRSG,AEO2026 High Economic Growth
p31,2029,0.16316698,0.12836822,0.07628884,0.13628837000000002,SRSG,AEO2026 High Economic Growth
p31,2030,0.16625616000000001,0.13064865,0.07775486,0.13847662,SRSG,AEO2026 High Economic Growth
p31,2031,0.17055622,0.13415479,0.08048253000000001,0.14162428999999999,SRSG,AEO2026 High Economic Growth
p31,2032,0.17595224,0.13837044,0.08328176,0.14614107,SRSG,AEO2026 High Economic Growth
p31,2033,0.17716879,0.13799873,0.0827302,0.1468336,SRSG,AEO2026 High Economic Growth
p31,2034,0.17861622,0.13844672,0.08340735,0.14707179,SRSG,AEO2026 High Economic Growth
p31,2035,0.18286718000000002,0.14150324,0.08582274999999999,0.14999407,SRSG,AEO2026 High Economic Growth
p31,2036,0.18828733,0.14542322,0.08866866,0.15399728,SRSG,AEO2026 High Economic Growth
p31,2037,0.19392573999999999,0.14948113,0.09156165,0.15820277000000002,SRSG,AEO2026 High Economic Growth
p31,2038,0.19991785,0.15396838000000002,0.09440949,0.16265726,SRSG,AEO2026 High Economic Growth
p31,2039,0.20661478,0.15902216,0.09696218,0.16782831,SRSG,AEO2026 High Economic Growth
p31,2040,0.21077242,0.16108198,0.09799445999999999,0.17045584000000003,SRSG,AEO2026 High Economic Growth
p31,2041,0.21352516000000002,0.16226212,0.09859802999999999,0.17162025,SRSG,AEO2026 High Economic Growth
p31,2042,0.21672707,0.16377009999999997,0.09924812,0.17319473,SRSG,AEO2026 High Economic Growth
p31,2043,0.21975391,0.16515696,0.09946351999999999,0.17471151,SRSG,AEO2026 High Economic Growth
p31,2044,0.2230282,0.16674526,0.10001768999999999,0.1762891,SRSG,AEO2026 High Economic Growth
p31,2045,0.22677628,0.16861431,0.10085071,0.17830017,SRSG,AEO2026 High Economic Growth
p31,2046,0.23100428,0.17103567000000003,0.10225571,0.18066299,SRSG,AEO2026 High Economic Growth
p31,2047,0.23545483,0.17354982,0.10365183,0.18321112,SRSG,AEO2026 High Economic Growth
p31,2048,0.23950714,0.17563839,0.10477271999999999,0.18536053,SRSG,AEO2026 High Economic Growth
p31,2049,0.24333276999999998,0.17749489000000002,0.10564685000000001,0.18725297999999999,SRSG,AEO2026 High Economic Growth
p31,2050,0.24801386,0.1802689,0.10737748,0.18989511,SRSG,AEO2026 High Economic Growth
p32,2014,0.12363567,0.09481756000000001,0.07496182,0.09416596999999999,RMRG,AEO2026 High Economic Growth
p32,2015,0.12363567,0.09481756000000001,0.07496182,0.09416596999999999,RMRG,AEO2026 High Economic Growth
p32,2016,0.12363567,0.09481756000000001,0.07496182,0.09416596999999999,RMRG,AEO2026 High Economic Growth
p32,2017,0.12363567,0.09481756000000001,0.07496182,0.09416596999999999,RMRG,AEO2026 High Economic Growth
p32,2018,0.12363567,0.09481756000000001,0.07496182,0.09416596999999999,RMRG,AEO2026 High Economic Growth
p32,2019,0.12363567,0.09481756000000001,0.07496182,0.09416596999999999,RMRG,AEO2026 High Economic Growth
p32,2020,0.12363567,0.09481756000000001,0.07496182,0.09416596999999999,RMRG,AEO2026 High Economic Growth
p32,2021,0.12363567,0.09481756000000001,0.07496182,0.09416596999999999,RMRG,AEO2026 High Economic Growth
p32,2022,0.12363567,0.09481756000000001,0.07496182,0.09416596999999999,RMRG,AEO2026 High Economic Growth
p32,2023,0.12363567,0.09481756000000001,0.07496182,0.09416596999999999,RMRG,AEO2026 High Economic Growth
p32,2024,0.12363567,0.09481756000000001,0.07496182,0.09416596999999999,RMRG,AEO2026 High Economic Growth
p32,2025,0.12363567,0.09481756000000001,0.07496182,0.09416596999999999,RMRG,AEO2026 High Economic Growth
p32,2026,0.12584435,0.09527303,0.07477176,0.09385728,RMRG,AEO2026 High Economic Growth
p32,2027,0.13250507,0.09998279,0.07944894,0.09844248,RMRG,AEO2026 High Economic Growth
p32,2028,0.13861855,0.10480004,0.08339405,0.10332178,RMRG,AEO2026 High Economic Growth
p32,2029,0.14220449000000002,0.1074077,0.0858771,0.10589805000000001,RMRG,AEO2026 High Economic Growth
p32,2030,0.14967218000000002,0.11402926000000001,0.0929726,0.11245867000000001,RMRG,AEO2026 High Economic Growth
p32,2031,0.15661714999999998,0.11936731,0.09781314999999999,0.11808904,RMRG,AEO2026 High Economic Growth
p32,2032,0.1645656,0.12639034000000002,0.10553322,0.12527597999999998,RMRG,AEO2026 High Economic Growth
p32,2033,0.17036563999999998,0.1300373,0.1086942,0.12949474,RMRG,AEO2026 High Economic Growth
p32,2034,0.17369101,0.13166703,0.11049342,0.13152704,RMRG,AEO2026 High Economic Growth
p32,2035,0.17682196,0.13315933,0.11214874999999999,0.13327747,RMRG,AEO2026 High Economic Growth
p32,2036,0.18057018,0.13531544,0.11443423,0.1355864,RMRG,AEO2026 High Economic Growth
p32,2037,0.18575817,0.13888466,0.11807564,0.13927752,RMRG,AEO2026 High Economic Growth
p32,2038,0.19038874,0.1415292,0.12039065,0.14220629,RMRG,AEO2026 High Economic Growth
p32,2039,0.1958325,0.14551361,0.12436639,0.14625529,RMRG,AEO2026 High Economic Growth
p32,2040,0.2026074,0.15008862,0.12860165,0.15087575,RMRG,AEO2026 High Economic Growth
p32,2041,0.20747841,0.15262096,0.13076925,0.15355443,RMRG,AEO2026 High Economic Growth
p32,2042,0.21113928,0.15407701,0.13198309,0.15507888,RMRG,AEO2026 High Economic Growth
p32,2043,0.21488779000000002,0.15568006,0.13330041,0.15667256,RMRG,AEO2026 High Economic Growth
p32,2044,0.21884278999999998,0.15735062,0.13464591,0.15833683,RMRG,AEO2026 High Economic Growth
p32,2045,0.22301895,0.1591393,0.13611151,0.16008151999999998,RMRG,AEO2026 High Economic Growth
p32,2046,0.22750178999999998,0.16124365000000002,0.13786104,0.16210205,RMRG,AEO2026 High Economic Growth
p32,2047,0.23211487000000003,0.16342790999999998,0.13963954,0.16418575000000002,RMRG,AEO2026 High Economic Growth
p32,2048,0.23683809,0.16564425,0.14139884,0.16629218999999998,RMRG,AEO2026 High Economic Growth
p32,2049,0.24164255,0.16786215,0.14311362,0.16838315999999998,RMRG,AEO2026 High Economic Growth
p32,2050,0.24675285,0.17049423,0.14531143,0.17080898,RMRG,AEO2026 High Economic Growth
p33,2014,0.12363567,0.09481756000000001,0.07496182,0.09416596999999999,RMRG,AEO2026 High Economic Growth
p33,2015,0.12363567,0.09481756000000001,0.07496182,0.09416596999999999,RMRG,AEO2026 High Economic Growth
p33,2016,0.12363567,0.09481756000000001,0.07496182,0.09416596999999999,RMRG,AEO2026 High Economic Growth
p33,2017,0.12363567,0.09481756000000001,0.07496182,0.09416596999999999,RMRG,AEO2026 High Economic Growth
p33,2018,0.12363567,0.09481756000000001,0.07496182,0.09416596999999999,RMRG,AEO2026 High Economic Growth
p33,2019,0.12363567,0.09481756000000001,0.07496182,0.09416596999999999,RMRG,AEO2026 High Economic Growth
p33,2020,0.12363567,0.09481756000000001,0.07496182,0.09416596999999999,RMRG,AEO2026 High Economic Growth
p33,2021,0.12363567,0.09481756000000001,0.07496182,0.09416596999999999,RMRG,AEO2026 High Economic Growth
p33,2022,0.12363567,0.09481756000000001,0.07496182,0.09416596999999999,RMRG,AEO2026 High Economic Growth
p33,2023,0.12363567,0.09481756000000001,0.07496182,0.09416596999999999,RMRG,AEO2026 High Economic Growth
p33,2024,0.12363567,0.09481756000000001,0.07496182,0.09416596999999999,RMRG,AEO2026 High Economic Growth
p33,2025,0.12363567,0.09481756000000001,0.07496182,0.09416596999999999,RMRG,AEO2026 High Economic Growth
p33,2026,0.12584435,0.09527303,0.07477176,0.09385728,RMRG,AEO2026 High Economic Growth
p33,2027,0.13250507,0.09998279,0.07944894,0.09844248,RMRG,AEO2026 High Economic Growth
p33,2028,0.13861855,0.10480004,0.08339405,0.10332178,RMRG,AEO2026 High Economic Growth
p33,2029,0.14220449000000002,0.1074077,0.0858771,0.10589805000000001,RMRG,AEO2026 High Economic Growth
p33,2030,0.14967218000000002,0.11402926000000001,0.0929726,0.11245867000000001,RMRG,AEO2026 High Economic Growth
p33,2031,0.15661714999999998,0.11936731,0.09781314999999999,0.11808904,RMRG,AEO2026 High Economic Growth
p33,2032,0.1645656,0.12639034000000002,0.10553322,0.12527597999999998,RMRG,AEO2026 High Economic Growth
p33,2033,0.17036563999999998,0.1300373,0.1086942,0.12949474,RMRG,AEO2026 High Economic Growth
p33,2034,0.17369101,0.13166703,0.11049342,0.13152704,RMRG,AEO2026 High Economic Growth
p33,2035,0.17682196,0.13315933,0.11214874999999999,0.13327747,RMRG,AEO2026 High Economic Growth
p33,2036,0.18057018,0.13531544,0.11443423,0.1355864,RMRG,AEO2026 High Economic Growth
p33,2037,0.18575817,0.13888466,0.11807564,0.13927752,RMRG,AEO2026 High Economic Growth
p33,2038,0.19038874,0.1415292,0.12039065,0.14220629,RMRG,AEO2026 High Economic Growth
p33,2039,0.1958325,0.14551361,0.12436639,0.14625529,RMRG,AEO2026 High Economic Growth
p33,2040,0.2026074,0.15008862,0.12860165,0.15087575,RMRG,AEO2026 High Economic Growth
p33,2041,0.20747841,0.15262096,0.13076925,0.15355443,RMRG,AEO2026 High Economic Growth
p33,2042,0.21113928,0.15407701,0.13198309,0.15507888,RMRG,AEO2026 High Economic Growth
p33,2043,0.21488779000000002,0.15568006,0.13330041,0.15667256,RMRG,AEO2026 High Economic Growth
p33,2044,0.21884278999999998,0.15735062,0.13464591,0.15833683,RMRG,AEO2026 High Economic Growth
p33,2045,0.22301895,0.1591393,0.13611151,0.16008151999999998,RMRG,AEO2026 High Economic Growth
p33,2046,0.22750178999999998,0.16124365000000002,0.13786104,0.16210205,RMRG,AEO2026 High Economic Growth
p33,2047,0.23211487000000003,0.16342790999999998,0.13963954,0.16418575000000002,RMRG,AEO2026 High Economic Growth
p33,2048,0.23683809,0.16564425,0.14139884,0.16629218999999998,RMRG,AEO2026 High Economic Growth
p33,2049,0.24164255,0.16786215,0.14311362,0.16838315999999998,RMRG,AEO2026 High Economic Growth
p33,2050,0.24675285,0.17049423,0.14531143,0.17080898,RMRG,AEO2026 High Economic Growth
p34,2014,0.12363567,0.09481756000000001,0.07496182,0.09416596999999999,RMRG,AEO2026 High Economic Growth
p34,2015,0.12363567,0.09481756000000001,0.07496182,0.09416596999999999,RMRG,AEO2026 High Economic Growth
p34,2016,0.12363567,0.09481756000000001,0.07496182,0.09416596999999999,RMRG,AEO2026 High Economic Growth
p34,2017,0.12363567,0.09481756000000001,0.07496182,0.09416596999999999,RMRG,AEO2026 High Economic Growth
p34,2018,0.12363567,0.09481756000000001,0.07496182,0.09416596999999999,RMRG,AEO2026 High Economic Growth
p34,2019,0.12363567,0.09481756000000001,0.07496182,0.09416596999999999,RMRG,AEO2026 High Economic Growth
p34,2020,0.12363567,0.09481756000000001,0.07496182,0.09416596999999999,RMRG,AEO2026 High Economic Growth
p34,2021,0.12363567,0.09481756000000001,0.07496182,0.09416596999999999,RMRG,AEO2026 High Economic Growth
p34,2022,0.12363567,0.09481756000000001,0.07496182,0.09416596999999999,RMRG,AEO2026 High Economic Growth
p34,2023,0.12363567,0.09481756000000001,0.07496182,0.09416596999999999,RMRG,AEO2026 High Economic Growth
p34,2024,0.12363567,0.09481756000000001,0.07496182,0.09416596999999999,RMRG,AEO2026 High Economic Growth
p34,2025,0.12363567,0.09481756000000001,0.07496182,0.09416596999999999,RMRG,AEO2026 High Economic Growth
p34,2026,0.12584435,0.09527303,0.07477176,0.09385728,RMRG,AEO2026 High Economic Growth
p34,2027,0.13250507,0.09998279,0.07944894,0.09844248,RMRG,AEO2026 High Economic Growth
p34,2028,0.13861855,0.10480004,0.08339405,0.10332178,RMRG,AEO2026 High Economic Growth
p34,2029,0.14220449000000002,0.1074077,0.0858771,0.10589805000000001,RMRG,AEO2026 High Economic Growth
p34,2030,0.14967218000000002,0.11402926000000001,0.0929726,0.11245867000000001,RMRG,AEO2026 High Economic Growth
p34,2031,0.15661714999999998,0.11936731,0.09781314999999999,0.11808904,RMRG,AEO2026 High Economic Growth
p34,2032,0.1645656,0.12639034000000002,0.10553322,0.12527597999999998,RMRG,AEO2026 High Economic Growth
p34,2033,0.17036563999999998,0.1300373,0.1086942,0.12949474,RMRG,AEO2026 High Economic Growth
p34,2034,0.17369101,0.13166703,0.11049342,0.13152704,RMRG,AEO2026 High Economic Growth
p34,2035,0.17682196,0.13315933,0.11214874999999999,0.13327747,RMRG,AEO2026 High Economic Growth
p34,2036,0.18057018,0.13531544,0.11443423,0.1355864,RMRG,AEO2026 High Economic Growth
p34,2037,0.18575817,0.13888466,0.11807564,0.13927752,RMRG,AEO2026 High Economic Growth
p34,2038,0.19038874,0.1415292,0.12039065,0.14220629,RMRG,AEO2026 High Economic Growth
p34,2039,0.1958325,0.14551361,0.12436639,0.14625529,RMRG,AEO2026 High Economic Growth
p34,2040,0.2026074,0.15008862,0.12860165,0.15087575,RMRG,AEO2026 High Economic Growth
p34,2041,0.20747841,0.15262096,0.13076925,0.15355443,RMRG,AEO2026 High Economic Growth
p34,2042,0.21113928,0.15407701,0.13198309,0.15507888,RMRG,AEO2026 High Economic Growth
p34,2043,0.21488779000000002,0.15568006,0.13330041,0.15667256,RMRG,AEO2026 High Economic Growth
p34,2044,0.21884278999999998,0.15735062,0.13464591,0.15833683,RMRG,AEO2026 High Economic Growth
p34,2045,0.22301895,0.1591393,0.13611151,0.16008151999999998,RMRG,AEO2026 High Economic Growth
p34,2046,0.22750178999999998,0.16124365000000002,0.13786104,0.16210205,RMRG,AEO2026 High Economic Growth
p34,2047,0.23211487000000003,0.16342790999999998,0.13963954,0.16418575000000002,RMRG,AEO2026 High Economic Growth
p34,2048,0.23683809,0.16564425,0.14139884,0.16629218999999998,RMRG,AEO2026 High Economic Growth
p34,2049,0.24164255,0.16786215,0.14311362,0.16838315999999998,RMRG,AEO2026 High Economic Growth
p34,2050,0.24675285,0.17049423,0.14531143,0.17080898,RMRG,AEO2026 High Economic Growth
p35,2014,0.10822815999999999,0.08014502999999999,0.07128906,0.0916247,SPPN,AEO2026 High Economic Growth
p35,2015,0.10822815999999999,0.08014502999999999,0.07128906,0.0916247,SPPN,AEO2026 High Economic Growth
p35,2016,0.10822815999999999,0.08014502999999999,0.07128906,0.0916247,SPPN,AEO2026 High Economic Growth
p35,2017,0.10822815999999999,0.08014502999999999,0.07128906,0.0916247,SPPN,AEO2026 High Economic Growth
p35,2018,0.10822815999999999,0.08014502999999999,0.07128906,0.0916247,SPPN,AEO2026 High Economic Growth
p35,2019,0.10822815999999999,0.08014502999999999,0.07128906,0.0916247,SPPN,AEO2026 High Economic Growth
p35,2020,0.10822815999999999,0.08014502999999999,0.07128906,0.0916247,SPPN,AEO2026 High Economic Growth
p35,2021,0.10822815999999999,0.08014502999999999,0.07128906,0.0916247,SPPN,AEO2026 High Economic Growth
p35,2022,0.10822815999999999,0.08014502999999999,0.07128906,0.0916247,SPPN,AEO2026 High Economic Growth
p35,2023,0.10822815999999999,0.08014502999999999,0.07128906,0.0916247,SPPN,AEO2026 High Economic Growth
p35,2024,0.10822815999999999,0.08014502999999999,0.07128906,0.0916247,SPPN,AEO2026 High Economic Growth
p35,2025,0.10822815999999999,0.08014502999999999,0.07128906,0.0916247,SPPN,AEO2026 High Economic Growth
p35,2026,0.1114809,0.08250953000000001,0.07344767,0.09443454,SPPN,AEO2026 High Economic Growth
p35,2027,0.11381970000000001,0.08317607,0.07352688,0.09496064,SPPN,AEO2026 High Economic Growth
p35,2028,0.11871136,0.08691378,0.07706584999999999,0.09888775000000001,SPPN,AEO2026 High Economic Growth
p35,2029,0.12302624,0.09014271000000001,0.07990896,0.10236832,SPPN,AEO2026 High Economic Growth
p35,2030,0.12837844,0.09401175,0.08365954,0.10671467,SPPN,AEO2026 High Economic Growth
p35,2031,0.13599099,0.09958238,0.08943864,0.11308626000000001,SPPN,AEO2026 High Economic Growth
p35,2032,0.15090921,0.11088822999999999,0.10219062,0.12543179999999998,SPPN,AEO2026 High Economic Growth
p35,2033,0.15821312,0.1160681,0.10733085,0.13161596,SPPN,AEO2026 High Economic Growth
p35,2034,0.16279861,0.11889456,0.11036193000000001,0.13519973999999998,SPPN,AEO2026 High Economic Growth
p35,2035,0.16681879,0.12128634999999999,0.11300189,0.13822783,SPPN,AEO2026 High Economic Growth
p35,2036,0.17063642999999998,0.12349790000000001,0.11539632,0.14100012,SPPN,AEO2026 High Economic Growth
p35,2037,0.17429372999999998,0.12555982999999998,0.11758072,0.14357153,SPPN,AEO2026 High Economic Growth
p35,2038,0.17907944,0.12852464,0.12076744,0.1471024,SPPN,AEO2026 High Economic Growth
p35,2039,0.1908716,0.13729378,0.13032326,0.15667452,SPPN,AEO2026 High Economic Growth
p35,2040,0.1957649,0.14044131,0.13316364,0.16061303999999998,SPPN,AEO2026 High Economic Growth
p35,2041,0.19975985999999998,0.14271609,0.13546913,0.16326406,SPPN,AEO2026 High Economic Growth
p35,2042,0.20382792,0.14523571000000002,0.13788844,0.16617989000000002,SPPN,AEO2026 High Economic Growth
p35,2043,0.20778633,0.14773033,0.14022139,0.16902128000000002,SPPN,AEO2026 High Economic Growth
p35,2044,0.21174629,0.15023931,0.14255195,0.17187145,SPPN,AEO2026 High Economic Growth
p35,2045,0.21554361,0.15247424,0.14471302,0.17430468000000002,SPPN,AEO2026 High Economic Growth
p35,2046,0.21953430000000002,0.15486567,0.14709059,0.17683306000000001,SPPN,AEO2026 High Economic Growth
p35,2047,0.22400594999999998,0.15765714,0.14973416,0.17991143999999998,SPPN,AEO2026 High Economic Growth
p35,2048,0.22784994,0.15991924,0.15184283,0.18238674,SPPN,AEO2026 High Economic Growth
p35,2049,0.23260252,0.16295759,0.15466142,0.18575589999999997,SPPN,AEO2026 High Economic Growth
p35,2050,0.23741646,0.16600407,0.15748505,0.18917599,SPPN,AEO2026 High Economic Growth
p36,2014,0.10822815999999999,0.08014502999999999,0.07128906,0.0916247,SPPN,AEO2026 High Economic Growth
p36,2015,0.10822815999999999,0.08014502999999999,0.07128906,0.0916247,SPPN,AEO2026 High Economic Growth
p36,2016,0.10822815999999999,0.08014502999999999,0.07128906,0.0916247,SPPN,AEO2026 High Economic Growth
p36,2017,0.10822815999999999,0.08014502999999999,0.07128906,0.0916247,SPPN,AEO2026 High Economic Growth
p36,2018,0.10822815999999999,0.08014502999999999,0.07128906,0.0916247,SPPN,AEO2026 High Economic Growth
p36,2019,0.10822815999999999,0.08014502999999999,0.07128906,0.0916247,SPPN,AEO2026 High Economic Growth
p36,2020,0.10822815999999999,0.08014502999999999,0.07128906,0.0916247,SPPN,AEO2026 High Economic Growth
p36,2021,0.10822815999999999,0.08014502999999999,0.07128906,0.0916247,SPPN,AEO2026 High Economic Growth
p36,2022,0.10822815999999999,0.08014502999999999,0.07128906,0.0916247,SPPN,AEO2026 High Economic Growth
p36,2023,0.10822815999999999,0.08014502999999999,0.07128906,0.0916247,SPPN,AEO2026 High Economic Growth
p36,2024,0.10822815999999999,0.08014502999999999,0.07128906,0.0916247,SPPN,AEO2026 High Economic Growth
p36,2025,0.10822815999999999,0.08014502999999999,0.07128906,0.0916247,SPPN,AEO2026 High Economic Growth
p36,2026,0.1114809,0.08250953000000001,0.07344767,0.09443454,SPPN,AEO2026 High Economic Growth
p36,2027,0.11381970000000001,0.08317607,0.07352688,0.09496064,SPPN,AEO2026 High Economic Growth
p36,2028,0.11871136,0.08691378,0.07706584999999999,0.09888775000000001,SPPN,AEO2026 High Economic Growth
p36,2029,0.12302624,0.09014271000000001,0.07990896,0.10236832,SPPN,AEO2026 High Economic Growth
p36,2030,0.12837844,0.09401175,0.08365954,0.10671467,SPPN,AEO2026 High Economic Growth
p36,2031,0.13599099,0.09958238,0.08943864,0.11308626000000001,SPPN,AEO2026 High Economic Growth
p36,2032,0.15090921,0.11088822999999999,0.10219062,0.12543179999999998,SPPN,AEO2026 High Economic Growth
p36,2033,0.15821312,0.1160681,0.10733085,0.13161596,SPPN,AEO2026 High Economic Growth
p36,2034,0.16279861,0.11889456,0.11036193000000001,0.13519973999999998,SPPN,AEO2026 High Economic Growth
p36,2035,0.16681879,0.12128634999999999,0.11300189,0.13822783,SPPN,AEO2026 High Economic Growth
p36,2036,0.17063642999999998,0.12349790000000001,0.11539632,0.14100012,SPPN,AEO2026 High Economic Growth
p36,2037,0.17429372999999998,0.12555982999999998,0.11758072,0.14357153,SPPN,AEO2026 High Economic Growth
p36,2038,0.17907944,0.12852464,0.12076744,0.1471024,SPPN,AEO2026 High Economic Growth
p36,2039,0.1908716,0.13729378,0.13032326,0.15667452,SPPN,AEO2026 High Economic Growth
p36,2040,0.1957649,0.14044131,0.13316364,0.16061303999999998,SPPN,AEO2026 High Economic Growth
p36,2041,0.19975985999999998,0.14271609,0.13546913,0.16326406,SPPN,AEO2026 High Economic Growth
p36,2042,0.20382792,0.14523571000000002,0.13788844,0.16617989000000002,SPPN,AEO2026 High Economic Growth
p36,2043,0.20778633,0.14773033,0.14022139,0.16902128000000002,SPPN,AEO2026 High Economic Growth
p36,2044,0.21174629,0.15023931,0.14255195,0.17187145,SPPN,AEO2026 High Economic Growth
p36,2045,0.21554361,0.15247424,0.14471302,0.17430468000000002,SPPN,AEO2026 High Economic Growth
p36,2046,0.21953430000000002,0.15486567,0.14709059,0.17683306000000001,SPPN,AEO2026 High Economic Growth
p36,2047,0.22400594999999998,0.15765714,0.14973416,0.17991143999999998,SPPN,AEO2026 High Economic Growth
p36,2048,0.22784994,0.15991924,0.15184283,0.18238674,SPPN,AEO2026 High Economic Growth
p36,2049,0.23260252,0.16295759,0.15466142,0.18575589999999997,SPPN,AEO2026 High Economic Growth
p36,2050,0.23741646,0.16600407,0.15748505,0.18917599,SPPN,AEO2026 High Economic Growth
p37,2014,0.10822815999999999,0.08014502999999999,0.07128906,0.0916247,SPPN,AEO2026 High Economic Growth
p37,2015,0.10822815999999999,0.08014502999999999,0.07128906,0.0916247,SPPN,AEO2026 High Economic Growth
p37,2016,0.10822815999999999,0.08014502999999999,0.07128906,0.0916247,SPPN,AEO2026 High Economic Growth
p37,2017,0.10822815999999999,0.08014502999999999,0.07128906,0.0916247,SPPN,AEO2026 High Economic Growth
p37,2018,0.10822815999999999,0.08014502999999999,0.07128906,0.0916247,SPPN,AEO2026 High Economic Growth
p37,2019,0.10822815999999999,0.08014502999999999,0.07128906,0.0916247,SPPN,AEO2026 High Economic Growth
p37,2020,0.10822815999999999,0.08014502999999999,0.07128906,0.0916247,SPPN,AEO2026 High Economic Growth
p37,2021,0.10822815999999999,0.08014502999999999,0.07128906,0.0916247,SPPN,AEO2026 High Economic Growth
p37,2022,0.10822815999999999,0.08014502999999999,0.07128906,0.0916247,SPPN,AEO2026 High Economic Growth
p37,2023,0.10822815999999999,0.08014502999999999,0.07128906,0.0916247,SPPN,AEO2026 High Economic Growth
p37,2024,0.10822815999999999,0.08014502999999999,0.07128906,0.0916247,SPPN,AEO2026 High Economic Growth
p37,2025,0.10822815999999999,0.08014502999999999,0.07128906,0.0916247,SPPN,AEO2026 High Economic Growth
p37,2026,0.1114809,0.08250953000000001,0.07344767,0.09443454,SPPN,AEO2026 High Economic Growth
p37,2027,0.11381970000000001,0.08317607,0.07352688,0.09496064,SPPN,AEO2026 High Economic Growth
p37,2028,0.11871136,0.08691378,0.07706584999999999,0.09888775000000001,SPPN,AEO2026 High Economic Growth
p37,2029,0.12302624,0.09014271000000001,0.07990896,0.10236832,SPPN,AEO2026 High Economic Growth
p37,2030,0.12837844,0.09401175,0.08365954,0.10671467,SPPN,AEO2026 High Economic Growth
p37,2031,0.13599099,0.09958238,0.08943864,0.11308626000000001,SPPN,AEO2026 High Economic Growth
p37,2032,0.15090921,0.11088822999999999,0.10219062,0.12543179999999998,SPPN,AEO2026 High Economic Growth
p37,2033,0.15821312,0.1160681,0.10733085,0.13161596,SPPN,AEO2026 High Economic Growth
p37,2034,0.16279861,0.11889456,0.11036193000000001,0.13519973999999998,SPPN,AEO2026 High Economic Growth
p37,2035,0.16681879,0.12128634999999999,0.11300189,0.13822783,SPPN,AEO2026 High Economic Growth
p37,2036,0.17063642999999998,0.12349790000000001,0.11539632,0.14100012,SPPN,AEO2026 High Economic Growth
p37,2037,0.17429372999999998,0.12555982999999998,0.11758072,0.14357153,SPPN,AEO2026 High Economic Growth
p37,2038,0.17907944,0.12852464,0.12076744,0.1471024,SPPN,AEO2026 High Economic Growth
p37,2039,0.1908716,0.13729378,0.13032326,0.15667452,SPPN,AEO2026 High Economic Growth
p37,2040,0.1957649,0.14044131,0.13316364,0.16061303999999998,SPPN,AEO2026 High Economic Growth
p37,2041,0.19975985999999998,0.14271609,0.13546913,0.16326406,SPPN,AEO2026 High Economic Growth
p37,2042,0.20382792,0.14523571000000002,0.13788844,0.16617989000000002,SPPN,AEO2026 High Economic Growth
p37,2043,0.20778633,0.14773033,0.14022139,0.16902128000000002,SPPN,AEO2026 High Economic Growth
p37,2044,0.21174629,0.15023931,0.14255195,0.17187145,SPPN,AEO2026 High Economic Growth
p37,2045,0.21554361,0.15247424,0.14471302,0.17430468000000002,SPPN,AEO2026 High Economic Growth
p37,2046,0.21953430000000002,0.15486567,0.14709059,0.17683306000000001,SPPN,AEO2026 High Economic Growth
p37,2047,0.22400594999999998,0.15765714,0.14973416,0.17991143999999998,SPPN,AEO2026 High Economic Growth
p37,2048,0.22784994,0.15991924,0.15184283,0.18238674,SPPN,AEO2026 High Economic Growth
p37,2049,0.23260252,0.16295759,0.15466142,0.18575589999999997,SPPN,AEO2026 High Economic Growth
p37,2050,0.23741646,0.16600407,0.15748505,0.18917599,SPPN,AEO2026 High Economic Growth
p38,2014,0.10822815999999999,0.08014502999999999,0.07128906,0.0916247,SPPN,AEO2026 High Economic Growth
p38,2015,0.10822815999999999,0.08014502999999999,0.07128906,0.0916247,SPPN,AEO2026 High Economic Growth
p38,2016,0.10822815999999999,0.08014502999999999,0.07128906,0.0916247,SPPN,AEO2026 High Economic Growth
p38,2017,0.10822815999999999,0.08014502999999999,0.07128906,0.0916247,SPPN,AEO2026 High Economic Growth
p38,2018,0.10822815999999999,0.08014502999999999,0.07128906,0.0916247,SPPN,AEO2026 High Economic Growth
p38,2019,0.10822815999999999,0.08014502999999999,0.07128906,0.0916247,SPPN,AEO2026 High Economic Growth
p38,2020,0.10822815999999999,0.08014502999999999,0.07128906,0.0916247,SPPN,AEO2026 High Economic Growth
p38,2021,0.10822815999999999,0.08014502999999999,0.07128906,0.0916247,SPPN,AEO2026 High Economic Growth
p38,2022,0.10822815999999999,0.08014502999999999,0.07128906,0.0916247,SPPN,AEO2026 High Economic Growth
p38,2023,0.10822815999999999,0.08014502999999999,0.07128906,0.0916247,SPPN,AEO2026 High Economic Growth
p38,2024,0.10822815999999999,0.08014502999999999,0.07128906,0.0916247,SPPN,AEO2026 High Economic Growth
p38,2025,0.10822815999999999,0.08014502999999999,0.07128906,0.0916247,SPPN,AEO2026 High Economic Growth
p38,2026,0.1114809,0.08250953000000001,0.07344767,0.09443454,SPPN,AEO2026 High Economic Growth
p38,2027,0.11381970000000001,0.08317607,0.07352688,0.09496064,SPPN,AEO2026 High Economic Growth
p38,2028,0.11871136,0.08691378,0.07706584999999999,0.09888775000000001,SPPN,AEO2026 High Economic Growth
p38,2029,0.12302624,0.09014271000000001,0.07990896,0.10236832,SPPN,AEO2026 High Economic Growth
p38,2030,0.12837844,0.09401175,0.08365954,0.10671467,SPPN,AEO2026 High Economic Growth
p38,2031,0.13599099,0.09958238,0.08943864,0.11308626000000001,SPPN,AEO2026 High Economic Growth
p38,2032,0.15090921,0.11088822999999999,0.10219062,0.12543179999999998,SPPN,AEO2026 High Economic Growth
p38,2033,0.15821312,0.1160681,0.10733085,0.13161596,SPPN,AEO2026 High Economic Growth
p38,2034,0.16279861,0.11889456,0.11036193000000001,0.13519973999999998,SPPN,AEO2026 High Economic Growth
p38,2035,0.16681879,0.12128634999999999,0.11300189,0.13822783,SPPN,AEO2026 High Economic Growth
p38,2036,0.17063642999999998,0.12349790000000001,0.11539632,0.14100012,SPPN,AEO2026 High Economic Growth
p38,2037,0.17429372999999998,0.12555982999999998,0.11758072,0.14357153,SPPN,AEO2026 High Economic Growth
p38,2038,0.17907944,0.12852464,0.12076744,0.1471024,SPPN,AEO2026 High Economic Growth
p38,2039,0.1908716,0.13729378,0.13032326,0.15667452,SPPN,AEO2026 High Economic Growth
p38,2040,0.1957649,0.14044131,0.13316364,0.16061303999999998,SPPN,AEO2026 High Economic Growth
p38,2041,0.19975985999999998,0.14271609,0.13546913,0.16326406,SPPN,AEO2026 High Economic Growth
p38,2042,0.20382792,0.14523571000000002,0.13788844,0.16617989000000002,SPPN,AEO2026 High Economic Growth
p38,2043,0.20778633,0.14773033,0.14022139,0.16902128000000002,SPPN,AEO2026 High Economic Growth
p38,2044,0.21174629,0.15023931,0.14255195,0.17187145,SPPN,AEO2026 High Economic Growth
p38,2045,0.21554361,0.15247424,0.14471302,0.17430468000000002,SPPN,AEO2026 High Economic Growth
p38,2046,0.21953430000000002,0.15486567,0.14709059,0.17683306000000001,SPPN,AEO2026 High Economic Growth
p38,2047,0.22400594999999998,0.15765714,0.14973416,0.17991143999999998,SPPN,AEO2026 High Economic Growth
p38,2048,0.22784994,0.15991924,0.15184283,0.18238674,SPPN,AEO2026 High Economic Growth
p38,2049,0.23260252,0.16295759,0.15466142,0.18575589999999997,SPPN,AEO2026 High Economic Growth
p38,2050,0.23741646,0.16600407,0.15748505,0.18917599,SPPN,AEO2026 High Economic Growth
p39,2014,0.12363567,0.09481756000000001,0.07496182,0.09416596999999999,RMRG,AEO2026 High Economic Growth
p39,2015,0.12363567,0.09481756000000001,0.07496182,0.09416596999999999,RMRG,AEO2026 High Economic Growth
p39,2016,0.12363567,0.09481756000000001,0.07496182,0.09416596999999999,RMRG,AEO2026 High Economic Growth
p39,2017,0.12363567,0.09481756000000001,0.07496182,0.09416596999999999,RMRG,AEO2026 High Economic Growth
p39,2018,0.12363567,0.09481756000000001,0.07496182,0.09416596999999999,RMRG,AEO2026 High Economic Growth
p39,2019,0.12363567,0.09481756000000001,0.07496182,0.09416596999999999,RMRG,AEO2026 High Economic Growth
p39,2020,0.12363567,0.09481756000000001,0.07496182,0.09416596999999999,RMRG,AEO2026 High Economic Growth
p39,2021,0.12363567,0.09481756000000001,0.07496182,0.09416596999999999,RMRG,AEO2026 High Economic Growth
p39,2022,0.12363567,0.09481756000000001,0.07496182,0.09416596999999999,RMRG,AEO2026 High Economic Growth
p39,2023,0.12363567,0.09481756000000001,0.07496182,0.09416596999999999,RMRG,AEO2026 High Economic Growth
p39,2024,0.12363567,0.09481756000000001,0.07496182,0.09416596999999999,RMRG,AEO2026 High Economic Growth
p39,2025,0.12363567,0.09481756000000001,0.07496182,0.09416596999999999,RMRG,AEO2026 High Economic Growth
p39,2026,0.12584435,0.09527303,0.07477176,0.09385728,RMRG,AEO2026 High Economic Growth
p39,2027,0.13250507,0.09998279,0.07944894,0.09844248,RMRG,AEO2026 High Economic Growth
p39,2028,0.13861855,0.10480004,0.08339405,0.10332178,RMRG,AEO2026 High Economic Growth
p39,2029,0.14220449000000002,0.1074077,0.0858771,0.10589805000000001,RMRG,AEO2026 High Economic Growth
p39,2030,0.14967218000000002,0.11402926000000001,0.0929726,0.11245867000000001,RMRG,AEO2026 High Economic Growth
p39,2031,0.15661714999999998,0.11936731,0.09781314999999999,0.11808904,RMRG,AEO2026 High Economic Growth
p39,2032,0.1645656,0.12639034000000002,0.10553322,0.12527597999999998,RMRG,AEO2026 High Economic Growth
p39,2033,0.17036563999999998,0.1300373,0.1086942,0.12949474,RMRG,AEO2026 High Economic Growth
p39,2034,0.17369101,0.13166703,0.11049342,0.13152704,RMRG,AEO2026 High Economic Growth
p39,2035,0.17682196,0.13315933,0.11214874999999999,0.13327747,RMRG,AEO2026 High Economic Growth
p39,2036,0.18057018,0.13531544,0.11443423,0.1355864,RMRG,AEO2026 High Economic Growth
p39,2037,0.18575817,0.13888466,0.11807564,0.13927752,RMRG,AEO2026 High Economic Growth
p39,2038,0.19038874,0.1415292,0.12039065,0.14220629,RMRG,AEO2026 High Economic Growth
p39,2039,0.1958325,0.14551361,0.12436639,0.14625529,RMRG,AEO2026 High Economic Growth
p39,2040,0.2026074,0.15008862,0.12860165,0.15087575,RMRG,AEO2026 High Economic Growth
p39,2041,0.20747841,0.15262096,0.13076925,0.15355443,RMRG,AEO2026 High Economic Growth
p39,2042,0.21113928,0.15407701,0.13198309,0.15507888,RMRG,AEO2026 High Economic Growth
p39,2043,0.21488779000000002,0.15568006,0.13330041,0.15667256,RMRG,AEO2026 High Economic Growth
p39,2044,0.21884278999999998,0.15735062,0.13464591,0.15833683,RMRG,AEO2026 High Economic Growth
p39,2045,0.22301895,0.1591393,0.13611151,0.16008151999999998,RMRG,AEO2026 High Economic Growth
p39,2046,0.22750178999999998,0.16124365000000002,0.13786104,0.16210205,RMRG,AEO2026 High Economic Growth
p39,2047,0.23211487000000003,0.16342790999999998,0.13963954,0.16418575000000002,RMRG,AEO2026 High Economic Growth
p39,2048,0.23683809,0.16564425,0.14139884,0.16629218999999998,RMRG,AEO2026 High Economic Growth
p39,2049,0.24164255,0.16786215,0.14311362,0.16838315999999998,RMRG,AEO2026 High Economic Growth
p39,2050,0.24675285,0.17049423,0.14531143,0.17080898,RMRG,AEO2026 High Economic Growth
p40,2014,0.10822815999999999,0.08014502999999999,0.07128906,0.0916247,SPPN,AEO2026 High Economic Growth
p40,2015,0.10822815999999999,0.08014502999999999,0.07128906,0.0916247,SPPN,AEO2026 High Economic Growth
p40,2016,0.10822815999999999,0.08014502999999999,0.07128906,0.0916247,SPPN,AEO2026 High Economic Growth
p40,2017,0.10822815999999999,0.08014502999999999,0.07128906,0.0916247,SPPN,AEO2026 High Economic Growth
p40,2018,0.10822815999999999,0.08014502999999999,0.07128906,0.0916247,SPPN,AEO2026 High Economic Growth
p40,2019,0.10822815999999999,0.08014502999999999,0.07128906,0.0916247,SPPN,AEO2026 High Economic Growth
p40,2020,0.10822815999999999,0.08014502999999999,0.07128906,0.0916247,SPPN,AEO2026 High Economic Growth
p40,2021,0.10822815999999999,0.08014502999999999,0.07128906,0.0916247,SPPN,AEO2026 High Economic Growth
p40,2022,0.10822815999999999,0.08014502999999999,0.07128906,0.0916247,SPPN,AEO2026 High Economic Growth
p40,2023,0.10822815999999999,0.08014502999999999,0.07128906,0.0916247,SPPN,AEO2026 High Economic Growth
p40,2024,0.10822815999999999,0.08014502999999999,0.07128906,0.0916247,SPPN,AEO2026 High Economic Growth
p40,2025,0.10822815999999999,0.08014502999999999,0.07128906,0.0916247,SPPN,AEO2026 High Economic Growth
p40,2026,0.1114809,0.08250953000000001,0.07344767,0.09443454,SPPN,AEO2026 High Economic Growth
p40,2027,0.11381970000000001,0.08317607,0.07352688,0.09496064,SPPN,AEO2026 High Economic Growth
p40,2028,0.11871136,0.08691378,0.07706584999999999,0.09888775000000001,SPPN,AEO2026 High Economic Growth
p40,2029,0.12302624,0.09014271000000001,0.07990896,0.10236832,SPPN,AEO2026 High Economic Growth
p40,2030,0.12837844,0.09401175,0.08365954,0.10671467,SPPN,AEO2026 High Economic Growth
p40,2031,0.13599099,0.09958238,0.08943864,0.11308626000000001,SPPN,AEO2026 High Economic Growth
p40,2032,0.15090921,0.11088822999999999,0.10219062,0.12543179999999998,SPPN,AEO2026 High Economic Growth
p40,2033,0.15821312,0.1160681,0.10733085,0.13161596,SPPN,AEO2026 High Economic Growth
p40,2034,0.16279861,0.11889456,0.11036193000000001,0.13519973999999998,SPPN,AEO2026 High Economic Growth
p40,2035,0.16681879,0.12128634999999999,0.11300189,0.13822783,SPPN,AEO2026 High Economic Growth
p40,2036,0.17063642999999998,0.12349790000000001,0.11539632,0.14100012,SPPN,AEO2026 High Economic Growth
p40,2037,0.17429372999999998,0.12555982999999998,0.11758072,0.14357153,SPPN,AEO2026 High Economic Growth
p40,2038,0.17907944,0.12852464,0.12076744,0.1471024,SPPN,AEO2026 High Economic Growth
p40,2039,0.1908716,0.13729378,0.13032326,0.15667452,SPPN,AEO2026 High Economic Growth
p40,2040,0.1957649,0.14044131,0.13316364,0.16061303999999998,SPPN,AEO2026 High Economic Growth
p40,2041,0.19975985999999998,0.14271609,0.13546913,0.16326406,SPPN,AEO2026 High Economic Growth
p40,2042,0.20382792,0.14523571000000002,0.13788844,0.16617989000000002,SPPN,AEO2026 High Economic Growth
p40,2043,0.20778633,0.14773033,0.14022139,0.16902128000000002,SPPN,AEO2026 High Economic Growth
p40,2044,0.21174629,0.15023931,0.14255195,0.17187145,SPPN,AEO2026 High Economic Growth
p40,2045,0.21554361,0.15247424,0.14471302,0.17430468000000002,SPPN,AEO2026 High Economic Growth
p40,2046,0.21953430000000002,0.15486567,0.14709059,0.17683306000000001,SPPN,AEO2026 High Economic Growth
p40,2047,0.22400594999999998,0.15765714,0.14973416,0.17991143999999998,SPPN,AEO2026 High Economic Growth
p40,2048,0.22784994,0.15991924,0.15184283,0.18238674,SPPN,AEO2026 High Economic Growth
p40,2049,0.23260252,0.16295759,0.15466142,0.18575589999999997,SPPN,AEO2026 High Economic Growth
p40,2050,0.23741646,0.16600407,0.15748505,0.18917599,SPPN,AEO2026 High Economic Growth
p41,2014,0.10822815999999999,0.08014502999999999,0.07128906,0.0916247,SPPN,AEO2026 High Economic Growth
p41,2015,0.10822815999999999,0.08014502999999999,0.07128906,0.0916247,SPPN,AEO2026 High Economic Growth
p41,2016,0.10822815999999999,0.08014502999999999,0.07128906,0.0916247,SPPN,AEO2026 High Economic Growth
p41,2017,0.10822815999999999,0.08014502999999999,0.07128906,0.0916247,SPPN,AEO2026 High Economic Growth
p41,2018,0.10822815999999999,0.08014502999999999,0.07128906,0.0916247,SPPN,AEO2026 High Economic Growth
p41,2019,0.10822815999999999,0.08014502999999999,0.07128906,0.0916247,SPPN,AEO2026 High Economic Growth
p41,2020,0.10822815999999999,0.08014502999999999,0.07128906,0.0916247,SPPN,AEO2026 High Economic Growth
p41,2021,0.10822815999999999,0.08014502999999999,0.07128906,0.0916247,SPPN,AEO2026 High Economic Growth
p41,2022,0.10822815999999999,0.08014502999999999,0.07128906,0.0916247,SPPN,AEO2026 High Economic Growth
p41,2023,0.10822815999999999,0.08014502999999999,0.07128906,0.0916247,SPPN,AEO2026 High Economic Growth
p41,2024,0.10822815999999999,0.08014502999999999,0.07128906,0.0916247,SPPN,AEO2026 High Economic Growth
p41,2025,0.10822815999999999,0.08014502999999999,0.07128906,0.0916247,SPPN,AEO2026 High Economic Growth
p41,2026,0.1114809,0.08250953000000001,0.07344767,0.09443454,SPPN,AEO2026 High Economic Growth
p41,2027,0.11381970000000001,0.08317607,0.07352688,0.09496064,SPPN,AEO2026 High Economic Growth
p41,2028,0.11871136,0.08691378,0.07706584999999999,0.09888775000000001,SPPN,AEO2026 High Economic Growth
p41,2029,0.12302624,0.09014271000000001,0.07990896,0.10236832,SPPN,AEO2026 High Economic Growth
p41,2030,0.12837844,0.09401175,0.08365954,0.10671467,SPPN,AEO2026 High Economic Growth
p41,2031,0.13599099,0.09958238,0.08943864,0.11308626000000001,SPPN,AEO2026 High Economic Growth
p41,2032,0.15090921,0.11088822999999999,0.10219062,0.12543179999999998,SPPN,AEO2026 High Economic Growth
p41,2033,0.15821312,0.1160681,0.10733085,0.13161596,SPPN,AEO2026 High Economic Growth
p41,2034,0.16279861,0.11889456,0.11036193000000001,0.13519973999999998,SPPN,AEO2026 High Economic Growth
p41,2035,0.16681879,0.12128634999999999,0.11300189,0.13822783,SPPN,AEO2026 High Economic Growth
p41,2036,0.17063642999999998,0.12349790000000001,0.11539632,0.14100012,SPPN,AEO2026 High Economic Growth
p41,2037,0.17429372999999998,0.12555982999999998,0.11758072,0.14357153,SPPN,AEO2026 High Economic Growth
p41,2038,0.17907944,0.12852464,0.12076744,0.1471024,SPPN,AEO2026 High Economic Growth
p41,2039,0.1908716,0.13729378,0.13032326,0.15667452,SPPN,AEO2026 High Economic Growth
p41,2040,0.1957649,0.14044131,0.13316364,0.16061303999999998,SPPN,AEO2026 High Economic Growth
p41,2041,0.19975985999999998,0.14271609,0.13546913,0.16326406,SPPN,AEO2026 High Economic Growth
p41,2042,0.20382792,0.14523571000000002,0.13788844,0.16617989000000002,SPPN,AEO2026 High Economic Growth
p41,2043,0.20778633,0.14773033,0.14022139,0.16902128000000002,SPPN,AEO2026 High Economic Growth
p41,2044,0.21174629,0.15023931,0.14255195,0.17187145,SPPN,AEO2026 High Economic Growth
p41,2045,0.21554361,0.15247424,0.14471302,0.17430468000000002,SPPN,AEO2026 High Economic Growth
p41,2046,0.21953430000000002,0.15486567,0.14709059,0.17683306000000001,SPPN,AEO2026 High Economic Growth
p41,2047,0.22400594999999998,0.15765714,0.14973416,0.17991143999999998,SPPN,AEO2026 High Economic Growth
p41,2048,0.22784994,0.15991924,0.15184283,0.18238674,SPPN,AEO2026 High Economic Growth
p41,2049,0.23260252,0.16295759,0.15466142,0.18575589999999997,SPPN,AEO2026 High Economic Growth
p41,2050,0.23741646,0.16600407,0.15748505,0.18917599,SPPN,AEO2026 High Economic Growth
p42,2014,0.16248287,0.12197010999999999,0.08588733,0.13089389,MISW,AEO2026 High Economic Growth
p42,2015,0.16248287,0.12197010999999999,0.08588733,0.13089389,MISW,AEO2026 High Economic Growth
p42,2016,0.16248287,0.12197010999999999,0.08588733,0.13089389,MISW,AEO2026 High Economic Growth
p42,2017,0.16248287,0.12197010999999999,0.08588733,0.13089389,MISW,AEO2026 High Economic Growth
p42,2018,0.16248287,0.12197010999999999,0.08588733,0.13089389,MISW,AEO2026 High Economic Growth
p42,2019,0.16248287,0.12197010999999999,0.08588733,0.13089389,MISW,AEO2026 High Economic Growth
p42,2020,0.16248287,0.12197010999999999,0.08588733,0.13089389,MISW,AEO2026 High Economic Growth
p42,2021,0.16248287,0.12197010999999999,0.08588733,0.13089389,MISW,AEO2026 High Economic Growth
p42,2022,0.16248287,0.12197010999999999,0.08588733,0.13089389,MISW,AEO2026 High Economic Growth
p42,2023,0.16248287,0.12197010999999999,0.08588733,0.13089389,MISW,AEO2026 High Economic Growth
p42,2024,0.16248287,0.12197010999999999,0.08588733,0.13089389,MISW,AEO2026 High Economic Growth
p42,2025,0.16248287,0.12197010999999999,0.08588733,0.13089389,MISW,AEO2026 High Economic Growth
p42,2026,0.16766201,0.12477067,0.08868482,0.13479905,MISW,AEO2026 High Economic Growth
p42,2027,0.16287548000000002,0.12083496,0.08317901000000001,0.1305242,MISW,AEO2026 High Economic Growth
p42,2028,0.16024588,0.11817952,0.08181023,0.12698872,MISW,AEO2026 High Economic Growth
p42,2029,0.16351196,0.1208651,0.08380258,0.1294595,MISW,AEO2026 High Economic Growth
p42,2030,0.16909843,0.12505867,0.08756831,0.13370493,MISW,AEO2026 High Economic Growth
p42,2031,0.17573256,0.13013453,0.091877,0.13916435,MISW,AEO2026 High Economic Growth
p42,2032,0.18756071,0.13801392999999998,0.10104946999999999,0.14759421,MISW,AEO2026 High Economic Growth
p42,2033,0.19642498,0.14503287,0.10599674,0.15590479999999998,MISW,AEO2026 High Economic Growth
p42,2034,0.19978474,0.14690134,0.10810385,0.15829041,MISW,AEO2026 High Economic Growth
p42,2035,0.20226637,0.14826430999999998,0.10941936999999999,0.16016607,MISW,AEO2026 High Economic Growth
p42,2036,0.20440258,0.14917685,0.11063698999999999,0.16138079000000002,MISW,AEO2026 High Economic Growth
p42,2037,0.20722219,0.15063631,0.11229718,0.16307716,MISW,AEO2026 High Economic Growth
p42,2038,0.21040915999999998,0.15251136,0.11410906999999999,0.16517584,MISW,AEO2026 High Economic Growth
p42,2039,0.21576754,0.15576207,0.11776953000000001,0.16861088,MISW,AEO2026 High Economic Growth
p42,2040,0.22041187,0.15897035,0.12019525,0.17222539999999997,MISW,AEO2026 High Economic Growth
p42,2041,0.22353382,0.1607233,0.12181417,0.17406223,MISW,AEO2026 High Economic Growth
p42,2042,0.2277738,0.16343889,0.12417999,0.17688797,MISW,AEO2026 High Economic Growth
p42,2043,0.2314134,0.16591598999999999,0.12589622,0.17949589,MISW,AEO2026 High Economic Growth
p42,2044,0.23442743,0.16781569000000002,0.12727233999999998,0.18137217,MISW,AEO2026 High Economic Growth
p42,2045,0.23793424999999999,0.16998217000000002,0.12888855,0.18355015000000002,MISW,AEO2026 High Economic Growth
p42,2046,0.24152498,0.17224937,0.13058331,0.18584827,MISW,AEO2026 High Economic Growth
p42,2047,0.24490511,0.17434729000000002,0.1321505,0.18789166999999998,MISW,AEO2026 High Economic Growth
p42,2048,0.24831738,0.17645754,0.13376758,0.18992132,MISW,AEO2026 High Economic Growth
p42,2049,0.25189774,0.17879304999999998,0.13542656,0.19218744000000001,MISW,AEO2026 High Economic Growth
p42,2050,0.25540918,0.18105091,0.13702437,0.19438015,MISW,AEO2026 High Economic Growth
p43,2014,0.16248287,0.12197010999999999,0.08588733,0.13089389,MISW,AEO2026 High Economic Growth
p43,2015,0.16248287,0.12197010999999999,0.08588733,0.13089389,MISW,AEO2026 High Economic Growth
p43,2016,0.16248287,0.12197010999999999,0.08588733,0.13089389,MISW,AEO2026 High Economic Growth
p43,2017,0.16248287,0.12197010999999999,0.08588733,0.13089389,MISW,AEO2026 High Economic Growth
p43,2018,0.16248287,0.12197010999999999,0.08588733,0.13089389,MISW,AEO2026 High Economic Growth
p43,2019,0.16248287,0.12197010999999999,0.08588733,0.13089389,MISW,AEO2026 High Economic Growth
p43,2020,0.16248287,0.12197010999999999,0.08588733,0.13089389,MISW,AEO2026 High Economic Growth
p43,2021,0.16248287,0.12197010999999999,0.08588733,0.13089389,MISW,AEO2026 High Economic Growth
p43,2022,0.16248287,0.12197010999999999,0.08588733,0.13089389,MISW,AEO2026 High Economic Growth
p43,2023,0.16248287,0.12197010999999999,0.08588733,0.13089389,MISW,AEO2026 High Economic Growth
p43,2024,0.16248287,0.12197010999999999,0.08588733,0.13089389,MISW,AEO2026 High Economic Growth
p43,2025,0.16248287,0.12197010999999999,0.08588733,0.13089389,MISW,AEO2026 High Economic Growth
p43,2026,0.16766201,0.12477067,0.08868482,0.13479905,MISW,AEO2026 High Economic Growth
p43,2027,0.16287548000000002,0.12083496,0.08317901000000001,0.1305242,MISW,AEO2026 High Economic Growth
p43,2028,0.16024588,0.11817952,0.08181023,0.12698872,MISW,AEO2026 High Economic Growth
p43,2029,0.16351196,0.1208651,0.08380258,0.1294595,MISW,AEO2026 High Economic Growth
p43,2030,0.16909843,0.12505867,0.08756831,0.13370493,MISW,AEO2026 High Economic Growth
p43,2031,0.17573256,0.13013453,0.091877,0.13916435,MISW,AEO2026 High Economic Growth
p43,2032,0.18756071,0.13801392999999998,0.10104946999999999,0.14759421,MISW,AEO2026 High Economic Growth
p43,2033,0.19642498,0.14503287,0.10599674,0.15590479999999998,MISW,AEO2026 High Economic Growth
p43,2034,0.19978474,0.14690134,0.10810385,0.15829041,MISW,AEO2026 High Economic Growth
p43,2035,0.20226637,0.14826430999999998,0.10941936999999999,0.16016607,MISW,AEO2026 High Economic Growth
p43,2036,0.20440258,0.14917685,0.11063698999999999,0.16138079000000002,MISW,AEO2026 High Economic Growth
p43,2037,0.20722219,0.15063631,0.11229718,0.16307716,MISW,AEO2026 High Economic Growth
p43,2038,0.21040915999999998,0.15251136,0.11410906999999999,0.16517584,MISW,AEO2026 High Economic Growth
p43,2039,0.21576754,0.15576207,0.11776953000000001,0.16861088,MISW,AEO2026 High Economic Growth
p43,2040,0.22041187,0.15897035,0.12019525,0.17222539999999997,MISW,AEO2026 High Economic Growth
p43,2041,0.22353382,0.1607233,0.12181417,0.17406223,MISW,AEO2026 High Economic Growth
p43,2042,0.2277738,0.16343889,0.12417999,0.17688797,MISW,AEO2026 High Economic Growth
p43,2043,0.2314134,0.16591598999999999,0.12589622,0.17949589,MISW,AEO2026 High Economic Growth
p43,2044,0.23442743,0.16781569000000002,0.12727233999999998,0.18137217,MISW,AEO2026 High Economic Growth
p43,2045,0.23793424999999999,0.16998217000000002,0.12888855,0.18355015000000002,MISW,AEO2026 High Economic Growth
p43,2046,0.24152498,0.17224937,0.13058331,0.18584827,MISW,AEO2026 High Economic Growth
p43,2047,0.24490511,0.17434729000000002,0.1321505,0.18789166999999998,MISW,AEO2026 High Economic Growth
p43,2048,0.24831738,0.17645754,0.13376758,0.18992132,MISW,AEO2026 High Economic Growth
p43,2049,0.25189774,0.17879304999999998,0.13542656,0.19218744000000001,MISW,AEO2026 High Economic Growth
p43,2050,0.25540918,0.18105091,0.13702437,0.19438015,MISW,AEO2026 High Economic Growth
p44,2014,0.16248287,0.12197010999999999,0.08588733,0.13089389,MISW,AEO2026 High Economic Growth
p44,2015,0.16248287,0.12197010999999999,0.08588733,0.13089389,MISW,AEO2026 High Economic Growth
p44,2016,0.16248287,0.12197010999999999,0.08588733,0.13089389,MISW,AEO2026 High Economic Growth
p44,2017,0.16248287,0.12197010999999999,0.08588733,0.13089389,MISW,AEO2026 High Economic Growth
p44,2018,0.16248287,0.12197010999999999,0.08588733,0.13089389,MISW,AEO2026 High Economic Growth
p44,2019,0.16248287,0.12197010999999999,0.08588733,0.13089389,MISW,AEO2026 High Economic Growth
p44,2020,0.16248287,0.12197010999999999,0.08588733,0.13089389,MISW,AEO2026 High Economic Growth
p44,2021,0.16248287,0.12197010999999999,0.08588733,0.13089389,MISW,AEO2026 High Economic Growth
p44,2022,0.16248287,0.12197010999999999,0.08588733,0.13089389,MISW,AEO2026 High Economic Growth
p44,2023,0.16248287,0.12197010999999999,0.08588733,0.13089389,MISW,AEO2026 High Economic Growth
p44,2024,0.16248287,0.12197010999999999,0.08588733,0.13089389,MISW,AEO2026 High Economic Growth
p44,2025,0.16248287,0.12197010999999999,0.08588733,0.13089389,MISW,AEO2026 High Economic Growth
p44,2026,0.16766201,0.12477067,0.08868482,0.13479905,MISW,AEO2026 High Economic Growth
p44,2027,0.16287548000000002,0.12083496,0.08317901000000001,0.1305242,MISW,AEO2026 High Economic Growth
p44,2028,0.16024588,0.11817952,0.08181023,0.12698872,MISW,AEO2026 High Economic Growth
p44,2029,0.16351196,0.1208651,0.08380258,0.1294595,MISW,AEO2026 High Economic Growth
p44,2030,0.16909843,0.12505867,0.08756831,0.13370493,MISW,AEO2026 High Economic Growth
p44,2031,0.17573256,0.13013453,0.091877,0.13916435,MISW,AEO2026 High Economic Growth
p44,2032,0.18756071,0.13801392999999998,0.10104946999999999,0.14759421,MISW,AEO2026 High Economic Growth
p44,2033,0.19642498,0.14503287,0.10599674,0.15590479999999998,MISW,AEO2026 High Economic Growth
p44,2034,0.19978474,0.14690134,0.10810385,0.15829041,MISW,AEO2026 High Economic Growth
p44,2035,0.20226637,0.14826430999999998,0.10941936999999999,0.16016607,MISW,AEO2026 High Economic Growth
p44,2036,0.20440258,0.14917685,0.11063698999999999,0.16138079000000002,MISW,AEO2026 High Economic Growth
p44,2037,0.20722219,0.15063631,0.11229718,0.16307716,MISW,AEO2026 High Economic Growth
p44,2038,0.21040915999999998,0.15251136,0.11410906999999999,0.16517584,MISW,AEO2026 High Economic Growth
p44,2039,0.21576754,0.15576207,0.11776953000000001,0.16861088,MISW,AEO2026 High Economic Growth
p44,2040,0.22041187,0.15897035,0.12019525,0.17222539999999997,MISW,AEO2026 High Economic Growth
p44,2041,0.22353382,0.1607233,0.12181417,0.17406223,MISW,AEO2026 High Economic Growth
p44,2042,0.2277738,0.16343889,0.12417999,0.17688797,MISW,AEO2026 High Economic Growth
p44,2043,0.2314134,0.16591598999999999,0.12589622,0.17949589,MISW,AEO2026 High Economic Growth
p44,2044,0.23442743,0.16781569000000002,0.12727233999999998,0.18137217,MISW,AEO2026 High Economic Growth
p44,2045,0.23793424999999999,0.16998217000000002,0.12888855,0.18355015000000002,MISW,AEO2026 High Economic Growth
p44,2046,0.24152498,0.17224937,0.13058331,0.18584827,MISW,AEO2026 High Economic Growth
p44,2047,0.24490511,0.17434729000000002,0.1321505,0.18789166999999998,MISW,AEO2026 High Economic Growth
p44,2048,0.24831738,0.17645754,0.13376758,0.18992132,MISW,AEO2026 High Economic Growth
p44,2049,0.25189774,0.17879304999999998,0.13542656,0.19218744000000001,MISW,AEO2026 High Economic Growth
p44,2050,0.25540918,0.18105091,0.13702437,0.19438015,MISW,AEO2026 High Economic Growth
p45,2014,0.10822815999999999,0.08014502999999999,0.07128906,0.0916247,SPPN,AEO2026 High Economic Growth
p45,2015,0.10822815999999999,0.08014502999999999,0.07128906,0.0916247,SPPN,AEO2026 High Economic Growth
p45,2016,0.10822815999999999,0.08014502999999999,0.07128906,0.0916247,SPPN,AEO2026 High Economic Growth
p45,2017,0.10822815999999999,0.08014502999999999,0.07128906,0.0916247,SPPN,AEO2026 High Economic Growth
p45,2018,0.10822815999999999,0.08014502999999999,0.07128906,0.0916247,SPPN,AEO2026 High Economic Growth
p45,2019,0.10822815999999999,0.08014502999999999,0.07128906,0.0916247,SPPN,AEO2026 High Economic Growth
p45,2020,0.10822815999999999,0.08014502999999999,0.07128906,0.0916247,SPPN,AEO2026 High Economic Growth
p45,2021,0.10822815999999999,0.08014502999999999,0.07128906,0.0916247,SPPN,AEO2026 High Economic Growth
p45,2022,0.10822815999999999,0.08014502999999999,0.07128906,0.0916247,SPPN,AEO2026 High Economic Growth
p45,2023,0.10822815999999999,0.08014502999999999,0.07128906,0.0916247,SPPN,AEO2026 High Economic Growth
p45,2024,0.10822815999999999,0.08014502999999999,0.07128906,0.0916247,SPPN,AEO2026 High Economic Growth
p45,2025,0.10822815999999999,0.08014502999999999,0.07128906,0.0916247,SPPN,AEO2026 High Economic Growth
p45,2026,0.1114809,0.08250953000000001,0.07344767,0.09443454,SPPN,AEO2026 High Economic Growth
p45,2027,0.11381970000000001,0.08317607,0.07352688,0.09496064,SPPN,AEO2026 High Economic Growth
p45,2028,0.11871136,0.08691378,0.07706584999999999,0.09888775000000001,SPPN,AEO2026 High Economic Growth
p45,2029,0.12302624,0.09014271000000001,0.07990896,0.10236832,SPPN,AEO2026 High Economic Growth
p45,2030,0.12837844,0.09401175,0.08365954,0.10671467,SPPN,AEO2026 High Economic Growth
p45,2031,0.13599099,0.09958238,0.08943864,0.11308626000000001,SPPN,AEO2026 High Economic Growth
p45,2032,0.15090921,0.11088822999999999,0.10219062,0.12543179999999998,SPPN,AEO2026 High Economic Growth
p45,2033,0.15821312,0.1160681,0.10733085,0.13161596,SPPN,AEO2026 High Economic Growth
p45,2034,0.16279861,0.11889456,0.11036193000000001,0.13519973999999998,SPPN,AEO2026 High Economic Growth
p45,2035,0.16681879,0.12128634999999999,0.11300189,0.13822783,SPPN,AEO2026 High Economic Growth
p45,2036,0.17063642999999998,0.12349790000000001,0.11539632,0.14100012,SPPN,AEO2026 High Economic Growth
p45,2037,0.17429372999999998,0.12555982999999998,0.11758072,0.14357153,SPPN,AEO2026 High Economic Growth
p45,2038,0.17907944,0.12852464,0.12076744,0.1471024,SPPN,AEO2026 High Economic Growth
p45,2039,0.1908716,0.13729378,0.13032326,0.15667452,SPPN,AEO2026 High Economic Growth
p45,2040,0.1957649,0.14044131,0.13316364,0.16061303999999998,SPPN,AEO2026 High Economic Growth
p45,2041,0.19975985999999998,0.14271609,0.13546913,0.16326406,SPPN,AEO2026 High Economic Growth
p45,2042,0.20382792,0.14523571000000002,0.13788844,0.16617989000000002,SPPN,AEO2026 High Economic Growth
p45,2043,0.20778633,0.14773033,0.14022139,0.16902128000000002,SPPN,AEO2026 High Economic Growth
p45,2044,0.21174629,0.15023931,0.14255195,0.17187145,SPPN,AEO2026 High Economic Growth
p45,2045,0.21554361,0.15247424,0.14471302,0.17430468000000002,SPPN,AEO2026 High Economic Growth
p45,2046,0.21953430000000002,0.15486567,0.14709059,0.17683306000000001,SPPN,AEO2026 High Economic Growth
p45,2047,0.22400594999999998,0.15765714,0.14973416,0.17991143999999998,SPPN,AEO2026 High Economic Growth
p45,2048,0.22784994,0.15991924,0.15184283,0.18238674,SPPN,AEO2026 High Economic Growth
p45,2049,0.23260252,0.16295759,0.15466142,0.18575589999999997,SPPN,AEO2026 High Economic Growth
p45,2050,0.23741646,0.16600407,0.15748505,0.18917599,SPPN,AEO2026 High Economic Growth
p46,2014,0.16248287,0.12197010999999999,0.08588733,0.13089389,MISW,AEO2026 High Economic Growth
p46,2015,0.16248287,0.12197010999999999,0.08588733,0.13089389,MISW,AEO2026 High Economic Growth
p46,2016,0.16248287,0.12197010999999999,0.08588733,0.13089389,MISW,AEO2026 High Economic Growth
p46,2017,0.16248287,0.12197010999999999,0.08588733,0.13089389,MISW,AEO2026 High Economic Growth
p46,2018,0.16248287,0.12197010999999999,0.08588733,0.13089389,MISW,AEO2026 High Economic Growth
p46,2019,0.16248287,0.12197010999999999,0.08588733,0.13089389,MISW,AEO2026 High Economic Growth
p46,2020,0.16248287,0.12197010999999999,0.08588733,0.13089389,MISW,AEO2026 High Economic Growth
p46,2021,0.16248287,0.12197010999999999,0.08588733,0.13089389,MISW,AEO2026 High Economic Growth
p46,2022,0.16248287,0.12197010999999999,0.08588733,0.13089389,MISW,AEO2026 High Economic Growth
p46,2023,0.16248287,0.12197010999999999,0.08588733,0.13089389,MISW,AEO2026 High Economic Growth
p46,2024,0.16248287,0.12197010999999999,0.08588733,0.13089389,MISW,AEO2026 High Economic Growth
p46,2025,0.16248287,0.12197010999999999,0.08588733,0.13089389,MISW,AEO2026 High Economic Growth
p46,2026,0.16766201,0.12477067,0.08868482,0.13479905,MISW,AEO2026 High Economic Growth
p46,2027,0.16287548000000002,0.12083496,0.08317901000000001,0.1305242,MISW,AEO2026 High Economic Growth
p46,2028,0.16024588,0.11817952,0.08181023,0.12698872,MISW,AEO2026 High Economic Growth
p46,2029,0.16351196,0.1208651,0.08380258,0.1294595,MISW,AEO2026 High Economic Growth
p46,2030,0.16909843,0.12505867,0.08756831,0.13370493,MISW,AEO2026 High Economic Growth
p46,2031,0.17573256,0.13013453,0.091877,0.13916435,MISW,AEO2026 High Economic Growth
p46,2032,0.18756071,0.13801392999999998,0.10104946999999999,0.14759421,MISW,AEO2026 High Economic Growth
p46,2033,0.19642498,0.14503287,0.10599674,0.15590479999999998,MISW,AEO2026 High Economic Growth
p46,2034,0.19978474,0.14690134,0.10810385,0.15829041,MISW,AEO2026 High Economic Growth
p46,2035,0.20226637,0.14826430999999998,0.10941936999999999,0.16016607,MISW,AEO2026 High Economic Growth
p46,2036,0.20440258,0.14917685,0.11063698999999999,0.16138079000000002,MISW,AEO2026 High Economic Growth
p46,2037,0.20722219,0.15063631,0.11229718,0.16307716,MISW,AEO2026 High Economic Growth
p46,2038,0.21040915999999998,0.15251136,0.11410906999999999,0.16517584,MISW,AEO2026 High Economic Growth
p46,2039,0.21576754,0.15576207,0.11776953000000001,0.16861088,MISW,AEO2026 High Economic Growth
p46,2040,0.22041187,0.15897035,0.12019525,0.17222539999999997,MISW,AEO2026 High Economic Growth
p46,2041,0.22353382,0.1607233,0.12181417,0.17406223,MISW,AEO2026 High Economic Growth
p46,2042,0.2277738,0.16343889,0.12417999,0.17688797,MISW,AEO2026 High Economic Growth
p46,2043,0.2314134,0.16591598999999999,0.12589622,0.17949589,MISW,AEO2026 High Economic Growth
p46,2044,0.23442743,0.16781569000000002,0.12727233999999998,0.18137217,MISW,AEO2026 High Economic Growth
p46,2045,0.23793424999999999,0.16998217000000002,0.12888855,0.18355015000000002,MISW,AEO2026 High Economic Growth
p46,2046,0.24152498,0.17224937,0.13058331,0.18584827,MISW,AEO2026 High Economic Growth
p46,2047,0.24490511,0.17434729000000002,0.1321505,0.18789166999999998,MISW,AEO2026 High Economic Growth
p46,2048,0.24831738,0.17645754,0.13376758,0.18992132,MISW,AEO2026 High Economic Growth
p46,2049,0.25189774,0.17879304999999998,0.13542656,0.19218744000000001,MISW,AEO2026 High Economic Growth
p46,2050,0.25540918,0.18105091,0.13702437,0.19438015,MISW,AEO2026 High Economic Growth
p47,2014,0.12274221,0.09519013,0.06485457,0.09343033,SPPS,AEO2026 High Economic Growth
p47,2015,0.12274221,0.09519013,0.06485457,0.09343033,SPPS,AEO2026 High Economic Growth
p47,2016,0.12274221,0.09519013,0.06485457,0.09343033,SPPS,AEO2026 High Economic Growth
p47,2017,0.12274221,0.09519013,0.06485457,0.09343033,SPPS,AEO2026 High Economic Growth
p47,2018,0.12274221,0.09519013,0.06485457,0.09343033,SPPS,AEO2026 High Economic Growth
p47,2019,0.12274221,0.09519013,0.06485457,0.09343033,SPPS,AEO2026 High Economic Growth
p47,2020,0.12274221,0.09519013,0.06485457,0.09343033,SPPS,AEO2026 High Economic Growth
p47,2021,0.12274221,0.09519013,0.06485457,0.09343033,SPPS,AEO2026 High Economic Growth
p47,2022,0.12274221,0.09519013,0.06485457,0.09343033,SPPS,AEO2026 High Economic Growth
p47,2023,0.12274221,0.09519013,0.06485457,0.09343033,SPPS,AEO2026 High Economic Growth
p47,2024,0.12274221,0.09519013,0.06485457,0.09343033,SPPS,AEO2026 High Economic Growth
p47,2025,0.12274221,0.09519013,0.06485457,0.09343033,SPPS,AEO2026 High Economic Growth
p47,2026,0.12700738,0.09504089,0.06655807,0.09539797,SPPS,AEO2026 High Economic Growth
p47,2027,0.12858593000000001,0.09563746999999999,0.06684623,0.09601131,SPPS,AEO2026 High Economic Growth
p47,2028,0.13257216,0.09934403,0.07003542,0.09938005999999999,SPPS,AEO2026 High Economic Growth
p47,2029,0.13844809,0.10432760999999999,0.0739345,0.10426383,SPPS,AEO2026 High Economic Growth
p47,2030,0.14333603,0.10825513,0.07705578,0.10822868,SPPS,AEO2026 High Economic Growth
p47,2031,0.14876878,0.11288382999999999,0.08115482,0.112828,SPPS,AEO2026 High Economic Growth
p47,2032,0.15578684,0.11910932,0.08673213,0.11897761,SPPS,AEO2026 High Economic Growth
p47,2033,0.16216011000000002,0.12428739,0.09097234,0.1243388,SPPS,AEO2026 High Economic Growth
p47,2034,0.1654352,0.12640218,0.09245102,0.12677448,SPPS,AEO2026 High Economic Growth
p47,2035,0.16758036,0.12794795,0.09384398,0.12830266999999998,SPPS,AEO2026 High Economic Growth
p47,2036,0.17139700000000002,0.13108765,0.0966437,0.13130664,SPPS,AEO2026 High Economic Growth
p47,2037,0.17592958,0.13454566,0.09944288,0.13478815,SPPS,AEO2026 High Economic Growth
p47,2038,0.18006433000000002,0.13749376,0.10178548,0.13778242000000002,SPPS,AEO2026 High Economic Growth
p47,2039,0.1862014,0.14290741,0.10664403,0.1427704,SPPS,AEO2026 High Economic Growth
p47,2040,0.19408930000000002,0.14921208,0.11171624,0.14901064,SPPS,AEO2026 High Economic Growth
p47,2041,0.19938623,0.15279577,0.11420811,0.15275297,SPPS,AEO2026 High Economic Growth
p47,2042,0.20296178999999998,0.15499167,0.11575658000000001,0.15492229,SPPS,AEO2026 High Economic Growth
p47,2043,0.20621880999999997,0.15696648,0.11715343,0.15678328,SPPS,AEO2026 High Economic Growth
p47,2044,0.21008137000000002,0.15943066,0.11892859,0.15911302,SPPS,AEO2026 High Economic Growth
p47,2045,0.21408404999999997,0.16185011,0.12061919,0.16142673,SPPS,AEO2026 High Economic Growth
p47,2046,0.21839159,0.16459049,0.12258576,0.16402066999999998,SPPS,AEO2026 High Economic Growth
p47,2047,0.22257276999999998,0.16700106,0.12415803,0.16634836,SPPS,AEO2026 High Economic Growth
p47,2048,0.22639423,0.1692717,0.12575903,0.16839603,SPPS,AEO2026 High Economic Growth
p47,2049,0.23053159999999998,0.17179579,0.12748004,0.17069252,SPPS,AEO2026 High Economic Growth
p47,2050,0.23509951,0.17469751,0.12954242000000002,0.17333755,SPPS,AEO2026 High Economic Growth
p48,2014,0.12274221,0.09519013,0.06485457,0.09343033,SPPS,AEO2026 High Economic Growth
p48,2015,0.12274221,0.09519013,0.06485457,0.09343033,SPPS,AEO2026 High Economic Growth
p48,2016,0.12274221,0.09519013,0.06485457,0.09343033,SPPS,AEO2026 High Economic Growth
p48,2017,0.12274221,0.09519013,0.06485457,0.09343033,SPPS,AEO2026 High Economic Growth
p48,2018,0.12274221,0.09519013,0.06485457,0.09343033,SPPS,AEO2026 High Economic Growth
p48,2019,0.12274221,0.09519013,0.06485457,0.09343033,SPPS,AEO2026 High Economic Growth
p48,2020,0.12274221,0.09519013,0.06485457,0.09343033,SPPS,AEO2026 High Economic Growth
p48,2021,0.12274221,0.09519013,0.06485457,0.09343033,SPPS,AEO2026 High Economic Growth
p48,2022,0.12274221,0.09519013,0.06485457,0.09343033,SPPS,AEO2026 High Economic Growth
p48,2023,0.12274221,0.09519013,0.06485457,0.09343033,SPPS,AEO2026 High Economic Growth
p48,2024,0.12274221,0.09519013,0.06485457,0.09343033,SPPS,AEO2026 High Economic Growth
p48,2025,0.12274221,0.09519013,0.06485457,0.09343033,SPPS,AEO2026 High Economic Growth
p48,2026,0.12700738,0.09504089,0.06655807,0.09539797,SPPS,AEO2026 High Economic Growth
p48,2027,0.12858593000000001,0.09563746999999999,0.06684623,0.09601131,SPPS,AEO2026 High Economic Growth
p48,2028,0.13257216,0.09934403,0.07003542,0.09938005999999999,SPPS,AEO2026 High Economic Growth
p48,2029,0.13844809,0.10432760999999999,0.0739345,0.10426383,SPPS,AEO2026 High Economic Growth
p48,2030,0.14333603,0.10825513,0.07705578,0.10822868,SPPS,AEO2026 High Economic Growth
p48,2031,0.14876878,0.11288382999999999,0.08115482,0.112828,SPPS,AEO2026 High Economic Growth
p48,2032,0.15578684,0.11910932,0.08673213,0.11897761,SPPS,AEO2026 High Economic Growth
p48,2033,0.16216011000000002,0.12428739,0.09097234,0.1243388,SPPS,AEO2026 High Economic Growth
p48,2034,0.1654352,0.12640218,0.09245102,0.12677448,SPPS,AEO2026 High Economic Growth
p48,2035,0.16758036,0.12794795,0.09384398,0.12830266999999998,SPPS,AEO2026 High Economic Growth
p48,2036,0.17139700000000002,0.13108765,0.0966437,0.13130664,SPPS,AEO2026 High Economic Growth
p48,2037,0.17592958,0.13454566,0.09944288,0.13478815,SPPS,AEO2026 High Economic Growth
p48,2038,0.18006433000000002,0.13749376,0.10178548,0.13778242000000002,SPPS,AEO2026 High Economic Growth
p48,2039,0.1862014,0.14290741,0.10664403,0.1427704,SPPS,AEO2026 High Economic Growth
p48,2040,0.19408930000000002,0.14921208,0.11171624,0.14901064,SPPS,AEO2026 High Economic Growth
p48,2041,0.19938623,0.15279577,0.11420811,0.15275297,SPPS,AEO2026 High Economic Growth
p48,2042,0.20296178999999998,0.15499167,0.11575658000000001,0.15492229,SPPS,AEO2026 High Economic Growth
p48,2043,0.20621880999999997,0.15696648,0.11715343,0.15678328,SPPS,AEO2026 High Economic Growth
p48,2044,0.21008137000000002,0.15943066,0.11892859,0.15911302,SPPS,AEO2026 High Economic Growth
p48,2045,0.21408404999999997,0.16185011,0.12061919,0.16142673,SPPS,AEO2026 High Economic Growth
p48,2046,0.21839159,0.16459049,0.12258576,0.16402066999999998,SPPS,AEO2026 High Economic Growth
p48,2047,0.22257276999999998,0.16700106,0.12415803,0.16634836,SPPS,AEO2026 High Economic Growth
p48,2048,0.22639423,0.1692717,0.12575903,0.16839603,SPPS,AEO2026 High Economic Growth
p48,2049,0.23053159999999998,0.17179579,0.12748004,0.17069252,SPPS,AEO2026 High Economic Growth
p48,2050,0.23509951,0.17469751,0.12954242000000002,0.17333755,SPPS,AEO2026 High Economic Growth
p49,2014,0.12274221,0.09519013,0.06485457,0.09343033,SPPS,AEO2026 High Economic Growth
p49,2015,0.12274221,0.09519013,0.06485457,0.09343033,SPPS,AEO2026 High Economic Growth
p49,2016,0.12274221,0.09519013,0.06485457,0.09343033,SPPS,AEO2026 High Economic Growth
p49,2017,0.12274221,0.09519013,0.06485457,0.09343033,SPPS,AEO2026 High Economic Growth
p49,2018,0.12274221,0.09519013,0.06485457,0.09343033,SPPS,AEO2026 High Economic Growth
p49,2019,0.12274221,0.09519013,0.06485457,0.09343033,SPPS,AEO2026 High Economic Growth
p49,2020,0.12274221,0.09519013,0.06485457,0.09343033,SPPS,AEO2026 High Economic Growth
p49,2021,0.12274221,0.09519013,0.06485457,0.09343033,SPPS,AEO2026 High Economic Growth
p49,2022,0.12274221,0.09519013,0.06485457,0.09343033,SPPS,AEO2026 High Economic Growth
p49,2023,0.12274221,0.09519013,0.06485457,0.09343033,SPPS,AEO2026 High Economic Growth
p49,2024,0.12274221,0.09519013,0.06485457,0.09343033,SPPS,AEO2026 High Economic Growth
p49,2025,0.12274221,0.09519013,0.06485457,0.09343033,SPPS,AEO2026 High Economic Growth
p49,2026,0.12700738,0.09504089,0.06655807,0.09539797,SPPS,AEO2026 High Economic Growth
p49,2027,0.12858593000000001,0.09563746999999999,0.06684623,0.09601131,SPPS,AEO2026 High Economic Growth
p49,2028,0.13257216,0.09934403,0.07003542,0.09938005999999999,SPPS,AEO2026 High Economic Growth
p49,2029,0.13844809,0.10432760999999999,0.0739345,0.10426383,SPPS,AEO2026 High Economic Growth
p49,2030,0.14333603,0.10825513,0.07705578,0.10822868,SPPS,AEO2026 High Economic Growth
p49,2031,0.14876878,0.11288382999999999,0.08115482,0.112828,SPPS,AEO2026 High Economic Growth
p49,2032,0.15578684,0.11910932,0.08673213,0.11897761,SPPS,AEO2026 High Economic Growth
p49,2033,0.16216011000000002,0.12428739,0.09097234,0.1243388,SPPS,AEO2026 High Economic Growth
p49,2034,0.1654352,0.12640218,0.09245102,0.12677448,SPPS,AEO2026 High Economic Growth
p49,2035,0.16758036,0.12794795,0.09384398,0.12830266999999998,SPPS,AEO2026 High Economic Growth
p49,2036,0.17139700000000002,0.13108765,0.0966437,0.13130664,SPPS,AEO2026 High Economic Growth
p49,2037,0.17592958,0.13454566,0.09944288,0.13478815,SPPS,AEO2026 High Economic Growth
p49,2038,0.18006433000000002,0.13749376,0.10178548,0.13778242000000002,SPPS,AEO2026 High Economic Growth
p49,2039,0.1862014,0.14290741,0.10664403,0.1427704,SPPS,AEO2026 High Economic Growth
p49,2040,0.19408930000000002,0.14921208,0.11171624,0.14901064,SPPS,AEO2026 High Economic Growth
p49,2041,0.19938623,0.15279577,0.11420811,0.15275297,SPPS,AEO2026 High Economic Growth
p49,2042,0.20296178999999998,0.15499167,0.11575658000000001,0.15492229,SPPS,AEO2026 High Economic Growth
p49,2043,0.20621880999999997,0.15696648,0.11715343,0.15678328,SPPS,AEO2026 High Economic Growth
p49,2044,0.21008137000000002,0.15943066,0.11892859,0.15911302,SPPS,AEO2026 High Economic Growth
p49,2045,0.21408404999999997,0.16185011,0.12061919,0.16142673,SPPS,AEO2026 High Economic Growth
p49,2046,0.21839159,0.16459049,0.12258576,0.16402066999999998,SPPS,AEO2026 High Economic Growth
p49,2047,0.22257276999999998,0.16700106,0.12415803,0.16634836,SPPS,AEO2026 High Economic Growth
p49,2048,0.22639423,0.1692717,0.12575903,0.16839603,SPPS,AEO2026 High Economic Growth
p49,2049,0.23053159999999998,0.17179579,0.12748004,0.17069252,SPPS,AEO2026 High Economic Growth
p49,2050,0.23509951,0.17469751,0.12954242000000002,0.17333755,SPPS,AEO2026 High Economic Growth
p50,2014,0.12274221,0.09519013,0.06485457,0.09343033,SPPS,AEO2026 High Economic Growth
p50,2015,0.12274221,0.09519013,0.06485457,0.09343033,SPPS,AEO2026 High Economic Growth
p50,2016,0.12274221,0.09519013,0.06485457,0.09343033,SPPS,AEO2026 High Economic Growth
p50,2017,0.12274221,0.09519013,0.06485457,0.09343033,SPPS,AEO2026 High Economic Growth
p50,2018,0.12274221,0.09519013,0.06485457,0.09343033,SPPS,AEO2026 High Economic Growth
p50,2019,0.12274221,0.09519013,0.06485457,0.09343033,SPPS,AEO2026 High Economic Growth
p50,2020,0.12274221,0.09519013,0.06485457,0.09343033,SPPS,AEO2026 High Economic Growth
p50,2021,0.12274221,0.09519013,0.06485457,0.09343033,SPPS,AEO2026 High Economic Growth
p50,2022,0.12274221,0.09519013,0.06485457,0.09343033,SPPS,AEO2026 High Economic Growth
p50,2023,0.12274221,0.09519013,0.06485457,0.09343033,SPPS,AEO2026 High Economic Growth
p50,2024,0.12274221,0.09519013,0.06485457,0.09343033,SPPS,AEO2026 High Economic Growth
p50,2025,0.12274221,0.09519013,0.06485457,0.09343033,SPPS,AEO2026 High Economic Growth
p50,2026,0.12700738,0.09504089,0.06655807,0.09539797,SPPS,AEO2026 High Economic Growth
p50,2027,0.12858593000000001,0.09563746999999999,0.06684623,0.09601131,SPPS,AEO2026 High Economic Growth
p50,2028,0.13257216,0.09934403,0.07003542,0.09938005999999999,SPPS,AEO2026 High Economic Growth
p50,2029,0.13844809,0.10432760999999999,0.0739345,0.10426383,SPPS,AEO2026 High Economic Growth
p50,2030,0.14333603,0.10825513,0.07705578,0.10822868,SPPS,AEO2026 High Economic Growth
p50,2031,0.14876878,0.11288382999999999,0.08115482,0.112828,SPPS,AEO2026 High Economic Growth
p50,2032,0.15578684,0.11910932,0.08673213,0.11897761,SPPS,AEO2026 High Economic Growth
p50,2033,0.16216011000000002,0.12428739,0.09097234,0.1243388,SPPS,AEO2026 High Economic Growth
p50,2034,0.1654352,0.12640218,0.09245102,0.12677448,SPPS,AEO2026 High Economic Growth
p50,2035,0.16758036,0.12794795,0.09384398,0.12830266999999998,SPPS,AEO2026 High Economic Growth
p50,2036,0.17139700000000002,0.13108765,0.0966437,0.13130664,SPPS,AEO2026 High Economic Growth
p50,2037,0.17592958,0.13454566,0.09944288,0.13478815,SPPS,AEO2026 High Economic Growth
p50,2038,0.18006433000000002,0.13749376,0.10178548,0.13778242000000002,SPPS,AEO2026 High Economic Growth
p50,2039,0.1862014,0.14290741,0.10664403,0.1427704,SPPS,AEO2026 High Economic Growth
p50,2040,0.19408930000000002,0.14921208,0.11171624,0.14901064,SPPS,AEO2026 High Economic Growth
p50,2041,0.19938623,0.15279577,0.11420811,0.15275297,SPPS,AEO2026 High Economic Growth
p50,2042,0.20296178999999998,0.15499167,0.11575658000000001,0.15492229,SPPS,AEO2026 High Economic Growth
p50,2043,0.20621880999999997,0.15696648,0.11715343,0.15678328,SPPS,AEO2026 High Economic Growth
p50,2044,0.21008137000000002,0.15943066,0.11892859,0.15911302,SPPS,AEO2026 High Economic Growth
p50,2045,0.21408404999999997,0.16185011,0.12061919,0.16142673,SPPS,AEO2026 High Economic Growth
p50,2046,0.21839159,0.16459049,0.12258576,0.16402066999999998,SPPS,AEO2026 High Economic Growth
p50,2047,0.22257276999999998,0.16700106,0.12415803,0.16634836,SPPS,AEO2026 High Economic Growth
p50,2048,0.22639423,0.1692717,0.12575903,0.16839603,SPPS,AEO2026 High Economic Growth
p50,2049,0.23053159999999998,0.17179579,0.12748004,0.17069252,SPPS,AEO2026 High Economic Growth
p50,2050,0.23509951,0.17469751,0.12954242000000002,0.17333755,SPPS,AEO2026 High Economic Growth
p51,2014,0.12274221,0.09519013,0.06485457,0.09343033,SPPS,AEO2026 High Economic Growth
p51,2015,0.12274221,0.09519013,0.06485457,0.09343033,SPPS,AEO2026 High Economic Growth
p51,2016,0.12274221,0.09519013,0.06485457,0.09343033,SPPS,AEO2026 High Economic Growth
p51,2017,0.12274221,0.09519013,0.06485457,0.09343033,SPPS,AEO2026 High Economic Growth
p51,2018,0.12274221,0.09519013,0.06485457,0.09343033,SPPS,AEO2026 High Economic Growth
p51,2019,0.12274221,0.09519013,0.06485457,0.09343033,SPPS,AEO2026 High Economic Growth
p51,2020,0.12274221,0.09519013,0.06485457,0.09343033,SPPS,AEO2026 High Economic Growth
p51,2021,0.12274221,0.09519013,0.06485457,0.09343033,SPPS,AEO2026 High Economic Growth
p51,2022,0.12274221,0.09519013,0.06485457,0.09343033,SPPS,AEO2026 High Economic Growth
p51,2023,0.12274221,0.09519013,0.06485457,0.09343033,SPPS,AEO2026 High Economic Growth
p51,2024,0.12274221,0.09519013,0.06485457,0.09343033,SPPS,AEO2026 High Economic Growth
p51,2025,0.12274221,0.09519013,0.06485457,0.09343033,SPPS,AEO2026 High Economic Growth
p51,2026,0.12700738,0.09504089,0.06655807,0.09539797,SPPS,AEO2026 High Economic Growth
p51,2027,0.12858593000000001,0.09563746999999999,0.06684623,0.09601131,SPPS,AEO2026 High Economic Growth
p51,2028,0.13257216,0.09934403,0.07003542,0.09938005999999999,SPPS,AEO2026 High Economic Growth
p51,2029,0.13844809,0.10432760999999999,0.0739345,0.10426383,SPPS,AEO2026 High Economic Growth
p51,2030,0.14333603,0.10825513,0.07705578,0.10822868,SPPS,AEO2026 High Economic Growth
p51,2031,0.14876878,0.11288382999999999,0.08115482,0.112828,SPPS,AEO2026 High Economic Growth
p51,2032,0.15578684,0.11910932,0.08673213,0.11897761,SPPS,AEO2026 High Economic Growth
p51,2033,0.16216011000000002,0.12428739,0.09097234,0.1243388,SPPS,AEO2026 High Economic Growth
p51,2034,0.1654352,0.12640218,0.09245102,0.12677448,SPPS,AEO2026 High Economic Growth
p51,2035,0.16758036,0.12794795,0.09384398,0.12830266999999998,SPPS,AEO2026 High Economic Growth
p51,2036,0.17139700000000002,0.13108765,0.0966437,0.13130664,SPPS,AEO2026 High Economic Growth
p51,2037,0.17592958,0.13454566,0.09944288,0.13478815,SPPS,AEO2026 High Economic Growth
p51,2038,0.18006433000000002,0.13749376,0.10178548,0.13778242000000002,SPPS,AEO2026 High Economic Growth
p51,2039,0.1862014,0.14290741,0.10664403,0.1427704,SPPS,AEO2026 High Economic Growth
p51,2040,0.19408930000000002,0.14921208,0.11171624,0.14901064,SPPS,AEO2026 High Economic Growth
p51,2041,0.19938623,0.15279577,0.11420811,0.15275297,SPPS,AEO2026 High Economic Growth
p51,2042,0.20296178999999998,0.15499167,0.11575658000000001,0.15492229,SPPS,AEO2026 High Economic Growth
p51,2043,0.20621880999999997,0.15696648,0.11715343,0.15678328,SPPS,AEO2026 High Economic Growth
p51,2044,0.21008137000000002,0.15943066,0.11892859,0.15911302,SPPS,AEO2026 High Economic Growth
p51,2045,0.21408404999999997,0.16185011,0.12061919,0.16142673,SPPS,AEO2026 High Economic Growth
p51,2046,0.21839159,0.16459049,0.12258576,0.16402066999999998,SPPS,AEO2026 High Economic Growth
p51,2047,0.22257276999999998,0.16700106,0.12415803,0.16634836,SPPS,AEO2026 High Economic Growth
p51,2048,0.22639423,0.1692717,0.12575903,0.16839603,SPPS,AEO2026 High Economic Growth
p51,2049,0.23053159999999998,0.17179579,0.12748004,0.17069252,SPPS,AEO2026 High Economic Growth
p51,2050,0.23509951,0.17469751,0.12954242000000002,0.17333755,SPPS,AEO2026 High Economic Growth
p52,2014,0.13110928,0.10083187,0.07320472,0.11564412,SPPC,AEO2026 High Economic Growth
p52,2015,0.13110928,0.10083187,0.07320472,0.11564412,SPPC,AEO2026 High Economic Growth
p52,2016,0.13110928,0.10083187,0.07320472,0.11564412,SPPC,AEO2026 High Economic Growth
p52,2017,0.13110928,0.10083187,0.07320472,0.11564412,SPPC,AEO2026 High Economic Growth
p52,2018,0.13110928,0.10083187,0.07320472,0.11564412,SPPC,AEO2026 High Economic Growth
p52,2019,0.13110928,0.10083187,0.07320472,0.11564412,SPPC,AEO2026 High Economic Growth
p52,2020,0.13110928,0.10083187,0.07320472,0.11564412,SPPC,AEO2026 High Economic Growth
p52,2021,0.13110928,0.10083187,0.07320472,0.11564412,SPPC,AEO2026 High Economic Growth
p52,2022,0.13110928,0.10083187,0.07320472,0.11564412,SPPC,AEO2026 High Economic Growth
p52,2023,0.13110928,0.10083187,0.07320472,0.11564412,SPPC,AEO2026 High Economic Growth
p52,2024,0.13110928,0.10083187,0.07320472,0.11564412,SPPC,AEO2026 High Economic Growth
p52,2025,0.13110928,0.10083187,0.07320472,0.11564412,SPPC,AEO2026 High Economic Growth
p52,2026,0.1320306,0.10130682,0.07404623,0.11592506,SPPC,AEO2026 High Economic Growth
p52,2027,0.1339561,0.10146863,0.07378129,0.11602591000000001,SPPC,AEO2026 High Economic Growth
p52,2028,0.13712306999999999,0.10414886,0.07589985,0.11849058,SPPC,AEO2026 High Economic Growth
p52,2029,0.14107023999999999,0.1076195,0.07844826,0.12213431999999999,SPPC,AEO2026 High Economic Growth
p52,2030,0.14477589,0.11068025000000001,0.08091176000000001,0.12558626,SPPC,AEO2026 High Economic Growth
p52,2031,0.15054605000000001,0.11537527,0.0852976,0.130723,SPPC,AEO2026 High Economic Growth
p52,2032,0.16283243,0.12575253,0.09606493,0.14066303,SPPC,AEO2026 High Economic Growth
p52,2033,0.17364092,0.13481680000000001,0.10353415,0.15163613,SPPC,AEO2026 High Economic Growth
p52,2034,0.17891829999999997,0.13878142999999998,0.10725656,0.15661602,SPPC,AEO2026 High Economic Growth
p52,2035,0.18218316999999998,0.14105414,0.10945661,0.15976778,SPPC,AEO2026 High Economic Growth
p52,2036,0.18581904999999999,0.14359618,0.11217205,0.16267815,SPPC,AEO2026 High Economic Growth
p52,2037,0.18958002000000002,0.14631001,0.11468484999999999,0.16612802999999998,SPPC,AEO2026 High Economic Growth
p52,2038,0.19305866000000002,0.14858098,0.11691792,0.16888319,SPPC,AEO2026 High Economic Growth
p52,2039,0.20065928,0.15459168,0.12304041,0.17449039,SPPC,AEO2026 High Economic Growth
p52,2040,0.20720935999999998,0.15971660999999998,0.12698865,0.18114849,SPPC,AEO2026 High Economic Growth
p52,2041,0.20981966,0.16133558,0.1283675,0.18316275,SPPC,AEO2026 High Economic Growth
p52,2042,0.21225046,0.16285223,0.1296779,0.18485018,SPPC,AEO2026 High Economic Growth
p52,2043,0.21492548,0.16465431,0.13108551000000002,0.18690393,SPPC,AEO2026 High Economic Growth
p52,2044,0.21796387,0.16675978,0.13272143,0.18928958999999998,SPPC,AEO2026 High Economic Growth
p52,2045,0.22119526,0.16898796000000002,0.13447739,0.19183266,SPPC,AEO2026 High Economic Growth
p52,2046,0.22465279,0.17144922,0.13639182,0.19466103,SPPC,AEO2026 High Economic Growth
p52,2047,0.22797263999999998,0.17380431999999998,0.13823284,0.19730106,SPPC,AEO2026 High Economic Growth
p52,2048,0.23115977999999998,0.17590126,0.13987738,0.19962564,SPPC,AEO2026 High Economic Growth
p52,2049,0.23459995,0.17814909,0.14158631,0.20210306,SPPC,AEO2026 High Economic Growth
p52,2050,0.23826876,0.18060852,0.14355102,0.20474739,SPPC,AEO2026 High Economic Growth
p53,2014,0.13110928,0.10083187,0.07320472,0.11564412,SPPC,AEO2026 High Economic Growth
p53,2015,0.13110928,0.10083187,0.07320472,0.11564412,SPPC,AEO2026 High Economic Growth
p53,2016,0.13110928,0.10083187,0.07320472,0.11564412,SPPC,AEO2026 High Economic Growth
p53,2017,0.13110928,0.10083187,0.07320472,0.11564412,SPPC,AEO2026 High Economic Growth
p53,2018,0.13110928,0.10083187,0.07320472,0.11564412,SPPC,AEO2026 High Economic Growth
p53,2019,0.13110928,0.10083187,0.07320472,0.11564412,SPPC,AEO2026 High Economic Growth
p53,2020,0.13110928,0.10083187,0.07320472,0.11564412,SPPC,AEO2026 High Economic Growth
p53,2021,0.13110928,0.10083187,0.07320472,0.11564412,SPPC,AEO2026 High Economic Growth
p53,2022,0.13110928,0.10083187,0.07320472,0.11564412,SPPC,AEO2026 High Economic Growth
p53,2023,0.13110928,0.10083187,0.07320472,0.11564412,SPPC,AEO2026 High Economic Growth
p53,2024,0.13110928,0.10083187,0.07320472,0.11564412,SPPC,AEO2026 High Economic Growth
p53,2025,0.13110928,0.10083187,0.07320472,0.11564412,SPPC,AEO2026 High Economic Growth
p53,2026,0.1320306,0.10130682,0.07404623,0.11592506,SPPC,AEO2026 High Economic Growth
p53,2027,0.1339561,0.10146863,0.07378129,0.11602591000000001,SPPC,AEO2026 High Economic Growth
p53,2028,0.13712306999999999,0.10414886,0.07589985,0.11849058,SPPC,AEO2026 High Economic Growth
p53,2029,0.14107023999999999,0.1076195,0.07844826,0.12213431999999999,SPPC,AEO2026 High Economic Growth
p53,2030,0.14477589,0.11068025000000001,0.08091176000000001,0.12558626,SPPC,AEO2026 High Economic Growth
p53,2031,0.15054605000000001,0.11537527,0.0852976,0.130723,SPPC,AEO2026 High Economic Growth
p53,2032,0.16283243,0.12575253,0.09606493,0.14066303,SPPC,AEO2026 High Economic Growth
p53,2033,0.17364092,0.13481680000000001,0.10353415,0.15163613,SPPC,AEO2026 High Economic Growth
p53,2034,0.17891829999999997,0.13878142999999998,0.10725656,0.15661602,SPPC,AEO2026 High Economic Growth
p53,2035,0.18218316999999998,0.14105414,0.10945661,0.15976778,SPPC,AEO2026 High Economic Growth
p53,2036,0.18581904999999999,0.14359618,0.11217205,0.16267815,SPPC,AEO2026 High Economic Growth
p53,2037,0.18958002000000002,0.14631001,0.11468484999999999,0.16612802999999998,SPPC,AEO2026 High Economic Growth
p53,2038,0.19305866000000002,0.14858098,0.11691792,0.16888319,SPPC,AEO2026 High Economic Growth
p53,2039,0.20065928,0.15459168,0.12304041,0.17449039,SPPC,AEO2026 High Economic Growth
p53,2040,0.20720935999999998,0.15971660999999998,0.12698865,0.18114849,SPPC,AEO2026 High Economic Growth
p53,2041,0.20981966,0.16133558,0.1283675,0.18316275,SPPC,AEO2026 High Economic Growth
p53,2042,0.21225046,0.16285223,0.1296779,0.18485018,SPPC,AEO2026 High Economic Growth
p53,2043,0.21492548,0.16465431,0.13108551000000002,0.18690393,SPPC,AEO2026 High Economic Growth
p53,2044,0.21796387,0.16675978,0.13272143,0.18928958999999998,SPPC,AEO2026 High Economic Growth
p53,2045,0.22119526,0.16898796000000002,0.13447739,0.19183266,SPPC,AEO2026 High Economic Growth
p53,2046,0.22465279,0.17144922,0.13639182,0.19466103,SPPC,AEO2026 High Economic Growth
p53,2047,0.22797263999999998,0.17380431999999998,0.13823284,0.19730106,SPPC,AEO2026 High Economic Growth
p53,2048,0.23115977999999998,0.17590126,0.13987738,0.19962564,SPPC,AEO2026 High Economic Growth
p53,2049,0.23459995,0.17814909,0.14158631,0.20210306,SPPC,AEO2026 High Economic Growth
p53,2050,0.23826876,0.18060852,0.14355102,0.20474739,SPPC,AEO2026 High Economic Growth
p54,2014,0.13110928,0.10083187,0.07320472,0.11564412,SPPC,AEO2026 High Economic Growth
p54,2015,0.13110928,0.10083187,0.07320472,0.11564412,SPPC,AEO2026 High Economic Growth
p54,2016,0.13110928,0.10083187,0.07320472,0.11564412,SPPC,AEO2026 High Economic Growth
p54,2017,0.13110928,0.10083187,0.07320472,0.11564412,SPPC,AEO2026 High Economic Growth
p54,2018,0.13110928,0.10083187,0.07320472,0.11564412,SPPC,AEO2026 High Economic Growth
p54,2019,0.13110928,0.10083187,0.07320472,0.11564412,SPPC,AEO2026 High Economic Growth
p54,2020,0.13110928,0.10083187,0.07320472,0.11564412,SPPC,AEO2026 High Economic Growth
p54,2021,0.13110928,0.10083187,0.07320472,0.11564412,SPPC,AEO2026 High Economic Growth
p54,2022,0.13110928,0.10083187,0.07320472,0.11564412,SPPC,AEO2026 High Economic Growth
p54,2023,0.13110928,0.10083187,0.07320472,0.11564412,SPPC,AEO2026 High Economic Growth
p54,2024,0.13110928,0.10083187,0.07320472,0.11564412,SPPC,AEO2026 High Economic Growth
p54,2025,0.13110928,0.10083187,0.07320472,0.11564412,SPPC,AEO2026 High Economic Growth
p54,2026,0.1320306,0.10130682,0.07404623,0.11592506,SPPC,AEO2026 High Economic Growth
p54,2027,0.1339561,0.10146863,0.07378129,0.11602591000000001,SPPC,AEO2026 High Economic Growth
p54,2028,0.13712306999999999,0.10414886,0.07589985,0.11849058,SPPC,AEO2026 High Economic Growth
p54,2029,0.14107023999999999,0.1076195,0.07844826,0.12213431999999999,SPPC,AEO2026 High Economic Growth
p54,2030,0.14477589,0.11068025000000001,0.08091176000000001,0.12558626,SPPC,AEO2026 High Economic Growth
p54,2031,0.15054605000000001,0.11537527,0.0852976,0.130723,SPPC,AEO2026 High Economic Growth
p54,2032,0.16283243,0.12575253,0.09606493,0.14066303,SPPC,AEO2026 High Economic Growth
p54,2033,0.17364092,0.13481680000000001,0.10353415,0.15163613,SPPC,AEO2026 High Economic Growth
p54,2034,0.17891829999999997,0.13878142999999998,0.10725656,0.15661602,SPPC,AEO2026 High Economic Growth
p54,2035,0.18218316999999998,0.14105414,0.10945661,0.15976778,SPPC,AEO2026 High Economic Growth
p54,2036,0.18581904999999999,0.14359618,0.11217205,0.16267815,SPPC,AEO2026 High Economic Growth
p54,2037,0.18958002000000002,0.14631001,0.11468484999999999,0.16612802999999998,SPPC,AEO2026 High Economic Growth
p54,2038,0.19305866000000002,0.14858098,0.11691792,0.16888319,SPPC,AEO2026 High Economic Growth
p54,2039,0.20065928,0.15459168,0.12304041,0.17449039,SPPC,AEO2026 High Economic Growth
p54,2040,0.20720935999999998,0.15971660999999998,0.12698865,0.18114849,SPPC,AEO2026 High Economic Growth
p54,2041,0.20981966,0.16133558,0.1283675,0.18316275,SPPC,AEO2026 High Economic Growth
p54,2042,0.21225046,0.16285223,0.1296779,0.18485018,SPPC,AEO2026 High Economic Growth
p54,2043,0.21492548,0.16465431,0.13108551000000002,0.18690393,SPPC,AEO2026 High Economic Growth
p54,2044,0.21796387,0.16675978,0.13272143,0.18928958999999998,SPPC,AEO2026 High Economic Growth
p54,2045,0.22119526,0.16898796000000002,0.13447739,0.19183266,SPPC,AEO2026 High Economic Growth
p54,2046,0.22465279,0.17144922,0.13639182,0.19466103,SPPC,AEO2026 High Economic Growth
p54,2047,0.22797263999999998,0.17380431999999998,0.13823284,0.19730106,SPPC,AEO2026 High Economic Growth
p54,2048,0.23115977999999998,0.17590126,0.13987738,0.19962564,SPPC,AEO2026 High Economic Growth
p54,2049,0.23459995,0.17814909,0.14158631,0.20210306,SPPC,AEO2026 High Economic Growth
p54,2050,0.23826876,0.18060852,0.14355102,0.20474739,SPPC,AEO2026 High Economic Growth
p55,2014,0.13110928,0.10083187,0.07320472,0.11564412,SPPC,AEO2026 High Economic Growth
p55,2015,0.13110928,0.10083187,0.07320472,0.11564412,SPPC,AEO2026 High Economic Growth
p55,2016,0.13110928,0.10083187,0.07320472,0.11564412,SPPC,AEO2026 High Economic Growth
p55,2017,0.13110928,0.10083187,0.07320472,0.11564412,SPPC,AEO2026 High Economic Growth
p55,2018,0.13110928,0.10083187,0.07320472,0.11564412,SPPC,AEO2026 High Economic Growth
p55,2019,0.13110928,0.10083187,0.07320472,0.11564412,SPPC,AEO2026 High Economic Growth
p55,2020,0.13110928,0.10083187,0.07320472,0.11564412,SPPC,AEO2026 High Economic Growth
p55,2021,0.13110928,0.10083187,0.07320472,0.11564412,SPPC,AEO2026 High Economic Growth
p55,2022,0.13110928,0.10083187,0.07320472,0.11564412,SPPC,AEO2026 High Economic Growth
p55,2023,0.13110928,0.10083187,0.07320472,0.11564412,SPPC,AEO2026 High Economic Growth
p55,2024,0.13110928,0.10083187,0.07320472,0.11564412,SPPC,AEO2026 High Economic Growth
p55,2025,0.13110928,0.10083187,0.07320472,0.11564412,SPPC,AEO2026 High Economic Growth
p55,2026,0.1320306,0.10130682,0.07404623,0.11592506,SPPC,AEO2026 High Economic Growth
p55,2027,0.1339561,0.10146863,0.07378129,0.11602591000000001,SPPC,AEO2026 High Economic Growth
p55,2028,0.13712306999999999,0.10414886,0.07589985,0.11849058,SPPC,AEO2026 High Economic Growth
p55,2029,0.14107023999999999,0.1076195,0.07844826,0.12213431999999999,SPPC,AEO2026 High Economic Growth
p55,2030,0.14477589,0.11068025000000001,0.08091176000000001,0.12558626,SPPC,AEO2026 High Economic Growth
p55,2031,0.15054605000000001,0.11537527,0.0852976,0.130723,SPPC,AEO2026 High Economic Growth
p55,2032,0.16283243,0.12575253,0.09606493,0.14066303,SPPC,AEO2026 High Economic Growth
p55,2033,0.17364092,0.13481680000000001,0.10353415,0.15163613,SPPC,AEO2026 High Economic Growth
p55,2034,0.17891829999999997,0.13878142999999998,0.10725656,0.15661602,SPPC,AEO2026 High Economic Growth
p55,2035,0.18218316999999998,0.14105414,0.10945661,0.15976778,SPPC,AEO2026 High Economic Growth
p55,2036,0.18581904999999999,0.14359618,0.11217205,0.16267815,SPPC,AEO2026 High Economic Growth
p55,2037,0.18958002000000002,0.14631001,0.11468484999999999,0.16612802999999998,SPPC,AEO2026 High Economic Growth
p55,2038,0.19305866000000002,0.14858098,0.11691792,0.16888319,SPPC,AEO2026 High Economic Growth
p55,2039,0.20065928,0.15459168,0.12304041,0.17449039,SPPC,AEO2026 High Economic Growth
p55,2040,0.20720935999999998,0.15971660999999998,0.12698865,0.18114849,SPPC,AEO2026 High Economic Growth
p55,2041,0.20981966,0.16133558,0.1283675,0.18316275,SPPC,AEO2026 High Economic Growth
p55,2042,0.21225046,0.16285223,0.1296779,0.18485018,SPPC,AEO2026 High Economic Growth
p55,2043,0.21492548,0.16465431,0.13108551000000002,0.18690393,SPPC,AEO2026 High Economic Growth
p55,2044,0.21796387,0.16675978,0.13272143,0.18928958999999998,SPPC,AEO2026 High Economic Growth
p55,2045,0.22119526,0.16898796000000002,0.13447739,0.19183266,SPPC,AEO2026 High Economic Growth
p55,2046,0.22465279,0.17144922,0.13639182,0.19466103,SPPC,AEO2026 High Economic Growth
p55,2047,0.22797263999999998,0.17380431999999998,0.13823284,0.19730106,SPPC,AEO2026 High Economic Growth
p55,2048,0.23115977999999998,0.17590126,0.13987738,0.19962564,SPPC,AEO2026 High Economic Growth
p55,2049,0.23459995,0.17814909,0.14158631,0.20210306,SPPC,AEO2026 High Economic Growth
p55,2050,0.23826876,0.18060852,0.14355102,0.20474739,SPPC,AEO2026 High Economic Growth
p56,2014,0.12274221,0.09519013,0.06485457,0.09343033,SPPS,AEO2026 High Economic Growth
p56,2015,0.12274221,0.09519013,0.06485457,0.09343033,SPPS,AEO2026 High Economic Growth
p56,2016,0.12274221,0.09519013,0.06485457,0.09343033,SPPS,AEO2026 High Economic Growth
p56,2017,0.12274221,0.09519013,0.06485457,0.09343033,SPPS,AEO2026 High Economic Growth
p56,2018,0.12274221,0.09519013,0.06485457,0.09343033,SPPS,AEO2026 High Economic Growth
p56,2019,0.12274221,0.09519013,0.06485457,0.09343033,SPPS,AEO2026 High Economic Growth
p56,2020,0.12274221,0.09519013,0.06485457,0.09343033,SPPS,AEO2026 High Economic Growth
p56,2021,0.12274221,0.09519013,0.06485457,0.09343033,SPPS,AEO2026 High Economic Growth
p56,2022,0.12274221,0.09519013,0.06485457,0.09343033,SPPS,AEO2026 High Economic Growth
p56,2023,0.12274221,0.09519013,0.06485457,0.09343033,SPPS,AEO2026 High Economic Growth
p56,2024,0.12274221,0.09519013,0.06485457,0.09343033,SPPS,AEO2026 High Economic Growth
p56,2025,0.12274221,0.09519013,0.06485457,0.09343033,SPPS,AEO2026 High Economic Growth
p56,2026,0.12700738,0.09504089,0.06655807,0.09539797,SPPS,AEO2026 High Economic Growth
p56,2027,0.12858593000000001,0.09563746999999999,0.06684623,0.09601131,SPPS,AEO2026 High Economic Growth
p56,2028,0.13257216,0.09934403,0.07003542,0.09938005999999999,SPPS,AEO2026 High Economic Growth
p56,2029,0.13844809,0.10432760999999999,0.0739345,0.10426383,SPPS,AEO2026 High Economic Growth
p56,2030,0.14333603,0.10825513,0.07705578,0.10822868,SPPS,AEO2026 High Economic Growth
p56,2031,0.14876878,0.11288382999999999,0.08115482,0.112828,SPPS,AEO2026 High Economic Growth
p56,2032,0.15578684,0.11910932,0.08673213,0.11897761,SPPS,AEO2026 High Economic Growth
p56,2033,0.16216011000000002,0.12428739,0.09097234,0.1243388,SPPS,AEO2026 High Economic Growth
p56,2034,0.1654352,0.12640218,0.09245102,0.12677448,SPPS,AEO2026 High Economic Growth
p56,2035,0.16758036,0.12794795,0.09384398,0.12830266999999998,SPPS,AEO2026 High Economic Growth
p56,2036,0.17139700000000002,0.13108765,0.0966437,0.13130664,SPPS,AEO2026 High Economic Growth
p56,2037,0.17592958,0.13454566,0.09944288,0.13478815,SPPS,AEO2026 High Economic Growth
p56,2038,0.18006433000000002,0.13749376,0.10178548,0.13778242000000002,SPPS,AEO2026 High Economic Growth
p56,2039,0.1862014,0.14290741,0.10664403,0.1427704,SPPS,AEO2026 High Economic Growth
p56,2040,0.19408930000000002,0.14921208,0.11171624,0.14901064,SPPS,AEO2026 High Economic Growth
p56,2041,0.19938623,0.15279577,0.11420811,0.15275297,SPPS,AEO2026 High Economic Growth
p56,2042,0.20296178999999998,0.15499167,0.11575658000000001,0.15492229,SPPS,AEO2026 High Economic Growth
p56,2043,0.20621880999999997,0.15696648,0.11715343,0.15678328,SPPS,AEO2026 High Economic Growth
p56,2044,0.21008137000000002,0.15943066,0.11892859,0.15911302,SPPS,AEO2026 High Economic Growth
p56,2045,0.21408404999999997,0.16185011,0.12061919,0.16142673,SPPS,AEO2026 High Economic Growth
p56,2046,0.21839159,0.16459049,0.12258576,0.16402066999999998,SPPS,AEO2026 High Economic Growth
p56,2047,0.22257276999999998,0.16700106,0.12415803,0.16634836,SPPS,AEO2026 High Economic Growth
p56,2048,0.22639423,0.1692717,0.12575903,0.16839603,SPPS,AEO2026 High Economic Growth
p56,2049,0.23053159999999998,0.17179579,0.12748004,0.17069252,SPPS,AEO2026 High Economic Growth
p56,2050,0.23509951,0.17469751,0.12954242000000002,0.17333755,SPPS,AEO2026 High Economic Growth
p57,2014,0.12274221,0.09519013,0.06485457,0.09343033,SPPS,AEO2026 High Economic Growth
p57,2015,0.12274221,0.09519013,0.06485457,0.09343033,SPPS,AEO2026 High Economic Growth
p57,2016,0.12274221,0.09519013,0.06485457,0.09343033,SPPS,AEO2026 High Economic Growth
p57,2017,0.12274221,0.09519013,0.06485457,0.09343033,SPPS,AEO2026 High Economic Growth
p57,2018,0.12274221,0.09519013,0.06485457,0.09343033,SPPS,AEO2026 High Economic Growth
p57,2019,0.12274221,0.09519013,0.06485457,0.09343033,SPPS,AEO2026 High Economic Growth
p57,2020,0.12274221,0.09519013,0.06485457,0.09343033,SPPS,AEO2026 High Economic Growth
p57,2021,0.12274221,0.09519013,0.06485457,0.09343033,SPPS,AEO2026 High Economic Growth
p57,2022,0.12274221,0.09519013,0.06485457,0.09343033,SPPS,AEO2026 High Economic Growth
p57,2023,0.12274221,0.09519013,0.06485457,0.09343033,SPPS,AEO2026 High Economic Growth
p57,2024,0.12274221,0.09519013,0.06485457,0.09343033,SPPS,AEO2026 High Economic Growth
p57,2025,0.12274221,0.09519013,0.06485457,0.09343033,SPPS,AEO2026 High Economic Growth
p57,2026,0.12700738,0.09504089,0.06655807,0.09539797,SPPS,AEO2026 High Economic Growth
p57,2027,0.12858593000000001,0.09563746999999999,0.06684623,0.09601131,SPPS,AEO2026 High Economic Growth
p57,2028,0.13257216,0.09934403,0.07003542,0.09938005999999999,SPPS,AEO2026 High Economic Growth
p57,2029,0.13844809,0.10432760999999999,0.0739345,0.10426383,SPPS,AEO2026 High Economic Growth
p57,2030,0.14333603,0.10825513,0.07705578,0.10822868,SPPS,AEO2026 High Economic Growth
p57,2031,0.14876878,0.11288382999999999,0.08115482,0.112828,SPPS,AEO2026 High Economic Growth
p57,2032,0.15578684,0.11910932,0.08673213,0.11897761,SPPS,AEO2026 High Economic Growth
p57,2033,0.16216011000000002,0.12428739,0.09097234,0.1243388,SPPS,AEO2026 High Economic Growth
p57,2034,0.1654352,0.12640218,0.09245102,0.12677448,SPPS,AEO2026 High Economic Growth
p57,2035,0.16758036,0.12794795,0.09384398,0.12830266999999998,SPPS,AEO2026 High Economic Growth
p57,2036,0.17139700000000002,0.13108765,0.0966437,0.13130664,SPPS,AEO2026 High Economic Growth
p57,2037,0.17592958,0.13454566,0.09944288,0.13478815,SPPS,AEO2026 High Economic Growth
p57,2038,0.18006433000000002,0.13749376,0.10178548,0.13778242000000002,SPPS,AEO2026 High Economic Growth
p57,2039,0.1862014,0.14290741,0.10664403,0.1427704,SPPS,AEO2026 High Economic Growth
p57,2040,0.19408930000000002,0.14921208,0.11171624,0.14901064,SPPS,AEO2026 High Economic Growth
p57,2041,0.19938623,0.15279577,0.11420811,0.15275297,SPPS,AEO2026 High Economic Growth
p57,2042,0.20296178999999998,0.15499167,0.11575658000000001,0.15492229,SPPS,AEO2026 High Economic Growth
p57,2043,0.20621880999999997,0.15696648,0.11715343,0.15678328,SPPS,AEO2026 High Economic Growth
p57,2044,0.21008137000000002,0.15943066,0.11892859,0.15911302,SPPS,AEO2026 High Economic Growth
p57,2045,0.21408404999999997,0.16185011,0.12061919,0.16142673,SPPS,AEO2026 High Economic Growth
p57,2046,0.21839159,0.16459049,0.12258576,0.16402066999999998,SPPS,AEO2026 High Economic Growth
p57,2047,0.22257276999999998,0.16700106,0.12415803,0.16634836,SPPS,AEO2026 High Economic Growth
p57,2048,0.22639423,0.1692717,0.12575903,0.16839603,SPPS,AEO2026 High Economic Growth
p57,2049,0.23053159999999998,0.17179579,0.12748004,0.17069252,SPPS,AEO2026 High Economic Growth
p57,2050,0.23509951,0.17469751,0.12954242000000002,0.17333755,SPPS,AEO2026 High Economic Growth
p58,2014,0.14975995,0.11733468999999999,0.06913095,0.10841215,MISS,AEO2026 High Economic Growth
p58,2015,0.14975995,0.11733468999999999,0.06913095,0.10841215,MISS,AEO2026 High Economic Growth
p58,2016,0.14975995,0.11733468999999999,0.06913095,0.10841215,MISS,AEO2026 High Economic Growth
p58,2017,0.14975995,0.11733468999999999,0.06913095,0.10841215,MISS,AEO2026 High Economic Growth
p58,2018,0.14975995,0.11733468999999999,0.06913095,0.10841215,MISS,AEO2026 High Economic Growth
p58,2019,0.14975995,0.11733468999999999,0.06913095,0.10841215,MISS,AEO2026 High Economic Growth
p58,2020,0.14975995,0.11733468999999999,0.06913095,0.10841215,MISS,AEO2026 High Economic Growth
p58,2021,0.14975995,0.11733468999999999,0.06913095,0.10841215,MISS,AEO2026 High Economic Growth
p58,2022,0.14975995,0.11733468999999999,0.06913095,0.10841215,MISS,AEO2026 High Economic Growth
p58,2023,0.14975995,0.11733468999999999,0.06913095,0.10841215,MISS,AEO2026 High Economic Growth
p58,2024,0.14975995,0.11733468999999999,0.06913095,0.10841215,MISS,AEO2026 High Economic Growth
p58,2025,0.14975995,0.11733468999999999,0.06913095,0.10841215,MISS,AEO2026 High Economic Growth
p58,2026,0.15141547,0.11685546000000001,0.07055550000000001,0.11067596,MISS,AEO2026 High Economic Growth
p58,2027,0.15054138,0.11398637,0.06780183000000001,0.10875545,MISS,AEO2026 High Economic Growth
p58,2028,0.15056229999999998,0.11451526,0.06836534,0.10875304,MISS,AEO2026 High Economic Growth
p58,2029,0.15557787,0.11931093000000001,0.07169686,0.11295021,MISS,AEO2026 High Economic Growth
p58,2030,0.1629863,0.12628258,0.07677486,0.11922312,MISS,AEO2026 High Economic Growth
p58,2031,0.17108166,0.13357239999999998,0.08199272,0.12615584999999999,MISS,AEO2026 High Economic Growth
p58,2032,0.18127116999999998,0.14374763,0.08990194000000001,0.1351254,MISS,AEO2026 High Economic Growth
p58,2033,0.18896025000000002,0.14939194,0.09324738999999999,0.14164864,MISS,AEO2026 High Economic Growth
p58,2034,0.19027855,0.1500379,0.09362664999999999,0.14253164999999998,MISS,AEO2026 High Economic Growth
p58,2035,0.19083279,0.1504686,0.09408462999999999,0.14295153000000002,MISS,AEO2026 High Economic Growth
p58,2036,0.19161106,0.15124497,0.09489396,0.14351561999999998,MISS,AEO2026 High Economic Growth
p58,2037,0.1947205,0.15376706,0.09663731,0.14606418,MISS,AEO2026 High Economic Growth
p58,2038,0.19846849,0.1569014,0.0988148,0.14917181,MISS,AEO2026 High Economic Growth
p58,2039,0.20295570000000002,0.16084698,0.10154546,0.15295909,MISS,AEO2026 High Economic Growth
p58,2040,0.20687342,0.16369976,0.10321152,0.15608267,MISS,AEO2026 High Economic Growth
p58,2041,0.21017208,0.16649014999999998,0.10511459000000001,0.15870309999999999,MISS,AEO2026 High Economic Growth
p58,2042,0.21379509,0.16930807,0.10680666999999999,0.16159243,MISS,AEO2026 High Economic Growth
p58,2043,0.21682728,0.17170654,0.1082337,0.16394676,MISS,AEO2026 High Economic Growth
p58,2044,0.22021746,0.17437608999999998,0.10978624,0.16660965,MISS,AEO2026 High Economic Growth
p58,2045,0.22518218999999998,0.17876265,0.11284425000000001,0.17051163,MISS,AEO2026 High Economic Growth
p58,2046,0.23117493,0.18395174,0.11626264000000001,0.17541231,MISS,AEO2026 High Economic Growth
p58,2047,0.23678328,0.18852781,0.11916776000000001,0.17996486999999997,MISS,AEO2026 High Economic Growth
p58,2048,0.24184961000000002,0.19282275999999998,0.12194302,0.18396355,MISS,AEO2026 High Economic Growth
p58,2049,0.24686175999999999,0.1970616,0.12457224,0.18794772999999998,MISS,AEO2026 High Economic Growth
p58,2050,0.25122993,0.20054919999999998,0.1266068,0.19130096000000002,MISS,AEO2026 High Economic Growth
p59,2014,0.15521008,0.12537539,0.07669252,0.13456443,SRSG,AEO2026 High Economic Growth
p59,2015,0.15521008,0.12537539,0.07669252,0.13456443,SRSG,AEO2026 High Economic Growth
p59,2016,0.15521008,0.12537539,0.07669252,0.13456443,SRSG,AEO2026 High Economic Growth
p59,2017,0.15521008,0.12537539,0.07669252,0.13456443,SRSG,AEO2026 High Economic Growth
p59,2018,0.15521008,0.12537539,0.07669252,0.13456443,SRSG,AEO2026 High Economic Growth
p59,2019,0.15521008,0.12537539,0.07669252,0.13456443,SRSG,AEO2026 High Economic Growth
p59,2020,0.15521008,0.12537539,0.07669252,0.13456443,SRSG,AEO2026 High Economic Growth
p59,2021,0.15521008,0.12537539,0.07669252,0.13456443,SRSG,AEO2026 High Economic Growth
p59,2022,0.15521008,0.12537539,0.07669252,0.13456443,SRSG,AEO2026 High Economic Growth
p59,2023,0.15521008,0.12537539,0.07669252,0.13456443,SRSG,AEO2026 High Economic Growth
p59,2024,0.15521008,0.12537539,0.07669252,0.13456443,SRSG,AEO2026 High Economic Growth
p59,2025,0.15521008,0.12537539,0.07669252,0.13456443,SRSG,AEO2026 High Economic Growth
p59,2026,0.16207966,0.13010517,0.07910383,0.13851204,SRSG,AEO2026 High Economic Growth
p59,2027,0.16240517000000002,0.12850344,0.07727903,0.13721359,SRSG,AEO2026 High Economic Growth
p59,2028,0.16148373,0.12730209,0.07608726,0.13542641,SRSG,AEO2026 High Economic Growth
p59,2029,0.16316698,0.12836822,0.07628884,0.13628837000000002,SRSG,AEO2026 High Economic Growth
p59,2030,0.16625616000000001,0.13064865,0.07775486,0.13847662,SRSG,AEO2026 High Economic Growth
p59,2031,0.17055622,0.13415479,0.08048253000000001,0.14162428999999999,SRSG,AEO2026 High Economic Growth
p59,2032,0.17595224,0.13837044,0.08328176,0.14614107,SRSG,AEO2026 High Economic Growth
p59,2033,0.17716879,0.13799873,0.0827302,0.1468336,SRSG,AEO2026 High Economic Growth
p59,2034,0.17861622,0.13844672,0.08340735,0.14707179,SRSG,AEO2026 High Economic Growth
p59,2035,0.18286718000000002,0.14150324,0.08582274999999999,0.14999407,SRSG,AEO2026 High Economic Growth
p59,2036,0.18828733,0.14542322,0.08866866,0.15399728,SRSG,AEO2026 High Economic Growth
p59,2037,0.19392573999999999,0.14948113,0.09156165,0.15820277000000002,SRSG,AEO2026 High Economic Growth
p59,2038,0.19991785,0.15396838000000002,0.09440949,0.16265726,SRSG,AEO2026 High Economic Growth
p59,2039,0.20661478,0.15902216,0.09696218,0.16782831,SRSG,AEO2026 High Economic Growth
p59,2040,0.21077242,0.16108198,0.09799445999999999,0.17045584000000003,SRSG,AEO2026 High Economic Growth
p59,2041,0.21352516000000002,0.16226212,0.09859802999999999,0.17162025,SRSG,AEO2026 High Economic Growth
p59,2042,0.21672707,0.16377009999999997,0.09924812,0.17319473,SRSG,AEO2026 High Economic Growth
p59,2043,0.21975391,0.16515696,0.09946351999999999,0.17471151,SRSG,AEO2026 High Economic Growth
p59,2044,0.2230282,0.16674526,0.10001768999999999,0.1762891,SRSG,AEO2026 High Economic Growth
p59,2045,0.22677628,0.16861431,0.10085071,0.17830017,SRSG,AEO2026 High Economic Growth
p59,2046,0.23100428,0.17103567000000003,0.10225571,0.18066299,SRSG,AEO2026 High Economic Growth
p59,2047,0.23545483,0.17354982,0.10365183,0.18321112,SRSG,AEO2026 High Economic Growth
p59,2048,0.23950714,0.17563839,0.10477271999999999,0.18536053,SRSG,AEO2026 High Economic Growth
p59,2049,0.24333276999999998,0.17749489000000002,0.10564685000000001,0.18725297999999999,SRSG,AEO2026 High Economic Growth
p59,2050,0.24801386,0.1802689,0.10737748,0.18989511,SRSG,AEO2026 High Economic Growth
p60,2014,0.12331752,0.09087755,0.0761973,0.09706903,TRE,AEO2026 High Economic Growth
p60,2015,0.12331752,0.09087755,0.0761973,0.09706903,TRE,AEO2026 High Economic Growth
p60,2016,0.12331752,0.09087755,0.0761973,0.09706903,TRE,AEO2026 High Economic Growth
p60,2017,0.12331752,0.09087755,0.0761973,0.09706903,TRE,AEO2026 High Economic Growth
p60,2018,0.12331752,0.09087755,0.0761973,0.09706903,TRE,AEO2026 High Economic Growth
p60,2019,0.12331752,0.09087755,0.0761973,0.09706903,TRE,AEO2026 High Economic Growth
p60,2020,0.12331752,0.09087755,0.0761973,0.09706903,TRE,AEO2026 High Economic Growth
p60,2021,0.12331752,0.09087755,0.0761973,0.09706903,TRE,AEO2026 High Economic Growth
p60,2022,0.12331752,0.09087755,0.0761973,0.09706903,TRE,AEO2026 High Economic Growth
p60,2023,0.12331752,0.09087755,0.0761973,0.09706903,TRE,AEO2026 High Economic Growth
p60,2024,0.12331752,0.09087755,0.0761973,0.09706903,TRE,AEO2026 High Economic Growth
p60,2025,0.12331752,0.09087755,0.0761973,0.09706903,TRE,AEO2026 High Economic Growth
p60,2026,0.12253562999999999,0.08772871,0.07301736,0.09510209,TRE,AEO2026 High Economic Growth
p60,2027,0.12853135999999998,0.09283501,0.07728809,0.10019786,TRE,AEO2026 High Economic Growth
p60,2028,0.13268119,0.09654254999999999,0.08063043,0.10398107,TRE,AEO2026 High Economic Growth
p60,2029,0.14144458000000001,0.10412060000000001,0.0868717,0.11151425,TRE,AEO2026 High Economic Growth
p60,2030,0.14771067000000002,0.10930534,0.09151426000000001,0.11701560999999999,TRE,AEO2026 High Economic Growth
p60,2031,0.16186188,0.12175832,0.10225012,0.12954986999999998,TRE,AEO2026 High Economic Growth
p60,2032,0.16326769,0.12227142,0.10396371,0.13114352,TRE,AEO2026 High Economic Growth
p60,2033,0.16487991000000002,0.12333382999999999,0.10546682,0.13270947,TRE,AEO2026 High Economic Growth
p60,2034,0.16936201,0.12649306,0.10745844,0.1362336,TRE,AEO2026 High Economic Growth
p60,2035,0.16813519,0.12425988,0.10481956,0.13418118,TRE,AEO2026 High Economic Growth
p60,2036,0.17096321,0.12560264999999998,0.1056799,0.13581244,TRE,AEO2026 High Economic Growth
p60,2037,0.17626976,0.12922907,0.10874402999999999,0.14026685,TRE,AEO2026 High Economic Growth
p60,2038,0.18700495,0.13780008,0.11583201000000001,0.14941209,TRE,AEO2026 High Economic Growth
p60,2039,0.18366892,0.13464189,0.1134259,0.14638154,TRE,AEO2026 High Economic Growth
p60,2040,0.18802019,0.13767838,0.1158098,0.14968299999999998,TRE,AEO2026 High Economic Growth
p60,2041,0.19062887,0.13902409999999998,0.11652293999999999,0.15128332,TRE,AEO2026 High Economic Growth
p60,2042,0.19384630000000003,0.14114043,0.11808552,0.15362704000000002,TRE,AEO2026 High Economic Growth
p60,2043,0.19737768,0.14370401,0.12009982000000001,0.1564345,TRE,AEO2026 High Economic Growth
p60,2044,0.20077832999999998,0.14642818999999999,0.12239157,0.15934893,TRE,AEO2026 High Economic Growth
p60,2045,0.20427353,0.14885829,0.12440369000000001,0.161938,TRE,AEO2026 High Economic Growth
p60,2046,0.20778812,0.15107595,0.12611111,0.16429413,TRE,AEO2026 High Economic Growth
p60,2047,0.21120518,0.15317322,0.127752,0.16655487000000002,TRE,AEO2026 High Economic Growth
p60,2048,0.21369751,0.15462169,0.12882749000000002,0.16809211999999998,TRE,AEO2026 High Economic Growth
p60,2049,0.21642292000000002,0.156211,0.12996885,0.169697,TRE,AEO2026 High Economic Growth
p60,2050,0.21955483999999997,0.15797567,0.13123289,0.17160179,TRE,AEO2026 High Economic Growth
p61,2014,0.12331752,0.09087755,0.0761973,0.09706903,TRE,AEO2026 High Economic Growth
p61,2015,0.12331752,0.09087755,0.0761973,0.09706903,TRE,AEO2026 High Economic Growth
p61,2016,0.12331752,0.09087755,0.0761973,0.09706903,TRE,AEO2026 High Economic Growth
p61,2017,0.12331752,0.09087755,0.0761973,0.09706903,TRE,AEO2026 High Economic Growth
p61,2018,0.12331752,0.09087755,0.0761973,0.09706903,TRE,AEO2026 High Economic Growth
p61,2019,0.12331752,0.09087755,0.0761973,0.09706903,TRE,AEO2026 High Economic Growth
p61,2020,0.12331752,0.09087755,0.0761973,0.09706903,TRE,AEO2026 High Economic Growth
p61,2021,0.12331752,0.09087755,0.0761973,0.09706903,TRE,AEO2026 High Economic Growth
p61,2022,0.12331752,0.09087755,0.0761973,0.09706903,TRE,AEO2026 High Economic Growth
p61,2023,0.12331752,0.09087755,0.0761973,0.09706903,TRE,AEO2026 High Economic Growth
p61,2024,0.12331752,0.09087755,0.0761973,0.09706903,TRE,AEO2026 High Economic Growth
p61,2025,0.12331752,0.09087755,0.0761973,0.09706903,TRE,AEO2026 High Economic Growth
p61,2026,0.12253562999999999,0.08772871,0.07301736,0.09510209,TRE,AEO2026 High Economic Growth
p61,2027,0.12853135999999998,0.09283501,0.07728809,0.10019786,TRE,AEO2026 High Economic Growth
p61,2028,0.13268119,0.09654254999999999,0.08063043,0.10398107,TRE,AEO2026 High Economic Growth
p61,2029,0.14144458000000001,0.10412060000000001,0.0868717,0.11151425,TRE,AEO2026 High Economic Growth
p61,2030,0.14771067000000002,0.10930534,0.09151426000000001,0.11701560999999999,TRE,AEO2026 High Economic Growth
p61,2031,0.16186188,0.12175832,0.10225012,0.12954986999999998,TRE,AEO2026 High Economic Growth
p61,2032,0.16326769,0.12227142,0.10396371,0.13114352,TRE,AEO2026 High Economic Growth
p61,2033,0.16487991000000002,0.12333382999999999,0.10546682,0.13270947,TRE,AEO2026 High Economic Growth
p61,2034,0.16936201,0.12649306,0.10745844,0.1362336,TRE,AEO2026 High Economic Growth
p61,2035,0.16813519,0.12425988,0.10481956,0.13418118,TRE,AEO2026 High Economic Growth
p61,2036,0.17096321,0.12560264999999998,0.1056799,0.13581244,TRE,AEO2026 High Economic Growth
p61,2037,0.17626976,0.12922907,0.10874402999999999,0.14026685,TRE,AEO2026 High Economic Growth
p61,2038,0.18700495,0.13780008,0.11583201000000001,0.14941209,TRE,AEO2026 High Economic Growth
p61,2039,0.18366892,0.13464189,0.1134259,0.14638154,TRE,AEO2026 High Economic Growth
p61,2040,0.18802019,0.13767838,0.1158098,0.14968299999999998,TRE,AEO2026 High Economic Growth
p61,2041,0.19062887,0.13902409999999998,0.11652293999999999,0.15128332,TRE,AEO2026 High Economic Growth
p61,2042,0.19384630000000003,0.14114043,0.11808552,0.15362704000000002,TRE,AEO2026 High Economic Growth
p61,2043,0.19737768,0.14370401,0.12009982000000001,0.1564345,TRE,AEO2026 High Economic Growth
p61,2044,0.20077832999999998,0.14642818999999999,0.12239157,0.15934893,TRE,AEO2026 High Economic Growth
p61,2045,0.20427353,0.14885829,0.12440369000000001,0.161938,TRE,AEO2026 High Economic Growth
p61,2046,0.20778812,0.15107595,0.12611111,0.16429413,TRE,AEO2026 High Economic Growth
p61,2047,0.21120518,0.15317322,0.127752,0.16655487000000002,TRE,AEO2026 High Economic Growth
p61,2048,0.21369751,0.15462169,0.12882749000000002,0.16809211999999998,TRE,AEO2026 High Economic Growth
p61,2049,0.21642292000000002,0.156211,0.12996885,0.169697,TRE,AEO2026 High Economic Growth
p61,2050,0.21955483999999997,0.15797567,0.13123289,0.17160179,TRE,AEO2026 High Economic Growth
p62,2014,0.12331752,0.09087755,0.0761973,0.09706903,TRE,AEO2026 High Economic Growth
p62,2015,0.12331752,0.09087755,0.0761973,0.09706903,TRE,AEO2026 High Economic Growth
p62,2016,0.12331752,0.09087755,0.0761973,0.09706903,TRE,AEO2026 High Economic Growth
p62,2017,0.12331752,0.09087755,0.0761973,0.09706903,TRE,AEO2026 High Economic Growth
p62,2018,0.12331752,0.09087755,0.0761973,0.09706903,TRE,AEO2026 High Economic Growth
p62,2019,0.12331752,0.09087755,0.0761973,0.09706903,TRE,AEO2026 High Economic Growth
p62,2020,0.12331752,0.09087755,0.0761973,0.09706903,TRE,AEO2026 High Economic Growth
p62,2021,0.12331752,0.09087755,0.0761973,0.09706903,TRE,AEO2026 High Economic Growth
p62,2022,0.12331752,0.09087755,0.0761973,0.09706903,TRE,AEO2026 High Economic Growth
p62,2023,0.12331752,0.09087755,0.0761973,0.09706903,TRE,AEO2026 High Economic Growth
p62,2024,0.12331752,0.09087755,0.0761973,0.09706903,TRE,AEO2026 High Economic Growth
p62,2025,0.12331752,0.09087755,0.0761973,0.09706903,TRE,AEO2026 High Economic Growth
p62,2026,0.12253562999999999,0.08772871,0.07301736,0.09510209,TRE,AEO2026 High Economic Growth
p62,2027,0.12853135999999998,0.09283501,0.07728809,0.10019786,TRE,AEO2026 High Economic Growth
p62,2028,0.13268119,0.09654254999999999,0.08063043,0.10398107,TRE,AEO2026 High Economic Growth
p62,2029,0.14144458000000001,0.10412060000000001,0.0868717,0.11151425,TRE,AEO2026 High Economic Growth
p62,2030,0.14771067000000002,0.10930534,0.09151426000000001,0.11701560999999999,TRE,AEO2026 High Economic Growth
p62,2031,0.16186188,0.12175832,0.10225012,0.12954986999999998,TRE,AEO2026 High Economic Growth
p62,2032,0.16326769,0.12227142,0.10396371,0.13114352,TRE,AEO2026 High Economic Growth
p62,2033,0.16487991000000002,0.12333382999999999,0.10546682,0.13270947,TRE,AEO2026 High Economic Growth
p62,2034,0.16936201,0.12649306,0.10745844,0.1362336,TRE,AEO2026 High Economic Growth
p62,2035,0.16813519,0.12425988,0.10481956,0.13418118,TRE,AEO2026 High Economic Growth
p62,2036,0.17096321,0.12560264999999998,0.1056799,0.13581244,TRE,AEO2026 High Economic Growth
p62,2037,0.17626976,0.12922907,0.10874402999999999,0.14026685,TRE,AEO2026 High Economic Growth
p62,2038,0.18700495,0.13780008,0.11583201000000001,0.14941209,TRE,AEO2026 High Economic Growth
p62,2039,0.18366892,0.13464189,0.1134259,0.14638154,TRE,AEO2026 High Economic Growth
p62,2040,0.18802019,0.13767838,0.1158098,0.14968299999999998,TRE,AEO2026 High Economic Growth
p62,2041,0.19062887,0.13902409999999998,0.11652293999999999,0.15128332,TRE,AEO2026 High Economic Growth
p62,2042,0.19384630000000003,0.14114043,0.11808552,0.15362704000000002,TRE,AEO2026 High Economic Growth
p62,2043,0.19737768,0.14370401,0.12009982000000001,0.1564345,TRE,AEO2026 High Economic Growth
p62,2044,0.20077832999999998,0.14642818999999999,0.12239157,0.15934893,TRE,AEO2026 High Economic Growth
p62,2045,0.20427353,0.14885829,0.12440369000000001,0.161938,TRE,AEO2026 High Economic Growth
p62,2046,0.20778812,0.15107595,0.12611111,0.16429413,TRE,AEO2026 High Economic Growth
p62,2047,0.21120518,0.15317322,0.127752,0.16655487000000002,TRE,AEO2026 High Economic Growth
p62,2048,0.21369751,0.15462169,0.12882749000000002,0.16809211999999998,TRE,AEO2026 High Economic Growth
p62,2049,0.21642292000000002,0.156211,0.12996885,0.169697,TRE,AEO2026 High Economic Growth
p62,2050,0.21955483999999997,0.15797567,0.13123289,0.17160179,TRE,AEO2026 High Economic Growth
p63,2014,0.12331752,0.09087755,0.0761973,0.09706903,TRE,AEO2026 High Economic Growth
p63,2015,0.12331752,0.09087755,0.0761973,0.09706903,TRE,AEO2026 High Economic Growth
p63,2016,0.12331752,0.09087755,0.0761973,0.09706903,TRE,AEO2026 High Economic Growth
p63,2017,0.12331752,0.09087755,0.0761973,0.09706903,TRE,AEO2026 High Economic Growth
p63,2018,0.12331752,0.09087755,0.0761973,0.09706903,TRE,AEO2026 High Economic Growth
p63,2019,0.12331752,0.09087755,0.0761973,0.09706903,TRE,AEO2026 High Economic Growth
p63,2020,0.12331752,0.09087755,0.0761973,0.09706903,TRE,AEO2026 High Economic Growth
p63,2021,0.12331752,0.09087755,0.0761973,0.09706903,TRE,AEO2026 High Economic Growth
p63,2022,0.12331752,0.09087755,0.0761973,0.09706903,TRE,AEO2026 High Economic Growth
p63,2023,0.12331752,0.09087755,0.0761973,0.09706903,TRE,AEO2026 High Economic Growth
p63,2024,0.12331752,0.09087755,0.0761973,0.09706903,TRE,AEO2026 High Economic Growth
p63,2025,0.12331752,0.09087755,0.0761973,0.09706903,TRE,AEO2026 High Economic Growth
p63,2026,0.12253562999999999,0.08772871,0.07301736,0.09510209,TRE,AEO2026 High Economic Growth
p63,2027,0.12853135999999998,0.09283501,0.07728809,0.10019786,TRE,AEO2026 High Economic Growth
p63,2028,0.13268119,0.09654254999999999,0.08063043,0.10398107,TRE,AEO2026 High Economic Growth
p63,2029,0.14144458000000001,0.10412060000000001,0.0868717,0.11151425,TRE,AEO2026 High Economic Growth
p63,2030,0.14771067000000002,0.10930534,0.09151426000000001,0.11701560999999999,TRE,AEO2026 High Economic Growth
p63,2031,0.16186188,0.12175832,0.10225012,0.12954986999999998,TRE,AEO2026 High Economic Growth
p63,2032,0.16326769,0.12227142,0.10396371,0.13114352,TRE,AEO2026 High Economic Growth
p63,2033,0.16487991000000002,0.12333382999999999,0.10546682,0.13270947,TRE,AEO2026 High Economic Growth
p63,2034,0.16936201,0.12649306,0.10745844,0.1362336,TRE,AEO2026 High Economic Growth
p63,2035,0.16813519,0.12425988,0.10481956,0.13418118,TRE,AEO2026 High Economic Growth
p63,2036,0.17096321,0.12560264999999998,0.1056799,0.13581244,TRE,AEO2026 High Economic Growth
p63,2037,0.17626976,0.12922907,0.10874402999999999,0.14026685,TRE,AEO2026 High Economic Growth
p63,2038,0.18700495,0.13780008,0.11583201000000001,0.14941209,TRE,AEO2026 High Economic Growth
p63,2039,0.18366892,0.13464189,0.1134259,0.14638154,TRE,AEO2026 High Economic Growth
p63,2040,0.18802019,0.13767838,0.1158098,0.14968299999999998,TRE,AEO2026 High Economic Growth
p63,2041,0.19062887,0.13902409999999998,0.11652293999999999,0.15128332,TRE,AEO2026 High Economic Growth
p63,2042,0.19384630000000003,0.14114043,0.11808552,0.15362704000000002,TRE,AEO2026 High Economic Growth
p63,2043,0.19737768,0.14370401,0.12009982000000001,0.1564345,TRE,AEO2026 High Economic Growth
p63,2044,0.20077832999999998,0.14642818999999999,0.12239157,0.15934893,TRE,AEO2026 High Economic Growth
p63,2045,0.20427353,0.14885829,0.12440369000000001,0.161938,TRE,AEO2026 High Economic Growth
p63,2046,0.20778812,0.15107595,0.12611111,0.16429413,TRE,AEO2026 High Economic Growth
p63,2047,0.21120518,0.15317322,0.127752,0.16655487000000002,TRE,AEO2026 High Economic Growth
p63,2048,0.21369751,0.15462169,0.12882749000000002,0.16809211999999998,TRE,AEO2026 High Economic Growth
p63,2049,0.21642292000000002,0.156211,0.12996885,0.169697,TRE,AEO2026 High Economic Growth
p63,2050,0.21955483999999997,0.15797567,0.13123289,0.17160179,TRE,AEO2026 High Economic Growth
p64,2014,0.12331752,0.09087755,0.0761973,0.09706903,TRE,AEO2026 High Economic Growth
p64,2015,0.12331752,0.09087755,0.0761973,0.09706903,TRE,AEO2026 High Economic Growth
p64,2016,0.12331752,0.09087755,0.0761973,0.09706903,TRE,AEO2026 High Economic Growth
p64,2017,0.12331752,0.09087755,0.0761973,0.09706903,TRE,AEO2026 High Economic Growth
p64,2018,0.12331752,0.09087755,0.0761973,0.09706903,TRE,AEO2026 High Economic Growth
p64,2019,0.12331752,0.09087755,0.0761973,0.09706903,TRE,AEO2026 High Economic Growth
p64,2020,0.12331752,0.09087755,0.0761973,0.09706903,TRE,AEO2026 High Economic Growth
p64,2021,0.12331752,0.09087755,0.0761973,0.09706903,TRE,AEO2026 High Economic Growth
p64,2022,0.12331752,0.09087755,0.0761973,0.09706903,TRE,AEO2026 High Economic Growth
p64,2023,0.12331752,0.09087755,0.0761973,0.09706903,TRE,AEO2026 High Economic Growth
p64,2024,0.12331752,0.09087755,0.0761973,0.09706903,TRE,AEO2026 High Economic Growth
p64,2025,0.12331752,0.09087755,0.0761973,0.09706903,TRE,AEO2026 High Economic Growth
p64,2026,0.12253562999999999,0.08772871,0.07301736,0.09510209,TRE,AEO2026 High Economic Growth
p64,2027,0.12853135999999998,0.09283501,0.07728809,0.10019786,TRE,AEO2026 High Economic Growth
p64,2028,0.13268119,0.09654254999999999,0.08063043,0.10398107,TRE,AEO2026 High Economic Growth
p64,2029,0.14144458000000001,0.10412060000000001,0.0868717,0.11151425,TRE,AEO2026 High Economic Growth
p64,2030,0.14771067000000002,0.10930534,0.09151426000000001,0.11701560999999999,TRE,AEO2026 High Economic Growth
p64,2031,0.16186188,0.12175832,0.10225012,0.12954986999999998,TRE,AEO2026 High Economic Growth
p64,2032,0.16326769,0.12227142,0.10396371,0.13114352,TRE,AEO2026 High Economic Growth
p64,2033,0.16487991000000002,0.12333382999999999,0.10546682,0.13270947,TRE,AEO2026 High Economic Growth
p64,2034,0.16936201,0.12649306,0.10745844,0.1362336,TRE,AEO2026 High Economic Growth
p64,2035,0.16813519,0.12425988,0.10481956,0.13418118,TRE,AEO2026 High Economic Growth
p64,2036,0.17096321,0.12560264999999998,0.1056799,0.13581244,TRE,AEO2026 High Economic Growth
p64,2037,0.17626976,0.12922907,0.10874402999999999,0.14026685,TRE,AEO2026 High Economic Growth
p64,2038,0.18700495,0.13780008,0.11583201000000001,0.14941209,TRE,AEO2026 High Economic Growth
p64,2039,0.18366892,0.13464189,0.1134259,0.14638154,TRE,AEO2026 High Economic Growth
p64,2040,0.18802019,0.13767838,0.1158098,0.14968299999999998,TRE,AEO2026 High Economic Growth
p64,2041,0.19062887,0.13902409999999998,0.11652293999999999,0.15128332,TRE,AEO2026 High Economic Growth
p64,2042,0.19384630000000003,0.14114043,0.11808552,0.15362704000000002,TRE,AEO2026 High Economic Growth
p64,2043,0.19737768,0.14370401,0.12009982000000001,0.1564345,TRE,AEO2026 High Economic Growth
p64,2044,0.20077832999999998,0.14642818999999999,0.12239157,0.15934893,TRE,AEO2026 High Economic Growth
p64,2045,0.20427353,0.14885829,0.12440369000000001,0.161938,TRE,AEO2026 High Economic Growth
p64,2046,0.20778812,0.15107595,0.12611111,0.16429413,TRE,AEO2026 High Economic Growth
p64,2047,0.21120518,0.15317322,0.127752,0.16655487000000002,TRE,AEO2026 High Economic Growth
p64,2048,0.21369751,0.15462169,0.12882749000000002,0.16809211999999998,TRE,AEO2026 High Economic Growth
p64,2049,0.21642292000000002,0.156211,0.12996885,0.169697,TRE,AEO2026 High Economic Growth
p64,2050,0.21955483999999997,0.15797567,0.13123289,0.17160179,TRE,AEO2026 High Economic Growth
p65,2014,0.12331752,0.09087755,0.0761973,0.09706903,TRE,AEO2026 High Economic Growth
p65,2015,0.12331752,0.09087755,0.0761973,0.09706903,TRE,AEO2026 High Economic Growth
p65,2016,0.12331752,0.09087755,0.0761973,0.09706903,TRE,AEO2026 High Economic Growth
p65,2017,0.12331752,0.09087755,0.0761973,0.09706903,TRE,AEO2026 High Economic Growth
p65,2018,0.12331752,0.09087755,0.0761973,0.09706903,TRE,AEO2026 High Economic Growth
p65,2019,0.12331752,0.09087755,0.0761973,0.09706903,TRE,AEO2026 High Economic Growth
p65,2020,0.12331752,0.09087755,0.0761973,0.09706903,TRE,AEO2026 High Economic Growth
p65,2021,0.12331752,0.09087755,0.0761973,0.09706903,TRE,AEO2026 High Economic Growth
p65,2022,0.12331752,0.09087755,0.0761973,0.09706903,TRE,AEO2026 High Economic Growth
p65,2023,0.12331752,0.09087755,0.0761973,0.09706903,TRE,AEO2026 High Economic Growth
p65,2024,0.12331752,0.09087755,0.0761973,0.09706903,TRE,AEO2026 High Economic Growth
p65,2025,0.12331752,0.09087755,0.0761973,0.09706903,TRE,AEO2026 High Economic Growth
p65,2026,0.12253562999999999,0.08772871,0.07301736,0.09510209,TRE,AEO2026 High Economic Growth
p65,2027,0.12853135999999998,0.09283501,0.07728809,0.10019786,TRE,AEO2026 High Economic Growth
p65,2028,0.13268119,0.09654254999999999,0.08063043,0.10398107,TRE,AEO2026 High Economic Growth
p65,2029,0.14144458000000001,0.10412060000000001,0.0868717,0.11151425,TRE,AEO2026 High Economic Growth
p65,2030,0.14771067000000002,0.10930534,0.09151426000000001,0.11701560999999999,TRE,AEO2026 High Economic Growth
p65,2031,0.16186188,0.12175832,0.10225012,0.12954986999999998,TRE,AEO2026 High Economic Growth
p65,2032,0.16326769,0.12227142,0.10396371,0.13114352,TRE,AEO2026 High Economic Growth
p65,2033,0.16487991000000002,0.12333382999999999,0.10546682,0.13270947,TRE,AEO2026 High Economic Growth
p65,2034,0.16936201,0.12649306,0.10745844,0.1362336,TRE,AEO2026 High Economic Growth
p65,2035,0.16813519,0.12425988,0.10481956,0.13418118,TRE,AEO2026 High Economic Growth
p65,2036,0.17096321,0.12560264999999998,0.1056799,0.13581244,TRE,AEO2026 High Economic Growth
p65,2037,0.17626976,0.12922907,0.10874402999999999,0.14026685,TRE,AEO2026 High Economic Growth
p65,2038,0.18700495,0.13780008,0.11583201000000001,0.14941209,TRE,AEO2026 High Economic Growth
p65,2039,0.18366892,0.13464189,0.1134259,0.14638154,TRE,AEO2026 High Economic Growth
p65,2040,0.18802019,0.13767838,0.1158098,0.14968299999999998,TRE,AEO2026 High Economic Growth
p65,2041,0.19062887,0.13902409999999998,0.11652293999999999,0.15128332,TRE,AEO2026 High Economic Growth
p65,2042,0.19384630000000003,0.14114043,0.11808552,0.15362704000000002,TRE,AEO2026 High Economic Growth
p65,2043,0.19737768,0.14370401,0.12009982000000001,0.1564345,TRE,AEO2026 High Economic Growth
p65,2044,0.20077832999999998,0.14642818999999999,0.12239157,0.15934893,TRE,AEO2026 High Economic Growth
p65,2045,0.20427353,0.14885829,0.12440369000000001,0.161938,TRE,AEO2026 High Economic Growth
p65,2046,0.20778812,0.15107595,0.12611111,0.16429413,TRE,AEO2026 High Economic Growth
p65,2047,0.21120518,0.15317322,0.127752,0.16655487000000002,TRE,AEO2026 High Economic Growth
p65,2048,0.21369751,0.15462169,0.12882749000000002,0.16809211999999998,TRE,AEO2026 High Economic Growth
p65,2049,0.21642292000000002,0.156211,0.12996885,0.169697,TRE,AEO2026 High Economic Growth
p65,2050,0.21955483999999997,0.15797567,0.13123289,0.17160179,TRE,AEO2026 High Economic Growth
p66,2014,0.12331752,0.09087755,0.0761973,0.09706903,TRE,AEO2026 High Economic Growth
p66,2015,0.12331752,0.09087755,0.0761973,0.09706903,TRE,AEO2026 High Economic Growth
p66,2016,0.12331752,0.09087755,0.0761973,0.09706903,TRE,AEO2026 High Economic Growth
p66,2017,0.12331752,0.09087755,0.0761973,0.09706903,TRE,AEO2026 High Economic Growth
p66,2018,0.12331752,0.09087755,0.0761973,0.09706903,TRE,AEO2026 High Economic Growth
p66,2019,0.12331752,0.09087755,0.0761973,0.09706903,TRE,AEO2026 High Economic Growth
p66,2020,0.12331752,0.09087755,0.0761973,0.09706903,TRE,AEO2026 High Economic Growth
p66,2021,0.12331752,0.09087755,0.0761973,0.09706903,TRE,AEO2026 High Economic Growth
p66,2022,0.12331752,0.09087755,0.0761973,0.09706903,TRE,AEO2026 High Economic Growth
p66,2023,0.12331752,0.09087755,0.0761973,0.09706903,TRE,AEO2026 High Economic Growth
p66,2024,0.12331752,0.09087755,0.0761973,0.09706903,TRE,AEO2026 High Economic Growth
p66,2025,0.12331752,0.09087755,0.0761973,0.09706903,TRE,AEO2026 High Economic Growth
p66,2026,0.12253562999999999,0.08772871,0.07301736,0.09510209,TRE,AEO2026 High Economic Growth
p66,2027,0.12853135999999998,0.09283501,0.07728809,0.10019786,TRE,AEO2026 High Economic Growth
p66,2028,0.13268119,0.09654254999999999,0.08063043,0.10398107,TRE,AEO2026 High Economic Growth
p66,2029,0.14144458000000001,0.10412060000000001,0.0868717,0.11151425,TRE,AEO2026 High Economic Growth
p66,2030,0.14771067000000002,0.10930534,0.09151426000000001,0.11701560999999999,TRE,AEO2026 High Economic Growth
p66,2031,0.16186188,0.12175832,0.10225012,0.12954986999999998,TRE,AEO2026 High Economic Growth
p66,2032,0.16326769,0.12227142,0.10396371,0.13114352,TRE,AEO2026 High Economic Growth
p66,2033,0.16487991000000002,0.12333382999999999,0.10546682,0.13270947,TRE,AEO2026 High Economic Growth
p66,2034,0.16936201,0.12649306,0.10745844,0.1362336,TRE,AEO2026 High Economic Growth
p66,2035,0.16813519,0.12425988,0.10481956,0.13418118,TRE,AEO2026 High Economic Growth
p66,2036,0.17096321,0.12560264999999998,0.1056799,0.13581244,TRE,AEO2026 High Economic Growth
p66,2037,0.17626976,0.12922907,0.10874402999999999,0.14026685,TRE,AEO2026 High Economic Growth
p66,2038,0.18700495,0.13780008,0.11583201000000001,0.14941209,TRE,AEO2026 High Economic Growth
p66,2039,0.18366892,0.13464189,0.1134259,0.14638154,TRE,AEO2026 High Economic Growth
p66,2040,0.18802019,0.13767838,0.1158098,0.14968299999999998,TRE,AEO2026 High Economic Growth
p66,2041,0.19062887,0.13902409999999998,0.11652293999999999,0.15128332,TRE,AEO2026 High Economic Growth
p66,2042,0.19384630000000003,0.14114043,0.11808552,0.15362704000000002,TRE,AEO2026 High Economic Growth
p66,2043,0.19737768,0.14370401,0.12009982000000001,0.1564345,TRE,AEO2026 High Economic Growth
p66,2044,0.20077832999999998,0.14642818999999999,0.12239157,0.15934893,TRE,AEO2026 High Economic Growth
p66,2045,0.20427353,0.14885829,0.12440369000000001,0.161938,TRE,AEO2026 High Economic Growth
p66,2046,0.20778812,0.15107595,0.12611111,0.16429413,TRE,AEO2026 High Economic Growth
p66,2047,0.21120518,0.15317322,0.127752,0.16655487000000002,TRE,AEO2026 High Economic Growth
p66,2048,0.21369751,0.15462169,0.12882749000000002,0.16809211999999998,TRE,AEO2026 High Economic Growth
p66,2049,0.21642292000000002,0.156211,0.12996885,0.169697,TRE,AEO2026 High Economic Growth
p66,2050,0.21955483999999997,0.15797567,0.13123289,0.17160179,TRE,AEO2026 High Economic Growth
p67,2014,0.12331752,0.09087755,0.0761973,0.09706903,TRE,AEO2026 High Economic Growth
p67,2015,0.12331752,0.09087755,0.0761973,0.09706903,TRE,AEO2026 High Economic Growth
p67,2016,0.12331752,0.09087755,0.0761973,0.09706903,TRE,AEO2026 High Economic Growth
p67,2017,0.12331752,0.09087755,0.0761973,0.09706903,TRE,AEO2026 High Economic Growth
p67,2018,0.12331752,0.09087755,0.0761973,0.09706903,TRE,AEO2026 High Economic Growth
p67,2019,0.12331752,0.09087755,0.0761973,0.09706903,TRE,AEO2026 High Economic Growth
p67,2020,0.12331752,0.09087755,0.0761973,0.09706903,TRE,AEO2026 High Economic Growth
p67,2021,0.12331752,0.09087755,0.0761973,0.09706903,TRE,AEO2026 High Economic Growth
p67,2022,0.12331752,0.09087755,0.0761973,0.09706903,TRE,AEO2026 High Economic Growth
p67,2023,0.12331752,0.09087755,0.0761973,0.09706903,TRE,AEO2026 High Economic Growth
p67,2024,0.12331752,0.09087755,0.0761973,0.09706903,TRE,AEO2026 High Economic Growth
p67,2025,0.12331752,0.09087755,0.0761973,0.09706903,TRE,AEO2026 High Economic Growth
p67,2026,0.12253562999999999,0.08772871,0.07301736,0.09510209,TRE,AEO2026 High Economic Growth
p67,2027,0.12853135999999998,0.09283501,0.07728809,0.10019786,TRE,AEO2026 High Economic Growth
p67,2028,0.13268119,0.09654254999999999,0.08063043,0.10398107,TRE,AEO2026 High Economic Growth
p67,2029,0.14144458000000001,0.10412060000000001,0.0868717,0.11151425,TRE,AEO2026 High Economic Growth
p67,2030,0.14771067000000002,0.10930534,0.09151426000000001,0.11701560999999999,TRE,AEO2026 High Economic Growth
p67,2031,0.16186188,0.12175832,0.10225012,0.12954986999999998,TRE,AEO2026 High Economic Growth
p67,2032,0.16326769,0.12227142,0.10396371,0.13114352,TRE,AEO2026 High Economic Growth
p67,2033,0.16487991000000002,0.12333382999999999,0.10546682,0.13270947,TRE,AEO2026 High Economic Growth
p67,2034,0.16936201,0.12649306,0.10745844,0.1362336,TRE,AEO2026 High Economic Growth
p67,2035,0.16813519,0.12425988,0.10481956,0.13418118,TRE,AEO2026 High Economic Growth
p67,2036,0.17096321,0.12560264999999998,0.1056799,0.13581244,TRE,AEO2026 High Economic Growth
p67,2037,0.17626976,0.12922907,0.10874402999999999,0.14026685,TRE,AEO2026 High Economic Growth
p67,2038,0.18700495,0.13780008,0.11583201000000001,0.14941209,TRE,AEO2026 High Economic Growth
p67,2039,0.18366892,0.13464189,0.1134259,0.14638154,TRE,AEO2026 High Economic Growth
p67,2040,0.18802019,0.13767838,0.1158098,0.14968299999999998,TRE,AEO2026 High Economic Growth
p67,2041,0.19062887,0.13902409999999998,0.11652293999999999,0.15128332,TRE,AEO2026 High Economic Growth
p67,2042,0.19384630000000003,0.14114043,0.11808552,0.15362704000000002,TRE,AEO2026 High Economic Growth
p67,2043,0.19737768,0.14370401,0.12009982000000001,0.1564345,TRE,AEO2026 High Economic Growth
p67,2044,0.20077832999999998,0.14642818999999999,0.12239157,0.15934893,TRE,AEO2026 High Economic Growth
p67,2045,0.20427353,0.14885829,0.12440369000000001,0.161938,TRE,AEO2026 High Economic Growth
p67,2046,0.20778812,0.15107595,0.12611111,0.16429413,TRE,AEO2026 High Economic Growth
p67,2047,0.21120518,0.15317322,0.127752,0.16655487000000002,TRE,AEO2026 High Economic Growth
p67,2048,0.21369751,0.15462169,0.12882749000000002,0.16809211999999998,TRE,AEO2026 High Economic Growth
p67,2049,0.21642292000000002,0.156211,0.12996885,0.169697,TRE,AEO2026 High Economic Growth
p67,2050,0.21955483999999997,0.15797567,0.13123289,0.17160179,TRE,AEO2026 High Economic Growth
p68,2014,0.16248287,0.12197010999999999,0.08588733,0.13089389,MISW,AEO2026 High Economic Growth
p68,2015,0.16248287,0.12197010999999999,0.08588733,0.13089389,MISW,AEO2026 High Economic Growth
p68,2016,0.16248287,0.12197010999999999,0.08588733,0.13089389,MISW,AEO2026 High Economic Growth
p68,2017,0.16248287,0.12197010999999999,0.08588733,0.13089389,MISW,AEO2026 High Economic Growth
p68,2018,0.16248287,0.12197010999999999,0.08588733,0.13089389,MISW,AEO2026 High Economic Growth
p68,2019,0.16248287,0.12197010999999999,0.08588733,0.13089389,MISW,AEO2026 High Economic Growth
p68,2020,0.16248287,0.12197010999999999,0.08588733,0.13089389,MISW,AEO2026 High Economic Growth
p68,2021,0.16248287,0.12197010999999999,0.08588733,0.13089389,MISW,AEO2026 High Economic Growth
p68,2022,0.16248287,0.12197010999999999,0.08588733,0.13089389,MISW,AEO2026 High Economic Growth
p68,2023,0.16248287,0.12197010999999999,0.08588733,0.13089389,MISW,AEO2026 High Economic Growth
p68,2024,0.16248287,0.12197010999999999,0.08588733,0.13089389,MISW,AEO2026 High Economic Growth
p68,2025,0.16248287,0.12197010999999999,0.08588733,0.13089389,MISW,AEO2026 High Economic Growth
p68,2026,0.16766201,0.12477067,0.08868482,0.13479905,MISW,AEO2026 High Economic Growth
p68,2027,0.16287548000000002,0.12083496,0.08317901000000001,0.1305242,MISW,AEO2026 High Economic Growth
p68,2028,0.16024588,0.11817952,0.08181023,0.12698872,MISW,AEO2026 High Economic Growth
p68,2029,0.16351196,0.1208651,0.08380258,0.1294595,MISW,AEO2026 High Economic Growth
p68,2030,0.16909843,0.12505867,0.08756831,0.13370493,MISW,AEO2026 High Economic Growth
p68,2031,0.17573256,0.13013453,0.091877,0.13916435,MISW,AEO2026 High Economic Growth
p68,2032,0.18756071,0.13801392999999998,0.10104946999999999,0.14759421,MISW,AEO2026 High Economic Growth
p68,2033,0.19642498,0.14503287,0.10599674,0.15590479999999998,MISW,AEO2026 High Economic Growth
p68,2034,0.19978474,0.14690134,0.10810385,0.15829041,MISW,AEO2026 High Economic Growth
p68,2035,0.20226637,0.14826430999999998,0.10941936999999999,0.16016607,MISW,AEO2026 High Economic Growth
p68,2036,0.20440258,0.14917685,0.11063698999999999,0.16138079000000002,MISW,AEO2026 High Economic Growth
p68,2037,0.20722219,0.15063631,0.11229718,0.16307716,MISW,AEO2026 High Economic Growth
p68,2038,0.21040915999999998,0.15251136,0.11410906999999999,0.16517584,MISW,AEO2026 High Economic Growth
p68,2039,0.21576754,0.15576207,0.11776953000000001,0.16861088,MISW,AEO2026 High Economic Growth
p68,2040,0.22041187,0.15897035,0.12019525,0.17222539999999997,MISW,AEO2026 High Economic Growth
p68,2041,0.22353382,0.1607233,0.12181417,0.17406223,MISW,AEO2026 High Economic Growth
p68,2042,0.2277738,0.16343889,0.12417999,0.17688797,MISW,AEO2026 High Economic Growth
p68,2043,0.2314134,0.16591598999999999,0.12589622,0.17949589,MISW,AEO2026 High Economic Growth
p68,2044,0.23442743,0.16781569000000002,0.12727233999999998,0.18137217,MISW,AEO2026 High Economic Growth
p68,2045,0.23793424999999999,0.16998217000000002,0.12888855,0.18355015000000002,MISW,AEO2026 High Economic Growth
p68,2046,0.24152498,0.17224937,0.13058331,0.18584827,MISW,AEO2026 High Economic Growth
p68,2047,0.24490511,0.17434729000000002,0.1321505,0.18789166999999998,MISW,AEO2026 High Economic Growth
p68,2048,0.24831738,0.17645754,0.13376758,0.18992132,MISW,AEO2026 High Economic Growth
p68,2049,0.25189774,0.17879304999999998,0.13542656,0.19218744000000001,MISW,AEO2026 High Economic Growth
p68,2050,0.25540918,0.18105091,0.13702437,0.19438015,MISW,AEO2026 High Economic Growth
p69,2014,0.16248287,0.12197010999999999,0.08588733,0.13089389,MISW,AEO2026 High Economic Growth
p69,2015,0.16248287,0.12197010999999999,0.08588733,0.13089389,MISW,AEO2026 High Economic Growth
p69,2016,0.16248287,0.12197010999999999,0.08588733,0.13089389,MISW,AEO2026 High Economic Growth
p69,2017,0.16248287,0.12197010999999999,0.08588733,0.13089389,MISW,AEO2026 High Economic Growth
p69,2018,0.16248287,0.12197010999999999,0.08588733,0.13089389,MISW,AEO2026 High Economic Growth
p69,2019,0.16248287,0.12197010999999999,0.08588733,0.13089389,MISW,AEO2026 High Economic Growth
p69,2020,0.16248287,0.12197010999999999,0.08588733,0.13089389,MISW,AEO2026 High Economic Growth
p69,2021,0.16248287,0.12197010999999999,0.08588733,0.13089389,MISW,AEO2026 High Economic Growth
p69,2022,0.16248287,0.12197010999999999,0.08588733,0.13089389,MISW,AEO2026 High Economic Growth
p69,2023,0.16248287,0.12197010999999999,0.08588733,0.13089389,MISW,AEO2026 High Economic Growth
p69,2024,0.16248287,0.12197010999999999,0.08588733,0.13089389,MISW,AEO2026 High Economic Growth
p69,2025,0.16248287,0.12197010999999999,0.08588733,0.13089389,MISW,AEO2026 High Economic Growth
p69,2026,0.16766201,0.12477067,0.08868482,0.13479905,MISW,AEO2026 High Economic Growth
p69,2027,0.16287548000000002,0.12083496,0.08317901000000001,0.1305242,MISW,AEO2026 High Economic Growth
p69,2028,0.16024588,0.11817952,0.08181023,0.12698872,MISW,AEO2026 High Economic Growth
p69,2029,0.16351196,0.1208651,0.08380258,0.1294595,MISW,AEO2026 High Economic Growth
p69,2030,0.16909843,0.12505867,0.08756831,0.13370493,MISW,AEO2026 High Economic Growth
p69,2031,0.17573256,0.13013453,0.091877,0.13916435,MISW,AEO2026 High Economic Growth
p69,2032,0.18756071,0.13801392999999998,0.10104946999999999,0.14759421,MISW,AEO2026 High Economic Growth
p69,2033,0.19642498,0.14503287,0.10599674,0.15590479999999998,MISW,AEO2026 High Economic Growth
p69,2034,0.19978474,0.14690134,0.10810385,0.15829041,MISW,AEO2026 High Economic Growth
p69,2035,0.20226637,0.14826430999999998,0.10941936999999999,0.16016607,MISW,AEO2026 High Economic Growth
p69,2036,0.20440258,0.14917685,0.11063698999999999,0.16138079000000002,MISW,AEO2026 High Economic Growth
p69,2037,0.20722219,0.15063631,0.11229718,0.16307716,MISW,AEO2026 High Economic Growth
p69,2038,0.21040915999999998,0.15251136,0.11410906999999999,0.16517584,MISW,AEO2026 High Economic Growth
p69,2039,0.21576754,0.15576207,0.11776953000000001,0.16861088,MISW,AEO2026 High Economic Growth
p69,2040,0.22041187,0.15897035,0.12019525,0.17222539999999997,MISW,AEO2026 High Economic Growth
p69,2041,0.22353382,0.1607233,0.12181417,0.17406223,MISW,AEO2026 High Economic Growth
p69,2042,0.2277738,0.16343889,0.12417999,0.17688797,MISW,AEO2026 High Economic Growth
p69,2043,0.2314134,0.16591598999999999,0.12589622,0.17949589,MISW,AEO2026 High Economic Growth
p69,2044,0.23442743,0.16781569000000002,0.12727233999999998,0.18137217,MISW,AEO2026 High Economic Growth
p69,2045,0.23793424999999999,0.16998217000000002,0.12888855,0.18355015000000002,MISW,AEO2026 High Economic Growth
p69,2046,0.24152498,0.17224937,0.13058331,0.18584827,MISW,AEO2026 High Economic Growth
p69,2047,0.24490511,0.17434729000000002,0.1321505,0.18789166999999998,MISW,AEO2026 High Economic Growth
p69,2048,0.24831738,0.17645754,0.13376758,0.18992132,MISW,AEO2026 High Economic Growth
p69,2049,0.25189774,0.17879304999999998,0.13542656,0.19218744000000001,MISW,AEO2026 High Economic Growth
p69,2050,0.25540918,0.18105091,0.13702437,0.19438015,MISW,AEO2026 High Economic Growth
p70,2014,0.16248287,0.12197010999999999,0.08588733,0.13089389,MISW,AEO2026 High Economic Growth
p70,2015,0.16248287,0.12197010999999999,0.08588733,0.13089389,MISW,AEO2026 High Economic Growth
p70,2016,0.16248287,0.12197010999999999,0.08588733,0.13089389,MISW,AEO2026 High Economic Growth
p70,2017,0.16248287,0.12197010999999999,0.08588733,0.13089389,MISW,AEO2026 High Economic Growth
p70,2018,0.16248287,0.12197010999999999,0.08588733,0.13089389,MISW,AEO2026 High Economic Growth
p70,2019,0.16248287,0.12197010999999999,0.08588733,0.13089389,MISW,AEO2026 High Economic Growth
p70,2020,0.16248287,0.12197010999999999,0.08588733,0.13089389,MISW,AEO2026 High Economic Growth
p70,2021,0.16248287,0.12197010999999999,0.08588733,0.13089389,MISW,AEO2026 High Economic Growth
p70,2022,0.16248287,0.12197010999999999,0.08588733,0.13089389,MISW,AEO2026 High Economic Growth
p70,2023,0.16248287,0.12197010999999999,0.08588733,0.13089389,MISW,AEO2026 High Economic Growth
p70,2024,0.16248287,0.12197010999999999,0.08588733,0.13089389,MISW,AEO2026 High Economic Growth
p70,2025,0.16248287,0.12197010999999999,0.08588733,0.13089389,MISW,AEO2026 High Economic Growth
p70,2026,0.16766201,0.12477067,0.08868482,0.13479905,MISW,AEO2026 High Economic Growth
p70,2027,0.16287548000000002,0.12083496,0.08317901000000001,0.1305242,MISW,AEO2026 High Economic Growth
p70,2028,0.16024588,0.11817952,0.08181023,0.12698872,MISW,AEO2026 High Economic Growth
p70,2029,0.16351196,0.1208651,0.08380258,0.1294595,MISW,AEO2026 High Economic Growth
p70,2030,0.16909843,0.12505867,0.08756831,0.13370493,MISW,AEO2026 High Economic Growth
p70,2031,0.17573256,0.13013453,0.091877,0.13916435,MISW,AEO2026 High Economic Growth
p70,2032,0.18756071,0.13801392999999998,0.10104946999999999,0.14759421,MISW,AEO2026 High Economic Growth
p70,2033,0.19642498,0.14503287,0.10599674,0.15590479999999998,MISW,AEO2026 High Economic Growth
p70,2034,0.19978474,0.14690134,0.10810385,0.15829041,MISW,AEO2026 High Economic Growth
p70,2035,0.20226637,0.14826430999999998,0.10941936999999999,0.16016607,MISW,AEO2026 High Economic Growth
p70,2036,0.20440258,0.14917685,0.11063698999999999,0.16138079000000002,MISW,AEO2026 High Economic Growth
p70,2037,0.20722219,0.15063631,0.11229718,0.16307716,MISW,AEO2026 High Economic Growth
p70,2038,0.21040915999999998,0.15251136,0.11410906999999999,0.16517584,MISW,AEO2026 High Economic Growth
p70,2039,0.21576754,0.15576207,0.11776953000000001,0.16861088,MISW,AEO2026 High Economic Growth
p70,2040,0.22041187,0.15897035,0.12019525,0.17222539999999997,MISW,AEO2026 High Economic Growth
p70,2041,0.22353382,0.1607233,0.12181417,0.17406223,MISW,AEO2026 High Economic Growth
p70,2042,0.2277738,0.16343889,0.12417999,0.17688797,MISW,AEO2026 High Economic Growth
p70,2043,0.2314134,0.16591598999999999,0.12589622,0.17949589,MISW,AEO2026 High Economic Growth
p70,2044,0.23442743,0.16781569000000002,0.12727233999999998,0.18137217,MISW,AEO2026 High Economic Growth
p70,2045,0.23793424999999999,0.16998217000000002,0.12888855,0.18355015000000002,MISW,AEO2026 High Economic Growth
p70,2046,0.24152498,0.17224937,0.13058331,0.18584827,MISW,AEO2026 High Economic Growth
p70,2047,0.24490511,0.17434729000000002,0.1321505,0.18789166999999998,MISW,AEO2026 High Economic Growth
p70,2048,0.24831738,0.17645754,0.13376758,0.18992132,MISW,AEO2026 High Economic Growth
p70,2049,0.25189774,0.17879304999999998,0.13542656,0.19218744000000001,MISW,AEO2026 High Economic Growth
p70,2050,0.25540918,0.18105091,0.13702437,0.19438015,MISW,AEO2026 High Economic Growth
p71,2014,0.15189117,0.12020945,0.08829481,0.12673842000000002,MISC,AEO2026 High Economic Growth
p71,2015,0.15189117,0.12020945,0.08829481,0.12673842000000002,MISC,AEO2026 High Economic Growth
p71,2016,0.15189117,0.12020945,0.08829481,0.12673842000000002,MISC,AEO2026 High Economic Growth
p71,2017,0.15189117,0.12020945,0.08829481,0.12673842000000002,MISC,AEO2026 High Economic Growth
p71,2018,0.15189117,0.12020945,0.08829481,0.12673842000000002,MISC,AEO2026 High Economic Growth
p71,2019,0.15189117,0.12020945,0.08829481,0.12673842000000002,MISC,AEO2026 High Economic Growth
p71,2020,0.15189117,0.12020945,0.08829481,0.12673842000000002,MISC,AEO2026 High Economic Growth
p71,2021,0.15189117,0.12020945,0.08829481,0.12673842000000002,MISC,AEO2026 High Economic Growth
p71,2022,0.15189117,0.12020945,0.08829481,0.12673842000000002,MISC,AEO2026 High Economic Growth
p71,2023,0.15189117,0.12020945,0.08829481,0.12673842000000002,MISC,AEO2026 High Economic Growth
p71,2024,0.15189117,0.12020945,0.08829481,0.12673842000000002,MISC,AEO2026 High Economic Growth
p71,2025,0.15189117,0.12020945,0.08829481,0.12673842000000002,MISC,AEO2026 High Economic Growth
p71,2026,0.15516932,0.12183301,0.08987456999999999,0.12937680000000001,MISC,AEO2026 High Economic Growth
p71,2027,0.15315029,0.12103469,0.08772724,0.12799592,MISC,AEO2026 High Economic Growth
p71,2028,0.15074898,0.11911167,0.08631304999999999,0.12535332999999999,MISC,AEO2026 High Economic Growth
p71,2029,0.1544604,0.12267241999999999,0.08908459,0.12865182,MISC,AEO2026 High Economic Growth
p71,2030,0.16067658999999998,0.12847483,0.09352385999999999,0.1346192,MISC,AEO2026 High Economic Growth
p71,2031,0.16669758,0.13510427,0.09770262,0.14113475,MISC,AEO2026 High Economic Growth
p71,2032,0.16969069,0.13690461,0.09998233000000001,0.14349318,MISC,AEO2026 High Economic Growth
p71,2033,0.17251259000000002,0.13926003,0.10187897,0.14695954,MISC,AEO2026 High Economic Growth
p71,2034,0.17427423,0.14072559,0.10314479,0.14844209,MISC,AEO2026 High Economic Growth
p71,2035,0.17639322,0.14235801,0.10452447,0.15025958,MISC,AEO2026 High Economic Growth
p71,2036,0.17974714,0.14473773,0.10671638,0.15281541,MISC,AEO2026 High Economic Growth
p71,2037,0.18314888,0.14762154,0.10902607,0.15592165,MISC,AEO2026 High Economic Growth
p71,2038,0.18800515999999998,0.15250555999999998,0.1127853,0.16038136000000003,MISC,AEO2026 High Economic Growth
p71,2039,0.19056668999999998,0.15360419,0.11446735999999999,0.1619232,MISC,AEO2026 High Economic Growth
p71,2040,0.19505516,0.15734892,0.11722041000000001,0.16598516,MISC,AEO2026 High Economic Growth
p71,2041,0.19814444,0.15983594,0.11901373,0.16862422999999999,MISC,AEO2026 High Economic Growth
p71,2042,0.20176182,0.16251253,0.12134653000000001,0.17123481999999998,MISC,AEO2026 High Economic Growth
p71,2043,0.20946169,0.16855993000000002,0.12679155,0.1770591,MISC,AEO2026 High Economic Growth
p71,2044,0.21596764000000002,0.17432602,0.13070909,0.18327142999999999,MISC,AEO2026 High Economic Growth
p71,2045,0.21895876,0.17680923,0.13231579999999998,0.18577864000000002,MISC,AEO2026 High Economic Growth
p71,2046,0.22177595,0.17899252000000002,0.13395125,0.18783245,MISC,AEO2026 High Economic Growth
p71,2047,0.22496666,0.18170352999999997,0.13573503,0.19060538999999999,MISC,AEO2026 High Economic Growth
p71,2048,0.22793459,0.18416350999999997,0.1374268,0.19296713000000001,MISC,AEO2026 High Economic Growth
p71,2049,0.23097176,0.18668039,0.13913876,0.19538181000000002,MISC,AEO2026 High Economic Growth
p71,2050,0.23415524000000001,0.18911688000000001,0.14072646,0.19768307,MISC,AEO2026 High Economic Growth
p72,2014,0.15189117,0.12020945,0.08829481,0.12673842000000002,MISC,AEO2026 High Economic Growth
p72,2015,0.15189117,0.12020945,0.08829481,0.12673842000000002,MISC,AEO2026 High Economic Growth
p72,2016,0.15189117,0.12020945,0.08829481,0.12673842000000002,MISC,AEO2026 High Economic Growth
p72,2017,0.15189117,0.12020945,0.08829481,0.12673842000000002,MISC,AEO2026 High Economic Growth
p72,2018,0.15189117,0.12020945,0.08829481,0.12673842000000002,MISC,AEO2026 High Economic Growth
p72,2019,0.15189117,0.12020945,0.08829481,0.12673842000000002,MISC,AEO2026 High Economic Growth
p72,2020,0.15189117,0.12020945,0.08829481,0.12673842000000002,MISC,AEO2026 High Economic Growth
p72,2021,0.15189117,0.12020945,0.08829481,0.12673842000000002,MISC,AEO2026 High Economic Growth
p72,2022,0.15189117,0.12020945,0.08829481,0.12673842000000002,MISC,AEO2026 High Economic Growth
p72,2023,0.15189117,0.12020945,0.08829481,0.12673842000000002,MISC,AEO2026 High Economic Growth
p72,2024,0.15189117,0.12020945,0.08829481,0.12673842000000002,MISC,AEO2026 High Economic Growth
p72,2025,0.15189117,0.12020945,0.08829481,0.12673842000000002,MISC,AEO2026 High Economic Growth
p72,2026,0.15516932,0.12183301,0.08987456999999999,0.12937680000000001,MISC,AEO2026 High Economic Growth
p72,2027,0.15315029,0.12103469,0.08772724,0.12799592,MISC,AEO2026 High Economic Growth
p72,2028,0.15074898,0.11911167,0.08631304999999999,0.12535332999999999,MISC,AEO2026 High Economic Growth
p72,2029,0.1544604,0.12267241999999999,0.08908459,0.12865182,MISC,AEO2026 High Economic Growth
p72,2030,0.16067658999999998,0.12847483,0.09352385999999999,0.1346192,MISC,AEO2026 High Economic Growth
p72,2031,0.16669758,0.13510427,0.09770262,0.14113475,MISC,AEO2026 High Economic Growth
p72,2032,0.16969069,0.13690461,0.09998233000000001,0.14349318,MISC,AEO2026 High Economic Growth
p72,2033,0.17251259000000002,0.13926003,0.10187897,0.14695954,MISC,AEO2026 High Economic Growth
p72,2034,0.17427423,0.14072559,0.10314479,0.14844209,MISC,AEO2026 High Economic Growth
p72,2035,0.17639322,0.14235801,0.10452447,0.15025958,MISC,AEO2026 High Economic Growth
p72,2036,0.17974714,0.14473773,0.10671638,0.15281541,MISC,AEO2026 High Economic Growth
p72,2037,0.18314888,0.14762154,0.10902607,0.15592165,MISC,AEO2026 High Economic Growth
p72,2038,0.18800515999999998,0.15250555999999998,0.1127853,0.16038136000000003,MISC,AEO2026 High Economic Growth
p72,2039,0.19056668999999998,0.15360419,0.11446735999999999,0.1619232,MISC,AEO2026 High Economic Growth
p72,2040,0.19505516,0.15734892,0.11722041000000001,0.16598516,MISC,AEO2026 High Economic Growth
p72,2041,0.19814444,0.15983594,0.11901373,0.16862422999999999,MISC,AEO2026 High Economic Growth
p72,2042,0.20176182,0.16251253,0.12134653000000001,0.17123481999999998,MISC,AEO2026 High Economic Growth
p72,2043,0.20946169,0.16855993000000002,0.12679155,0.1770591,MISC,AEO2026 High Economic Growth
p72,2044,0.21596764000000002,0.17432602,0.13070909,0.18327142999999999,MISC,AEO2026 High Economic Growth
p72,2045,0.21895876,0.17680923,0.13231579999999998,0.18577864000000002,MISC,AEO2026 High Economic Growth
p72,2046,0.22177595,0.17899252000000002,0.13395125,0.18783245,MISC,AEO2026 High Economic Growth
p72,2047,0.22496666,0.18170352999999997,0.13573503,0.19060538999999999,MISC,AEO2026 High Economic Growth
p72,2048,0.22793459,0.18416350999999997,0.1374268,0.19296713000000001,MISC,AEO2026 High Economic Growth
p72,2049,0.23097176,0.18668039,0.13913876,0.19538181000000002,MISC,AEO2026 High Economic Growth
p72,2050,0.23415524000000001,0.18911688000000001,0.14072646,0.19768307,MISC,AEO2026 High Economic Growth
p73,2014,0.15189117,0.12020945,0.08829481,0.12673842000000002,MISC,AEO2026 High Economic Growth
p73,2015,0.15189117,0.12020945,0.08829481,0.12673842000000002,MISC,AEO2026 High Economic Growth
p73,2016,0.15189117,0.12020945,0.08829481,0.12673842000000002,MISC,AEO2026 High Economic Growth
p73,2017,0.15189117,0.12020945,0.08829481,0.12673842000000002,MISC,AEO2026 High Economic Growth
p73,2018,0.15189117,0.12020945,0.08829481,0.12673842000000002,MISC,AEO2026 High Economic Growth
p73,2019,0.15189117,0.12020945,0.08829481,0.12673842000000002,MISC,AEO2026 High Economic Growth
p73,2020,0.15189117,0.12020945,0.08829481,0.12673842000000002,MISC,AEO2026 High Economic Growth
p73,2021,0.15189117,0.12020945,0.08829481,0.12673842000000002,MISC,AEO2026 High Economic Growth
p73,2022,0.15189117,0.12020945,0.08829481,0.12673842000000002,MISC,AEO2026 High Economic Growth
p73,2023,0.15189117,0.12020945,0.08829481,0.12673842000000002,MISC,AEO2026 High Economic Growth
p73,2024,0.15189117,0.12020945,0.08829481,0.12673842000000002,MISC,AEO2026 High Economic Growth
p73,2025,0.15189117,0.12020945,0.08829481,0.12673842000000002,MISC,AEO2026 High Economic Growth
p73,2026,0.15516932,0.12183301,0.08987456999999999,0.12937680000000001,MISC,AEO2026 High Economic Growth
p73,2027,0.15315029,0.12103469,0.08772724,0.12799592,MISC,AEO2026 High Economic Growth
p73,2028,0.15074898,0.11911167,0.08631304999999999,0.12535332999999999,MISC,AEO2026 High Economic Growth
p73,2029,0.1544604,0.12267241999999999,0.08908459,0.12865182,MISC,AEO2026 High Economic Growth
p73,2030,0.16067658999999998,0.12847483,0.09352385999999999,0.1346192,MISC,AEO2026 High Economic Growth
p73,2031,0.16669758,0.13510427,0.09770262,0.14113475,MISC,AEO2026 High Economic Growth
p73,2032,0.16969069,0.13690461,0.09998233000000001,0.14349318,MISC,AEO2026 High Economic Growth
p73,2033,0.17251259000000002,0.13926003,0.10187897,0.14695954,MISC,AEO2026 High Economic Growth
p73,2034,0.17427423,0.14072559,0.10314479,0.14844209,MISC,AEO2026 High Economic Growth
p73,2035,0.17639322,0.14235801,0.10452447,0.15025958,MISC,AEO2026 High Economic Growth
p73,2036,0.17974714,0.14473773,0.10671638,0.15281541,MISC,AEO2026 High Economic Growth
p73,2037,0.18314888,0.14762154,0.10902607,0.15592165,MISC,AEO2026 High Economic Growth
p73,2038,0.18800515999999998,0.15250555999999998,0.1127853,0.16038136000000003,MISC,AEO2026 High Economic Growth
p73,2039,0.19056668999999998,0.15360419,0.11446735999999999,0.1619232,MISC,AEO2026 High Economic Growth
p73,2040,0.19505516,0.15734892,0.11722041000000001,0.16598516,MISC,AEO2026 High Economic Growth
p73,2041,0.19814444,0.15983594,0.11901373,0.16862422999999999,MISC,AEO2026 High Economic Growth
p73,2042,0.20176182,0.16251253,0.12134653000000001,0.17123481999999998,MISC,AEO2026 High Economic Growth
p73,2043,0.20946169,0.16855993000000002,0.12679155,0.1770591,MISC,AEO2026 High Economic Growth
p73,2044,0.21596764000000002,0.17432602,0.13070909,0.18327142999999999,MISC,AEO2026 High Economic Growth
p73,2045,0.21895876,0.17680923,0.13231579999999998,0.18577864000000002,MISC,AEO2026 High Economic Growth
p73,2046,0.22177595,0.17899252000000002,0.13395125,0.18783245,MISC,AEO2026 High Economic Growth
p73,2047,0.22496666,0.18170352999999997,0.13573503,0.19060538999999999,MISC,AEO2026 High Economic Growth
p73,2048,0.22793459,0.18416350999999997,0.1374268,0.19296713000000001,MISC,AEO2026 High Economic Growth
p73,2049,0.23097176,0.18668039,0.13913876,0.19538181000000002,MISC,AEO2026 High Economic Growth
p73,2050,0.23415524000000001,0.18911688000000001,0.14072646,0.19768307,MISC,AEO2026 High Economic Growth
p74,2014,0.16248287,0.12197010999999999,0.08588733,0.13089389,MISW,AEO2026 High Economic Growth
p74,2015,0.16248287,0.12197010999999999,0.08588733,0.13089389,MISW,AEO2026 High Economic Growth
p74,2016,0.16248287,0.12197010999999999,0.08588733,0.13089389,MISW,AEO2026 High Economic Growth
p74,2017,0.16248287,0.12197010999999999,0.08588733,0.13089389,MISW,AEO2026 High Economic Growth
p74,2018,0.16248287,0.12197010999999999,0.08588733,0.13089389,MISW,AEO2026 High Economic Growth
p74,2019,0.16248287,0.12197010999999999,0.08588733,0.13089389,MISW,AEO2026 High Economic Growth
p74,2020,0.16248287,0.12197010999999999,0.08588733,0.13089389,MISW,AEO2026 High Economic Growth
p74,2021,0.16248287,0.12197010999999999,0.08588733,0.13089389,MISW,AEO2026 High Economic Growth
p74,2022,0.16248287,0.12197010999999999,0.08588733,0.13089389,MISW,AEO2026 High Economic Growth
p74,2023,0.16248287,0.12197010999999999,0.08588733,0.13089389,MISW,AEO2026 High Economic Growth
p74,2024,0.16248287,0.12197010999999999,0.08588733,0.13089389,MISW,AEO2026 High Economic Growth
p74,2025,0.16248287,0.12197010999999999,0.08588733,0.13089389,MISW,AEO2026 High Economic Growth
p74,2026,0.16766201,0.12477067,0.08868482,0.13479905,MISW,AEO2026 High Economic Growth
p74,2027,0.16287548000000002,0.12083496,0.08317901000000001,0.1305242,MISW,AEO2026 High Economic Growth
p74,2028,0.16024588,0.11817952,0.08181023,0.12698872,MISW,AEO2026 High Economic Growth
p74,2029,0.16351196,0.1208651,0.08380258,0.1294595,MISW,AEO2026 High Economic Growth
p74,2030,0.16909843,0.12505867,0.08756831,0.13370493,MISW,AEO2026 High Economic Growth
p74,2031,0.17573256,0.13013453,0.091877,0.13916435,MISW,AEO2026 High Economic Growth
p74,2032,0.18756071,0.13801392999999998,0.10104946999999999,0.14759421,MISW,AEO2026 High Economic Growth
p74,2033,0.19642498,0.14503287,0.10599674,0.15590479999999998,MISW,AEO2026 High Economic Growth
p74,2034,0.19978474,0.14690134,0.10810385,0.15829041,MISW,AEO2026 High Economic Growth
p74,2035,0.20226637,0.14826430999999998,0.10941936999999999,0.16016607,MISW,AEO2026 High Economic Growth
p74,2036,0.20440258,0.14917685,0.11063698999999999,0.16138079000000002,MISW,AEO2026 High Economic Growth
p74,2037,0.20722219,0.15063631,0.11229718,0.16307716,MISW,AEO2026 High Economic Growth
p74,2038,0.21040915999999998,0.15251136,0.11410906999999999,0.16517584,MISW,AEO2026 High Economic Growth
p74,2039,0.21576754,0.15576207,0.11776953000000001,0.16861088,MISW,AEO2026 High Economic Growth
p74,2040,0.22041187,0.15897035,0.12019525,0.17222539999999997,MISW,AEO2026 High Economic Growth
p74,2041,0.22353382,0.1607233,0.12181417,0.17406223,MISW,AEO2026 High Economic Growth
p74,2042,0.2277738,0.16343889,0.12417999,0.17688797,MISW,AEO2026 High Economic Growth
p74,2043,0.2314134,0.16591598999999999,0.12589622,0.17949589,MISW,AEO2026 High Economic Growth
p74,2044,0.23442743,0.16781569000000002,0.12727233999999998,0.18137217,MISW,AEO2026 High Economic Growth
p74,2045,0.23793424999999999,0.16998217000000002,0.12888855,0.18355015000000002,MISW,AEO2026 High Economic Growth
p74,2046,0.24152498,0.17224937,0.13058331,0.18584827,MISW,AEO2026 High Economic Growth
p74,2047,0.24490511,0.17434729000000002,0.1321505,0.18789166999999998,MISW,AEO2026 High Economic Growth
p74,2048,0.24831738,0.17645754,0.13376758,0.18992132,MISW,AEO2026 High Economic Growth
p74,2049,0.25189774,0.17879304999999998,0.13542656,0.19218744000000001,MISW,AEO2026 High Economic Growth
p74,2050,0.25540918,0.18105091,0.13702437,0.19438015,MISW,AEO2026 High Economic Growth
p75,2014,0.16248287,0.12197010999999999,0.08588733,0.13089389,MISW,AEO2026 High Economic Growth
p75,2015,0.16248287,0.12197010999999999,0.08588733,0.13089389,MISW,AEO2026 High Economic Growth
p75,2016,0.16248287,0.12197010999999999,0.08588733,0.13089389,MISW,AEO2026 High Economic Growth
p75,2017,0.16248287,0.12197010999999999,0.08588733,0.13089389,MISW,AEO2026 High Economic Growth
p75,2018,0.16248287,0.12197010999999999,0.08588733,0.13089389,MISW,AEO2026 High Economic Growth
p75,2019,0.16248287,0.12197010999999999,0.08588733,0.13089389,MISW,AEO2026 High Economic Growth
p75,2020,0.16248287,0.12197010999999999,0.08588733,0.13089389,MISW,AEO2026 High Economic Growth
p75,2021,0.16248287,0.12197010999999999,0.08588733,0.13089389,MISW,AEO2026 High Economic Growth
p75,2022,0.16248287,0.12197010999999999,0.08588733,0.13089389,MISW,AEO2026 High Economic Growth
p75,2023,0.16248287,0.12197010999999999,0.08588733,0.13089389,MISW,AEO2026 High Economic Growth
p75,2024,0.16248287,0.12197010999999999,0.08588733,0.13089389,MISW,AEO2026 High Economic Growth
p75,2025,0.16248287,0.12197010999999999,0.08588733,0.13089389,MISW,AEO2026 High Economic Growth
p75,2026,0.16766201,0.12477067,0.08868482,0.13479905,MISW,AEO2026 High Economic Growth
p75,2027,0.16287548000000002,0.12083496,0.08317901000000001,0.1305242,MISW,AEO2026 High Economic Growth
p75,2028,0.16024588,0.11817952,0.08181023,0.12698872,MISW,AEO2026 High Economic Growth
p75,2029,0.16351196,0.1208651,0.08380258,0.1294595,MISW,AEO2026 High Economic Growth
p75,2030,0.16909843,0.12505867,0.08756831,0.13370493,MISW,AEO2026 High Economic Growth
p75,2031,0.17573256,0.13013453,0.091877,0.13916435,MISW,AEO2026 High Economic Growth
p75,2032,0.18756071,0.13801392999999998,0.10104946999999999,0.14759421,MISW,AEO2026 High Economic Growth
p75,2033,0.19642498,0.14503287,0.10599674,0.15590479999999998,MISW,AEO2026 High Economic Growth
p75,2034,0.19978474,0.14690134,0.10810385,0.15829041,MISW,AEO2026 High Economic Growth
p75,2035,0.20226637,0.14826430999999998,0.10941936999999999,0.16016607,MISW,AEO2026 High Economic Growth
p75,2036,0.20440258,0.14917685,0.11063698999999999,0.16138079000000002,MISW,AEO2026 High Economic Growth
p75,2037,0.20722219,0.15063631,0.11229718,0.16307716,MISW,AEO2026 High Economic Growth
p75,2038,0.21040915999999998,0.15251136,0.11410906999999999,0.16517584,MISW,AEO2026 High Economic Growth
p75,2039,0.21576754,0.15576207,0.11776953000000001,0.16861088,MISW,AEO2026 High Economic Growth
p75,2040,0.22041187,0.15897035,0.12019525,0.17222539999999997,MISW,AEO2026 High Economic Growth
p75,2041,0.22353382,0.1607233,0.12181417,0.17406223,MISW,AEO2026 High Economic Growth
p75,2042,0.2277738,0.16343889,0.12417999,0.17688797,MISW,AEO2026 High Economic Growth
p75,2043,0.2314134,0.16591598999999999,0.12589622,0.17949589,MISW,AEO2026 High Economic Growth
p75,2044,0.23442743,0.16781569000000002,0.12727233999999998,0.18137217,MISW,AEO2026 High Economic Growth
p75,2045,0.23793424999999999,0.16998217000000002,0.12888855,0.18355015000000002,MISW,AEO2026 High Economic Growth
p75,2046,0.24152498,0.17224937,0.13058331,0.18584827,MISW,AEO2026 High Economic Growth
p75,2047,0.24490511,0.17434729000000002,0.1321505,0.18789166999999998,MISW,AEO2026 High Economic Growth
p75,2048,0.24831738,0.17645754,0.13376758,0.18992132,MISW,AEO2026 High Economic Growth
p75,2049,0.25189774,0.17879304999999998,0.13542656,0.19218744000000001,MISW,AEO2026 High Economic Growth
p75,2050,0.25540918,0.18105091,0.13702437,0.19438015,MISW,AEO2026 High Economic Growth
p76,2014,0.16248287,0.12197010999999999,0.08588733,0.13089389,MISW,AEO2026 High Economic Growth
p76,2015,0.16248287,0.12197010999999999,0.08588733,0.13089389,MISW,AEO2026 High Economic Growth
p76,2016,0.16248287,0.12197010999999999,0.08588733,0.13089389,MISW,AEO2026 High Economic Growth
p76,2017,0.16248287,0.12197010999999999,0.08588733,0.13089389,MISW,AEO2026 High Economic Growth
p76,2018,0.16248287,0.12197010999999999,0.08588733,0.13089389,MISW,AEO2026 High Economic Growth
p76,2019,0.16248287,0.12197010999999999,0.08588733,0.13089389,MISW,AEO2026 High Economic Growth
p76,2020,0.16248287,0.12197010999999999,0.08588733,0.13089389,MISW,AEO2026 High Economic Growth
p76,2021,0.16248287,0.12197010999999999,0.08588733,0.13089389,MISW,AEO2026 High Economic Growth
p76,2022,0.16248287,0.12197010999999999,0.08588733,0.13089389,MISW,AEO2026 High Economic Growth
p76,2023,0.16248287,0.12197010999999999,0.08588733,0.13089389,MISW,AEO2026 High Economic Growth
p76,2024,0.16248287,0.12197010999999999,0.08588733,0.13089389,MISW,AEO2026 High Economic Growth
p76,2025,0.16248287,0.12197010999999999,0.08588733,0.13089389,MISW,AEO2026 High Economic Growth
p76,2026,0.16766201,0.12477067,0.08868482,0.13479905,MISW,AEO2026 High Economic Growth
p76,2027,0.16287548000000002,0.12083496,0.08317901000000001,0.1305242,MISW,AEO2026 High Economic Growth
p76,2028,0.16024588,0.11817952,0.08181023,0.12698872,MISW,AEO2026 High Economic Growth
p76,2029,0.16351196,0.1208651,0.08380258,0.1294595,MISW,AEO2026 High Economic Growth
p76,2030,0.16909843,0.12505867,0.08756831,0.13370493,MISW,AEO2026 High Economic Growth
p76,2031,0.17573256,0.13013453,0.091877,0.13916435,MISW,AEO2026 High Economic Growth
p76,2032,0.18756071,0.13801392999999998,0.10104946999999999,0.14759421,MISW,AEO2026 High Economic Growth
p76,2033,0.19642498,0.14503287,0.10599674,0.15590479999999998,MISW,AEO2026 High Economic Growth
p76,2034,0.19978474,0.14690134,0.10810385,0.15829041,MISW,AEO2026 High Economic Growth
p76,2035,0.20226637,0.14826430999999998,0.10941936999999999,0.16016607,MISW,AEO2026 High Economic Growth
p76,2036,0.20440258,0.14917685,0.11063698999999999,0.16138079000000002,MISW,AEO2026 High Economic Growth
p76,2037,0.20722219,0.15063631,0.11229718,0.16307716,MISW,AEO2026 High Economic Growth
p76,2038,0.21040915999999998,0.15251136,0.11410906999999999,0.16517584,MISW,AEO2026 High Economic Growth
p76,2039,0.21576754,0.15576207,0.11776953000000001,0.16861088,MISW,AEO2026 High Economic Growth
p76,2040,0.22041187,0.15897035,0.12019525,0.17222539999999997,MISW,AEO2026 High Economic Growth
p76,2041,0.22353382,0.1607233,0.12181417,0.17406223,MISW,AEO2026 High Economic Growth
p76,2042,0.2277738,0.16343889,0.12417999,0.17688797,MISW,AEO2026 High Economic Growth
p76,2043,0.2314134,0.16591598999999999,0.12589622,0.17949589,MISW,AEO2026 High Economic Growth
p76,2044,0.23442743,0.16781569000000002,0.12727233999999998,0.18137217,MISW,AEO2026 High Economic Growth
p76,2045,0.23793424999999999,0.16998217000000002,0.12888855,0.18355015000000002,MISW,AEO2026 High Economic Growth
p76,2046,0.24152498,0.17224937,0.13058331,0.18584827,MISW,AEO2026 High Economic Growth
p76,2047,0.24490511,0.17434729000000002,0.1321505,0.18789166999999998,MISW,AEO2026 High Economic Growth
p76,2048,0.24831738,0.17645754,0.13376758,0.18992132,MISW,AEO2026 High Economic Growth
p76,2049,0.25189774,0.17879304999999998,0.13542656,0.19218744000000001,MISW,AEO2026 High Economic Growth
p76,2050,0.25540918,0.18105091,0.13702437,0.19438015,MISW,AEO2026 High Economic Growth
p77,2014,0.16248287,0.12197010999999999,0.08588733,0.13089389,MISW,AEO2026 High Economic Growth
p77,2015,0.16248287,0.12197010999999999,0.08588733,0.13089389,MISW,AEO2026 High Economic Growth
p77,2016,0.16248287,0.12197010999999999,0.08588733,0.13089389,MISW,AEO2026 High Economic Growth
p77,2017,0.16248287,0.12197010999999999,0.08588733,0.13089389,MISW,AEO2026 High Economic Growth
p77,2018,0.16248287,0.12197010999999999,0.08588733,0.13089389,MISW,AEO2026 High Economic Growth
p77,2019,0.16248287,0.12197010999999999,0.08588733,0.13089389,MISW,AEO2026 High Economic Growth
p77,2020,0.16248287,0.12197010999999999,0.08588733,0.13089389,MISW,AEO2026 High Economic Growth
p77,2021,0.16248287,0.12197010999999999,0.08588733,0.13089389,MISW,AEO2026 High Economic Growth
p77,2022,0.16248287,0.12197010999999999,0.08588733,0.13089389,MISW,AEO2026 High Economic Growth
p77,2023,0.16248287,0.12197010999999999,0.08588733,0.13089389,MISW,AEO2026 High Economic Growth
p77,2024,0.16248287,0.12197010999999999,0.08588733,0.13089389,MISW,AEO2026 High Economic Growth
p77,2025,0.16248287,0.12197010999999999,0.08588733,0.13089389,MISW,AEO2026 High Economic Growth
p77,2026,0.16766201,0.12477067,0.08868482,0.13479905,MISW,AEO2026 High Economic Growth
p77,2027,0.16287548000000002,0.12083496,0.08317901000000001,0.1305242,MISW,AEO2026 High Economic Growth
p77,2028,0.16024588,0.11817952,0.08181023,0.12698872,MISW,AEO2026 High Economic Growth
p77,2029,0.16351196,0.1208651,0.08380258,0.1294595,MISW,AEO2026 High Economic Growth
p77,2030,0.16909843,0.12505867,0.08756831,0.13370493,MISW,AEO2026 High Economic Growth
p77,2031,0.17573256,0.13013453,0.091877,0.13916435,MISW,AEO2026 High Economic Growth
p77,2032,0.18756071,0.13801392999999998,0.10104946999999999,0.14759421,MISW,AEO2026 High Economic Growth
p77,2033,0.19642498,0.14503287,0.10599674,0.15590479999999998,MISW,AEO2026 High Economic Growth
p77,2034,0.19978474,0.14690134,0.10810385,0.15829041,MISW,AEO2026 High Economic Growth
p77,2035,0.20226637,0.14826430999999998,0.10941936999999999,0.16016607,MISW,AEO2026 High Economic Growth
p77,2036,0.20440258,0.14917685,0.11063698999999999,0.16138079000000002,MISW,AEO2026 High Economic Growth
p77,2037,0.20722219,0.15063631,0.11229718,0.16307716,MISW,AEO2026 High Economic Growth
p77,2038,0.21040915999999998,0.15251136,0.11410906999999999,0.16517584,MISW,AEO2026 High Economic Growth
p77,2039,0.21576754,0.15576207,0.11776953000000001,0.16861088,MISW,AEO2026 High Economic Growth
p77,2040,0.22041187,0.15897035,0.12019525,0.17222539999999997,MISW,AEO2026 High Economic Growth
p77,2041,0.22353382,0.1607233,0.12181417,0.17406223,MISW,AEO2026 High Economic Growth
p77,2042,0.2277738,0.16343889,0.12417999,0.17688797,MISW,AEO2026 High Economic Growth
p77,2043,0.2314134,0.16591598999999999,0.12589622,0.17949589,MISW,AEO2026 High Economic Growth
p77,2044,0.23442743,0.16781569000000002,0.12727233999999998,0.18137217,MISW,AEO2026 High Economic Growth
p77,2045,0.23793424999999999,0.16998217000000002,0.12888855,0.18355015000000002,MISW,AEO2026 High Economic Growth
p77,2046,0.24152498,0.17224937,0.13058331,0.18584827,MISW,AEO2026 High Economic Growth
p77,2047,0.24490511,0.17434729000000002,0.1321505,0.18789166999999998,MISW,AEO2026 High Economic Growth
p77,2048,0.24831738,0.17645754,0.13376758,0.18992132,MISW,AEO2026 High Economic Growth
p77,2049,0.25189774,0.17879304999999998,0.13542656,0.19218744000000001,MISW,AEO2026 High Economic Growth
p77,2050,0.25540918,0.18105091,0.13702437,0.19438015,MISW,AEO2026 High Economic Growth
p78,2014,0.16248287,0.12197010999999999,0.08588733,0.13089389,MISW,AEO2026 High Economic Growth
p78,2015,0.16248287,0.12197010999999999,0.08588733,0.13089389,MISW,AEO2026 High Economic Growth
p78,2016,0.16248287,0.12197010999999999,0.08588733,0.13089389,MISW,AEO2026 High Economic Growth
p78,2017,0.16248287,0.12197010999999999,0.08588733,0.13089389,MISW,AEO2026 High Economic Growth
p78,2018,0.16248287,0.12197010999999999,0.08588733,0.13089389,MISW,AEO2026 High Economic Growth
p78,2019,0.16248287,0.12197010999999999,0.08588733,0.13089389,MISW,AEO2026 High Economic Growth
p78,2020,0.16248287,0.12197010999999999,0.08588733,0.13089389,MISW,AEO2026 High Economic Growth
p78,2021,0.16248287,0.12197010999999999,0.08588733,0.13089389,MISW,AEO2026 High Economic Growth
p78,2022,0.16248287,0.12197010999999999,0.08588733,0.13089389,MISW,AEO2026 High Economic Growth
p78,2023,0.16248287,0.12197010999999999,0.08588733,0.13089389,MISW,AEO2026 High Economic Growth
p78,2024,0.16248287,0.12197010999999999,0.08588733,0.13089389,MISW,AEO2026 High Economic Growth
p78,2025,0.16248287,0.12197010999999999,0.08588733,0.13089389,MISW,AEO2026 High Economic Growth
p78,2026,0.16766201,0.12477067,0.08868482,0.13479905,MISW,AEO2026 High Economic Growth
p78,2027,0.16287548000000002,0.12083496,0.08317901000000001,0.1305242,MISW,AEO2026 High Economic Growth
p78,2028,0.16024588,0.11817952,0.08181023,0.12698872,MISW,AEO2026 High Economic Growth
p78,2029,0.16351196,0.1208651,0.08380258,0.1294595,MISW,AEO2026 High Economic Growth
p78,2030,0.16909843,0.12505867,0.08756831,0.13370493,MISW,AEO2026 High Economic Growth
p78,2031,0.17573256,0.13013453,0.091877,0.13916435,MISW,AEO2026 High Economic Growth
p78,2032,0.18756071,0.13801392999999998,0.10104946999999999,0.14759421,MISW,AEO2026 High Economic Growth
p78,2033,0.19642498,0.14503287,0.10599674,0.15590479999999998,MISW,AEO2026 High Economic Growth
p78,2034,0.19978474,0.14690134,0.10810385,0.15829041,MISW,AEO2026 High Economic Growth
p78,2035,0.20226637,0.14826430999999998,0.10941936999999999,0.16016607,MISW,AEO2026 High Economic Growth
p78,2036,0.20440258,0.14917685,0.11063698999999999,0.16138079000000002,MISW,AEO2026 High Economic Growth
p78,2037,0.20722219,0.15063631,0.11229718,0.16307716,MISW,AEO2026 High Economic Growth
p78,2038,0.21040915999999998,0.15251136,0.11410906999999999,0.16517584,MISW,AEO2026 High Economic Growth
p78,2039,0.21576754,0.15576207,0.11776953000000001,0.16861088,MISW,AEO2026 High Economic Growth
p78,2040,0.22041187,0.15897035,0.12019525,0.17222539999999997,MISW,AEO2026 High Economic Growth
p78,2041,0.22353382,0.1607233,0.12181417,0.17406223,MISW,AEO2026 High Economic Growth
p78,2042,0.2277738,0.16343889,0.12417999,0.17688797,MISW,AEO2026 High Economic Growth
p78,2043,0.2314134,0.16591598999999999,0.12589622,0.17949589,MISW,AEO2026 High Economic Growth
p78,2044,0.23442743,0.16781569000000002,0.12727233999999998,0.18137217,MISW,AEO2026 High Economic Growth
p78,2045,0.23793424999999999,0.16998217000000002,0.12888855,0.18355015000000002,MISW,AEO2026 High Economic Growth
p78,2046,0.24152498,0.17224937,0.13058331,0.18584827,MISW,AEO2026 High Economic Growth
p78,2047,0.24490511,0.17434729000000002,0.1321505,0.18789166999999998,MISW,AEO2026 High Economic Growth
p78,2048,0.24831738,0.17645754,0.13376758,0.18992132,MISW,AEO2026 High Economic Growth
p78,2049,0.25189774,0.17879304999999998,0.13542656,0.19218744000000001,MISW,AEO2026 High Economic Growth
p78,2050,0.25540918,0.18105091,0.13702437,0.19438015,MISW,AEO2026 High Economic Growth
p79,2014,0.16248287,0.12197010999999999,0.08588733,0.13089389,MISW,AEO2026 High Economic Growth
p79,2015,0.16248287,0.12197010999999999,0.08588733,0.13089389,MISW,AEO2026 High Economic Growth
p79,2016,0.16248287,0.12197010999999999,0.08588733,0.13089389,MISW,AEO2026 High Economic Growth
p79,2017,0.16248287,0.12197010999999999,0.08588733,0.13089389,MISW,AEO2026 High Economic Growth
p79,2018,0.16248287,0.12197010999999999,0.08588733,0.13089389,MISW,AEO2026 High Economic Growth
p79,2019,0.16248287,0.12197010999999999,0.08588733,0.13089389,MISW,AEO2026 High Economic Growth
p79,2020,0.16248287,0.12197010999999999,0.08588733,0.13089389,MISW,AEO2026 High Economic Growth
p79,2021,0.16248287,0.12197010999999999,0.08588733,0.13089389,MISW,AEO2026 High Economic Growth
p79,2022,0.16248287,0.12197010999999999,0.08588733,0.13089389,MISW,AEO2026 High Economic Growth
p79,2023,0.16248287,0.12197010999999999,0.08588733,0.13089389,MISW,AEO2026 High Economic Growth
p79,2024,0.16248287,0.12197010999999999,0.08588733,0.13089389,MISW,AEO2026 High Economic Growth
p79,2025,0.16248287,0.12197010999999999,0.08588733,0.13089389,MISW,AEO2026 High Economic Growth
p79,2026,0.16766201,0.12477067,0.08868482,0.13479905,MISW,AEO2026 High Economic Growth
p79,2027,0.16287548000000002,0.12083496,0.08317901000000001,0.1305242,MISW,AEO2026 High Economic Growth
p79,2028,0.16024588,0.11817952,0.08181023,0.12698872,MISW,AEO2026 High Economic Growth
p79,2029,0.16351196,0.1208651,0.08380258,0.1294595,MISW,AEO2026 High Economic Growth
p79,2030,0.16909843,0.12505867,0.08756831,0.13370493,MISW,AEO2026 High Economic Growth
p79,2031,0.17573256,0.13013453,0.091877,0.13916435,MISW,AEO2026 High Economic Growth
p79,2032,0.18756071,0.13801392999999998,0.10104946999999999,0.14759421,MISW,AEO2026 High Economic Growth
p79,2033,0.19642498,0.14503287,0.10599674,0.15590479999999998,MISW,AEO2026 High Economic Growth
p79,2034,0.19978474,0.14690134,0.10810385,0.15829041,MISW,AEO2026 High Economic Growth
p79,2035,0.20226637,0.14826430999999998,0.10941936999999999,0.16016607,MISW,AEO2026 High Economic Growth
p79,2036,0.20440258,0.14917685,0.11063698999999999,0.16138079000000002,MISW,AEO2026 High Economic Growth
p79,2037,0.20722219,0.15063631,0.11229718,0.16307716,MISW,AEO2026 High Economic Growth
p79,2038,0.21040915999999998,0.15251136,0.11410906999999999,0.16517584,MISW,AEO2026 High Economic Growth
p79,2039,0.21576754,0.15576207,0.11776953000000001,0.16861088,MISW,AEO2026 High Economic Growth
p79,2040,0.22041187,0.15897035,0.12019525,0.17222539999999997,MISW,AEO2026 High Economic Growth
p79,2041,0.22353382,0.1607233,0.12181417,0.17406223,MISW,AEO2026 High Economic Growth
p79,2042,0.2277738,0.16343889,0.12417999,0.17688797,MISW,AEO2026 High Economic Growth
p79,2043,0.2314134,0.16591598999999999,0.12589622,0.17949589,MISW,AEO2026 High Economic Growth
p79,2044,0.23442743,0.16781569000000002,0.12727233999999998,0.18137217,MISW,AEO2026 High Economic Growth
p79,2045,0.23793424999999999,0.16998217000000002,0.12888855,0.18355015000000002,MISW,AEO2026 High Economic Growth
p79,2046,0.24152498,0.17224937,0.13058331,0.18584827,MISW,AEO2026 High Economic Growth
p79,2047,0.24490511,0.17434729000000002,0.1321505,0.18789166999999998,MISW,AEO2026 High Economic Growth
p79,2048,0.24831738,0.17645754,0.13376758,0.18992132,MISW,AEO2026 High Economic Growth
p79,2049,0.25189774,0.17879304999999998,0.13542656,0.19218744000000001,MISW,AEO2026 High Economic Growth
p79,2050,0.25540918,0.18105091,0.13702437,0.19438015,MISW,AEO2026 High Economic Growth
p80,2014,0.14189527999999998,0.11895042,0.09871503000000001,0.11426834,PJMC,AEO2026 High Economic Growth
p80,2015,0.14189527999999998,0.11895042,0.09871503000000001,0.11426834,PJMC,AEO2026 High Economic Growth
p80,2016,0.14189527999999998,0.11895042,0.09871503000000001,0.11426834,PJMC,AEO2026 High Economic Growth
p80,2017,0.14189527999999998,0.11895042,0.09871503000000001,0.11426834,PJMC,AEO2026 High Economic Growth
p80,2018,0.14189527999999998,0.11895042,0.09871503000000001,0.11426834,PJMC,AEO2026 High Economic Growth
p80,2019,0.14189527999999998,0.11895042,0.09871503000000001,0.11426834,PJMC,AEO2026 High Economic Growth
p80,2020,0.14189527999999998,0.11895042,0.09871503000000001,0.11426834,PJMC,AEO2026 High Economic Growth
p80,2021,0.14189527999999998,0.11895042,0.09871503000000001,0.11426834,PJMC,AEO2026 High Economic Growth
p80,2022,0.14189527999999998,0.11895042,0.09871503000000001,0.11426834,PJMC,AEO2026 High Economic Growth
p80,2023,0.14189527999999998,0.11895042,0.09871503000000001,0.11426834,PJMC,AEO2026 High Economic Growth
p80,2024,0.14189527999999998,0.11895042,0.09871503000000001,0.11426834,PJMC,AEO2026 High Economic Growth
p80,2025,0.14189527999999998,0.11895042,0.09871503000000001,0.11426834,PJMC,AEO2026 High Economic Growth
p80,2026,0.1454222,0.11966305,0.1000988,0.11634729999999999,PJMC,AEO2026 High Economic Growth
p80,2027,0.15366452,0.12999181,0.10619582,0.12345695,PJMC,AEO2026 High Economic Growth
p80,2028,0.15179111,0.12773600999999998,0.10307392,0.12101329,PJMC,AEO2026 High Economic Growth
p80,2029,0.15472555,0.13014475,0.10513141,0.12357141,PJMC,AEO2026 High Economic Growth
p80,2030,0.16919661000000003,0.14568683,0.11723065,0.13690754,PJMC,AEO2026 High Economic Growth
p80,2031,0.18621809,0.16488359,0.13158656999999999,0.15275779,PJMC,AEO2026 High Economic Growth
p80,2032,0.18488062,0.16019972,0.13015072,0.15212601,PJMC,AEO2026 High Economic Growth
p80,2033,0.19167957000000002,0.16685455000000002,0.13579302000000001,0.15862155,PJMC,AEO2026 High Economic Growth
p80,2034,0.19046202,0.16503925,0.13350665,0.15708641,PJMC,AEO2026 High Economic Growth
p80,2035,0.18994118000000002,0.16397736,0.13182066,0.1561025,PJMC,AEO2026 High Economic Growth
p80,2036,0.19089897,0.16364178,0.13144058,0.15568611000000002,PJMC,AEO2026 High Economic Growth
p80,2037,0.194585,0.16710567,0.13386036,0.15878605,PJMC,AEO2026 High Economic Growth
p80,2038,0.20816463,0.18242750000000002,0.14519144,0.1712768,PJMC,AEO2026 High Economic Growth
p80,2039,0.20342787,0.17541174,0.14052607,0.16658451,PJMC,AEO2026 High Economic Growth
p80,2040,0.20659082,0.17818252999999998,0.14254942,0.16919823,PJMC,AEO2026 High Economic Growth
p80,2041,0.21019358,0.18121929,0.14488399,0.17221027,PJMC,AEO2026 High Economic Growth
p80,2042,0.21492785,0.18543509,0.14823461999999998,0.17624931,PJMC,AEO2026 High Economic Growth
p80,2043,0.22004028,0.19011735999999999,0.15192434,0.18060469,PJMC,AEO2026 High Economic Growth
p80,2044,0.22487492,0.19455774,0.15523623,0.18464629999999999,PJMC,AEO2026 High Economic Growth
p80,2045,0.22903673000000002,0.19814678,0.15770776,0.18783073000000003,PJMC,AEO2026 High Economic Growth
p80,2046,0.23328171,0.2017457,0.16028641,0.19117435,PJMC,AEO2026 High Economic Growth
p80,2047,0.23788495999999998,0.20586451,0.16321543,0.19488565000000002,PJMC,AEO2026 High Economic Growth
p80,2048,0.24204084,0.20951709999999998,0.16569639,0.19814765999999998,PJMC,AEO2026 High Economic Growth
p80,2049,0.24632120000000002,0.21304151999999998,0.16808485,0.20129114,PJMC,AEO2026 High Economic Growth
p80,2050,0.25064838,0.21656203999999998,0.17032436,0.20429715999999998,PJMC,AEO2026 High Economic Growth
p81,2014,0.15189117,0.12020945,0.08829481,0.12673842000000002,MISC,AEO2026 High Economic Growth
p81,2015,0.15189117,0.12020945,0.08829481,0.12673842000000002,MISC,AEO2026 High Economic Growth
p81,2016,0.15189117,0.12020945,0.08829481,0.12673842000000002,MISC,AEO2026 High Economic Growth
p81,2017,0.15189117,0.12020945,0.08829481,0.12673842000000002,MISC,AEO2026 High Economic Growth
p81,2018,0.15189117,0.12020945,0.08829481,0.12673842000000002,MISC,AEO2026 High Economic Growth
p81,2019,0.15189117,0.12020945,0.08829481,0.12673842000000002,MISC,AEO2026 High Economic Growth
p81,2020,0.15189117,0.12020945,0.08829481,0.12673842000000002,MISC,AEO2026 High Economic Growth
p81,2021,0.15189117,0.12020945,0.08829481,0.12673842000000002,MISC,AEO2026 High Economic Growth
p81,2022,0.15189117,0.12020945,0.08829481,0.12673842000000002,MISC,AEO2026 High Economic Growth
p81,2023,0.15189117,0.12020945,0.08829481,0.12673842000000002,MISC,AEO2026 High Economic Growth
p81,2024,0.15189117,0.12020945,0.08829481,0.12673842000000002,MISC,AEO2026 High Economic Growth
p81,2025,0.15189117,0.12020945,0.08829481,0.12673842000000002,MISC,AEO2026 High Economic Growth
p81,2026,0.15516932,0.12183301,0.08987456999999999,0.12937680000000001,MISC,AEO2026 High Economic Growth
p81,2027,0.15315029,0.12103469,0.08772724,0.12799592,MISC,AEO2026 High Economic Growth
p81,2028,0.15074898,0.11911167,0.08631304999999999,0.12535332999999999,MISC,AEO2026 High Economic Growth
p81,2029,0.1544604,0.12267241999999999,0.08908459,0.12865182,MISC,AEO2026 High Economic Growth
p81,2030,0.16067658999999998,0.12847483,0.09352385999999999,0.1346192,MISC,AEO2026 High Economic Growth
p81,2031,0.16669758,0.13510427,0.09770262,0.14113475,MISC,AEO2026 High Economic Growth
p81,2032,0.16969069,0.13690461,0.09998233000000001,0.14349318,MISC,AEO2026 High Economic Growth
p81,2033,0.17251259000000002,0.13926003,0.10187897,0.14695954,MISC,AEO2026 High Economic Growth
p81,2034,0.17427423,0.14072559,0.10314479,0.14844209,MISC,AEO2026 High Economic Growth
p81,2035,0.17639322,0.14235801,0.10452447,0.15025958,MISC,AEO2026 High Economic Growth
p81,2036,0.17974714,0.14473773,0.10671638,0.15281541,MISC,AEO2026 High Economic Growth
p81,2037,0.18314888,0.14762154,0.10902607,0.15592165,MISC,AEO2026 High Economic Growth
p81,2038,0.18800515999999998,0.15250555999999998,0.1127853,0.16038136000000003,MISC,AEO2026 High Economic Growth
p81,2039,0.19056668999999998,0.15360419,0.11446735999999999,0.1619232,MISC,AEO2026 High Economic Growth
p81,2040,0.19505516,0.15734892,0.11722041000000001,0.16598516,MISC,AEO2026 High Economic Growth
p81,2041,0.19814444,0.15983594,0.11901373,0.16862422999999999,MISC,AEO2026 High Economic Growth
p81,2042,0.20176182,0.16251253,0.12134653000000001,0.17123481999999998,MISC,AEO2026 High Economic Growth
p81,2043,0.20946169,0.16855993000000002,0.12679155,0.1770591,MISC,AEO2026 High Economic Growth
p81,2044,0.21596764000000002,0.17432602,0.13070909,0.18327142999999999,MISC,AEO2026 High Economic Growth
p81,2045,0.21895876,0.17680923,0.13231579999999998,0.18577864000000002,MISC,AEO2026 High Economic Growth
p81,2046,0.22177595,0.17899252000000002,0.13395125,0.18783245,MISC,AEO2026 High Economic Growth
p81,2047,0.22496666,0.18170352999999997,0.13573503,0.19060538999999999,MISC,AEO2026 High Economic Growth
p81,2048,0.22793459,0.18416350999999997,0.1374268,0.19296713000000001,MISC,AEO2026 High Economic Growth
p81,2049,0.23097176,0.18668039,0.13913876,0.19538181000000002,MISC,AEO2026 High Economic Growth
p81,2050,0.23415524000000001,0.18911688000000001,0.14072646,0.19768307,MISC,AEO2026 High Economic Growth
p82,2014,0.15189117,0.12020945,0.08829481,0.12673842000000002,MISC,AEO2026 High Economic Growth
p82,2015,0.15189117,0.12020945,0.08829481,0.12673842000000002,MISC,AEO2026 High Economic Growth
p82,2016,0.15189117,0.12020945,0.08829481,0.12673842000000002,MISC,AEO2026 High Economic Growth
p82,2017,0.15189117,0.12020945,0.08829481,0.12673842000000002,MISC,AEO2026 High Economic Growth
p82,2018,0.15189117,0.12020945,0.08829481,0.12673842000000002,MISC,AEO2026 High Economic Growth
p82,2019,0.15189117,0.12020945,0.08829481,0.12673842000000002,MISC,AEO2026 High Economic Growth
p82,2020,0.15189117,0.12020945,0.08829481,0.12673842000000002,MISC,AEO2026 High Economic Growth
p82,2021,0.15189117,0.12020945,0.08829481,0.12673842000000002,MISC,AEO2026 High Economic Growth
p82,2022,0.15189117,0.12020945,0.08829481,0.12673842000000002,MISC,AEO2026 High Economic Growth
p82,2023,0.15189117,0.12020945,0.08829481,0.12673842000000002,MISC,AEO2026 High Economic Growth
p82,2024,0.15189117,0.12020945,0.08829481,0.12673842000000002,MISC,AEO2026 High Economic Growth
p82,2025,0.15189117,0.12020945,0.08829481,0.12673842000000002,MISC,AEO2026 High Economic Growth
p82,2026,0.15516932,0.12183301,0.08987456999999999,0.12937680000000001,MISC,AEO2026 High Economic Growth
p82,2027,0.15315029,0.12103469,0.08772724,0.12799592,MISC,AEO2026 High Economic Growth
p82,2028,0.15074898,0.11911167,0.08631304999999999,0.12535332999999999,MISC,AEO2026 High Economic Growth
p82,2029,0.1544604,0.12267241999999999,0.08908459,0.12865182,MISC,AEO2026 High Economic Growth
p82,2030,0.16067658999999998,0.12847483,0.09352385999999999,0.1346192,MISC,AEO2026 High Economic Growth
p82,2031,0.16669758,0.13510427,0.09770262,0.14113475,MISC,AEO2026 High Economic Growth
p82,2032,0.16969069,0.13690461,0.09998233000000001,0.14349318,MISC,AEO2026 High Economic Growth
p82,2033,0.17251259000000002,0.13926003,0.10187897,0.14695954,MISC,AEO2026 High Economic Growth
p82,2034,0.17427423,0.14072559,0.10314479,0.14844209,MISC,AEO2026 High Economic Growth
p82,2035,0.17639322,0.14235801,0.10452447,0.15025958,MISC,AEO2026 High Economic Growth
p82,2036,0.17974714,0.14473773,0.10671638,0.15281541,MISC,AEO2026 High Economic Growth
p82,2037,0.18314888,0.14762154,0.10902607,0.15592165,MISC,AEO2026 High Economic Growth
p82,2038,0.18800515999999998,0.15250555999999998,0.1127853,0.16038136000000003,MISC,AEO2026 High Economic Growth
p82,2039,0.19056668999999998,0.15360419,0.11446735999999999,0.1619232,MISC,AEO2026 High Economic Growth
p82,2040,0.19505516,0.15734892,0.11722041000000001,0.16598516,MISC,AEO2026 High Economic Growth
p82,2041,0.19814444,0.15983594,0.11901373,0.16862422999999999,MISC,AEO2026 High Economic Growth
p82,2042,0.20176182,0.16251253,0.12134653000000001,0.17123481999999998,MISC,AEO2026 High Economic Growth
p82,2043,0.20946169,0.16855993000000002,0.12679155,0.1770591,MISC,AEO2026 High Economic Growth
p82,2044,0.21596764000000002,0.17432602,0.13070909,0.18327142999999999,MISC,AEO2026 High Economic Growth
p82,2045,0.21895876,0.17680923,0.13231579999999998,0.18577864000000002,MISC,AEO2026 High Economic Growth
p82,2046,0.22177595,0.17899252000000002,0.13395125,0.18783245,MISC,AEO2026 High Economic Growth
p82,2047,0.22496666,0.18170352999999997,0.13573503,0.19060538999999999,MISC,AEO2026 High Economic Growth
p82,2048,0.22793459,0.18416350999999997,0.1374268,0.19296713000000001,MISC,AEO2026 High Economic Growth
p82,2049,0.23097176,0.18668039,0.13913876,0.19538181000000002,MISC,AEO2026 High Economic Growth
p82,2050,0.23415524000000001,0.18911688000000001,0.14072646,0.19768307,MISC,AEO2026 High Economic Growth
p83,2014,0.15189117,0.12020945,0.08829481,0.12673842000000002,MISC,AEO2026 High Economic Growth
p83,2015,0.15189117,0.12020945,0.08829481,0.12673842000000002,MISC,AEO2026 High Economic Growth
p83,2016,0.15189117,0.12020945,0.08829481,0.12673842000000002,MISC,AEO2026 High Economic Growth
p83,2017,0.15189117,0.12020945,0.08829481,0.12673842000000002,MISC,AEO2026 High Economic Growth
p83,2018,0.15189117,0.12020945,0.08829481,0.12673842000000002,MISC,AEO2026 High Economic Growth
p83,2019,0.15189117,0.12020945,0.08829481,0.12673842000000002,MISC,AEO2026 High Economic Growth
p83,2020,0.15189117,0.12020945,0.08829481,0.12673842000000002,MISC,AEO2026 High Economic Growth
p83,2021,0.15189117,0.12020945,0.08829481,0.12673842000000002,MISC,AEO2026 High Economic Growth
p83,2022,0.15189117,0.12020945,0.08829481,0.12673842000000002,MISC,AEO2026 High Economic Growth
p83,2023,0.15189117,0.12020945,0.08829481,0.12673842000000002,MISC,AEO2026 High Economic Growth
p83,2024,0.15189117,0.12020945,0.08829481,0.12673842000000002,MISC,AEO2026 High Economic Growth
p83,2025,0.15189117,0.12020945,0.08829481,0.12673842000000002,MISC,AEO2026 High Economic Growth
p83,2026,0.15516932,0.12183301,0.08987456999999999,0.12937680000000001,MISC,AEO2026 High Economic Growth
p83,2027,0.15315029,0.12103469,0.08772724,0.12799592,MISC,AEO2026 High Economic Growth
p83,2028,0.15074898,0.11911167,0.08631304999999999,0.12535332999999999,MISC,AEO2026 High Economic Growth
p83,2029,0.1544604,0.12267241999999999,0.08908459,0.12865182,MISC,AEO2026 High Economic Growth
p83,2030,0.16067658999999998,0.12847483,0.09352385999999999,0.1346192,MISC,AEO2026 High Economic Growth
p83,2031,0.16669758,0.13510427,0.09770262,0.14113475,MISC,AEO2026 High Economic Growth
p83,2032,0.16969069,0.13690461,0.09998233000000001,0.14349318,MISC,AEO2026 High Economic Growth
p83,2033,0.17251259000000002,0.13926003,0.10187897,0.14695954,MISC,AEO2026 High Economic Growth
p83,2034,0.17427423,0.14072559,0.10314479,0.14844209,MISC,AEO2026 High Economic Growth
p83,2035,0.17639322,0.14235801,0.10452447,0.15025958,MISC,AEO2026 High Economic Growth
p83,2036,0.17974714,0.14473773,0.10671638,0.15281541,MISC,AEO2026 High Economic Growth
p83,2037,0.18314888,0.14762154,0.10902607,0.15592165,MISC,AEO2026 High Economic Growth
p83,2038,0.18800515999999998,0.15250555999999998,0.1127853,0.16038136000000003,MISC,AEO2026 High Economic Growth
p83,2039,0.19056668999999998,0.15360419,0.11446735999999999,0.1619232,MISC,AEO2026 High Economic Growth
p83,2040,0.19505516,0.15734892,0.11722041000000001,0.16598516,MISC,AEO2026 High Economic Growth
p83,2041,0.19814444,0.15983594,0.11901373,0.16862422999999999,MISC,AEO2026 High Economic Growth
p83,2042,0.20176182,0.16251253,0.12134653000000001,0.17123481999999998,MISC,AEO2026 High Economic Growth
p83,2043,0.20946169,0.16855993000000002,0.12679155,0.1770591,MISC,AEO2026 High Economic Growth
p83,2044,0.21596764000000002,0.17432602,0.13070909,0.18327142999999999,MISC,AEO2026 High Economic Growth
p83,2045,0.21895876,0.17680923,0.13231579999999998,0.18577864000000002,MISC,AEO2026 High Economic Growth
p83,2046,0.22177595,0.17899252000000002,0.13395125,0.18783245,MISC,AEO2026 High Economic Growth
p83,2047,0.22496666,0.18170352999999997,0.13573503,0.19060538999999999,MISC,AEO2026 High Economic Growth
p83,2048,0.22793459,0.18416350999999997,0.1374268,0.19296713000000001,MISC,AEO2026 High Economic Growth
p83,2049,0.23097176,0.18668039,0.13913876,0.19538181000000002,MISC,AEO2026 High Economic Growth
p83,2050,0.23415524000000001,0.18911688000000001,0.14072646,0.19768307,MISC,AEO2026 High Economic Growth
p84,2014,0.15189117,0.12020945,0.08829481,0.12673842000000002,MISC,AEO2026 High Economic Growth
p84,2015,0.15189117,0.12020945,0.08829481,0.12673842000000002,MISC,AEO2026 High Economic Growth
p84,2016,0.15189117,0.12020945,0.08829481,0.12673842000000002,MISC,AEO2026 High Economic Growth
p84,2017,0.15189117,0.12020945,0.08829481,0.12673842000000002,MISC,AEO2026 High Economic Growth
p84,2018,0.15189117,0.12020945,0.08829481,0.12673842000000002,MISC,AEO2026 High Economic Growth
p84,2019,0.15189117,0.12020945,0.08829481,0.12673842000000002,MISC,AEO2026 High Economic Growth
p84,2020,0.15189117,0.12020945,0.08829481,0.12673842000000002,MISC,AEO2026 High Economic Growth
p84,2021,0.15189117,0.12020945,0.08829481,0.12673842000000002,MISC,AEO2026 High Economic Growth
p84,2022,0.15189117,0.12020945,0.08829481,0.12673842000000002,MISC,AEO2026 High Economic Growth
p84,2023,0.15189117,0.12020945,0.08829481,0.12673842000000002,MISC,AEO2026 High Economic Growth
p84,2024,0.15189117,0.12020945,0.08829481,0.12673842000000002,MISC,AEO2026 High Economic Growth
p84,2025,0.15189117,0.12020945,0.08829481,0.12673842000000002,MISC,AEO2026 High Economic Growth
p84,2026,0.15516932,0.12183301,0.08987456999999999,0.12937680000000001,MISC,AEO2026 High Economic Growth
p84,2027,0.15315029,0.12103469,0.08772724,0.12799592,MISC,AEO2026 High Economic Growth
p84,2028,0.15074898,0.11911167,0.08631304999999999,0.12535332999999999,MISC,AEO2026 High Economic Growth
p84,2029,0.1544604,0.12267241999999999,0.08908459,0.12865182,MISC,AEO2026 High Economic Growth
p84,2030,0.16067658999999998,0.12847483,0.09352385999999999,0.1346192,MISC,AEO2026 High Economic Growth
p84,2031,0.16669758,0.13510427,0.09770262,0.14113475,MISC,AEO2026 High Economic Growth
p84,2032,0.16969069,0.13690461,0.09998233000000001,0.14349318,MISC,AEO2026 High Economic Growth
p84,2033,0.17251259000000002,0.13926003,0.10187897,0.14695954,MISC,AEO2026 High Economic Growth
p84,2034,0.17427423,0.14072559,0.10314479,0.14844209,MISC,AEO2026 High Economic Growth
p84,2035,0.17639322,0.14235801,0.10452447,0.15025958,MISC,AEO2026 High Economic Growth
p84,2036,0.17974714,0.14473773,0.10671638,0.15281541,MISC,AEO2026 High Economic Growth
p84,2037,0.18314888,0.14762154,0.10902607,0.15592165,MISC,AEO2026 High Economic Growth
p84,2038,0.18800515999999998,0.15250555999999998,0.1127853,0.16038136000000003,MISC,AEO2026 High Economic Growth
p84,2039,0.19056668999999998,0.15360419,0.11446735999999999,0.1619232,MISC,AEO2026 High Economic Growth
p84,2040,0.19505516,0.15734892,0.11722041000000001,0.16598516,MISC,AEO2026 High Economic Growth
p84,2041,0.19814444,0.15983594,0.11901373,0.16862422999999999,MISC,AEO2026 High Economic Growth
p84,2042,0.20176182,0.16251253,0.12134653000000001,0.17123481999999998,MISC,AEO2026 High Economic Growth
p84,2043,0.20946169,0.16855993000000002,0.12679155,0.1770591,MISC,AEO2026 High Economic Growth
p84,2044,0.21596764000000002,0.17432602,0.13070909,0.18327142999999999,MISC,AEO2026 High Economic Growth
p84,2045,0.21895876,0.17680923,0.13231579999999998,0.18577864000000002,MISC,AEO2026 High Economic Growth
p84,2046,0.22177595,0.17899252000000002,0.13395125,0.18783245,MISC,AEO2026 High Economic Growth
p84,2047,0.22496666,0.18170352999999997,0.13573503,0.19060538999999999,MISC,AEO2026 High Economic Growth
p84,2048,0.22793459,0.18416350999999997,0.1374268,0.19296713000000001,MISC,AEO2026 High Economic Growth
p84,2049,0.23097176,0.18668039,0.13913876,0.19538181000000002,MISC,AEO2026 High Economic Growth
p84,2050,0.23415524000000001,0.18911688000000001,0.14072646,0.19768307,MISC,AEO2026 High Economic Growth
p85,2014,0.14975995,0.11733468999999999,0.06913095,0.10841215,MISS,AEO2026 High Economic Growth
p85,2015,0.14975995,0.11733468999999999,0.06913095,0.10841215,MISS,AEO2026 High Economic Growth
p85,2016,0.14975995,0.11733468999999999,0.06913095,0.10841215,MISS,AEO2026 High Economic Growth
p85,2017,0.14975995,0.11733468999999999,0.06913095,0.10841215,MISS,AEO2026 High Economic Growth
p85,2018,0.14975995,0.11733468999999999,0.06913095,0.10841215,MISS,AEO2026 High Economic Growth
p85,2019,0.14975995,0.11733468999999999,0.06913095,0.10841215,MISS,AEO2026 High Economic Growth
p85,2020,0.14975995,0.11733468999999999,0.06913095,0.10841215,MISS,AEO2026 High Economic Growth
p85,2021,0.14975995,0.11733468999999999,0.06913095,0.10841215,MISS,AEO2026 High Economic Growth
p85,2022,0.14975995,0.11733468999999999,0.06913095,0.10841215,MISS,AEO2026 High Economic Growth
p85,2023,0.14975995,0.11733468999999999,0.06913095,0.10841215,MISS,AEO2026 High Economic Growth
p85,2024,0.14975995,0.11733468999999999,0.06913095,0.10841215,MISS,AEO2026 High Economic Growth
p85,2025,0.14975995,0.11733468999999999,0.06913095,0.10841215,MISS,AEO2026 High Economic Growth
p85,2026,0.15141547,0.11685546000000001,0.07055550000000001,0.11067596,MISS,AEO2026 High Economic Growth
p85,2027,0.15054138,0.11398637,0.06780183000000001,0.10875545,MISS,AEO2026 High Economic Growth
p85,2028,0.15056229999999998,0.11451526,0.06836534,0.10875304,MISS,AEO2026 High Economic Growth
p85,2029,0.15557787,0.11931093000000001,0.07169686,0.11295021,MISS,AEO2026 High Economic Growth
p85,2030,0.1629863,0.12628258,0.07677486,0.11922312,MISS,AEO2026 High Economic Growth
p85,2031,0.17108166,0.13357239999999998,0.08199272,0.12615584999999999,MISS,AEO2026 High Economic Growth
p85,2032,0.18127116999999998,0.14374763,0.08990194000000001,0.1351254,MISS,AEO2026 High Economic Growth
p85,2033,0.18896025000000002,0.14939194,0.09324738999999999,0.14164864,MISS,AEO2026 High Economic Growth
p85,2034,0.19027855,0.1500379,0.09362664999999999,0.14253164999999998,MISS,AEO2026 High Economic Growth
p85,2035,0.19083279,0.1504686,0.09408462999999999,0.14295153000000002,MISS,AEO2026 High Economic Growth
p85,2036,0.19161106,0.15124497,0.09489396,0.14351561999999998,MISS,AEO2026 High Economic Growth
p85,2037,0.1947205,0.15376706,0.09663731,0.14606418,MISS,AEO2026 High Economic Growth
p85,2038,0.19846849,0.1569014,0.0988148,0.14917181,MISS,AEO2026 High Economic Growth
p85,2039,0.20295570000000002,0.16084698,0.10154546,0.15295909,MISS,AEO2026 High Economic Growth
p85,2040,0.20687342,0.16369976,0.10321152,0.15608267,MISS,AEO2026 High Economic Growth
p85,2041,0.21017208,0.16649014999999998,0.10511459000000001,0.15870309999999999,MISS,AEO2026 High Economic Growth
p85,2042,0.21379509,0.16930807,0.10680666999999999,0.16159243,MISS,AEO2026 High Economic Growth
p85,2043,0.21682728,0.17170654,0.1082337,0.16394676,MISS,AEO2026 High Economic Growth
p85,2044,0.22021746,0.17437608999999998,0.10978624,0.16660965,MISS,AEO2026 High Economic Growth
p85,2045,0.22518218999999998,0.17876265,0.11284425000000001,0.17051163,MISS,AEO2026 High Economic Growth
p85,2046,0.23117493,0.18395174,0.11626264000000001,0.17541231,MISS,AEO2026 High Economic Growth
p85,2047,0.23678328,0.18852781,0.11916776000000001,0.17996486999999997,MISS,AEO2026 High Economic Growth
p85,2048,0.24184961000000002,0.19282275999999998,0.12194302,0.18396355,MISS,AEO2026 High Economic Growth
p85,2049,0.24686175999999999,0.1970616,0.12457224,0.18794772999999998,MISS,AEO2026 High Economic Growth
p85,2050,0.25122993,0.20054919999999998,0.1266068,0.19130096000000002,MISS,AEO2026 High Economic Growth
p86,2014,0.14975995,0.11733468999999999,0.06913095,0.10841215,MISS,AEO2026 High Economic Growth
p86,2015,0.14975995,0.11733468999999999,0.06913095,0.10841215,MISS,AEO2026 High Economic Growth
p86,2016,0.14975995,0.11733468999999999,0.06913095,0.10841215,MISS,AEO2026 High Economic Growth
p86,2017,0.14975995,0.11733468999999999,0.06913095,0.10841215,MISS,AEO2026 High Economic Growth
p86,2018,0.14975995,0.11733468999999999,0.06913095,0.10841215,MISS,AEO2026 High Economic Growth
p86,2019,0.14975995,0.11733468999999999,0.06913095,0.10841215,MISS,AEO2026 High Economic Growth
p86,2020,0.14975995,0.11733468999999999,0.06913095,0.10841215,MISS,AEO2026 High Economic Growth
p86,2021,0.14975995,0.11733468999999999,0.06913095,0.10841215,MISS,AEO2026 High Economic Growth
p86,2022,0.14975995,0.11733468999999999,0.06913095,0.10841215,MISS,AEO2026 High Economic Growth
p86,2023,0.14975995,0.11733468999999999,0.06913095,0.10841215,MISS,AEO2026 High Economic Growth
p86,2024,0.14975995,0.11733468999999999,0.06913095,0.10841215,MISS,AEO2026 High Economic Growth
p86,2025,0.14975995,0.11733468999999999,0.06913095,0.10841215,MISS,AEO2026 High Economic Growth
p86,2026,0.15141547,0.11685546000000001,0.07055550000000001,0.11067596,MISS,AEO2026 High Economic Growth
p86,2027,0.15054138,0.11398637,0.06780183000000001,0.10875545,MISS,AEO2026 High Economic Growth
p86,2028,0.15056229999999998,0.11451526,0.06836534,0.10875304,MISS,AEO2026 High Economic Growth
p86,2029,0.15557787,0.11931093000000001,0.07169686,0.11295021,MISS,AEO2026 High Economic Growth
p86,2030,0.1629863,0.12628258,0.07677486,0.11922312,MISS,AEO2026 High Economic Growth
p86,2031,0.17108166,0.13357239999999998,0.08199272,0.12615584999999999,MISS,AEO2026 High Economic Growth
p86,2032,0.18127116999999998,0.14374763,0.08990194000000001,0.1351254,MISS,AEO2026 High Economic Growth
p86,2033,0.18896025000000002,0.14939194,0.09324738999999999,0.14164864,MISS,AEO2026 High Economic Growth
p86,2034,0.19027855,0.1500379,0.09362664999999999,0.14253164999999998,MISS,AEO2026 High Economic Growth
p86,2035,0.19083279,0.1504686,0.09408462999999999,0.14295153000000002,MISS,AEO2026 High Economic Growth
p86,2036,0.19161106,0.15124497,0.09489396,0.14351561999999998,MISS,AEO2026 High Economic Growth
p86,2037,0.1947205,0.15376706,0.09663731,0.14606418,MISS,AEO2026 High Economic Growth
p86,2038,0.19846849,0.1569014,0.0988148,0.14917181,MISS,AEO2026 High Economic Growth
p86,2039,0.20295570000000002,0.16084698,0.10154546,0.15295909,MISS,AEO2026 High Economic Growth
p86,2040,0.20687342,0.16369976,0.10321152,0.15608267,MISS,AEO2026 High Economic Growth
p86,2041,0.21017208,0.16649014999999998,0.10511459000000001,0.15870309999999999,MISS,AEO2026 High Economic Growth
p86,2042,0.21379509,0.16930807,0.10680666999999999,0.16159243,MISS,AEO2026 High Economic Growth
p86,2043,0.21682728,0.17170654,0.1082337,0.16394676,MISS,AEO2026 High Economic Growth
p86,2044,0.22021746,0.17437608999999998,0.10978624,0.16660965,MISS,AEO2026 High Economic Growth
p86,2045,0.22518218999999998,0.17876265,0.11284425000000001,0.17051163,MISS,AEO2026 High Economic Growth
p86,2046,0.23117493,0.18395174,0.11626264000000001,0.17541231,MISS,AEO2026 High Economic Growth
p86,2047,0.23678328,0.18852781,0.11916776000000001,0.17996486999999997,MISS,AEO2026 High Economic Growth
p86,2048,0.24184961000000002,0.19282275999999998,0.12194302,0.18396355,MISS,AEO2026 High Economic Growth
p86,2049,0.24686175999999999,0.1970616,0.12457224,0.18794772999999998,MISS,AEO2026 High Economic Growth
p86,2050,0.25122993,0.20054919999999998,0.1266068,0.19130096000000002,MISS,AEO2026 High Economic Growth
p87,2014,0.14975995,0.11733468999999999,0.06913095,0.10841215,MISS,AEO2026 High Economic Growth
p87,2015,0.14975995,0.11733468999999999,0.06913095,0.10841215,MISS,AEO2026 High Economic Growth
p87,2016,0.14975995,0.11733468999999999,0.06913095,0.10841215,MISS,AEO2026 High Economic Growth
p87,2017,0.14975995,0.11733468999999999,0.06913095,0.10841215,MISS,AEO2026 High Economic Growth
p87,2018,0.14975995,0.11733468999999999,0.06913095,0.10841215,MISS,AEO2026 High Economic Growth
p87,2019,0.14975995,0.11733468999999999,0.06913095,0.10841215,MISS,AEO2026 High Economic Growth
p87,2020,0.14975995,0.11733468999999999,0.06913095,0.10841215,MISS,AEO2026 High Economic Growth
p87,2021,0.14975995,0.11733468999999999,0.06913095,0.10841215,MISS,AEO2026 High Economic Growth
p87,2022,0.14975995,0.11733468999999999,0.06913095,0.10841215,MISS,AEO2026 High Economic Growth
p87,2023,0.14975995,0.11733468999999999,0.06913095,0.10841215,MISS,AEO2026 High Economic Growth
p87,2024,0.14975995,0.11733468999999999,0.06913095,0.10841215,MISS,AEO2026 High Economic Growth
p87,2025,0.14975995,0.11733468999999999,0.06913095,0.10841215,MISS,AEO2026 High Economic Growth
p87,2026,0.15141547,0.11685546000000001,0.07055550000000001,0.11067596,MISS,AEO2026 High Economic Growth
p87,2027,0.15054138,0.11398637,0.06780183000000001,0.10875545,MISS,AEO2026 High Economic Growth
p87,2028,0.15056229999999998,0.11451526,0.06836534,0.10875304,MISS,AEO2026 High Economic Growth
p87,2029,0.15557787,0.11931093000000001,0.07169686,0.11295021,MISS,AEO2026 High Economic Growth
p87,2030,0.1629863,0.12628258,0.07677486,0.11922312,MISS,AEO2026 High Economic Growth
p87,2031,0.17108166,0.13357239999999998,0.08199272,0.12615584999999999,MISS,AEO2026 High Economic Growth
p87,2032,0.18127116999999998,0.14374763,0.08990194000000001,0.1351254,MISS,AEO2026 High Economic Growth
p87,2033,0.18896025000000002,0.14939194,0.09324738999999999,0.14164864,MISS,AEO2026 High Economic Growth
p87,2034,0.19027855,0.1500379,0.09362664999999999,0.14253164999999998,MISS,AEO2026 High Economic Growth
p87,2035,0.19083279,0.1504686,0.09408462999999999,0.14295153000000002,MISS,AEO2026 High Economic Growth
p87,2036,0.19161106,0.15124497,0.09489396,0.14351561999999998,MISS,AEO2026 High Economic Growth
p87,2037,0.1947205,0.15376706,0.09663731,0.14606418,MISS,AEO2026 High Economic Growth
p87,2038,0.19846849,0.1569014,0.0988148,0.14917181,MISS,AEO2026 High Economic Growth
p87,2039,0.20295570000000002,0.16084698,0.10154546,0.15295909,MISS,AEO2026 High Economic Growth
p87,2040,0.20687342,0.16369976,0.10321152,0.15608267,MISS,AEO2026 High Economic Growth
p87,2041,0.21017208,0.16649014999999998,0.10511459000000001,0.15870309999999999,MISS,AEO2026 High Economic Growth
p87,2042,0.21379509,0.16930807,0.10680666999999999,0.16159243,MISS,AEO2026 High Economic Growth
p87,2043,0.21682728,0.17170654,0.1082337,0.16394676,MISS,AEO2026 High Economic Growth
p87,2044,0.22021746,0.17437608999999998,0.10978624,0.16660965,MISS,AEO2026 High Economic Growth
p87,2045,0.22518218999999998,0.17876265,0.11284425000000001,0.17051163,MISS,AEO2026 High Economic Growth
p87,2046,0.23117493,0.18395174,0.11626264000000001,0.17541231,MISS,AEO2026 High Economic Growth
p87,2047,0.23678328,0.18852781,0.11916776000000001,0.17996486999999997,MISS,AEO2026 High Economic Growth
p87,2048,0.24184961000000002,0.19282275999999998,0.12194302,0.18396355,MISS,AEO2026 High Economic Growth
p87,2049,0.24686175999999999,0.1970616,0.12457224,0.18794772999999998,MISS,AEO2026 High Economic Growth
p87,2050,0.25122993,0.20054919999999998,0.1266068,0.19130096000000002,MISS,AEO2026 High Economic Growth
p88,2014,0.12780803000000002,0.11894054999999999,0.05933984,0.10590442,SRCE,AEO2026 High Economic Growth
p88,2015,0.12780803000000002,0.11894054999999999,0.05933984,0.10590442,SRCE,AEO2026 High Economic Growth
p88,2016,0.12780803000000002,0.11894054999999999,0.05933984,0.10590442,SRCE,AEO2026 High Economic Growth
p88,2017,0.12780803000000002,0.11894054999999999,0.05933984,0.10590442,SRCE,AEO2026 High Economic Growth
p88,2018,0.12780803000000002,0.11894054999999999,0.05933984,0.10590442,SRCE,AEO2026 High Economic Growth
p88,2019,0.12780803000000002,0.11894054999999999,0.05933984,0.10590442,SRCE,AEO2026 High Economic Growth
p88,2020,0.12780803000000002,0.11894054999999999,0.05933984,0.10590442,SRCE,AEO2026 High Economic Growth
p88,2021,0.12780803000000002,0.11894054999999999,0.05933984,0.10590442,SRCE,AEO2026 High Economic Growth
p88,2022,0.12780803000000002,0.11894054999999999,0.05933984,0.10590442,SRCE,AEO2026 High Economic Growth
p88,2023,0.12780803000000002,0.11894054999999999,0.05933984,0.10590442,SRCE,AEO2026 High Economic Growth
p88,2024,0.12780803000000002,0.11894054999999999,0.05933984,0.10590442,SRCE,AEO2026 High Economic Growth
p88,2025,0.12780803000000002,0.11894054999999999,0.05933984,0.10590442,SRCE,AEO2026 High Economic Growth
p88,2026,0.12929715,0.12274879999999999,0.061949899999999995,0.10946167000000001,SRCE,AEO2026 High Economic Growth
p88,2027,0.11910543999999999,0.10869899,0.053037970000000004,0.09805624,SRCE,AEO2026 High Economic Growth
p88,2028,0.11955372,0.10959089000000001,0.05363035,0.09867412,SRCE,AEO2026 High Economic Growth
p88,2029,0.12129212,0.11160956999999999,0.0546911,0.10051666000000001,SRCE,AEO2026 High Economic Growth
p88,2030,0.12648309,0.11750485,0.05852159999999999,0.10567597,SRCE,AEO2026 High Economic Growth
p88,2031,0.13152617,0.12300357999999999,0.06208047,0.11072395,SRCE,AEO2026 High Economic Growth
p88,2032,0.13924765,0.13140661,0.06777301,0.11809492,SRCE,AEO2026 High Economic Growth
p88,2033,0.14156734999999998,0.13343819999999998,0.06918928,0.12053967,SRCE,AEO2026 High Economic Growth
p88,2034,0.14290509,0.13453912,0.07023763,0.12193751000000001,SRCE,AEO2026 High Economic Growth
p88,2035,0.14433984,0.13583809,0.07133046,0.12345389000000001,SRCE,AEO2026 High Economic Growth
p88,2036,0.14633321999999999,0.13785783000000001,0.07306414,0.12534211,SRCE,AEO2026 High Economic Growth
p88,2037,0.14837038,0.13999122,0.0747146,0.12741252,SRCE,AEO2026 High Economic Growth
p88,2038,0.15155368,0.14338635,0.07703429,0.1307438,SRCE,AEO2026 High Economic Growth
p88,2039,0.15724128,0.14993715,0.08153646,0.13636429,SRCE,AEO2026 High Economic Growth
p88,2040,0.16077734,0.15364714,0.08387104000000001,0.13997536,SRCE,AEO2026 High Economic Growth
p88,2041,0.16306435,0.15598127,0.08538065,0.1422637,SRCE,AEO2026 High Economic Growth
p88,2042,0.16538998,0.1584331,0.08690325,0.14456407999999998,SRCE,AEO2026 High Economic Growth
p88,2043,0.16873337,0.16197441,0.08896472,0.14789449,SRCE,AEO2026 High Economic Growth
p88,2044,0.17176428000000002,0.16515137,0.09075507,0.15094556,SRCE,AEO2026 High Economic Growth
p88,2045,0.17455791,0.16793375000000002,0.09264177999999999,0.15324907,SRCE,AEO2026 High Economic Growth
p88,2046,0.17858404,0.17217098,0.09515985,0.15705033000000002,SRCE,AEO2026 High Economic Growth
p88,2047,0.18143538,0.17494993,0.0968174,0.15948596,SRCE,AEO2026 High Economic Growth
p88,2048,0.18511171,0.1779104,0.09851755000000001,0.16204691000000002,SRCE,AEO2026 High Economic Growth
p88,2049,0.19030118999999998,0.18260277,0.10127394,0.16605685999999997,SRCE,AEO2026 High Economic Growth
p88,2050,0.19467243,0.18625719,0.10330192,0.16931158,SRCE,AEO2026 High Economic Growth
p89,2014,0.12780803000000002,0.11894054999999999,0.05933984,0.10590442,SRCE,AEO2026 High Economic Growth
p89,2015,0.12780803000000002,0.11894054999999999,0.05933984,0.10590442,SRCE,AEO2026 High Economic Growth
p89,2016,0.12780803000000002,0.11894054999999999,0.05933984,0.10590442,SRCE,AEO2026 High Economic Growth
p89,2017,0.12780803000000002,0.11894054999999999,0.05933984,0.10590442,SRCE,AEO2026 High Economic Growth
p89,2018,0.12780803000000002,0.11894054999999999,0.05933984,0.10590442,SRCE,AEO2026 High Economic Growth
p89,2019,0.12780803000000002,0.11894054999999999,0.05933984,0.10590442,SRCE,AEO2026 High Economic Growth
p89,2020,0.12780803000000002,0.11894054999999999,0.05933984,0.10590442,SRCE,AEO2026 High Economic Growth
p89,2021,0.12780803000000002,0.11894054999999999,0.05933984,0.10590442,SRCE,AEO2026 High Economic Growth
p89,2022,0.12780803000000002,0.11894054999999999,0.05933984,0.10590442,SRCE,AEO2026 High Economic Growth
p89,2023,0.12780803000000002,0.11894054999999999,0.05933984,0.10590442,SRCE,AEO2026 High Economic Growth
p89,2024,0.12780803000000002,0.11894054999999999,0.05933984,0.10590442,SRCE,AEO2026 High Economic Growth
p89,2025,0.12780803000000002,0.11894054999999999,0.05933984,0.10590442,SRCE,AEO2026 High Economic Growth
p89,2026,0.12929715,0.12274879999999999,0.061949899999999995,0.10946167000000001,SRCE,AEO2026 High Economic Growth
p89,2027,0.11910543999999999,0.10869899,0.053037970000000004,0.09805624,SRCE,AEO2026 High Economic Growth
p89,2028,0.11955372,0.10959089000000001,0.05363035,0.09867412,SRCE,AEO2026 High Economic Growth
p89,2029,0.12129212,0.11160956999999999,0.0546911,0.10051666000000001,SRCE,AEO2026 High Economic Growth
p89,2030,0.12648309,0.11750485,0.05852159999999999,0.10567597,SRCE,AEO2026 High Economic Growth
p89,2031,0.13152617,0.12300357999999999,0.06208047,0.11072395,SRCE,AEO2026 High Economic Growth
p89,2032,0.13924765,0.13140661,0.06777301,0.11809492,SRCE,AEO2026 High Economic Growth
p89,2033,0.14156734999999998,0.13343819999999998,0.06918928,0.12053967,SRCE,AEO2026 High Economic Growth
p89,2034,0.14290509,0.13453912,0.07023763,0.12193751000000001,SRCE,AEO2026 High Economic Growth
p89,2035,0.14433984,0.13583809,0.07133046,0.12345389000000001,SRCE,AEO2026 High Economic Growth
p89,2036,0.14633321999999999,0.13785783000000001,0.07306414,0.12534211,SRCE,AEO2026 High Economic Growth
p89,2037,0.14837038,0.13999122,0.0747146,0.12741252,SRCE,AEO2026 High Economic Growth
p89,2038,0.15155368,0.14338635,0.07703429,0.1307438,SRCE,AEO2026 High Economic Growth
p89,2039,0.15724128,0.14993715,0.08153646,0.13636429,SRCE,AEO2026 High Economic Growth
p89,2040,0.16077734,0.15364714,0.08387104000000001,0.13997536,SRCE,AEO2026 High Economic Growth
p89,2041,0.16306435,0.15598127,0.08538065,0.1422637,SRCE,AEO2026 High Economic Growth
p89,2042,0.16538998,0.1584331,0.08690325,0.14456407999999998,SRCE,AEO2026 High Economic Growth
p89,2043,0.16873337,0.16197441,0.08896472,0.14789449,SRCE,AEO2026 High Economic Growth
p89,2044,0.17176428000000002,0.16515137,0.09075507,0.15094556,SRCE,AEO2026 High Economic Growth
p89,2045,0.17455791,0.16793375000000002,0.09264177999999999,0.15324907,SRCE,AEO2026 High Economic Growth
p89,2046,0.17858404,0.17217098,0.09515985,0.15705033000000002,SRCE,AEO2026 High Economic Growth
p89,2047,0.18143538,0.17494993,0.0968174,0.15948596,SRCE,AEO2026 High Economic Growth
p89,2048,0.18511171,0.1779104,0.09851755000000001,0.16204691000000002,SRCE,AEO2026 High Economic Growth
p89,2049,0.19030118999999998,0.18260277,0.10127394,0.16605685999999997,SRCE,AEO2026 High Economic Growth
p89,2050,0.19467243,0.18625719,0.10330192,0.16931158,SRCE,AEO2026 High Economic Growth
p90,2014,0.15950253,0.12307582,0.08004416,0.12152057,SRSE,AEO2026 High Economic Growth
p90,2015,0.15950253,0.12307582,0.08004416,0.12152057,SRSE,AEO2026 High Economic Growth
p90,2016,0.15950253,0.12307582,0.08004416,0.12152057,SRSE,AEO2026 High Economic Growth
p90,2017,0.15950253,0.12307582,0.08004416,0.12152057,SRSE,AEO2026 High Economic Growth
p90,2018,0.15950253,0.12307582,0.08004416,0.12152057,SRSE,AEO2026 High Economic Growth
p90,2019,0.15950253,0.12307582,0.08004416,0.12152057,SRSE,AEO2026 High Economic Growth
p90,2020,0.15950253,0.12307582,0.08004416,0.12152057,SRSE,AEO2026 High Economic Growth
p90,2021,0.15950253,0.12307582,0.08004416,0.12152057,SRSE,AEO2026 High Economic Growth
p90,2022,0.15950253,0.12307582,0.08004416,0.12152057,SRSE,AEO2026 High Economic Growth
p90,2023,0.15950253,0.12307582,0.08004416,0.12152057,SRSE,AEO2026 High Economic Growth
p90,2024,0.15950253,0.12307582,0.08004416,0.12152057,SRSE,AEO2026 High Economic Growth
p90,2025,0.15950253,0.12307582,0.08004416,0.12152057,SRSE,AEO2026 High Economic Growth
p90,2026,0.16403202,0.13031247,0.0854766,0.12860882,SRSE,AEO2026 High Economic Growth
p90,2027,0.16115942,0.12456371000000001,0.08009200999999999,0.12431006,SRSE,AEO2026 High Economic Growth
p90,2028,0.15944727,0.12416635,0.0807799,0.12291029,SRSE,AEO2026 High Economic Growth
p90,2029,0.1634016,0.12726101,0.08241656000000001,0.12656,SRSE,AEO2026 High Economic Growth
p90,2030,0.16407196,0.1276708,0.08274416000000001,0.12712495000000001,SRSE,AEO2026 High Economic Growth
p90,2031,0.16819138,0.13161962000000002,0.08594268,0.13113497000000002,SRSE,AEO2026 High Economic Growth
p90,2032,0.17264553,0.13595373,0.08961596999999999,0.13551352,SRSE,AEO2026 High Economic Growth
p90,2033,0.17616987,0.13891947999999998,0.09196449,0.13896817,SRSE,AEO2026 High Economic Growth
p90,2034,0.17833075999999998,0.14073375,0.09352126999999999,0.14108863,SRSE,AEO2026 High Economic Growth
p90,2035,0.18042759,0.14259339000000001,0.09511376,0.14315058,SRSE,AEO2026 High Economic Growth
p90,2036,0.18195379,0.14384297000000001,0.0962588,0.14456375,SRSE,AEO2026 High Economic Growth
p90,2037,0.18337959,0.14501276000000002,0.09729254,0.1459003,SRSE,AEO2026 High Economic Growth
p90,2038,0.18553452,0.14690048,0.09895492,0.14778842,SRSE,AEO2026 High Economic Growth
p90,2039,0.1921575,0.15371826,0.10496235999999999,0.15382341,SRSE,AEO2026 High Economic Growth
p90,2040,0.19838924,0.15916035,0.10879549000000001,0.15988033,SRSE,AEO2026 High Economic Growth
p90,2041,0.20145592,0.16167603,0.11059376,0.16267458,SRSE,AEO2026 High Economic Growth
p90,2042,0.20682549000000003,0.16687057,0.11494989,0.16736436999999998,SRSE,AEO2026 High Economic Growth
p90,2043,0.21149061,0.17086639,0.11758931,0.17184515,SRSE,AEO2026 High Economic Growth
p90,2044,0.21422782999999998,0.17309124,0.11909902,0.17421064,SRSE,AEO2026 High Economic Growth
p90,2045,0.21682106,0.17504753,0.12044471,0.17631025,SRSE,AEO2026 High Economic Growth
p90,2046,0.21993084,0.17761595,0.12238792999999999,0.17880674,SRSE,AEO2026 High Economic Growth
p90,2047,0.22386282000000002,0.18101441999999998,0.12494698,0.1821299,SRSE,AEO2026 High Economic Growth
p90,2048,0.22808969,0.18466263000000002,0.12771706,0.18568864999999998,SRSE,AEO2026 High Economic Growth
p90,2049,0.2328056,0.18880085000000002,0.13077381000000002,0.1897579,SRSE,AEO2026 High Economic Growth
p90,2050,0.23671099,0.19201656,0.13295493,0.19317844,SRSE,AEO2026 High Economic Growth
p91,2014,0.15950253,0.12307582,0.08004416,0.12152057,SRSE,AEO2026 High Economic Growth
p91,2015,0.15950253,0.12307582,0.08004416,0.12152057,SRSE,AEO2026 High Economic Growth
p91,2016,0.15950253,0.12307582,0.08004416,0.12152057,SRSE,AEO2026 High Economic Growth
p91,2017,0.15950253,0.12307582,0.08004416,0.12152057,SRSE,AEO2026 High Economic Growth
p91,2018,0.15950253,0.12307582,0.08004416,0.12152057,SRSE,AEO2026 High Economic Growth
p91,2019,0.15950253,0.12307582,0.08004416,0.12152057,SRSE,AEO2026 High Economic Growth
p91,2020,0.15950253,0.12307582,0.08004416,0.12152057,SRSE,AEO2026 High Economic Growth
p91,2021,0.15950253,0.12307582,0.08004416,0.12152057,SRSE,AEO2026 High Economic Growth
p91,2022,0.15950253,0.12307582,0.08004416,0.12152057,SRSE,AEO2026 High Economic Growth
p91,2023,0.15950253,0.12307582,0.08004416,0.12152057,SRSE,AEO2026 High Economic Growth
p91,2024,0.15950253,0.12307582,0.08004416,0.12152057,SRSE,AEO2026 High Economic Growth
p91,2025,0.15950253,0.12307582,0.08004416,0.12152057,SRSE,AEO2026 High Economic Growth
p91,2026,0.16403202,0.13031247,0.0854766,0.12860882,SRSE,AEO2026 High Economic Growth
p91,2027,0.16115942,0.12456371000000001,0.08009200999999999,0.12431006,SRSE,AEO2026 High Economic Growth
p91,2028,0.15944727,0.12416635,0.0807799,0.12291029,SRSE,AEO2026 High Economic Growth
p91,2029,0.1634016,0.12726101,0.08241656000000001,0.12656,SRSE,AEO2026 High Economic Growth
p91,2030,0.16407196,0.1276708,0.08274416000000001,0.12712495000000001,SRSE,AEO2026 High Economic Growth
p91,2031,0.16819138,0.13161962000000002,0.08594268,0.13113497000000002,SRSE,AEO2026 High Economic Growth
p91,2032,0.17264553,0.13595373,0.08961596999999999,0.13551352,SRSE,AEO2026 High Economic Growth
p91,2033,0.17616987,0.13891947999999998,0.09196449,0.13896817,SRSE,AEO2026 High Economic Growth
p91,2034,0.17833075999999998,0.14073375,0.09352126999999999,0.14108863,SRSE,AEO2026 High Economic Growth
p91,2035,0.18042759,0.14259339000000001,0.09511376,0.14315058,SRSE,AEO2026 High Economic Growth
p91,2036,0.18195379,0.14384297000000001,0.0962588,0.14456375,SRSE,AEO2026 High Economic Growth
p91,2037,0.18337959,0.14501276000000002,0.09729254,0.1459003,SRSE,AEO2026 High Economic Growth
p91,2038,0.18553452,0.14690048,0.09895492,0.14778842,SRSE,AEO2026 High Economic Growth
p91,2039,0.1921575,0.15371826,0.10496235999999999,0.15382341,SRSE,AEO2026 High Economic Growth
p91,2040,0.19838924,0.15916035,0.10879549000000001,0.15988033,SRSE,AEO2026 High Economic Growth
p91,2041,0.20145592,0.16167603,0.11059376,0.16267458,SRSE,AEO2026 High Economic Growth
p91,2042,0.20682549000000003,0.16687057,0.11494989,0.16736436999999998,SRSE,AEO2026 High Economic Growth
p91,2043,0.21149061,0.17086639,0.11758931,0.17184515,SRSE,AEO2026 High Economic Growth
p91,2044,0.21422782999999998,0.17309124,0.11909902,0.17421064,SRSE,AEO2026 High Economic Growth
p91,2045,0.21682106,0.17504753,0.12044471,0.17631025,SRSE,AEO2026 High Economic Growth
p91,2046,0.21993084,0.17761595,0.12238792999999999,0.17880674,SRSE,AEO2026 High Economic Growth
p91,2047,0.22386282000000002,0.18101441999999998,0.12494698,0.1821299,SRSE,AEO2026 High Economic Growth
p91,2048,0.22808969,0.18466263000000002,0.12771706,0.18568864999999998,SRSE,AEO2026 High Economic Growth
p91,2049,0.2328056,0.18880085000000002,0.13077381000000002,0.1897579,SRSE,AEO2026 High Economic Growth
p91,2050,0.23671099,0.19201656,0.13295493,0.19317844,SRSE,AEO2026 High Economic Growth
p92,2014,0.12780803000000002,0.11894054999999999,0.05933984,0.10590442,SRCE,AEO2026 High Economic Growth
p92,2015,0.12780803000000002,0.11894054999999999,0.05933984,0.10590442,SRCE,AEO2026 High Economic Growth
p92,2016,0.12780803000000002,0.11894054999999999,0.05933984,0.10590442,SRCE,AEO2026 High Economic Growth
p92,2017,0.12780803000000002,0.11894054999999999,0.05933984,0.10590442,SRCE,AEO2026 High Economic Growth
p92,2018,0.12780803000000002,0.11894054999999999,0.05933984,0.10590442,SRCE,AEO2026 High Economic Growth
p92,2019,0.12780803000000002,0.11894054999999999,0.05933984,0.10590442,SRCE,AEO2026 High Economic Growth
p92,2020,0.12780803000000002,0.11894054999999999,0.05933984,0.10590442,SRCE,AEO2026 High Economic Growth
p92,2021,0.12780803000000002,0.11894054999999999,0.05933984,0.10590442,SRCE,AEO2026 High Economic Growth
p92,2022,0.12780803000000002,0.11894054999999999,0.05933984,0.10590442,SRCE,AEO2026 High Economic Growth
p92,2023,0.12780803000000002,0.11894054999999999,0.05933984,0.10590442,SRCE,AEO2026 High Economic Growth
p92,2024,0.12780803000000002,0.11894054999999999,0.05933984,0.10590442,SRCE,AEO2026 High Economic Growth
p92,2025,0.12780803000000002,0.11894054999999999,0.05933984,0.10590442,SRCE,AEO2026 High Economic Growth
p92,2026,0.12929715,0.12274879999999999,0.061949899999999995,0.10946167000000001,SRCE,AEO2026 High Economic Growth
p92,2027,0.11910543999999999,0.10869899,0.053037970000000004,0.09805624,SRCE,AEO2026 High Economic Growth
p92,2028,0.11955372,0.10959089000000001,0.05363035,0.09867412,SRCE,AEO2026 High Economic Growth
p92,2029,0.12129212,0.11160956999999999,0.0546911,0.10051666000000001,SRCE,AEO2026 High Economic Growth
p92,2030,0.12648309,0.11750485,0.05852159999999999,0.10567597,SRCE,AEO2026 High Economic Growth
p92,2031,0.13152617,0.12300357999999999,0.06208047,0.11072395,SRCE,AEO2026 High Economic Growth
p92,2032,0.13924765,0.13140661,0.06777301,0.11809492,SRCE,AEO2026 High Economic Growth
p92,2033,0.14156734999999998,0.13343819999999998,0.06918928,0.12053967,SRCE,AEO2026 High Economic Growth
p92,2034,0.14290509,0.13453912,0.07023763,0.12193751000000001,SRCE,AEO2026 High Economic Growth
p92,2035,0.14433984,0.13583809,0.07133046,0.12345389000000001,SRCE,AEO2026 High Economic Growth
p92,2036,0.14633321999999999,0.13785783000000001,0.07306414,0.12534211,SRCE,AEO2026 High Economic Growth
p92,2037,0.14837038,0.13999122,0.0747146,0.12741252,SRCE,AEO2026 High Economic Growth
p92,2038,0.15155368,0.14338635,0.07703429,0.1307438,SRCE,AEO2026 High Economic Growth
p92,2039,0.15724128,0.14993715,0.08153646,0.13636429,SRCE,AEO2026 High Economic Growth
p92,2040,0.16077734,0.15364714,0.08387104000000001,0.13997536,SRCE,AEO2026 High Economic Growth
p92,2041,0.16306435,0.15598127,0.08538065,0.1422637,SRCE,AEO2026 High Economic Growth
p92,2042,0.16538998,0.1584331,0.08690325,0.14456407999999998,SRCE,AEO2026 High Economic Growth
p92,2043,0.16873337,0.16197441,0.08896472,0.14789449,SRCE,AEO2026 High Economic Growth
p92,2044,0.17176428000000002,0.16515137,0.09075507,0.15094556,SRCE,AEO2026 High Economic Growth
p92,2045,0.17455791,0.16793375000000002,0.09264177999999999,0.15324907,SRCE,AEO2026 High Economic Growth
p92,2046,0.17858404,0.17217098,0.09515985,0.15705033000000002,SRCE,AEO2026 High Economic Growth
p92,2047,0.18143538,0.17494993,0.0968174,0.15948596,SRCE,AEO2026 High Economic Growth
p92,2048,0.18511171,0.1779104,0.09851755000000001,0.16204691000000002,SRCE,AEO2026 High Economic Growth
p92,2049,0.19030118999999998,0.18260277,0.10127394,0.16605685999999997,SRCE,AEO2026 High Economic Growth
p92,2050,0.19467243,0.18625719,0.10330192,0.16931158,SRCE,AEO2026 High Economic Growth
p93,2014,0.12780803000000002,0.11894054999999999,0.05933984,0.10590442,SRCE,AEO2026 High Economic Growth
p93,2015,0.12780803000000002,0.11894054999999999,0.05933984,0.10590442,SRCE,AEO2026 High Economic Growth
p93,2016,0.12780803000000002,0.11894054999999999,0.05933984,0.10590442,SRCE,AEO2026 High Economic Growth
p93,2017,0.12780803000000002,0.11894054999999999,0.05933984,0.10590442,SRCE,AEO2026 High Economic Growth
p93,2018,0.12780803000000002,0.11894054999999999,0.05933984,0.10590442,SRCE,AEO2026 High Economic Growth
p93,2019,0.12780803000000002,0.11894054999999999,0.05933984,0.10590442,SRCE,AEO2026 High Economic Growth
p93,2020,0.12780803000000002,0.11894054999999999,0.05933984,0.10590442,SRCE,AEO2026 High Economic Growth
p93,2021,0.12780803000000002,0.11894054999999999,0.05933984,0.10590442,SRCE,AEO2026 High Economic Growth
p93,2022,0.12780803000000002,0.11894054999999999,0.05933984,0.10590442,SRCE,AEO2026 High Economic Growth
p93,2023,0.12780803000000002,0.11894054999999999,0.05933984,0.10590442,SRCE,AEO2026 High Economic Growth
p93,2024,0.12780803000000002,0.11894054999999999,0.05933984,0.10590442,SRCE,AEO2026 High Economic Growth
p93,2025,0.12780803000000002,0.11894054999999999,0.05933984,0.10590442,SRCE,AEO2026 High Economic Growth
p93,2026,0.12929715,0.12274879999999999,0.061949899999999995,0.10946167000000001,SRCE,AEO2026 High Economic Growth
p93,2027,0.11910543999999999,0.10869899,0.053037970000000004,0.09805624,SRCE,AEO2026 High Economic Growth
p93,2028,0.11955372,0.10959089000000001,0.05363035,0.09867412,SRCE,AEO2026 High Economic Growth
p93,2029,0.12129212,0.11160956999999999,0.0546911,0.10051666000000001,SRCE,AEO2026 High Economic Growth
p93,2030,0.12648309,0.11750485,0.05852159999999999,0.10567597,SRCE,AEO2026 High Economic Growth
p93,2031,0.13152617,0.12300357999999999,0.06208047,0.11072395,SRCE,AEO2026 High Economic Growth
p93,2032,0.13924765,0.13140661,0.06777301,0.11809492,SRCE,AEO2026 High Economic Growth
p93,2033,0.14156734999999998,0.13343819999999998,0.06918928,0.12053967,SRCE,AEO2026 High Economic Growth
p93,2034,0.14290509,0.13453912,0.07023763,0.12193751000000001,SRCE,AEO2026 High Economic Growth
p93,2035,0.14433984,0.13583809,0.07133046,0.12345389000000001,SRCE,AEO2026 High Economic Growth
p93,2036,0.14633321999999999,0.13785783000000001,0.07306414,0.12534211,SRCE,AEO2026 High Economic Growth
p93,2037,0.14837038,0.13999122,0.0747146,0.12741252,SRCE,AEO2026 High Economic Growth
p93,2038,0.15155368,0.14338635,0.07703429,0.1307438,SRCE,AEO2026 High Economic Growth
p93,2039,0.15724128,0.14993715,0.08153646,0.13636429,SRCE,AEO2026 High Economic Growth
p93,2040,0.16077734,0.15364714,0.08387104000000001,0.13997536,SRCE,AEO2026 High Economic Growth
p93,2041,0.16306435,0.15598127,0.08538065,0.1422637,SRCE,AEO2026 High Economic Growth
p93,2042,0.16538998,0.1584331,0.08690325,0.14456407999999998,SRCE,AEO2026 High Economic Growth
p93,2043,0.16873337,0.16197441,0.08896472,0.14789449,SRCE,AEO2026 High Economic Growth
p93,2044,0.17176428000000002,0.16515137,0.09075507,0.15094556,SRCE,AEO2026 High Economic Growth
p93,2045,0.17455791,0.16793375000000002,0.09264177999999999,0.15324907,SRCE,AEO2026 High Economic Growth
p93,2046,0.17858404,0.17217098,0.09515985,0.15705033000000002,SRCE,AEO2026 High Economic Growth
p93,2047,0.18143538,0.17494993,0.0968174,0.15948596,SRCE,AEO2026 High Economic Growth
p93,2048,0.18511171,0.1779104,0.09851755000000001,0.16204691000000002,SRCE,AEO2026 High Economic Growth
p93,2049,0.19030118999999998,0.18260277,0.10127394,0.16605685999999997,SRCE,AEO2026 High Economic Growth
p93,2050,0.19467243,0.18625719,0.10330192,0.16931158,SRCE,AEO2026 High Economic Growth
p94,2014,0.15950253,0.12307582,0.08004416,0.12152057,SRSE,AEO2026 High Economic Growth
p94,2015,0.15950253,0.12307582,0.08004416,0.12152057,SRSE,AEO2026 High Economic Growth
p94,2016,0.15950253,0.12307582,0.08004416,0.12152057,SRSE,AEO2026 High Economic Growth
p94,2017,0.15950253,0.12307582,0.08004416,0.12152057,SRSE,AEO2026 High Economic Growth
p94,2018,0.15950253,0.12307582,0.08004416,0.12152057,SRSE,AEO2026 High Economic Growth
p94,2019,0.15950253,0.12307582,0.08004416,0.12152057,SRSE,AEO2026 High Economic Growth
p94,2020,0.15950253,0.12307582,0.08004416,0.12152057,SRSE,AEO2026 High Economic Growth
p94,2021,0.15950253,0.12307582,0.08004416,0.12152057,SRSE,AEO2026 High Economic Growth
p94,2022,0.15950253,0.12307582,0.08004416,0.12152057,SRSE,AEO2026 High Economic Growth
p94,2023,0.15950253,0.12307582,0.08004416,0.12152057,SRSE,AEO2026 High Economic Growth
p94,2024,0.15950253,0.12307582,0.08004416,0.12152057,SRSE,AEO2026 High Economic Growth
p94,2025,0.15950253,0.12307582,0.08004416,0.12152057,SRSE,AEO2026 High Economic Growth
p94,2026,0.16403202,0.13031247,0.0854766,0.12860882,SRSE,AEO2026 High Economic Growth
p94,2027,0.16115942,0.12456371000000001,0.08009200999999999,0.12431006,SRSE,AEO2026 High Economic Growth
p94,2028,0.15944727,0.12416635,0.0807799,0.12291029,SRSE,AEO2026 High Economic Growth
p94,2029,0.1634016,0.12726101,0.08241656000000001,0.12656,SRSE,AEO2026 High Economic Growth
p94,2030,0.16407196,0.1276708,0.08274416000000001,0.12712495000000001,SRSE,AEO2026 High Economic Growth
p94,2031,0.16819138,0.13161962000000002,0.08594268,0.13113497000000002,SRSE,AEO2026 High Economic Growth
p94,2032,0.17264553,0.13595373,0.08961596999999999,0.13551352,SRSE,AEO2026 High Economic Growth
p94,2033,0.17616987,0.13891947999999998,0.09196449,0.13896817,SRSE,AEO2026 High Economic Growth
p94,2034,0.17833075999999998,0.14073375,0.09352126999999999,0.14108863,SRSE,AEO2026 High Economic Growth
p94,2035,0.18042759,0.14259339000000001,0.09511376,0.14315058,SRSE,AEO2026 High Economic Growth
p94,2036,0.18195379,0.14384297000000001,0.0962588,0.14456375,SRSE,AEO2026 High Economic Growth
p94,2037,0.18337959,0.14501276000000002,0.09729254,0.1459003,SRSE,AEO2026 High Economic Growth
p94,2038,0.18553452,0.14690048,0.09895492,0.14778842,SRSE,AEO2026 High Economic Growth
p94,2039,0.1921575,0.15371826,0.10496235999999999,0.15382341,SRSE,AEO2026 High Economic Growth
p94,2040,0.19838924,0.15916035,0.10879549000000001,0.15988033,SRSE,AEO2026 High Economic Growth
p94,2041,0.20145592,0.16167603,0.11059376,0.16267458,SRSE,AEO2026 High Economic Growth
p94,2042,0.20682549000000003,0.16687057,0.11494989,0.16736436999999998,SRSE,AEO2026 High Economic Growth
p94,2043,0.21149061,0.17086639,0.11758931,0.17184515,SRSE,AEO2026 High Economic Growth
p94,2044,0.21422782999999998,0.17309124,0.11909902,0.17421064,SRSE,AEO2026 High Economic Growth
p94,2045,0.21682106,0.17504753,0.12044471,0.17631025,SRSE,AEO2026 High Economic Growth
p94,2046,0.21993084,0.17761595,0.12238792999999999,0.17880674,SRSE,AEO2026 High Economic Growth
p94,2047,0.22386282000000002,0.18101441999999998,0.12494698,0.1821299,SRSE,AEO2026 High Economic Growth
p94,2048,0.22808969,0.18466263000000002,0.12771706,0.18568864999999998,SRSE,AEO2026 High Economic Growth
p94,2049,0.2328056,0.18880085000000002,0.13077381000000002,0.1897579,SRSE,AEO2026 High Economic Growth
p94,2050,0.23671099,0.19201656,0.13295493,0.19317844,SRSE,AEO2026 High Economic Growth
p95,2014,0.15194269,0.10771872,0.07447917,0.11393797,SRCA,AEO2026 High Economic Growth
p95,2015,0.15194269,0.10771872,0.07447917,0.11393797,SRCA,AEO2026 High Economic Growth
p95,2016,0.15194269,0.10771872,0.07447917,0.11393797,SRCA,AEO2026 High Economic Growth
p95,2017,0.15194269,0.10771872,0.07447917,0.11393797,SRCA,AEO2026 High Economic Growth
p95,2018,0.15194269,0.10771872,0.07447917,0.11393797,SRCA,AEO2026 High Economic Growth
p95,2019,0.15194269,0.10771872,0.07447917,0.11393797,SRCA,AEO2026 High Economic Growth
p95,2020,0.15194269,0.10771872,0.07447917,0.11393797,SRCA,AEO2026 High Economic Growth
p95,2021,0.15194269,0.10771872,0.07447917,0.11393797,SRCA,AEO2026 High Economic Growth
p95,2022,0.15194269,0.10771872,0.07447917,0.11393797,SRCA,AEO2026 High Economic Growth
p95,2023,0.15194269,0.10771872,0.07447917,0.11393797,SRCA,AEO2026 High Economic Growth
p95,2024,0.15194269,0.10771872,0.07447917,0.11393797,SRCA,AEO2026 High Economic Growth
p95,2025,0.15194269,0.10771872,0.07447917,0.11393797,SRCA,AEO2026 High Economic Growth
p95,2026,0.15735933,0.11540025,0.08017540000000001,0.12171293999999999,SRCA,AEO2026 High Economic Growth
p95,2027,0.15487461,0.11162877,0.07660565,0.11827008,SRCA,AEO2026 High Economic Growth
p95,2028,0.15432259,0.11118963000000001,0.0765473,0.11741225999999999,SRCA,AEO2026 High Economic Growth
p95,2029,0.15765333,0.1138801,0.07863442,0.12016387,SRCA,AEO2026 High Economic Growth
p95,2030,0.16312895000000002,0.11826246,0.08208038999999999,0.12489014,SRCA,AEO2026 High Economic Growth
p95,2031,0.16846205,0.12242737,0.08509137000000001,0.12966255000000002,SRCA,AEO2026 High Economic Growth
p95,2032,0.17637228,0.12925585,0.09099582,0.1368329,SRCA,AEO2026 High Economic Growth
p95,2033,0.18094295999999999,0.13261565,0.09320397,0.14101112999999998,SRCA,AEO2026 High Economic Growth
p95,2034,0.18318745,0.13426289,0.09457399999999999,0.14293758,SRCA,AEO2026 High Economic Growth
p95,2035,0.18619143999999999,0.13669581,0.09669931,0.14550846,SRCA,AEO2026 High Economic Growth
p95,2036,0.18911193999999998,0.13889132,0.09849065,0.14796016,SRCA,AEO2026 High Economic Growth
p95,2037,0.1914846,0.14065227,0.10009921999999999,0.14979331,SRCA,AEO2026 High Economic Growth
p95,2038,0.19507963,0.14337848,0.1021778,0.15285626,SRCA,AEO2026 High Economic Growth
p95,2039,0.20163298000000002,0.14901055,0.1073154,0.15830512,SRCA,AEO2026 High Economic Growth
p95,2040,0.20808815,0.15411517,0.11111184,0.16403196,SRCA,AEO2026 High Economic Growth
p95,2041,0.21213284000000002,0.15708463,0.11324788,0.16735367,SRCA,AEO2026 High Economic Growth
p95,2042,0.21626816000000001,0.16016760000000002,0.11558420999999999,0.17060951,SRCA,AEO2026 High Economic Growth
p95,2043,0.22355032000000002,0.16619413000000002,0.12063354,0.17657022,SRCA,AEO2026 High Economic Growth
p95,2044,0.22969947999999998,0.1703294,0.12335716,0.18130894,SRCA,AEO2026 High Economic Growth
p95,2045,0.23399618,0.17251776,0.12494393000000001,0.18355457,SRCA,AEO2026 High Economic Growth
p95,2046,0.23875364000000002,0.17512156999999998,0.12684065,0.18626591,SRCA,AEO2026 High Economic Growth
p95,2047,0.24350128000000001,0.1776487,0.12860084,0.18893612,SRCA,AEO2026 High Economic Growth
p95,2048,0.24824601999999998,0.18017296000000002,0.1304752,0.19150072,SRCA,AEO2026 High Economic Growth
p95,2049,0.2539769,0.18358139,0.13304374,0.19492394999999998,SRCA,AEO2026 High Economic Growth
p95,2050,0.25934356999999997,0.18653261000000002,0.13506896,0.1980962,SRCA,AEO2026 High Economic Growth
p96,2014,0.15194269,0.10771872,0.07447917,0.11393797,SRCA,AEO2026 High Economic Growth
p96,2015,0.15194269,0.10771872,0.07447917,0.11393797,SRCA,AEO2026 High Economic Growth
p96,2016,0.15194269,0.10771872,0.07447917,0.11393797,SRCA,AEO2026 High Economic Growth
p96,2017,0.15194269,0.10771872,0.07447917,0.11393797,SRCA,AEO2026 High Economic Growth
p96,2018,0.15194269,0.10771872,0.07447917,0.11393797,SRCA,AEO2026 High Economic Growth
p96,2019,0.15194269,0.10771872,0.07447917,0.11393797,SRCA,AEO2026 High Economic Growth
p96,2020,0.15194269,0.10771872,0.07447917,0.11393797,SRCA,AEO2026 High Economic Growth
p96,2021,0.15194269,0.10771872,0.07447917,0.11393797,SRCA,AEO2026 High Economic Growth
p96,2022,0.15194269,0.10771872,0.07447917,0.11393797,SRCA,AEO2026 High Economic Growth
p96,2023,0.15194269,0.10771872,0.07447917,0.11393797,SRCA,AEO2026 High Economic Growth
p96,2024,0.15194269,0.10771872,0.07447917,0.11393797,SRCA,AEO2026 High Economic Growth
p96,2025,0.15194269,0.10771872,0.07447917,0.11393797,SRCA,AEO2026 High Economic Growth
p96,2026,0.15735933,0.11540025,0.08017540000000001,0.12171293999999999,SRCA,AEO2026 High Economic Growth
p96,2027,0.15487461,0.11162877,0.07660565,0.11827008,SRCA,AEO2026 High Economic Growth
p96,2028,0.15432259,0.11118963000000001,0.0765473,0.11741225999999999,SRCA,AEO2026 High Economic Growth
p96,2029,0.15765333,0.1138801,0.07863442,0.12016387,SRCA,AEO2026 High Economic Growth
p96,2030,0.16312895000000002,0.11826246,0.08208038999999999,0.12489014,SRCA,AEO2026 High Economic Growth
p96,2031,0.16846205,0.12242737,0.08509137000000001,0.12966255000000002,SRCA,AEO2026 High Economic Growth
p96,2032,0.17637228,0.12925585,0.09099582,0.1368329,SRCA,AEO2026 High Economic Growth
p96,2033,0.18094295999999999,0.13261565,0.09320397,0.14101112999999998,SRCA,AEO2026 High Economic Growth
p96,2034,0.18318745,0.13426289,0.09457399999999999,0.14293758,SRCA,AEO2026 High Economic Growth
p96,2035,0.18619143999999999,0.13669581,0.09669931,0.14550846,SRCA,AEO2026 High Economic Growth
p96,2036,0.18911193999999998,0.13889132,0.09849065,0.14796016,SRCA,AEO2026 High Economic Growth
p96,2037,0.1914846,0.14065227,0.10009921999999999,0.14979331,SRCA,AEO2026 High Economic Growth
p96,2038,0.19507963,0.14337848,0.1021778,0.15285626,SRCA,AEO2026 High Economic Growth
p96,2039,0.20163298000000002,0.14901055,0.1073154,0.15830512,SRCA,AEO2026 High Economic Growth
p96,2040,0.20808815,0.15411517,0.11111184,0.16403196,SRCA,AEO2026 High Economic Growth
p96,2041,0.21213284000000002,0.15708463,0.11324788,0.16735367,SRCA,AEO2026 High Economic Growth
p96,2042,0.21626816000000001,0.16016760000000002,0.11558420999999999,0.17060951,SRCA,AEO2026 High Economic Growth
p96,2043,0.22355032000000002,0.16619413000000002,0.12063354,0.17657022,SRCA,AEO2026 High Economic Growth
p96,2044,0.22969947999999998,0.1703294,0.12335716,0.18130894,SRCA,AEO2026 High Economic Growth
p96,2045,0.23399618,0.17251776,0.12494393000000001,0.18355457,SRCA,AEO2026 High Economic Growth
p96,2046,0.23875364000000002,0.17512156999999998,0.12684065,0.18626591,SRCA,AEO2026 High Economic Growth
p96,2047,0.24350128000000001,0.1776487,0.12860084,0.18893612,SRCA,AEO2026 High Economic Growth
p96,2048,0.24824601999999998,0.18017296000000002,0.1304752,0.19150072,SRCA,AEO2026 High Economic Growth
p96,2049,0.2539769,0.18358139,0.13304374,0.19492394999999998,SRCA,AEO2026 High Economic Growth
p96,2050,0.25934356999999997,0.18653261000000002,0.13506896,0.1980962,SRCA,AEO2026 High Economic Growth
p97,2014,0.15194269,0.10771872,0.07447917,0.11393797,SRCA,AEO2026 High Economic Growth
p97,2015,0.15194269,0.10771872,0.07447917,0.11393797,SRCA,AEO2026 High Economic Growth
p97,2016,0.15194269,0.10771872,0.07447917,0.11393797,SRCA,AEO2026 High Economic Growth
p97,2017,0.15194269,0.10771872,0.07447917,0.11393797,SRCA,AEO2026 High Economic Growth
p97,2018,0.15194269,0.10771872,0.07447917,0.11393797,SRCA,AEO2026 High Economic Growth
p97,2019,0.15194269,0.10771872,0.07447917,0.11393797,SRCA,AEO2026 High Economic Growth
p97,2020,0.15194269,0.10771872,0.07447917,0.11393797,SRCA,AEO2026 High Economic Growth
p97,2021,0.15194269,0.10771872,0.07447917,0.11393797,SRCA,AEO2026 High Economic Growth
p97,2022,0.15194269,0.10771872,0.07447917,0.11393797,SRCA,AEO2026 High Economic Growth
p97,2023,0.15194269,0.10771872,0.07447917,0.11393797,SRCA,AEO2026 High Economic Growth
p97,2024,0.15194269,0.10771872,0.07447917,0.11393797,SRCA,AEO2026 High Economic Growth
p97,2025,0.15194269,0.10771872,0.07447917,0.11393797,SRCA,AEO2026 High Economic Growth
p97,2026,0.15735933,0.11540025,0.08017540000000001,0.12171293999999999,SRCA,AEO2026 High Economic Growth
p97,2027,0.15487461,0.11162877,0.07660565,0.11827008,SRCA,AEO2026 High Economic Growth
p97,2028,0.15432259,0.11118963000000001,0.0765473,0.11741225999999999,SRCA,AEO2026 High Economic Growth
p97,2029,0.15765333,0.1138801,0.07863442,0.12016387,SRCA,AEO2026 High Economic Growth
p97,2030,0.16312895000000002,0.11826246,0.08208038999999999,0.12489014,SRCA,AEO2026 High Economic Growth
p97,2031,0.16846205,0.12242737,0.08509137000000001,0.12966255000000002,SRCA,AEO2026 High Economic Growth
p97,2032,0.17637228,0.12925585,0.09099582,0.1368329,SRCA,AEO2026 High Economic Growth
p97,2033,0.18094295999999999,0.13261565,0.09320397,0.14101112999999998,SRCA,AEO2026 High Economic Growth
p97,2034,0.18318745,0.13426289,0.09457399999999999,0.14293758,SRCA,AEO2026 High Economic Growth
p97,2035,0.18619143999999999,0.13669581,0.09669931,0.14550846,SRCA,AEO2026 High Economic Growth
p97,2036,0.18911193999999998,0.13889132,0.09849065,0.14796016,SRCA,AEO2026 High Economic Growth
p97,2037,0.1914846,0.14065227,0.10009921999999999,0.14979331,SRCA,AEO2026 High Economic Growth
p97,2038,0.19507963,0.14337848,0.1021778,0.15285626,SRCA,AEO2026 High Economic Growth
p97,2039,0.20163298000000002,0.14901055,0.1073154,0.15830512,SRCA,AEO2026 High Economic Growth
p97,2040,0.20808815,0.15411517,0.11111184,0.16403196,SRCA,AEO2026 High Economic Growth
p97,2041,0.21213284000000002,0.15708463,0.11324788,0.16735367,SRCA,AEO2026 High Economic Growth
p97,2042,0.21626816000000001,0.16016760000000002,0.11558420999999999,0.17060951,SRCA,AEO2026 High Economic Growth
p97,2043,0.22355032000000002,0.16619413000000002,0.12063354,0.17657022,SRCA,AEO2026 High Economic Growth
p97,2044,0.22969947999999998,0.1703294,0.12335716,0.18130894,SRCA,AEO2026 High Economic Growth
p97,2045,0.23399618,0.17251776,0.12494393000000001,0.18355457,SRCA,AEO2026 High Economic Growth
p97,2046,0.23875364000000002,0.17512156999999998,0.12684065,0.18626591,SRCA,AEO2026 High Economic Growth
p97,2047,0.24350128000000001,0.1776487,0.12860084,0.18893612,SRCA,AEO2026 High Economic Growth
p97,2048,0.24824601999999998,0.18017296000000002,0.1304752,0.19150072,SRCA,AEO2026 High Economic Growth
p97,2049,0.2539769,0.18358139,0.13304374,0.19492394999999998,SRCA,AEO2026 High Economic Growth
p97,2050,0.25934356999999997,0.18653261000000002,0.13506896,0.1980962,SRCA,AEO2026 High Economic Growth
p98,2014,0.15194269,0.10771872,0.07447917,0.11393797,SRCA,AEO2026 High Economic Growth
p98,2015,0.15194269,0.10771872,0.07447917,0.11393797,SRCA,AEO2026 High Economic Growth
p98,2016,0.15194269,0.10771872,0.07447917,0.11393797,SRCA,AEO2026 High Economic Growth
p98,2017,0.15194269,0.10771872,0.07447917,0.11393797,SRCA,AEO2026 High Economic Growth
p98,2018,0.15194269,0.10771872,0.07447917,0.11393797,SRCA,AEO2026 High Economic Growth
p98,2019,0.15194269,0.10771872,0.07447917,0.11393797,SRCA,AEO2026 High Economic Growth
p98,2020,0.15194269,0.10771872,0.07447917,0.11393797,SRCA,AEO2026 High Economic Growth
p98,2021,0.15194269,0.10771872,0.07447917,0.11393797,SRCA,AEO2026 High Economic Growth
p98,2022,0.15194269,0.10771872,0.07447917,0.11393797,SRCA,AEO2026 High Economic Growth
p98,2023,0.15194269,0.10771872,0.07447917,0.11393797,SRCA,AEO2026 High Economic Growth
p98,2024,0.15194269,0.10771872,0.07447917,0.11393797,SRCA,AEO2026 High Economic Growth
p98,2025,0.15194269,0.10771872,0.07447917,0.11393797,SRCA,AEO2026 High Economic Growth
p98,2026,0.15735933,0.11540025,0.08017540000000001,0.12171293999999999,SRCA,AEO2026 High Economic Growth
p98,2027,0.15487461,0.11162877,0.07660565,0.11827008,SRCA,AEO2026 High Economic Growth
p98,2028,0.15432259,0.11118963000000001,0.0765473,0.11741225999999999,SRCA,AEO2026 High Economic Growth
p98,2029,0.15765333,0.1138801,0.07863442,0.12016387,SRCA,AEO2026 High Economic Growth
p98,2030,0.16312895000000002,0.11826246,0.08208038999999999,0.12489014,SRCA,AEO2026 High Economic Growth
p98,2031,0.16846205,0.12242737,0.08509137000000001,0.12966255000000002,SRCA,AEO2026 High Economic Growth
p98,2032,0.17637228,0.12925585,0.09099582,0.1368329,SRCA,AEO2026 High Economic Growth
p98,2033,0.18094295999999999,0.13261565,0.09320397,0.14101112999999998,SRCA,AEO2026 High Economic Growth
p98,2034,0.18318745,0.13426289,0.09457399999999999,0.14293758,SRCA,AEO2026 High Economic Growth
p98,2035,0.18619143999999999,0.13669581,0.09669931,0.14550846,SRCA,AEO2026 High Economic Growth
p98,2036,0.18911193999999998,0.13889132,0.09849065,0.14796016,SRCA,AEO2026 High Economic Growth
p98,2037,0.1914846,0.14065227,0.10009921999999999,0.14979331,SRCA,AEO2026 High Economic Growth
p98,2038,0.19507963,0.14337848,0.1021778,0.15285626,SRCA,AEO2026 High Economic Growth
p98,2039,0.20163298000000002,0.14901055,0.1073154,0.15830512,SRCA,AEO2026 High Economic Growth
p98,2040,0.20808815,0.15411517,0.11111184,0.16403196,SRCA,AEO2026 High Economic Growth
p98,2041,0.21213284000000002,0.15708463,0.11324788,0.16735367,SRCA,AEO2026 High Economic Growth
p98,2042,0.21626816000000001,0.16016760000000002,0.11558420999999999,0.17060951,SRCA,AEO2026 High Economic Growth
p98,2043,0.22355032000000002,0.16619413000000002,0.12063354,0.17657022,SRCA,AEO2026 High Economic Growth
p98,2044,0.22969947999999998,0.1703294,0.12335716,0.18130894,SRCA,AEO2026 High Economic Growth
p98,2045,0.23399618,0.17251776,0.12494393000000001,0.18355457,SRCA,AEO2026 High Economic Growth
p98,2046,0.23875364000000002,0.17512156999999998,0.12684065,0.18626591,SRCA,AEO2026 High Economic Growth
p98,2047,0.24350128000000001,0.1776487,0.12860084,0.18893612,SRCA,AEO2026 High Economic Growth
p98,2048,0.24824601999999998,0.18017296000000002,0.1304752,0.19150072,SRCA,AEO2026 High Economic Growth
p98,2049,0.2539769,0.18358139,0.13304374,0.19492394999999998,SRCA,AEO2026 High Economic Growth
p98,2050,0.25934356999999997,0.18653261000000002,0.13506896,0.1980962,SRCA,AEO2026 High Economic Growth
p99,2014,0.16030441,0.09960193,0.10421022,0.12171692,PJMD,AEO2026 High Economic Growth
p99,2015,0.16030441,0.09960193,0.10421022,0.12171692,PJMD,AEO2026 High Economic Growth
p99,2016,0.16030441,0.09960193,0.10421022,0.12171692,PJMD,AEO2026 High Economic Growth
p99,2017,0.16030441,0.09960193,0.10421022,0.12171692,PJMD,AEO2026 High Economic Growth
p99,2018,0.16030441,0.09960193,0.10421022,0.12171692,PJMD,AEO2026 High Economic Growth
p99,2019,0.16030441,0.09960193,0.10421022,0.12171692,PJMD,AEO2026 High Economic Growth
p99,2020,0.16030441,0.09960193,0.10421022,0.12171692,PJMD,AEO2026 High Economic Growth
p99,2021,0.16030441,0.09960193,0.10421022,0.12171692,PJMD,AEO2026 High Economic Growth
p99,2022,0.16030441,0.09960193,0.10421022,0.12171692,PJMD,AEO2026 High Economic Growth
p99,2023,0.16030441,0.09960193,0.10421022,0.12171692,PJMD,AEO2026 High Economic Growth
p99,2024,0.16030441,0.09960193,0.10421022,0.12171692,PJMD,AEO2026 High Economic Growth
p99,2025,0.16030441,0.09960193,0.10421022,0.12171692,PJMD,AEO2026 High Economic Growth
p99,2026,0.16714302,0.10229797,0.10703979000000001,0.12437820000000001,PJMD,AEO2026 High Economic Growth
p99,2027,0.17103626,0.10389736,0.10748192,0.12655283,PJMD,AEO2026 High Economic Growth
p99,2028,0.17631933,0.10691974,0.11050542000000001,0.13055566000000002,PJMD,AEO2026 High Economic Growth
p99,2029,0.17925566,0.1084088,0.11251851,0.13224668,PJMD,AEO2026 High Economic Growth
p99,2030,0.18379650000000003,0.11098381,0.11572285,0.13529207,PJMD,AEO2026 High Economic Growth
p99,2031,0.19026451000000003,0.11495995,0.12012819000000001,0.13989446,PJMD,AEO2026 High Economic Growth
p99,2032,0.19660763,0.1186021,0.12512672,0.14438561,PJMD,AEO2026 High Economic Growth
p99,2033,0.20219059,0.12163052,0.12843779,0.14846199999999998,PJMD,AEO2026 High Economic Growth
p99,2034,0.20510387000000002,0.12274233000000001,0.12970762,0.15013879,PJMD,AEO2026 High Economic Growth
p99,2035,0.20722225000000002,0.12328305,0.13046674,0.15094792,PJMD,AEO2026 High Economic Growth
p99,2036,0.20925907,0.12377846999999999,0.13112475,0.15171973,PJMD,AEO2026 High Economic Growth
p99,2037,0.21218216,0.12487639,0.13270512,0.15291984,PJMD,AEO2026 High Economic Growth
p99,2038,0.21670103000000002,0.12721896,0.13541996,0.15542781,PJMD,AEO2026 High Economic Growth
p99,2039,0.21992166999999999,0.1282928,0.13698788,0.15699259,PJMD,AEO2026 High Economic Growth
p99,2040,0.22408988999999999,0.13005059,0.13924283,0.15899044,PJMD,AEO2026 High Economic Growth
p99,2041,0.22940163,0.13255222,0.14233329,0.16186369,PJMD,AEO2026 High Economic Growth
p99,2042,0.23459421,0.13492827999999998,0.14504737,0.16469916999999998,PJMD,AEO2026 High Economic Growth
p99,2043,0.23944296,0.13706889,0.14757813,0.1671316,PJMD,AEO2026 High Economic Growth
p99,2044,0.24413879000000002,0.13902516,0.14979772,0.16942383,PJMD,AEO2026 High Economic Growth
p99,2045,0.24876856,0.14083534,0.15187374,0.17150375,PJMD,AEO2026 High Economic Growth
p99,2046,0.25347883,0.14270169,0.15401009,0.17366314,PJMD,AEO2026 High Economic Growth
p99,2047,0.25866287,0.14488082,0.15651279,0.1761165,PJMD,AEO2026 High Economic Growth
p99,2048,0.26423393,0.14727515,0.15917376,0.17888439,PJMD,AEO2026 High Economic Growth
p99,2049,0.27078945,0.15038281,0.16295065,0.18235068999999998,PJMD,AEO2026 High Economic Growth
p99,2050,0.27689161,0.1528996,0.16557278,0.18554033,PJMD,AEO2026 High Economic Growth
p100,2014,0.15666062,0.13138543,0.10255755000000001,0.13140406000000002,PJMW,AEO2026 High Economic Growth
p100,2015,0.15666062,0.13138543,0.10255755000000001,0.13140406000000002,PJMW,AEO2026 High Economic Growth
p100,2016,0.15666062,0.13138543,0.10255755000000001,0.13140406000000002,PJMW,AEO2026 High Economic Growth
p100,2017,0.15666062,0.13138543,0.10255755000000001,0.13140406000000002,PJMW,AEO2026 High Economic Growth
p100,2018,0.15666062,0.13138543,0.10255755000000001,0.13140406000000002,PJMW,AEO2026 High Economic Growth
p100,2019,0.15666062,0.13138543,0.10255755000000001,0.13140406000000002,PJMW,AEO2026 High Economic Growth
p100,2020,0.15666062,0.13138543,0.10255755000000001,0.13140406000000002,PJMW,AEO2026 High Economic Growth
p100,2021,0.15666062,0.13138543,0.10255755000000001,0.13140406000000002,PJMW,AEO2026 High Economic Growth
p100,2022,0.15666062,0.13138543,0.10255755000000001,0.13140406000000002,PJMW,AEO2026 High Economic Growth
p100,2023,0.15666062,0.13138543,0.10255755000000001,0.13140406000000002,PJMW,AEO2026 High Economic Growth
p100,2024,0.15666062,0.13138543,0.10255755000000001,0.13140406000000002,PJMW,AEO2026 High Economic Growth
p100,2025,0.15666062,0.13138543,0.10255755000000001,0.13140406000000002,PJMW,AEO2026 High Economic Growth
p100,2026,0.16054924,0.13337581,0.10405595,0.1341561,PJMW,AEO2026 High Economic Growth
p100,2027,0.15988822,0.13409063,0.10255394000000001,0.13369529,PJMW,AEO2026 High Economic Growth
p100,2028,0.15465956,0.12916501,0.09843522,0.12835572,PJMW,AEO2026 High Economic Growth
p100,2029,0.15929348,0.13383487,0.10204510000000001,0.13254474,PJMW,AEO2026 High Economic Growth
p100,2030,0.16375134,0.13768874,0.10572545,0.13669155,PJMW,AEO2026 High Economic Growth
p100,2031,0.17758421,0.15238393,0.11609506,0.14918691,PJMW,AEO2026 High Economic Growth
p100,2032,0.17622362,0.14903465000000002,0.11516569,0.14854434,PJMW,AEO2026 High Economic Growth
p100,2033,0.18063782,0.15308351,0.1185224,0.15290812,PJMW,AEO2026 High Economic Growth
p100,2034,0.18140459,0.15320669,0.11828902,0.15331461,PJMW,AEO2026 High Economic Growth
p100,2035,0.18169048,0.15282036,0.11793931,0.15253266999999998,PJMW,AEO2026 High Economic Growth
p100,2036,0.18339167,0.15401814,0.11871734,0.15374488,PJMW,AEO2026 High Economic Growth
p100,2037,0.1895299,0.15986472,0.12312279,0.15882935,PJMW,AEO2026 High Economic Growth
p100,2038,0.19881849,0.16921061999999998,0.12997902,0.16675787,PJMW,AEO2026 High Economic Growth
p100,2039,0.19790997999999999,0.16669601,0.12850738,0.16579834000000002,PJMW,AEO2026 High Economic Growth
p100,2040,0.20121880999999997,0.16909870000000002,0.12978159,0.16832842,PJMW,AEO2026 High Economic Growth
p100,2041,0.20453934000000001,0.17156441,0.131418,0.17087233000000002,PJMW,AEO2026 High Economic Growth
p100,2042,0.20969652,0.17567897999999998,0.13467257,0.17601427,PJMW,AEO2026 High Economic Growth
p100,2043,0.21544643,0.18053465,0.13843381000000002,0.18075228,PJMW,AEO2026 High Economic Growth
p100,2044,0.22385862,0.18708773,0.14405077,0.18716082,PJMW,AEO2026 High Economic Growth
p100,2045,0.23099813000000002,0.19293802,0.14783689,0.19322894999999998,PJMW,AEO2026 High Economic Growth
p100,2046,0.23502182000000002,0.19619672999999999,0.15000633,0.19637810000000003,PJMW,AEO2026 High Economic Growth
p100,2047,0.23933336,0.19958863999999998,0.15255978,0.19948147,PJMW,AEO2026 High Economic Growth
p100,2048,0.24422758000000003,0.20341138999999997,0.15532943,0.20309605,PJMW,AEO2026 High Economic Growth
p100,2049,0.24821615000000002,0.20618879,0.1573041,0.20595949000000002,PJMW,AEO2026 High Economic Growth
p100,2050,0.25319248,0.21023637999999997,0.1597806,0.20960484999999998,PJMW,AEO2026 High Economic Growth
p101,2014,0.14885064,0.11249179,0.08179095,0.09917263999999999,FRCC,AEO2026 High Economic Growth
p101,2015,0.14885064,0.11249179,0.08179095,0.09917263999999999,FRCC,AEO2026 High Economic Growth
p101,2016,0.14885064,0.11249179,0.08179095,0.09917263999999999,FRCC,AEO2026 High Economic Growth
p101,2017,0.14885064,0.11249179,0.08179095,0.09917263999999999,FRCC,AEO2026 High Economic Growth
p101,2018,0.14885064,0.11249179,0.08179095,0.09917263999999999,FRCC,AEO2026 High Economic Growth
p101,2019,0.14885064,0.11249179,0.08179095,0.09917263999999999,FRCC,AEO2026 High Economic Growth
p101,2020,0.14885064,0.11249179,0.08179095,0.09917263999999999,FRCC,AEO2026 High Economic Growth
p101,2021,0.14885064,0.11249179,0.08179095,0.09917263999999999,FRCC,AEO2026 High Economic Growth
p101,2022,0.14885064,0.11249179,0.08179095,0.09917263999999999,FRCC,AEO2026 High Economic Growth
p101,2023,0.14885064,0.11249179,0.08179095,0.09917263999999999,FRCC,AEO2026 High Economic Growth
p101,2024,0.14885064,0.11249179,0.08179095,0.09917263999999999,FRCC,AEO2026 High Economic Growth
p101,2025,0.14885064,0.11249179,0.08179095,0.09917263999999999,FRCC,AEO2026 High Economic Growth
p101,2026,0.15421842,0.11832086,0.08731439,0.10654191,FRCC,AEO2026 High Economic Growth
p101,2027,0.15453139,0.11546488,0.08502674,0.10473914000000001,FRCC,AEO2026 High Economic Growth
p101,2028,0.15446967,0.11539443,0.08536869,0.10508775999999999,FRCC,AEO2026 High Economic Growth
p101,2029,0.15676008,0.11747932,0.08750323,0.10748197,FRCC,AEO2026 High Economic Growth
p101,2030,0.16145828,0.12388745999999999,0.09371052,0.11354651,FRCC,AEO2026 High Economic Growth
p101,2031,0.16969477000000002,0.13300739,0.10201193,0.12239583,FRCC,AEO2026 High Economic Growth
p101,2032,0.17815149000000002,0.14157640999999999,0.1097893,0.13105155999999998,FRCC,AEO2026 High Economic Growth
p101,2033,0.18250381000000002,0.14299785,0.11095291,0.13376642,FRCC,AEO2026 High Economic Growth
p101,2034,0.18279108,0.1429299,0.11146186,0.13452699,FRCC,AEO2026 High Economic Growth
p101,2035,0.18409437,0.14466137,0.11344481000000001,0.13663745,FRCC,AEO2026 High Economic Growth
p101,2036,0.18689739,0.14817522,0.11666351000000001,0.14011289,FRCC,AEO2026 High Economic Growth
p101,2037,0.19160017,0.15436242,0.1222611,0.14591425,FRCC,AEO2026 High Economic Growth
p101,2038,0.1970075,0.15952185,0.12661994,0.1512186,FRCC,AEO2026 High Economic Growth
p101,2039,0.20135370000000002,0.16426367,0.13080791,0.15600066,FRCC,AEO2026 High Economic Growth
p101,2040,0.20661877,0.17026741,0.13610869,0.16179601999999998,FRCC,AEO2026 High Economic Growth
p101,2041,0.21127914,0.1741383,0.13929003,0.16605422999999997,FRCC,AEO2026 High Economic Growth
p101,2042,0.21400179000000003,0.17645838000000003,0.14122766,0.168657,FRCC,AEO2026 High Economic Growth
p101,2043,0.21538061,0.17663965,0.1411712,0.16946316,FRCC,AEO2026 High Economic Growth
p101,2044,0.21666035,0.17811872,0.14249908,0.17101624999999998,FRCC,AEO2026 High Economic Growth
p101,2045,0.21934926999999999,0.18044913999999998,0.14444708,0.17355178999999998,FRCC,AEO2026 High Economic Growth
p101,2046,0.22239676,0.18324733999999998,0.14679288,0.17648727,FRCC,AEO2026 High Economic Growth
p101,2047,0.22566819999999999,0.1862142,0.14922047,0.17962387,FRCC,AEO2026 High Economic Growth
p101,2048,0.22892008,0.18914801,0.1516133,0.18269352000000003,FRCC,AEO2026 High Economic Growth
p101,2049,0.23223877,0.19213703,0.15403767999999998,0.18580099,FRCC,AEO2026 High Economic Growth
p101,2050,0.23548957999999998,0.19506069,0.15638932,0.18884562,FRCC,AEO2026 High Economic Growth
p102,2014,0.14885064,0.11249179,0.08179095,0.09917263999999999,FRCC,AEO2026 High Economic Growth
p102,2015,0.14885064,0.11249179,0.08179095,0.09917263999999999,FRCC,AEO2026 High Economic Growth
p102,2016,0.14885064,0.11249179,0.08179095,0.09917263999999999,FRCC,AEO2026 High Economic Growth
p102,2017,0.14885064,0.11249179,0.08179095,0.09917263999999999,FRCC,AEO2026 High Economic Growth
p102,2018,0.14885064,0.11249179,0.08179095,0.09917263999999999,FRCC,AEO2026 High Economic Growth
p102,2019,0.14885064,0.11249179,0.08179095,0.09917263999999999,FRCC,AEO2026 High Economic Growth
p102,2020,0.14885064,0.11249179,0.08179095,0.09917263999999999,FRCC,AEO2026 High Economic Growth
p102,2021,0.14885064,0.11249179,0.08179095,0.09917263999999999,FRCC,AEO2026 High Economic Growth
p102,2022,0.14885064,0.11249179,0.08179095,0.09917263999999999,FRCC,AEO2026 High Economic Growth
p102,2023,0.14885064,0.11249179,0.08179095,0.09917263999999999,FRCC,AEO2026 High Economic Growth
p102,2024,0.14885064,0.11249179,0.08179095,0.09917263999999999,FRCC,AEO2026 High Economic Growth
p102,2025,0.14885064,0.11249179,0.08179095,0.09917263999999999,FRCC,AEO2026 High Economic Growth
p102,2026,0.15421842,0.11832086,0.08731439,0.10654191,FRCC,AEO2026 High Economic Growth
p102,2027,0.15453139,0.11546488,0.08502674,0.10473914000000001,FRCC,AEO2026 High Economic Growth
p102,2028,0.15446967,0.11539443,0.08536869,0.10508775999999999,FRCC,AEO2026 High Economic Growth
p102,2029,0.15676008,0.11747932,0.08750323,0.10748197,FRCC,AEO2026 High Economic Growth
p102,2030,0.16145828,0.12388745999999999,0.09371052,0.11354651,FRCC,AEO2026 High Economic Growth
p102,2031,0.16969477000000002,0.13300739,0.10201193,0.12239583,FRCC,AEO2026 High Economic Growth
p102,2032,0.17815149000000002,0.14157640999999999,0.1097893,0.13105155999999998,FRCC,AEO2026 High Economic Growth
p102,2033,0.18250381000000002,0.14299785,0.11095291,0.13376642,FRCC,AEO2026 High Economic Growth
p102,2034,0.18279108,0.1429299,0.11146186,0.13452699,FRCC,AEO2026 High Economic Growth
p102,2035,0.18409437,0.14466137,0.11344481000000001,0.13663745,FRCC,AEO2026 High Economic Growth
p102,2036,0.18689739,0.14817522,0.11666351000000001,0.14011289,FRCC,AEO2026 High Economic Growth
p102,2037,0.19160017,0.15436242,0.1222611,0.14591425,FRCC,AEO2026 High Economic Growth
p102,2038,0.1970075,0.15952185,0.12661994,0.1512186,FRCC,AEO2026 High Economic Growth
p102,2039,0.20135370000000002,0.16426367,0.13080791,0.15600066,FRCC,AEO2026 High Economic Growth
p102,2040,0.20661877,0.17026741,0.13610869,0.16179601999999998,FRCC,AEO2026 High Economic Growth
p102,2041,0.21127914,0.1741383,0.13929003,0.16605422999999997,FRCC,AEO2026 High Economic Growth
p102,2042,0.21400179000000003,0.17645838000000003,0.14122766,0.168657,FRCC,AEO2026 High Economic Growth
p102,2043,0.21538061,0.17663965,0.1411712,0.16946316,FRCC,AEO2026 High Economic Growth
p102,2044,0.21666035,0.17811872,0.14249908,0.17101624999999998,FRCC,AEO2026 High Economic Growth
p102,2045,0.21934926999999999,0.18044913999999998,0.14444708,0.17355178999999998,FRCC,AEO2026 High Economic Growth
p102,2046,0.22239676,0.18324733999999998,0.14679288,0.17648727,FRCC,AEO2026 High Economic Growth
p102,2047,0.22566819999999999,0.1862142,0.14922047,0.17962387,FRCC,AEO2026 High Economic Growth
p102,2048,0.22892008,0.18914801,0.1516133,0.18269352000000003,FRCC,AEO2026 High Economic Growth
p102,2049,0.23223877,0.19213703,0.15403767999999998,0.18580099,FRCC,AEO2026 High Economic Growth
p102,2050,0.23548957999999998,0.19506069,0.15638932,0.18884562,FRCC,AEO2026 High Economic Growth
p103,2014,0.20273279,0.14813164,0.09095418999999999,0.15585847,MISE,AEO2026 High Economic Growth
p103,2015,0.20273279,0.14813164,0.09095418999999999,0.15585847,MISE,AEO2026 High Economic Growth
p103,2016,0.20273279,0.14813164,0.09095418999999999,0.15585847,MISE,AEO2026 High Economic Growth
p103,2017,0.20273279,0.14813164,0.09095418999999999,0.15585847,MISE,AEO2026 High Economic Growth
p103,2018,0.20273279,0.14813164,0.09095418999999999,0.15585847,MISE,AEO2026 High Economic Growth
p103,2019,0.20273279,0.14813164,0.09095418999999999,0.15585847,MISE,AEO2026 High Economic Growth
p103,2020,0.20273279,0.14813164,0.09095418999999999,0.15585847,MISE,AEO2026 High Economic Growth
p103,2021,0.20273279,0.14813164,0.09095418999999999,0.15585847,MISE,AEO2026 High Economic Growth
p103,2022,0.20273279,0.14813164,0.09095418999999999,0.15585847,MISE,AEO2026 High Economic Growth
p103,2023,0.20273279,0.14813164,0.09095418999999999,0.15585847,MISE,AEO2026 High Economic Growth
p103,2024,0.20273279,0.14813164,0.09095418999999999,0.15585847,MISE,AEO2026 High Economic Growth
p103,2025,0.20273279,0.14813164,0.09095418999999999,0.15585847,MISE,AEO2026 High Economic Growth
p103,2026,0.2153912,0.15410251,0.09640981,0.16413263,MISE,AEO2026 High Economic Growth
p103,2027,0.20505600000000002,0.14861375000000002,0.08863676,0.15823857,MISE,AEO2026 High Economic Growth
p103,2028,0.20007746,0.14400567,0.0863241,0.15220994,MISE,AEO2026 High Economic Growth
p103,2029,0.20565978999999998,0.148156,0.08946761,0.15619785,MISE,AEO2026 High Economic Growth
p103,2030,0.21569486999999998,0.15607756,0.09577330999999999,0.16396803,MISE,AEO2026 High Economic Growth
p103,2031,0.22498011,0.16390656,0.10118946,0.17174059,MISE,AEO2026 High Economic Growth
p103,2032,0.23233713,0.16987755,0.10541599,0.17804995,MISE,AEO2026 High Economic Growth
p103,2033,0.23656334,0.17302517,0.10776543,0.18156513,MISE,AEO2026 High Economic Growth
p103,2034,0.23981705,0.17500711,0.10941048,0.18380432,MISE,AEO2026 High Economic Growth
p103,2035,0.24228479,0.17658253,0.11052562,0.18564001000000002,MISE,AEO2026 High Economic Growth
p103,2036,0.24469099,0.17800118999999998,0.11154821999999999,0.18726569999999998,MISE,AEO2026 High Economic Growth
p103,2037,0.24844214999999997,0.18018934,0.11350376000000001,0.18954574999999999,MISE,AEO2026 High Economic Growth
p103,2038,0.25319465999999996,0.18382589,0.11612180999999999,0.19287131999999998,MISE,AEO2026 High Economic Growth
p103,2039,0.25717323000000003,0.18571238999999998,0.11755301,0.19544981,MISE,AEO2026 High Economic Growth
p103,2040,0.2656497,0.19084841,0.12226839,0.20060099,MISE,AEO2026 High Economic Growth
p103,2041,0.27344198,0.19742161,0.12541293,0.20735329,MISE,AEO2026 High Economic Growth
p103,2042,0.27659666,0.19928314,0.12633184,0.20908098,MISE,AEO2026 High Economic Growth
p103,2043,0.28025158,0.20159500000000002,0.12752233999999998,0.21117682,MISE,AEO2026 High Economic Growth
p103,2044,0.28436762000000004,0.20439997000000001,0.12885369000000002,0.21373663,MISE,AEO2026 High Economic Growth
p103,2045,0.28855156,0.20706804,0.13022203,0.21617802,MISE,AEO2026 High Economic Growth
p103,2046,0.29235128,0.20938141000000002,0.13143254000000001,0.21827738,MISE,AEO2026 High Economic Growth
p103,2047,0.29624456,0.21168104,0.1328046,0.22025220999999998,MISE,AEO2026 High Economic Growth
p103,2048,0.30099459,0.21479973000000002,0.13465142,0.22307956999999998,MISE,AEO2026 High Economic Growth
p103,2049,0.30573046000000004,0.21795149,0.13639144,0.22590843,MISE,AEO2026 High Economic Growth
p103,2050,0.31004335,0.22080395,0.1376923,0.22843440999999998,MISE,AEO2026 High Economic Growth
p104,2014,0.15666062,0.13138543,0.10255755000000001,0.13140406000000002,PJMW,AEO2026 High Economic Growth
p104,2015,0.15666062,0.13138543,0.10255755000000001,0.13140406000000002,PJMW,AEO2026 High Economic Growth
p104,2016,0.15666062,0.13138543,0.10255755000000001,0.13140406000000002,PJMW,AEO2026 High Economic Growth
p104,2017,0.15666062,0.13138543,0.10255755000000001,0.13140406000000002,PJMW,AEO2026 High Economic Growth
p104,2018,0.15666062,0.13138543,0.10255755000000001,0.13140406000000002,PJMW,AEO2026 High Economic Growth
p104,2019,0.15666062,0.13138543,0.10255755000000001,0.13140406000000002,PJMW,AEO2026 High Economic Growth
p104,2020,0.15666062,0.13138543,0.10255755000000001,0.13140406000000002,PJMW,AEO2026 High Economic Growth
p104,2021,0.15666062,0.13138543,0.10255755000000001,0.13140406000000002,PJMW,AEO2026 High Economic Growth
p104,2022,0.15666062,0.13138543,0.10255755000000001,0.13140406000000002,PJMW,AEO2026 High Economic Growth
p104,2023,0.15666062,0.13138543,0.10255755000000001,0.13140406000000002,PJMW,AEO2026 High Economic Growth
p104,2024,0.15666062,0.13138543,0.10255755000000001,0.13140406000000002,PJMW,AEO2026 High Economic Growth
p104,2025,0.15666062,0.13138543,0.10255755000000001,0.13140406000000002,PJMW,AEO2026 High Economic Growth
p104,2026,0.16054924,0.13337581,0.10405595,0.1341561,PJMW,AEO2026 High Economic Growth
p104,2027,0.15988822,0.13409063,0.10255394000000001,0.13369529,PJMW,AEO2026 High Economic Growth
p104,2028,0.15465956,0.12916501,0.09843522,0.12835572,PJMW,AEO2026 High Economic Growth
p104,2029,0.15929348,0.13383487,0.10204510000000001,0.13254474,PJMW,AEO2026 High Economic Growth
p104,2030,0.16375134,0.13768874,0.10572545,0.13669155,PJMW,AEO2026 High Economic Growth
p104,2031,0.17758421,0.15238393,0.11609506,0.14918691,PJMW,AEO2026 High Economic Growth
p104,2032,0.17622362,0.14903465000000002,0.11516569,0.14854434,PJMW,AEO2026 High Economic Growth
p104,2033,0.18063782,0.15308351,0.1185224,0.15290812,PJMW,AEO2026 High Economic Growth
p104,2034,0.18140459,0.15320669,0.11828902,0.15331461,PJMW,AEO2026 High Economic Growth
p104,2035,0.18169048,0.15282036,0.11793931,0.15253266999999998,PJMW,AEO2026 High Economic Growth
p104,2036,0.18339167,0.15401814,0.11871734,0.15374488,PJMW,AEO2026 High Economic Growth
p104,2037,0.1895299,0.15986472,0.12312279,0.15882935,PJMW,AEO2026 High Economic Growth
p104,2038,0.19881849,0.16921061999999998,0.12997902,0.16675787,PJMW,AEO2026 High Economic Growth
p104,2039,0.19790997999999999,0.16669601,0.12850738,0.16579834000000002,PJMW,AEO2026 High Economic Growth
p104,2040,0.20121880999999997,0.16909870000000002,0.12978159,0.16832842,PJMW,AEO2026 High Economic Growth
p104,2041,0.20453934000000001,0.17156441,0.131418,0.17087233000000002,PJMW,AEO2026 High Economic Growth
p104,2042,0.20969652,0.17567897999999998,0.13467257,0.17601427,PJMW,AEO2026 High Economic Growth
p104,2043,0.21544643,0.18053465,0.13843381000000002,0.18075228,PJMW,AEO2026 High Economic Growth
p104,2044,0.22385862,0.18708773,0.14405077,0.18716082,PJMW,AEO2026 High Economic Growth
p104,2045,0.23099813000000002,0.19293802,0.14783689,0.19322894999999998,PJMW,AEO2026 High Economic Growth
p104,2046,0.23502182000000002,0.19619672999999999,0.15000633,0.19637810000000003,PJMW,AEO2026 High Economic Growth
p104,2047,0.23933336,0.19958863999999998,0.15255978,0.19948147,PJMW,AEO2026 High Economic Growth
p104,2048,0.24422758000000003,0.20341138999999997,0.15532943,0.20309605,PJMW,AEO2026 High Economic Growth
p104,2049,0.24821615000000002,0.20618879,0.1573041,0.20595949000000002,PJMW,AEO2026 High Economic Growth
p104,2050,0.25319248,0.21023637999999997,0.1597806,0.20960484999999998,PJMW,AEO2026 High Economic Growth
p105,2014,0.15666062,0.13138543,0.10255755000000001,0.13140406000000002,PJMW,AEO2026 High Economic Growth
p105,2015,0.15666062,0.13138543,0.10255755000000001,0.13140406000000002,PJMW,AEO2026 High Economic Growth
p105,2016,0.15666062,0.13138543,0.10255755000000001,0.13140406000000002,PJMW,AEO2026 High Economic Growth
p105,2017,0.15666062,0.13138543,0.10255755000000001,0.13140406000000002,PJMW,AEO2026 High Economic Growth
p105,2018,0.15666062,0.13138543,0.10255755000000001,0.13140406000000002,PJMW,AEO2026 High Economic Growth
p105,2019,0.15666062,0.13138543,0.10255755000000001,0.13140406000000002,PJMW,AEO2026 High Economic Growth
p105,2020,0.15666062,0.13138543,0.10255755000000001,0.13140406000000002,PJMW,AEO2026 High Economic Growth
p105,2021,0.15666062,0.13138543,0.10255755000000001,0.13140406000000002,PJMW,AEO2026 High Economic Growth
p105,2022,0.15666062,0.13138543,0.10255755000000001,0.13140406000000002,PJMW,AEO2026 High Economic Growth
p105,2023,0.15666062,0.13138543,0.10255755000000001,0.13140406000000002,PJMW,AEO2026 High Economic Growth
p105,2024,0.15666062,0.13138543,0.10255755000000001,0.13140406000000002,PJMW,AEO2026 High Economic Growth
p105,2025,0.15666062,0.13138543,0.10255755000000001,0.13140406000000002,PJMW,AEO2026 High Economic Growth
p105,2026,0.16054924,0.13337581,0.10405595,0.1341561,PJMW,AEO2026 High Economic Growth
p105,2027,0.15988822,0.13409063,0.10255394000000001,0.13369529,PJMW,AEO2026 High Economic Growth
p105,2028,0.15465956,0.12916501,0.09843522,0.12835572,PJMW,AEO2026 High Economic Growth
p105,2029,0.15929348,0.13383487,0.10204510000000001,0.13254474,PJMW,AEO2026 High Economic Growth
p105,2030,0.16375134,0.13768874,0.10572545,0.13669155,PJMW,AEO2026 High Economic Growth
p105,2031,0.17758421,0.15238393,0.11609506,0.14918691,PJMW,AEO2026 High Economic Growth
p105,2032,0.17622362,0.14903465000000002,0.11516569,0.14854434,PJMW,AEO2026 High Economic Growth
p105,2033,0.18063782,0.15308351,0.1185224,0.15290812,PJMW,AEO2026 High Economic Growth
p105,2034,0.18140459,0.15320669,0.11828902,0.15331461,PJMW,AEO2026 High Economic Growth
p105,2035,0.18169048,0.15282036,0.11793931,0.15253266999999998,PJMW,AEO2026 High Economic Growth
p105,2036,0.18339167,0.15401814,0.11871734,0.15374488,PJMW,AEO2026 High Economic Growth
p105,2037,0.1895299,0.15986472,0.12312279,0.15882935,PJMW,AEO2026 High Economic Growth
p105,2038,0.19881849,0.16921061999999998,0.12997902,0.16675787,PJMW,AEO2026 High Economic Growth
p105,2039,0.19790997999999999,0.16669601,0.12850738,0.16579834000000002,PJMW,AEO2026 High Economic Growth
p105,2040,0.20121880999999997,0.16909870000000002,0.12978159,0.16832842,PJMW,AEO2026 High Economic Growth
p105,2041,0.20453934000000001,0.17156441,0.131418,0.17087233000000002,PJMW,AEO2026 High Economic Growth
p105,2042,0.20969652,0.17567897999999998,0.13467257,0.17601427,PJMW,AEO2026 High Economic Growth
p105,2043,0.21544643,0.18053465,0.13843381000000002,0.18075228,PJMW,AEO2026 High Economic Growth
p105,2044,0.22385862,0.18708773,0.14405077,0.18716082,PJMW,AEO2026 High Economic Growth
p105,2045,0.23099813000000002,0.19293802,0.14783689,0.19322894999999998,PJMW,AEO2026 High Economic Growth
p105,2046,0.23502182000000002,0.19619672999999999,0.15000633,0.19637810000000003,PJMW,AEO2026 High Economic Growth
p105,2047,0.23933336,0.19958863999999998,0.15255978,0.19948147,PJMW,AEO2026 High Economic Growth
p105,2048,0.24422758000000003,0.20341138999999997,0.15532943,0.20309605,PJMW,AEO2026 High Economic Growth
p105,2049,0.24821615000000002,0.20618879,0.1573041,0.20595949000000002,PJMW,AEO2026 High Economic Growth
p105,2050,0.25319248,0.21023637999999997,0.1597806,0.20960484999999998,PJMW,AEO2026 High Economic Growth
p106,2014,0.15189117,0.12020945,0.08829481,0.12673842000000002,MISC,AEO2026 High Economic Growth
p106,2015,0.15189117,0.12020945,0.08829481,0.12673842000000002,MISC,AEO2026 High Economic Growth
p106,2016,0.15189117,0.12020945,0.08829481,0.12673842000000002,MISC,AEO2026 High Economic Growth
p106,2017,0.15189117,0.12020945,0.08829481,0.12673842000000002,MISC,AEO2026 High Economic Growth
p106,2018,0.15189117,0.12020945,0.08829481,0.12673842000000002,MISC,AEO2026 High Economic Growth
p106,2019,0.15189117,0.12020945,0.08829481,0.12673842000000002,MISC,AEO2026 High Economic Growth
p106,2020,0.15189117,0.12020945,0.08829481,0.12673842000000002,MISC,AEO2026 High Economic Growth
p106,2021,0.15189117,0.12020945,0.08829481,0.12673842000000002,MISC,AEO2026 High Economic Growth
p106,2022,0.15189117,0.12020945,0.08829481,0.12673842000000002,MISC,AEO2026 High Economic Growth
p106,2023,0.15189117,0.12020945,0.08829481,0.12673842000000002,MISC,AEO2026 High Economic Growth
p106,2024,0.15189117,0.12020945,0.08829481,0.12673842000000002,MISC,AEO2026 High Economic Growth
p106,2025,0.15189117,0.12020945,0.08829481,0.12673842000000002,MISC,AEO2026 High Economic Growth
p106,2026,0.15516932,0.12183301,0.08987456999999999,0.12937680000000001,MISC,AEO2026 High Economic Growth
p106,2027,0.15315029,0.12103469,0.08772724,0.12799592,MISC,AEO2026 High Economic Growth
p106,2028,0.15074898,0.11911167,0.08631304999999999,0.12535332999999999,MISC,AEO2026 High Economic Growth
p106,2029,0.1544604,0.12267241999999999,0.08908459,0.12865182,MISC,AEO2026 High Economic Growth
p106,2030,0.16067658999999998,0.12847483,0.09352385999999999,0.1346192,MISC,AEO2026 High Economic Growth
p106,2031,0.16669758,0.13510427,0.09770262,0.14113475,MISC,AEO2026 High Economic Growth
p106,2032,0.16969069,0.13690461,0.09998233000000001,0.14349318,MISC,AEO2026 High Economic Growth
p106,2033,0.17251259000000002,0.13926003,0.10187897,0.14695954,MISC,AEO2026 High Economic Growth
p106,2034,0.17427423,0.14072559,0.10314479,0.14844209,MISC,AEO2026 High Economic Growth
p106,2035,0.17639322,0.14235801,0.10452447,0.15025958,MISC,AEO2026 High Economic Growth
p106,2036,0.17974714,0.14473773,0.10671638,0.15281541,MISC,AEO2026 High Economic Growth
p106,2037,0.18314888,0.14762154,0.10902607,0.15592165,MISC,AEO2026 High Economic Growth
p106,2038,0.18800515999999998,0.15250555999999998,0.1127853,0.16038136000000003,MISC,AEO2026 High Economic Growth
p106,2039,0.19056668999999998,0.15360419,0.11446735999999999,0.1619232,MISC,AEO2026 High Economic Growth
p106,2040,0.19505516,0.15734892,0.11722041000000001,0.16598516,MISC,AEO2026 High Economic Growth
p106,2041,0.19814444,0.15983594,0.11901373,0.16862422999999999,MISC,AEO2026 High Economic Growth
p106,2042,0.20176182,0.16251253,0.12134653000000001,0.17123481999999998,MISC,AEO2026 High Economic Growth
p106,2043,0.20946169,0.16855993000000002,0.12679155,0.1770591,MISC,AEO2026 High Economic Growth
p106,2044,0.21596764000000002,0.17432602,0.13070909,0.18327142999999999,MISC,AEO2026 High Economic Growth
p106,2045,0.21895876,0.17680923,0.13231579999999998,0.18577864000000002,MISC,AEO2026 High Economic Growth
p106,2046,0.22177595,0.17899252000000002,0.13395125,0.18783245,MISC,AEO2026 High Economic Growth
p106,2047,0.22496666,0.18170352999999997,0.13573503,0.19060538999999999,MISC,AEO2026 High Economic Growth
p106,2048,0.22793459,0.18416350999999997,0.1374268,0.19296713000000001,MISC,AEO2026 High Economic Growth
p106,2049,0.23097176,0.18668039,0.13913876,0.19538181000000002,MISC,AEO2026 High Economic Growth
p106,2050,0.23415524000000001,0.18911688000000001,0.14072646,0.19768307,MISC,AEO2026 High Economic Growth
p107,2014,0.15189117,0.12020945,0.08829481,0.12673842000000002,MISC,AEO2026 High Economic Growth
p107,2015,0.15189117,0.12020945,0.08829481,0.12673842000000002,MISC,AEO2026 High Economic Growth
p107,2016,0.15189117,0.12020945,0.08829481,0.12673842000000002,MISC,AEO2026 High Economic Growth
p107,2017,0.15189117,0.12020945,0.08829481,0.12673842000000002,MISC,AEO2026 High Economic Growth
p107,2018,0.15189117,0.12020945,0.08829481,0.12673842000000002,MISC,AEO2026 High Economic Growth
p107,2019,0.15189117,0.12020945,0.08829481,0.12673842000000002,MISC,AEO2026 High Economic Growth
p107,2020,0.15189117,0.12020945,0.08829481,0.12673842000000002,MISC,AEO2026 High Economic Growth
p107,2021,0.15189117,0.12020945,0.08829481,0.12673842000000002,MISC,AEO2026 High Economic Growth
p107,2022,0.15189117,0.12020945,0.08829481,0.12673842000000002,MISC,AEO2026 High Economic Growth
p107,2023,0.15189117,0.12020945,0.08829481,0.12673842000000002,MISC,AEO2026 High Economic Growth
p107,2024,0.15189117,0.12020945,0.08829481,0.12673842000000002,MISC,AEO2026 High Economic Growth
p107,2025,0.15189117,0.12020945,0.08829481,0.12673842000000002,MISC,AEO2026 High Economic Growth
p107,2026,0.15516932,0.12183301,0.08987456999999999,0.12937680000000001,MISC,AEO2026 High Economic Growth
p107,2027,0.15315029,0.12103469,0.08772724,0.12799592,MISC,AEO2026 High Economic Growth
p107,2028,0.15074898,0.11911167,0.08631304999999999,0.12535332999999999,MISC,AEO2026 High Economic Growth
p107,2029,0.1544604,0.12267241999999999,0.08908459,0.12865182,MISC,AEO2026 High Economic Growth
p107,2030,0.16067658999999998,0.12847483,0.09352385999999999,0.1346192,MISC,AEO2026 High Economic Growth
p107,2031,0.16669758,0.13510427,0.09770262,0.14113475,MISC,AEO2026 High Economic Growth
p107,2032,0.16969069,0.13690461,0.09998233000000001,0.14349318,MISC,AEO2026 High Economic Growth
p107,2033,0.17251259000000002,0.13926003,0.10187897,0.14695954,MISC,AEO2026 High Economic Growth
p107,2034,0.17427423,0.14072559,0.10314479,0.14844209,MISC,AEO2026 High Economic Growth
p107,2035,0.17639322,0.14235801,0.10452447,0.15025958,MISC,AEO2026 High Economic Growth
p107,2036,0.17974714,0.14473773,0.10671638,0.15281541,MISC,AEO2026 High Economic Growth
p107,2037,0.18314888,0.14762154,0.10902607,0.15592165,MISC,AEO2026 High Economic Growth
p107,2038,0.18800515999999998,0.15250555999999998,0.1127853,0.16038136000000003,MISC,AEO2026 High Economic Growth
p107,2039,0.19056668999999998,0.15360419,0.11446735999999999,0.1619232,MISC,AEO2026 High Economic Growth
p107,2040,0.19505516,0.15734892,0.11722041000000001,0.16598516,MISC,AEO2026 High Economic Growth
p107,2041,0.19814444,0.15983594,0.11901373,0.16862422999999999,MISC,AEO2026 High Economic Growth
p107,2042,0.20176182,0.16251253,0.12134653000000001,0.17123481999999998,MISC,AEO2026 High Economic Growth
p107,2043,0.20946169,0.16855993000000002,0.12679155,0.1770591,MISC,AEO2026 High Economic Growth
p107,2044,0.21596764000000002,0.17432602,0.13070909,0.18327142999999999,MISC,AEO2026 High Economic Growth
p107,2045,0.21895876,0.17680923,0.13231579999999998,0.18577864000000002,MISC,AEO2026 High Economic Growth
p107,2046,0.22177595,0.17899252000000002,0.13395125,0.18783245,MISC,AEO2026 High Economic Growth
p107,2047,0.22496666,0.18170352999999997,0.13573503,0.19060538999999999,MISC,AEO2026 High Economic Growth
p107,2048,0.22793459,0.18416350999999997,0.1374268,0.19296713000000001,MISC,AEO2026 High Economic Growth
p107,2049,0.23097176,0.18668039,0.13913876,0.19538181000000002,MISC,AEO2026 High Economic Growth
p107,2050,0.23415524000000001,0.18911688000000001,0.14072646,0.19768307,MISC,AEO2026 High Economic Growth
p108,2014,0.12780803000000002,0.11894054999999999,0.05933984,0.10590442,SRCE,AEO2026 High Economic Growth
p108,2015,0.12780803000000002,0.11894054999999999,0.05933984,0.10590442,SRCE,AEO2026 High Economic Growth
p108,2016,0.12780803000000002,0.11894054999999999,0.05933984,0.10590442,SRCE,AEO2026 High Economic Growth
p108,2017,0.12780803000000002,0.11894054999999999,0.05933984,0.10590442,SRCE,AEO2026 High Economic Growth
p108,2018,0.12780803000000002,0.11894054999999999,0.05933984,0.10590442,SRCE,AEO2026 High Economic Growth
p108,2019,0.12780803000000002,0.11894054999999999,0.05933984,0.10590442,SRCE,AEO2026 High Economic Growth
p108,2020,0.12780803000000002,0.11894054999999999,0.05933984,0.10590442,SRCE,AEO2026 High Economic Growth
p108,2021,0.12780803000000002,0.11894054999999999,0.05933984,0.10590442,SRCE,AEO2026 High Economic Growth
p108,2022,0.12780803000000002,0.11894054999999999,0.05933984,0.10590442,SRCE,AEO2026 High Economic Growth
p108,2023,0.12780803000000002,0.11894054999999999,0.05933984,0.10590442,SRCE,AEO2026 High Economic Growth
p108,2024,0.12780803000000002,0.11894054999999999,0.05933984,0.10590442,SRCE,AEO2026 High Economic Growth
p108,2025,0.12780803000000002,0.11894054999999999,0.05933984,0.10590442,SRCE,AEO2026 High Economic Growth
p108,2026,0.12929715,0.12274879999999999,0.061949899999999995,0.10946167000000001,SRCE,AEO2026 High Economic Growth
p108,2027,0.11910543999999999,0.10869899,0.053037970000000004,0.09805624,SRCE,AEO2026 High Economic Growth
p108,2028,0.11955372,0.10959089000000001,0.05363035,0.09867412,SRCE,AEO2026 High Economic Growth
p108,2029,0.12129212,0.11160956999999999,0.0546911,0.10051666000000001,SRCE,AEO2026 High Economic Growth
p108,2030,0.12648309,0.11750485,0.05852159999999999,0.10567597,SRCE,AEO2026 High Economic Growth
p108,2031,0.13152617,0.12300357999999999,0.06208047,0.11072395,SRCE,AEO2026 High Economic Growth
p108,2032,0.13924765,0.13140661,0.06777301,0.11809492,SRCE,AEO2026 High Economic Growth
p108,2033,0.14156734999999998,0.13343819999999998,0.06918928,0.12053967,SRCE,AEO2026 High Economic Growth
p108,2034,0.14290509,0.13453912,0.07023763,0.12193751000000001,SRCE,AEO2026 High Economic Growth
p108,2035,0.14433984,0.13583809,0.07133046,0.12345389000000001,SRCE,AEO2026 High Economic Growth
p108,2036,0.14633321999999999,0.13785783000000001,0.07306414,0.12534211,SRCE,AEO2026 High Economic Growth
p108,2037,0.14837038,0.13999122,0.0747146,0.12741252,SRCE,AEO2026 High Economic Growth
p108,2038,0.15155368,0.14338635,0.07703429,0.1307438,SRCE,AEO2026 High Economic Growth
p108,2039,0.15724128,0.14993715,0.08153646,0.13636429,SRCE,AEO2026 High Economic Growth
p108,2040,0.16077734,0.15364714,0.08387104000000001,0.13997536,SRCE,AEO2026 High Economic Growth
p108,2041,0.16306435,0.15598127,0.08538065,0.1422637,SRCE,AEO2026 High Economic Growth
p108,2042,0.16538998,0.1584331,0.08690325,0.14456407999999998,SRCE,AEO2026 High Economic Growth
p108,2043,0.16873337,0.16197441,0.08896472,0.14789449,SRCE,AEO2026 High Economic Growth
p108,2044,0.17176428000000002,0.16515137,0.09075507,0.15094556,SRCE,AEO2026 High Economic Growth
p108,2045,0.17455791,0.16793375000000002,0.09264177999999999,0.15324907,SRCE,AEO2026 High Economic Growth
p108,2046,0.17858404,0.17217098,0.09515985,0.15705033000000002,SRCE,AEO2026 High Economic Growth
p108,2047,0.18143538,0.17494993,0.0968174,0.15948596,SRCE,AEO2026 High Economic Growth
p108,2048,0.18511171,0.1779104,0.09851755000000001,0.16204691000000002,SRCE,AEO2026 High Economic Growth
p108,2049,0.19030118999999998,0.18260277,0.10127394,0.16605685999999997,SRCE,AEO2026 High Economic Growth
p108,2050,0.19467243,0.18625719,0.10330192,0.16931158,SRCE,AEO2026 High Economic Growth
p109,2014,0.12780803000000002,0.11894054999999999,0.05933984,0.10590442,SRCE,AEO2026 High Economic Growth
p109,2015,0.12780803000000002,0.11894054999999999,0.05933984,0.10590442,SRCE,AEO2026 High Economic Growth
p109,2016,0.12780803000000002,0.11894054999999999,0.05933984,0.10590442,SRCE,AEO2026 High Economic Growth
p109,2017,0.12780803000000002,0.11894054999999999,0.05933984,0.10590442,SRCE,AEO2026 High Economic Growth
p109,2018,0.12780803000000002,0.11894054999999999,0.05933984,0.10590442,SRCE,AEO2026 High Economic Growth
p109,2019,0.12780803000000002,0.11894054999999999,0.05933984,0.10590442,SRCE,AEO2026 High Economic Growth
p109,2020,0.12780803000000002,0.11894054999999999,0.05933984,0.10590442,SRCE,AEO2026 High Economic Growth
p109,2021,0.12780803000000002,0.11894054999999999,0.05933984,0.10590442,SRCE,AEO2026 High Economic Growth
p109,2022,0.12780803000000002,0.11894054999999999,0.05933984,0.10590442,SRCE,AEO2026 High Economic Growth
p109,2023,0.12780803000000002,0.11894054999999999,0.05933984,0.10590442,SRCE,AEO2026 High Economic Growth
p109,2024,0.12780803000000002,0.11894054999999999,0.05933984,0.10590442,SRCE,AEO2026 High Economic Growth
p109,2025,0.12780803000000002,0.11894054999999999,0.05933984,0.10590442,SRCE,AEO2026 High Economic Growth
p109,2026,0.12929715,0.12274879999999999,0.061949899999999995,0.10946167000000001,SRCE,AEO2026 High Economic Growth
p109,2027,0.11910543999999999,0.10869899,0.053037970000000004,0.09805624,SRCE,AEO2026 High Economic Growth
p109,2028,0.11955372,0.10959089000000001,0.05363035,0.09867412,SRCE,AEO2026 High Economic Growth
p109,2029,0.12129212,0.11160956999999999,0.0546911,0.10051666000000001,SRCE,AEO2026 High Economic Growth
p109,2030,0.12648309,0.11750485,0.05852159999999999,0.10567597,SRCE,AEO2026 High Economic Growth
p109,2031,0.13152617,0.12300357999999999,0.06208047,0.11072395,SRCE,AEO2026 High Economic Growth
p109,2032,0.13924765,0.13140661,0.06777301,0.11809492,SRCE,AEO2026 High Economic Growth
p109,2033,0.14156734999999998,0.13343819999999998,0.06918928,0.12053967,SRCE,AEO2026 High Economic Growth
p109,2034,0.14290509,0.13453912,0.07023763,0.12193751000000001,SRCE,AEO2026 High Economic Growth
p109,2035,0.14433984,0.13583809,0.07133046,0.12345389000000001,SRCE,AEO2026 High Economic Growth
p109,2036,0.14633321999999999,0.13785783000000001,0.07306414,0.12534211,SRCE,AEO2026 High Economic Growth
p109,2037,0.14837038,0.13999122,0.0747146,0.12741252,SRCE,AEO2026 High Economic Growth
p109,2038,0.15155368,0.14338635,0.07703429,0.1307438,SRCE,AEO2026 High Economic Growth
p109,2039,0.15724128,0.14993715,0.08153646,0.13636429,SRCE,AEO2026 High Economic Growth
p109,2040,0.16077734,0.15364714,0.08387104000000001,0.13997536,SRCE,AEO2026 High Economic Growth
p109,2041,0.16306435,0.15598127,0.08538065,0.1422637,SRCE,AEO2026 High Economic Growth
p109,2042,0.16538998,0.1584331,0.08690325,0.14456407999999998,SRCE,AEO2026 High Economic Growth
p109,2043,0.16873337,0.16197441,0.08896472,0.14789449,SRCE,AEO2026 High Economic Growth
p109,2044,0.17176428000000002,0.16515137,0.09075507,0.15094556,SRCE,AEO2026 High Economic Growth
p109,2045,0.17455791,0.16793375000000002,0.09264177999999999,0.15324907,SRCE,AEO2026 High Economic Growth
p109,2046,0.17858404,0.17217098,0.09515985,0.15705033000000002,SRCE,AEO2026 High Economic Growth
p109,2047,0.18143538,0.17494993,0.0968174,0.15948596,SRCE,AEO2026 High Economic Growth
p109,2048,0.18511171,0.1779104,0.09851755000000001,0.16204691000000002,SRCE,AEO2026 High Economic Growth
p109,2049,0.19030118999999998,0.18260277,0.10127394,0.16605685999999997,SRCE,AEO2026 High Economic Growth
p109,2050,0.19467243,0.18625719,0.10330192,0.16931158,SRCE,AEO2026 High Economic Growth
p110,2014,0.15666062,0.13138543,0.10255755000000001,0.13140406000000002,PJMW,AEO2026 High Economic Growth
p110,2015,0.15666062,0.13138543,0.10255755000000001,0.13140406000000002,PJMW,AEO2026 High Economic Growth
p110,2016,0.15666062,0.13138543,0.10255755000000001,0.13140406000000002,PJMW,AEO2026 High Economic Growth
p110,2017,0.15666062,0.13138543,0.10255755000000001,0.13140406000000002,PJMW,AEO2026 High Economic Growth
p110,2018,0.15666062,0.13138543,0.10255755000000001,0.13140406000000002,PJMW,AEO2026 High Economic Growth
p110,2019,0.15666062,0.13138543,0.10255755000000001,0.13140406000000002,PJMW,AEO2026 High Economic Growth
p110,2020,0.15666062,0.13138543,0.10255755000000001,0.13140406000000002,PJMW,AEO2026 High Economic Growth
p110,2021,0.15666062,0.13138543,0.10255755000000001,0.13140406000000002,PJMW,AEO2026 High Economic Growth
p110,2022,0.15666062,0.13138543,0.10255755000000001,0.13140406000000002,PJMW,AEO2026 High Economic Growth
p110,2023,0.15666062,0.13138543,0.10255755000000001,0.13140406000000002,PJMW,AEO2026 High Economic Growth
p110,2024,0.15666062,0.13138543,0.10255755000000001,0.13140406000000002,PJMW,AEO2026 High Economic Growth
p110,2025,0.15666062,0.13138543,0.10255755000000001,0.13140406000000002,PJMW,AEO2026 High Economic Growth
p110,2026,0.16054924,0.13337581,0.10405595,0.1341561,PJMW,AEO2026 High Economic Growth
p110,2027,0.15988822,0.13409063,0.10255394000000001,0.13369529,PJMW,AEO2026 High Economic Growth
p110,2028,0.15465956,0.12916501,0.09843522,0.12835572,PJMW,AEO2026 High Economic Growth
p110,2029,0.15929348,0.13383487,0.10204510000000001,0.13254474,PJMW,AEO2026 High Economic Growth
p110,2030,0.16375134,0.13768874,0.10572545,0.13669155,PJMW,AEO2026 High Economic Growth
p110,2031,0.17758421,0.15238393,0.11609506,0.14918691,PJMW,AEO2026 High Economic Growth
p110,2032,0.17622362,0.14903465000000002,0.11516569,0.14854434,PJMW,AEO2026 High Economic Growth
p110,2033,0.18063782,0.15308351,0.1185224,0.15290812,PJMW,AEO2026 High Economic Growth
p110,2034,0.18140459,0.15320669,0.11828902,0.15331461,PJMW,AEO2026 High Economic Growth
p110,2035,0.18169048,0.15282036,0.11793931,0.15253266999999998,PJMW,AEO2026 High Economic Growth
p110,2036,0.18339167,0.15401814,0.11871734,0.15374488,PJMW,AEO2026 High Economic Growth
p110,2037,0.1895299,0.15986472,0.12312279,0.15882935,PJMW,AEO2026 High Economic Growth
p110,2038,0.19881849,0.16921061999999998,0.12997902,0.16675787,PJMW,AEO2026 High Economic Growth
p110,2039,0.19790997999999999,0.16669601,0.12850738,0.16579834000000002,PJMW,AEO2026 High Economic Growth
p110,2040,0.20121880999999997,0.16909870000000002,0.12978159,0.16832842,PJMW,AEO2026 High Economic Growth
p110,2041,0.20453934000000001,0.17156441,0.131418,0.17087233000000002,PJMW,AEO2026 High Economic Growth
p110,2042,0.20969652,0.17567897999999998,0.13467257,0.17601427,PJMW,AEO2026 High Economic Growth
p110,2043,0.21544643,0.18053465,0.13843381000000002,0.18075228,PJMW,AEO2026 High Economic Growth
p110,2044,0.22385862,0.18708773,0.14405077,0.18716082,PJMW,AEO2026 High Economic Growth
p110,2045,0.23099813000000002,0.19293802,0.14783689,0.19322894999999998,PJMW,AEO2026 High Economic Growth
p110,2046,0.23502182000000002,0.19619672999999999,0.15000633,0.19637810000000003,PJMW,AEO2026 High Economic Growth
p110,2047,0.23933336,0.19958863999999998,0.15255978,0.19948147,PJMW,AEO2026 High Economic Growth
p110,2048,0.24422758000000003,0.20341138999999997,0.15532943,0.20309605,PJMW,AEO2026 High Economic Growth
p110,2049,0.24821615000000002,0.20618879,0.1573041,0.20595949000000002,PJMW,AEO2026 High Economic Growth
p110,2050,0.25319248,0.21023637999999997,0.1597806,0.20960484999999998,PJMW,AEO2026 High Economic Growth
p111,2014,0.15666062,0.13138543,0.10255755000000001,0.13140406000000002,PJMW,AEO2026 High Economic Growth
p111,2015,0.15666062,0.13138543,0.10255755000000001,0.13140406000000002,PJMW,AEO2026 High Economic Growth
p111,2016,0.15666062,0.13138543,0.10255755000000001,0.13140406000000002,PJMW,AEO2026 High Economic Growth
p111,2017,0.15666062,0.13138543,0.10255755000000001,0.13140406000000002,PJMW,AEO2026 High Economic Growth
p111,2018,0.15666062,0.13138543,0.10255755000000001,0.13140406000000002,PJMW,AEO2026 High Economic Growth
p111,2019,0.15666062,0.13138543,0.10255755000000001,0.13140406000000002,PJMW,AEO2026 High Economic Growth
p111,2020,0.15666062,0.13138543,0.10255755000000001,0.13140406000000002,PJMW,AEO2026 High Economic Growth
p111,2021,0.15666062,0.13138543,0.10255755000000001,0.13140406000000002,PJMW,AEO2026 High Economic Growth
p111,2022,0.15666062,0.13138543,0.10255755000000001,0.13140406000000002,PJMW,AEO2026 High Economic Growth
p111,2023,0.15666062,0.13138543,0.10255755000000001,0.13140406000000002,PJMW,AEO2026 High Economic Growth
p111,2024,0.15666062,0.13138543,0.10255755000000001,0.13140406000000002,PJMW,AEO2026 High Economic Growth
p111,2025,0.15666062,0.13138543,0.10255755000000001,0.13140406000000002,PJMW,AEO2026 High Economic Growth
p111,2026,0.16054924,0.13337581,0.10405595,0.1341561,PJMW,AEO2026 High Economic Growth
p111,2027,0.15988822,0.13409063,0.10255394000000001,0.13369529,PJMW,AEO2026 High Economic Growth
p111,2028,0.15465956,0.12916501,0.09843522,0.12835572,PJMW,AEO2026 High Economic Growth
p111,2029,0.15929348,0.13383487,0.10204510000000001,0.13254474,PJMW,AEO2026 High Economic Growth
p111,2030,0.16375134,0.13768874,0.10572545,0.13669155,PJMW,AEO2026 High Economic Growth
p111,2031,0.17758421,0.15238393,0.11609506,0.14918691,PJMW,AEO2026 High Economic Growth
p111,2032,0.17622362,0.14903465000000002,0.11516569,0.14854434,PJMW,AEO2026 High Economic Growth
p111,2033,0.18063782,0.15308351,0.1185224,0.15290812,PJMW,AEO2026 High Economic Growth
p111,2034,0.18140459,0.15320669,0.11828902,0.15331461,PJMW,AEO2026 High Economic Growth
p111,2035,0.18169048,0.15282036,0.11793931,0.15253266999999998,PJMW,AEO2026 High Economic Growth
p111,2036,0.18339167,0.15401814,0.11871734,0.15374488,PJMW,AEO2026 High Economic Growth
p111,2037,0.1895299,0.15986472,0.12312279,0.15882935,PJMW,AEO2026 High Economic Growth
p111,2038,0.19881849,0.16921061999999998,0.12997902,0.16675787,PJMW,AEO2026 High Economic Growth
p111,2039,0.19790997999999999,0.16669601,0.12850738,0.16579834000000002,PJMW,AEO2026 High Economic Growth
p111,2040,0.20121880999999997,0.16909870000000002,0.12978159,0.16832842,PJMW,AEO2026 High Economic Growth
p111,2041,0.20453934000000001,0.17156441,0.131418,0.17087233000000002,PJMW,AEO2026 High Economic Growth
p111,2042,0.20969652,0.17567897999999998,0.13467257,0.17601427,PJMW,AEO2026 High Economic Growth
p111,2043,0.21544643,0.18053465,0.13843381000000002,0.18075228,PJMW,AEO2026 High Economic Growth
p111,2044,0.22385862,0.18708773,0.14405077,0.18716082,PJMW,AEO2026 High Economic Growth
p111,2045,0.23099813000000002,0.19293802,0.14783689,0.19322894999999998,PJMW,AEO2026 High Economic Growth
p111,2046,0.23502182000000002,0.19619672999999999,0.15000633,0.19637810000000003,PJMW,AEO2026 High Economic Growth
p111,2047,0.23933336,0.19958863999999998,0.15255978,0.19948147,PJMW,AEO2026 High Economic Growth
p111,2048,0.24422758000000003,0.20341138999999997,0.15532943,0.20309605,PJMW,AEO2026 High Economic Growth
p111,2049,0.24821615000000002,0.20618879,0.1573041,0.20595949000000002,PJMW,AEO2026 High Economic Growth
p111,2050,0.25319248,0.21023637999999997,0.1597806,0.20960484999999998,PJMW,AEO2026 High Economic Growth
p112,2014,0.15666062,0.13138543,0.10255755000000001,0.13140406000000002,PJMW,AEO2026 High Economic Growth
p112,2015,0.15666062,0.13138543,0.10255755000000001,0.13140406000000002,PJMW,AEO2026 High Economic Growth
p112,2016,0.15666062,0.13138543,0.10255755000000001,0.13140406000000002,PJMW,AEO2026 High Economic Growth
p112,2017,0.15666062,0.13138543,0.10255755000000001,0.13140406000000002,PJMW,AEO2026 High Economic Growth
p112,2018,0.15666062,0.13138543,0.10255755000000001,0.13140406000000002,PJMW,AEO2026 High Economic Growth
p112,2019,0.15666062,0.13138543,0.10255755000000001,0.13140406000000002,PJMW,AEO2026 High Economic Growth
p112,2020,0.15666062,0.13138543,0.10255755000000001,0.13140406000000002,PJMW,AEO2026 High Economic Growth
p112,2021,0.15666062,0.13138543,0.10255755000000001,0.13140406000000002,PJMW,AEO2026 High Economic Growth
p112,2022,0.15666062,0.13138543,0.10255755000000001,0.13140406000000002,PJMW,AEO2026 High Economic Growth
p112,2023,0.15666062,0.13138543,0.10255755000000001,0.13140406000000002,PJMW,AEO2026 High Economic Growth
p112,2024,0.15666062,0.13138543,0.10255755000000001,0.13140406000000002,PJMW,AEO2026 High Economic Growth
p112,2025,0.15666062,0.13138543,0.10255755000000001,0.13140406000000002,PJMW,AEO2026 High Economic Growth
p112,2026,0.16054924,0.13337581,0.10405595,0.1341561,PJMW,AEO2026 High Economic Growth
p112,2027,0.15988822,0.13409063,0.10255394000000001,0.13369529,PJMW,AEO2026 High Economic Growth
p112,2028,0.15465956,0.12916501,0.09843522,0.12835572,PJMW,AEO2026 High Economic Growth
p112,2029,0.15929348,0.13383487,0.10204510000000001,0.13254474,PJMW,AEO2026 High Economic Growth
p112,2030,0.16375134,0.13768874,0.10572545,0.13669155,PJMW,AEO2026 High Economic Growth
p112,2031,0.17758421,0.15238393,0.11609506,0.14918691,PJMW,AEO2026 High Economic Growth
p112,2032,0.17622362,0.14903465000000002,0.11516569,0.14854434,PJMW,AEO2026 High Economic Growth
p112,2033,0.18063782,0.15308351,0.1185224,0.15290812,PJMW,AEO2026 High Economic Growth
p112,2034,0.18140459,0.15320669,0.11828902,0.15331461,PJMW,AEO2026 High Economic Growth
p112,2035,0.18169048,0.15282036,0.11793931,0.15253266999999998,PJMW,AEO2026 High Economic Growth
p112,2036,0.18339167,0.15401814,0.11871734,0.15374488,PJMW,AEO2026 High Economic Growth
p112,2037,0.1895299,0.15986472,0.12312279,0.15882935,PJMW,AEO2026 High Economic Growth
p112,2038,0.19881849,0.16921061999999998,0.12997902,0.16675787,PJMW,AEO2026 High Economic Growth
p112,2039,0.19790997999999999,0.16669601,0.12850738,0.16579834000000002,PJMW,AEO2026 High Economic Growth
p112,2040,0.20121880999999997,0.16909870000000002,0.12978159,0.16832842,PJMW,AEO2026 High Economic Growth
p112,2041,0.20453934000000001,0.17156441,0.131418,0.17087233000000002,PJMW,AEO2026 High Economic Growth
p112,2042,0.20969652,0.17567897999999998,0.13467257,0.17601427,PJMW,AEO2026 High Economic Growth
p112,2043,0.21544643,0.18053465,0.13843381000000002,0.18075228,PJMW,AEO2026 High Economic Growth
p112,2044,0.22385862,0.18708773,0.14405077,0.18716082,PJMW,AEO2026 High Economic Growth
p112,2045,0.23099813000000002,0.19293802,0.14783689,0.19322894999999998,PJMW,AEO2026 High Economic Growth
p112,2046,0.23502182000000002,0.19619672999999999,0.15000633,0.19637810000000003,PJMW,AEO2026 High Economic Growth
p112,2047,0.23933336,0.19958863999999998,0.15255978,0.19948147,PJMW,AEO2026 High Economic Growth
p112,2048,0.24422758000000003,0.20341138999999997,0.15532943,0.20309605,PJMW,AEO2026 High Economic Growth
p112,2049,0.24821615000000002,0.20618879,0.1573041,0.20595949000000002,PJMW,AEO2026 High Economic Growth
p112,2050,0.25319248,0.21023637999999997,0.1597806,0.20960484999999998,PJMW,AEO2026 High Economic Growth
p113,2014,0.15666062,0.13138543,0.10255755000000001,0.13140406000000002,PJMW,AEO2026 High Economic Growth
p113,2015,0.15666062,0.13138543,0.10255755000000001,0.13140406000000002,PJMW,AEO2026 High Economic Growth
p113,2016,0.15666062,0.13138543,0.10255755000000001,0.13140406000000002,PJMW,AEO2026 High Economic Growth
p113,2017,0.15666062,0.13138543,0.10255755000000001,0.13140406000000002,PJMW,AEO2026 High Economic Growth
p113,2018,0.15666062,0.13138543,0.10255755000000001,0.13140406000000002,PJMW,AEO2026 High Economic Growth
p113,2019,0.15666062,0.13138543,0.10255755000000001,0.13140406000000002,PJMW,AEO2026 High Economic Growth
p113,2020,0.15666062,0.13138543,0.10255755000000001,0.13140406000000002,PJMW,AEO2026 High Economic Growth
p113,2021,0.15666062,0.13138543,0.10255755000000001,0.13140406000000002,PJMW,AEO2026 High Economic Growth
p113,2022,0.15666062,0.13138543,0.10255755000000001,0.13140406000000002,PJMW,AEO2026 High Economic Growth
p113,2023,0.15666062,0.13138543,0.10255755000000001,0.13140406000000002,PJMW,AEO2026 High Economic Growth
p113,2024,0.15666062,0.13138543,0.10255755000000001,0.13140406000000002,PJMW,AEO2026 High Economic Growth
p113,2025,0.15666062,0.13138543,0.10255755000000001,0.13140406000000002,PJMW,AEO2026 High Economic Growth
p113,2026,0.16054924,0.13337581,0.10405595,0.1341561,PJMW,AEO2026 High Economic Growth
p113,2027,0.15988822,0.13409063,0.10255394000000001,0.13369529,PJMW,AEO2026 High Economic Growth
p113,2028,0.15465956,0.12916501,0.09843522,0.12835572,PJMW,AEO2026 High Economic Growth
p113,2029,0.15929348,0.13383487,0.10204510000000001,0.13254474,PJMW,AEO2026 High Economic Growth
p113,2030,0.16375134,0.13768874,0.10572545,0.13669155,PJMW,AEO2026 High Economic Growth
p113,2031,0.17758421,0.15238393,0.11609506,0.14918691,PJMW,AEO2026 High Economic Growth
p113,2032,0.17622362,0.14903465000000002,0.11516569,0.14854434,PJMW,AEO2026 High Economic Growth
p113,2033,0.18063782,0.15308351,0.1185224,0.15290812,PJMW,AEO2026 High Economic Growth
p113,2034,0.18140459,0.15320669,0.11828902,0.15331461,PJMW,AEO2026 High Economic Growth
p113,2035,0.18169048,0.15282036,0.11793931,0.15253266999999998,PJMW,AEO2026 High Economic Growth
p113,2036,0.18339167,0.15401814,0.11871734,0.15374488,PJMW,AEO2026 High Economic Growth
p113,2037,0.1895299,0.15986472,0.12312279,0.15882935,PJMW,AEO2026 High Economic Growth
p113,2038,0.19881849,0.16921061999999998,0.12997902,0.16675787,PJMW,AEO2026 High Economic Growth
p113,2039,0.19790997999999999,0.16669601,0.12850738,0.16579834000000002,PJMW,AEO2026 High Economic Growth
p113,2040,0.20121880999999997,0.16909870000000002,0.12978159,0.16832842,PJMW,AEO2026 High Economic Growth
p113,2041,0.20453934000000001,0.17156441,0.131418,0.17087233000000002,PJMW,AEO2026 High Economic Growth
p113,2042,0.20969652,0.17567897999999998,0.13467257,0.17601427,PJMW,AEO2026 High Economic Growth
p113,2043,0.21544643,0.18053465,0.13843381000000002,0.18075228,PJMW,AEO2026 High Economic Growth
p113,2044,0.22385862,0.18708773,0.14405077,0.18716082,PJMW,AEO2026 High Economic Growth
p113,2045,0.23099813000000002,0.19293802,0.14783689,0.19322894999999998,PJMW,AEO2026 High Economic Growth
p113,2046,0.23502182000000002,0.19619672999999999,0.15000633,0.19637810000000003,PJMW,AEO2026 High Economic Growth
p113,2047,0.23933336,0.19958863999999998,0.15255978,0.19948147,PJMW,AEO2026 High Economic Growth
p113,2048,0.24422758000000003,0.20341138999999997,0.15532943,0.20309605,PJMW,AEO2026 High Economic Growth
p113,2049,0.24821615000000002,0.20618879,0.1573041,0.20595949000000002,PJMW,AEO2026 High Economic Growth
p113,2050,0.25319248,0.21023637999999997,0.1597806,0.20960484999999998,PJMW,AEO2026 High Economic Growth
p114,2014,0.15666062,0.13138543,0.10255755000000001,0.13140406000000002,PJMW,AEO2026 High Economic Growth
p114,2015,0.15666062,0.13138543,0.10255755000000001,0.13140406000000002,PJMW,AEO2026 High Economic Growth
p114,2016,0.15666062,0.13138543,0.10255755000000001,0.13140406000000002,PJMW,AEO2026 High Economic Growth
p114,2017,0.15666062,0.13138543,0.10255755000000001,0.13140406000000002,PJMW,AEO2026 High Economic Growth
p114,2018,0.15666062,0.13138543,0.10255755000000001,0.13140406000000002,PJMW,AEO2026 High Economic Growth
p114,2019,0.15666062,0.13138543,0.10255755000000001,0.13140406000000002,PJMW,AEO2026 High Economic Growth
p114,2020,0.15666062,0.13138543,0.10255755000000001,0.13140406000000002,PJMW,AEO2026 High Economic Growth
p114,2021,0.15666062,0.13138543,0.10255755000000001,0.13140406000000002,PJMW,AEO2026 High Economic Growth
p114,2022,0.15666062,0.13138543,0.10255755000000001,0.13140406000000002,PJMW,AEO2026 High Economic Growth
p114,2023,0.15666062,0.13138543,0.10255755000000001,0.13140406000000002,PJMW,AEO2026 High Economic Growth
p114,2024,0.15666062,0.13138543,0.10255755000000001,0.13140406000000002,PJMW,AEO2026 High Economic Growth
p114,2025,0.15666062,0.13138543,0.10255755000000001,0.13140406000000002,PJMW,AEO2026 High Economic Growth
p114,2026,0.16054924,0.13337581,0.10405595,0.1341561,PJMW,AEO2026 High Economic Growth
p114,2027,0.15988822,0.13409063,0.10255394000000001,0.13369529,PJMW,AEO2026 High Economic Growth
p114,2028,0.15465956,0.12916501,0.09843522,0.12835572,PJMW,AEO2026 High Economic Growth
p114,2029,0.15929348,0.13383487,0.10204510000000001,0.13254474,PJMW,AEO2026 High Economic Growth
p114,2030,0.16375134,0.13768874,0.10572545,0.13669155,PJMW,AEO2026 High Economic Growth
p114,2031,0.17758421,0.15238393,0.11609506,0.14918691,PJMW,AEO2026 High Economic Growth
p114,2032,0.17622362,0.14903465000000002,0.11516569,0.14854434,PJMW,AEO2026 High Economic Growth
p114,2033,0.18063782,0.15308351,0.1185224,0.15290812,PJMW,AEO2026 High Economic Growth
p114,2034,0.18140459,0.15320669,0.11828902,0.15331461,PJMW,AEO2026 High Economic Growth
p114,2035,0.18169048,0.15282036,0.11793931,0.15253266999999998,PJMW,AEO2026 High Economic Growth
p114,2036,0.18339167,0.15401814,0.11871734,0.15374488,PJMW,AEO2026 High Economic Growth
p114,2037,0.1895299,0.15986472,0.12312279,0.15882935,PJMW,AEO2026 High Economic Growth
p114,2038,0.19881849,0.16921061999999998,0.12997902,0.16675787,PJMW,AEO2026 High Economic Growth
p114,2039,0.19790997999999999,0.16669601,0.12850738,0.16579834000000002,PJMW,AEO2026 High Economic Growth
p114,2040,0.20121880999999997,0.16909870000000002,0.12978159,0.16832842,PJMW,AEO2026 High Economic Growth
p114,2041,0.20453934000000001,0.17156441,0.131418,0.17087233000000002,PJMW,AEO2026 High Economic Growth
p114,2042,0.20969652,0.17567897999999998,0.13467257,0.17601427,PJMW,AEO2026 High Economic Growth
p114,2043,0.21544643,0.18053465,0.13843381000000002,0.18075228,PJMW,AEO2026 High Economic Growth
p114,2044,0.22385862,0.18708773,0.14405077,0.18716082,PJMW,AEO2026 High Economic Growth
p114,2045,0.23099813000000002,0.19293802,0.14783689,0.19322894999999998,PJMW,AEO2026 High Economic Growth
p114,2046,0.23502182000000002,0.19619672999999999,0.15000633,0.19637810000000003,PJMW,AEO2026 High Economic Growth
p114,2047,0.23933336,0.19958863999999998,0.15255978,0.19948147,PJMW,AEO2026 High Economic Growth
p114,2048,0.24422758000000003,0.20341138999999997,0.15532943,0.20309605,PJMW,AEO2026 High Economic Growth
p114,2049,0.24821615000000002,0.20618879,0.1573041,0.20595949000000002,PJMW,AEO2026 High Economic Growth
p114,2050,0.25319248,0.21023637999999997,0.1597806,0.20960484999999998,PJMW,AEO2026 High Economic Growth
p115,2014,0.15666062,0.13138543,0.10255755000000001,0.13140406000000002,PJMW,AEO2026 High Economic Growth
p115,2015,0.15666062,0.13138543,0.10255755000000001,0.13140406000000002,PJMW,AEO2026 High Economic Growth
p115,2016,0.15666062,0.13138543,0.10255755000000001,0.13140406000000002,PJMW,AEO2026 High Economic Growth
p115,2017,0.15666062,0.13138543,0.10255755000000001,0.13140406000000002,PJMW,AEO2026 High Economic Growth
p115,2018,0.15666062,0.13138543,0.10255755000000001,0.13140406000000002,PJMW,AEO2026 High Economic Growth
p115,2019,0.15666062,0.13138543,0.10255755000000001,0.13140406000000002,PJMW,AEO2026 High Economic Growth
p115,2020,0.15666062,0.13138543,0.10255755000000001,0.13140406000000002,PJMW,AEO2026 High Economic Growth
p115,2021,0.15666062,0.13138543,0.10255755000000001,0.13140406000000002,PJMW,AEO2026 High Economic Growth
p115,2022,0.15666062,0.13138543,0.10255755000000001,0.13140406000000002,PJMW,AEO2026 High Economic Growth
p115,2023,0.15666062,0.13138543,0.10255755000000001,0.13140406000000002,PJMW,AEO2026 High Economic Growth
p115,2024,0.15666062,0.13138543,0.10255755000000001,0.13140406000000002,PJMW,AEO2026 High Economic Growth
p115,2025,0.15666062,0.13138543,0.10255755000000001,0.13140406000000002,PJMW,AEO2026 High Economic Growth
p115,2026,0.16054924,0.13337581,0.10405595,0.1341561,PJMW,AEO2026 High Economic Growth
p115,2027,0.15988822,0.13409063,0.10255394000000001,0.13369529,PJMW,AEO2026 High Economic Growth
p115,2028,0.15465956,0.12916501,0.09843522,0.12835572,PJMW,AEO2026 High Economic Growth
p115,2029,0.15929348,0.13383487,0.10204510000000001,0.13254474,PJMW,AEO2026 High Economic Growth
p115,2030,0.16375134,0.13768874,0.10572545,0.13669155,PJMW,AEO2026 High Economic Growth
p115,2031,0.17758421,0.15238393,0.11609506,0.14918691,PJMW,AEO2026 High Economic Growth
p115,2032,0.17622362,0.14903465000000002,0.11516569,0.14854434,PJMW,AEO2026 High Economic Growth
p115,2033,0.18063782,0.15308351,0.1185224,0.15290812,PJMW,AEO2026 High Economic Growth
p115,2034,0.18140459,0.15320669,0.11828902,0.15331461,PJMW,AEO2026 High Economic Growth
p115,2035,0.18169048,0.15282036,0.11793931,0.15253266999999998,PJMW,AEO2026 High Economic Growth
p115,2036,0.18339167,0.15401814,0.11871734,0.15374488,PJMW,AEO2026 High Economic Growth
p115,2037,0.1895299,0.15986472,0.12312279,0.15882935,PJMW,AEO2026 High Economic Growth
p115,2038,0.19881849,0.16921061999999998,0.12997902,0.16675787,PJMW,AEO2026 High Economic Growth
p115,2039,0.19790997999999999,0.16669601,0.12850738,0.16579834000000002,PJMW,AEO2026 High Economic Growth
p115,2040,0.20121880999999997,0.16909870000000002,0.12978159,0.16832842,PJMW,AEO2026 High Economic Growth
p115,2041,0.20453934000000001,0.17156441,0.131418,0.17087233000000002,PJMW,AEO2026 High Economic Growth
p115,2042,0.20969652,0.17567897999999998,0.13467257,0.17601427,PJMW,AEO2026 High Economic Growth
p115,2043,0.21544643,0.18053465,0.13843381000000002,0.18075228,PJMW,AEO2026 High Economic Growth
p115,2044,0.22385862,0.18708773,0.14405077,0.18716082,PJMW,AEO2026 High Economic Growth
p115,2045,0.23099813000000002,0.19293802,0.14783689,0.19322894999999998,PJMW,AEO2026 High Economic Growth
p115,2046,0.23502182000000002,0.19619672999999999,0.15000633,0.19637810000000003,PJMW,AEO2026 High Economic Growth
p115,2047,0.23933336,0.19958863999999998,0.15255978,0.19948147,PJMW,AEO2026 High Economic Growth
p115,2048,0.24422758000000003,0.20341138999999997,0.15532943,0.20309605,PJMW,AEO2026 High Economic Growth
p115,2049,0.24821615000000002,0.20618879,0.1573041,0.20595949000000002,PJMW,AEO2026 High Economic Growth
p115,2050,0.25319248,0.21023637999999997,0.1597806,0.20960484999999998,PJMW,AEO2026 High Economic Growth
p116,2014,0.15666062,0.13138543,0.10255755000000001,0.13140406000000002,PJMW,AEO2026 High Economic Growth
p116,2015,0.15666062,0.13138543,0.10255755000000001,0.13140406000000002,PJMW,AEO2026 High Economic Growth
p116,2016,0.15666062,0.13138543,0.10255755000000001,0.13140406000000002,PJMW,AEO2026 High Economic Growth
p116,2017,0.15666062,0.13138543,0.10255755000000001,0.13140406000000002,PJMW,AEO2026 High Economic Growth
p116,2018,0.15666062,0.13138543,0.10255755000000001,0.13140406000000002,PJMW,AEO2026 High Economic Growth
p116,2019,0.15666062,0.13138543,0.10255755000000001,0.13140406000000002,PJMW,AEO2026 High Economic Growth
p116,2020,0.15666062,0.13138543,0.10255755000000001,0.13140406000000002,PJMW,AEO2026 High Economic Growth
p116,2021,0.15666062,0.13138543,0.10255755000000001,0.13140406000000002,PJMW,AEO2026 High Economic Growth
p116,2022,0.15666062,0.13138543,0.10255755000000001,0.13140406000000002,PJMW,AEO2026 High Economic Growth
p116,2023,0.15666062,0.13138543,0.10255755000000001,0.13140406000000002,PJMW,AEO2026 High Economic Growth
p116,2024,0.15666062,0.13138543,0.10255755000000001,0.13140406000000002,PJMW,AEO2026 High Economic Growth
p116,2025,0.15666062,0.13138543,0.10255755000000001,0.13140406000000002,PJMW,AEO2026 High Economic Growth
p116,2026,0.16054924,0.13337581,0.10405595,0.1341561,PJMW,AEO2026 High Economic Growth
p116,2027,0.15988822,0.13409063,0.10255394000000001,0.13369529,PJMW,AEO2026 High Economic Growth
p116,2028,0.15465956,0.12916501,0.09843522,0.12835572,PJMW,AEO2026 High Economic Growth
p116,2029,0.15929348,0.13383487,0.10204510000000001,0.13254474,PJMW,AEO2026 High Economic Growth
p116,2030,0.16375134,0.13768874,0.10572545,0.13669155,PJMW,AEO2026 High Economic Growth
p116,2031,0.17758421,0.15238393,0.11609506,0.14918691,PJMW,AEO2026 High Economic Growth
p116,2032,0.17622362,0.14903465000000002,0.11516569,0.14854434,PJMW,AEO2026 High Economic Growth
p116,2033,0.18063782,0.15308351,0.1185224,0.15290812,PJMW,AEO2026 High Economic Growth
p116,2034,0.18140459,0.15320669,0.11828902,0.15331461,PJMW,AEO2026 High Economic Growth
p116,2035,0.18169048,0.15282036,0.11793931,0.15253266999999998,PJMW,AEO2026 High Economic Growth
p116,2036,0.18339167,0.15401814,0.11871734,0.15374488,PJMW,AEO2026 High Economic Growth
p116,2037,0.1895299,0.15986472,0.12312279,0.15882935,PJMW,AEO2026 High Economic Growth
p116,2038,0.19881849,0.16921061999999998,0.12997902,0.16675787,PJMW,AEO2026 High Economic Growth
p116,2039,0.19790997999999999,0.16669601,0.12850738,0.16579834000000002,PJMW,AEO2026 High Economic Growth
p116,2040,0.20121880999999997,0.16909870000000002,0.12978159,0.16832842,PJMW,AEO2026 High Economic Growth
p116,2041,0.20453934000000001,0.17156441,0.131418,0.17087233000000002,PJMW,AEO2026 High Economic Growth
p116,2042,0.20969652,0.17567897999999998,0.13467257,0.17601427,PJMW,AEO2026 High Economic Growth
p116,2043,0.21544643,0.18053465,0.13843381000000002,0.18075228,PJMW,AEO2026 High Economic Growth
p116,2044,0.22385862,0.18708773,0.14405077,0.18716082,PJMW,AEO2026 High Economic Growth
p116,2045,0.23099813000000002,0.19293802,0.14783689,0.19322894999999998,PJMW,AEO2026 High Economic Growth
p116,2046,0.23502182000000002,0.19619672999999999,0.15000633,0.19637810000000003,PJMW,AEO2026 High Economic Growth
p116,2047,0.23933336,0.19958863999999998,0.15255978,0.19948147,PJMW,AEO2026 High Economic Growth
p116,2048,0.24422758000000003,0.20341138999999997,0.15532943,0.20309605,PJMW,AEO2026 High Economic Growth
p116,2049,0.24821615000000002,0.20618879,0.1573041,0.20595949000000002,PJMW,AEO2026 High Economic Growth
p116,2050,0.25319248,0.21023637999999997,0.1597806,0.20960484999999998,PJMW,AEO2026 High Economic Growth
p117,2014,0.15666062,0.13138543,0.10255755000000001,0.13140406000000002,PJMW,AEO2026 High Economic Growth
p117,2015,0.15666062,0.13138543,0.10255755000000001,0.13140406000000002,PJMW,AEO2026 High Economic Growth
p117,2016,0.15666062,0.13138543,0.10255755000000001,0.13140406000000002,PJMW,AEO2026 High Economic Growth
p117,2017,0.15666062,0.13138543,0.10255755000000001,0.13140406000000002,PJMW,AEO2026 High Economic Growth
p117,2018,0.15666062,0.13138543,0.10255755000000001,0.13140406000000002,PJMW,AEO2026 High Economic Growth
p117,2019,0.15666062,0.13138543,0.10255755000000001,0.13140406000000002,PJMW,AEO2026 High Economic Growth
p117,2020,0.15666062,0.13138543,0.10255755000000001,0.13140406000000002,PJMW,AEO2026 High Economic Growth
p117,2021,0.15666062,0.13138543,0.10255755000000001,0.13140406000000002,PJMW,AEO2026 High Economic Growth
p117,2022,0.15666062,0.13138543,0.10255755000000001,0.13140406000000002,PJMW,AEO2026 High Economic Growth
p117,2023,0.15666062,0.13138543,0.10255755000000001,0.13140406000000002,PJMW,AEO2026 High Economic Growth
p117,2024,0.15666062,0.13138543,0.10255755000000001,0.13140406000000002,PJMW,AEO2026 High Economic Growth
p117,2025,0.15666062,0.13138543,0.10255755000000001,0.13140406000000002,PJMW,AEO2026 High Economic Growth
p117,2026,0.16054924,0.13337581,0.10405595,0.1341561,PJMW,AEO2026 High Economic Growth
p117,2027,0.15988822,0.13409063,0.10255394000000001,0.13369529,PJMW,AEO2026 High Economic Growth
p117,2028,0.15465956,0.12916501,0.09843522,0.12835572,PJMW,AEO2026 High Economic Growth
p117,2029,0.15929348,0.13383487,0.10204510000000001,0.13254474,PJMW,AEO2026 High Economic Growth
p117,2030,0.16375134,0.13768874,0.10572545,0.13669155,PJMW,AEO2026 High Economic Growth
p117,2031,0.17758421,0.15238393,0.11609506,0.14918691,PJMW,AEO2026 High Economic Growth
p117,2032,0.17622362,0.14903465000000002,0.11516569,0.14854434,PJMW,AEO2026 High Economic Growth
p117,2033,0.18063782,0.15308351,0.1185224,0.15290812,PJMW,AEO2026 High Economic Growth
p117,2034,0.18140459,0.15320669,0.11828902,0.15331461,PJMW,AEO2026 High Economic Growth
p117,2035,0.18169048,0.15282036,0.11793931,0.15253266999999998,PJMW,AEO2026 High Economic Growth
p117,2036,0.18339167,0.15401814,0.11871734,0.15374488,PJMW,AEO2026 High Economic Growth
p117,2037,0.1895299,0.15986472,0.12312279,0.15882935,PJMW,AEO2026 High Economic Growth
p117,2038,0.19881849,0.16921061999999998,0.12997902,0.16675787,PJMW,AEO2026 High Economic Growth
p117,2039,0.19790997999999999,0.16669601,0.12850738,0.16579834000000002,PJMW,AEO2026 High Economic Growth
p117,2040,0.20121880999999997,0.16909870000000002,0.12978159,0.16832842,PJMW,AEO2026 High Economic Growth
p117,2041,0.20453934000000001,0.17156441,0.131418,0.17087233000000002,PJMW,AEO2026 High Economic Growth
p117,2042,0.20969652,0.17567897999999998,0.13467257,0.17601427,PJMW,AEO2026 High Economic Growth
p117,2043,0.21544643,0.18053465,0.13843381000000002,0.18075228,PJMW,AEO2026 High Economic Growth
p117,2044,0.22385862,0.18708773,0.14405077,0.18716082,PJMW,AEO2026 High Economic Growth
p117,2045,0.23099813000000002,0.19293802,0.14783689,0.19322894999999998,PJMW,AEO2026 High Economic Growth
p117,2046,0.23502182000000002,0.19619672999999999,0.15000633,0.19637810000000003,PJMW,AEO2026 High Economic Growth
p117,2047,0.23933336,0.19958863999999998,0.15255978,0.19948147,PJMW,AEO2026 High Economic Growth
p117,2048,0.24422758000000003,0.20341138999999997,0.15532943,0.20309605,PJMW,AEO2026 High Economic Growth
p117,2049,0.24821615000000002,0.20618879,0.1573041,0.20595949000000002,PJMW,AEO2026 High Economic Growth
p117,2050,0.25319248,0.21023637999999997,0.1597806,0.20960484999999998,PJMW,AEO2026 High Economic Growth
p118,2014,0.15666062,0.13138543,0.10255755000000001,0.13140406000000002,PJMW,AEO2026 High Economic Growth
p118,2015,0.15666062,0.13138543,0.10255755000000001,0.13140406000000002,PJMW,AEO2026 High Economic Growth
p118,2016,0.15666062,0.13138543,0.10255755000000001,0.13140406000000002,PJMW,AEO2026 High Economic Growth
p118,2017,0.15666062,0.13138543,0.10255755000000001,0.13140406000000002,PJMW,AEO2026 High Economic Growth
p118,2018,0.15666062,0.13138543,0.10255755000000001,0.13140406000000002,PJMW,AEO2026 High Economic Growth
p118,2019,0.15666062,0.13138543,0.10255755000000001,0.13140406000000002,PJMW,AEO2026 High Economic Growth
p118,2020,0.15666062,0.13138543,0.10255755000000001,0.13140406000000002,PJMW,AEO2026 High Economic Growth
p118,2021,0.15666062,0.13138543,0.10255755000000001,0.13140406000000002,PJMW,AEO2026 High Economic Growth
p118,2022,0.15666062,0.13138543,0.10255755000000001,0.13140406000000002,PJMW,AEO2026 High Economic Growth
p118,2023,0.15666062,0.13138543,0.10255755000000001,0.13140406000000002,PJMW,AEO2026 High Economic Growth
p118,2024,0.15666062,0.13138543,0.10255755000000001,0.13140406000000002,PJMW,AEO2026 High Economic Growth
p118,2025,0.15666062,0.13138543,0.10255755000000001,0.13140406000000002,PJMW,AEO2026 High Economic Growth
p118,2026,0.16054924,0.13337581,0.10405595,0.1341561,PJMW,AEO2026 High Economic Growth
p118,2027,0.15988822,0.13409063,0.10255394000000001,0.13369529,PJMW,AEO2026 High Economic Growth
p118,2028,0.15465956,0.12916501,0.09843522,0.12835572,PJMW,AEO2026 High Economic Growth
p118,2029,0.15929348,0.13383487,0.10204510000000001,0.13254474,PJMW,AEO2026 High Economic Growth
p118,2030,0.16375134,0.13768874,0.10572545,0.13669155,PJMW,AEO2026 High Economic Growth
p118,2031,0.17758421,0.15238393,0.11609506,0.14918691,PJMW,AEO2026 High Economic Growth
p118,2032,0.17622362,0.14903465000000002,0.11516569,0.14854434,PJMW,AEO2026 High Economic Growth
p118,2033,0.18063782,0.15308351,0.1185224,0.15290812,PJMW,AEO2026 High Economic Growth
p118,2034,0.18140459,0.15320669,0.11828902,0.15331461,PJMW,AEO2026 High Economic Growth
p118,2035,0.18169048,0.15282036,0.11793931,0.15253266999999998,PJMW,AEO2026 High Economic Growth
p118,2036,0.18339167,0.15401814,0.11871734,0.15374488,PJMW,AEO2026 High Economic Growth
p118,2037,0.1895299,0.15986472,0.12312279,0.15882935,PJMW,AEO2026 High Economic Growth
p118,2038,0.19881849,0.16921061999999998,0.12997902,0.16675787,PJMW,AEO2026 High Economic Growth
p118,2039,0.19790997999999999,0.16669601,0.12850738,0.16579834000000002,PJMW,AEO2026 High Economic Growth
p118,2040,0.20121880999999997,0.16909870000000002,0.12978159,0.16832842,PJMW,AEO2026 High Economic Growth
p118,2041,0.20453934000000001,0.17156441,0.131418,0.17087233000000002,PJMW,AEO2026 High Economic Growth
p118,2042,0.20969652,0.17567897999999998,0.13467257,0.17601427,PJMW,AEO2026 High Economic Growth
p118,2043,0.21544643,0.18053465,0.13843381000000002,0.18075228,PJMW,AEO2026 High Economic Growth
p118,2044,0.22385862,0.18708773,0.14405077,0.18716082,PJMW,AEO2026 High Economic Growth
p118,2045,0.23099813000000002,0.19293802,0.14783689,0.19322894999999998,PJMW,AEO2026 High Economic Growth
p118,2046,0.23502182000000002,0.19619672999999999,0.15000633,0.19637810000000003,PJMW,AEO2026 High Economic Growth
p118,2047,0.23933336,0.19958863999999998,0.15255978,0.19948147,PJMW,AEO2026 High Economic Growth
p118,2048,0.24422758000000003,0.20341138999999997,0.15532943,0.20309605,PJMW,AEO2026 High Economic Growth
p118,2049,0.24821615000000002,0.20618879,0.1573041,0.20595949000000002,PJMW,AEO2026 High Economic Growth
p118,2050,0.25319248,0.21023637999999997,0.1597806,0.20960484999999998,PJMW,AEO2026 High Economic Growth
p119,2014,0.17955759000000002,0.14917787999999998,0.12111358,0.14116135999999999,PJME,AEO2026 High Economic Growth
p119,2015,0.17955759000000002,0.14917787999999998,0.12111358,0.14116135999999999,PJME,AEO2026 High Economic Growth
p119,2016,0.17955759000000002,0.14917787999999998,0.12111358,0.14116135999999999,PJME,AEO2026 High Economic Growth
p119,2017,0.17955759000000002,0.14917787999999998,0.12111358,0.14116135999999999,PJME,AEO2026 High Economic Growth
p119,2018,0.17955759000000002,0.14917787999999998,0.12111358,0.14116135999999999,PJME,AEO2026 High Economic Growth
p119,2019,0.17955759000000002,0.14917787999999998,0.12111358,0.14116135999999999,PJME,AEO2026 High Economic Growth
p119,2020,0.17955759000000002,0.14917787999999998,0.12111358,0.14116135999999999,PJME,AEO2026 High Economic Growth
p119,2021,0.17955759000000002,0.14917787999999998,0.12111358,0.14116135999999999,PJME,AEO2026 High Economic Growth
p119,2022,0.17955759000000002,0.14917787999999998,0.12111358,0.14116135999999999,PJME,AEO2026 High Economic Growth
p119,2023,0.17955759000000002,0.14917787999999998,0.12111358,0.14116135999999999,PJME,AEO2026 High Economic Growth
p119,2024,0.17955759000000002,0.14917787999999998,0.12111358,0.14116135999999999,PJME,AEO2026 High Economic Growth
p119,2025,0.17955759000000002,0.14917787999999998,0.12111358,0.14116135999999999,PJME,AEO2026 High Economic Growth
p119,2026,0.17927599,0.14890065,0.11875604,0.13960996,PJME,AEO2026 High Economic Growth
p119,2027,0.18763923999999998,0.15662355,0.12194089999999999,0.1436479,PJME,AEO2026 High Economic Growth
p119,2028,0.18994340999999998,0.15863805,0.12134326,0.14416742,PJME,AEO2026 High Economic Growth
p119,2029,0.19258436,0.15972665,0.12353062,0.14683935,PJME,AEO2026 High Economic Growth
p119,2030,0.20003448,0.16685877000000002,0.12975746,0.1540041,PJME,AEO2026 High Economic Growth
p119,2031,0.22118219,0.18974632,0.14498182,0.17108125999999999,PJME,AEO2026 High Economic Growth
p119,2032,0.22051493,0.18660727000000002,0.14547406000000002,0.17174799,PJME,AEO2026 High Economic Growth
p119,2033,0.22704247,0.19257416,0.15072614,0.17787344000000002,PJME,AEO2026 High Economic Growth
p119,2034,0.22911491,0.19378895,0.15129945,0.17931763,PJME,AEO2026 High Economic Growth
p119,2035,0.23176441,0.19539721,0.15236485,0.18125,PJME,AEO2026 High Economic Growth
p119,2036,0.23583429,0.19840486999999998,0.15454040000000002,0.18430375999999998,PJME,AEO2026 High Economic Growth
p119,2037,0.24157395999999998,0.20305878,0.15833289,0.188964,PJME,AEO2026 High Economic Growth
p119,2038,0.25836063,0.22017251999999998,0.17017796000000002,0.20224697,PJME,AEO2026 High Economic Growth
p119,2039,0.25352245,0.21268841,0.16578600000000002,0.19835871000000002,PJME,AEO2026 High Economic Growth
p119,2040,0.25714086999999997,0.21459017,0.16685955,0.19920725,PJME,AEO2026 High Economic Growth
p119,2041,0.26183734999999997,0.21767441,0.16915123,0.20243019,PJME,AEO2026 High Economic Growth
p119,2042,0.27028635,0.22454769,0.17461689,0.20885383999999999,PJME,AEO2026 High Economic Growth
p119,2043,0.27863419,0.23117975000000002,0.18003986000000002,0.21525433,PJME,AEO2026 High Economic Growth
p119,2044,0.28690937,0.23768930000000002,0.18525814000000002,0.22149416,PJME,AEO2026 High Economic Growth
p119,2045,0.29377846,0.24257421,0.18880413000000001,0.22604254000000001,PJME,AEO2026 High Economic Growth
p119,2046,0.29995211,0.24675808,0.19176265999999997,0.23002575,PJME,AEO2026 High Economic Growth
p119,2047,0.30694586,0.25184881000000003,0.19535728,0.23466297,PJME,AEO2026 High Economic Growth
p119,2048,0.31421188,0.25723871,0.19914079999999998,0.23950357,PJME,AEO2026 High Economic Growth
p119,2049,0.31864832,0.25953985,0.20091196,0.24226362,PJME,AEO2026 High Economic Growth
p119,2050,0.32727707,0.26631281,0.20504627,0.2475132,PJME,AEO2026 High Economic Growth
p120,2014,0.15666062,0.13138543,0.10255755000000001,0.13140406000000002,PJMW,AEO2026 High Economic Growth
p120,2015,0.15666062,0.13138543,0.10255755000000001,0.13140406000000002,PJMW,AEO2026 High Economic Growth
p120,2016,0.15666062,0.13138543,0.10255755000000001,0.13140406000000002,PJMW,AEO2026 High Economic Growth
p120,2017,0.15666062,0.13138543,0.10255755000000001,0.13140406000000002,PJMW,AEO2026 High Economic Growth
p120,2018,0.15666062,0.13138543,0.10255755000000001,0.13140406000000002,PJMW,AEO2026 High Economic Growth
p120,2019,0.15666062,0.13138543,0.10255755000000001,0.13140406000000002,PJMW,AEO2026 High Economic Growth
p120,2020,0.15666062,0.13138543,0.10255755000000001,0.13140406000000002,PJMW,AEO2026 High Economic Growth
p120,2021,0.15666062,0.13138543,0.10255755000000001,0.13140406000000002,PJMW,AEO2026 High Economic Growth
p120,2022,0.15666062,0.13138543,0.10255755000000001,0.13140406000000002,PJMW,AEO2026 High Economic Growth
p120,2023,0.15666062,0.13138543,0.10255755000000001,0.13140406000000002,PJMW,AEO2026 High Economic Growth
p120,2024,0.15666062,0.13138543,0.10255755000000001,0.13140406000000002,PJMW,AEO2026 High Economic Growth
p120,2025,0.15666062,0.13138543,0.10255755000000001,0.13140406000000002,PJMW,AEO2026 High Economic Growth
p120,2026,0.16054924,0.13337581,0.10405595,0.1341561,PJMW,AEO2026 High Economic Growth
p120,2027,0.15988822,0.13409063,0.10255394000000001,0.13369529,PJMW,AEO2026 High Economic Growth
p120,2028,0.15465956,0.12916501,0.09843522,0.12835572,PJMW,AEO2026 High Economic Growth
p120,2029,0.15929348,0.13383487,0.10204510000000001,0.13254474,PJMW,AEO2026 High Economic Growth
p120,2030,0.16375134,0.13768874,0.10572545,0.13669155,PJMW,AEO2026 High Economic Growth
p120,2031,0.17758421,0.15238393,0.11609506,0.14918691,PJMW,AEO2026 High Economic Growth
p120,2032,0.17622362,0.14903465000000002,0.11516569,0.14854434,PJMW,AEO2026 High Economic Growth
p120,2033,0.18063782,0.15308351,0.1185224,0.15290812,PJMW,AEO2026 High Economic Growth
p120,2034,0.18140459,0.15320669,0.11828902,0.15331461,PJMW,AEO2026 High Economic Growth
p120,2035,0.18169048,0.15282036,0.11793931,0.15253266999999998,PJMW,AEO2026 High Economic Growth
p120,2036,0.18339167,0.15401814,0.11871734,0.15374488,PJMW,AEO2026 High Economic Growth
p120,2037,0.1895299,0.15986472,0.12312279,0.15882935,PJMW,AEO2026 High Economic Growth
p120,2038,0.19881849,0.16921061999999998,0.12997902,0.16675787,PJMW,AEO2026 High Economic Growth
p120,2039,0.19790997999999999,0.16669601,0.12850738,0.16579834000000002,PJMW,AEO2026 High Economic Growth
p120,2040,0.20121880999999997,0.16909870000000002,0.12978159,0.16832842,PJMW,AEO2026 High Economic Growth
p120,2041,0.20453934000000001,0.17156441,0.131418,0.17087233000000002,PJMW,AEO2026 High Economic Growth
p120,2042,0.20969652,0.17567897999999998,0.13467257,0.17601427,PJMW,AEO2026 High Economic Growth
p120,2043,0.21544643,0.18053465,0.13843381000000002,0.18075228,PJMW,AEO2026 High Economic Growth
p120,2044,0.22385862,0.18708773,0.14405077,0.18716082,PJMW,AEO2026 High Economic Growth
p120,2045,0.23099813000000002,0.19293802,0.14783689,0.19322894999999998,PJMW,AEO2026 High Economic Growth
p120,2046,0.23502182000000002,0.19619672999999999,0.15000633,0.19637810000000003,PJMW,AEO2026 High Economic Growth
p120,2047,0.23933336,0.19958863999999998,0.15255978,0.19948147,PJMW,AEO2026 High Economic Growth
p120,2048,0.24422758000000003,0.20341138999999997,0.15532943,0.20309605,PJMW,AEO2026 High Economic Growth
p120,2049,0.24821615000000002,0.20618879,0.1573041,0.20595949000000002,PJMW,AEO2026 High Economic Growth
p120,2050,0.25319248,0.21023637999999997,0.1597806,0.20960484999999998,PJMW,AEO2026 High Economic Growth
p121,2014,0.15666062,0.13138543,0.10255755000000001,0.13140406000000002,PJMW,AEO2026 High Economic Growth
p121,2015,0.15666062,0.13138543,0.10255755000000001,0.13140406000000002,PJMW,AEO2026 High Economic Growth
p121,2016,0.15666062,0.13138543,0.10255755000000001,0.13140406000000002,PJMW,AEO2026 High Economic Growth
p121,2017,0.15666062,0.13138543,0.10255755000000001,0.13140406000000002,PJMW,AEO2026 High Economic Growth
p121,2018,0.15666062,0.13138543,0.10255755000000001,0.13140406000000002,PJMW,AEO2026 High Economic Growth
p121,2019,0.15666062,0.13138543,0.10255755000000001,0.13140406000000002,PJMW,AEO2026 High Economic Growth
p121,2020,0.15666062,0.13138543,0.10255755000000001,0.13140406000000002,PJMW,AEO2026 High Economic Growth
p121,2021,0.15666062,0.13138543,0.10255755000000001,0.13140406000000002,PJMW,AEO2026 High Economic Growth
p121,2022,0.15666062,0.13138543,0.10255755000000001,0.13140406000000002,PJMW,AEO2026 High Economic Growth
p121,2023,0.15666062,0.13138543,0.10255755000000001,0.13140406000000002,PJMW,AEO2026 High Economic Growth
p121,2024,0.15666062,0.13138543,0.10255755000000001,0.13140406000000002,PJMW,AEO2026 High Economic Growth
p121,2025,0.15666062,0.13138543,0.10255755000000001,0.13140406000000002,PJMW,AEO2026 High Economic Growth
p121,2026,0.16054924,0.13337581,0.10405595,0.1341561,PJMW,AEO2026 High Economic Growth
p121,2027,0.15988822,0.13409063,0.10255394000000001,0.13369529,PJMW,AEO2026 High Economic Growth
p121,2028,0.15465956,0.12916501,0.09843522,0.12835572,PJMW,AEO2026 High Economic Growth
p121,2029,0.15929348,0.13383487,0.10204510000000001,0.13254474,PJMW,AEO2026 High Economic Growth
p121,2030,0.16375134,0.13768874,0.10572545,0.13669155,PJMW,AEO2026 High Economic Growth
p121,2031,0.17758421,0.15238393,0.11609506,0.14918691,PJMW,AEO2026 High Economic Growth
p121,2032,0.17622362,0.14903465000000002,0.11516569,0.14854434,PJMW,AEO2026 High Economic Growth
p121,2033,0.18063782,0.15308351,0.1185224,0.15290812,PJMW,AEO2026 High Economic Growth
p121,2034,0.18140459,0.15320669,0.11828902,0.15331461,PJMW,AEO2026 High Economic Growth
p121,2035,0.18169048,0.15282036,0.11793931,0.15253266999999998,PJMW,AEO2026 High Economic Growth
p121,2036,0.18339167,0.15401814,0.11871734,0.15374488,PJMW,AEO2026 High Economic Growth
p121,2037,0.1895299,0.15986472,0.12312279,0.15882935,PJMW,AEO2026 High Economic Growth
p121,2038,0.19881849,0.16921061999999998,0.12997902,0.16675787,PJMW,AEO2026 High Economic Growth
p121,2039,0.19790997999999999,0.16669601,0.12850738,0.16579834000000002,PJMW,AEO2026 High Economic Growth
p121,2040,0.20121880999999997,0.16909870000000002,0.12978159,0.16832842,PJMW,AEO2026 High Economic Growth
p121,2041,0.20453934000000001,0.17156441,0.131418,0.17087233000000002,PJMW,AEO2026 High Economic Growth
p121,2042,0.20969652,0.17567897999999998,0.13467257,0.17601427,PJMW,AEO2026 High Economic Growth
p121,2043,0.21544643,0.18053465,0.13843381000000002,0.18075228,PJMW,AEO2026 High Economic Growth
p121,2044,0.22385862,0.18708773,0.14405077,0.18716082,PJMW,AEO2026 High Economic Growth
p121,2045,0.23099813000000002,0.19293802,0.14783689,0.19322894999999998,PJMW,AEO2026 High Economic Growth
p121,2046,0.23502182000000002,0.19619672999999999,0.15000633,0.19637810000000003,PJMW,AEO2026 High Economic Growth
p121,2047,0.23933336,0.19958863999999998,0.15255978,0.19948147,PJMW,AEO2026 High Economic Growth
p121,2048,0.24422758000000003,0.20341138999999997,0.15532943,0.20309605,PJMW,AEO2026 High Economic Growth
p121,2049,0.24821615000000002,0.20618879,0.1573041,0.20595949000000002,PJMW,AEO2026 High Economic Growth
p121,2050,0.25319248,0.21023637999999997,0.1597806,0.20960484999999998,PJMW,AEO2026 High Economic Growth
p122,2014,0.15666062,0.13138543,0.10255755000000001,0.13140406000000002,PJMW,AEO2026 High Economic Growth
p122,2015,0.15666062,0.13138543,0.10255755000000001,0.13140406000000002,PJMW,AEO2026 High Economic Growth
p122,2016,0.15666062,0.13138543,0.10255755000000001,0.13140406000000002,PJMW,AEO2026 High Economic Growth
p122,2017,0.15666062,0.13138543,0.10255755000000001,0.13140406000000002,PJMW,AEO2026 High Economic Growth
p122,2018,0.15666062,0.13138543,0.10255755000000001,0.13140406000000002,PJMW,AEO2026 High Economic Growth
p122,2019,0.15666062,0.13138543,0.10255755000000001,0.13140406000000002,PJMW,AEO2026 High Economic Growth
p122,2020,0.15666062,0.13138543,0.10255755000000001,0.13140406000000002,PJMW,AEO2026 High Economic Growth
p122,2021,0.15666062,0.13138543,0.10255755000000001,0.13140406000000002,PJMW,AEO2026 High Economic Growth
p122,2022,0.15666062,0.13138543,0.10255755000000001,0.13140406000000002,PJMW,AEO2026 High Economic Growth
p122,2023,0.15666062,0.13138543,0.10255755000000001,0.13140406000000002,PJMW,AEO2026 High Economic Growth
p122,2024,0.15666062,0.13138543,0.10255755000000001,0.13140406000000002,PJMW,AEO2026 High Economic Growth
p122,2025,0.15666062,0.13138543,0.10255755000000001,0.13140406000000002,PJMW,AEO2026 High Economic Growth
p122,2026,0.16054924,0.13337581,0.10405595,0.1341561,PJMW,AEO2026 High Economic Growth
p122,2027,0.15988822,0.13409063,0.10255394000000001,0.13369529,PJMW,AEO2026 High Economic Growth
p122,2028,0.15465956,0.12916501,0.09843522,0.12835572,PJMW,AEO2026 High Economic Growth
p122,2029,0.15929348,0.13383487,0.10204510000000001,0.13254474,PJMW,AEO2026 High Economic Growth
p122,2030,0.16375134,0.13768874,0.10572545,0.13669155,PJMW,AEO2026 High Economic Growth
p122,2031,0.17758421,0.15238393,0.11609506,0.14918691,PJMW,AEO2026 High Economic Growth
p122,2032,0.17622362,0.14903465000000002,0.11516569,0.14854434,PJMW,AEO2026 High Economic Growth
p122,2033,0.18063782,0.15308351,0.1185224,0.15290812,PJMW,AEO2026 High Economic Growth
p122,2034,0.18140459,0.15320669,0.11828902,0.15331461,PJMW,AEO2026 High Economic Growth
p122,2035,0.18169048,0.15282036,0.11793931,0.15253266999999998,PJMW,AEO2026 High Economic Growth
p122,2036,0.18339167,0.15401814,0.11871734,0.15374488,PJMW,AEO2026 High Economic Growth
p122,2037,0.1895299,0.15986472,0.12312279,0.15882935,PJMW,AEO2026 High Economic Growth
p122,2038,0.19881849,0.16921061999999998,0.12997902,0.16675787,PJMW,AEO2026 High Economic Growth
p122,2039,0.19790997999999999,0.16669601,0.12850738,0.16579834000000002,PJMW,AEO2026 High Economic Growth
p122,2040,0.20121880999999997,0.16909870000000002,0.12978159,0.16832842,PJMW,AEO2026 High Economic Growth
p122,2041,0.20453934000000001,0.17156441,0.131418,0.17087233000000002,PJMW,AEO2026 High Economic Growth
p122,2042,0.20969652,0.17567897999999998,0.13467257,0.17601427,PJMW,AEO2026 High Economic Growth
p122,2043,0.21544643,0.18053465,0.13843381000000002,0.18075228,PJMW,AEO2026 High Economic Growth
p122,2044,0.22385862,0.18708773,0.14405077,0.18716082,PJMW,AEO2026 High Economic Growth
p122,2045,0.23099813000000002,0.19293802,0.14783689,0.19322894999999998,PJMW,AEO2026 High Economic Growth
p122,2046,0.23502182000000002,0.19619672999999999,0.15000633,0.19637810000000003,PJMW,AEO2026 High Economic Growth
p122,2047,0.23933336,0.19958863999999998,0.15255978,0.19948147,PJMW,AEO2026 High Economic Growth
p122,2048,0.24422758000000003,0.20341138999999997,0.15532943,0.20309605,PJMW,AEO2026 High Economic Growth
p122,2049,0.24821615000000002,0.20618879,0.1573041,0.20595949000000002,PJMW,AEO2026 High Economic Growth
p122,2050,0.25319248,0.21023637999999997,0.1597806,0.20960484999999998,PJMW,AEO2026 High Economic Growth
p123,2014,0.17955759000000002,0.14917787999999998,0.12111358,0.14116135999999999,PJME,AEO2026 High Economic Growth
p123,2015,0.17955759000000002,0.14917787999999998,0.12111358,0.14116135999999999,PJME,AEO2026 High Economic Growth
p123,2016,0.17955759000000002,0.14917787999999998,0.12111358,0.14116135999999999,PJME,AEO2026 High Economic Growth
p123,2017,0.17955759000000002,0.14917787999999998,0.12111358,0.14116135999999999,PJME,AEO2026 High Economic Growth
p123,2018,0.17955759000000002,0.14917787999999998,0.12111358,0.14116135999999999,PJME,AEO2026 High Economic Growth
p123,2019,0.17955759000000002,0.14917787999999998,0.12111358,0.14116135999999999,PJME,AEO2026 High Economic Growth
p123,2020,0.17955759000000002,0.14917787999999998,0.12111358,0.14116135999999999,PJME,AEO2026 High Economic Growth
p123,2021,0.17955759000000002,0.14917787999999998,0.12111358,0.14116135999999999,PJME,AEO2026 High Economic Growth
p123,2022,0.17955759000000002,0.14917787999999998,0.12111358,0.14116135999999999,PJME,AEO2026 High Economic Growth
p123,2023,0.17955759000000002,0.14917787999999998,0.12111358,0.14116135999999999,PJME,AEO2026 High Economic Growth
p123,2024,0.17955759000000002,0.14917787999999998,0.12111358,0.14116135999999999,PJME,AEO2026 High Economic Growth
p123,2025,0.17955759000000002,0.14917787999999998,0.12111358,0.14116135999999999,PJME,AEO2026 High Economic Growth
p123,2026,0.17927599,0.14890065,0.11875604,0.13960996,PJME,AEO2026 High Economic Growth
p123,2027,0.18763923999999998,0.15662355,0.12194089999999999,0.1436479,PJME,AEO2026 High Economic Growth
p123,2028,0.18994340999999998,0.15863805,0.12134326,0.14416742,PJME,AEO2026 High Economic Growth
p123,2029,0.19258436,0.15972665,0.12353062,0.14683935,PJME,AEO2026 High Economic Growth
p123,2030,0.20003448,0.16685877000000002,0.12975746,0.1540041,PJME,AEO2026 High Economic Growth
p123,2031,0.22118219,0.18974632,0.14498182,0.17108125999999999,PJME,AEO2026 High Economic Growth
p123,2032,0.22051493,0.18660727000000002,0.14547406000000002,0.17174799,PJME,AEO2026 High Economic Growth
p123,2033,0.22704247,0.19257416,0.15072614,0.17787344000000002,PJME,AEO2026 High Economic Growth
p123,2034,0.22911491,0.19378895,0.15129945,0.17931763,PJME,AEO2026 High Economic Growth
p123,2035,0.23176441,0.19539721,0.15236485,0.18125,PJME,AEO2026 High Economic Growth
p123,2036,0.23583429,0.19840486999999998,0.15454040000000002,0.18430375999999998,PJME,AEO2026 High Economic Growth
p123,2037,0.24157395999999998,0.20305878,0.15833289,0.188964,PJME,AEO2026 High Economic Growth
p123,2038,0.25836063,0.22017251999999998,0.17017796000000002,0.20224697,PJME,AEO2026 High Economic Growth
p123,2039,0.25352245,0.21268841,0.16578600000000002,0.19835871000000002,PJME,AEO2026 High Economic Growth
p123,2040,0.25714086999999997,0.21459017,0.16685955,0.19920725,PJME,AEO2026 High Economic Growth
p123,2041,0.26183734999999997,0.21767441,0.16915123,0.20243019,PJME,AEO2026 High Economic Growth
p123,2042,0.27028635,0.22454769,0.17461689,0.20885383999999999,PJME,AEO2026 High Economic Growth
p123,2043,0.27863419,0.23117975000000002,0.18003986000000002,0.21525433,PJME,AEO2026 High Economic Growth
p123,2044,0.28690937,0.23768930000000002,0.18525814000000002,0.22149416,PJME,AEO2026 High Economic Growth
p123,2045,0.29377846,0.24257421,0.18880413000000001,0.22604254000000001,PJME,AEO2026 High Economic Growth
p123,2046,0.29995211,0.24675808,0.19176265999999997,0.23002575,PJME,AEO2026 High Economic Growth
p123,2047,0.30694586,0.25184881000000003,0.19535728,0.23466297,PJME,AEO2026 High Economic Growth
p123,2048,0.31421188,0.25723871,0.19914079999999998,0.23950357,PJME,AEO2026 High Economic Growth
p123,2049,0.31864832,0.25953985,0.20091196,0.24226362,PJME,AEO2026 High Economic Growth
p123,2050,0.32727707,0.26631281,0.20504627,0.2475132,PJME,AEO2026 High Economic Growth
p124,2014,0.17955759000000002,0.14917787999999998,0.12111358,0.14116135999999999,PJME,AEO2026 High Economic Growth
p124,2015,0.17955759000000002,0.14917787999999998,0.12111358,0.14116135999999999,PJME,AEO2026 High Economic Growth
p124,2016,0.17955759000000002,0.14917787999999998,0.12111358,0.14116135999999999,PJME,AEO2026 High Economic Growth
p124,2017,0.17955759000000002,0.14917787999999998,0.12111358,0.14116135999999999,PJME,AEO2026 High Economic Growth
p124,2018,0.17955759000000002,0.14917787999999998,0.12111358,0.14116135999999999,PJME,AEO2026 High Economic Growth
p124,2019,0.17955759000000002,0.14917787999999998,0.12111358,0.14116135999999999,PJME,AEO2026 High Economic Growth
p124,2020,0.17955759000000002,0.14917787999999998,0.12111358,0.14116135999999999,PJME,AEO2026 High Economic Growth
p124,2021,0.17955759000000002,0.14917787999999998,0.12111358,0.14116135999999999,PJME,AEO2026 High Economic Growth
p124,2022,0.17955759000000002,0.14917787999999998,0.12111358,0.14116135999999999,PJME,AEO2026 High Economic Growth
p124,2023,0.17955759000000002,0.14917787999999998,0.12111358,0.14116135999999999,PJME,AEO2026 High Economic Growth
p124,2024,0.17955759000000002,0.14917787999999998,0.12111358,0.14116135999999999,PJME,AEO2026 High Economic Growth
p124,2025,0.17955759000000002,0.14917787999999998,0.12111358,0.14116135999999999,PJME,AEO2026 High Economic Growth
p124,2026,0.17927599,0.14890065,0.11875604,0.13960996,PJME,AEO2026 High Economic Growth
p124,2027,0.18763923999999998,0.15662355,0.12194089999999999,0.1436479,PJME,AEO2026 High Economic Growth
p124,2028,0.18994340999999998,0.15863805,0.12134326,0.14416742,PJME,AEO2026 High Economic Growth
p124,2029,0.19258436,0.15972665,0.12353062,0.14683935,PJME,AEO2026 High Economic Growth
p124,2030,0.20003448,0.16685877000000002,0.12975746,0.1540041,PJME,AEO2026 High Economic Growth
p124,2031,0.22118219,0.18974632,0.14498182,0.17108125999999999,PJME,AEO2026 High Economic Growth
p124,2032,0.22051493,0.18660727000000002,0.14547406000000002,0.17174799,PJME,AEO2026 High Economic Growth
p124,2033,0.22704247,0.19257416,0.15072614,0.17787344000000002,PJME,AEO2026 High Economic Growth
p124,2034,0.22911491,0.19378895,0.15129945,0.17931763,PJME,AEO2026 High Economic Growth
p124,2035,0.23176441,0.19539721,0.15236485,0.18125,PJME,AEO2026 High Economic Growth
p124,2036,0.23583429,0.19840486999999998,0.15454040000000002,0.18430375999999998,PJME,AEO2026 High Economic Growth
p124,2037,0.24157395999999998,0.20305878,0.15833289,0.188964,PJME,AEO2026 High Economic Growth
p124,2038,0.25836063,0.22017251999999998,0.17017796000000002,0.20224697,PJME,AEO2026 High Economic Growth
p124,2039,0.25352245,0.21268841,0.16578600000000002,0.19835871000000002,PJME,AEO2026 High Economic Growth
p124,2040,0.25714086999999997,0.21459017,0.16685955,0.19920725,PJME,AEO2026 High Economic Growth
p124,2041,0.26183734999999997,0.21767441,0.16915123,0.20243019,PJME,AEO2026 High Economic Growth
p124,2042,0.27028635,0.22454769,0.17461689,0.20885383999999999,PJME,AEO2026 High Economic Growth
p124,2043,0.27863419,0.23117975000000002,0.18003986000000002,0.21525433,PJME,AEO2026 High Economic Growth
p124,2044,0.28690937,0.23768930000000002,0.18525814000000002,0.22149416,PJME,AEO2026 High Economic Growth
p124,2045,0.29377846,0.24257421,0.18880413000000001,0.22604254000000001,PJME,AEO2026 High Economic Growth
p124,2046,0.29995211,0.24675808,0.19176265999999997,0.23002575,PJME,AEO2026 High Economic Growth
p124,2047,0.30694586,0.25184881000000003,0.19535728,0.23466297,PJME,AEO2026 High Economic Growth
p124,2048,0.31421188,0.25723871,0.19914079999999998,0.23950357,PJME,AEO2026 High Economic Growth
p124,2049,0.31864832,0.25953985,0.20091196,0.24226362,PJME,AEO2026 High Economic Growth
p124,2050,0.32727707,0.26631281,0.20504627,0.2475132,PJME,AEO2026 High Economic Growth
p125,2014,0.17955759000000002,0.14917787999999998,0.12111358,0.14116135999999999,PJME,AEO2026 High Economic Growth
p125,2015,0.17955759000000002,0.14917787999999998,0.12111358,0.14116135999999999,PJME,AEO2026 High Economic Growth
p125,2016,0.17955759000000002,0.14917787999999998,0.12111358,0.14116135999999999,PJME,AEO2026 High Economic Growth
p125,2017,0.17955759000000002,0.14917787999999998,0.12111358,0.14116135999999999,PJME,AEO2026 High Economic Growth
p125,2018,0.17955759000000002,0.14917787999999998,0.12111358,0.14116135999999999,PJME,AEO2026 High Economic Growth
p125,2019,0.17955759000000002,0.14917787999999998,0.12111358,0.14116135999999999,PJME,AEO2026 High Economic Growth
p125,2020,0.17955759000000002,0.14917787999999998,0.12111358,0.14116135999999999,PJME,AEO2026 High Economic Growth
p125,2021,0.17955759000000002,0.14917787999999998,0.12111358,0.14116135999999999,PJME,AEO2026 High Economic Growth
p125,2022,0.17955759000000002,0.14917787999999998,0.12111358,0.14116135999999999,PJME,AEO2026 High Economic Growth
p125,2023,0.17955759000000002,0.14917787999999998,0.12111358,0.14116135999999999,PJME,AEO2026 High Economic Growth
p125,2024,0.17955759000000002,0.14917787999999998,0.12111358,0.14116135999999999,PJME,AEO2026 High Economic Growth
p125,2025,0.17955759000000002,0.14917787999999998,0.12111358,0.14116135999999999,PJME,AEO2026 High Economic Growth
p125,2026,0.17927599,0.14890065,0.11875604,0.13960996,PJME,AEO2026 High Economic Growth
p125,2027,0.18763923999999998,0.15662355,0.12194089999999999,0.1436479,PJME,AEO2026 High Economic Growth
p125,2028,0.18994340999999998,0.15863805,0.12134326,0.14416742,PJME,AEO2026 High Economic Growth
p125,2029,0.19258436,0.15972665,0.12353062,0.14683935,PJME,AEO2026 High Economic Growth
p125,2030,0.20003448,0.16685877000000002,0.12975746,0.1540041,PJME,AEO2026 High Economic Growth
p125,2031,0.22118219,0.18974632,0.14498182,0.17108125999999999,PJME,AEO2026 High Economic Growth
p125,2032,0.22051493,0.18660727000000002,0.14547406000000002,0.17174799,PJME,AEO2026 High Economic Growth
p125,2033,0.22704247,0.19257416,0.15072614,0.17787344000000002,PJME,AEO2026 High Economic Growth
p125,2034,0.22911491,0.19378895,0.15129945,0.17931763,PJME,AEO2026 High Economic Growth
p125,2035,0.23176441,0.19539721,0.15236485,0.18125,PJME,AEO2026 High Economic Growth
p125,2036,0.23583429,0.19840486999999998,0.15454040000000002,0.18430375999999998,PJME,AEO2026 High Economic Growth
p125,2037,0.24157395999999998,0.20305878,0.15833289,0.188964,PJME,AEO2026 High Economic Growth
p125,2038,0.25836063,0.22017251999999998,0.17017796000000002,0.20224697,PJME,AEO2026 High Economic Growth
p125,2039,0.25352245,0.21268841,0.16578600000000002,0.19835871000000002,PJME,AEO2026 High Economic Growth
p125,2040,0.25714086999999997,0.21459017,0.16685955,0.19920725,PJME,AEO2026 High Economic Growth
p125,2041,0.26183734999999997,0.21767441,0.16915123,0.20243019,PJME,AEO2026 High Economic Growth
p125,2042,0.27028635,0.22454769,0.17461689,0.20885383999999999,PJME,AEO2026 High Economic Growth
p125,2043,0.27863419,0.23117975000000002,0.18003986000000002,0.21525433,PJME,AEO2026 High Economic Growth
p125,2044,0.28690937,0.23768930000000002,0.18525814000000002,0.22149416,PJME,AEO2026 High Economic Growth
p125,2045,0.29377846,0.24257421,0.18880413000000001,0.22604254000000001,PJME,AEO2026 High Economic Growth
p125,2046,0.29995211,0.24675808,0.19176265999999997,0.23002575,PJME,AEO2026 High Economic Growth
p125,2047,0.30694586,0.25184881000000003,0.19535728,0.23466297,PJME,AEO2026 High Economic Growth
p125,2048,0.31421188,0.25723871,0.19914079999999998,0.23950357,PJME,AEO2026 High Economic Growth
p125,2049,0.31864832,0.25953985,0.20091196,0.24226362,PJME,AEO2026 High Economic Growth
p125,2050,0.32727707,0.26631281,0.20504627,0.2475132,PJME,AEO2026 High Economic Growth
p126,2014,0.17955759000000002,0.14917787999999998,0.12111358,0.14116135999999999,PJME,AEO2026 High Economic Growth
p126,2015,0.17955759000000002,0.14917787999999998,0.12111358,0.14116135999999999,PJME,AEO2026 High Economic Growth
p126,2016,0.17955759000000002,0.14917787999999998,0.12111358,0.14116135999999999,PJME,AEO2026 High Economic Growth
p126,2017,0.17955759000000002,0.14917787999999998,0.12111358,0.14116135999999999,PJME,AEO2026 High Economic Growth
p126,2018,0.17955759000000002,0.14917787999999998,0.12111358,0.14116135999999999,PJME,AEO2026 High Economic Growth
p126,2019,0.17955759000000002,0.14917787999999998,0.12111358,0.14116135999999999,PJME,AEO2026 High Economic Growth
p126,2020,0.17955759000000002,0.14917787999999998,0.12111358,0.14116135999999999,PJME,AEO2026 High Economic Growth
p126,2021,0.17955759000000002,0.14917787999999998,0.12111358,0.14116135999999999,PJME,AEO2026 High Economic Growth
p126,2022,0.17955759000000002,0.14917787999999998,0.12111358,0.14116135999999999,PJME,AEO2026 High Economic Growth
p126,2023,0.17955759000000002,0.14917787999999998,0.12111358,0.14116135999999999,PJME,AEO2026 High Economic Growth
p126,2024,0.17955759000000002,0.14917787999999998,0.12111358,0.14116135999999999,PJME,AEO2026 High Economic Growth
p126,2025,0.17955759000000002,0.14917787999999998,0.12111358,0.14116135999999999,PJME,AEO2026 High Economic Growth
p126,2026,0.17927599,0.14890065,0.11875604,0.13960996,PJME,AEO2026 High Economic Growth
p126,2027,0.18763923999999998,0.15662355,0.12194089999999999,0.1436479,PJME,AEO2026 High Economic Growth
p126,2028,0.18994340999999998,0.15863805,0.12134326,0.14416742,PJME,AEO2026 High Economic Growth
p126,2029,0.19258436,0.15972665,0.12353062,0.14683935,PJME,AEO2026 High Economic Growth
p126,2030,0.20003448,0.16685877000000002,0.12975746,0.1540041,PJME,AEO2026 High Economic Growth
p126,2031,0.22118219,0.18974632,0.14498182,0.17108125999999999,PJME,AEO2026 High Economic Growth
p126,2032,0.22051493,0.18660727000000002,0.14547406000000002,0.17174799,PJME,AEO2026 High Economic Growth
p126,2033,0.22704247,0.19257416,0.15072614,0.17787344000000002,PJME,AEO2026 High Economic Growth
p126,2034,0.22911491,0.19378895,0.15129945,0.17931763,PJME,AEO2026 High Economic Growth
p126,2035,0.23176441,0.19539721,0.15236485,0.18125,PJME,AEO2026 High Economic Growth
p126,2036,0.23583429,0.19840486999999998,0.15454040000000002,0.18430375999999998,PJME,AEO2026 High Economic Growth
p126,2037,0.24157395999999998,0.20305878,0.15833289,0.188964,PJME,AEO2026 High Economic Growth
p126,2038,0.25836063,0.22017251999999998,0.17017796000000002,0.20224697,PJME,AEO2026 High Economic Growth
p126,2039,0.25352245,0.21268841,0.16578600000000002,0.19835871000000002,PJME,AEO2026 High Economic Growth
p126,2040,0.25714086999999997,0.21459017,0.16685955,0.19920725,PJME,AEO2026 High Economic Growth
p126,2041,0.26183734999999997,0.21767441,0.16915123,0.20243019,PJME,AEO2026 High Economic Growth
p126,2042,0.27028635,0.22454769,0.17461689,0.20885383999999999,PJME,AEO2026 High Economic Growth
p126,2043,0.27863419,0.23117975000000002,0.18003986000000002,0.21525433,PJME,AEO2026 High Economic Growth
p126,2044,0.28690937,0.23768930000000002,0.18525814000000002,0.22149416,PJME,AEO2026 High Economic Growth
p126,2045,0.29377846,0.24257421,0.18880413000000001,0.22604254000000001,PJME,AEO2026 High Economic Growth
p126,2046,0.29995211,0.24675808,0.19176265999999997,0.23002575,PJME,AEO2026 High Economic Growth
p126,2047,0.30694586,0.25184881000000003,0.19535728,0.23466297,PJME,AEO2026 High Economic Growth
p126,2048,0.31421188,0.25723871,0.19914079999999998,0.23950357,PJME,AEO2026 High Economic Growth
p126,2049,0.31864832,0.25953985,0.20091196,0.24226362,PJME,AEO2026 High Economic Growth
p126,2050,0.32727707,0.26631281,0.20504627,0.2475132,PJME,AEO2026 High Economic Growth
p127,2014,0.20548314999999998,0.16409061000000003,0.13527183,0.15562921,NYUP,AEO2026 High Economic Growth
p127,2015,0.20548314999999998,0.16409061000000003,0.13527183,0.15562921,NYUP,AEO2026 High Economic Growth
p127,2016,0.20548314999999998,0.16409061000000003,0.13527183,0.15562921,NYUP,AEO2026 High Economic Growth
p127,2017,0.20548314999999998,0.16409061000000003,0.13527183,0.15562921,NYUP,AEO2026 High Economic Growth
p127,2018,0.20548314999999998,0.16409061000000003,0.13527183,0.15562921,NYUP,AEO2026 High Economic Growth
p127,2019,0.20548314999999998,0.16409061000000003,0.13527183,0.15562921,NYUP,AEO2026 High Economic Growth
p127,2020,0.20548314999999998,0.16409061000000003,0.13527183,0.15562921,NYUP,AEO2026 High Economic Growth
p127,2021,0.20548314999999998,0.16409061000000003,0.13527183,0.15562921,NYUP,AEO2026 High Economic Growth
p127,2022,0.20548314999999998,0.16409061000000003,0.13527183,0.15562921,NYUP,AEO2026 High Economic Growth
p127,2023,0.20548314999999998,0.16409061000000003,0.13527183,0.15562921,NYUP,AEO2026 High Economic Growth
p127,2024,0.20548314999999998,0.16409061000000003,0.13527183,0.15562921,NYUP,AEO2026 High Economic Growth
p127,2025,0.20548314999999998,0.16409061000000003,0.13527183,0.15562921,NYUP,AEO2026 High Economic Growth
p127,2026,0.21590677,0.17489349,0.14355881,0.16482031,NYUP,AEO2026 High Economic Growth
p127,2027,0.21393135000000002,0.17282644000000003,0.1377365,0.15919345,NYUP,AEO2026 High Economic Growth
p127,2028,0.20506302,0.16299992,0.12686113000000002,0.14949039,NYUP,AEO2026 High Economic Growth
p127,2029,0.21165026,0.1691769,0.1317876,0.15552946,NYUP,AEO2026 High Economic Growth
p127,2030,0.21732813,0.17464195,0.13586952,0.1601803,NYUP,AEO2026 High Economic Growth
p127,2031,0.22326366,0.18193741,0.13961882,0.16482386000000002,NYUP,AEO2026 High Economic Growth
p127,2032,0.23162825,0.18961466000000002,0.1467049,0.17377993,NYUP,AEO2026 High Economic Growth
p127,2033,0.23726835000000002,0.19430758,0.15118802,0.17896188999999998,NYUP,AEO2026 High Economic Growth
p127,2034,0.24007086,0.19632314999999997,0.15203174,0.18108281999999998,NYUP,AEO2026 High Economic Growth
p127,2035,0.24306677000000002,0.1982715,0.15322345,0.18313814,NYUP,AEO2026 High Economic Growth
p127,2036,0.24703535,0.2010577,0.15533941,0.18602148,NYUP,AEO2026 High Economic Growth
p127,2037,0.25683533000000003,0.20971157,0.16215395000000002,0.19225462000000001,NYUP,AEO2026 High Economic Growth
p127,2038,0.27662565,0.23122641000000002,0.17686406999999998,0.20715294,NYUP,AEO2026 High Economic Growth
p127,2039,0.27043495,0.22106403,0.17109304000000003,0.20315863,NYUP,AEO2026 High Economic Growth
p127,2040,0.2750548,0.22399817,0.17313055,0.20610890999999998,NYUP,AEO2026 High Economic Growth
p127,2041,0.28570358,0.23396989999999998,0.17978936999999998,0.21345491,NYUP,AEO2026 High Economic Growth
p127,2042,0.29514666,0.24212187,0.18585508,0.22036335,NYUP,AEO2026 High Economic Growth
p127,2043,0.30434818,0.24987112,0.19192663,0.22749516,NYUP,AEO2026 High Economic Growth
p127,2044,0.31350004,0.25751617,0.19788258,0.23451323,NYUP,AEO2026 High Economic Growth
p127,2045,0.32345134999999997,0.26607574,0.20358996999999998,0.24111347,NYUP,AEO2026 High Economic Growth
p127,2046,0.32979069000000005,0.27202675,0.20690114999999998,0.24560415,NYUP,AEO2026 High Economic Growth
p127,2047,0.33676566999999996,0.27736387,0.21021764999999998,0.24996382,NYUP,AEO2026 High Economic Growth
p127,2048,0.34425468000000004,0.28334175,0.21404741000000002,0.25488092,NYUP,AEO2026 High Economic Growth
p127,2049,0.35253529,0.29007982,0.21865605999999999,0.26059019,NYUP,AEO2026 High Economic Growth
p127,2050,0.35792034,0.29381939,0.22019718000000002,0.26326241,NYUP,AEO2026 High Economic Growth
p128,2014,0.31388323,0.23499022,0.25740658,0.22610989,NYCW,AEO2026 High Economic Growth
p128,2015,0.31388323,0.23499022,0.25740658,0.22610989,NYCW,AEO2026 High Economic Growth
p128,2016,0.31388323,0.23499022,0.25740658,0.22610989,NYCW,AEO2026 High Economic Growth
p128,2017,0.31388323,0.23499022,0.25740658,0.22610989,NYCW,AEO2026 High Economic Growth
p128,2018,0.31388323,0.23499022,0.25740658,0.22610989,NYCW,AEO2026 High Economic Growth
p128,2019,0.31388323,0.23499022,0.25740658,0.22610989,NYCW,AEO2026 High Economic Growth
p128,2020,0.31388323,0.23499022,0.25740658,0.22610989,NYCW,AEO2026 High Economic Growth
p128,2021,0.31388323,0.23499022,0.25740658,0.22610989,NYCW,AEO2026 High Economic Growth
p128,2022,0.31388323,0.23499022,0.25740658,0.22610989,NYCW,AEO2026 High Economic Growth
p128,2023,0.31388323,0.23499022,0.25740658,0.22610989,NYCW,AEO2026 High Economic Growth
p128,2024,0.31388323,0.23499022,0.25740658,0.22610989,NYCW,AEO2026 High Economic Growth
p128,2025,0.31388323,0.23499022,0.25740658,0.22610989,NYCW,AEO2026 High Economic Growth
p128,2026,0.33618187,0.25609739000000004,0.27925838,0.24387747,NYCW,AEO2026 High Economic Growth
p128,2027,0.33643509,0.25485786,0.27476604,0.23812567,NYCW,AEO2026 High Economic Growth
p128,2028,0.32977505,0.24615320000000002,0.26783552,0.22824798999999998,NYCW,AEO2026 High Economic Growth
p128,2029,0.33970985,0.25460762,0.27863527,0.23622848999999999,NYCW,AEO2026 High Economic Growth
p128,2030,0.35171482,0.26703067999999996,0.29002527,0.24551774999999998,NYCW,AEO2026 High Economic Growth
p128,2031,0.36525115999999996,0.28229561000000003,0.30192961,0.25505438,NYCW,AEO2026 High Economic Growth
p128,2032,0.37242283,0.28611483,0.31142891,0.26160751,NYCW,AEO2026 High Economic Growth
p128,2033,0.38107185,0.29373547,0.32211193,0.269422,NYCW,AEO2026 High Economic Growth
p128,2034,0.38714108,0.29786089,0.32920761,0.27352999,NYCW,AEO2026 High Economic Growth
p128,2035,0.39256828,0.30069054,0.33556632999999997,0.27665545999999996,NYCW,AEO2026 High Economic Growth
p128,2036,0.40026318000000005,0.30579836,0.34351993999999997,0.28164680000000003,NYCW,AEO2026 High Economic Growth
p128,2037,0.41226395,0.31566328,0.35486362,0.29036333,NYCW,AEO2026 High Economic Growth
p128,2038,0.42929080999999997,0.33241931999999996,0.37011696,0.3028685,NYCW,AEO2026 High Economic Growth
p128,2039,0.43523224,0.33309151,0.37620827,0.30654191999999997,NYCW,AEO2026 High Economic Growth
p128,2040,0.44388523,0.33772717,0.38404091,0.31120844000000003,NYCW,AEO2026 High Economic Growth
p128,2041,0.45403530000000003,0.3440435,0.39346943,0.31691605,NYCW,AEO2026 High Economic Growth
p128,2042,0.46714546,0.35337372,0.40572319,0.32535515,NYCW,AEO2026 High Economic Growth
p128,2043,0.48182735,0.36416866,0.41943787,0.33512455,NYCW,AEO2026 High Economic Growth
p128,2044,0.49849087,0.37704425999999996,0.43497299,0.34642971,NYCW,AEO2026 High Economic Growth
p128,2045,0.51083637,0.38490032,0.44554237,0.35331176999999997,NYCW,AEO2026 High Economic Growth
p128,2046,0.52201336,0.39166836000000005,0.45507033999999996,0.35909367000000003,NYCW,AEO2026 High Economic Growth
p128,2047,0.53417046,0.39970008999999995,0.4650351,0.36579258000000003,NYCW,AEO2026 High Economic Growth
p128,2048,0.5468626400000001,0.40838226,0.4752961,0.37299675,NYCW,AEO2026 High Economic Growth
p128,2049,0.56129204,0.41872017,0.48754848,0.38172455,NYCW,AEO2026 High Economic Growth
p128,2050,0.57158138,0.42466778,0.49498798,0.38620384,NYCW,AEO2026 High Economic Growth
p129,2014,0.27831516,0.23740524000000002,0.19516464,0.22681114000000002,ISNE,AEO2026 High Economic Growth
p129,2015,0.27831516,0.23740524000000002,0.19516464,0.22681114000000002,ISNE,AEO2026 High Economic Growth
p129,2016,0.27831516,0.23740524000000002,0.19516464,0.22681114000000002,ISNE,AEO2026 High Economic Growth
p129,2017,0.27831516,0.23740524000000002,0.19516464,0.22681114000000002,ISNE,AEO2026 High Economic Growth
p129,2018,0.27831516,0.23740524000000002,0.19516464,0.22681114000000002,ISNE,AEO2026 High Economic Growth
p129,2019,0.27831516,0.23740524000000002,0.19516464,0.22681114000000002,ISNE,AEO2026 High Economic Growth
p129,2020,0.27831516,0.23740524000000002,0.19516464,0.22681114000000002,ISNE,AEO2026 High Economic Growth
p129,2021,0.27831516,0.23740524000000002,0.19516464,0.22681114000000002,ISNE,AEO2026 High Economic Growth
p129,2022,0.27831516,0.23740524000000002,0.19516464,0.22681114000000002,ISNE,AEO2026 High Economic Growth
p129,2023,0.27831516,0.23740524000000002,0.19516464,0.22681114000000002,ISNE,AEO2026 High Economic Growth
p129,2024,0.27831516,0.23740524000000002,0.19516464,0.22681114000000002,ISNE,AEO2026 High Economic Growth
p129,2025,0.27831516,0.23740524000000002,0.19516464,0.22681114000000002,ISNE,AEO2026 High Economic Growth
p129,2026,0.28671009000000003,0.25038269,0.20256981,0.23486529999999997,ISNE,AEO2026 High Economic Growth
p129,2027,0.28244255,0.24531092000000002,0.19270504,0.22476607999999998,ISNE,AEO2026 High Economic Growth
p129,2028,0.27146550999999997,0.23521029999999998,0.17993309,0.21274706,ISNE,AEO2026 High Economic Growth
p129,2029,0.27923399,0.24445851999999998,0.18613806,0.21983086,ISNE,AEO2026 High Economic Growth
p129,2030,0.28761337000000003,0.25376736,0.19237415,0.22725864,ISNE,AEO2026 High Economic Growth
p129,2031,0.2947743,0.26325117,0.1975083,0.23342355999999997,ISNE,AEO2026 High Economic Growth
p129,2032,0.30279602,0.27231311999999996,0.20431915,0.24118784000000001,ISNE,AEO2026 High Economic Growth
p129,2033,0.30978388,0.28011467,0.21003391000000002,0.24791706000000002,ISNE,AEO2026 High Economic Growth
p129,2034,0.31279512,0.28347464,0.21164724,0.25058258,ISNE,AEO2026 High Economic Growth
p129,2035,0.31630252999999997,0.28694611,0.21365623,0.25360842,ISNE,AEO2026 High Economic Growth
p129,2036,0.32125946,0.29197755999999997,0.2169108,0.25785744,ISNE,AEO2026 High Economic Growth
p129,2037,0.32888237,0.30014542,0.22274033,0.26474646,ISNE,AEO2026 High Economic Growth
p129,2038,0.33779888,0.30964323,0.22960571000000002,0.27269476000000004,ISNE,AEO2026 High Economic Growth
p129,2039,0.34568905,0.31766665,0.23518789,0.27934988,ISNE,AEO2026 High Economic Growth
p129,2040,0.35166092,0.32333229,0.23874197,0.28403591,ISNE,AEO2026 High Economic Growth
p129,2041,0.36656405999999997,0.34370029,0.24991724,0.29575777,ISNE,AEO2026 High Economic Growth
p129,2042,0.37642215999999995,0.35346794000000004,0.25649994,0.30351438999999997,ISNE,AEO2026 High Economic Growth
p129,2043,0.38713272000000004,0.36370319,0.26353985,0.31169479,ISNE,AEO2026 High Economic Growth
p129,2044,0.39795944,0.37385159,0.27052227,0.31975119,ISNE,AEO2026 High Economic Growth
p129,2045,0.40706524,0.38213768000000004,0.27538067,0.32574997000000006,ISNE,AEO2026 High Economic Growth
p129,2046,0.41607532999999997,0.39029815999999995,0.28000982,0.33146957,ISNE,AEO2026 High Economic Growth
p129,2047,0.42533569,0.39882530000000005,0.28483459,0.33741547,ISNE,AEO2026 High Economic Growth
p129,2048,0.43472969,0.40740859999999995,0.28977583,0.34349796,ISNE,AEO2026 High Economic Growth
p129,2049,0.44546799,0.41783107999999997,0.29590183,0.35071892,ISNE,AEO2026 High Economic Growth
p129,2050,0.4514624,0.42236542,0.29700439,0.35302296,ISNE,AEO2026 High Economic Growth
p130,2014,0.27831516,0.23740524000000002,0.19516464,0.22681114000000002,ISNE,AEO2026 High Economic Growth
p130,2015,0.27831516,0.23740524000000002,0.19516464,0.22681114000000002,ISNE,AEO2026 High Economic Growth
p130,2016,0.27831516,0.23740524000000002,0.19516464,0.22681114000000002,ISNE,AEO2026 High Economic Growth
p130,2017,0.27831516,0.23740524000000002,0.19516464,0.22681114000000002,ISNE,AEO2026 High Economic Growth
p130,2018,0.27831516,0.23740524000000002,0.19516464,0.22681114000000002,ISNE,AEO2026 High Economic Growth
p130,2019,0.27831516,0.23740524000000002,0.19516464,0.22681114000000002,ISNE,AEO2026 High Economic Growth
p130,2020,0.27831516,0.23740524000000002,0.19516464,0.22681114000000002,ISNE,AEO2026 High Economic Growth
p130,2021,0.27831516,0.23740524000000002,0.19516464,0.22681114000000002,ISNE,AEO2026 High Economic Growth
p130,2022,0.27831516,0.23740524000000002,0.19516464,0.22681114000000002,ISNE,AEO2026 High Economic Growth
p130,2023,0.27831516,0.23740524000000002,0.19516464,0.22681114000000002,ISNE,AEO2026 High Economic Growth
p130,2024,0.27831516,0.23740524000000002,0.19516464,0.22681114000000002,ISNE,AEO2026 High Economic Growth
p130,2025,0.27831516,0.23740524000000002,0.19516464,0.22681114000000002,ISNE,AEO2026 High Economic Growth
p130,2026,0.28671009000000003,0.25038269,0.20256981,0.23486529999999997,ISNE,AEO2026 High Economic Growth
p130,2027,0.28244255,0.24531092000000002,0.19270504,0.22476607999999998,ISNE,AEO2026 High Economic Growth
p130,2028,0.27146550999999997,0.23521029999999998,0.17993309,0.21274706,ISNE,AEO2026 High Economic Growth
p130,2029,0.27923399,0.24445851999999998,0.18613806,0.21983086,ISNE,AEO2026 High Economic Growth
p130,2030,0.28761337000000003,0.25376736,0.19237415,0.22725864,ISNE,AEO2026 High Economic Growth
p130,2031,0.2947743,0.26325117,0.1975083,0.23342355999999997,ISNE,AEO2026 High Economic Growth
p130,2032,0.30279602,0.27231311999999996,0.20431915,0.24118784000000001,ISNE,AEO2026 High Economic Growth
p130,2033,0.30978388,0.28011467,0.21003391000000002,0.24791706000000002,ISNE,AEO2026 High Economic Growth
p130,2034,0.31279512,0.28347464,0.21164724,0.25058258,ISNE,AEO2026 High Economic Growth
p130,2035,0.31630252999999997,0.28694611,0.21365623,0.25360842,ISNE,AEO2026 High Economic Growth
p130,2036,0.32125946,0.29197755999999997,0.2169108,0.25785744,ISNE,AEO2026 High Economic Growth
p130,2037,0.32888237,0.30014542,0.22274033,0.26474646,ISNE,AEO2026 High Economic Growth
p130,2038,0.33779888,0.30964323,0.22960571000000002,0.27269476000000004,ISNE,AEO2026 High Economic Growth
p130,2039,0.34568905,0.31766665,0.23518789,0.27934988,ISNE,AEO2026 High Economic Growth
p130,2040,0.35166092,0.32333229,0.23874197,0.28403591,ISNE,AEO2026 High Economic Growth
p130,2041,0.36656405999999997,0.34370029,0.24991724,0.29575777,ISNE,AEO2026 High Economic Growth
p130,2042,0.37642215999999995,0.35346794000000004,0.25649994,0.30351438999999997,ISNE,AEO2026 High Economic Growth
p130,2043,0.38713272000000004,0.36370319,0.26353985,0.31169479,ISNE,AEO2026 High Economic Growth
p130,2044,0.39795944,0.37385159,0.27052227,0.31975119,ISNE,AEO2026 High Economic Growth
p130,2045,0.40706524,0.38213768000000004,0.27538067,0.32574997000000006,ISNE,AEO2026 High Economic Growth
p130,2046,0.41607532999999997,0.39029815999999995,0.28000982,0.33146957,ISNE,AEO2026 High Economic Growth
p130,2047,0.42533569,0.39882530000000005,0.28483459,0.33741547,ISNE,AEO2026 High Economic Growth
p130,2048,0.43472969,0.40740859999999995,0.28977583,0.34349796,ISNE,AEO2026 High Economic Growth
p130,2049,0.44546799,0.41783107999999997,0.29590183,0.35071892,ISNE,AEO2026 High Economic Growth
p130,2050,0.4514624,0.42236542,0.29700439,0.35302296,ISNE,AEO2026 High Economic Growth
p131,2014,0.27831516,0.23740524000000002,0.19516464,0.22681114000000002,ISNE,AEO2026 High Economic Growth
p131,2015,0.27831516,0.23740524000000002,0.19516464,0.22681114000000002,ISNE,AEO2026 High Economic Growth
p131,2016,0.27831516,0.23740524000000002,0.19516464,0.22681114000000002,ISNE,AEO2026 High Economic Growth
p131,2017,0.27831516,0.23740524000000002,0.19516464,0.22681114000000002,ISNE,AEO2026 High Economic Growth
p131,2018,0.27831516,0.23740524000000002,0.19516464,0.22681114000000002,ISNE,AEO2026 High Economic Growth
p131,2019,0.27831516,0.23740524000000002,0.19516464,0.22681114000000002,ISNE,AEO2026 High Economic Growth
p131,2020,0.27831516,0.23740524000000002,0.19516464,0.22681114000000002,ISNE,AEO2026 High Economic Growth
p131,2021,0.27831516,0.23740524000000002,0.19516464,0.22681114000000002,ISNE,AEO2026 High Economic Growth
p131,2022,0.27831516,0.23740524000000002,0.19516464,0.22681114000000002,ISNE,AEO2026 High Economic Growth
p131,2023,0.27831516,0.23740524000000002,0.19516464,0.22681114000000002,ISNE,AEO2026 High Economic Growth
p131,2024,0.27831516,0.23740524000000002,0.19516464,0.22681114000000002,ISNE,AEO2026 High Economic Growth
p131,2025,0.27831516,0.23740524000000002,0.19516464,0.22681114000000002,ISNE,AEO2026 High Economic Growth
p131,2026,0.28671009000000003,0.25038269,0.20256981,0.23486529999999997,ISNE,AEO2026 High Economic Growth
p131,2027,0.28244255,0.24531092000000002,0.19270504,0.22476607999999998,ISNE,AEO2026 High Economic Growth
p131,2028,0.27146550999999997,0.23521029999999998,0.17993309,0.21274706,ISNE,AEO2026 High Economic Growth
p131,2029,0.27923399,0.24445851999999998,0.18613806,0.21983086,ISNE,AEO2026 High Economic Growth
p131,2030,0.28761337000000003,0.25376736,0.19237415,0.22725864,ISNE,AEO2026 High Economic Growth
p131,2031,0.2947743,0.26325117,0.1975083,0.23342355999999997,ISNE,AEO2026 High Economic Growth
p131,2032,0.30279602,0.27231311999999996,0.20431915,0.24118784000000001,ISNE,AEO2026 High Economic Growth
p131,2033,0.30978388,0.28011467,0.21003391000000002,0.24791706000000002,ISNE,AEO2026 High Economic Growth
p131,2034,0.31279512,0.28347464,0.21164724,0.25058258,ISNE,AEO2026 High Economic Growth
p131,2035,0.31630252999999997,0.28694611,0.21365623,0.25360842,ISNE,AEO2026 High Economic Growth
p131,2036,0.32125946,0.29197755999999997,0.2169108,0.25785744,ISNE,AEO2026 High Economic Growth
p131,2037,0.32888237,0.30014542,0.22274033,0.26474646,ISNE,AEO2026 High Economic Growth
p131,2038,0.33779888,0.30964323,0.22960571000000002,0.27269476000000004,ISNE,AEO2026 High Economic Growth
p131,2039,0.34568905,0.31766665,0.23518789,0.27934988,ISNE,AEO2026 High Economic Growth
p131,2040,0.35166092,0.32333229,0.23874197,0.28403591,ISNE,AEO2026 High Economic Growth
p131,2041,0.36656405999999997,0.34370029,0.24991724,0.29575777,ISNE,AEO2026 High Economic Growth
p131,2042,0.37642215999999995,0.35346794000000004,0.25649994,0.30351438999999997,ISNE,AEO2026 High Economic Growth
p131,2043,0.38713272000000004,0.36370319,0.26353985,0.31169479,ISNE,AEO2026 High Economic Growth
p131,2044,0.39795944,0.37385159,0.27052227,0.31975119,ISNE,AEO2026 High Economic Growth
p131,2045,0.40706524,0.38213768000000004,0.27538067,0.32574997000000006,ISNE,AEO2026 High Economic Growth
p131,2046,0.41607532999999997,0.39029815999999995,0.28000982,0.33146957,ISNE,AEO2026 High Economic Growth
p131,2047,0.42533569,0.39882530000000005,0.28483459,0.33741547,ISNE,AEO2026 High Economic Growth
p131,2048,0.43472969,0.40740859999999995,0.28977583,0.34349796,ISNE,AEO2026 High Economic Growth
p131,2049,0.44546799,0.41783107999999997,0.29590183,0.35071892,ISNE,AEO2026 High Economic Growth
p131,2050,0.4514624,0.42236542,0.29700439,0.35302296,ISNE,AEO2026 High Economic Growth
p132,2014,0.27831516,0.23740524000000002,0.19516464,0.22681114000000002,ISNE,AEO2026 High Economic Growth
p132,2015,0.27831516,0.23740524000000002,0.19516464,0.22681114000000002,ISNE,AEO2026 High Economic Growth
p132,2016,0.27831516,0.23740524000000002,0.19516464,0.22681114000000002,ISNE,AEO2026 High Economic Growth
p132,2017,0.27831516,0.23740524000000002,0.19516464,0.22681114000000002,ISNE,AEO2026 High Economic Growth
p132,2018,0.27831516,0.23740524000000002,0.19516464,0.22681114000000002,ISNE,AEO2026 High Economic Growth
p132,2019,0.27831516,0.23740524000000002,0.19516464,0.22681114000000002,ISNE,AEO2026 High Economic Growth
p132,2020,0.27831516,0.23740524000000002,0.19516464,0.22681114000000002,ISNE,AEO2026 High Economic Growth
p132,2021,0.27831516,0.23740524000000002,0.19516464,0.22681114000000002,ISNE,AEO2026 High Economic Growth
p132,2022,0.27831516,0.23740524000000002,0.19516464,0.22681114000000002,ISNE,AEO2026 High Economic Growth
p132,2023,0.27831516,0.23740524000000002,0.19516464,0.22681114000000002,ISNE,AEO2026 High Economic Growth
p132,2024,0.27831516,0.23740524000000002,0.19516464,0.22681114000000002,ISNE,AEO2026 High Economic Growth
p132,2025,0.27831516,0.23740524000000002,0.19516464,0.22681114000000002,ISNE,AEO2026 High Economic Growth
p132,2026,0.28671009000000003,0.25038269,0.20256981,0.23486529999999997,ISNE,AEO2026 High Economic Growth
p132,2027,0.28244255,0.24531092000000002,0.19270504,0.22476607999999998,ISNE,AEO2026 High Economic Growth
p132,2028,0.27146550999999997,0.23521029999999998,0.17993309,0.21274706,ISNE,AEO2026 High Economic Growth
p132,2029,0.27923399,0.24445851999999998,0.18613806,0.21983086,ISNE,AEO2026 High Economic Growth
p132,2030,0.28761337000000003,0.25376736,0.19237415,0.22725864,ISNE,AEO2026 High Economic Growth
p132,2031,0.2947743,0.26325117,0.1975083,0.23342355999999997,ISNE,AEO2026 High Economic Growth
p132,2032,0.30279602,0.27231311999999996,0.20431915,0.24118784000000001,ISNE,AEO2026 High Economic Growth
p132,2033,0.30978388,0.28011467,0.21003391000000002,0.24791706000000002,ISNE,AEO2026 High Economic Growth
p132,2034,0.31279512,0.28347464,0.21164724,0.25058258,ISNE,AEO2026 High Economic Growth
p132,2035,0.31630252999999997,0.28694611,0.21365623,0.25360842,ISNE,AEO2026 High Economic Growth
p132,2036,0.32125946,0.29197755999999997,0.2169108,0.25785744,ISNE,AEO2026 High Economic Growth
p132,2037,0.32888237,0.30014542,0.22274033,0.26474646,ISNE,AEO2026 High Economic Growth
p132,2038,0.33779888,0.30964323,0.22960571000000002,0.27269476000000004,ISNE,AEO2026 High Economic Growth
p132,2039,0.34568905,0.31766665,0.23518789,0.27934988,ISNE,AEO2026 High Economic Growth
p132,2040,0.35166092,0.32333229,0.23874197,0.28403591,ISNE,AEO2026 High Economic Growth
p132,2041,0.36656405999999997,0.34370029,0.24991724,0.29575777,ISNE,AEO2026 High Economic Growth
p132,2042,0.37642215999999995,0.35346794000000004,0.25649994,0.30351438999999997,ISNE,AEO2026 High Economic Growth
p132,2043,0.38713272000000004,0.36370319,0.26353985,0.31169479,ISNE,AEO2026 High Economic Growth
p132,2044,0.39795944,0.37385159,0.27052227,0.31975119,ISNE,AEO2026 High Economic Growth
p132,2045,0.40706524,0.38213768000000004,0.27538067,0.32574997000000006,ISNE,AEO2026 High Economic Growth
p132,2046,0.41607532999999997,0.39029815999999995,0.28000982,0.33146957,ISNE,AEO2026 High Economic Growth
p132,2047,0.42533569,0.39882530000000005,0.28483459,0.33741547,ISNE,AEO2026 High Economic Growth
p132,2048,0.43472969,0.40740859999999995,0.28977583,0.34349796,ISNE,AEO2026 High Economic Growth
p132,2049,0.44546799,0.41783107999999997,0.29590183,0.35071892,ISNE,AEO2026 High Economic Growth
p132,2050,0.4514624,0.42236542,0.29700439,0.35302296,ISNE,AEO2026 High Economic Growth
p133,2014,0.27831516,0.23740524000000002,0.19516464,0.22681114000000002,ISNE,AEO2026 High Economic Growth
p133,2015,0.27831516,0.23740524000000002,0.19516464,0.22681114000000002,ISNE,AEO2026 High Economic Growth
p133,2016,0.27831516,0.23740524000000002,0.19516464,0.22681114000000002,ISNE,AEO2026 High Economic Growth
p133,2017,0.27831516,0.23740524000000002,0.19516464,0.22681114000000002,ISNE,AEO2026 High Economic Growth
p133,2018,0.27831516,0.23740524000000002,0.19516464,0.22681114000000002,ISNE,AEO2026 High Economic Growth
p133,2019,0.27831516,0.23740524000000002,0.19516464,0.22681114000000002,ISNE,AEO2026 High Economic Growth
p133,2020,0.27831516,0.23740524000000002,0.19516464,0.22681114000000002,ISNE,AEO2026 High Economic Growth
p133,2021,0.27831516,0.23740524000000002,0.19516464,0.22681114000000002,ISNE,AEO2026 High Economic Growth
p133,2022,0.27831516,0.23740524000000002,0.19516464,0.22681114000000002,ISNE,AEO2026 High Economic Growth
p133,2023,0.27831516,0.23740524000000002,0.19516464,0.22681114000000002,ISNE,AEO2026 High Economic Growth
p133,2024,0.27831516,0.23740524000000002,0.19516464,0.22681114000000002,ISNE,AEO2026 High Economic Growth
p133,2025,0.27831516,0.23740524000000002,0.19516464,0.22681114000000002,ISNE,AEO2026 High Economic Growth
p133,2026,0.28671009000000003,0.25038269,0.20256981,0.23486529999999997,ISNE,AEO2026 High Economic Growth
p133,2027,0.28244255,0.24531092000000002,0.19270504,0.22476607999999998,ISNE,AEO2026 High Economic Growth
p133,2028,0.27146550999999997,0.23521029999999998,0.17993309,0.21274706,ISNE,AEO2026 High Economic Growth
p133,2029,0.27923399,0.24445851999999998,0.18613806,0.21983086,ISNE,AEO2026 High Economic Growth
p133,2030,0.28761337000000003,0.25376736,0.19237415,0.22725864,ISNE,AEO2026 High Economic Growth
p133,2031,0.2947743,0.26325117,0.1975083,0.23342355999999997,ISNE,AEO2026 High Economic Growth
p133,2032,0.30279602,0.27231311999999996,0.20431915,0.24118784000000001,ISNE,AEO2026 High Economic Growth
p133,2033,0.30978388,0.28011467,0.21003391000000002,0.24791706000000002,ISNE,AEO2026 High Economic Growth
p133,2034,0.31279512,0.28347464,0.21164724,0.25058258,ISNE,AEO2026 High Economic Growth
p133,2035,0.31630252999999997,0.28694611,0.21365623,0.25360842,ISNE,AEO2026 High Economic Growth
p133,2036,0.32125946,0.29197755999999997,0.2169108,0.25785744,ISNE,AEO2026 High Economic Growth
p133,2037,0.32888237,0.30014542,0.22274033,0.26474646,ISNE,AEO2026 High Economic Growth
p133,2038,0.33779888,0.30964323,0.22960571000000002,0.27269476000000004,ISNE,AEO2026 High Economic Growth
p133,2039,0.34568905,0.31766665,0.23518789,0.27934988,ISNE,AEO2026 High Economic Growth
p133,2040,0.35166092,0.32333229,0.23874197,0.28403591,ISNE,AEO2026 High Economic Growth
p133,2041,0.36656405999999997,0.34370029,0.24991724,0.29575777,ISNE,AEO2026 High Economic Growth
p133,2042,0.37642215999999995,0.35346794000000004,0.25649994,0.30351438999999997,ISNE,AEO2026 High Economic Growth
p133,2043,0.38713272000000004,0.36370319,0.26353985,0.31169479,ISNE,AEO2026 High Economic Growth
p133,2044,0.39795944,0.37385159,0.27052227,0.31975119,ISNE,AEO2026 High Economic Growth
p133,2045,0.40706524,0.38213768000000004,0.27538067,0.32574997000000006,ISNE,AEO2026 High Economic Growth
p133,2046,0.41607532999999997,0.39029815999999995,0.28000982,0.33146957,ISNE,AEO2026 High Economic Growth
p133,2047,0.42533569,0.39882530000000005,0.28483459,0.33741547,ISNE,AEO2026 High Economic Growth
p133,2048,0.43472969,0.40740859999999995,0.28977583,0.34349796,ISNE,AEO2026 High Economic Growth
p133,2049,0.44546799,0.41783107999999997,0.29590183,0.35071892,ISNE,AEO2026 High Economic Growth
p133,2050,0.4514624,0.42236542,0.29700439,0.35302296,ISNE,AEO2026 High Economic Growth
p134,2014,0.27831516,0.23740524000000002,0.19516464,0.22681114000000002,ISNE,AEO2026 High Economic Growth
p134,2015,0.27831516,0.23740524000000002,0.19516464,0.22681114000000002,ISNE,AEO2026 High Economic Growth
p134,2016,0.27831516,0.23740524000000002,0.19516464,0.22681114000000002,ISNE,AEO2026 High Economic Growth
p134,2017,0.27831516,0.23740524000000002,0.19516464,0.22681114000000002,ISNE,AEO2026 High Economic Growth
p134,2018,0.27831516,0.23740524000000002,0.19516464,0.22681114000000002,ISNE,AEO2026 High Economic Growth
p134,2019,0.27831516,0.23740524000000002,0.19516464,0.22681114000000002,ISNE,AEO2026 High Economic Growth
p134,2020,0.27831516,0.23740524000000002,0.19516464,0.22681114000000002,ISNE,AEO2026 High Economic Growth
p134,2021,0.27831516,0.23740524000000002,0.19516464,0.22681114000000002,ISNE,AEO2026 High Economic Growth
p134,2022,0.27831516,0.23740524000000002,0.19516464,0.22681114000000002,ISNE,AEO2026 High Economic Growth
p134,2023,0.27831516,0.23740524000000002,0.19516464,0.22681114000000002,ISNE,AEO2026 High Economic Growth
p134,2024,0.27831516,0.23740524000000002,0.19516464,0.22681114000000002,ISNE,AEO2026 High Economic Growth
p134,2025,0.27831516,0.23740524000000002,0.19516464,0.22681114000000002,ISNE,AEO2026 High Economic Growth
p134,2026,0.28671009000000003,0.25038269,0.20256981,0.23486529999999997,ISNE,AEO2026 High Economic Growth
p134,2027,0.28244255,0.24531092000000002,0.19270504,0.22476607999999998,ISNE,AEO2026 High Economic Growth
p134,2028,0.27146550999999997,0.23521029999999998,0.17993309,0.21274706,ISNE,AEO2026 High Economic Growth
p134,2029,0.27923399,0.24445851999999998,0.18613806,0.21983086,ISNE,AEO2026 High Economic Growth
p134,2030,0.28761337000000003,0.25376736,0.19237415,0.22725864,ISNE,AEO2026 High Economic Growth
p134,2031,0.2947743,0.26325117,0.1975083,0.23342355999999997,ISNE,AEO2026 High Economic Growth
p134,2032,0.30279602,0.27231311999999996,0.20431915,0.24118784000000001,ISNE,AEO2026 High Economic Growth
p134,2033,0.30978388,0.28011467,0.21003391000000002,0.24791706000000002,ISNE,AEO2026 High Economic Growth
p134,2034,0.31279512,0.28347464,0.21164724,0.25058258,ISNE,AEO2026 High Economic Growth
p134,2035,0.31630252999999997,0.28694611,0.21365623,0.25360842,ISNE,AEO2026 High Economic Growth
p134,2036,0.32125946,0.29197755999999997,0.2169108,0.25785744,ISNE,AEO2026 High Economic Growth
p134,2037,0.32888237,0.30014542,0.22274033,0.26474646,ISNE,AEO2026 High Economic Growth
p134,2038,0.33779888,0.30964323,0.22960571000000002,0.27269476000000004,ISNE,AEO2026 High Economic Growth
p134,2039,0.34568905,0.31766665,0.23518789,0.27934988,ISNE,AEO2026 High Economic Growth
p134,2040,0.35166092,0.32333229,0.23874197,0.28403591,ISNE,AEO2026 High Economic Growth
p134,2041,0.36656405999999997,0.34370029,0.24991724,0.29575777,ISNE,AEO2026 High Economic Growth
p134,2042,0.37642215999999995,0.35346794000000004,0.25649994,0.30351438999999997,ISNE,AEO2026 High Economic Growth
p134,2043,0.38713272000000004,0.36370319,0.26353985,0.31169479,ISNE,AEO2026 High Economic Growth
p134,2044,0.39795944,0.37385159,0.27052227,0.31975119,ISNE,AEO2026 High Economic Growth
p134,2045,0.40706524,0.38213768000000004,0.27538067,0.32574997000000006,ISNE,AEO2026 High Economic Growth
p134,2046,0.41607532999999997,0.39029815999999995,0.28000982,0.33146957,ISNE,AEO2026 High Economic Growth
p134,2047,0.42533569,0.39882530000000005,0.28483459,0.33741547,ISNE,AEO2026 High Economic Growth
p134,2048,0.43472969,0.40740859999999995,0.28977583,0.34349796,ISNE,AEO2026 High Economic Growth
p134,2049,0.44546799,0.41783107999999997,0.29590183,0.35071892,ISNE,AEO2026 High Economic Growth
p134,2050,0.4514624,0.42236542,0.29700439,0.35302296,ISNE,AEO2026 High Economic Growth
