ba,year,elec_price_res,elec_price_com,elec_price_ind,elec_price_trans,nerc_region_abbr,scenario
p1,2014,0.14959989,0.12228440000000002,0.09116141000000001,0.12296021,NWPP,AEO2026 Low Oil and Gas Supply
p1,2015,0.14959989,0.12228440000000002,0.09116141000000001,0.12296021,NWPP,AEO2026 Low Oil and Gas Supply
p1,2016,0.14959989,0.12228440000000002,0.09116141000000001,0.12296021,NWPP,AEO2026 Low Oil and Gas Supply
p1,2017,0.14959989,0.12228440000000002,0.09116141000000001,0.12296021,NWPP,AEO2026 Low Oil and Gas Supply
p1,2018,0.14959989,0.12228440000000002,0.09116141000000001,0.12296021,NWPP,AEO2026 Low Oil and Gas Supply
p1,2019,0.14959989,0.12228440000000002,0.09116141000000001,0.12296021,NWPP,AEO2026 Low Oil and Gas Supply
p1,2020,0.14959989,0.12228440000000002,0.09116141000000001,0.12296021,NWPP,AEO2026 Low Oil and Gas Supply
p1,2021,0.14959989,0.12228440000000002,0.09116141000000001,0.12296021,NWPP,AEO2026 Low Oil and Gas Supply
p1,2022,0.14959989,0.12228440000000002,0.09116141000000001,0.12296021,NWPP,AEO2026 Low Oil and Gas Supply
p1,2023,0.14959989,0.12228440000000002,0.09116141000000001,0.12296021,NWPP,AEO2026 Low Oil and Gas Supply
p1,2024,0.14959989,0.12228440000000002,0.09116141000000001,0.12296021,NWPP,AEO2026 Low Oil and Gas Supply
p1,2025,0.14959989,0.12228440000000002,0.09116141000000001,0.12296021,NWPP,AEO2026 Low Oil and Gas Supply
p1,2026,0.15067477,0.12147564,0.08842773,0.11966146,NWPP,AEO2026 Low Oil and Gas Supply
p1,2027,0.14463618,0.11139868,0.07711226,0.10932442,NWPP,AEO2026 Low Oil and Gas Supply
p1,2028,0.14153226,0.1082911,0.07536822,0.10546367999999999,NWPP,AEO2026 Low Oil and Gas Supply
p1,2029,0.14384928,0.10982486,0.07619993,0.10697968,NWPP,AEO2026 Low Oil and Gas Supply
p1,2030,0.14587695,0.11084944999999999,0.07686257,0.10804056,NWPP,AEO2026 Low Oil and Gas Supply
p1,2031,0.14977819,0.11403449,0.07967231,0.11109097,NWPP,AEO2026 Low Oil and Gas Supply
p1,2032,0.1549053,0.11830186,0.08343961999999999,0.11554150999999999,NWPP,AEO2026 Low Oil and Gas Supply
p1,2033,0.16031839,0.12254134,0.08715047000000001,0.12004060000000001,NWPP,AEO2026 Low Oil and Gas Supply
p1,2034,0.16477074000000003,0.12548014999999998,0.08957952000000001,0.12327019,NWPP,AEO2026 Low Oil and Gas Supply
p1,2035,0.16951048,0.12842416,0.09204954000000001,0.12634966,NWPP,AEO2026 Low Oil and Gas Supply
p1,2036,0.17298292,0.12985059,0.09311356,0.12798282,NWPP,AEO2026 Low Oil and Gas Supply
p1,2037,0.17775591,0.13255697,0.0956687,0.13070461,NWPP,AEO2026 Low Oil and Gas Supply
p1,2038,0.18558474,0.13807817,0.10042032000000001,0.13604376,NWPP,AEO2026 Low Oil and Gas Supply
p1,2039,0.19457106,0.14439676,0.105663,0.14232746000000002,NWPP,AEO2026 Low Oil and Gas Supply
p1,2040,0.2014871,0.14833031,0.10813181999999999,0.1463132,NWPP,AEO2026 Low Oil and Gas Supply
p1,2041,0.20713392,0.15089787,0.10964153,0.14886744999999998,NWPP,AEO2026 Low Oil and Gas Supply
p1,2042,0.21273285,0.15380528999999998,0.11195864,0.15166084,NWPP,AEO2026 Low Oil and Gas Supply
p1,2043,0.2187895,0.15718144,0.11452359,0.15491683,NWPP,AEO2026 Low Oil and Gas Supply
p1,2044,0.22512443999999998,0.16081154,0.11721859999999999,0.15837996000000001,NWPP,AEO2026 Low Oil and Gas Supply
p1,2045,0.23099445,0.16372566,0.11917627,0.16119001,NWPP,AEO2026 Low Oil and Gas Supply
p1,2046,0.2364423,0.16643329999999998,0.12101366000000001,0.1634919,NWPP,AEO2026 Low Oil and Gas Supply
p1,2047,0.24210197,0.16932457,0.1231321,0.16616215,NWPP,AEO2026 Low Oil and Gas Supply
p1,2048,0.24763264,0.17200997999999998,0.12493457,0.16864626000000002,NWPP,AEO2026 Low Oil and Gas Supply
p1,2049,0.2531431,0.17476082,0.12687404000000002,0.17116543,NWPP,AEO2026 Low Oil and Gas Supply
p1,2050,0.25909435,0.17790409000000001,0.12919922,0.17408838,NWPP,AEO2026 Low Oil and Gas Supply
p2,2014,0.14959989,0.12228440000000002,0.09116141000000001,0.12296021,NWPP,AEO2026 Low Oil and Gas Supply
p2,2015,0.14959989,0.12228440000000002,0.09116141000000001,0.12296021,NWPP,AEO2026 Low Oil and Gas Supply
p2,2016,0.14959989,0.12228440000000002,0.09116141000000001,0.12296021,NWPP,AEO2026 Low Oil and Gas Supply
p2,2017,0.14959989,0.12228440000000002,0.09116141000000001,0.12296021,NWPP,AEO2026 Low Oil and Gas Supply
p2,2018,0.14959989,0.12228440000000002,0.09116141000000001,0.12296021,NWPP,AEO2026 Low Oil and Gas Supply
p2,2019,0.14959989,0.12228440000000002,0.09116141000000001,0.12296021,NWPP,AEO2026 Low Oil and Gas Supply
p2,2020,0.14959989,0.12228440000000002,0.09116141000000001,0.12296021,NWPP,AEO2026 Low Oil and Gas Supply
p2,2021,0.14959989,0.12228440000000002,0.09116141000000001,0.12296021,NWPP,AEO2026 Low Oil and Gas Supply
p2,2022,0.14959989,0.12228440000000002,0.09116141000000001,0.12296021,NWPP,AEO2026 Low Oil and Gas Supply
p2,2023,0.14959989,0.12228440000000002,0.09116141000000001,0.12296021,NWPP,AEO2026 Low Oil and Gas Supply
p2,2024,0.14959989,0.12228440000000002,0.09116141000000001,0.12296021,NWPP,AEO2026 Low Oil and Gas Supply
p2,2025,0.14959989,0.12228440000000002,0.09116141000000001,0.12296021,NWPP,AEO2026 Low Oil and Gas Supply
p2,2026,0.15067477,0.12147564,0.08842773,0.11966146,NWPP,AEO2026 Low Oil and Gas Supply
p2,2027,0.14463618,0.11139868,0.07711226,0.10932442,NWPP,AEO2026 Low Oil and Gas Supply
p2,2028,0.14153226,0.1082911,0.07536822,0.10546367999999999,NWPP,AEO2026 Low Oil and Gas Supply
p2,2029,0.14384928,0.10982486,0.07619993,0.10697968,NWPP,AEO2026 Low Oil and Gas Supply
p2,2030,0.14587695,0.11084944999999999,0.07686257,0.10804056,NWPP,AEO2026 Low Oil and Gas Supply
p2,2031,0.14977819,0.11403449,0.07967231,0.11109097,NWPP,AEO2026 Low Oil and Gas Supply
p2,2032,0.1549053,0.11830186,0.08343961999999999,0.11554150999999999,NWPP,AEO2026 Low Oil and Gas Supply
p2,2033,0.16031839,0.12254134,0.08715047000000001,0.12004060000000001,NWPP,AEO2026 Low Oil and Gas Supply
p2,2034,0.16477074000000003,0.12548014999999998,0.08957952000000001,0.12327019,NWPP,AEO2026 Low Oil and Gas Supply
p2,2035,0.16951048,0.12842416,0.09204954000000001,0.12634966,NWPP,AEO2026 Low Oil and Gas Supply
p2,2036,0.17298292,0.12985059,0.09311356,0.12798282,NWPP,AEO2026 Low Oil and Gas Supply
p2,2037,0.17775591,0.13255697,0.0956687,0.13070461,NWPP,AEO2026 Low Oil and Gas Supply
p2,2038,0.18558474,0.13807817,0.10042032000000001,0.13604376,NWPP,AEO2026 Low Oil and Gas Supply
p2,2039,0.19457106,0.14439676,0.105663,0.14232746000000002,NWPP,AEO2026 Low Oil and Gas Supply
p2,2040,0.2014871,0.14833031,0.10813181999999999,0.1463132,NWPP,AEO2026 Low Oil and Gas Supply
p2,2041,0.20713392,0.15089787,0.10964153,0.14886744999999998,NWPP,AEO2026 Low Oil and Gas Supply
p2,2042,0.21273285,0.15380528999999998,0.11195864,0.15166084,NWPP,AEO2026 Low Oil and Gas Supply
p2,2043,0.2187895,0.15718144,0.11452359,0.15491683,NWPP,AEO2026 Low Oil and Gas Supply
p2,2044,0.22512443999999998,0.16081154,0.11721859999999999,0.15837996000000001,NWPP,AEO2026 Low Oil and Gas Supply
p2,2045,0.23099445,0.16372566,0.11917627,0.16119001,NWPP,AEO2026 Low Oil and Gas Supply
p2,2046,0.2364423,0.16643329999999998,0.12101366000000001,0.1634919,NWPP,AEO2026 Low Oil and Gas Supply
p2,2047,0.24210197,0.16932457,0.1231321,0.16616215,NWPP,AEO2026 Low Oil and Gas Supply
p2,2048,0.24763264,0.17200997999999998,0.12493457,0.16864626000000002,NWPP,AEO2026 Low Oil and Gas Supply
p2,2049,0.2531431,0.17476082,0.12687404000000002,0.17116543,NWPP,AEO2026 Low Oil and Gas Supply
p2,2050,0.25909435,0.17790409000000001,0.12919922,0.17408838,NWPP,AEO2026 Low Oil and Gas Supply
p3,2014,0.14959989,0.12228440000000002,0.09116141000000001,0.12296021,NWPP,AEO2026 Low Oil and Gas Supply
p3,2015,0.14959989,0.12228440000000002,0.09116141000000001,0.12296021,NWPP,AEO2026 Low Oil and Gas Supply
p3,2016,0.14959989,0.12228440000000002,0.09116141000000001,0.12296021,NWPP,AEO2026 Low Oil and Gas Supply
p3,2017,0.14959989,0.12228440000000002,0.09116141000000001,0.12296021,NWPP,AEO2026 Low Oil and Gas Supply
p3,2018,0.14959989,0.12228440000000002,0.09116141000000001,0.12296021,NWPP,AEO2026 Low Oil and Gas Supply
p3,2019,0.14959989,0.12228440000000002,0.09116141000000001,0.12296021,NWPP,AEO2026 Low Oil and Gas Supply
p3,2020,0.14959989,0.12228440000000002,0.09116141000000001,0.12296021,NWPP,AEO2026 Low Oil and Gas Supply
p3,2021,0.14959989,0.12228440000000002,0.09116141000000001,0.12296021,NWPP,AEO2026 Low Oil and Gas Supply
p3,2022,0.14959989,0.12228440000000002,0.09116141000000001,0.12296021,NWPP,AEO2026 Low Oil and Gas Supply
p3,2023,0.14959989,0.12228440000000002,0.09116141000000001,0.12296021,NWPP,AEO2026 Low Oil and Gas Supply
p3,2024,0.14959989,0.12228440000000002,0.09116141000000001,0.12296021,NWPP,AEO2026 Low Oil and Gas Supply
p3,2025,0.14959989,0.12228440000000002,0.09116141000000001,0.12296021,NWPP,AEO2026 Low Oil and Gas Supply
p3,2026,0.15067477,0.12147564,0.08842773,0.11966146,NWPP,AEO2026 Low Oil and Gas Supply
p3,2027,0.14463618,0.11139868,0.07711226,0.10932442,NWPP,AEO2026 Low Oil and Gas Supply
p3,2028,0.14153226,0.1082911,0.07536822,0.10546367999999999,NWPP,AEO2026 Low Oil and Gas Supply
p3,2029,0.14384928,0.10982486,0.07619993,0.10697968,NWPP,AEO2026 Low Oil and Gas Supply
p3,2030,0.14587695,0.11084944999999999,0.07686257,0.10804056,NWPP,AEO2026 Low Oil and Gas Supply
p3,2031,0.14977819,0.11403449,0.07967231,0.11109097,NWPP,AEO2026 Low Oil and Gas Supply
p3,2032,0.1549053,0.11830186,0.08343961999999999,0.11554150999999999,NWPP,AEO2026 Low Oil and Gas Supply
p3,2033,0.16031839,0.12254134,0.08715047000000001,0.12004060000000001,NWPP,AEO2026 Low Oil and Gas Supply
p3,2034,0.16477074000000003,0.12548014999999998,0.08957952000000001,0.12327019,NWPP,AEO2026 Low Oil and Gas Supply
p3,2035,0.16951048,0.12842416,0.09204954000000001,0.12634966,NWPP,AEO2026 Low Oil and Gas Supply
p3,2036,0.17298292,0.12985059,0.09311356,0.12798282,NWPP,AEO2026 Low Oil and Gas Supply
p3,2037,0.17775591,0.13255697,0.0956687,0.13070461,NWPP,AEO2026 Low Oil and Gas Supply
p3,2038,0.18558474,0.13807817,0.10042032000000001,0.13604376,NWPP,AEO2026 Low Oil and Gas Supply
p3,2039,0.19457106,0.14439676,0.105663,0.14232746000000002,NWPP,AEO2026 Low Oil and Gas Supply
p3,2040,0.2014871,0.14833031,0.10813181999999999,0.1463132,NWPP,AEO2026 Low Oil and Gas Supply
p3,2041,0.20713392,0.15089787,0.10964153,0.14886744999999998,NWPP,AEO2026 Low Oil and Gas Supply
p3,2042,0.21273285,0.15380528999999998,0.11195864,0.15166084,NWPP,AEO2026 Low Oil and Gas Supply
p3,2043,0.2187895,0.15718144,0.11452359,0.15491683,NWPP,AEO2026 Low Oil and Gas Supply
p3,2044,0.22512443999999998,0.16081154,0.11721859999999999,0.15837996000000001,NWPP,AEO2026 Low Oil and Gas Supply
p3,2045,0.23099445,0.16372566,0.11917627,0.16119001,NWPP,AEO2026 Low Oil and Gas Supply
p3,2046,0.2364423,0.16643329999999998,0.12101366000000001,0.1634919,NWPP,AEO2026 Low Oil and Gas Supply
p3,2047,0.24210197,0.16932457,0.1231321,0.16616215,NWPP,AEO2026 Low Oil and Gas Supply
p3,2048,0.24763264,0.17200997999999998,0.12493457,0.16864626000000002,NWPP,AEO2026 Low Oil and Gas Supply
p3,2049,0.2531431,0.17476082,0.12687404000000002,0.17116543,NWPP,AEO2026 Low Oil and Gas Supply
p3,2050,0.25909435,0.17790409000000001,0.12919922,0.17408838,NWPP,AEO2026 Low Oil and Gas Supply
p4,2014,0.14959989,0.12228440000000002,0.09116141000000001,0.12296021,NWPP,AEO2026 Low Oil and Gas Supply
p4,2015,0.14959989,0.12228440000000002,0.09116141000000001,0.12296021,NWPP,AEO2026 Low Oil and Gas Supply
p4,2016,0.14959989,0.12228440000000002,0.09116141000000001,0.12296021,NWPP,AEO2026 Low Oil and Gas Supply
p4,2017,0.14959989,0.12228440000000002,0.09116141000000001,0.12296021,NWPP,AEO2026 Low Oil and Gas Supply
p4,2018,0.14959989,0.12228440000000002,0.09116141000000001,0.12296021,NWPP,AEO2026 Low Oil and Gas Supply
p4,2019,0.14959989,0.12228440000000002,0.09116141000000001,0.12296021,NWPP,AEO2026 Low Oil and Gas Supply
p4,2020,0.14959989,0.12228440000000002,0.09116141000000001,0.12296021,NWPP,AEO2026 Low Oil and Gas Supply
p4,2021,0.14959989,0.12228440000000002,0.09116141000000001,0.12296021,NWPP,AEO2026 Low Oil and Gas Supply
p4,2022,0.14959989,0.12228440000000002,0.09116141000000001,0.12296021,NWPP,AEO2026 Low Oil and Gas Supply
p4,2023,0.14959989,0.12228440000000002,0.09116141000000001,0.12296021,NWPP,AEO2026 Low Oil and Gas Supply
p4,2024,0.14959989,0.12228440000000002,0.09116141000000001,0.12296021,NWPP,AEO2026 Low Oil and Gas Supply
p4,2025,0.14959989,0.12228440000000002,0.09116141000000001,0.12296021,NWPP,AEO2026 Low Oil and Gas Supply
p4,2026,0.15067477,0.12147564,0.08842773,0.11966146,NWPP,AEO2026 Low Oil and Gas Supply
p4,2027,0.14463618,0.11139868,0.07711226,0.10932442,NWPP,AEO2026 Low Oil and Gas Supply
p4,2028,0.14153226,0.1082911,0.07536822,0.10546367999999999,NWPP,AEO2026 Low Oil and Gas Supply
p4,2029,0.14384928,0.10982486,0.07619993,0.10697968,NWPP,AEO2026 Low Oil and Gas Supply
p4,2030,0.14587695,0.11084944999999999,0.07686257,0.10804056,NWPP,AEO2026 Low Oil and Gas Supply
p4,2031,0.14977819,0.11403449,0.07967231,0.11109097,NWPP,AEO2026 Low Oil and Gas Supply
p4,2032,0.1549053,0.11830186,0.08343961999999999,0.11554150999999999,NWPP,AEO2026 Low Oil and Gas Supply
p4,2033,0.16031839,0.12254134,0.08715047000000001,0.12004060000000001,NWPP,AEO2026 Low Oil and Gas Supply
p4,2034,0.16477074000000003,0.12548014999999998,0.08957952000000001,0.12327019,NWPP,AEO2026 Low Oil and Gas Supply
p4,2035,0.16951048,0.12842416,0.09204954000000001,0.12634966,NWPP,AEO2026 Low Oil and Gas Supply
p4,2036,0.17298292,0.12985059,0.09311356,0.12798282,NWPP,AEO2026 Low Oil and Gas Supply
p4,2037,0.17775591,0.13255697,0.0956687,0.13070461,NWPP,AEO2026 Low Oil and Gas Supply
p4,2038,0.18558474,0.13807817,0.10042032000000001,0.13604376,NWPP,AEO2026 Low Oil and Gas Supply
p4,2039,0.19457106,0.14439676,0.105663,0.14232746000000002,NWPP,AEO2026 Low Oil and Gas Supply
p4,2040,0.2014871,0.14833031,0.10813181999999999,0.1463132,NWPP,AEO2026 Low Oil and Gas Supply
p4,2041,0.20713392,0.15089787,0.10964153,0.14886744999999998,NWPP,AEO2026 Low Oil and Gas Supply
p4,2042,0.21273285,0.15380528999999998,0.11195864,0.15166084,NWPP,AEO2026 Low Oil and Gas Supply
p4,2043,0.2187895,0.15718144,0.11452359,0.15491683,NWPP,AEO2026 Low Oil and Gas Supply
p4,2044,0.22512443999999998,0.16081154,0.11721859999999999,0.15837996000000001,NWPP,AEO2026 Low Oil and Gas Supply
p4,2045,0.23099445,0.16372566,0.11917627,0.16119001,NWPP,AEO2026 Low Oil and Gas Supply
p4,2046,0.2364423,0.16643329999999998,0.12101366000000001,0.1634919,NWPP,AEO2026 Low Oil and Gas Supply
p4,2047,0.24210197,0.16932457,0.1231321,0.16616215,NWPP,AEO2026 Low Oil and Gas Supply
p4,2048,0.24763264,0.17200997999999998,0.12493457,0.16864626000000002,NWPP,AEO2026 Low Oil and Gas Supply
p4,2049,0.2531431,0.17476082,0.12687404000000002,0.17116543,NWPP,AEO2026 Low Oil and Gas Supply
p4,2050,0.25909435,0.17790409000000001,0.12919922,0.17408838,NWPP,AEO2026 Low Oil and Gas Supply
p5,2014,0.14959989,0.12228440000000002,0.09116141000000001,0.12296021,NWPP,AEO2026 Low Oil and Gas Supply
p5,2015,0.14959989,0.12228440000000002,0.09116141000000001,0.12296021,NWPP,AEO2026 Low Oil and Gas Supply
p5,2016,0.14959989,0.12228440000000002,0.09116141000000001,0.12296021,NWPP,AEO2026 Low Oil and Gas Supply
p5,2017,0.14959989,0.12228440000000002,0.09116141000000001,0.12296021,NWPP,AEO2026 Low Oil and Gas Supply
p5,2018,0.14959989,0.12228440000000002,0.09116141000000001,0.12296021,NWPP,AEO2026 Low Oil and Gas Supply
p5,2019,0.14959989,0.12228440000000002,0.09116141000000001,0.12296021,NWPP,AEO2026 Low Oil and Gas Supply
p5,2020,0.14959989,0.12228440000000002,0.09116141000000001,0.12296021,NWPP,AEO2026 Low Oil and Gas Supply
p5,2021,0.14959989,0.12228440000000002,0.09116141000000001,0.12296021,NWPP,AEO2026 Low Oil and Gas Supply
p5,2022,0.14959989,0.12228440000000002,0.09116141000000001,0.12296021,NWPP,AEO2026 Low Oil and Gas Supply
p5,2023,0.14959989,0.12228440000000002,0.09116141000000001,0.12296021,NWPP,AEO2026 Low Oil and Gas Supply
p5,2024,0.14959989,0.12228440000000002,0.09116141000000001,0.12296021,NWPP,AEO2026 Low Oil and Gas Supply
p5,2025,0.14959989,0.12228440000000002,0.09116141000000001,0.12296021,NWPP,AEO2026 Low Oil and Gas Supply
p5,2026,0.15067477,0.12147564,0.08842773,0.11966146,NWPP,AEO2026 Low Oil and Gas Supply
p5,2027,0.14463618,0.11139868,0.07711226,0.10932442,NWPP,AEO2026 Low Oil and Gas Supply
p5,2028,0.14153226,0.1082911,0.07536822,0.10546367999999999,NWPP,AEO2026 Low Oil and Gas Supply
p5,2029,0.14384928,0.10982486,0.07619993,0.10697968,NWPP,AEO2026 Low Oil and Gas Supply
p5,2030,0.14587695,0.11084944999999999,0.07686257,0.10804056,NWPP,AEO2026 Low Oil and Gas Supply
p5,2031,0.14977819,0.11403449,0.07967231,0.11109097,NWPP,AEO2026 Low Oil and Gas Supply
p5,2032,0.1549053,0.11830186,0.08343961999999999,0.11554150999999999,NWPP,AEO2026 Low Oil and Gas Supply
p5,2033,0.16031839,0.12254134,0.08715047000000001,0.12004060000000001,NWPP,AEO2026 Low Oil and Gas Supply
p5,2034,0.16477074000000003,0.12548014999999998,0.08957952000000001,0.12327019,NWPP,AEO2026 Low Oil and Gas Supply
p5,2035,0.16951048,0.12842416,0.09204954000000001,0.12634966,NWPP,AEO2026 Low Oil and Gas Supply
p5,2036,0.17298292,0.12985059,0.09311356,0.12798282,NWPP,AEO2026 Low Oil and Gas Supply
p5,2037,0.17775591,0.13255697,0.0956687,0.13070461,NWPP,AEO2026 Low Oil and Gas Supply
p5,2038,0.18558474,0.13807817,0.10042032000000001,0.13604376,NWPP,AEO2026 Low Oil and Gas Supply
p5,2039,0.19457106,0.14439676,0.105663,0.14232746000000002,NWPP,AEO2026 Low Oil and Gas Supply
p5,2040,0.2014871,0.14833031,0.10813181999999999,0.1463132,NWPP,AEO2026 Low Oil and Gas Supply
p5,2041,0.20713392,0.15089787,0.10964153,0.14886744999999998,NWPP,AEO2026 Low Oil and Gas Supply
p5,2042,0.21273285,0.15380528999999998,0.11195864,0.15166084,NWPP,AEO2026 Low Oil and Gas Supply
p5,2043,0.2187895,0.15718144,0.11452359,0.15491683,NWPP,AEO2026 Low Oil and Gas Supply
p5,2044,0.22512443999999998,0.16081154,0.11721859999999999,0.15837996000000001,NWPP,AEO2026 Low Oil and Gas Supply
p5,2045,0.23099445,0.16372566,0.11917627,0.16119001,NWPP,AEO2026 Low Oil and Gas Supply
p5,2046,0.2364423,0.16643329999999998,0.12101366000000001,0.1634919,NWPP,AEO2026 Low Oil and Gas Supply
p5,2047,0.24210197,0.16932457,0.1231321,0.16616215,NWPP,AEO2026 Low Oil and Gas Supply
p5,2048,0.24763264,0.17200997999999998,0.12493457,0.16864626000000002,NWPP,AEO2026 Low Oil and Gas Supply
p5,2049,0.2531431,0.17476082,0.12687404000000002,0.17116543,NWPP,AEO2026 Low Oil and Gas Supply
p5,2050,0.25909435,0.17790409000000001,0.12919922,0.17408838,NWPP,AEO2026 Low Oil and Gas Supply
p6,2014,0.14959989,0.12228440000000002,0.09116141000000001,0.12296021,NWPP,AEO2026 Low Oil and Gas Supply
p6,2015,0.14959989,0.12228440000000002,0.09116141000000001,0.12296021,NWPP,AEO2026 Low Oil and Gas Supply
p6,2016,0.14959989,0.12228440000000002,0.09116141000000001,0.12296021,NWPP,AEO2026 Low Oil and Gas Supply
p6,2017,0.14959989,0.12228440000000002,0.09116141000000001,0.12296021,NWPP,AEO2026 Low Oil and Gas Supply
p6,2018,0.14959989,0.12228440000000002,0.09116141000000001,0.12296021,NWPP,AEO2026 Low Oil and Gas Supply
p6,2019,0.14959989,0.12228440000000002,0.09116141000000001,0.12296021,NWPP,AEO2026 Low Oil and Gas Supply
p6,2020,0.14959989,0.12228440000000002,0.09116141000000001,0.12296021,NWPP,AEO2026 Low Oil and Gas Supply
p6,2021,0.14959989,0.12228440000000002,0.09116141000000001,0.12296021,NWPP,AEO2026 Low Oil and Gas Supply
p6,2022,0.14959989,0.12228440000000002,0.09116141000000001,0.12296021,NWPP,AEO2026 Low Oil and Gas Supply
p6,2023,0.14959989,0.12228440000000002,0.09116141000000001,0.12296021,NWPP,AEO2026 Low Oil and Gas Supply
p6,2024,0.14959989,0.12228440000000002,0.09116141000000001,0.12296021,NWPP,AEO2026 Low Oil and Gas Supply
p6,2025,0.14959989,0.12228440000000002,0.09116141000000001,0.12296021,NWPP,AEO2026 Low Oil and Gas Supply
p6,2026,0.15067477,0.12147564,0.08842773,0.11966146,NWPP,AEO2026 Low Oil and Gas Supply
p6,2027,0.14463618,0.11139868,0.07711226,0.10932442,NWPP,AEO2026 Low Oil and Gas Supply
p6,2028,0.14153226,0.1082911,0.07536822,0.10546367999999999,NWPP,AEO2026 Low Oil and Gas Supply
p6,2029,0.14384928,0.10982486,0.07619993,0.10697968,NWPP,AEO2026 Low Oil and Gas Supply
p6,2030,0.14587695,0.11084944999999999,0.07686257,0.10804056,NWPP,AEO2026 Low Oil and Gas Supply
p6,2031,0.14977819,0.11403449,0.07967231,0.11109097,NWPP,AEO2026 Low Oil and Gas Supply
p6,2032,0.1549053,0.11830186,0.08343961999999999,0.11554150999999999,NWPP,AEO2026 Low Oil and Gas Supply
p6,2033,0.16031839,0.12254134,0.08715047000000001,0.12004060000000001,NWPP,AEO2026 Low Oil and Gas Supply
p6,2034,0.16477074000000003,0.12548014999999998,0.08957952000000001,0.12327019,NWPP,AEO2026 Low Oil and Gas Supply
p6,2035,0.16951048,0.12842416,0.09204954000000001,0.12634966,NWPP,AEO2026 Low Oil and Gas Supply
p6,2036,0.17298292,0.12985059,0.09311356,0.12798282,NWPP,AEO2026 Low Oil and Gas Supply
p6,2037,0.17775591,0.13255697,0.0956687,0.13070461,NWPP,AEO2026 Low Oil and Gas Supply
p6,2038,0.18558474,0.13807817,0.10042032000000001,0.13604376,NWPP,AEO2026 Low Oil and Gas Supply
p6,2039,0.19457106,0.14439676,0.105663,0.14232746000000002,NWPP,AEO2026 Low Oil and Gas Supply
p6,2040,0.2014871,0.14833031,0.10813181999999999,0.1463132,NWPP,AEO2026 Low Oil and Gas Supply
p6,2041,0.20713392,0.15089787,0.10964153,0.14886744999999998,NWPP,AEO2026 Low Oil and Gas Supply
p6,2042,0.21273285,0.15380528999999998,0.11195864,0.15166084,NWPP,AEO2026 Low Oil and Gas Supply
p6,2043,0.2187895,0.15718144,0.11452359,0.15491683,NWPP,AEO2026 Low Oil and Gas Supply
p6,2044,0.22512443999999998,0.16081154,0.11721859999999999,0.15837996000000001,NWPP,AEO2026 Low Oil and Gas Supply
p6,2045,0.23099445,0.16372566,0.11917627,0.16119001,NWPP,AEO2026 Low Oil and Gas Supply
p6,2046,0.2364423,0.16643329999999998,0.12101366000000001,0.1634919,NWPP,AEO2026 Low Oil and Gas Supply
p6,2047,0.24210197,0.16932457,0.1231321,0.16616215,NWPP,AEO2026 Low Oil and Gas Supply
p6,2048,0.24763264,0.17200997999999998,0.12493457,0.16864626000000002,NWPP,AEO2026 Low Oil and Gas Supply
p6,2049,0.2531431,0.17476082,0.12687404000000002,0.17116543,NWPP,AEO2026 Low Oil and Gas Supply
p6,2050,0.25909435,0.17790409000000001,0.12919922,0.17408838,NWPP,AEO2026 Low Oil and Gas Supply
p7,2014,0.14959989,0.12228440000000002,0.09116141000000001,0.12296021,NWPP,AEO2026 Low Oil and Gas Supply
p7,2015,0.14959989,0.12228440000000002,0.09116141000000001,0.12296021,NWPP,AEO2026 Low Oil and Gas Supply
p7,2016,0.14959989,0.12228440000000002,0.09116141000000001,0.12296021,NWPP,AEO2026 Low Oil and Gas Supply
p7,2017,0.14959989,0.12228440000000002,0.09116141000000001,0.12296021,NWPP,AEO2026 Low Oil and Gas Supply
p7,2018,0.14959989,0.12228440000000002,0.09116141000000001,0.12296021,NWPP,AEO2026 Low Oil and Gas Supply
p7,2019,0.14959989,0.12228440000000002,0.09116141000000001,0.12296021,NWPP,AEO2026 Low Oil and Gas Supply
p7,2020,0.14959989,0.12228440000000002,0.09116141000000001,0.12296021,NWPP,AEO2026 Low Oil and Gas Supply
p7,2021,0.14959989,0.12228440000000002,0.09116141000000001,0.12296021,NWPP,AEO2026 Low Oil and Gas Supply
p7,2022,0.14959989,0.12228440000000002,0.09116141000000001,0.12296021,NWPP,AEO2026 Low Oil and Gas Supply
p7,2023,0.14959989,0.12228440000000002,0.09116141000000001,0.12296021,NWPP,AEO2026 Low Oil and Gas Supply
p7,2024,0.14959989,0.12228440000000002,0.09116141000000001,0.12296021,NWPP,AEO2026 Low Oil and Gas Supply
p7,2025,0.14959989,0.12228440000000002,0.09116141000000001,0.12296021,NWPP,AEO2026 Low Oil and Gas Supply
p7,2026,0.15067477,0.12147564,0.08842773,0.11966146,NWPP,AEO2026 Low Oil and Gas Supply
p7,2027,0.14463618,0.11139868,0.07711226,0.10932442,NWPP,AEO2026 Low Oil and Gas Supply
p7,2028,0.14153226,0.1082911,0.07536822,0.10546367999999999,NWPP,AEO2026 Low Oil and Gas Supply
p7,2029,0.14384928,0.10982486,0.07619993,0.10697968,NWPP,AEO2026 Low Oil and Gas Supply
p7,2030,0.14587695,0.11084944999999999,0.07686257,0.10804056,NWPP,AEO2026 Low Oil and Gas Supply
p7,2031,0.14977819,0.11403449,0.07967231,0.11109097,NWPP,AEO2026 Low Oil and Gas Supply
p7,2032,0.1549053,0.11830186,0.08343961999999999,0.11554150999999999,NWPP,AEO2026 Low Oil and Gas Supply
p7,2033,0.16031839,0.12254134,0.08715047000000001,0.12004060000000001,NWPP,AEO2026 Low Oil and Gas Supply
p7,2034,0.16477074000000003,0.12548014999999998,0.08957952000000001,0.12327019,NWPP,AEO2026 Low Oil and Gas Supply
p7,2035,0.16951048,0.12842416,0.09204954000000001,0.12634966,NWPP,AEO2026 Low Oil and Gas Supply
p7,2036,0.17298292,0.12985059,0.09311356,0.12798282,NWPP,AEO2026 Low Oil and Gas Supply
p7,2037,0.17775591,0.13255697,0.0956687,0.13070461,NWPP,AEO2026 Low Oil and Gas Supply
p7,2038,0.18558474,0.13807817,0.10042032000000001,0.13604376,NWPP,AEO2026 Low Oil and Gas Supply
p7,2039,0.19457106,0.14439676,0.105663,0.14232746000000002,NWPP,AEO2026 Low Oil and Gas Supply
p7,2040,0.2014871,0.14833031,0.10813181999999999,0.1463132,NWPP,AEO2026 Low Oil and Gas Supply
p7,2041,0.20713392,0.15089787,0.10964153,0.14886744999999998,NWPP,AEO2026 Low Oil and Gas Supply
p7,2042,0.21273285,0.15380528999999998,0.11195864,0.15166084,NWPP,AEO2026 Low Oil and Gas Supply
p7,2043,0.2187895,0.15718144,0.11452359,0.15491683,NWPP,AEO2026 Low Oil and Gas Supply
p7,2044,0.22512443999999998,0.16081154,0.11721859999999999,0.15837996000000001,NWPP,AEO2026 Low Oil and Gas Supply
p7,2045,0.23099445,0.16372566,0.11917627,0.16119001,NWPP,AEO2026 Low Oil and Gas Supply
p7,2046,0.2364423,0.16643329999999998,0.12101366000000001,0.1634919,NWPP,AEO2026 Low Oil and Gas Supply
p7,2047,0.24210197,0.16932457,0.1231321,0.16616215,NWPP,AEO2026 Low Oil and Gas Supply
p7,2048,0.24763264,0.17200997999999998,0.12493457,0.16864626000000002,NWPP,AEO2026 Low Oil and Gas Supply
p7,2049,0.2531431,0.17476082,0.12687404000000002,0.17116543,NWPP,AEO2026 Low Oil and Gas Supply
p7,2050,0.25909435,0.17790409000000001,0.12919922,0.17408838,NWPP,AEO2026 Low Oil and Gas Supply
p8,2014,0.14959989,0.12228440000000002,0.09116141000000001,0.12296021,NWPP,AEO2026 Low Oil and Gas Supply
p8,2015,0.14959989,0.12228440000000002,0.09116141000000001,0.12296021,NWPP,AEO2026 Low Oil and Gas Supply
p8,2016,0.14959989,0.12228440000000002,0.09116141000000001,0.12296021,NWPP,AEO2026 Low Oil and Gas Supply
p8,2017,0.14959989,0.12228440000000002,0.09116141000000001,0.12296021,NWPP,AEO2026 Low Oil and Gas Supply
p8,2018,0.14959989,0.12228440000000002,0.09116141000000001,0.12296021,NWPP,AEO2026 Low Oil and Gas Supply
p8,2019,0.14959989,0.12228440000000002,0.09116141000000001,0.12296021,NWPP,AEO2026 Low Oil and Gas Supply
p8,2020,0.14959989,0.12228440000000002,0.09116141000000001,0.12296021,NWPP,AEO2026 Low Oil and Gas Supply
p8,2021,0.14959989,0.12228440000000002,0.09116141000000001,0.12296021,NWPP,AEO2026 Low Oil and Gas Supply
p8,2022,0.14959989,0.12228440000000002,0.09116141000000001,0.12296021,NWPP,AEO2026 Low Oil and Gas Supply
p8,2023,0.14959989,0.12228440000000002,0.09116141000000001,0.12296021,NWPP,AEO2026 Low Oil and Gas Supply
p8,2024,0.14959989,0.12228440000000002,0.09116141000000001,0.12296021,NWPP,AEO2026 Low Oil and Gas Supply
p8,2025,0.14959989,0.12228440000000002,0.09116141000000001,0.12296021,NWPP,AEO2026 Low Oil and Gas Supply
p8,2026,0.15067477,0.12147564,0.08842773,0.11966146,NWPP,AEO2026 Low Oil and Gas Supply
p8,2027,0.14463618,0.11139868,0.07711226,0.10932442,NWPP,AEO2026 Low Oil and Gas Supply
p8,2028,0.14153226,0.1082911,0.07536822,0.10546367999999999,NWPP,AEO2026 Low Oil and Gas Supply
p8,2029,0.14384928,0.10982486,0.07619993,0.10697968,NWPP,AEO2026 Low Oil and Gas Supply
p8,2030,0.14587695,0.11084944999999999,0.07686257,0.10804056,NWPP,AEO2026 Low Oil and Gas Supply
p8,2031,0.14977819,0.11403449,0.07967231,0.11109097,NWPP,AEO2026 Low Oil and Gas Supply
p8,2032,0.1549053,0.11830186,0.08343961999999999,0.11554150999999999,NWPP,AEO2026 Low Oil and Gas Supply
p8,2033,0.16031839,0.12254134,0.08715047000000001,0.12004060000000001,NWPP,AEO2026 Low Oil and Gas Supply
p8,2034,0.16477074000000003,0.12548014999999998,0.08957952000000001,0.12327019,NWPP,AEO2026 Low Oil and Gas Supply
p8,2035,0.16951048,0.12842416,0.09204954000000001,0.12634966,NWPP,AEO2026 Low Oil and Gas Supply
p8,2036,0.17298292,0.12985059,0.09311356,0.12798282,NWPP,AEO2026 Low Oil and Gas Supply
p8,2037,0.17775591,0.13255697,0.0956687,0.13070461,NWPP,AEO2026 Low Oil and Gas Supply
p8,2038,0.18558474,0.13807817,0.10042032000000001,0.13604376,NWPP,AEO2026 Low Oil and Gas Supply
p8,2039,0.19457106,0.14439676,0.105663,0.14232746000000002,NWPP,AEO2026 Low Oil and Gas Supply
p8,2040,0.2014871,0.14833031,0.10813181999999999,0.1463132,NWPP,AEO2026 Low Oil and Gas Supply
p8,2041,0.20713392,0.15089787,0.10964153,0.14886744999999998,NWPP,AEO2026 Low Oil and Gas Supply
p8,2042,0.21273285,0.15380528999999998,0.11195864,0.15166084,NWPP,AEO2026 Low Oil and Gas Supply
p8,2043,0.2187895,0.15718144,0.11452359,0.15491683,NWPP,AEO2026 Low Oil and Gas Supply
p8,2044,0.22512443999999998,0.16081154,0.11721859999999999,0.15837996000000001,NWPP,AEO2026 Low Oil and Gas Supply
p8,2045,0.23099445,0.16372566,0.11917627,0.16119001,NWPP,AEO2026 Low Oil and Gas Supply
p8,2046,0.2364423,0.16643329999999998,0.12101366000000001,0.1634919,NWPP,AEO2026 Low Oil and Gas Supply
p8,2047,0.24210197,0.16932457,0.1231321,0.16616215,NWPP,AEO2026 Low Oil and Gas Supply
p8,2048,0.24763264,0.17200997999999998,0.12493457,0.16864626000000002,NWPP,AEO2026 Low Oil and Gas Supply
p8,2049,0.2531431,0.17476082,0.12687404000000002,0.17116543,NWPP,AEO2026 Low Oil and Gas Supply
p8,2050,0.25909435,0.17790409000000001,0.12919922,0.17408838,NWPP,AEO2026 Low Oil and Gas Supply
p9,2014,0.28001629,0.22583153,0.18992359,0.23213962999999999,CANO,AEO2026 Low Oil and Gas Supply
p9,2015,0.28001629,0.22583153,0.18992359,0.23213962999999999,CANO,AEO2026 Low Oil and Gas Supply
p9,2016,0.28001629,0.22583153,0.18992359,0.23213962999999999,CANO,AEO2026 Low Oil and Gas Supply
p9,2017,0.28001629,0.22583153,0.18992359,0.23213962999999999,CANO,AEO2026 Low Oil and Gas Supply
p9,2018,0.28001629,0.22583153,0.18992359,0.23213962999999999,CANO,AEO2026 Low Oil and Gas Supply
p9,2019,0.28001629,0.22583153,0.18992359,0.23213962999999999,CANO,AEO2026 Low Oil and Gas Supply
p9,2020,0.28001629,0.22583153,0.18992359,0.23213962999999999,CANO,AEO2026 Low Oil and Gas Supply
p9,2021,0.28001629,0.22583153,0.18992359,0.23213962999999999,CANO,AEO2026 Low Oil and Gas Supply
p9,2022,0.28001629,0.22583153,0.18992359,0.23213962999999999,CANO,AEO2026 Low Oil and Gas Supply
p9,2023,0.28001629,0.22583153,0.18992359,0.23213962999999999,CANO,AEO2026 Low Oil and Gas Supply
p9,2024,0.28001629,0.22583153,0.18992359,0.23213962999999999,CANO,AEO2026 Low Oil and Gas Supply
p9,2025,0.28001629,0.22583153,0.18992359,0.23213962999999999,CANO,AEO2026 Low Oil and Gas Supply
p9,2026,0.28750391000000003,0.23595289,0.19620991,0.23963331,CANO,AEO2026 Low Oil and Gas Supply
p9,2027,0.28942898,0.22964716,0.18838698999999998,0.23434874,CANO,AEO2026 Low Oil and Gas Supply
p9,2028,0.29268381,0.23236253999999998,0.190854,0.23567869000000002,CANO,AEO2026 Low Oil and Gas Supply
p9,2029,0.30502615,0.24394373000000003,0.20095472,0.24708580000000002,CANO,AEO2026 Low Oil and Gas Supply
p9,2030,0.31438087,0.25172661,0.20753246,0.25491426,CANO,AEO2026 Low Oil and Gas Supply
p9,2031,0.32189533,0.25771564,0.21266113,0.26133621,CANO,AEO2026 Low Oil and Gas Supply
p9,2032,0.33221828000000003,0.26690065,0.22113492999999998,0.27012373,CANO,AEO2026 Low Oil and Gas Supply
p9,2033,0.3423315,0.27532309,0.22879105,0.27794228,CANO,AEO2026 Low Oil and Gas Supply
p9,2034,0.35269455,0.28345917,0.2352746,0.28575844,CANO,AEO2026 Low Oil and Gas Supply
p9,2035,0.35818096,0.28565117,0.2370166,0.2869772,CANO,AEO2026 Low Oil and Gas Supply
p9,2036,0.36315800000000004,0.28672987,0.23775501,0.28781357,CANO,AEO2026 Low Oil and Gas Supply
p9,2037,0.37315266,0.29253933,0.24274635,0.29347637,CANO,AEO2026 Low Oil and Gas Supply
p9,2038,0.38745337999999996,0.30300863,0.25111032,0.30351862,CANO,AEO2026 Low Oil and Gas Supply
p9,2039,0.38781891,0.29973675,0.24804964,0.30141266,CANO,AEO2026 Low Oil and Gas Supply
p9,2040,0.3957164,0.30313503,0.25046043,0.30483149,CANO,AEO2026 Low Oil and Gas Supply
p9,2041,0.40926102,0.31295298,0.25800972,0.31302492,CANO,AEO2026 Low Oil and Gas Supply
p9,2042,0.42451618,0.32408099999999995,0.26672741,0.32282589,CANO,AEO2026 Low Oil and Gas Supply
p9,2043,0.43743843,0.33293594,0.27302683,0.33043185999999997,CANO,AEO2026 Low Oil and Gas Supply
p9,2044,0.45027561,0.34142349000000005,0.27919914,0.33768963,CANO,AEO2026 Low Oil and Gas Supply
p9,2045,0.46511496999999996,0.35152397,0.28699482,0.346502,CANO,AEO2026 Low Oil and Gas Supply
p9,2046,0.48015487999999995,0.36180813,0.29490300999999997,0.35561134000000005,CANO,AEO2026 Low Oil and Gas Supply
p9,2047,0.49423386,0.37096729000000006,0.30172232,0.36360138,CANO,AEO2026 Low Oil and Gas Supply
p9,2048,0.50796856,0.37981838,0.30826201999999997,0.37137279999999995,CANO,AEO2026 Low Oil and Gas Supply
p9,2049,0.52172905,0.38874504000000004,0.31490042,0.37933666000000005,CANO,AEO2026 Low Oil and Gas Supply
p9,2050,0.53498997,0.39720596,0.32115046999999997,0.38686110999999995,CANO,AEO2026 Low Oil and Gas Supply
p10,2014,0.33231257999999997,0.25532364,0.21122063000000002,0.27068390000000003,CASO,AEO2026 Low Oil and Gas Supply
p10,2015,0.33231257999999997,0.25532364,0.21122063000000002,0.27068390000000003,CASO,AEO2026 Low Oil and Gas Supply
p10,2016,0.33231257999999997,0.25532364,0.21122063000000002,0.27068390000000003,CASO,AEO2026 Low Oil and Gas Supply
p10,2017,0.33231257999999997,0.25532364,0.21122063000000002,0.27068390000000003,CASO,AEO2026 Low Oil and Gas Supply
p10,2018,0.33231257999999997,0.25532364,0.21122063000000002,0.27068390000000003,CASO,AEO2026 Low Oil and Gas Supply
p10,2019,0.33231257999999997,0.25532364,0.21122063000000002,0.27068390000000003,CASO,AEO2026 Low Oil and Gas Supply
p10,2020,0.33231257999999997,0.25532364,0.21122063000000002,0.27068390000000003,CASO,AEO2026 Low Oil and Gas Supply
p10,2021,0.33231257999999997,0.25532364,0.21122063000000002,0.27068390000000003,CASO,AEO2026 Low Oil and Gas Supply
p10,2022,0.33231257999999997,0.25532364,0.21122063000000002,0.27068390000000003,CASO,AEO2026 Low Oil and Gas Supply
p10,2023,0.33231257999999997,0.25532364,0.21122063000000002,0.27068390000000003,CASO,AEO2026 Low Oil and Gas Supply
p10,2024,0.33231257999999997,0.25532364,0.21122063000000002,0.27068390000000003,CASO,AEO2026 Low Oil and Gas Supply
p10,2025,0.33231257999999997,0.25532364,0.21122063000000002,0.27068390000000003,CASO,AEO2026 Low Oil and Gas Supply
p10,2026,0.33841228,0.26336853,0.21491116999999998,0.27649632,CASO,AEO2026 Low Oil and Gas Supply
p10,2027,0.33959460999999996,0.25713041000000003,0.20644644,0.27011402,CASO,AEO2026 Low Oil and Gas Supply
p10,2028,0.34121623999999995,0.25795269,0.20705423,0.26942442,CASO,AEO2026 Low Oil and Gas Supply
p10,2029,0.35227791,0.2671398,0.21434738,0.27875492,CASO,AEO2026 Low Oil and Gas Supply
p10,2030,0.36149712,0.2740761,0.2194533,0.28593033,CASO,AEO2026 Low Oil and Gas Supply
p10,2031,0.3713327,0.28254242,0.22565243,0.29402821,CASO,AEO2026 Low Oil and Gas Supply
p10,2032,0.37885651000000004,0.28804846,0.23056065,0.30015585,CASO,AEO2026 Low Oil and Gas Supply
p10,2033,0.38926243,0.29557006999999996,0.23659277,0.30837305,CASO,AEO2026 Low Oil and Gas Supply
p10,2034,0.39605316,0.29931501,0.23919422,0.31246941,CASO,AEO2026 Low Oil and Gas Supply
p10,2035,0.40275557999999995,0.30230461,0.24121489000000002,0.3157687,CASO,AEO2026 Low Oil and Gas Supply
p10,2036,0.40972633,0.30491486,0.24306301000000002,0.31855049,CASO,AEO2026 Low Oil and Gas Supply
p10,2037,0.4187043,0.30924681,0.24662792,0.32280464000000003,CASO,AEO2026 Low Oil and Gas Supply
p10,2038,0.43111076,0.31706565999999997,0.25251738,0.33043739,CASO,AEO2026 Low Oil and Gas Supply
p10,2039,0.43583309,0.31671263,0.25124777000000004,0.33045600999999997,CASO,AEO2026 Low Oil and Gas Supply
p10,2040,0.44626087,0.32140296999999995,0.25411503,0.33537354,CASO,AEO2026 Low Oil and Gas Supply
p10,2041,0.46185195999999995,0.33169327000000004,0.26115181,0.34330489999999997,CASO,AEO2026 Low Oil and Gas Supply
p10,2042,0.47856495000000004,0.34292701999999997,0.26866198,0.35337612,CASO,AEO2026 Low Oil and Gas Supply
p10,2043,0.49373623,0.35238625,0.2744083,0.36162094000000006,CASO,AEO2026 Low Oil and Gas Supply
p10,2044,0.50958591,0.36233165999999994,0.28080149,0.36954109,CASO,AEO2026 Low Oil and Gas Supply
p10,2045,0.52740643,0.37362873,0.28845827,0.37971195,CASO,AEO2026 Low Oil and Gas Supply
p10,2046,0.54535694,0.38486645,0.29608362,0.39025523999999995,CASO,AEO2026 Low Oil and Gas Supply
p10,2047,0.56250641,0.39512321,0.30327448,0.39962841,CASO,AEO2026 Low Oil and Gas Supply
p10,2048,0.5798690400000001,0.40560169,0.31072893,0.4091151,CASO,AEO2026 Low Oil and Gas Supply
p10,2049,0.59720634,0.41598385,0.31813229,0.41867348,CASO,AEO2026 Low Oil and Gas Supply
p10,2050,0.61379246,0.42555424000000003,0.32485779000000004,0.42753138999999996,CASO,AEO2026 Low Oil and Gas Supply
p11,2014,0.33231257999999997,0.25532364,0.21122063000000002,0.27068390000000003,CASO,AEO2026 Low Oil and Gas Supply
p11,2015,0.33231257999999997,0.25532364,0.21122063000000002,0.27068390000000003,CASO,AEO2026 Low Oil and Gas Supply
p11,2016,0.33231257999999997,0.25532364,0.21122063000000002,0.27068390000000003,CASO,AEO2026 Low Oil and Gas Supply
p11,2017,0.33231257999999997,0.25532364,0.21122063000000002,0.27068390000000003,CASO,AEO2026 Low Oil and Gas Supply
p11,2018,0.33231257999999997,0.25532364,0.21122063000000002,0.27068390000000003,CASO,AEO2026 Low Oil and Gas Supply
p11,2019,0.33231257999999997,0.25532364,0.21122063000000002,0.27068390000000003,CASO,AEO2026 Low Oil and Gas Supply
p11,2020,0.33231257999999997,0.25532364,0.21122063000000002,0.27068390000000003,CASO,AEO2026 Low Oil and Gas Supply
p11,2021,0.33231257999999997,0.25532364,0.21122063000000002,0.27068390000000003,CASO,AEO2026 Low Oil and Gas Supply
p11,2022,0.33231257999999997,0.25532364,0.21122063000000002,0.27068390000000003,CASO,AEO2026 Low Oil and Gas Supply
p11,2023,0.33231257999999997,0.25532364,0.21122063000000002,0.27068390000000003,CASO,AEO2026 Low Oil and Gas Supply
p11,2024,0.33231257999999997,0.25532364,0.21122063000000002,0.27068390000000003,CASO,AEO2026 Low Oil and Gas Supply
p11,2025,0.33231257999999997,0.25532364,0.21122063000000002,0.27068390000000003,CASO,AEO2026 Low Oil and Gas Supply
p11,2026,0.33841228,0.26336853,0.21491116999999998,0.27649632,CASO,AEO2026 Low Oil and Gas Supply
p11,2027,0.33959460999999996,0.25713041000000003,0.20644644,0.27011402,CASO,AEO2026 Low Oil and Gas Supply
p11,2028,0.34121623999999995,0.25795269,0.20705423,0.26942442,CASO,AEO2026 Low Oil and Gas Supply
p11,2029,0.35227791,0.2671398,0.21434738,0.27875492,CASO,AEO2026 Low Oil and Gas Supply
p11,2030,0.36149712,0.2740761,0.2194533,0.28593033,CASO,AEO2026 Low Oil and Gas Supply
p11,2031,0.3713327,0.28254242,0.22565243,0.29402821,CASO,AEO2026 Low Oil and Gas Supply
p11,2032,0.37885651000000004,0.28804846,0.23056065,0.30015585,CASO,AEO2026 Low Oil and Gas Supply
p11,2033,0.38926243,0.29557006999999996,0.23659277,0.30837305,CASO,AEO2026 Low Oil and Gas Supply
p11,2034,0.39605316,0.29931501,0.23919422,0.31246941,CASO,AEO2026 Low Oil and Gas Supply
p11,2035,0.40275557999999995,0.30230461,0.24121489000000002,0.3157687,CASO,AEO2026 Low Oil and Gas Supply
p11,2036,0.40972633,0.30491486,0.24306301000000002,0.31855049,CASO,AEO2026 Low Oil and Gas Supply
p11,2037,0.4187043,0.30924681,0.24662792,0.32280464000000003,CASO,AEO2026 Low Oil and Gas Supply
p11,2038,0.43111076,0.31706565999999997,0.25251738,0.33043739,CASO,AEO2026 Low Oil and Gas Supply
p11,2039,0.43583309,0.31671263,0.25124777000000004,0.33045600999999997,CASO,AEO2026 Low Oil and Gas Supply
p11,2040,0.44626087,0.32140296999999995,0.25411503,0.33537354,CASO,AEO2026 Low Oil and Gas Supply
p11,2041,0.46185195999999995,0.33169327000000004,0.26115181,0.34330489999999997,CASO,AEO2026 Low Oil and Gas Supply
p11,2042,0.47856495000000004,0.34292701999999997,0.26866198,0.35337612,CASO,AEO2026 Low Oil and Gas Supply
p11,2043,0.49373623,0.35238625,0.2744083,0.36162094000000006,CASO,AEO2026 Low Oil and Gas Supply
p11,2044,0.50958591,0.36233165999999994,0.28080149,0.36954109,CASO,AEO2026 Low Oil and Gas Supply
p11,2045,0.52740643,0.37362873,0.28845827,0.37971195,CASO,AEO2026 Low Oil and Gas Supply
p11,2046,0.54535694,0.38486645,0.29608362,0.39025523999999995,CASO,AEO2026 Low Oil and Gas Supply
p11,2047,0.56250641,0.39512321,0.30327448,0.39962841,CASO,AEO2026 Low Oil and Gas Supply
p11,2048,0.5798690400000001,0.40560169,0.31072893,0.4091151,CASO,AEO2026 Low Oil and Gas Supply
p11,2049,0.59720634,0.41598385,0.31813229,0.41867348,CASO,AEO2026 Low Oil and Gas Supply
p11,2050,0.61379246,0.42555424000000003,0.32485779000000004,0.42753138999999996,CASO,AEO2026 Low Oil and Gas Supply
p12,2014,0.15420726,0.11376578999999999,0.09558011999999999,0.12458243,BASN,AEO2026 Low Oil and Gas Supply
p12,2015,0.15420726,0.11376578999999999,0.09558011999999999,0.12458243,BASN,AEO2026 Low Oil and Gas Supply
p12,2016,0.15420726,0.11376578999999999,0.09558011999999999,0.12458243,BASN,AEO2026 Low Oil and Gas Supply
p12,2017,0.15420726,0.11376578999999999,0.09558011999999999,0.12458243,BASN,AEO2026 Low Oil and Gas Supply
p12,2018,0.15420726,0.11376578999999999,0.09558011999999999,0.12458243,BASN,AEO2026 Low Oil and Gas Supply
p12,2019,0.15420726,0.11376578999999999,0.09558011999999999,0.12458243,BASN,AEO2026 Low Oil and Gas Supply
p12,2020,0.15420726,0.11376578999999999,0.09558011999999999,0.12458243,BASN,AEO2026 Low Oil and Gas Supply
p12,2021,0.15420726,0.11376578999999999,0.09558011999999999,0.12458243,BASN,AEO2026 Low Oil and Gas Supply
p12,2022,0.15420726,0.11376578999999999,0.09558011999999999,0.12458243,BASN,AEO2026 Low Oil and Gas Supply
p12,2023,0.15420726,0.11376578999999999,0.09558011999999999,0.12458243,BASN,AEO2026 Low Oil and Gas Supply
p12,2024,0.15420726,0.11376578999999999,0.09558011999999999,0.12458243,BASN,AEO2026 Low Oil and Gas Supply
p12,2025,0.15420726,0.11376578999999999,0.09558011999999999,0.12458243,BASN,AEO2026 Low Oil and Gas Supply
p12,2026,0.16419218000000002,0.12076589,0.10178228,0.13110005,BASN,AEO2026 Low Oil and Gas Supply
p12,2027,0.16966198,0.12385839000000001,0.10445819,0.13395534,BASN,AEO2026 Low Oil and Gas Supply
p12,2028,0.17831686000000002,0.13043389,0.110136,0.14084806,BASN,AEO2026 Low Oil and Gas Supply
p12,2029,0.18568574999999998,0.1361305,0.11472039,0.14695128999999998,BASN,AEO2026 Low Oil and Gas Supply
p12,2030,0.19189672000000002,0.14022376,0.11822955,0.15193549,BASN,AEO2026 Low Oil and Gas Supply
p12,2031,0.19739845,0.1438805,0.12140992,0.15585315,BASN,AEO2026 Low Oil and Gas Supply
p12,2032,0.20352432,0.14894297,0.12727755999999998,0.16053171,BASN,AEO2026 Low Oil and Gas Supply
p12,2033,0.21157911,0.15443816,0.1321188,0.16693401000000002,BASN,AEO2026 Low Oil and Gas Supply
p12,2034,0.21575474,0.1564607,0.13392335,0.16950304,BASN,AEO2026 Low Oil and Gas Supply
p12,2035,0.21995914,0.15883001,0.13642445,0.17205722999999998,BASN,AEO2026 Low Oil and Gas Supply
p12,2036,0.22707275,0.16372662,0.14141143,0.17691051000000002,BASN,AEO2026 Low Oil and Gas Supply
p12,2037,0.2344898,0.16823643,0.14525833999999999,0.182066,BASN,AEO2026 Low Oil and Gas Supply
p12,2038,0.24184364,0.17319298,0.14997028,0.18695297,BASN,AEO2026 Low Oil and Gas Supply
p12,2039,0.24907072,0.17761028,0.15393523,0.19179712,BASN,AEO2026 Low Oil and Gas Supply
p12,2040,0.25667149,0.18214576999999998,0.15742855,0.19578135,BASN,AEO2026 Low Oil and Gas Supply
p12,2041,0.26325562,0.18551258,0.16018809999999997,0.19949671,BASN,AEO2026 Low Oil and Gas Supply
p12,2042,0.26987432,0.18936041,0.16372177000000002,0.20319769000000001,BASN,AEO2026 Low Oil and Gas Supply
p12,2043,0.27735403000000003,0.19349903000000002,0.16707645,0.20771902,BASN,AEO2026 Low Oil and Gas Supply
p12,2044,0.28436638,0.19723461,0.16996136,0.21144324999999997,BASN,AEO2026 Low Oil and Gas Supply
p12,2045,0.29187221999999996,0.20129833000000003,0.17338405999999998,0.21560432,BASN,AEO2026 Low Oil and Gas Supply
p12,2046,0.29968653,0.20562066999999998,0.17705114,0.22004168,BASN,AEO2026 Low Oil and Gas Supply
p12,2047,0.30763651,0.20998007000000002,0.18071020000000002,0.22451648999999999,BASN,AEO2026 Low Oil and Gas Supply
p12,2048,0.31549606,0.21411041,0.1840369,0.22884823,BASN,AEO2026 Low Oil and Gas Supply
p12,2049,0.32322716,0.21817046999999998,0.18735634,0.23300501,BASN,AEO2026 Low Oil and Gas Supply
p12,2050,0.33126143999999996,0.22248954999999998,0.19092609,0.23743078,BASN,AEO2026 Low Oil and Gas Supply
p13,2014,0.15529811000000002,0.12543446,0.07673362,0.13464303,SRSG,AEO2026 Low Oil and Gas Supply
p13,2015,0.15529811000000002,0.12543446,0.07673362,0.13464303,SRSG,AEO2026 Low Oil and Gas Supply
p13,2016,0.15529811000000002,0.12543446,0.07673362,0.13464303,SRSG,AEO2026 Low Oil and Gas Supply
p13,2017,0.15529811000000002,0.12543446,0.07673362,0.13464303,SRSG,AEO2026 Low Oil and Gas Supply
p13,2018,0.15529811000000002,0.12543446,0.07673362,0.13464303,SRSG,AEO2026 Low Oil and Gas Supply
p13,2019,0.15529811000000002,0.12543446,0.07673362,0.13464303,SRSG,AEO2026 Low Oil and Gas Supply
p13,2020,0.15529811000000002,0.12543446,0.07673362,0.13464303,SRSG,AEO2026 Low Oil and Gas Supply
p13,2021,0.15529811000000002,0.12543446,0.07673362,0.13464303,SRSG,AEO2026 Low Oil and Gas Supply
p13,2022,0.15529811000000002,0.12543446,0.07673362,0.13464303,SRSG,AEO2026 Low Oil and Gas Supply
p13,2023,0.15529811000000002,0.12543446,0.07673362,0.13464303,SRSG,AEO2026 Low Oil and Gas Supply
p13,2024,0.15529811000000002,0.12543446,0.07673362,0.13464303,SRSG,AEO2026 Low Oil and Gas Supply
p13,2025,0.15529811000000002,0.12543446,0.07673362,0.13464303,SRSG,AEO2026 Low Oil and Gas Supply
p13,2026,0.16213627,0.1301182,0.07835028999999999,0.1386131,SRSG,AEO2026 Low Oil and Gas Supply
p13,2027,0.16477315999999997,0.13042303,0.07752123,0.13913835,SRSG,AEO2026 Low Oil and Gas Supply
p13,2028,0.16775321999999998,0.13263463,0.0784477,0.14079538,SRSG,AEO2026 Low Oil and Gas Supply
p13,2029,0.17266315,0.13654563,0.08023702,0.14457278,SRSG,AEO2026 Low Oil and Gas Supply
p13,2030,0.17636477,0.13913756,0.08125518,0.14736205,SRSG,AEO2026 Low Oil and Gas Supply
p13,2031,0.18134616999999997,0.14316781,0.08378959,0.15120231,SRSG,AEO2026 Low Oil and Gas Supply
p13,2032,0.18680983,0.14762307,0.08661012,0.15565511,SRSG,AEO2026 Low Oil and Gas Supply
p13,2033,0.19012709,0.14963305,0.08747804,0.15814384,SRSG,AEO2026 Low Oil and Gas Supply
p13,2034,0.19232106999999998,0.15045145,0.08782088,0.15932570000000001,SRSG,AEO2026 Low Oil and Gas Supply
p13,2035,0.19542835,0.15246524,0.08939246,0.16121860999999998,SRSG,AEO2026 Low Oil and Gas Supply
p13,2036,0.20104813,0.15680383,0.09275764,0.16533772,SRSG,AEO2026 Low Oil and Gas Supply
p13,2037,0.20986588,0.16403355,0.09794014000000001,0.17242735,SRSG,AEO2026 Low Oil and Gas Supply
p13,2038,0.21669671999999998,0.16892199000000002,0.10094924000000001,0.17776186,SRSG,AEO2026 Low Oil and Gas Supply
p13,2039,0.22261057,0.17311905,0.10385552,0.18193716,SRSG,AEO2026 Low Oil and Gas Supply
p13,2040,0.22876385,0.17719498,0.10639801,0.18617523,SRSG,AEO2026 Low Oil and Gas Supply
p13,2041,0.23382774,0.18017365999999999,0.10816395999999999,0.18934578,SRSG,AEO2026 Low Oil and Gas Supply
p13,2042,0.23883562000000003,0.1831477,0.10942044,0.19253836,SRSG,AEO2026 Low Oil and Gas Supply
p13,2043,0.24380427999999998,0.18605474,0.11074367,0.19554443,SRSG,AEO2026 Low Oil and Gas Supply
p13,2044,0.24921425,0.18939739,0.11244296000000001,0.19884892,SRSG,AEO2026 Low Oil and Gas Supply
p13,2045,0.25510964999999997,0.19299524,0.11449745,0.20249445000000002,SRSG,AEO2026 Low Oil and Gas Supply
p13,2046,0.26062466,0.19622576,0.11630582,0.20578854,SRSG,AEO2026 Low Oil and Gas Supply
p13,2047,0.26661366999999997,0.19994631,0.11855115,0.20944120000000002,SRSG,AEO2026 Low Oil and Gas Supply
p13,2048,0.27260721,0.20353432000000002,0.12059601,0.21308001000000001,SRSG,AEO2026 Low Oil and Gas Supply
p13,2049,0.27830328000000004,0.20696144,0.12226954,0.21664064,SRSG,AEO2026 Low Oil and Gas Supply
p13,2050,0.28445671,0.21075058,0.12456176,0.22036572,SRSG,AEO2026 Low Oil and Gas Supply
p14,2014,0.14959989,0.12228440000000002,0.09116141000000001,0.12296021,NWPP,AEO2026 Low Oil and Gas Supply
p14,2015,0.14959989,0.12228440000000002,0.09116141000000001,0.12296021,NWPP,AEO2026 Low Oil and Gas Supply
p14,2016,0.14959989,0.12228440000000002,0.09116141000000001,0.12296021,NWPP,AEO2026 Low Oil and Gas Supply
p14,2017,0.14959989,0.12228440000000002,0.09116141000000001,0.12296021,NWPP,AEO2026 Low Oil and Gas Supply
p14,2018,0.14959989,0.12228440000000002,0.09116141000000001,0.12296021,NWPP,AEO2026 Low Oil and Gas Supply
p14,2019,0.14959989,0.12228440000000002,0.09116141000000001,0.12296021,NWPP,AEO2026 Low Oil and Gas Supply
p14,2020,0.14959989,0.12228440000000002,0.09116141000000001,0.12296021,NWPP,AEO2026 Low Oil and Gas Supply
p14,2021,0.14959989,0.12228440000000002,0.09116141000000001,0.12296021,NWPP,AEO2026 Low Oil and Gas Supply
p14,2022,0.14959989,0.12228440000000002,0.09116141000000001,0.12296021,NWPP,AEO2026 Low Oil and Gas Supply
p14,2023,0.14959989,0.12228440000000002,0.09116141000000001,0.12296021,NWPP,AEO2026 Low Oil and Gas Supply
p14,2024,0.14959989,0.12228440000000002,0.09116141000000001,0.12296021,NWPP,AEO2026 Low Oil and Gas Supply
p14,2025,0.14959989,0.12228440000000002,0.09116141000000001,0.12296021,NWPP,AEO2026 Low Oil and Gas Supply
p14,2026,0.15067477,0.12147564,0.08842773,0.11966146,NWPP,AEO2026 Low Oil and Gas Supply
p14,2027,0.14463618,0.11139868,0.07711226,0.10932442,NWPP,AEO2026 Low Oil and Gas Supply
p14,2028,0.14153226,0.1082911,0.07536822,0.10546367999999999,NWPP,AEO2026 Low Oil and Gas Supply
p14,2029,0.14384928,0.10982486,0.07619993,0.10697968,NWPP,AEO2026 Low Oil and Gas Supply
p14,2030,0.14587695,0.11084944999999999,0.07686257,0.10804056,NWPP,AEO2026 Low Oil and Gas Supply
p14,2031,0.14977819,0.11403449,0.07967231,0.11109097,NWPP,AEO2026 Low Oil and Gas Supply
p14,2032,0.1549053,0.11830186,0.08343961999999999,0.11554150999999999,NWPP,AEO2026 Low Oil and Gas Supply
p14,2033,0.16031839,0.12254134,0.08715047000000001,0.12004060000000001,NWPP,AEO2026 Low Oil and Gas Supply
p14,2034,0.16477074000000003,0.12548014999999998,0.08957952000000001,0.12327019,NWPP,AEO2026 Low Oil and Gas Supply
p14,2035,0.16951048,0.12842416,0.09204954000000001,0.12634966,NWPP,AEO2026 Low Oil and Gas Supply
p14,2036,0.17298292,0.12985059,0.09311356,0.12798282,NWPP,AEO2026 Low Oil and Gas Supply
p14,2037,0.17775591,0.13255697,0.0956687,0.13070461,NWPP,AEO2026 Low Oil and Gas Supply
p14,2038,0.18558474,0.13807817,0.10042032000000001,0.13604376,NWPP,AEO2026 Low Oil and Gas Supply
p14,2039,0.19457106,0.14439676,0.105663,0.14232746000000002,NWPP,AEO2026 Low Oil and Gas Supply
p14,2040,0.2014871,0.14833031,0.10813181999999999,0.1463132,NWPP,AEO2026 Low Oil and Gas Supply
p14,2041,0.20713392,0.15089787,0.10964153,0.14886744999999998,NWPP,AEO2026 Low Oil and Gas Supply
p14,2042,0.21273285,0.15380528999999998,0.11195864,0.15166084,NWPP,AEO2026 Low Oil and Gas Supply
p14,2043,0.2187895,0.15718144,0.11452359,0.15491683,NWPP,AEO2026 Low Oil and Gas Supply
p14,2044,0.22512443999999998,0.16081154,0.11721859999999999,0.15837996000000001,NWPP,AEO2026 Low Oil and Gas Supply
p14,2045,0.23099445,0.16372566,0.11917627,0.16119001,NWPP,AEO2026 Low Oil and Gas Supply
p14,2046,0.2364423,0.16643329999999998,0.12101366000000001,0.1634919,NWPP,AEO2026 Low Oil and Gas Supply
p14,2047,0.24210197,0.16932457,0.1231321,0.16616215,NWPP,AEO2026 Low Oil and Gas Supply
p14,2048,0.24763264,0.17200997999999998,0.12493457,0.16864626000000002,NWPP,AEO2026 Low Oil and Gas Supply
p14,2049,0.2531431,0.17476082,0.12687404000000002,0.17116543,NWPP,AEO2026 Low Oil and Gas Supply
p14,2050,0.25909435,0.17790409000000001,0.12919922,0.17408838,NWPP,AEO2026 Low Oil and Gas Supply
p15,2014,0.15420726,0.11376578999999999,0.09558011999999999,0.12458243,BASN,AEO2026 Low Oil and Gas Supply
p15,2015,0.15420726,0.11376578999999999,0.09558011999999999,0.12458243,BASN,AEO2026 Low Oil and Gas Supply
p15,2016,0.15420726,0.11376578999999999,0.09558011999999999,0.12458243,BASN,AEO2026 Low Oil and Gas Supply
p15,2017,0.15420726,0.11376578999999999,0.09558011999999999,0.12458243,BASN,AEO2026 Low Oil and Gas Supply
p15,2018,0.15420726,0.11376578999999999,0.09558011999999999,0.12458243,BASN,AEO2026 Low Oil and Gas Supply
p15,2019,0.15420726,0.11376578999999999,0.09558011999999999,0.12458243,BASN,AEO2026 Low Oil and Gas Supply
p15,2020,0.15420726,0.11376578999999999,0.09558011999999999,0.12458243,BASN,AEO2026 Low Oil and Gas Supply
p15,2021,0.15420726,0.11376578999999999,0.09558011999999999,0.12458243,BASN,AEO2026 Low Oil and Gas Supply
p15,2022,0.15420726,0.11376578999999999,0.09558011999999999,0.12458243,BASN,AEO2026 Low Oil and Gas Supply
p15,2023,0.15420726,0.11376578999999999,0.09558011999999999,0.12458243,BASN,AEO2026 Low Oil and Gas Supply
p15,2024,0.15420726,0.11376578999999999,0.09558011999999999,0.12458243,BASN,AEO2026 Low Oil and Gas Supply
p15,2025,0.15420726,0.11376578999999999,0.09558011999999999,0.12458243,BASN,AEO2026 Low Oil and Gas Supply
p15,2026,0.16419218000000002,0.12076589,0.10178228,0.13110005,BASN,AEO2026 Low Oil and Gas Supply
p15,2027,0.16966198,0.12385839000000001,0.10445819,0.13395534,BASN,AEO2026 Low Oil and Gas Supply
p15,2028,0.17831686000000002,0.13043389,0.110136,0.14084806,BASN,AEO2026 Low Oil and Gas Supply
p15,2029,0.18568574999999998,0.1361305,0.11472039,0.14695128999999998,BASN,AEO2026 Low Oil and Gas Supply
p15,2030,0.19189672000000002,0.14022376,0.11822955,0.15193549,BASN,AEO2026 Low Oil and Gas Supply
p15,2031,0.19739845,0.1438805,0.12140992,0.15585315,BASN,AEO2026 Low Oil and Gas Supply
p15,2032,0.20352432,0.14894297,0.12727755999999998,0.16053171,BASN,AEO2026 Low Oil and Gas Supply
p15,2033,0.21157911,0.15443816,0.1321188,0.16693401000000002,BASN,AEO2026 Low Oil and Gas Supply
p15,2034,0.21575474,0.1564607,0.13392335,0.16950304,BASN,AEO2026 Low Oil and Gas Supply
p15,2035,0.21995914,0.15883001,0.13642445,0.17205722999999998,BASN,AEO2026 Low Oil and Gas Supply
p15,2036,0.22707275,0.16372662,0.14141143,0.17691051000000002,BASN,AEO2026 Low Oil and Gas Supply
p15,2037,0.2344898,0.16823643,0.14525833999999999,0.182066,BASN,AEO2026 Low Oil and Gas Supply
p15,2038,0.24184364,0.17319298,0.14997028,0.18695297,BASN,AEO2026 Low Oil and Gas Supply
p15,2039,0.24907072,0.17761028,0.15393523,0.19179712,BASN,AEO2026 Low Oil and Gas Supply
p15,2040,0.25667149,0.18214576999999998,0.15742855,0.19578135,BASN,AEO2026 Low Oil and Gas Supply
p15,2041,0.26325562,0.18551258,0.16018809999999997,0.19949671,BASN,AEO2026 Low Oil and Gas Supply
p15,2042,0.26987432,0.18936041,0.16372177000000002,0.20319769000000001,BASN,AEO2026 Low Oil and Gas Supply
p15,2043,0.27735403000000003,0.19349903000000002,0.16707645,0.20771902,BASN,AEO2026 Low Oil and Gas Supply
p15,2044,0.28436638,0.19723461,0.16996136,0.21144324999999997,BASN,AEO2026 Low Oil and Gas Supply
p15,2045,0.29187221999999996,0.20129833000000003,0.17338405999999998,0.21560432,BASN,AEO2026 Low Oil and Gas Supply
p15,2046,0.29968653,0.20562066999999998,0.17705114,0.22004168,BASN,AEO2026 Low Oil and Gas Supply
p15,2047,0.30763651,0.20998007000000002,0.18071020000000002,0.22451648999999999,BASN,AEO2026 Low Oil and Gas Supply
p15,2048,0.31549606,0.21411041,0.1840369,0.22884823,BASN,AEO2026 Low Oil and Gas Supply
p15,2049,0.32322716,0.21817046999999998,0.18735634,0.23300501,BASN,AEO2026 Low Oil and Gas Supply
p15,2050,0.33126143999999996,0.22248954999999998,0.19092609,0.23743078,BASN,AEO2026 Low Oil and Gas Supply
p16,2014,0.15420726,0.11376578999999999,0.09558011999999999,0.12458243,BASN,AEO2026 Low Oil and Gas Supply
p16,2015,0.15420726,0.11376578999999999,0.09558011999999999,0.12458243,BASN,AEO2026 Low Oil and Gas Supply
p16,2016,0.15420726,0.11376578999999999,0.09558011999999999,0.12458243,BASN,AEO2026 Low Oil and Gas Supply
p16,2017,0.15420726,0.11376578999999999,0.09558011999999999,0.12458243,BASN,AEO2026 Low Oil and Gas Supply
p16,2018,0.15420726,0.11376578999999999,0.09558011999999999,0.12458243,BASN,AEO2026 Low Oil and Gas Supply
p16,2019,0.15420726,0.11376578999999999,0.09558011999999999,0.12458243,BASN,AEO2026 Low Oil and Gas Supply
p16,2020,0.15420726,0.11376578999999999,0.09558011999999999,0.12458243,BASN,AEO2026 Low Oil and Gas Supply
p16,2021,0.15420726,0.11376578999999999,0.09558011999999999,0.12458243,BASN,AEO2026 Low Oil and Gas Supply
p16,2022,0.15420726,0.11376578999999999,0.09558011999999999,0.12458243,BASN,AEO2026 Low Oil and Gas Supply
p16,2023,0.15420726,0.11376578999999999,0.09558011999999999,0.12458243,BASN,AEO2026 Low Oil and Gas Supply
p16,2024,0.15420726,0.11376578999999999,0.09558011999999999,0.12458243,BASN,AEO2026 Low Oil and Gas Supply
p16,2025,0.15420726,0.11376578999999999,0.09558011999999999,0.12458243,BASN,AEO2026 Low Oil and Gas Supply
p16,2026,0.16419218000000002,0.12076589,0.10178228,0.13110005,BASN,AEO2026 Low Oil and Gas Supply
p16,2027,0.16966198,0.12385839000000001,0.10445819,0.13395534,BASN,AEO2026 Low Oil and Gas Supply
p16,2028,0.17831686000000002,0.13043389,0.110136,0.14084806,BASN,AEO2026 Low Oil and Gas Supply
p16,2029,0.18568574999999998,0.1361305,0.11472039,0.14695128999999998,BASN,AEO2026 Low Oil and Gas Supply
p16,2030,0.19189672000000002,0.14022376,0.11822955,0.15193549,BASN,AEO2026 Low Oil and Gas Supply
p16,2031,0.19739845,0.1438805,0.12140992,0.15585315,BASN,AEO2026 Low Oil and Gas Supply
p16,2032,0.20352432,0.14894297,0.12727755999999998,0.16053171,BASN,AEO2026 Low Oil and Gas Supply
p16,2033,0.21157911,0.15443816,0.1321188,0.16693401000000002,BASN,AEO2026 Low Oil and Gas Supply
p16,2034,0.21575474,0.1564607,0.13392335,0.16950304,BASN,AEO2026 Low Oil and Gas Supply
p16,2035,0.21995914,0.15883001,0.13642445,0.17205722999999998,BASN,AEO2026 Low Oil and Gas Supply
p16,2036,0.22707275,0.16372662,0.14141143,0.17691051000000002,BASN,AEO2026 Low Oil and Gas Supply
p16,2037,0.2344898,0.16823643,0.14525833999999999,0.182066,BASN,AEO2026 Low Oil and Gas Supply
p16,2038,0.24184364,0.17319298,0.14997028,0.18695297,BASN,AEO2026 Low Oil and Gas Supply
p16,2039,0.24907072,0.17761028,0.15393523,0.19179712,BASN,AEO2026 Low Oil and Gas Supply
p16,2040,0.25667149,0.18214576999999998,0.15742855,0.19578135,BASN,AEO2026 Low Oil and Gas Supply
p16,2041,0.26325562,0.18551258,0.16018809999999997,0.19949671,BASN,AEO2026 Low Oil and Gas Supply
p16,2042,0.26987432,0.18936041,0.16372177000000002,0.20319769000000001,BASN,AEO2026 Low Oil and Gas Supply
p16,2043,0.27735403000000003,0.19349903000000002,0.16707645,0.20771902,BASN,AEO2026 Low Oil and Gas Supply
p16,2044,0.28436638,0.19723461,0.16996136,0.21144324999999997,BASN,AEO2026 Low Oil and Gas Supply
p16,2045,0.29187221999999996,0.20129833000000003,0.17338405999999998,0.21560432,BASN,AEO2026 Low Oil and Gas Supply
p16,2046,0.29968653,0.20562066999999998,0.17705114,0.22004168,BASN,AEO2026 Low Oil and Gas Supply
p16,2047,0.30763651,0.20998007000000002,0.18071020000000002,0.22451648999999999,BASN,AEO2026 Low Oil and Gas Supply
p16,2048,0.31549606,0.21411041,0.1840369,0.22884823,BASN,AEO2026 Low Oil and Gas Supply
p16,2049,0.32322716,0.21817046999999998,0.18735634,0.23300501,BASN,AEO2026 Low Oil and Gas Supply
p16,2050,0.33126143999999996,0.22248954999999998,0.19092609,0.23743078,BASN,AEO2026 Low Oil and Gas Supply
p17,2014,0.14959989,0.12228440000000002,0.09116141000000001,0.12296021,NWPP,AEO2026 Low Oil and Gas Supply
p17,2015,0.14959989,0.12228440000000002,0.09116141000000001,0.12296021,NWPP,AEO2026 Low Oil and Gas Supply
p17,2016,0.14959989,0.12228440000000002,0.09116141000000001,0.12296021,NWPP,AEO2026 Low Oil and Gas Supply
p17,2017,0.14959989,0.12228440000000002,0.09116141000000001,0.12296021,NWPP,AEO2026 Low Oil and Gas Supply
p17,2018,0.14959989,0.12228440000000002,0.09116141000000001,0.12296021,NWPP,AEO2026 Low Oil and Gas Supply
p17,2019,0.14959989,0.12228440000000002,0.09116141000000001,0.12296021,NWPP,AEO2026 Low Oil and Gas Supply
p17,2020,0.14959989,0.12228440000000002,0.09116141000000001,0.12296021,NWPP,AEO2026 Low Oil and Gas Supply
p17,2021,0.14959989,0.12228440000000002,0.09116141000000001,0.12296021,NWPP,AEO2026 Low Oil and Gas Supply
p17,2022,0.14959989,0.12228440000000002,0.09116141000000001,0.12296021,NWPP,AEO2026 Low Oil and Gas Supply
p17,2023,0.14959989,0.12228440000000002,0.09116141000000001,0.12296021,NWPP,AEO2026 Low Oil and Gas Supply
p17,2024,0.14959989,0.12228440000000002,0.09116141000000001,0.12296021,NWPP,AEO2026 Low Oil and Gas Supply
p17,2025,0.14959989,0.12228440000000002,0.09116141000000001,0.12296021,NWPP,AEO2026 Low Oil and Gas Supply
p17,2026,0.15067477,0.12147564,0.08842773,0.11966146,NWPP,AEO2026 Low Oil and Gas Supply
p17,2027,0.14463618,0.11139868,0.07711226,0.10932442,NWPP,AEO2026 Low Oil and Gas Supply
p17,2028,0.14153226,0.1082911,0.07536822,0.10546367999999999,NWPP,AEO2026 Low Oil and Gas Supply
p17,2029,0.14384928,0.10982486,0.07619993,0.10697968,NWPP,AEO2026 Low Oil and Gas Supply
p17,2030,0.14587695,0.11084944999999999,0.07686257,0.10804056,NWPP,AEO2026 Low Oil and Gas Supply
p17,2031,0.14977819,0.11403449,0.07967231,0.11109097,NWPP,AEO2026 Low Oil and Gas Supply
p17,2032,0.1549053,0.11830186,0.08343961999999999,0.11554150999999999,NWPP,AEO2026 Low Oil and Gas Supply
p17,2033,0.16031839,0.12254134,0.08715047000000001,0.12004060000000001,NWPP,AEO2026 Low Oil and Gas Supply
p17,2034,0.16477074000000003,0.12548014999999998,0.08957952000000001,0.12327019,NWPP,AEO2026 Low Oil and Gas Supply
p17,2035,0.16951048,0.12842416,0.09204954000000001,0.12634966,NWPP,AEO2026 Low Oil and Gas Supply
p17,2036,0.17298292,0.12985059,0.09311356,0.12798282,NWPP,AEO2026 Low Oil and Gas Supply
p17,2037,0.17775591,0.13255697,0.0956687,0.13070461,NWPP,AEO2026 Low Oil and Gas Supply
p17,2038,0.18558474,0.13807817,0.10042032000000001,0.13604376,NWPP,AEO2026 Low Oil and Gas Supply
p17,2039,0.19457106,0.14439676,0.105663,0.14232746000000002,NWPP,AEO2026 Low Oil and Gas Supply
p17,2040,0.2014871,0.14833031,0.10813181999999999,0.1463132,NWPP,AEO2026 Low Oil and Gas Supply
p17,2041,0.20713392,0.15089787,0.10964153,0.14886744999999998,NWPP,AEO2026 Low Oil and Gas Supply
p17,2042,0.21273285,0.15380528999999998,0.11195864,0.15166084,NWPP,AEO2026 Low Oil and Gas Supply
p17,2043,0.2187895,0.15718144,0.11452359,0.15491683,NWPP,AEO2026 Low Oil and Gas Supply
p17,2044,0.22512443999999998,0.16081154,0.11721859999999999,0.15837996000000001,NWPP,AEO2026 Low Oil and Gas Supply
p17,2045,0.23099445,0.16372566,0.11917627,0.16119001,NWPP,AEO2026 Low Oil and Gas Supply
p17,2046,0.2364423,0.16643329999999998,0.12101366000000001,0.1634919,NWPP,AEO2026 Low Oil and Gas Supply
p17,2047,0.24210197,0.16932457,0.1231321,0.16616215,NWPP,AEO2026 Low Oil and Gas Supply
p17,2048,0.24763264,0.17200997999999998,0.12493457,0.16864626000000002,NWPP,AEO2026 Low Oil and Gas Supply
p17,2049,0.2531431,0.17476082,0.12687404000000002,0.17116543,NWPP,AEO2026 Low Oil and Gas Supply
p17,2050,0.25909435,0.17790409000000001,0.12919922,0.17408838,NWPP,AEO2026 Low Oil and Gas Supply
p18,2014,0.14959989,0.12228440000000002,0.09116141000000001,0.12296021,NWPP,AEO2026 Low Oil and Gas Supply
p18,2015,0.14959989,0.12228440000000002,0.09116141000000001,0.12296021,NWPP,AEO2026 Low Oil and Gas Supply
p18,2016,0.14959989,0.12228440000000002,0.09116141000000001,0.12296021,NWPP,AEO2026 Low Oil and Gas Supply
p18,2017,0.14959989,0.12228440000000002,0.09116141000000001,0.12296021,NWPP,AEO2026 Low Oil and Gas Supply
p18,2018,0.14959989,0.12228440000000002,0.09116141000000001,0.12296021,NWPP,AEO2026 Low Oil and Gas Supply
p18,2019,0.14959989,0.12228440000000002,0.09116141000000001,0.12296021,NWPP,AEO2026 Low Oil and Gas Supply
p18,2020,0.14959989,0.12228440000000002,0.09116141000000001,0.12296021,NWPP,AEO2026 Low Oil and Gas Supply
p18,2021,0.14959989,0.12228440000000002,0.09116141000000001,0.12296021,NWPP,AEO2026 Low Oil and Gas Supply
p18,2022,0.14959989,0.12228440000000002,0.09116141000000001,0.12296021,NWPP,AEO2026 Low Oil and Gas Supply
p18,2023,0.14959989,0.12228440000000002,0.09116141000000001,0.12296021,NWPP,AEO2026 Low Oil and Gas Supply
p18,2024,0.14959989,0.12228440000000002,0.09116141000000001,0.12296021,NWPP,AEO2026 Low Oil and Gas Supply
p18,2025,0.14959989,0.12228440000000002,0.09116141000000001,0.12296021,NWPP,AEO2026 Low Oil and Gas Supply
p18,2026,0.15067477,0.12147564,0.08842773,0.11966146,NWPP,AEO2026 Low Oil and Gas Supply
p18,2027,0.14463618,0.11139868,0.07711226,0.10932442,NWPP,AEO2026 Low Oil and Gas Supply
p18,2028,0.14153226,0.1082911,0.07536822,0.10546367999999999,NWPP,AEO2026 Low Oil and Gas Supply
p18,2029,0.14384928,0.10982486,0.07619993,0.10697968,NWPP,AEO2026 Low Oil and Gas Supply
p18,2030,0.14587695,0.11084944999999999,0.07686257,0.10804056,NWPP,AEO2026 Low Oil and Gas Supply
p18,2031,0.14977819,0.11403449,0.07967231,0.11109097,NWPP,AEO2026 Low Oil and Gas Supply
p18,2032,0.1549053,0.11830186,0.08343961999999999,0.11554150999999999,NWPP,AEO2026 Low Oil and Gas Supply
p18,2033,0.16031839,0.12254134,0.08715047000000001,0.12004060000000001,NWPP,AEO2026 Low Oil and Gas Supply
p18,2034,0.16477074000000003,0.12548014999999998,0.08957952000000001,0.12327019,NWPP,AEO2026 Low Oil and Gas Supply
p18,2035,0.16951048,0.12842416,0.09204954000000001,0.12634966,NWPP,AEO2026 Low Oil and Gas Supply
p18,2036,0.17298292,0.12985059,0.09311356,0.12798282,NWPP,AEO2026 Low Oil and Gas Supply
p18,2037,0.17775591,0.13255697,0.0956687,0.13070461,NWPP,AEO2026 Low Oil and Gas Supply
p18,2038,0.18558474,0.13807817,0.10042032000000001,0.13604376,NWPP,AEO2026 Low Oil and Gas Supply
p18,2039,0.19457106,0.14439676,0.105663,0.14232746000000002,NWPP,AEO2026 Low Oil and Gas Supply
p18,2040,0.2014871,0.14833031,0.10813181999999999,0.1463132,NWPP,AEO2026 Low Oil and Gas Supply
p18,2041,0.20713392,0.15089787,0.10964153,0.14886744999999998,NWPP,AEO2026 Low Oil and Gas Supply
p18,2042,0.21273285,0.15380528999999998,0.11195864,0.15166084,NWPP,AEO2026 Low Oil and Gas Supply
p18,2043,0.2187895,0.15718144,0.11452359,0.15491683,NWPP,AEO2026 Low Oil and Gas Supply
p18,2044,0.22512443999999998,0.16081154,0.11721859999999999,0.15837996000000001,NWPP,AEO2026 Low Oil and Gas Supply
p18,2045,0.23099445,0.16372566,0.11917627,0.16119001,NWPP,AEO2026 Low Oil and Gas Supply
p18,2046,0.2364423,0.16643329999999998,0.12101366000000001,0.1634919,NWPP,AEO2026 Low Oil and Gas Supply
p18,2047,0.24210197,0.16932457,0.1231321,0.16616215,NWPP,AEO2026 Low Oil and Gas Supply
p18,2048,0.24763264,0.17200997999999998,0.12493457,0.16864626000000002,NWPP,AEO2026 Low Oil and Gas Supply
p18,2049,0.2531431,0.17476082,0.12687404000000002,0.17116543,NWPP,AEO2026 Low Oil and Gas Supply
p18,2050,0.25909435,0.17790409000000001,0.12919922,0.17408838,NWPP,AEO2026 Low Oil and Gas Supply
p19,2014,0.16269005,0.12212256999999999,0.08597872000000001,0.13105806,MISW,AEO2026 Low Oil and Gas Supply
p19,2015,0.16269005,0.12212256999999999,0.08597872000000001,0.13105806,MISW,AEO2026 Low Oil and Gas Supply
p19,2016,0.16269005,0.12212256999999999,0.08597872000000001,0.13105806,MISW,AEO2026 Low Oil and Gas Supply
p19,2017,0.16269005,0.12212256999999999,0.08597872000000001,0.13105806,MISW,AEO2026 Low Oil and Gas Supply
p19,2018,0.16269005,0.12212256999999999,0.08597872000000001,0.13105806,MISW,AEO2026 Low Oil and Gas Supply
p19,2019,0.16269005,0.12212256999999999,0.08597872000000001,0.13105806,MISW,AEO2026 Low Oil and Gas Supply
p19,2020,0.16269005,0.12212256999999999,0.08597872000000001,0.13105806,MISW,AEO2026 Low Oil and Gas Supply
p19,2021,0.16269005,0.12212256999999999,0.08597872000000001,0.13105806,MISW,AEO2026 Low Oil and Gas Supply
p19,2022,0.16269005,0.12212256999999999,0.08597872000000001,0.13105806,MISW,AEO2026 Low Oil and Gas Supply
p19,2023,0.16269005,0.12212256999999999,0.08597872000000001,0.13105806,MISW,AEO2026 Low Oil and Gas Supply
p19,2024,0.16269005,0.12212256999999999,0.08597872000000001,0.13105806,MISW,AEO2026 Low Oil and Gas Supply
p19,2025,0.16269005,0.12212256999999999,0.08597872000000001,0.13105806,MISW,AEO2026 Low Oil and Gas Supply
p19,2026,0.1676997,0.12540441,0.08849662,0.13542374000000001,MISW,AEO2026 Low Oil and Gas Supply
p19,2027,0.16453786999999997,0.12235163,0.08383945000000001,0.1320848,MISW,AEO2026 Low Oil and Gas Supply
p19,2028,0.1643219,0.12153375999999999,0.08396524,0.13054109,MISW,AEO2026 Low Oil and Gas Supply
p19,2029,0.17003988,0.12628164,0.0874428,0.13508659,MISW,AEO2026 Low Oil and Gas Supply
p19,2030,0.17828196999999998,0.13261522,0.09309083,0.14145209,MISW,AEO2026 Low Oil and Gas Supply
p19,2031,0.18553194,0.13857803999999999,0.09740983,0.14786756,MISW,AEO2026 Low Oil and Gas Supply
p19,2032,0.19750715,0.14669809,0.1067628,0.15635897999999998,MISW,AEO2026 Low Oil and Gas Supply
p19,2033,0.20702497,0.15448884,0.112057,0.16537973,MISW,AEO2026 Low Oil and Gas Supply
p19,2034,0.20953222,0.15585817999999999,0.11340773,0.16729019,MISW,AEO2026 Low Oil and Gas Supply
p19,2035,0.21188972,0.15693162,0.11491535000000001,0.16874475,MISW,AEO2026 Low Oil and Gas Supply
p19,2036,0.21492640000000002,0.158543,0.11678366000000001,0.17070038,MISW,AEO2026 Low Oil and Gas Supply
p19,2037,0.21831378999999998,0.16038218,0.11894555999999999,0.17279545,MISW,AEO2026 Low Oil and Gas Supply
p19,2038,0.22194908000000002,0.16259186,0.12111720999999999,0.17525883,MISW,AEO2026 Low Oil and Gas Supply
p19,2039,0.22780411,0.16623096,0.12514686,0.17908134,MISW,AEO2026 Low Oil and Gas Supply
p19,2040,0.23182158,0.16920265,0.12689706,0.1824354,MISW,AEO2026 Low Oil and Gas Supply
p19,2041,0.23416779,0.17019431999999998,0.12796333000000001,0.18339239,MISW,AEO2026 Low Oil and Gas Supply
p19,2042,0.23783722000000002,0.17247484,0.12976163,0.18572601,MISW,AEO2026 Low Oil and Gas Supply
p19,2043,0.24177811,0.17501204,0.13167925,0.18829977,MISW,AEO2026 Low Oil and Gas Supply
p19,2044,0.24663149,0.17818661,0.134322,0.19147772,MISW,AEO2026 Low Oil and Gas Supply
p19,2045,0.25120739000000003,0.18127424,0.13637444,0.19467197,MISW,AEO2026 Low Oil and Gas Supply
p19,2046,0.25522625,0.18380785,0.13827831,0.19717120999999999,MISW,AEO2026 Low Oil and Gas Supply
p19,2047,0.25947584,0.18635508,0.14023634,0.1997032,MISW,AEO2026 Low Oil and Gas Supply
p19,2048,0.26370386,0.18903804999999999,0.14229137,0.20231859,MISW,AEO2026 Low Oil and Gas Supply
p19,2049,0.2682143,0.19201301999999998,0.14448789,0.20524891,MISW,AEO2026 Low Oil and Gas Supply
p19,2050,0.2727874,0.19507683,0.14673493,0.20827061,MISW,AEO2026 Low Oil and Gas Supply
p20,2014,0.14959989,0.12228440000000002,0.09116141000000001,0.12296021,NWPP,AEO2026 Low Oil and Gas Supply
p20,2015,0.14959989,0.12228440000000002,0.09116141000000001,0.12296021,NWPP,AEO2026 Low Oil and Gas Supply
p20,2016,0.14959989,0.12228440000000002,0.09116141000000001,0.12296021,NWPP,AEO2026 Low Oil and Gas Supply
p20,2017,0.14959989,0.12228440000000002,0.09116141000000001,0.12296021,NWPP,AEO2026 Low Oil and Gas Supply
p20,2018,0.14959989,0.12228440000000002,0.09116141000000001,0.12296021,NWPP,AEO2026 Low Oil and Gas Supply
p20,2019,0.14959989,0.12228440000000002,0.09116141000000001,0.12296021,NWPP,AEO2026 Low Oil and Gas Supply
p20,2020,0.14959989,0.12228440000000002,0.09116141000000001,0.12296021,NWPP,AEO2026 Low Oil and Gas Supply
p20,2021,0.14959989,0.12228440000000002,0.09116141000000001,0.12296021,NWPP,AEO2026 Low Oil and Gas Supply
p20,2022,0.14959989,0.12228440000000002,0.09116141000000001,0.12296021,NWPP,AEO2026 Low Oil and Gas Supply
p20,2023,0.14959989,0.12228440000000002,0.09116141000000001,0.12296021,NWPP,AEO2026 Low Oil and Gas Supply
p20,2024,0.14959989,0.12228440000000002,0.09116141000000001,0.12296021,NWPP,AEO2026 Low Oil and Gas Supply
p20,2025,0.14959989,0.12228440000000002,0.09116141000000001,0.12296021,NWPP,AEO2026 Low Oil and Gas Supply
p20,2026,0.15067477,0.12147564,0.08842773,0.11966146,NWPP,AEO2026 Low Oil and Gas Supply
p20,2027,0.14463618,0.11139868,0.07711226,0.10932442,NWPP,AEO2026 Low Oil and Gas Supply
p20,2028,0.14153226,0.1082911,0.07536822,0.10546367999999999,NWPP,AEO2026 Low Oil and Gas Supply
p20,2029,0.14384928,0.10982486,0.07619993,0.10697968,NWPP,AEO2026 Low Oil and Gas Supply
p20,2030,0.14587695,0.11084944999999999,0.07686257,0.10804056,NWPP,AEO2026 Low Oil and Gas Supply
p20,2031,0.14977819,0.11403449,0.07967231,0.11109097,NWPP,AEO2026 Low Oil and Gas Supply
p20,2032,0.1549053,0.11830186,0.08343961999999999,0.11554150999999999,NWPP,AEO2026 Low Oil and Gas Supply
p20,2033,0.16031839,0.12254134,0.08715047000000001,0.12004060000000001,NWPP,AEO2026 Low Oil and Gas Supply
p20,2034,0.16477074000000003,0.12548014999999998,0.08957952000000001,0.12327019,NWPP,AEO2026 Low Oil and Gas Supply
p20,2035,0.16951048,0.12842416,0.09204954000000001,0.12634966,NWPP,AEO2026 Low Oil and Gas Supply
p20,2036,0.17298292,0.12985059,0.09311356,0.12798282,NWPP,AEO2026 Low Oil and Gas Supply
p20,2037,0.17775591,0.13255697,0.0956687,0.13070461,NWPP,AEO2026 Low Oil and Gas Supply
p20,2038,0.18558474,0.13807817,0.10042032000000001,0.13604376,NWPP,AEO2026 Low Oil and Gas Supply
p20,2039,0.19457106,0.14439676,0.105663,0.14232746000000002,NWPP,AEO2026 Low Oil and Gas Supply
p20,2040,0.2014871,0.14833031,0.10813181999999999,0.1463132,NWPP,AEO2026 Low Oil and Gas Supply
p20,2041,0.20713392,0.15089787,0.10964153,0.14886744999999998,NWPP,AEO2026 Low Oil and Gas Supply
p20,2042,0.21273285,0.15380528999999998,0.11195864,0.15166084,NWPP,AEO2026 Low Oil and Gas Supply
p20,2043,0.2187895,0.15718144,0.11452359,0.15491683,NWPP,AEO2026 Low Oil and Gas Supply
p20,2044,0.22512443999999998,0.16081154,0.11721859999999999,0.15837996000000001,NWPP,AEO2026 Low Oil and Gas Supply
p20,2045,0.23099445,0.16372566,0.11917627,0.16119001,NWPP,AEO2026 Low Oil and Gas Supply
p20,2046,0.2364423,0.16643329999999998,0.12101366000000001,0.1634919,NWPP,AEO2026 Low Oil and Gas Supply
p20,2047,0.24210197,0.16932457,0.1231321,0.16616215,NWPP,AEO2026 Low Oil and Gas Supply
p20,2048,0.24763264,0.17200997999999998,0.12493457,0.16864626000000002,NWPP,AEO2026 Low Oil and Gas Supply
p20,2049,0.2531431,0.17476082,0.12687404000000002,0.17116543,NWPP,AEO2026 Low Oil and Gas Supply
p20,2050,0.25909435,0.17790409000000001,0.12919922,0.17408838,NWPP,AEO2026 Low Oil and Gas Supply
p21,2014,0.15420726,0.11376578999999999,0.09558011999999999,0.12458243,BASN,AEO2026 Low Oil and Gas Supply
p21,2015,0.15420726,0.11376578999999999,0.09558011999999999,0.12458243,BASN,AEO2026 Low Oil and Gas Supply
p21,2016,0.15420726,0.11376578999999999,0.09558011999999999,0.12458243,BASN,AEO2026 Low Oil and Gas Supply
p21,2017,0.15420726,0.11376578999999999,0.09558011999999999,0.12458243,BASN,AEO2026 Low Oil and Gas Supply
p21,2018,0.15420726,0.11376578999999999,0.09558011999999999,0.12458243,BASN,AEO2026 Low Oil and Gas Supply
p21,2019,0.15420726,0.11376578999999999,0.09558011999999999,0.12458243,BASN,AEO2026 Low Oil and Gas Supply
p21,2020,0.15420726,0.11376578999999999,0.09558011999999999,0.12458243,BASN,AEO2026 Low Oil and Gas Supply
p21,2021,0.15420726,0.11376578999999999,0.09558011999999999,0.12458243,BASN,AEO2026 Low Oil and Gas Supply
p21,2022,0.15420726,0.11376578999999999,0.09558011999999999,0.12458243,BASN,AEO2026 Low Oil and Gas Supply
p21,2023,0.15420726,0.11376578999999999,0.09558011999999999,0.12458243,BASN,AEO2026 Low Oil and Gas Supply
p21,2024,0.15420726,0.11376578999999999,0.09558011999999999,0.12458243,BASN,AEO2026 Low Oil and Gas Supply
p21,2025,0.15420726,0.11376578999999999,0.09558011999999999,0.12458243,BASN,AEO2026 Low Oil and Gas Supply
p21,2026,0.16419218000000002,0.12076589,0.10178228,0.13110005,BASN,AEO2026 Low Oil and Gas Supply
p21,2027,0.16966198,0.12385839000000001,0.10445819,0.13395534,BASN,AEO2026 Low Oil and Gas Supply
p21,2028,0.17831686000000002,0.13043389,0.110136,0.14084806,BASN,AEO2026 Low Oil and Gas Supply
p21,2029,0.18568574999999998,0.1361305,0.11472039,0.14695128999999998,BASN,AEO2026 Low Oil and Gas Supply
p21,2030,0.19189672000000002,0.14022376,0.11822955,0.15193549,BASN,AEO2026 Low Oil and Gas Supply
p21,2031,0.19739845,0.1438805,0.12140992,0.15585315,BASN,AEO2026 Low Oil and Gas Supply
p21,2032,0.20352432,0.14894297,0.12727755999999998,0.16053171,BASN,AEO2026 Low Oil and Gas Supply
p21,2033,0.21157911,0.15443816,0.1321188,0.16693401000000002,BASN,AEO2026 Low Oil and Gas Supply
p21,2034,0.21575474,0.1564607,0.13392335,0.16950304,BASN,AEO2026 Low Oil and Gas Supply
p21,2035,0.21995914,0.15883001,0.13642445,0.17205722999999998,BASN,AEO2026 Low Oil and Gas Supply
p21,2036,0.22707275,0.16372662,0.14141143,0.17691051000000002,BASN,AEO2026 Low Oil and Gas Supply
p21,2037,0.2344898,0.16823643,0.14525833999999999,0.182066,BASN,AEO2026 Low Oil and Gas Supply
p21,2038,0.24184364,0.17319298,0.14997028,0.18695297,BASN,AEO2026 Low Oil and Gas Supply
p21,2039,0.24907072,0.17761028,0.15393523,0.19179712,BASN,AEO2026 Low Oil and Gas Supply
p21,2040,0.25667149,0.18214576999999998,0.15742855,0.19578135,BASN,AEO2026 Low Oil and Gas Supply
p21,2041,0.26325562,0.18551258,0.16018809999999997,0.19949671,BASN,AEO2026 Low Oil and Gas Supply
p21,2042,0.26987432,0.18936041,0.16372177000000002,0.20319769000000001,BASN,AEO2026 Low Oil and Gas Supply
p21,2043,0.27735403000000003,0.19349903000000002,0.16707645,0.20771902,BASN,AEO2026 Low Oil and Gas Supply
p21,2044,0.28436638,0.19723461,0.16996136,0.21144324999999997,BASN,AEO2026 Low Oil and Gas Supply
p21,2045,0.29187221999999996,0.20129833000000003,0.17338405999999998,0.21560432,BASN,AEO2026 Low Oil and Gas Supply
p21,2046,0.29968653,0.20562066999999998,0.17705114,0.22004168,BASN,AEO2026 Low Oil and Gas Supply
p21,2047,0.30763651,0.20998007000000002,0.18071020000000002,0.22451648999999999,BASN,AEO2026 Low Oil and Gas Supply
p21,2048,0.31549606,0.21411041,0.1840369,0.22884823,BASN,AEO2026 Low Oil and Gas Supply
p21,2049,0.32322716,0.21817046999999998,0.18735634,0.23300501,BASN,AEO2026 Low Oil and Gas Supply
p21,2050,0.33126143999999996,0.22248954999999998,0.19092609,0.23743078,BASN,AEO2026 Low Oil and Gas Supply
p22,2014,0.12369368,0.09484026,0.0749386,0.09419313000000001,RMRG,AEO2026 Low Oil and Gas Supply
p22,2015,0.12369368,0.09484026,0.0749386,0.09419313000000001,RMRG,AEO2026 Low Oil and Gas Supply
p22,2016,0.12369368,0.09484026,0.0749386,0.09419313000000001,RMRG,AEO2026 Low Oil and Gas Supply
p22,2017,0.12369368,0.09484026,0.0749386,0.09419313000000001,RMRG,AEO2026 Low Oil and Gas Supply
p22,2018,0.12369368,0.09484026,0.0749386,0.09419313000000001,RMRG,AEO2026 Low Oil and Gas Supply
p22,2019,0.12369368,0.09484026,0.0749386,0.09419313000000001,RMRG,AEO2026 Low Oil and Gas Supply
p22,2020,0.12369368,0.09484026,0.0749386,0.09419313000000001,RMRG,AEO2026 Low Oil and Gas Supply
p22,2021,0.12369368,0.09484026,0.0749386,0.09419313000000001,RMRG,AEO2026 Low Oil and Gas Supply
p22,2022,0.12369368,0.09484026,0.0749386,0.09419313000000001,RMRG,AEO2026 Low Oil and Gas Supply
p22,2023,0.12369368,0.09484026,0.0749386,0.09419313000000001,RMRG,AEO2026 Low Oil and Gas Supply
p22,2024,0.12369368,0.09484026,0.0749386,0.09419313000000001,RMRG,AEO2026 Low Oil and Gas Supply
p22,2025,0.12369368,0.09484026,0.0749386,0.09419313000000001,RMRG,AEO2026 Low Oil and Gas Supply
p22,2026,0.12357708,0.0930136,0.07244151,0.09164080000000001,RMRG,AEO2026 Low Oil and Gas Supply
p22,2027,0.13436737,0.10185415,0.08165450999999999,0.10024994,RMRG,AEO2026 Low Oil and Gas Supply
p22,2028,0.14471548,0.1104506,0.08880959000000001,0.10899236,RMRG,AEO2026 Low Oil and Gas Supply
p22,2029,0.14911646,0.11354552,0.09133927,0.11210322,RMRG,AEO2026 Low Oil and Gas Supply
p22,2030,0.15597170999999999,0.11950946999999999,0.09781746,0.11802006999999999,RMRG,AEO2026 Low Oil and Gas Supply
p22,2031,0.16262661,0.12461176,0.10244592000000001,0.12338578,RMRG,AEO2026 Low Oil and Gas Supply
p22,2032,0.17591875,0.13761837,0.11673839,0.13623364000000002,RMRG,AEO2026 Low Oil and Gas Supply
p22,2033,0.18372668999999997,0.14270895,0.12024401,0.14217546,RMRG,AEO2026 Low Oil and Gas Supply
p22,2034,0.18600861,0.14338867,0.12113263,0.14318084,RMRG,AEO2026 Low Oil and Gas Supply
p22,2035,0.18895050000000002,0.14483790000000002,0.1228373,0.14485618,RMRG,AEO2026 Low Oil and Gas Supply
p22,2036,0.19357880000000002,0.14803779,0.12622416,0.1481438,RMRG,AEO2026 Low Oil and Gas Supply
p22,2037,0.19978168,0.15263455,0.13077447,0.15291962,RMRG,AEO2026 Low Oil and Gas Supply
p22,2038,0.20545794,0.15638522,0.13414372,0.15689493000000002,RMRG,AEO2026 Low Oil and Gas Supply
p22,2039,0.21132061,0.16035879,0.13795725,0.1608456,RMRG,AEO2026 Low Oil and Gas Supply
p22,2040,0.21881535,0.16579058,0.14320748,0.16626816000000003,RMRG,AEO2026 Low Oil and Gas Supply
p22,2041,0.22594947999999998,0.17037808999999998,0.14729931000000002,0.17098255,RMRG,AEO2026 Low Oil and Gas Supply
p22,2042,0.23230011,0.17441437,0.15097861,0.17499796,RMRG,AEO2026 Low Oil and Gas Supply
p22,2043,0.23824389,0.17777073000000002,0.15385888,0.17837776000000002,RMRG,AEO2026 Low Oil and Gas Supply
p22,2044,0.24466867,0.18173792,0.15745831000000002,0.18226978,RMRG,AEO2026 Low Oil and Gas Supply
p22,2045,0.25163971,0.18593972999999997,0.16114540000000002,0.18641973,RMRG,AEO2026 Low Oil and Gas Supply
p22,2046,0.25890635,0.19049645999999998,0.16521788,0.19086887,RMRG,AEO2026 Low Oil and Gas Supply
p22,2047,0.26591671,0.19462532,0.16874303999999998,0.19490431,RMRG,AEO2026 Low Oil and Gas Supply
p22,2048,0.27278027,0.19864189,0.17218222,0.1987837,RMRG,AEO2026 Low Oil and Gas Supply
p22,2049,0.27967486999999996,0.20257204,0.17547878,0.20257923000000003,RMRG,AEO2026 Low Oil and Gas Supply
p22,2050,0.28622667,0.20624578,0.17857561,0.20606405,RMRG,AEO2026 Low Oil and Gas Supply
p23,2014,0.12369368,0.09484026,0.0749386,0.09419313000000001,RMRG,AEO2026 Low Oil and Gas Supply
p23,2015,0.12369368,0.09484026,0.0749386,0.09419313000000001,RMRG,AEO2026 Low Oil and Gas Supply
p23,2016,0.12369368,0.09484026,0.0749386,0.09419313000000001,RMRG,AEO2026 Low Oil and Gas Supply
p23,2017,0.12369368,0.09484026,0.0749386,0.09419313000000001,RMRG,AEO2026 Low Oil and Gas Supply
p23,2018,0.12369368,0.09484026,0.0749386,0.09419313000000001,RMRG,AEO2026 Low Oil and Gas Supply
p23,2019,0.12369368,0.09484026,0.0749386,0.09419313000000001,RMRG,AEO2026 Low Oil and Gas Supply
p23,2020,0.12369368,0.09484026,0.0749386,0.09419313000000001,RMRG,AEO2026 Low Oil and Gas Supply
p23,2021,0.12369368,0.09484026,0.0749386,0.09419313000000001,RMRG,AEO2026 Low Oil and Gas Supply
p23,2022,0.12369368,0.09484026,0.0749386,0.09419313000000001,RMRG,AEO2026 Low Oil and Gas Supply
p23,2023,0.12369368,0.09484026,0.0749386,0.09419313000000001,RMRG,AEO2026 Low Oil and Gas Supply
p23,2024,0.12369368,0.09484026,0.0749386,0.09419313000000001,RMRG,AEO2026 Low Oil and Gas Supply
p23,2025,0.12369368,0.09484026,0.0749386,0.09419313000000001,RMRG,AEO2026 Low Oil and Gas Supply
p23,2026,0.12357708,0.0930136,0.07244151,0.09164080000000001,RMRG,AEO2026 Low Oil and Gas Supply
p23,2027,0.13436737,0.10185415,0.08165450999999999,0.10024994,RMRG,AEO2026 Low Oil and Gas Supply
p23,2028,0.14471548,0.1104506,0.08880959000000001,0.10899236,RMRG,AEO2026 Low Oil and Gas Supply
p23,2029,0.14911646,0.11354552,0.09133927,0.11210322,RMRG,AEO2026 Low Oil and Gas Supply
p23,2030,0.15597170999999999,0.11950946999999999,0.09781746,0.11802006999999999,RMRG,AEO2026 Low Oil and Gas Supply
p23,2031,0.16262661,0.12461176,0.10244592000000001,0.12338578,RMRG,AEO2026 Low Oil and Gas Supply
p23,2032,0.17591875,0.13761837,0.11673839,0.13623364000000002,RMRG,AEO2026 Low Oil and Gas Supply
p23,2033,0.18372668999999997,0.14270895,0.12024401,0.14217546,RMRG,AEO2026 Low Oil and Gas Supply
p23,2034,0.18600861,0.14338867,0.12113263,0.14318084,RMRG,AEO2026 Low Oil and Gas Supply
p23,2035,0.18895050000000002,0.14483790000000002,0.1228373,0.14485618,RMRG,AEO2026 Low Oil and Gas Supply
p23,2036,0.19357880000000002,0.14803779,0.12622416,0.1481438,RMRG,AEO2026 Low Oil and Gas Supply
p23,2037,0.19978168,0.15263455,0.13077447,0.15291962,RMRG,AEO2026 Low Oil and Gas Supply
p23,2038,0.20545794,0.15638522,0.13414372,0.15689493000000002,RMRG,AEO2026 Low Oil and Gas Supply
p23,2039,0.21132061,0.16035879,0.13795725,0.1608456,RMRG,AEO2026 Low Oil and Gas Supply
p23,2040,0.21881535,0.16579058,0.14320748,0.16626816000000003,RMRG,AEO2026 Low Oil and Gas Supply
p23,2041,0.22594947999999998,0.17037808999999998,0.14729931000000002,0.17098255,RMRG,AEO2026 Low Oil and Gas Supply
p23,2042,0.23230011,0.17441437,0.15097861,0.17499796,RMRG,AEO2026 Low Oil and Gas Supply
p23,2043,0.23824389,0.17777073000000002,0.15385888,0.17837776000000002,RMRG,AEO2026 Low Oil and Gas Supply
p23,2044,0.24466867,0.18173792,0.15745831000000002,0.18226978,RMRG,AEO2026 Low Oil and Gas Supply
p23,2045,0.25163971,0.18593972999999997,0.16114540000000002,0.18641973,RMRG,AEO2026 Low Oil and Gas Supply
p23,2046,0.25890635,0.19049645999999998,0.16521788,0.19086887,RMRG,AEO2026 Low Oil and Gas Supply
p23,2047,0.26591671,0.19462532,0.16874303999999998,0.19490431,RMRG,AEO2026 Low Oil and Gas Supply
p23,2048,0.27278027,0.19864189,0.17218222,0.1987837,RMRG,AEO2026 Low Oil and Gas Supply
p23,2049,0.27967486999999996,0.20257204,0.17547878,0.20257923000000003,RMRG,AEO2026 Low Oil and Gas Supply
p23,2050,0.28622667,0.20624578,0.17857561,0.20606405,RMRG,AEO2026 Low Oil and Gas Supply
p24,2014,0.12369368,0.09484026,0.0749386,0.09419313000000001,RMRG,AEO2026 Low Oil and Gas Supply
p24,2015,0.12369368,0.09484026,0.0749386,0.09419313000000001,RMRG,AEO2026 Low Oil and Gas Supply
p24,2016,0.12369368,0.09484026,0.0749386,0.09419313000000001,RMRG,AEO2026 Low Oil and Gas Supply
p24,2017,0.12369368,0.09484026,0.0749386,0.09419313000000001,RMRG,AEO2026 Low Oil and Gas Supply
p24,2018,0.12369368,0.09484026,0.0749386,0.09419313000000001,RMRG,AEO2026 Low Oil and Gas Supply
p24,2019,0.12369368,0.09484026,0.0749386,0.09419313000000001,RMRG,AEO2026 Low Oil and Gas Supply
p24,2020,0.12369368,0.09484026,0.0749386,0.09419313000000001,RMRG,AEO2026 Low Oil and Gas Supply
p24,2021,0.12369368,0.09484026,0.0749386,0.09419313000000001,RMRG,AEO2026 Low Oil and Gas Supply
p24,2022,0.12369368,0.09484026,0.0749386,0.09419313000000001,RMRG,AEO2026 Low Oil and Gas Supply
p24,2023,0.12369368,0.09484026,0.0749386,0.09419313000000001,RMRG,AEO2026 Low Oil and Gas Supply
p24,2024,0.12369368,0.09484026,0.0749386,0.09419313000000001,RMRG,AEO2026 Low Oil and Gas Supply
p24,2025,0.12369368,0.09484026,0.0749386,0.09419313000000001,RMRG,AEO2026 Low Oil and Gas Supply
p24,2026,0.12357708,0.0930136,0.07244151,0.09164080000000001,RMRG,AEO2026 Low Oil and Gas Supply
p24,2027,0.13436737,0.10185415,0.08165450999999999,0.10024994,RMRG,AEO2026 Low Oil and Gas Supply
p24,2028,0.14471548,0.1104506,0.08880959000000001,0.10899236,RMRG,AEO2026 Low Oil and Gas Supply
p24,2029,0.14911646,0.11354552,0.09133927,0.11210322,RMRG,AEO2026 Low Oil and Gas Supply
p24,2030,0.15597170999999999,0.11950946999999999,0.09781746,0.11802006999999999,RMRG,AEO2026 Low Oil and Gas Supply
p24,2031,0.16262661,0.12461176,0.10244592000000001,0.12338578,RMRG,AEO2026 Low Oil and Gas Supply
p24,2032,0.17591875,0.13761837,0.11673839,0.13623364000000002,RMRG,AEO2026 Low Oil and Gas Supply
p24,2033,0.18372668999999997,0.14270895,0.12024401,0.14217546,RMRG,AEO2026 Low Oil and Gas Supply
p24,2034,0.18600861,0.14338867,0.12113263,0.14318084,RMRG,AEO2026 Low Oil and Gas Supply
p24,2035,0.18895050000000002,0.14483790000000002,0.1228373,0.14485618,RMRG,AEO2026 Low Oil and Gas Supply
p24,2036,0.19357880000000002,0.14803779,0.12622416,0.1481438,RMRG,AEO2026 Low Oil and Gas Supply
p24,2037,0.19978168,0.15263455,0.13077447,0.15291962,RMRG,AEO2026 Low Oil and Gas Supply
p24,2038,0.20545794,0.15638522,0.13414372,0.15689493000000002,RMRG,AEO2026 Low Oil and Gas Supply
p24,2039,0.21132061,0.16035879,0.13795725,0.1608456,RMRG,AEO2026 Low Oil and Gas Supply
p24,2040,0.21881535,0.16579058,0.14320748,0.16626816000000003,RMRG,AEO2026 Low Oil and Gas Supply
p24,2041,0.22594947999999998,0.17037808999999998,0.14729931000000002,0.17098255,RMRG,AEO2026 Low Oil and Gas Supply
p24,2042,0.23230011,0.17441437,0.15097861,0.17499796,RMRG,AEO2026 Low Oil and Gas Supply
p24,2043,0.23824389,0.17777073000000002,0.15385888,0.17837776000000002,RMRG,AEO2026 Low Oil and Gas Supply
p24,2044,0.24466867,0.18173792,0.15745831000000002,0.18226978,RMRG,AEO2026 Low Oil and Gas Supply
p24,2045,0.25163971,0.18593972999999997,0.16114540000000002,0.18641973,RMRG,AEO2026 Low Oil and Gas Supply
p24,2046,0.25890635,0.19049645999999998,0.16521788,0.19086887,RMRG,AEO2026 Low Oil and Gas Supply
p24,2047,0.26591671,0.19462532,0.16874303999999998,0.19490431,RMRG,AEO2026 Low Oil and Gas Supply
p24,2048,0.27278027,0.19864189,0.17218222,0.1987837,RMRG,AEO2026 Low Oil and Gas Supply
p24,2049,0.27967486999999996,0.20257204,0.17547878,0.20257923000000003,RMRG,AEO2026 Low Oil and Gas Supply
p24,2050,0.28622667,0.20624578,0.17857561,0.20606405,RMRG,AEO2026 Low Oil and Gas Supply
p25,2014,0.15420726,0.11376578999999999,0.09558011999999999,0.12458243,BASN,AEO2026 Low Oil and Gas Supply
p25,2015,0.15420726,0.11376578999999999,0.09558011999999999,0.12458243,BASN,AEO2026 Low Oil and Gas Supply
p25,2016,0.15420726,0.11376578999999999,0.09558011999999999,0.12458243,BASN,AEO2026 Low Oil and Gas Supply
p25,2017,0.15420726,0.11376578999999999,0.09558011999999999,0.12458243,BASN,AEO2026 Low Oil and Gas Supply
p25,2018,0.15420726,0.11376578999999999,0.09558011999999999,0.12458243,BASN,AEO2026 Low Oil and Gas Supply
p25,2019,0.15420726,0.11376578999999999,0.09558011999999999,0.12458243,BASN,AEO2026 Low Oil and Gas Supply
p25,2020,0.15420726,0.11376578999999999,0.09558011999999999,0.12458243,BASN,AEO2026 Low Oil and Gas Supply
p25,2021,0.15420726,0.11376578999999999,0.09558011999999999,0.12458243,BASN,AEO2026 Low Oil and Gas Supply
p25,2022,0.15420726,0.11376578999999999,0.09558011999999999,0.12458243,BASN,AEO2026 Low Oil and Gas Supply
p25,2023,0.15420726,0.11376578999999999,0.09558011999999999,0.12458243,BASN,AEO2026 Low Oil and Gas Supply
p25,2024,0.15420726,0.11376578999999999,0.09558011999999999,0.12458243,BASN,AEO2026 Low Oil and Gas Supply
p25,2025,0.15420726,0.11376578999999999,0.09558011999999999,0.12458243,BASN,AEO2026 Low Oil and Gas Supply
p25,2026,0.16419218000000002,0.12076589,0.10178228,0.13110005,BASN,AEO2026 Low Oil and Gas Supply
p25,2027,0.16966198,0.12385839000000001,0.10445819,0.13395534,BASN,AEO2026 Low Oil and Gas Supply
p25,2028,0.17831686000000002,0.13043389,0.110136,0.14084806,BASN,AEO2026 Low Oil and Gas Supply
p25,2029,0.18568574999999998,0.1361305,0.11472039,0.14695128999999998,BASN,AEO2026 Low Oil and Gas Supply
p25,2030,0.19189672000000002,0.14022376,0.11822955,0.15193549,BASN,AEO2026 Low Oil and Gas Supply
p25,2031,0.19739845,0.1438805,0.12140992,0.15585315,BASN,AEO2026 Low Oil and Gas Supply
p25,2032,0.20352432,0.14894297,0.12727755999999998,0.16053171,BASN,AEO2026 Low Oil and Gas Supply
p25,2033,0.21157911,0.15443816,0.1321188,0.16693401000000002,BASN,AEO2026 Low Oil and Gas Supply
p25,2034,0.21575474,0.1564607,0.13392335,0.16950304,BASN,AEO2026 Low Oil and Gas Supply
p25,2035,0.21995914,0.15883001,0.13642445,0.17205722999999998,BASN,AEO2026 Low Oil and Gas Supply
p25,2036,0.22707275,0.16372662,0.14141143,0.17691051000000002,BASN,AEO2026 Low Oil and Gas Supply
p25,2037,0.2344898,0.16823643,0.14525833999999999,0.182066,BASN,AEO2026 Low Oil and Gas Supply
p25,2038,0.24184364,0.17319298,0.14997028,0.18695297,BASN,AEO2026 Low Oil and Gas Supply
p25,2039,0.24907072,0.17761028,0.15393523,0.19179712,BASN,AEO2026 Low Oil and Gas Supply
p25,2040,0.25667149,0.18214576999999998,0.15742855,0.19578135,BASN,AEO2026 Low Oil and Gas Supply
p25,2041,0.26325562,0.18551258,0.16018809999999997,0.19949671,BASN,AEO2026 Low Oil and Gas Supply
p25,2042,0.26987432,0.18936041,0.16372177000000002,0.20319769000000001,BASN,AEO2026 Low Oil and Gas Supply
p25,2043,0.27735403000000003,0.19349903000000002,0.16707645,0.20771902,BASN,AEO2026 Low Oil and Gas Supply
p25,2044,0.28436638,0.19723461,0.16996136,0.21144324999999997,BASN,AEO2026 Low Oil and Gas Supply
p25,2045,0.29187221999999996,0.20129833000000003,0.17338405999999998,0.21560432,BASN,AEO2026 Low Oil and Gas Supply
p25,2046,0.29968653,0.20562066999999998,0.17705114,0.22004168,BASN,AEO2026 Low Oil and Gas Supply
p25,2047,0.30763651,0.20998007000000002,0.18071020000000002,0.22451648999999999,BASN,AEO2026 Low Oil and Gas Supply
p25,2048,0.31549606,0.21411041,0.1840369,0.22884823,BASN,AEO2026 Low Oil and Gas Supply
p25,2049,0.32322716,0.21817046999999998,0.18735634,0.23300501,BASN,AEO2026 Low Oil and Gas Supply
p25,2050,0.33126143999999996,0.22248954999999998,0.19092609,0.23743078,BASN,AEO2026 Low Oil and Gas Supply
p26,2014,0.15420726,0.11376578999999999,0.09558011999999999,0.12458243,BASN,AEO2026 Low Oil and Gas Supply
p26,2015,0.15420726,0.11376578999999999,0.09558011999999999,0.12458243,BASN,AEO2026 Low Oil and Gas Supply
p26,2016,0.15420726,0.11376578999999999,0.09558011999999999,0.12458243,BASN,AEO2026 Low Oil and Gas Supply
p26,2017,0.15420726,0.11376578999999999,0.09558011999999999,0.12458243,BASN,AEO2026 Low Oil and Gas Supply
p26,2018,0.15420726,0.11376578999999999,0.09558011999999999,0.12458243,BASN,AEO2026 Low Oil and Gas Supply
p26,2019,0.15420726,0.11376578999999999,0.09558011999999999,0.12458243,BASN,AEO2026 Low Oil and Gas Supply
p26,2020,0.15420726,0.11376578999999999,0.09558011999999999,0.12458243,BASN,AEO2026 Low Oil and Gas Supply
p26,2021,0.15420726,0.11376578999999999,0.09558011999999999,0.12458243,BASN,AEO2026 Low Oil and Gas Supply
p26,2022,0.15420726,0.11376578999999999,0.09558011999999999,0.12458243,BASN,AEO2026 Low Oil and Gas Supply
p26,2023,0.15420726,0.11376578999999999,0.09558011999999999,0.12458243,BASN,AEO2026 Low Oil and Gas Supply
p26,2024,0.15420726,0.11376578999999999,0.09558011999999999,0.12458243,BASN,AEO2026 Low Oil and Gas Supply
p26,2025,0.15420726,0.11376578999999999,0.09558011999999999,0.12458243,BASN,AEO2026 Low Oil and Gas Supply
p26,2026,0.16419218000000002,0.12076589,0.10178228,0.13110005,BASN,AEO2026 Low Oil and Gas Supply
p26,2027,0.16966198,0.12385839000000001,0.10445819,0.13395534,BASN,AEO2026 Low Oil and Gas Supply
p26,2028,0.17831686000000002,0.13043389,0.110136,0.14084806,BASN,AEO2026 Low Oil and Gas Supply
p26,2029,0.18568574999999998,0.1361305,0.11472039,0.14695128999999998,BASN,AEO2026 Low Oil and Gas Supply
p26,2030,0.19189672000000002,0.14022376,0.11822955,0.15193549,BASN,AEO2026 Low Oil and Gas Supply
p26,2031,0.19739845,0.1438805,0.12140992,0.15585315,BASN,AEO2026 Low Oil and Gas Supply
p26,2032,0.20352432,0.14894297,0.12727755999999998,0.16053171,BASN,AEO2026 Low Oil and Gas Supply
p26,2033,0.21157911,0.15443816,0.1321188,0.16693401000000002,BASN,AEO2026 Low Oil and Gas Supply
p26,2034,0.21575474,0.1564607,0.13392335,0.16950304,BASN,AEO2026 Low Oil and Gas Supply
p26,2035,0.21995914,0.15883001,0.13642445,0.17205722999999998,BASN,AEO2026 Low Oil and Gas Supply
p26,2036,0.22707275,0.16372662,0.14141143,0.17691051000000002,BASN,AEO2026 Low Oil and Gas Supply
p26,2037,0.2344898,0.16823643,0.14525833999999999,0.182066,BASN,AEO2026 Low Oil and Gas Supply
p26,2038,0.24184364,0.17319298,0.14997028,0.18695297,BASN,AEO2026 Low Oil and Gas Supply
p26,2039,0.24907072,0.17761028,0.15393523,0.19179712,BASN,AEO2026 Low Oil and Gas Supply
p26,2040,0.25667149,0.18214576999999998,0.15742855,0.19578135,BASN,AEO2026 Low Oil and Gas Supply
p26,2041,0.26325562,0.18551258,0.16018809999999997,0.19949671,BASN,AEO2026 Low Oil and Gas Supply
p26,2042,0.26987432,0.18936041,0.16372177000000002,0.20319769000000001,BASN,AEO2026 Low Oil and Gas Supply
p26,2043,0.27735403000000003,0.19349903000000002,0.16707645,0.20771902,BASN,AEO2026 Low Oil and Gas Supply
p26,2044,0.28436638,0.19723461,0.16996136,0.21144324999999997,BASN,AEO2026 Low Oil and Gas Supply
p26,2045,0.29187221999999996,0.20129833000000003,0.17338405999999998,0.21560432,BASN,AEO2026 Low Oil and Gas Supply
p26,2046,0.29968653,0.20562066999999998,0.17705114,0.22004168,BASN,AEO2026 Low Oil and Gas Supply
p26,2047,0.30763651,0.20998007000000002,0.18071020000000002,0.22451648999999999,BASN,AEO2026 Low Oil and Gas Supply
p26,2048,0.31549606,0.21411041,0.1840369,0.22884823,BASN,AEO2026 Low Oil and Gas Supply
p26,2049,0.32322716,0.21817046999999998,0.18735634,0.23300501,BASN,AEO2026 Low Oil and Gas Supply
p26,2050,0.33126143999999996,0.22248954999999998,0.19092609,0.23743078,BASN,AEO2026 Low Oil and Gas Supply
p27,2014,0.15529811000000002,0.12543446,0.07673362,0.13464303,SRSG,AEO2026 Low Oil and Gas Supply
p27,2015,0.15529811000000002,0.12543446,0.07673362,0.13464303,SRSG,AEO2026 Low Oil and Gas Supply
p27,2016,0.15529811000000002,0.12543446,0.07673362,0.13464303,SRSG,AEO2026 Low Oil and Gas Supply
p27,2017,0.15529811000000002,0.12543446,0.07673362,0.13464303,SRSG,AEO2026 Low Oil and Gas Supply
p27,2018,0.15529811000000002,0.12543446,0.07673362,0.13464303,SRSG,AEO2026 Low Oil and Gas Supply
p27,2019,0.15529811000000002,0.12543446,0.07673362,0.13464303,SRSG,AEO2026 Low Oil and Gas Supply
p27,2020,0.15529811000000002,0.12543446,0.07673362,0.13464303,SRSG,AEO2026 Low Oil and Gas Supply
p27,2021,0.15529811000000002,0.12543446,0.07673362,0.13464303,SRSG,AEO2026 Low Oil and Gas Supply
p27,2022,0.15529811000000002,0.12543446,0.07673362,0.13464303,SRSG,AEO2026 Low Oil and Gas Supply
p27,2023,0.15529811000000002,0.12543446,0.07673362,0.13464303,SRSG,AEO2026 Low Oil and Gas Supply
p27,2024,0.15529811000000002,0.12543446,0.07673362,0.13464303,SRSG,AEO2026 Low Oil and Gas Supply
p27,2025,0.15529811000000002,0.12543446,0.07673362,0.13464303,SRSG,AEO2026 Low Oil and Gas Supply
p27,2026,0.16213627,0.1301182,0.07835028999999999,0.1386131,SRSG,AEO2026 Low Oil and Gas Supply
p27,2027,0.16477315999999997,0.13042303,0.07752123,0.13913835,SRSG,AEO2026 Low Oil and Gas Supply
p27,2028,0.16775321999999998,0.13263463,0.0784477,0.14079538,SRSG,AEO2026 Low Oil and Gas Supply
p27,2029,0.17266315,0.13654563,0.08023702,0.14457278,SRSG,AEO2026 Low Oil and Gas Supply
p27,2030,0.17636477,0.13913756,0.08125518,0.14736205,SRSG,AEO2026 Low Oil and Gas Supply
p27,2031,0.18134616999999997,0.14316781,0.08378959,0.15120231,SRSG,AEO2026 Low Oil and Gas Supply
p27,2032,0.18680983,0.14762307,0.08661012,0.15565511,SRSG,AEO2026 Low Oil and Gas Supply
p27,2033,0.19012709,0.14963305,0.08747804,0.15814384,SRSG,AEO2026 Low Oil and Gas Supply
p27,2034,0.19232106999999998,0.15045145,0.08782088,0.15932570000000001,SRSG,AEO2026 Low Oil and Gas Supply
p27,2035,0.19542835,0.15246524,0.08939246,0.16121860999999998,SRSG,AEO2026 Low Oil and Gas Supply
p27,2036,0.20104813,0.15680383,0.09275764,0.16533772,SRSG,AEO2026 Low Oil and Gas Supply
p27,2037,0.20986588,0.16403355,0.09794014000000001,0.17242735,SRSG,AEO2026 Low Oil and Gas Supply
p27,2038,0.21669671999999998,0.16892199000000002,0.10094924000000001,0.17776186,SRSG,AEO2026 Low Oil and Gas Supply
p27,2039,0.22261057,0.17311905,0.10385552,0.18193716,SRSG,AEO2026 Low Oil and Gas Supply
p27,2040,0.22876385,0.17719498,0.10639801,0.18617523,SRSG,AEO2026 Low Oil and Gas Supply
p27,2041,0.23382774,0.18017365999999999,0.10816395999999999,0.18934578,SRSG,AEO2026 Low Oil and Gas Supply
p27,2042,0.23883562000000003,0.1831477,0.10942044,0.19253836,SRSG,AEO2026 Low Oil and Gas Supply
p27,2043,0.24380427999999998,0.18605474,0.11074367,0.19554443,SRSG,AEO2026 Low Oil and Gas Supply
p27,2044,0.24921425,0.18939739,0.11244296000000001,0.19884892,SRSG,AEO2026 Low Oil and Gas Supply
p27,2045,0.25510964999999997,0.19299524,0.11449745,0.20249445000000002,SRSG,AEO2026 Low Oil and Gas Supply
p27,2046,0.26062466,0.19622576,0.11630582,0.20578854,SRSG,AEO2026 Low Oil and Gas Supply
p27,2047,0.26661366999999997,0.19994631,0.11855115,0.20944120000000002,SRSG,AEO2026 Low Oil and Gas Supply
p27,2048,0.27260721,0.20353432000000002,0.12059601,0.21308001000000001,SRSG,AEO2026 Low Oil and Gas Supply
p27,2049,0.27830328000000004,0.20696144,0.12226954,0.21664064,SRSG,AEO2026 Low Oil and Gas Supply
p27,2050,0.28445671,0.21075058,0.12456176,0.22036572,SRSG,AEO2026 Low Oil and Gas Supply
p28,2014,0.15529811000000002,0.12543446,0.07673362,0.13464303,SRSG,AEO2026 Low Oil and Gas Supply
p28,2015,0.15529811000000002,0.12543446,0.07673362,0.13464303,SRSG,AEO2026 Low Oil and Gas Supply
p28,2016,0.15529811000000002,0.12543446,0.07673362,0.13464303,SRSG,AEO2026 Low Oil and Gas Supply
p28,2017,0.15529811000000002,0.12543446,0.07673362,0.13464303,SRSG,AEO2026 Low Oil and Gas Supply
p28,2018,0.15529811000000002,0.12543446,0.07673362,0.13464303,SRSG,AEO2026 Low Oil and Gas Supply
p28,2019,0.15529811000000002,0.12543446,0.07673362,0.13464303,SRSG,AEO2026 Low Oil and Gas Supply
p28,2020,0.15529811000000002,0.12543446,0.07673362,0.13464303,SRSG,AEO2026 Low Oil and Gas Supply
p28,2021,0.15529811000000002,0.12543446,0.07673362,0.13464303,SRSG,AEO2026 Low Oil and Gas Supply
p28,2022,0.15529811000000002,0.12543446,0.07673362,0.13464303,SRSG,AEO2026 Low Oil and Gas Supply
p28,2023,0.15529811000000002,0.12543446,0.07673362,0.13464303,SRSG,AEO2026 Low Oil and Gas Supply
p28,2024,0.15529811000000002,0.12543446,0.07673362,0.13464303,SRSG,AEO2026 Low Oil and Gas Supply
p28,2025,0.15529811000000002,0.12543446,0.07673362,0.13464303,SRSG,AEO2026 Low Oil and Gas Supply
p28,2026,0.16213627,0.1301182,0.07835028999999999,0.1386131,SRSG,AEO2026 Low Oil and Gas Supply
p28,2027,0.16477315999999997,0.13042303,0.07752123,0.13913835,SRSG,AEO2026 Low Oil and Gas Supply
p28,2028,0.16775321999999998,0.13263463,0.0784477,0.14079538,SRSG,AEO2026 Low Oil and Gas Supply
p28,2029,0.17266315,0.13654563,0.08023702,0.14457278,SRSG,AEO2026 Low Oil and Gas Supply
p28,2030,0.17636477,0.13913756,0.08125518,0.14736205,SRSG,AEO2026 Low Oil and Gas Supply
p28,2031,0.18134616999999997,0.14316781,0.08378959,0.15120231,SRSG,AEO2026 Low Oil and Gas Supply
p28,2032,0.18680983,0.14762307,0.08661012,0.15565511,SRSG,AEO2026 Low Oil and Gas Supply
p28,2033,0.19012709,0.14963305,0.08747804,0.15814384,SRSG,AEO2026 Low Oil and Gas Supply
p28,2034,0.19232106999999998,0.15045145,0.08782088,0.15932570000000001,SRSG,AEO2026 Low Oil and Gas Supply
p28,2035,0.19542835,0.15246524,0.08939246,0.16121860999999998,SRSG,AEO2026 Low Oil and Gas Supply
p28,2036,0.20104813,0.15680383,0.09275764,0.16533772,SRSG,AEO2026 Low Oil and Gas Supply
p28,2037,0.20986588,0.16403355,0.09794014000000001,0.17242735,SRSG,AEO2026 Low Oil and Gas Supply
p28,2038,0.21669671999999998,0.16892199000000002,0.10094924000000001,0.17776186,SRSG,AEO2026 Low Oil and Gas Supply
p28,2039,0.22261057,0.17311905,0.10385552,0.18193716,SRSG,AEO2026 Low Oil and Gas Supply
p28,2040,0.22876385,0.17719498,0.10639801,0.18617523,SRSG,AEO2026 Low Oil and Gas Supply
p28,2041,0.23382774,0.18017365999999999,0.10816395999999999,0.18934578,SRSG,AEO2026 Low Oil and Gas Supply
p28,2042,0.23883562000000003,0.1831477,0.10942044,0.19253836,SRSG,AEO2026 Low Oil and Gas Supply
p28,2043,0.24380427999999998,0.18605474,0.11074367,0.19554443,SRSG,AEO2026 Low Oil and Gas Supply
p28,2044,0.24921425,0.18939739,0.11244296000000001,0.19884892,SRSG,AEO2026 Low Oil and Gas Supply
p28,2045,0.25510964999999997,0.19299524,0.11449745,0.20249445000000002,SRSG,AEO2026 Low Oil and Gas Supply
p28,2046,0.26062466,0.19622576,0.11630582,0.20578854,SRSG,AEO2026 Low Oil and Gas Supply
p28,2047,0.26661366999999997,0.19994631,0.11855115,0.20944120000000002,SRSG,AEO2026 Low Oil and Gas Supply
p28,2048,0.27260721,0.20353432000000002,0.12059601,0.21308001000000001,SRSG,AEO2026 Low Oil and Gas Supply
p28,2049,0.27830328000000004,0.20696144,0.12226954,0.21664064,SRSG,AEO2026 Low Oil and Gas Supply
p28,2050,0.28445671,0.21075058,0.12456176,0.22036572,SRSG,AEO2026 Low Oil and Gas Supply
p29,2014,0.15529811000000002,0.12543446,0.07673362,0.13464303,SRSG,AEO2026 Low Oil and Gas Supply
p29,2015,0.15529811000000002,0.12543446,0.07673362,0.13464303,SRSG,AEO2026 Low Oil and Gas Supply
p29,2016,0.15529811000000002,0.12543446,0.07673362,0.13464303,SRSG,AEO2026 Low Oil and Gas Supply
p29,2017,0.15529811000000002,0.12543446,0.07673362,0.13464303,SRSG,AEO2026 Low Oil and Gas Supply
p29,2018,0.15529811000000002,0.12543446,0.07673362,0.13464303,SRSG,AEO2026 Low Oil and Gas Supply
p29,2019,0.15529811000000002,0.12543446,0.07673362,0.13464303,SRSG,AEO2026 Low Oil and Gas Supply
p29,2020,0.15529811000000002,0.12543446,0.07673362,0.13464303,SRSG,AEO2026 Low Oil and Gas Supply
p29,2021,0.15529811000000002,0.12543446,0.07673362,0.13464303,SRSG,AEO2026 Low Oil and Gas Supply
p29,2022,0.15529811000000002,0.12543446,0.07673362,0.13464303,SRSG,AEO2026 Low Oil and Gas Supply
p29,2023,0.15529811000000002,0.12543446,0.07673362,0.13464303,SRSG,AEO2026 Low Oil and Gas Supply
p29,2024,0.15529811000000002,0.12543446,0.07673362,0.13464303,SRSG,AEO2026 Low Oil and Gas Supply
p29,2025,0.15529811000000002,0.12543446,0.07673362,0.13464303,SRSG,AEO2026 Low Oil and Gas Supply
p29,2026,0.16213627,0.1301182,0.07835028999999999,0.1386131,SRSG,AEO2026 Low Oil and Gas Supply
p29,2027,0.16477315999999997,0.13042303,0.07752123,0.13913835,SRSG,AEO2026 Low Oil and Gas Supply
p29,2028,0.16775321999999998,0.13263463,0.0784477,0.14079538,SRSG,AEO2026 Low Oil and Gas Supply
p29,2029,0.17266315,0.13654563,0.08023702,0.14457278,SRSG,AEO2026 Low Oil and Gas Supply
p29,2030,0.17636477,0.13913756,0.08125518,0.14736205,SRSG,AEO2026 Low Oil and Gas Supply
p29,2031,0.18134616999999997,0.14316781,0.08378959,0.15120231,SRSG,AEO2026 Low Oil and Gas Supply
p29,2032,0.18680983,0.14762307,0.08661012,0.15565511,SRSG,AEO2026 Low Oil and Gas Supply
p29,2033,0.19012709,0.14963305,0.08747804,0.15814384,SRSG,AEO2026 Low Oil and Gas Supply
p29,2034,0.19232106999999998,0.15045145,0.08782088,0.15932570000000001,SRSG,AEO2026 Low Oil and Gas Supply
p29,2035,0.19542835,0.15246524,0.08939246,0.16121860999999998,SRSG,AEO2026 Low Oil and Gas Supply
p29,2036,0.20104813,0.15680383,0.09275764,0.16533772,SRSG,AEO2026 Low Oil and Gas Supply
p29,2037,0.20986588,0.16403355,0.09794014000000001,0.17242735,SRSG,AEO2026 Low Oil and Gas Supply
p29,2038,0.21669671999999998,0.16892199000000002,0.10094924000000001,0.17776186,SRSG,AEO2026 Low Oil and Gas Supply
p29,2039,0.22261057,0.17311905,0.10385552,0.18193716,SRSG,AEO2026 Low Oil and Gas Supply
p29,2040,0.22876385,0.17719498,0.10639801,0.18617523,SRSG,AEO2026 Low Oil and Gas Supply
p29,2041,0.23382774,0.18017365999999999,0.10816395999999999,0.18934578,SRSG,AEO2026 Low Oil and Gas Supply
p29,2042,0.23883562000000003,0.1831477,0.10942044,0.19253836,SRSG,AEO2026 Low Oil and Gas Supply
p29,2043,0.24380427999999998,0.18605474,0.11074367,0.19554443,SRSG,AEO2026 Low Oil and Gas Supply
p29,2044,0.24921425,0.18939739,0.11244296000000001,0.19884892,SRSG,AEO2026 Low Oil and Gas Supply
p29,2045,0.25510964999999997,0.19299524,0.11449745,0.20249445000000002,SRSG,AEO2026 Low Oil and Gas Supply
p29,2046,0.26062466,0.19622576,0.11630582,0.20578854,SRSG,AEO2026 Low Oil and Gas Supply
p29,2047,0.26661366999999997,0.19994631,0.11855115,0.20944120000000002,SRSG,AEO2026 Low Oil and Gas Supply
p29,2048,0.27260721,0.20353432000000002,0.12059601,0.21308001000000001,SRSG,AEO2026 Low Oil and Gas Supply
p29,2049,0.27830328000000004,0.20696144,0.12226954,0.21664064,SRSG,AEO2026 Low Oil and Gas Supply
p29,2050,0.28445671,0.21075058,0.12456176,0.22036572,SRSG,AEO2026 Low Oil and Gas Supply
p30,2014,0.15529811000000002,0.12543446,0.07673362,0.13464303,SRSG,AEO2026 Low Oil and Gas Supply
p30,2015,0.15529811000000002,0.12543446,0.07673362,0.13464303,SRSG,AEO2026 Low Oil and Gas Supply
p30,2016,0.15529811000000002,0.12543446,0.07673362,0.13464303,SRSG,AEO2026 Low Oil and Gas Supply
p30,2017,0.15529811000000002,0.12543446,0.07673362,0.13464303,SRSG,AEO2026 Low Oil and Gas Supply
p30,2018,0.15529811000000002,0.12543446,0.07673362,0.13464303,SRSG,AEO2026 Low Oil and Gas Supply
p30,2019,0.15529811000000002,0.12543446,0.07673362,0.13464303,SRSG,AEO2026 Low Oil and Gas Supply
p30,2020,0.15529811000000002,0.12543446,0.07673362,0.13464303,SRSG,AEO2026 Low Oil and Gas Supply
p30,2021,0.15529811000000002,0.12543446,0.07673362,0.13464303,SRSG,AEO2026 Low Oil and Gas Supply
p30,2022,0.15529811000000002,0.12543446,0.07673362,0.13464303,SRSG,AEO2026 Low Oil and Gas Supply
p30,2023,0.15529811000000002,0.12543446,0.07673362,0.13464303,SRSG,AEO2026 Low Oil and Gas Supply
p30,2024,0.15529811000000002,0.12543446,0.07673362,0.13464303,SRSG,AEO2026 Low Oil and Gas Supply
p30,2025,0.15529811000000002,0.12543446,0.07673362,0.13464303,SRSG,AEO2026 Low Oil and Gas Supply
p30,2026,0.16213627,0.1301182,0.07835028999999999,0.1386131,SRSG,AEO2026 Low Oil and Gas Supply
p30,2027,0.16477315999999997,0.13042303,0.07752123,0.13913835,SRSG,AEO2026 Low Oil and Gas Supply
p30,2028,0.16775321999999998,0.13263463,0.0784477,0.14079538,SRSG,AEO2026 Low Oil and Gas Supply
p30,2029,0.17266315,0.13654563,0.08023702,0.14457278,SRSG,AEO2026 Low Oil and Gas Supply
p30,2030,0.17636477,0.13913756,0.08125518,0.14736205,SRSG,AEO2026 Low Oil and Gas Supply
p30,2031,0.18134616999999997,0.14316781,0.08378959,0.15120231,SRSG,AEO2026 Low Oil and Gas Supply
p30,2032,0.18680983,0.14762307,0.08661012,0.15565511,SRSG,AEO2026 Low Oil and Gas Supply
p30,2033,0.19012709,0.14963305,0.08747804,0.15814384,SRSG,AEO2026 Low Oil and Gas Supply
p30,2034,0.19232106999999998,0.15045145,0.08782088,0.15932570000000001,SRSG,AEO2026 Low Oil and Gas Supply
p30,2035,0.19542835,0.15246524,0.08939246,0.16121860999999998,SRSG,AEO2026 Low Oil and Gas Supply
p30,2036,0.20104813,0.15680383,0.09275764,0.16533772,SRSG,AEO2026 Low Oil and Gas Supply
p30,2037,0.20986588,0.16403355,0.09794014000000001,0.17242735,SRSG,AEO2026 Low Oil and Gas Supply
p30,2038,0.21669671999999998,0.16892199000000002,0.10094924000000001,0.17776186,SRSG,AEO2026 Low Oil and Gas Supply
p30,2039,0.22261057,0.17311905,0.10385552,0.18193716,SRSG,AEO2026 Low Oil and Gas Supply
p30,2040,0.22876385,0.17719498,0.10639801,0.18617523,SRSG,AEO2026 Low Oil and Gas Supply
p30,2041,0.23382774,0.18017365999999999,0.10816395999999999,0.18934578,SRSG,AEO2026 Low Oil and Gas Supply
p30,2042,0.23883562000000003,0.1831477,0.10942044,0.19253836,SRSG,AEO2026 Low Oil and Gas Supply
p30,2043,0.24380427999999998,0.18605474,0.11074367,0.19554443,SRSG,AEO2026 Low Oil and Gas Supply
p30,2044,0.24921425,0.18939739,0.11244296000000001,0.19884892,SRSG,AEO2026 Low Oil and Gas Supply
p30,2045,0.25510964999999997,0.19299524,0.11449745,0.20249445000000002,SRSG,AEO2026 Low Oil and Gas Supply
p30,2046,0.26062466,0.19622576,0.11630582,0.20578854,SRSG,AEO2026 Low Oil and Gas Supply
p30,2047,0.26661366999999997,0.19994631,0.11855115,0.20944120000000002,SRSG,AEO2026 Low Oil and Gas Supply
p30,2048,0.27260721,0.20353432000000002,0.12059601,0.21308001000000001,SRSG,AEO2026 Low Oil and Gas Supply
p30,2049,0.27830328000000004,0.20696144,0.12226954,0.21664064,SRSG,AEO2026 Low Oil and Gas Supply
p30,2050,0.28445671,0.21075058,0.12456176,0.22036572,SRSG,AEO2026 Low Oil and Gas Supply
p31,2014,0.15529811000000002,0.12543446,0.07673362,0.13464303,SRSG,AEO2026 Low Oil and Gas Supply
p31,2015,0.15529811000000002,0.12543446,0.07673362,0.13464303,SRSG,AEO2026 Low Oil and Gas Supply
p31,2016,0.15529811000000002,0.12543446,0.07673362,0.13464303,SRSG,AEO2026 Low Oil and Gas Supply
p31,2017,0.15529811000000002,0.12543446,0.07673362,0.13464303,SRSG,AEO2026 Low Oil and Gas Supply
p31,2018,0.15529811000000002,0.12543446,0.07673362,0.13464303,SRSG,AEO2026 Low Oil and Gas Supply
p31,2019,0.15529811000000002,0.12543446,0.07673362,0.13464303,SRSG,AEO2026 Low Oil and Gas Supply
p31,2020,0.15529811000000002,0.12543446,0.07673362,0.13464303,SRSG,AEO2026 Low Oil and Gas Supply
p31,2021,0.15529811000000002,0.12543446,0.07673362,0.13464303,SRSG,AEO2026 Low Oil and Gas Supply
p31,2022,0.15529811000000002,0.12543446,0.07673362,0.13464303,SRSG,AEO2026 Low Oil and Gas Supply
p31,2023,0.15529811000000002,0.12543446,0.07673362,0.13464303,SRSG,AEO2026 Low Oil and Gas Supply
p31,2024,0.15529811000000002,0.12543446,0.07673362,0.13464303,SRSG,AEO2026 Low Oil and Gas Supply
p31,2025,0.15529811000000002,0.12543446,0.07673362,0.13464303,SRSG,AEO2026 Low Oil and Gas Supply
p31,2026,0.16213627,0.1301182,0.07835028999999999,0.1386131,SRSG,AEO2026 Low Oil and Gas Supply
p31,2027,0.16477315999999997,0.13042303,0.07752123,0.13913835,SRSG,AEO2026 Low Oil and Gas Supply
p31,2028,0.16775321999999998,0.13263463,0.0784477,0.14079538,SRSG,AEO2026 Low Oil and Gas Supply
p31,2029,0.17266315,0.13654563,0.08023702,0.14457278,SRSG,AEO2026 Low Oil and Gas Supply
p31,2030,0.17636477,0.13913756,0.08125518,0.14736205,SRSG,AEO2026 Low Oil and Gas Supply
p31,2031,0.18134616999999997,0.14316781,0.08378959,0.15120231,SRSG,AEO2026 Low Oil and Gas Supply
p31,2032,0.18680983,0.14762307,0.08661012,0.15565511,SRSG,AEO2026 Low Oil and Gas Supply
p31,2033,0.19012709,0.14963305,0.08747804,0.15814384,SRSG,AEO2026 Low Oil and Gas Supply
p31,2034,0.19232106999999998,0.15045145,0.08782088,0.15932570000000001,SRSG,AEO2026 Low Oil and Gas Supply
p31,2035,0.19542835,0.15246524,0.08939246,0.16121860999999998,SRSG,AEO2026 Low Oil and Gas Supply
p31,2036,0.20104813,0.15680383,0.09275764,0.16533772,SRSG,AEO2026 Low Oil and Gas Supply
p31,2037,0.20986588,0.16403355,0.09794014000000001,0.17242735,SRSG,AEO2026 Low Oil and Gas Supply
p31,2038,0.21669671999999998,0.16892199000000002,0.10094924000000001,0.17776186,SRSG,AEO2026 Low Oil and Gas Supply
p31,2039,0.22261057,0.17311905,0.10385552,0.18193716,SRSG,AEO2026 Low Oil and Gas Supply
p31,2040,0.22876385,0.17719498,0.10639801,0.18617523,SRSG,AEO2026 Low Oil and Gas Supply
p31,2041,0.23382774,0.18017365999999999,0.10816395999999999,0.18934578,SRSG,AEO2026 Low Oil and Gas Supply
p31,2042,0.23883562000000003,0.1831477,0.10942044,0.19253836,SRSG,AEO2026 Low Oil and Gas Supply
p31,2043,0.24380427999999998,0.18605474,0.11074367,0.19554443,SRSG,AEO2026 Low Oil and Gas Supply
p31,2044,0.24921425,0.18939739,0.11244296000000001,0.19884892,SRSG,AEO2026 Low Oil and Gas Supply
p31,2045,0.25510964999999997,0.19299524,0.11449745,0.20249445000000002,SRSG,AEO2026 Low Oil and Gas Supply
p31,2046,0.26062466,0.19622576,0.11630582,0.20578854,SRSG,AEO2026 Low Oil and Gas Supply
p31,2047,0.26661366999999997,0.19994631,0.11855115,0.20944120000000002,SRSG,AEO2026 Low Oil and Gas Supply
p31,2048,0.27260721,0.20353432000000002,0.12059601,0.21308001000000001,SRSG,AEO2026 Low Oil and Gas Supply
p31,2049,0.27830328000000004,0.20696144,0.12226954,0.21664064,SRSG,AEO2026 Low Oil and Gas Supply
p31,2050,0.28445671,0.21075058,0.12456176,0.22036572,SRSG,AEO2026 Low Oil and Gas Supply
p32,2014,0.12369368,0.09484026,0.0749386,0.09419313000000001,RMRG,AEO2026 Low Oil and Gas Supply
p32,2015,0.12369368,0.09484026,0.0749386,0.09419313000000001,RMRG,AEO2026 Low Oil and Gas Supply
p32,2016,0.12369368,0.09484026,0.0749386,0.09419313000000001,RMRG,AEO2026 Low Oil and Gas Supply
p32,2017,0.12369368,0.09484026,0.0749386,0.09419313000000001,RMRG,AEO2026 Low Oil and Gas Supply
p32,2018,0.12369368,0.09484026,0.0749386,0.09419313000000001,RMRG,AEO2026 Low Oil and Gas Supply
p32,2019,0.12369368,0.09484026,0.0749386,0.09419313000000001,RMRG,AEO2026 Low Oil and Gas Supply
p32,2020,0.12369368,0.09484026,0.0749386,0.09419313000000001,RMRG,AEO2026 Low Oil and Gas Supply
p32,2021,0.12369368,0.09484026,0.0749386,0.09419313000000001,RMRG,AEO2026 Low Oil and Gas Supply
p32,2022,0.12369368,0.09484026,0.0749386,0.09419313000000001,RMRG,AEO2026 Low Oil and Gas Supply
p32,2023,0.12369368,0.09484026,0.0749386,0.09419313000000001,RMRG,AEO2026 Low Oil and Gas Supply
p32,2024,0.12369368,0.09484026,0.0749386,0.09419313000000001,RMRG,AEO2026 Low Oil and Gas Supply
p32,2025,0.12369368,0.09484026,0.0749386,0.09419313000000001,RMRG,AEO2026 Low Oil and Gas Supply
p32,2026,0.12357708,0.0930136,0.07244151,0.09164080000000001,RMRG,AEO2026 Low Oil and Gas Supply
p32,2027,0.13436737,0.10185415,0.08165450999999999,0.10024994,RMRG,AEO2026 Low Oil and Gas Supply
p32,2028,0.14471548,0.1104506,0.08880959000000001,0.10899236,RMRG,AEO2026 Low Oil and Gas Supply
p32,2029,0.14911646,0.11354552,0.09133927,0.11210322,RMRG,AEO2026 Low Oil and Gas Supply
p32,2030,0.15597170999999999,0.11950946999999999,0.09781746,0.11802006999999999,RMRG,AEO2026 Low Oil and Gas Supply
p32,2031,0.16262661,0.12461176,0.10244592000000001,0.12338578,RMRG,AEO2026 Low Oil and Gas Supply
p32,2032,0.17591875,0.13761837,0.11673839,0.13623364000000002,RMRG,AEO2026 Low Oil and Gas Supply
p32,2033,0.18372668999999997,0.14270895,0.12024401,0.14217546,RMRG,AEO2026 Low Oil and Gas Supply
p32,2034,0.18600861,0.14338867,0.12113263,0.14318084,RMRG,AEO2026 Low Oil and Gas Supply
p32,2035,0.18895050000000002,0.14483790000000002,0.1228373,0.14485618,RMRG,AEO2026 Low Oil and Gas Supply
p32,2036,0.19357880000000002,0.14803779,0.12622416,0.1481438,RMRG,AEO2026 Low Oil and Gas Supply
p32,2037,0.19978168,0.15263455,0.13077447,0.15291962,RMRG,AEO2026 Low Oil and Gas Supply
p32,2038,0.20545794,0.15638522,0.13414372,0.15689493000000002,RMRG,AEO2026 Low Oil and Gas Supply
p32,2039,0.21132061,0.16035879,0.13795725,0.1608456,RMRG,AEO2026 Low Oil and Gas Supply
p32,2040,0.21881535,0.16579058,0.14320748,0.16626816000000003,RMRG,AEO2026 Low Oil and Gas Supply
p32,2041,0.22594947999999998,0.17037808999999998,0.14729931000000002,0.17098255,RMRG,AEO2026 Low Oil and Gas Supply
p32,2042,0.23230011,0.17441437,0.15097861,0.17499796,RMRG,AEO2026 Low Oil and Gas Supply
p32,2043,0.23824389,0.17777073000000002,0.15385888,0.17837776000000002,RMRG,AEO2026 Low Oil and Gas Supply
p32,2044,0.24466867,0.18173792,0.15745831000000002,0.18226978,RMRG,AEO2026 Low Oil and Gas Supply
p32,2045,0.25163971,0.18593972999999997,0.16114540000000002,0.18641973,RMRG,AEO2026 Low Oil and Gas Supply
p32,2046,0.25890635,0.19049645999999998,0.16521788,0.19086887,RMRG,AEO2026 Low Oil and Gas Supply
p32,2047,0.26591671,0.19462532,0.16874303999999998,0.19490431,RMRG,AEO2026 Low Oil and Gas Supply
p32,2048,0.27278027,0.19864189,0.17218222,0.1987837,RMRG,AEO2026 Low Oil and Gas Supply
p32,2049,0.27967486999999996,0.20257204,0.17547878,0.20257923000000003,RMRG,AEO2026 Low Oil and Gas Supply
p32,2050,0.28622667,0.20624578,0.17857561,0.20606405,RMRG,AEO2026 Low Oil and Gas Supply
p33,2014,0.12369368,0.09484026,0.0749386,0.09419313000000001,RMRG,AEO2026 Low Oil and Gas Supply
p33,2015,0.12369368,0.09484026,0.0749386,0.09419313000000001,RMRG,AEO2026 Low Oil and Gas Supply
p33,2016,0.12369368,0.09484026,0.0749386,0.09419313000000001,RMRG,AEO2026 Low Oil and Gas Supply
p33,2017,0.12369368,0.09484026,0.0749386,0.09419313000000001,RMRG,AEO2026 Low Oil and Gas Supply
p33,2018,0.12369368,0.09484026,0.0749386,0.09419313000000001,RMRG,AEO2026 Low Oil and Gas Supply
p33,2019,0.12369368,0.09484026,0.0749386,0.09419313000000001,RMRG,AEO2026 Low Oil and Gas Supply
p33,2020,0.12369368,0.09484026,0.0749386,0.09419313000000001,RMRG,AEO2026 Low Oil and Gas Supply
p33,2021,0.12369368,0.09484026,0.0749386,0.09419313000000001,RMRG,AEO2026 Low Oil and Gas Supply
p33,2022,0.12369368,0.09484026,0.0749386,0.09419313000000001,RMRG,AEO2026 Low Oil and Gas Supply
p33,2023,0.12369368,0.09484026,0.0749386,0.09419313000000001,RMRG,AEO2026 Low Oil and Gas Supply
p33,2024,0.12369368,0.09484026,0.0749386,0.09419313000000001,RMRG,AEO2026 Low Oil and Gas Supply
p33,2025,0.12369368,0.09484026,0.0749386,0.09419313000000001,RMRG,AEO2026 Low Oil and Gas Supply
p33,2026,0.12357708,0.0930136,0.07244151,0.09164080000000001,RMRG,AEO2026 Low Oil and Gas Supply
p33,2027,0.13436737,0.10185415,0.08165450999999999,0.10024994,RMRG,AEO2026 Low Oil and Gas Supply
p33,2028,0.14471548,0.1104506,0.08880959000000001,0.10899236,RMRG,AEO2026 Low Oil and Gas Supply
p33,2029,0.14911646,0.11354552,0.09133927,0.11210322,RMRG,AEO2026 Low Oil and Gas Supply
p33,2030,0.15597170999999999,0.11950946999999999,0.09781746,0.11802006999999999,RMRG,AEO2026 Low Oil and Gas Supply
p33,2031,0.16262661,0.12461176,0.10244592000000001,0.12338578,RMRG,AEO2026 Low Oil and Gas Supply
p33,2032,0.17591875,0.13761837,0.11673839,0.13623364000000002,RMRG,AEO2026 Low Oil and Gas Supply
p33,2033,0.18372668999999997,0.14270895,0.12024401,0.14217546,RMRG,AEO2026 Low Oil and Gas Supply
p33,2034,0.18600861,0.14338867,0.12113263,0.14318084,RMRG,AEO2026 Low Oil and Gas Supply
p33,2035,0.18895050000000002,0.14483790000000002,0.1228373,0.14485618,RMRG,AEO2026 Low Oil and Gas Supply
p33,2036,0.19357880000000002,0.14803779,0.12622416,0.1481438,RMRG,AEO2026 Low Oil and Gas Supply
p33,2037,0.19978168,0.15263455,0.13077447,0.15291962,RMRG,AEO2026 Low Oil and Gas Supply
p33,2038,0.20545794,0.15638522,0.13414372,0.15689493000000002,RMRG,AEO2026 Low Oil and Gas Supply
p33,2039,0.21132061,0.16035879,0.13795725,0.1608456,RMRG,AEO2026 Low Oil and Gas Supply
p33,2040,0.21881535,0.16579058,0.14320748,0.16626816000000003,RMRG,AEO2026 Low Oil and Gas Supply
p33,2041,0.22594947999999998,0.17037808999999998,0.14729931000000002,0.17098255,RMRG,AEO2026 Low Oil and Gas Supply
p33,2042,0.23230011,0.17441437,0.15097861,0.17499796,RMRG,AEO2026 Low Oil and Gas Supply
p33,2043,0.23824389,0.17777073000000002,0.15385888,0.17837776000000002,RMRG,AEO2026 Low Oil and Gas Supply
p33,2044,0.24466867,0.18173792,0.15745831000000002,0.18226978,RMRG,AEO2026 Low Oil and Gas Supply
p33,2045,0.25163971,0.18593972999999997,0.16114540000000002,0.18641973,RMRG,AEO2026 Low Oil and Gas Supply
p33,2046,0.25890635,0.19049645999999998,0.16521788,0.19086887,RMRG,AEO2026 Low Oil and Gas Supply
p33,2047,0.26591671,0.19462532,0.16874303999999998,0.19490431,RMRG,AEO2026 Low Oil and Gas Supply
p33,2048,0.27278027,0.19864189,0.17218222,0.1987837,RMRG,AEO2026 Low Oil and Gas Supply
p33,2049,0.27967486999999996,0.20257204,0.17547878,0.20257923000000003,RMRG,AEO2026 Low Oil and Gas Supply
p33,2050,0.28622667,0.20624578,0.17857561,0.20606405,RMRG,AEO2026 Low Oil and Gas Supply
p34,2014,0.12369368,0.09484026,0.0749386,0.09419313000000001,RMRG,AEO2026 Low Oil and Gas Supply
p34,2015,0.12369368,0.09484026,0.0749386,0.09419313000000001,RMRG,AEO2026 Low Oil and Gas Supply
p34,2016,0.12369368,0.09484026,0.0749386,0.09419313000000001,RMRG,AEO2026 Low Oil and Gas Supply
p34,2017,0.12369368,0.09484026,0.0749386,0.09419313000000001,RMRG,AEO2026 Low Oil and Gas Supply
p34,2018,0.12369368,0.09484026,0.0749386,0.09419313000000001,RMRG,AEO2026 Low Oil and Gas Supply
p34,2019,0.12369368,0.09484026,0.0749386,0.09419313000000001,RMRG,AEO2026 Low Oil and Gas Supply
p34,2020,0.12369368,0.09484026,0.0749386,0.09419313000000001,RMRG,AEO2026 Low Oil and Gas Supply
p34,2021,0.12369368,0.09484026,0.0749386,0.09419313000000001,RMRG,AEO2026 Low Oil and Gas Supply
p34,2022,0.12369368,0.09484026,0.0749386,0.09419313000000001,RMRG,AEO2026 Low Oil and Gas Supply
p34,2023,0.12369368,0.09484026,0.0749386,0.09419313000000001,RMRG,AEO2026 Low Oil and Gas Supply
p34,2024,0.12369368,0.09484026,0.0749386,0.09419313000000001,RMRG,AEO2026 Low Oil and Gas Supply
p34,2025,0.12369368,0.09484026,0.0749386,0.09419313000000001,RMRG,AEO2026 Low Oil and Gas Supply
p34,2026,0.12357708,0.0930136,0.07244151,0.09164080000000001,RMRG,AEO2026 Low Oil and Gas Supply
p34,2027,0.13436737,0.10185415,0.08165450999999999,0.10024994,RMRG,AEO2026 Low Oil and Gas Supply
p34,2028,0.14471548,0.1104506,0.08880959000000001,0.10899236,RMRG,AEO2026 Low Oil and Gas Supply
p34,2029,0.14911646,0.11354552,0.09133927,0.11210322,RMRG,AEO2026 Low Oil and Gas Supply
p34,2030,0.15597170999999999,0.11950946999999999,0.09781746,0.11802006999999999,RMRG,AEO2026 Low Oil and Gas Supply
p34,2031,0.16262661,0.12461176,0.10244592000000001,0.12338578,RMRG,AEO2026 Low Oil and Gas Supply
p34,2032,0.17591875,0.13761837,0.11673839,0.13623364000000002,RMRG,AEO2026 Low Oil and Gas Supply
p34,2033,0.18372668999999997,0.14270895,0.12024401,0.14217546,RMRG,AEO2026 Low Oil and Gas Supply
p34,2034,0.18600861,0.14338867,0.12113263,0.14318084,RMRG,AEO2026 Low Oil and Gas Supply
p34,2035,0.18895050000000002,0.14483790000000002,0.1228373,0.14485618,RMRG,AEO2026 Low Oil and Gas Supply
p34,2036,0.19357880000000002,0.14803779,0.12622416,0.1481438,RMRG,AEO2026 Low Oil and Gas Supply
p34,2037,0.19978168,0.15263455,0.13077447,0.15291962,RMRG,AEO2026 Low Oil and Gas Supply
p34,2038,0.20545794,0.15638522,0.13414372,0.15689493000000002,RMRG,AEO2026 Low Oil and Gas Supply
p34,2039,0.21132061,0.16035879,0.13795725,0.1608456,RMRG,AEO2026 Low Oil and Gas Supply
p34,2040,0.21881535,0.16579058,0.14320748,0.16626816000000003,RMRG,AEO2026 Low Oil and Gas Supply
p34,2041,0.22594947999999998,0.17037808999999998,0.14729931000000002,0.17098255,RMRG,AEO2026 Low Oil and Gas Supply
p34,2042,0.23230011,0.17441437,0.15097861,0.17499796,RMRG,AEO2026 Low Oil and Gas Supply
p34,2043,0.23824389,0.17777073000000002,0.15385888,0.17837776000000002,RMRG,AEO2026 Low Oil and Gas Supply
p34,2044,0.24466867,0.18173792,0.15745831000000002,0.18226978,RMRG,AEO2026 Low Oil and Gas Supply
p34,2045,0.25163971,0.18593972999999997,0.16114540000000002,0.18641973,RMRG,AEO2026 Low Oil and Gas Supply
p34,2046,0.25890635,0.19049645999999998,0.16521788,0.19086887,RMRG,AEO2026 Low Oil and Gas Supply
p34,2047,0.26591671,0.19462532,0.16874303999999998,0.19490431,RMRG,AEO2026 Low Oil and Gas Supply
p34,2048,0.27278027,0.19864189,0.17218222,0.1987837,RMRG,AEO2026 Low Oil and Gas Supply
p34,2049,0.27967486999999996,0.20257204,0.17547878,0.20257923000000003,RMRG,AEO2026 Low Oil and Gas Supply
p34,2050,0.28622667,0.20624578,0.17857561,0.20606405,RMRG,AEO2026 Low Oil and Gas Supply
p35,2014,0.1081319,0.08005388,0.07116497,0.09153286,SPPN,AEO2026 Low Oil and Gas Supply
p35,2015,0.1081319,0.08005388,0.07116497,0.09153286,SPPN,AEO2026 Low Oil and Gas Supply
p35,2016,0.1081319,0.08005388,0.07116497,0.09153286,SPPN,AEO2026 Low Oil and Gas Supply
p35,2017,0.1081319,0.08005388,0.07116497,0.09153286,SPPN,AEO2026 Low Oil and Gas Supply
p35,2018,0.1081319,0.08005388,0.07116497,0.09153286,SPPN,AEO2026 Low Oil and Gas Supply
p35,2019,0.1081319,0.08005388,0.07116497,0.09153286,SPPN,AEO2026 Low Oil and Gas Supply
p35,2020,0.1081319,0.08005388,0.07116497,0.09153286,SPPN,AEO2026 Low Oil and Gas Supply
p35,2021,0.1081319,0.08005388,0.07116497,0.09153286,SPPN,AEO2026 Low Oil and Gas Supply
p35,2022,0.1081319,0.08005388,0.07116497,0.09153286,SPPN,AEO2026 Low Oil and Gas Supply
p35,2023,0.1081319,0.08005388,0.07116497,0.09153286,SPPN,AEO2026 Low Oil and Gas Supply
p35,2024,0.1081319,0.08005388,0.07116497,0.09153286,SPPN,AEO2026 Low Oil and Gas Supply
p35,2025,0.1081319,0.08005388,0.07116497,0.09153286,SPPN,AEO2026 Low Oil and Gas Supply
p35,2026,0.11196759,0.08351953,0.07431017,0.09547280000000001,SPPN,AEO2026 Low Oil and Gas Supply
p35,2027,0.11238091,0.08221635,0.0720952,0.09396249,SPPN,AEO2026 Low Oil and Gas Supply
p35,2028,0.11443718,0.08363733,0.07299284,0.09538782,SPPN,AEO2026 Low Oil and Gas Supply
p35,2029,0.12002477,0.08798831,0.07689729,0.1000494,SPPN,AEO2026 Low Oil and Gas Supply
p35,2030,0.12498685,0.09179527999999999,0.07982044,0.10456958999999999,SPPN,AEO2026 Low Oil and Gas Supply
p35,2031,0.13229714,0.09732608000000001,0.08500595999999999,0.11107677,SPPN,AEO2026 Low Oil and Gas Supply
p35,2032,0.14470063,0.10669752,0.09545578,0.12135183,SPPN,AEO2026 Low Oil and Gas Supply
p35,2033,0.15095423,0.11108216,0.09981885,0.12655596,SPPN,AEO2026 Low Oil and Gas Supply
p35,2034,0.15663679,0.11481614000000001,0.10393775,0.13109965,SPPN,AEO2026 Low Oil and Gas Supply
p35,2035,0.16484537,0.12064345,0.11034401,0.13782393,SPPN,AEO2026 Low Oil and Gas Supply
p35,2036,0.16986626000000002,0.12380569,0.11361490999999999,0.14176424,SPPN,AEO2026 Low Oil and Gas Supply
p35,2037,0.17463345,0.12673253,0.11678801,0.14524455,SPPN,AEO2026 Low Oil and Gas Supply
p35,2038,0.18039822,0.13047001,0.12080093,0.14961093,SPPN,AEO2026 Low Oil and Gas Supply
p35,2039,0.19638994,0.14266559,0.1341872,0.16272848,SPPN,AEO2026 Low Oil and Gas Supply
p35,2040,0.20207144,0.14651708,0.13753911,0.16750233,SPPN,AEO2026 Low Oil and Gas Supply
p35,2041,0.20577393,0.14842626,0.13940322,0.16978947000000003,SPPN,AEO2026 Low Oil and Gas Supply
p35,2042,0.21600294,0.15589449,0.14730947,0.17788307,SPPN,AEO2026 Low Oil and Gas Supply
p35,2043,0.22159626,0.15966454,0.15073494,0.18228128000000002,SPPN,AEO2026 Low Oil and Gas Supply
p35,2044,0.22576742,0.16221863,0.15303379,0.18520136,SPPN,AEO2026 Low Oil and Gas Supply
p35,2045,0.22967604000000003,0.16441353,0.155084,0.18758768,SPPN,AEO2026 Low Oil and Gas Supply
p35,2046,0.23398661,0.16694309000000002,0.1575773,0.19025572000000002,SPPN,AEO2026 Low Oil and Gas Supply
p35,2047,0.23871193000000002,0.16981937,0.16025846000000002,0.19342231999999998,SPPN,AEO2026 Low Oil and Gas Supply
p35,2048,0.24336092,0.17263161,0.16291302000000002,0.19647703,SPPN,AEO2026 Low Oil and Gas Supply
p35,2049,0.24884747000000002,0.17612901999999997,0.16617336000000002,0.20038252,SPPN,AEO2026 Low Oil and Gas Supply
p35,2050,0.25405254,0.17943518,0.16919119,0.2041036,SPPN,AEO2026 Low Oil and Gas Supply
p36,2014,0.1081319,0.08005388,0.07116497,0.09153286,SPPN,AEO2026 Low Oil and Gas Supply
p36,2015,0.1081319,0.08005388,0.07116497,0.09153286,SPPN,AEO2026 Low Oil and Gas Supply
p36,2016,0.1081319,0.08005388,0.07116497,0.09153286,SPPN,AEO2026 Low Oil and Gas Supply
p36,2017,0.1081319,0.08005388,0.07116497,0.09153286,SPPN,AEO2026 Low Oil and Gas Supply
p36,2018,0.1081319,0.08005388,0.07116497,0.09153286,SPPN,AEO2026 Low Oil and Gas Supply
p36,2019,0.1081319,0.08005388,0.07116497,0.09153286,SPPN,AEO2026 Low Oil and Gas Supply
p36,2020,0.1081319,0.08005388,0.07116497,0.09153286,SPPN,AEO2026 Low Oil and Gas Supply
p36,2021,0.1081319,0.08005388,0.07116497,0.09153286,SPPN,AEO2026 Low Oil and Gas Supply
p36,2022,0.1081319,0.08005388,0.07116497,0.09153286,SPPN,AEO2026 Low Oil and Gas Supply
p36,2023,0.1081319,0.08005388,0.07116497,0.09153286,SPPN,AEO2026 Low Oil and Gas Supply
p36,2024,0.1081319,0.08005388,0.07116497,0.09153286,SPPN,AEO2026 Low Oil and Gas Supply
p36,2025,0.1081319,0.08005388,0.07116497,0.09153286,SPPN,AEO2026 Low Oil and Gas Supply
p36,2026,0.11196759,0.08351953,0.07431017,0.09547280000000001,SPPN,AEO2026 Low Oil and Gas Supply
p36,2027,0.11238091,0.08221635,0.0720952,0.09396249,SPPN,AEO2026 Low Oil and Gas Supply
p36,2028,0.11443718,0.08363733,0.07299284,0.09538782,SPPN,AEO2026 Low Oil and Gas Supply
p36,2029,0.12002477,0.08798831,0.07689729,0.1000494,SPPN,AEO2026 Low Oil and Gas Supply
p36,2030,0.12498685,0.09179527999999999,0.07982044,0.10456958999999999,SPPN,AEO2026 Low Oil and Gas Supply
p36,2031,0.13229714,0.09732608000000001,0.08500595999999999,0.11107677,SPPN,AEO2026 Low Oil and Gas Supply
p36,2032,0.14470063,0.10669752,0.09545578,0.12135183,SPPN,AEO2026 Low Oil and Gas Supply
p36,2033,0.15095423,0.11108216,0.09981885,0.12655596,SPPN,AEO2026 Low Oil and Gas Supply
p36,2034,0.15663679,0.11481614000000001,0.10393775,0.13109965,SPPN,AEO2026 Low Oil and Gas Supply
p36,2035,0.16484537,0.12064345,0.11034401,0.13782393,SPPN,AEO2026 Low Oil and Gas Supply
p36,2036,0.16986626000000002,0.12380569,0.11361490999999999,0.14176424,SPPN,AEO2026 Low Oil and Gas Supply
p36,2037,0.17463345,0.12673253,0.11678801,0.14524455,SPPN,AEO2026 Low Oil and Gas Supply
p36,2038,0.18039822,0.13047001,0.12080093,0.14961093,SPPN,AEO2026 Low Oil and Gas Supply
p36,2039,0.19638994,0.14266559,0.1341872,0.16272848,SPPN,AEO2026 Low Oil and Gas Supply
p36,2040,0.20207144,0.14651708,0.13753911,0.16750233,SPPN,AEO2026 Low Oil and Gas Supply
p36,2041,0.20577393,0.14842626,0.13940322,0.16978947000000003,SPPN,AEO2026 Low Oil and Gas Supply
p36,2042,0.21600294,0.15589449,0.14730947,0.17788307,SPPN,AEO2026 Low Oil and Gas Supply
p36,2043,0.22159626,0.15966454,0.15073494,0.18228128000000002,SPPN,AEO2026 Low Oil and Gas Supply
p36,2044,0.22576742,0.16221863,0.15303379,0.18520136,SPPN,AEO2026 Low Oil and Gas Supply
p36,2045,0.22967604000000003,0.16441353,0.155084,0.18758768,SPPN,AEO2026 Low Oil and Gas Supply
p36,2046,0.23398661,0.16694309000000002,0.1575773,0.19025572000000002,SPPN,AEO2026 Low Oil and Gas Supply
p36,2047,0.23871193000000002,0.16981937,0.16025846000000002,0.19342231999999998,SPPN,AEO2026 Low Oil and Gas Supply
p36,2048,0.24336092,0.17263161,0.16291302000000002,0.19647703,SPPN,AEO2026 Low Oil and Gas Supply
p36,2049,0.24884747000000002,0.17612901999999997,0.16617336000000002,0.20038252,SPPN,AEO2026 Low Oil and Gas Supply
p36,2050,0.25405254,0.17943518,0.16919119,0.2041036,SPPN,AEO2026 Low Oil and Gas Supply
p37,2014,0.1081319,0.08005388,0.07116497,0.09153286,SPPN,AEO2026 Low Oil and Gas Supply
p37,2015,0.1081319,0.08005388,0.07116497,0.09153286,SPPN,AEO2026 Low Oil and Gas Supply
p37,2016,0.1081319,0.08005388,0.07116497,0.09153286,SPPN,AEO2026 Low Oil and Gas Supply
p37,2017,0.1081319,0.08005388,0.07116497,0.09153286,SPPN,AEO2026 Low Oil and Gas Supply
p37,2018,0.1081319,0.08005388,0.07116497,0.09153286,SPPN,AEO2026 Low Oil and Gas Supply
p37,2019,0.1081319,0.08005388,0.07116497,0.09153286,SPPN,AEO2026 Low Oil and Gas Supply
p37,2020,0.1081319,0.08005388,0.07116497,0.09153286,SPPN,AEO2026 Low Oil and Gas Supply
p37,2021,0.1081319,0.08005388,0.07116497,0.09153286,SPPN,AEO2026 Low Oil and Gas Supply
p37,2022,0.1081319,0.08005388,0.07116497,0.09153286,SPPN,AEO2026 Low Oil and Gas Supply
p37,2023,0.1081319,0.08005388,0.07116497,0.09153286,SPPN,AEO2026 Low Oil and Gas Supply
p37,2024,0.1081319,0.08005388,0.07116497,0.09153286,SPPN,AEO2026 Low Oil and Gas Supply
p37,2025,0.1081319,0.08005388,0.07116497,0.09153286,SPPN,AEO2026 Low Oil and Gas Supply
p37,2026,0.11196759,0.08351953,0.07431017,0.09547280000000001,SPPN,AEO2026 Low Oil and Gas Supply
p37,2027,0.11238091,0.08221635,0.0720952,0.09396249,SPPN,AEO2026 Low Oil and Gas Supply
p37,2028,0.11443718,0.08363733,0.07299284,0.09538782,SPPN,AEO2026 Low Oil and Gas Supply
p37,2029,0.12002477,0.08798831,0.07689729,0.1000494,SPPN,AEO2026 Low Oil and Gas Supply
p37,2030,0.12498685,0.09179527999999999,0.07982044,0.10456958999999999,SPPN,AEO2026 Low Oil and Gas Supply
p37,2031,0.13229714,0.09732608000000001,0.08500595999999999,0.11107677,SPPN,AEO2026 Low Oil and Gas Supply
p37,2032,0.14470063,0.10669752,0.09545578,0.12135183,SPPN,AEO2026 Low Oil and Gas Supply
p37,2033,0.15095423,0.11108216,0.09981885,0.12655596,SPPN,AEO2026 Low Oil and Gas Supply
p37,2034,0.15663679,0.11481614000000001,0.10393775,0.13109965,SPPN,AEO2026 Low Oil and Gas Supply
p37,2035,0.16484537,0.12064345,0.11034401,0.13782393,SPPN,AEO2026 Low Oil and Gas Supply
p37,2036,0.16986626000000002,0.12380569,0.11361490999999999,0.14176424,SPPN,AEO2026 Low Oil and Gas Supply
p37,2037,0.17463345,0.12673253,0.11678801,0.14524455,SPPN,AEO2026 Low Oil and Gas Supply
p37,2038,0.18039822,0.13047001,0.12080093,0.14961093,SPPN,AEO2026 Low Oil and Gas Supply
p37,2039,0.19638994,0.14266559,0.1341872,0.16272848,SPPN,AEO2026 Low Oil and Gas Supply
p37,2040,0.20207144,0.14651708,0.13753911,0.16750233,SPPN,AEO2026 Low Oil and Gas Supply
p37,2041,0.20577393,0.14842626,0.13940322,0.16978947000000003,SPPN,AEO2026 Low Oil and Gas Supply
p37,2042,0.21600294,0.15589449,0.14730947,0.17788307,SPPN,AEO2026 Low Oil and Gas Supply
p37,2043,0.22159626,0.15966454,0.15073494,0.18228128000000002,SPPN,AEO2026 Low Oil and Gas Supply
p37,2044,0.22576742,0.16221863,0.15303379,0.18520136,SPPN,AEO2026 Low Oil and Gas Supply
p37,2045,0.22967604000000003,0.16441353,0.155084,0.18758768,SPPN,AEO2026 Low Oil and Gas Supply
p37,2046,0.23398661,0.16694309000000002,0.1575773,0.19025572000000002,SPPN,AEO2026 Low Oil and Gas Supply
p37,2047,0.23871193000000002,0.16981937,0.16025846000000002,0.19342231999999998,SPPN,AEO2026 Low Oil and Gas Supply
p37,2048,0.24336092,0.17263161,0.16291302000000002,0.19647703,SPPN,AEO2026 Low Oil and Gas Supply
p37,2049,0.24884747000000002,0.17612901999999997,0.16617336000000002,0.20038252,SPPN,AEO2026 Low Oil and Gas Supply
p37,2050,0.25405254,0.17943518,0.16919119,0.2041036,SPPN,AEO2026 Low Oil and Gas Supply
p38,2014,0.1081319,0.08005388,0.07116497,0.09153286,SPPN,AEO2026 Low Oil and Gas Supply
p38,2015,0.1081319,0.08005388,0.07116497,0.09153286,SPPN,AEO2026 Low Oil and Gas Supply
p38,2016,0.1081319,0.08005388,0.07116497,0.09153286,SPPN,AEO2026 Low Oil and Gas Supply
p38,2017,0.1081319,0.08005388,0.07116497,0.09153286,SPPN,AEO2026 Low Oil and Gas Supply
p38,2018,0.1081319,0.08005388,0.07116497,0.09153286,SPPN,AEO2026 Low Oil and Gas Supply
p38,2019,0.1081319,0.08005388,0.07116497,0.09153286,SPPN,AEO2026 Low Oil and Gas Supply
p38,2020,0.1081319,0.08005388,0.07116497,0.09153286,SPPN,AEO2026 Low Oil and Gas Supply
p38,2021,0.1081319,0.08005388,0.07116497,0.09153286,SPPN,AEO2026 Low Oil and Gas Supply
p38,2022,0.1081319,0.08005388,0.07116497,0.09153286,SPPN,AEO2026 Low Oil and Gas Supply
p38,2023,0.1081319,0.08005388,0.07116497,0.09153286,SPPN,AEO2026 Low Oil and Gas Supply
p38,2024,0.1081319,0.08005388,0.07116497,0.09153286,SPPN,AEO2026 Low Oil and Gas Supply
p38,2025,0.1081319,0.08005388,0.07116497,0.09153286,SPPN,AEO2026 Low Oil and Gas Supply
p38,2026,0.11196759,0.08351953,0.07431017,0.09547280000000001,SPPN,AEO2026 Low Oil and Gas Supply
p38,2027,0.11238091,0.08221635,0.0720952,0.09396249,SPPN,AEO2026 Low Oil and Gas Supply
p38,2028,0.11443718,0.08363733,0.07299284,0.09538782,SPPN,AEO2026 Low Oil and Gas Supply
p38,2029,0.12002477,0.08798831,0.07689729,0.1000494,SPPN,AEO2026 Low Oil and Gas Supply
p38,2030,0.12498685,0.09179527999999999,0.07982044,0.10456958999999999,SPPN,AEO2026 Low Oil and Gas Supply
p38,2031,0.13229714,0.09732608000000001,0.08500595999999999,0.11107677,SPPN,AEO2026 Low Oil and Gas Supply
p38,2032,0.14470063,0.10669752,0.09545578,0.12135183,SPPN,AEO2026 Low Oil and Gas Supply
p38,2033,0.15095423,0.11108216,0.09981885,0.12655596,SPPN,AEO2026 Low Oil and Gas Supply
p38,2034,0.15663679,0.11481614000000001,0.10393775,0.13109965,SPPN,AEO2026 Low Oil and Gas Supply
p38,2035,0.16484537,0.12064345,0.11034401,0.13782393,SPPN,AEO2026 Low Oil and Gas Supply
p38,2036,0.16986626000000002,0.12380569,0.11361490999999999,0.14176424,SPPN,AEO2026 Low Oil and Gas Supply
p38,2037,0.17463345,0.12673253,0.11678801,0.14524455,SPPN,AEO2026 Low Oil and Gas Supply
p38,2038,0.18039822,0.13047001,0.12080093,0.14961093,SPPN,AEO2026 Low Oil and Gas Supply
p38,2039,0.19638994,0.14266559,0.1341872,0.16272848,SPPN,AEO2026 Low Oil and Gas Supply
p38,2040,0.20207144,0.14651708,0.13753911,0.16750233,SPPN,AEO2026 Low Oil and Gas Supply
p38,2041,0.20577393,0.14842626,0.13940322,0.16978947000000003,SPPN,AEO2026 Low Oil and Gas Supply
p38,2042,0.21600294,0.15589449,0.14730947,0.17788307,SPPN,AEO2026 Low Oil and Gas Supply
p38,2043,0.22159626,0.15966454,0.15073494,0.18228128000000002,SPPN,AEO2026 Low Oil and Gas Supply
p38,2044,0.22576742,0.16221863,0.15303379,0.18520136,SPPN,AEO2026 Low Oil and Gas Supply
p38,2045,0.22967604000000003,0.16441353,0.155084,0.18758768,SPPN,AEO2026 Low Oil and Gas Supply
p38,2046,0.23398661,0.16694309000000002,0.1575773,0.19025572000000002,SPPN,AEO2026 Low Oil and Gas Supply
p38,2047,0.23871193000000002,0.16981937,0.16025846000000002,0.19342231999999998,SPPN,AEO2026 Low Oil and Gas Supply
p38,2048,0.24336092,0.17263161,0.16291302000000002,0.19647703,SPPN,AEO2026 Low Oil and Gas Supply
p38,2049,0.24884747000000002,0.17612901999999997,0.16617336000000002,0.20038252,SPPN,AEO2026 Low Oil and Gas Supply
p38,2050,0.25405254,0.17943518,0.16919119,0.2041036,SPPN,AEO2026 Low Oil and Gas Supply
p39,2014,0.12369368,0.09484026,0.0749386,0.09419313000000001,RMRG,AEO2026 Low Oil and Gas Supply
p39,2015,0.12369368,0.09484026,0.0749386,0.09419313000000001,RMRG,AEO2026 Low Oil and Gas Supply
p39,2016,0.12369368,0.09484026,0.0749386,0.09419313000000001,RMRG,AEO2026 Low Oil and Gas Supply
p39,2017,0.12369368,0.09484026,0.0749386,0.09419313000000001,RMRG,AEO2026 Low Oil and Gas Supply
p39,2018,0.12369368,0.09484026,0.0749386,0.09419313000000001,RMRG,AEO2026 Low Oil and Gas Supply
p39,2019,0.12369368,0.09484026,0.0749386,0.09419313000000001,RMRG,AEO2026 Low Oil and Gas Supply
p39,2020,0.12369368,0.09484026,0.0749386,0.09419313000000001,RMRG,AEO2026 Low Oil and Gas Supply
p39,2021,0.12369368,0.09484026,0.0749386,0.09419313000000001,RMRG,AEO2026 Low Oil and Gas Supply
p39,2022,0.12369368,0.09484026,0.0749386,0.09419313000000001,RMRG,AEO2026 Low Oil and Gas Supply
p39,2023,0.12369368,0.09484026,0.0749386,0.09419313000000001,RMRG,AEO2026 Low Oil and Gas Supply
p39,2024,0.12369368,0.09484026,0.0749386,0.09419313000000001,RMRG,AEO2026 Low Oil and Gas Supply
p39,2025,0.12369368,0.09484026,0.0749386,0.09419313000000001,RMRG,AEO2026 Low Oil and Gas Supply
p39,2026,0.12357708,0.0930136,0.07244151,0.09164080000000001,RMRG,AEO2026 Low Oil and Gas Supply
p39,2027,0.13436737,0.10185415,0.08165450999999999,0.10024994,RMRG,AEO2026 Low Oil and Gas Supply
p39,2028,0.14471548,0.1104506,0.08880959000000001,0.10899236,RMRG,AEO2026 Low Oil and Gas Supply
p39,2029,0.14911646,0.11354552,0.09133927,0.11210322,RMRG,AEO2026 Low Oil and Gas Supply
p39,2030,0.15597170999999999,0.11950946999999999,0.09781746,0.11802006999999999,RMRG,AEO2026 Low Oil and Gas Supply
p39,2031,0.16262661,0.12461176,0.10244592000000001,0.12338578,RMRG,AEO2026 Low Oil and Gas Supply
p39,2032,0.17591875,0.13761837,0.11673839,0.13623364000000002,RMRG,AEO2026 Low Oil and Gas Supply
p39,2033,0.18372668999999997,0.14270895,0.12024401,0.14217546,RMRG,AEO2026 Low Oil and Gas Supply
p39,2034,0.18600861,0.14338867,0.12113263,0.14318084,RMRG,AEO2026 Low Oil and Gas Supply
p39,2035,0.18895050000000002,0.14483790000000002,0.1228373,0.14485618,RMRG,AEO2026 Low Oil and Gas Supply
p39,2036,0.19357880000000002,0.14803779,0.12622416,0.1481438,RMRG,AEO2026 Low Oil and Gas Supply
p39,2037,0.19978168,0.15263455,0.13077447,0.15291962,RMRG,AEO2026 Low Oil and Gas Supply
p39,2038,0.20545794,0.15638522,0.13414372,0.15689493000000002,RMRG,AEO2026 Low Oil and Gas Supply
p39,2039,0.21132061,0.16035879,0.13795725,0.1608456,RMRG,AEO2026 Low Oil and Gas Supply
p39,2040,0.21881535,0.16579058,0.14320748,0.16626816000000003,RMRG,AEO2026 Low Oil and Gas Supply
p39,2041,0.22594947999999998,0.17037808999999998,0.14729931000000002,0.17098255,RMRG,AEO2026 Low Oil and Gas Supply
p39,2042,0.23230011,0.17441437,0.15097861,0.17499796,RMRG,AEO2026 Low Oil and Gas Supply
p39,2043,0.23824389,0.17777073000000002,0.15385888,0.17837776000000002,RMRG,AEO2026 Low Oil and Gas Supply
p39,2044,0.24466867,0.18173792,0.15745831000000002,0.18226978,RMRG,AEO2026 Low Oil and Gas Supply
p39,2045,0.25163971,0.18593972999999997,0.16114540000000002,0.18641973,RMRG,AEO2026 Low Oil and Gas Supply
p39,2046,0.25890635,0.19049645999999998,0.16521788,0.19086887,RMRG,AEO2026 Low Oil and Gas Supply
p39,2047,0.26591671,0.19462532,0.16874303999999998,0.19490431,RMRG,AEO2026 Low Oil and Gas Supply
p39,2048,0.27278027,0.19864189,0.17218222,0.1987837,RMRG,AEO2026 Low Oil and Gas Supply
p39,2049,0.27967486999999996,0.20257204,0.17547878,0.20257923000000003,RMRG,AEO2026 Low Oil and Gas Supply
p39,2050,0.28622667,0.20624578,0.17857561,0.20606405,RMRG,AEO2026 Low Oil and Gas Supply
p40,2014,0.1081319,0.08005388,0.07116497,0.09153286,SPPN,AEO2026 Low Oil and Gas Supply
p40,2015,0.1081319,0.08005388,0.07116497,0.09153286,SPPN,AEO2026 Low Oil and Gas Supply
p40,2016,0.1081319,0.08005388,0.07116497,0.09153286,SPPN,AEO2026 Low Oil and Gas Supply
p40,2017,0.1081319,0.08005388,0.07116497,0.09153286,SPPN,AEO2026 Low Oil and Gas Supply
p40,2018,0.1081319,0.08005388,0.07116497,0.09153286,SPPN,AEO2026 Low Oil and Gas Supply
p40,2019,0.1081319,0.08005388,0.07116497,0.09153286,SPPN,AEO2026 Low Oil and Gas Supply
p40,2020,0.1081319,0.08005388,0.07116497,0.09153286,SPPN,AEO2026 Low Oil and Gas Supply
p40,2021,0.1081319,0.08005388,0.07116497,0.09153286,SPPN,AEO2026 Low Oil and Gas Supply
p40,2022,0.1081319,0.08005388,0.07116497,0.09153286,SPPN,AEO2026 Low Oil and Gas Supply
p40,2023,0.1081319,0.08005388,0.07116497,0.09153286,SPPN,AEO2026 Low Oil and Gas Supply
p40,2024,0.1081319,0.08005388,0.07116497,0.09153286,SPPN,AEO2026 Low Oil and Gas Supply
p40,2025,0.1081319,0.08005388,0.07116497,0.09153286,SPPN,AEO2026 Low Oil and Gas Supply
p40,2026,0.11196759,0.08351953,0.07431017,0.09547280000000001,SPPN,AEO2026 Low Oil and Gas Supply
p40,2027,0.11238091,0.08221635,0.0720952,0.09396249,SPPN,AEO2026 Low Oil and Gas Supply
p40,2028,0.11443718,0.08363733,0.07299284,0.09538782,SPPN,AEO2026 Low Oil and Gas Supply
p40,2029,0.12002477,0.08798831,0.07689729,0.1000494,SPPN,AEO2026 Low Oil and Gas Supply
p40,2030,0.12498685,0.09179527999999999,0.07982044,0.10456958999999999,SPPN,AEO2026 Low Oil and Gas Supply
p40,2031,0.13229714,0.09732608000000001,0.08500595999999999,0.11107677,SPPN,AEO2026 Low Oil and Gas Supply
p40,2032,0.14470063,0.10669752,0.09545578,0.12135183,SPPN,AEO2026 Low Oil and Gas Supply
p40,2033,0.15095423,0.11108216,0.09981885,0.12655596,SPPN,AEO2026 Low Oil and Gas Supply
p40,2034,0.15663679,0.11481614000000001,0.10393775,0.13109965,SPPN,AEO2026 Low Oil and Gas Supply
p40,2035,0.16484537,0.12064345,0.11034401,0.13782393,SPPN,AEO2026 Low Oil and Gas Supply
p40,2036,0.16986626000000002,0.12380569,0.11361490999999999,0.14176424,SPPN,AEO2026 Low Oil and Gas Supply
p40,2037,0.17463345,0.12673253,0.11678801,0.14524455,SPPN,AEO2026 Low Oil and Gas Supply
p40,2038,0.18039822,0.13047001,0.12080093,0.14961093,SPPN,AEO2026 Low Oil and Gas Supply
p40,2039,0.19638994,0.14266559,0.1341872,0.16272848,SPPN,AEO2026 Low Oil and Gas Supply
p40,2040,0.20207144,0.14651708,0.13753911,0.16750233,SPPN,AEO2026 Low Oil and Gas Supply
p40,2041,0.20577393,0.14842626,0.13940322,0.16978947000000003,SPPN,AEO2026 Low Oil and Gas Supply
p40,2042,0.21600294,0.15589449,0.14730947,0.17788307,SPPN,AEO2026 Low Oil and Gas Supply
p40,2043,0.22159626,0.15966454,0.15073494,0.18228128000000002,SPPN,AEO2026 Low Oil and Gas Supply
p40,2044,0.22576742,0.16221863,0.15303379,0.18520136,SPPN,AEO2026 Low Oil and Gas Supply
p40,2045,0.22967604000000003,0.16441353,0.155084,0.18758768,SPPN,AEO2026 Low Oil and Gas Supply
p40,2046,0.23398661,0.16694309000000002,0.1575773,0.19025572000000002,SPPN,AEO2026 Low Oil and Gas Supply
p40,2047,0.23871193000000002,0.16981937,0.16025846000000002,0.19342231999999998,SPPN,AEO2026 Low Oil and Gas Supply
p40,2048,0.24336092,0.17263161,0.16291302000000002,0.19647703,SPPN,AEO2026 Low Oil and Gas Supply
p40,2049,0.24884747000000002,0.17612901999999997,0.16617336000000002,0.20038252,SPPN,AEO2026 Low Oil and Gas Supply
p40,2050,0.25405254,0.17943518,0.16919119,0.2041036,SPPN,AEO2026 Low Oil and Gas Supply
p41,2014,0.1081319,0.08005388,0.07116497,0.09153286,SPPN,AEO2026 Low Oil and Gas Supply
p41,2015,0.1081319,0.08005388,0.07116497,0.09153286,SPPN,AEO2026 Low Oil and Gas Supply
p41,2016,0.1081319,0.08005388,0.07116497,0.09153286,SPPN,AEO2026 Low Oil and Gas Supply
p41,2017,0.1081319,0.08005388,0.07116497,0.09153286,SPPN,AEO2026 Low Oil and Gas Supply
p41,2018,0.1081319,0.08005388,0.07116497,0.09153286,SPPN,AEO2026 Low Oil and Gas Supply
p41,2019,0.1081319,0.08005388,0.07116497,0.09153286,SPPN,AEO2026 Low Oil and Gas Supply
p41,2020,0.1081319,0.08005388,0.07116497,0.09153286,SPPN,AEO2026 Low Oil and Gas Supply
p41,2021,0.1081319,0.08005388,0.07116497,0.09153286,SPPN,AEO2026 Low Oil and Gas Supply
p41,2022,0.1081319,0.08005388,0.07116497,0.09153286,SPPN,AEO2026 Low Oil and Gas Supply
p41,2023,0.1081319,0.08005388,0.07116497,0.09153286,SPPN,AEO2026 Low Oil and Gas Supply
p41,2024,0.1081319,0.08005388,0.07116497,0.09153286,SPPN,AEO2026 Low Oil and Gas Supply
p41,2025,0.1081319,0.08005388,0.07116497,0.09153286,SPPN,AEO2026 Low Oil and Gas Supply
p41,2026,0.11196759,0.08351953,0.07431017,0.09547280000000001,SPPN,AEO2026 Low Oil and Gas Supply
p41,2027,0.11238091,0.08221635,0.0720952,0.09396249,SPPN,AEO2026 Low Oil and Gas Supply
p41,2028,0.11443718,0.08363733,0.07299284,0.09538782,SPPN,AEO2026 Low Oil and Gas Supply
p41,2029,0.12002477,0.08798831,0.07689729,0.1000494,SPPN,AEO2026 Low Oil and Gas Supply
p41,2030,0.12498685,0.09179527999999999,0.07982044,0.10456958999999999,SPPN,AEO2026 Low Oil and Gas Supply
p41,2031,0.13229714,0.09732608000000001,0.08500595999999999,0.11107677,SPPN,AEO2026 Low Oil and Gas Supply
p41,2032,0.14470063,0.10669752,0.09545578,0.12135183,SPPN,AEO2026 Low Oil and Gas Supply
p41,2033,0.15095423,0.11108216,0.09981885,0.12655596,SPPN,AEO2026 Low Oil and Gas Supply
p41,2034,0.15663679,0.11481614000000001,0.10393775,0.13109965,SPPN,AEO2026 Low Oil and Gas Supply
p41,2035,0.16484537,0.12064345,0.11034401,0.13782393,SPPN,AEO2026 Low Oil and Gas Supply
p41,2036,0.16986626000000002,0.12380569,0.11361490999999999,0.14176424,SPPN,AEO2026 Low Oil and Gas Supply
p41,2037,0.17463345,0.12673253,0.11678801,0.14524455,SPPN,AEO2026 Low Oil and Gas Supply
p41,2038,0.18039822,0.13047001,0.12080093,0.14961093,SPPN,AEO2026 Low Oil and Gas Supply
p41,2039,0.19638994,0.14266559,0.1341872,0.16272848,SPPN,AEO2026 Low Oil and Gas Supply
p41,2040,0.20207144,0.14651708,0.13753911,0.16750233,SPPN,AEO2026 Low Oil and Gas Supply
p41,2041,0.20577393,0.14842626,0.13940322,0.16978947000000003,SPPN,AEO2026 Low Oil and Gas Supply
p41,2042,0.21600294,0.15589449,0.14730947,0.17788307,SPPN,AEO2026 Low Oil and Gas Supply
p41,2043,0.22159626,0.15966454,0.15073494,0.18228128000000002,SPPN,AEO2026 Low Oil and Gas Supply
p41,2044,0.22576742,0.16221863,0.15303379,0.18520136,SPPN,AEO2026 Low Oil and Gas Supply
p41,2045,0.22967604000000003,0.16441353,0.155084,0.18758768,SPPN,AEO2026 Low Oil and Gas Supply
p41,2046,0.23398661,0.16694309000000002,0.1575773,0.19025572000000002,SPPN,AEO2026 Low Oil and Gas Supply
p41,2047,0.23871193000000002,0.16981937,0.16025846000000002,0.19342231999999998,SPPN,AEO2026 Low Oil and Gas Supply
p41,2048,0.24336092,0.17263161,0.16291302000000002,0.19647703,SPPN,AEO2026 Low Oil and Gas Supply
p41,2049,0.24884747000000002,0.17612901999999997,0.16617336000000002,0.20038252,SPPN,AEO2026 Low Oil and Gas Supply
p41,2050,0.25405254,0.17943518,0.16919119,0.2041036,SPPN,AEO2026 Low Oil and Gas Supply
p42,2014,0.16269005,0.12212256999999999,0.08597872000000001,0.13105806,MISW,AEO2026 Low Oil and Gas Supply
p42,2015,0.16269005,0.12212256999999999,0.08597872000000001,0.13105806,MISW,AEO2026 Low Oil and Gas Supply
p42,2016,0.16269005,0.12212256999999999,0.08597872000000001,0.13105806,MISW,AEO2026 Low Oil and Gas Supply
p42,2017,0.16269005,0.12212256999999999,0.08597872000000001,0.13105806,MISW,AEO2026 Low Oil and Gas Supply
p42,2018,0.16269005,0.12212256999999999,0.08597872000000001,0.13105806,MISW,AEO2026 Low Oil and Gas Supply
p42,2019,0.16269005,0.12212256999999999,0.08597872000000001,0.13105806,MISW,AEO2026 Low Oil and Gas Supply
p42,2020,0.16269005,0.12212256999999999,0.08597872000000001,0.13105806,MISW,AEO2026 Low Oil and Gas Supply
p42,2021,0.16269005,0.12212256999999999,0.08597872000000001,0.13105806,MISW,AEO2026 Low Oil and Gas Supply
p42,2022,0.16269005,0.12212256999999999,0.08597872000000001,0.13105806,MISW,AEO2026 Low Oil and Gas Supply
p42,2023,0.16269005,0.12212256999999999,0.08597872000000001,0.13105806,MISW,AEO2026 Low Oil and Gas Supply
p42,2024,0.16269005,0.12212256999999999,0.08597872000000001,0.13105806,MISW,AEO2026 Low Oil and Gas Supply
p42,2025,0.16269005,0.12212256999999999,0.08597872000000001,0.13105806,MISW,AEO2026 Low Oil and Gas Supply
p42,2026,0.1676997,0.12540441,0.08849662,0.13542374000000001,MISW,AEO2026 Low Oil and Gas Supply
p42,2027,0.16453786999999997,0.12235163,0.08383945000000001,0.1320848,MISW,AEO2026 Low Oil and Gas Supply
p42,2028,0.1643219,0.12153375999999999,0.08396524,0.13054109,MISW,AEO2026 Low Oil and Gas Supply
p42,2029,0.17003988,0.12628164,0.0874428,0.13508659,MISW,AEO2026 Low Oil and Gas Supply
p42,2030,0.17828196999999998,0.13261522,0.09309083,0.14145209,MISW,AEO2026 Low Oil and Gas Supply
p42,2031,0.18553194,0.13857803999999999,0.09740983,0.14786756,MISW,AEO2026 Low Oil and Gas Supply
p42,2032,0.19750715,0.14669809,0.1067628,0.15635897999999998,MISW,AEO2026 Low Oil and Gas Supply
p42,2033,0.20702497,0.15448884,0.112057,0.16537973,MISW,AEO2026 Low Oil and Gas Supply
p42,2034,0.20953222,0.15585817999999999,0.11340773,0.16729019,MISW,AEO2026 Low Oil and Gas Supply
p42,2035,0.21188972,0.15693162,0.11491535000000001,0.16874475,MISW,AEO2026 Low Oil and Gas Supply
p42,2036,0.21492640000000002,0.158543,0.11678366000000001,0.17070038,MISW,AEO2026 Low Oil and Gas Supply
p42,2037,0.21831378999999998,0.16038218,0.11894555999999999,0.17279545,MISW,AEO2026 Low Oil and Gas Supply
p42,2038,0.22194908000000002,0.16259186,0.12111720999999999,0.17525883,MISW,AEO2026 Low Oil and Gas Supply
p42,2039,0.22780411,0.16623096,0.12514686,0.17908134,MISW,AEO2026 Low Oil and Gas Supply
p42,2040,0.23182158,0.16920265,0.12689706,0.1824354,MISW,AEO2026 Low Oil and Gas Supply
p42,2041,0.23416779,0.17019431999999998,0.12796333000000001,0.18339239,MISW,AEO2026 Low Oil and Gas Supply
p42,2042,0.23783722000000002,0.17247484,0.12976163,0.18572601,MISW,AEO2026 Low Oil and Gas Supply
p42,2043,0.24177811,0.17501204,0.13167925,0.18829977,MISW,AEO2026 Low Oil and Gas Supply
p42,2044,0.24663149,0.17818661,0.134322,0.19147772,MISW,AEO2026 Low Oil and Gas Supply
p42,2045,0.25120739000000003,0.18127424,0.13637444,0.19467197,MISW,AEO2026 Low Oil and Gas Supply
p42,2046,0.25522625,0.18380785,0.13827831,0.19717120999999999,MISW,AEO2026 Low Oil and Gas Supply
p42,2047,0.25947584,0.18635508,0.14023634,0.1997032,MISW,AEO2026 Low Oil and Gas Supply
p42,2048,0.26370386,0.18903804999999999,0.14229137,0.20231859,MISW,AEO2026 Low Oil and Gas Supply
p42,2049,0.2682143,0.19201301999999998,0.14448789,0.20524891,MISW,AEO2026 Low Oil and Gas Supply
p42,2050,0.2727874,0.19507683,0.14673493,0.20827061,MISW,AEO2026 Low Oil and Gas Supply
p43,2014,0.16269005,0.12212256999999999,0.08597872000000001,0.13105806,MISW,AEO2026 Low Oil and Gas Supply
p43,2015,0.16269005,0.12212256999999999,0.08597872000000001,0.13105806,MISW,AEO2026 Low Oil and Gas Supply
p43,2016,0.16269005,0.12212256999999999,0.08597872000000001,0.13105806,MISW,AEO2026 Low Oil and Gas Supply
p43,2017,0.16269005,0.12212256999999999,0.08597872000000001,0.13105806,MISW,AEO2026 Low Oil and Gas Supply
p43,2018,0.16269005,0.12212256999999999,0.08597872000000001,0.13105806,MISW,AEO2026 Low Oil and Gas Supply
p43,2019,0.16269005,0.12212256999999999,0.08597872000000001,0.13105806,MISW,AEO2026 Low Oil and Gas Supply
p43,2020,0.16269005,0.12212256999999999,0.08597872000000001,0.13105806,MISW,AEO2026 Low Oil and Gas Supply
p43,2021,0.16269005,0.12212256999999999,0.08597872000000001,0.13105806,MISW,AEO2026 Low Oil and Gas Supply
p43,2022,0.16269005,0.12212256999999999,0.08597872000000001,0.13105806,MISW,AEO2026 Low Oil and Gas Supply
p43,2023,0.16269005,0.12212256999999999,0.08597872000000001,0.13105806,MISW,AEO2026 Low Oil and Gas Supply
p43,2024,0.16269005,0.12212256999999999,0.08597872000000001,0.13105806,MISW,AEO2026 Low Oil and Gas Supply
p43,2025,0.16269005,0.12212256999999999,0.08597872000000001,0.13105806,MISW,AEO2026 Low Oil and Gas Supply
p43,2026,0.1676997,0.12540441,0.08849662,0.13542374000000001,MISW,AEO2026 Low Oil and Gas Supply
p43,2027,0.16453786999999997,0.12235163,0.08383945000000001,0.1320848,MISW,AEO2026 Low Oil and Gas Supply
p43,2028,0.1643219,0.12153375999999999,0.08396524,0.13054109,MISW,AEO2026 Low Oil and Gas Supply
p43,2029,0.17003988,0.12628164,0.0874428,0.13508659,MISW,AEO2026 Low Oil and Gas Supply
p43,2030,0.17828196999999998,0.13261522,0.09309083,0.14145209,MISW,AEO2026 Low Oil and Gas Supply
p43,2031,0.18553194,0.13857803999999999,0.09740983,0.14786756,MISW,AEO2026 Low Oil and Gas Supply
p43,2032,0.19750715,0.14669809,0.1067628,0.15635897999999998,MISW,AEO2026 Low Oil and Gas Supply
p43,2033,0.20702497,0.15448884,0.112057,0.16537973,MISW,AEO2026 Low Oil and Gas Supply
p43,2034,0.20953222,0.15585817999999999,0.11340773,0.16729019,MISW,AEO2026 Low Oil and Gas Supply
p43,2035,0.21188972,0.15693162,0.11491535000000001,0.16874475,MISW,AEO2026 Low Oil and Gas Supply
p43,2036,0.21492640000000002,0.158543,0.11678366000000001,0.17070038,MISW,AEO2026 Low Oil and Gas Supply
p43,2037,0.21831378999999998,0.16038218,0.11894555999999999,0.17279545,MISW,AEO2026 Low Oil and Gas Supply
p43,2038,0.22194908000000002,0.16259186,0.12111720999999999,0.17525883,MISW,AEO2026 Low Oil and Gas Supply
p43,2039,0.22780411,0.16623096,0.12514686,0.17908134,MISW,AEO2026 Low Oil and Gas Supply
p43,2040,0.23182158,0.16920265,0.12689706,0.1824354,MISW,AEO2026 Low Oil and Gas Supply
p43,2041,0.23416779,0.17019431999999998,0.12796333000000001,0.18339239,MISW,AEO2026 Low Oil and Gas Supply
p43,2042,0.23783722000000002,0.17247484,0.12976163,0.18572601,MISW,AEO2026 Low Oil and Gas Supply
p43,2043,0.24177811,0.17501204,0.13167925,0.18829977,MISW,AEO2026 Low Oil and Gas Supply
p43,2044,0.24663149,0.17818661,0.134322,0.19147772,MISW,AEO2026 Low Oil and Gas Supply
p43,2045,0.25120739000000003,0.18127424,0.13637444,0.19467197,MISW,AEO2026 Low Oil and Gas Supply
p43,2046,0.25522625,0.18380785,0.13827831,0.19717120999999999,MISW,AEO2026 Low Oil and Gas Supply
p43,2047,0.25947584,0.18635508,0.14023634,0.1997032,MISW,AEO2026 Low Oil and Gas Supply
p43,2048,0.26370386,0.18903804999999999,0.14229137,0.20231859,MISW,AEO2026 Low Oil and Gas Supply
p43,2049,0.2682143,0.19201301999999998,0.14448789,0.20524891,MISW,AEO2026 Low Oil and Gas Supply
p43,2050,0.2727874,0.19507683,0.14673493,0.20827061,MISW,AEO2026 Low Oil and Gas Supply
p44,2014,0.16269005,0.12212256999999999,0.08597872000000001,0.13105806,MISW,AEO2026 Low Oil and Gas Supply
p44,2015,0.16269005,0.12212256999999999,0.08597872000000001,0.13105806,MISW,AEO2026 Low Oil and Gas Supply
p44,2016,0.16269005,0.12212256999999999,0.08597872000000001,0.13105806,MISW,AEO2026 Low Oil and Gas Supply
p44,2017,0.16269005,0.12212256999999999,0.08597872000000001,0.13105806,MISW,AEO2026 Low Oil and Gas Supply
p44,2018,0.16269005,0.12212256999999999,0.08597872000000001,0.13105806,MISW,AEO2026 Low Oil and Gas Supply
p44,2019,0.16269005,0.12212256999999999,0.08597872000000001,0.13105806,MISW,AEO2026 Low Oil and Gas Supply
p44,2020,0.16269005,0.12212256999999999,0.08597872000000001,0.13105806,MISW,AEO2026 Low Oil and Gas Supply
p44,2021,0.16269005,0.12212256999999999,0.08597872000000001,0.13105806,MISW,AEO2026 Low Oil and Gas Supply
p44,2022,0.16269005,0.12212256999999999,0.08597872000000001,0.13105806,MISW,AEO2026 Low Oil and Gas Supply
p44,2023,0.16269005,0.12212256999999999,0.08597872000000001,0.13105806,MISW,AEO2026 Low Oil and Gas Supply
p44,2024,0.16269005,0.12212256999999999,0.08597872000000001,0.13105806,MISW,AEO2026 Low Oil and Gas Supply
p44,2025,0.16269005,0.12212256999999999,0.08597872000000001,0.13105806,MISW,AEO2026 Low Oil and Gas Supply
p44,2026,0.1676997,0.12540441,0.08849662,0.13542374000000001,MISW,AEO2026 Low Oil and Gas Supply
p44,2027,0.16453786999999997,0.12235163,0.08383945000000001,0.1320848,MISW,AEO2026 Low Oil and Gas Supply
p44,2028,0.1643219,0.12153375999999999,0.08396524,0.13054109,MISW,AEO2026 Low Oil and Gas Supply
p44,2029,0.17003988,0.12628164,0.0874428,0.13508659,MISW,AEO2026 Low Oil and Gas Supply
p44,2030,0.17828196999999998,0.13261522,0.09309083,0.14145209,MISW,AEO2026 Low Oil and Gas Supply
p44,2031,0.18553194,0.13857803999999999,0.09740983,0.14786756,MISW,AEO2026 Low Oil and Gas Supply
p44,2032,0.19750715,0.14669809,0.1067628,0.15635897999999998,MISW,AEO2026 Low Oil and Gas Supply
p44,2033,0.20702497,0.15448884,0.112057,0.16537973,MISW,AEO2026 Low Oil and Gas Supply
p44,2034,0.20953222,0.15585817999999999,0.11340773,0.16729019,MISW,AEO2026 Low Oil and Gas Supply
p44,2035,0.21188972,0.15693162,0.11491535000000001,0.16874475,MISW,AEO2026 Low Oil and Gas Supply
p44,2036,0.21492640000000002,0.158543,0.11678366000000001,0.17070038,MISW,AEO2026 Low Oil and Gas Supply
p44,2037,0.21831378999999998,0.16038218,0.11894555999999999,0.17279545,MISW,AEO2026 Low Oil and Gas Supply
p44,2038,0.22194908000000002,0.16259186,0.12111720999999999,0.17525883,MISW,AEO2026 Low Oil and Gas Supply
p44,2039,0.22780411,0.16623096,0.12514686,0.17908134,MISW,AEO2026 Low Oil and Gas Supply
p44,2040,0.23182158,0.16920265,0.12689706,0.1824354,MISW,AEO2026 Low Oil and Gas Supply
p44,2041,0.23416779,0.17019431999999998,0.12796333000000001,0.18339239,MISW,AEO2026 Low Oil and Gas Supply
p44,2042,0.23783722000000002,0.17247484,0.12976163,0.18572601,MISW,AEO2026 Low Oil and Gas Supply
p44,2043,0.24177811,0.17501204,0.13167925,0.18829977,MISW,AEO2026 Low Oil and Gas Supply
p44,2044,0.24663149,0.17818661,0.134322,0.19147772,MISW,AEO2026 Low Oil and Gas Supply
p44,2045,0.25120739000000003,0.18127424,0.13637444,0.19467197,MISW,AEO2026 Low Oil and Gas Supply
p44,2046,0.25522625,0.18380785,0.13827831,0.19717120999999999,MISW,AEO2026 Low Oil and Gas Supply
p44,2047,0.25947584,0.18635508,0.14023634,0.1997032,MISW,AEO2026 Low Oil and Gas Supply
p44,2048,0.26370386,0.18903804999999999,0.14229137,0.20231859,MISW,AEO2026 Low Oil and Gas Supply
p44,2049,0.2682143,0.19201301999999998,0.14448789,0.20524891,MISW,AEO2026 Low Oil and Gas Supply
p44,2050,0.2727874,0.19507683,0.14673493,0.20827061,MISW,AEO2026 Low Oil and Gas Supply
p45,2014,0.1081319,0.08005388,0.07116497,0.09153286,SPPN,AEO2026 Low Oil and Gas Supply
p45,2015,0.1081319,0.08005388,0.07116497,0.09153286,SPPN,AEO2026 Low Oil and Gas Supply
p45,2016,0.1081319,0.08005388,0.07116497,0.09153286,SPPN,AEO2026 Low Oil and Gas Supply
p45,2017,0.1081319,0.08005388,0.07116497,0.09153286,SPPN,AEO2026 Low Oil and Gas Supply
p45,2018,0.1081319,0.08005388,0.07116497,0.09153286,SPPN,AEO2026 Low Oil and Gas Supply
p45,2019,0.1081319,0.08005388,0.07116497,0.09153286,SPPN,AEO2026 Low Oil and Gas Supply
p45,2020,0.1081319,0.08005388,0.07116497,0.09153286,SPPN,AEO2026 Low Oil and Gas Supply
p45,2021,0.1081319,0.08005388,0.07116497,0.09153286,SPPN,AEO2026 Low Oil and Gas Supply
p45,2022,0.1081319,0.08005388,0.07116497,0.09153286,SPPN,AEO2026 Low Oil and Gas Supply
p45,2023,0.1081319,0.08005388,0.07116497,0.09153286,SPPN,AEO2026 Low Oil and Gas Supply
p45,2024,0.1081319,0.08005388,0.07116497,0.09153286,SPPN,AEO2026 Low Oil and Gas Supply
p45,2025,0.1081319,0.08005388,0.07116497,0.09153286,SPPN,AEO2026 Low Oil and Gas Supply
p45,2026,0.11196759,0.08351953,0.07431017,0.09547280000000001,SPPN,AEO2026 Low Oil and Gas Supply
p45,2027,0.11238091,0.08221635,0.0720952,0.09396249,SPPN,AEO2026 Low Oil and Gas Supply
p45,2028,0.11443718,0.08363733,0.07299284,0.09538782,SPPN,AEO2026 Low Oil and Gas Supply
p45,2029,0.12002477,0.08798831,0.07689729,0.1000494,SPPN,AEO2026 Low Oil and Gas Supply
p45,2030,0.12498685,0.09179527999999999,0.07982044,0.10456958999999999,SPPN,AEO2026 Low Oil and Gas Supply
p45,2031,0.13229714,0.09732608000000001,0.08500595999999999,0.11107677,SPPN,AEO2026 Low Oil and Gas Supply
p45,2032,0.14470063,0.10669752,0.09545578,0.12135183,SPPN,AEO2026 Low Oil and Gas Supply
p45,2033,0.15095423,0.11108216,0.09981885,0.12655596,SPPN,AEO2026 Low Oil and Gas Supply
p45,2034,0.15663679,0.11481614000000001,0.10393775,0.13109965,SPPN,AEO2026 Low Oil and Gas Supply
p45,2035,0.16484537,0.12064345,0.11034401,0.13782393,SPPN,AEO2026 Low Oil and Gas Supply
p45,2036,0.16986626000000002,0.12380569,0.11361490999999999,0.14176424,SPPN,AEO2026 Low Oil and Gas Supply
p45,2037,0.17463345,0.12673253,0.11678801,0.14524455,SPPN,AEO2026 Low Oil and Gas Supply
p45,2038,0.18039822,0.13047001,0.12080093,0.14961093,SPPN,AEO2026 Low Oil and Gas Supply
p45,2039,0.19638994,0.14266559,0.1341872,0.16272848,SPPN,AEO2026 Low Oil and Gas Supply
p45,2040,0.20207144,0.14651708,0.13753911,0.16750233,SPPN,AEO2026 Low Oil and Gas Supply
p45,2041,0.20577393,0.14842626,0.13940322,0.16978947000000003,SPPN,AEO2026 Low Oil and Gas Supply
p45,2042,0.21600294,0.15589449,0.14730947,0.17788307,SPPN,AEO2026 Low Oil and Gas Supply
p45,2043,0.22159626,0.15966454,0.15073494,0.18228128000000002,SPPN,AEO2026 Low Oil and Gas Supply
p45,2044,0.22576742,0.16221863,0.15303379,0.18520136,SPPN,AEO2026 Low Oil and Gas Supply
p45,2045,0.22967604000000003,0.16441353,0.155084,0.18758768,SPPN,AEO2026 Low Oil and Gas Supply
p45,2046,0.23398661,0.16694309000000002,0.1575773,0.19025572000000002,SPPN,AEO2026 Low Oil and Gas Supply
p45,2047,0.23871193000000002,0.16981937,0.16025846000000002,0.19342231999999998,SPPN,AEO2026 Low Oil and Gas Supply
p45,2048,0.24336092,0.17263161,0.16291302000000002,0.19647703,SPPN,AEO2026 Low Oil and Gas Supply
p45,2049,0.24884747000000002,0.17612901999999997,0.16617336000000002,0.20038252,SPPN,AEO2026 Low Oil and Gas Supply
p45,2050,0.25405254,0.17943518,0.16919119,0.2041036,SPPN,AEO2026 Low Oil and Gas Supply
p46,2014,0.16269005,0.12212256999999999,0.08597872000000001,0.13105806,MISW,AEO2026 Low Oil and Gas Supply
p46,2015,0.16269005,0.12212256999999999,0.08597872000000001,0.13105806,MISW,AEO2026 Low Oil and Gas Supply
p46,2016,0.16269005,0.12212256999999999,0.08597872000000001,0.13105806,MISW,AEO2026 Low Oil and Gas Supply
p46,2017,0.16269005,0.12212256999999999,0.08597872000000001,0.13105806,MISW,AEO2026 Low Oil and Gas Supply
p46,2018,0.16269005,0.12212256999999999,0.08597872000000001,0.13105806,MISW,AEO2026 Low Oil and Gas Supply
p46,2019,0.16269005,0.12212256999999999,0.08597872000000001,0.13105806,MISW,AEO2026 Low Oil and Gas Supply
p46,2020,0.16269005,0.12212256999999999,0.08597872000000001,0.13105806,MISW,AEO2026 Low Oil and Gas Supply
p46,2021,0.16269005,0.12212256999999999,0.08597872000000001,0.13105806,MISW,AEO2026 Low Oil and Gas Supply
p46,2022,0.16269005,0.12212256999999999,0.08597872000000001,0.13105806,MISW,AEO2026 Low Oil and Gas Supply
p46,2023,0.16269005,0.12212256999999999,0.08597872000000001,0.13105806,MISW,AEO2026 Low Oil and Gas Supply
p46,2024,0.16269005,0.12212256999999999,0.08597872000000001,0.13105806,MISW,AEO2026 Low Oil and Gas Supply
p46,2025,0.16269005,0.12212256999999999,0.08597872000000001,0.13105806,MISW,AEO2026 Low Oil and Gas Supply
p46,2026,0.1676997,0.12540441,0.08849662,0.13542374000000001,MISW,AEO2026 Low Oil and Gas Supply
p46,2027,0.16453786999999997,0.12235163,0.08383945000000001,0.1320848,MISW,AEO2026 Low Oil and Gas Supply
p46,2028,0.1643219,0.12153375999999999,0.08396524,0.13054109,MISW,AEO2026 Low Oil and Gas Supply
p46,2029,0.17003988,0.12628164,0.0874428,0.13508659,MISW,AEO2026 Low Oil and Gas Supply
p46,2030,0.17828196999999998,0.13261522,0.09309083,0.14145209,MISW,AEO2026 Low Oil and Gas Supply
p46,2031,0.18553194,0.13857803999999999,0.09740983,0.14786756,MISW,AEO2026 Low Oil and Gas Supply
p46,2032,0.19750715,0.14669809,0.1067628,0.15635897999999998,MISW,AEO2026 Low Oil and Gas Supply
p46,2033,0.20702497,0.15448884,0.112057,0.16537973,MISW,AEO2026 Low Oil and Gas Supply
p46,2034,0.20953222,0.15585817999999999,0.11340773,0.16729019,MISW,AEO2026 Low Oil and Gas Supply
p46,2035,0.21188972,0.15693162,0.11491535000000001,0.16874475,MISW,AEO2026 Low Oil and Gas Supply
p46,2036,0.21492640000000002,0.158543,0.11678366000000001,0.17070038,MISW,AEO2026 Low Oil and Gas Supply
p46,2037,0.21831378999999998,0.16038218,0.11894555999999999,0.17279545,MISW,AEO2026 Low Oil and Gas Supply
p46,2038,0.22194908000000002,0.16259186,0.12111720999999999,0.17525883,MISW,AEO2026 Low Oil and Gas Supply
p46,2039,0.22780411,0.16623096,0.12514686,0.17908134,MISW,AEO2026 Low Oil and Gas Supply
p46,2040,0.23182158,0.16920265,0.12689706,0.1824354,MISW,AEO2026 Low Oil and Gas Supply
p46,2041,0.23416779,0.17019431999999998,0.12796333000000001,0.18339239,MISW,AEO2026 Low Oil and Gas Supply
p46,2042,0.23783722000000002,0.17247484,0.12976163,0.18572601,MISW,AEO2026 Low Oil and Gas Supply
p46,2043,0.24177811,0.17501204,0.13167925,0.18829977,MISW,AEO2026 Low Oil and Gas Supply
p46,2044,0.24663149,0.17818661,0.134322,0.19147772,MISW,AEO2026 Low Oil and Gas Supply
p46,2045,0.25120739000000003,0.18127424,0.13637444,0.19467197,MISW,AEO2026 Low Oil and Gas Supply
p46,2046,0.25522625,0.18380785,0.13827831,0.19717120999999999,MISW,AEO2026 Low Oil and Gas Supply
p46,2047,0.25947584,0.18635508,0.14023634,0.1997032,MISW,AEO2026 Low Oil and Gas Supply
p46,2048,0.26370386,0.18903804999999999,0.14229137,0.20231859,MISW,AEO2026 Low Oil and Gas Supply
p46,2049,0.2682143,0.19201301999999998,0.14448789,0.20524891,MISW,AEO2026 Low Oil and Gas Supply
p46,2050,0.2727874,0.19507683,0.14673493,0.20827061,MISW,AEO2026 Low Oil and Gas Supply
p47,2014,0.12383342000000001,0.09621352999999999,0.06570033,0.09441553000000001,SPPS,AEO2026 Low Oil and Gas Supply
p47,2015,0.12383342000000001,0.09621352999999999,0.06570033,0.09441553000000001,SPPS,AEO2026 Low Oil and Gas Supply
p47,2016,0.12383342000000001,0.09621352999999999,0.06570033,0.09441553000000001,SPPS,AEO2026 Low Oil and Gas Supply
p47,2017,0.12383342000000001,0.09621352999999999,0.06570033,0.09441553000000001,SPPS,AEO2026 Low Oil and Gas Supply
p47,2018,0.12383342000000001,0.09621352999999999,0.06570033,0.09441553000000001,SPPS,AEO2026 Low Oil and Gas Supply
p47,2019,0.12383342000000001,0.09621352999999999,0.06570033,0.09441553000000001,SPPS,AEO2026 Low Oil and Gas Supply
p47,2020,0.12383342000000001,0.09621352999999999,0.06570033,0.09441553000000001,SPPS,AEO2026 Low Oil and Gas Supply
p47,2021,0.12383342000000001,0.09621352999999999,0.06570033,0.09441553000000001,SPPS,AEO2026 Low Oil and Gas Supply
p47,2022,0.12383342000000001,0.09621352999999999,0.06570033,0.09441553000000001,SPPS,AEO2026 Low Oil and Gas Supply
p47,2023,0.12383342000000001,0.09621352999999999,0.06570033,0.09441553000000001,SPPS,AEO2026 Low Oil and Gas Supply
p47,2024,0.12383342000000001,0.09621352999999999,0.06570033,0.09441553000000001,SPPS,AEO2026 Low Oil and Gas Supply
p47,2025,0.12383342000000001,0.09621352999999999,0.06570033,0.09441553000000001,SPPS,AEO2026 Low Oil and Gas Supply
p47,2026,0.12944774,0.09728544,0.06817641,0.09763299,SPPS,AEO2026 Low Oil and Gas Supply
p47,2027,0.13329159000000002,0.1000389,0.07039234999999999,0.10030047,SPPS,AEO2026 Low Oil and Gas Supply
p47,2028,0.14119404,0.10696764,0.07606346,0.10702980999999999,SPPS,AEO2026 Low Oil and Gas Supply
p47,2029,0.14811509,0.11230567000000001,0.07973295,0.11260830999999999,SPPS,AEO2026 Low Oil and Gas Supply
p47,2030,0.15200301,0.11512997999999999,0.08172319,0.11558449,SPPS,AEO2026 Low Oil and Gas Supply
p47,2031,0.1562915,0.11882419000000001,0.08501718,0.11917196000000001,SPPS,AEO2026 Low Oil and Gas Supply
p47,2032,0.16395861,0.12584625000000002,0.09133671,0.12595685,SPPS,AEO2026 Low Oil and Gas Supply
p47,2033,0.17058727,0.13111884,0.09535128,0.13154323,SPPS,AEO2026 Low Oil and Gas Supply
p47,2034,0.17341591,0.13292384000000002,0.09660439,0.13364734,SPPS,AEO2026 Low Oil and Gas Supply
p47,2035,0.17519511999999998,0.13428995,0.09781835,0.13501348,SPPS,AEO2026 Low Oil and Gas Supply
p47,2036,0.17881891,0.13754047,0.10079558000000001,0.13804449,SPPS,AEO2026 Low Oil and Gas Supply
p47,2037,0.18516336,0.14329219,0.10581963999999999,0.14350379,SPPS,AEO2026 Low Oil and Gas Supply
p47,2038,0.19147655,0.14818735,0.10954081,0.14853755,SPPS,AEO2026 Low Oil and Gas Supply
p47,2039,0.19971544000000002,0.15572917,0.11635859,0.15545959,SPPS,AEO2026 Low Oil and Gas Supply
p47,2040,0.20909075000000002,0.16320633,0.1220656,0.16302482999999998,SPPS,AEO2026 Low Oil and Gas Supply
p47,2041,0.21585777,0.16828095999999998,0.12588787,0.16810163,SPPS,AEO2026 Low Oil and Gas Supply
p47,2042,0.22137353999999998,0.17215578,0.12869068,0.17197026999999998,SPPS,AEO2026 Low Oil and Gas Supply
p47,2043,0.22614367999999999,0.17541938999999998,0.13102961999999999,0.1751392,SPPS,AEO2026 Low Oil and Gas Supply
p47,2044,0.23129318000000001,0.17897469000000002,0.13359958,0.17856794,SPPS,AEO2026 Low Oil and Gas Supply
p47,2045,0.23692016999999999,0.18287435999999999,0.13649542,0.1822859,SPPS,AEO2026 Low Oil and Gas Supply
p47,2046,0.24316431000000002,0.18733273,0.13980683000000002,0.18656389,SPPS,AEO2026 Low Oil and Gas Supply
p47,2047,0.24940269,0.19159149,0.14285841,0.19068886,SPPS,AEO2026 Low Oil and Gas Supply
p47,2048,0.25513247,0.19536974000000001,0.14555505999999999,0.19431158,SPPS,AEO2026 Low Oil and Gas Supply
p47,2049,0.26082188,0.19917885,0.14826115,0.19788546,SPPS,AEO2026 Low Oil and Gas Supply
p47,2050,0.26676807,0.20320318,0.1511401,0.20166101,SPPS,AEO2026 Low Oil and Gas Supply
p48,2014,0.12383342000000001,0.09621352999999999,0.06570033,0.09441553000000001,SPPS,AEO2026 Low Oil and Gas Supply
p48,2015,0.12383342000000001,0.09621352999999999,0.06570033,0.09441553000000001,SPPS,AEO2026 Low Oil and Gas Supply
p48,2016,0.12383342000000001,0.09621352999999999,0.06570033,0.09441553000000001,SPPS,AEO2026 Low Oil and Gas Supply
p48,2017,0.12383342000000001,0.09621352999999999,0.06570033,0.09441553000000001,SPPS,AEO2026 Low Oil and Gas Supply
p48,2018,0.12383342000000001,0.09621352999999999,0.06570033,0.09441553000000001,SPPS,AEO2026 Low Oil and Gas Supply
p48,2019,0.12383342000000001,0.09621352999999999,0.06570033,0.09441553000000001,SPPS,AEO2026 Low Oil and Gas Supply
p48,2020,0.12383342000000001,0.09621352999999999,0.06570033,0.09441553000000001,SPPS,AEO2026 Low Oil and Gas Supply
p48,2021,0.12383342000000001,0.09621352999999999,0.06570033,0.09441553000000001,SPPS,AEO2026 Low Oil and Gas Supply
p48,2022,0.12383342000000001,0.09621352999999999,0.06570033,0.09441553000000001,SPPS,AEO2026 Low Oil and Gas Supply
p48,2023,0.12383342000000001,0.09621352999999999,0.06570033,0.09441553000000001,SPPS,AEO2026 Low Oil and Gas Supply
p48,2024,0.12383342000000001,0.09621352999999999,0.06570033,0.09441553000000001,SPPS,AEO2026 Low Oil and Gas Supply
p48,2025,0.12383342000000001,0.09621352999999999,0.06570033,0.09441553000000001,SPPS,AEO2026 Low Oil and Gas Supply
p48,2026,0.12944774,0.09728544,0.06817641,0.09763299,SPPS,AEO2026 Low Oil and Gas Supply
p48,2027,0.13329159000000002,0.1000389,0.07039234999999999,0.10030047,SPPS,AEO2026 Low Oil and Gas Supply
p48,2028,0.14119404,0.10696764,0.07606346,0.10702980999999999,SPPS,AEO2026 Low Oil and Gas Supply
p48,2029,0.14811509,0.11230567000000001,0.07973295,0.11260830999999999,SPPS,AEO2026 Low Oil and Gas Supply
p48,2030,0.15200301,0.11512997999999999,0.08172319,0.11558449,SPPS,AEO2026 Low Oil and Gas Supply
p48,2031,0.1562915,0.11882419000000001,0.08501718,0.11917196000000001,SPPS,AEO2026 Low Oil and Gas Supply
p48,2032,0.16395861,0.12584625000000002,0.09133671,0.12595685,SPPS,AEO2026 Low Oil and Gas Supply
p48,2033,0.17058727,0.13111884,0.09535128,0.13154323,SPPS,AEO2026 Low Oil and Gas Supply
p48,2034,0.17341591,0.13292384000000002,0.09660439,0.13364734,SPPS,AEO2026 Low Oil and Gas Supply
p48,2035,0.17519511999999998,0.13428995,0.09781835,0.13501348,SPPS,AEO2026 Low Oil and Gas Supply
p48,2036,0.17881891,0.13754047,0.10079558000000001,0.13804449,SPPS,AEO2026 Low Oil and Gas Supply
p48,2037,0.18516336,0.14329219,0.10581963999999999,0.14350379,SPPS,AEO2026 Low Oil and Gas Supply
p48,2038,0.19147655,0.14818735,0.10954081,0.14853755,SPPS,AEO2026 Low Oil and Gas Supply
p48,2039,0.19971544000000002,0.15572917,0.11635859,0.15545959,SPPS,AEO2026 Low Oil and Gas Supply
p48,2040,0.20909075000000002,0.16320633,0.1220656,0.16302482999999998,SPPS,AEO2026 Low Oil and Gas Supply
p48,2041,0.21585777,0.16828095999999998,0.12588787,0.16810163,SPPS,AEO2026 Low Oil and Gas Supply
p48,2042,0.22137353999999998,0.17215578,0.12869068,0.17197026999999998,SPPS,AEO2026 Low Oil and Gas Supply
p48,2043,0.22614367999999999,0.17541938999999998,0.13102961999999999,0.1751392,SPPS,AEO2026 Low Oil and Gas Supply
p48,2044,0.23129318000000001,0.17897469000000002,0.13359958,0.17856794,SPPS,AEO2026 Low Oil and Gas Supply
p48,2045,0.23692016999999999,0.18287435999999999,0.13649542,0.1822859,SPPS,AEO2026 Low Oil and Gas Supply
p48,2046,0.24316431000000002,0.18733273,0.13980683000000002,0.18656389,SPPS,AEO2026 Low Oil and Gas Supply
p48,2047,0.24940269,0.19159149,0.14285841,0.19068886,SPPS,AEO2026 Low Oil and Gas Supply
p48,2048,0.25513247,0.19536974000000001,0.14555505999999999,0.19431158,SPPS,AEO2026 Low Oil and Gas Supply
p48,2049,0.26082188,0.19917885,0.14826115,0.19788546,SPPS,AEO2026 Low Oil and Gas Supply
p48,2050,0.26676807,0.20320318,0.1511401,0.20166101,SPPS,AEO2026 Low Oil and Gas Supply
p49,2014,0.12383342000000001,0.09621352999999999,0.06570033,0.09441553000000001,SPPS,AEO2026 Low Oil and Gas Supply
p49,2015,0.12383342000000001,0.09621352999999999,0.06570033,0.09441553000000001,SPPS,AEO2026 Low Oil and Gas Supply
p49,2016,0.12383342000000001,0.09621352999999999,0.06570033,0.09441553000000001,SPPS,AEO2026 Low Oil and Gas Supply
p49,2017,0.12383342000000001,0.09621352999999999,0.06570033,0.09441553000000001,SPPS,AEO2026 Low Oil and Gas Supply
p49,2018,0.12383342000000001,0.09621352999999999,0.06570033,0.09441553000000001,SPPS,AEO2026 Low Oil and Gas Supply
p49,2019,0.12383342000000001,0.09621352999999999,0.06570033,0.09441553000000001,SPPS,AEO2026 Low Oil and Gas Supply
p49,2020,0.12383342000000001,0.09621352999999999,0.06570033,0.09441553000000001,SPPS,AEO2026 Low Oil and Gas Supply
p49,2021,0.12383342000000001,0.09621352999999999,0.06570033,0.09441553000000001,SPPS,AEO2026 Low Oil and Gas Supply
p49,2022,0.12383342000000001,0.09621352999999999,0.06570033,0.09441553000000001,SPPS,AEO2026 Low Oil and Gas Supply
p49,2023,0.12383342000000001,0.09621352999999999,0.06570033,0.09441553000000001,SPPS,AEO2026 Low Oil and Gas Supply
p49,2024,0.12383342000000001,0.09621352999999999,0.06570033,0.09441553000000001,SPPS,AEO2026 Low Oil and Gas Supply
p49,2025,0.12383342000000001,0.09621352999999999,0.06570033,0.09441553000000001,SPPS,AEO2026 Low Oil and Gas Supply
p49,2026,0.12944774,0.09728544,0.06817641,0.09763299,SPPS,AEO2026 Low Oil and Gas Supply
p49,2027,0.13329159000000002,0.1000389,0.07039234999999999,0.10030047,SPPS,AEO2026 Low Oil and Gas Supply
p49,2028,0.14119404,0.10696764,0.07606346,0.10702980999999999,SPPS,AEO2026 Low Oil and Gas Supply
p49,2029,0.14811509,0.11230567000000001,0.07973295,0.11260830999999999,SPPS,AEO2026 Low Oil and Gas Supply
p49,2030,0.15200301,0.11512997999999999,0.08172319,0.11558449,SPPS,AEO2026 Low Oil and Gas Supply
p49,2031,0.1562915,0.11882419000000001,0.08501718,0.11917196000000001,SPPS,AEO2026 Low Oil and Gas Supply
p49,2032,0.16395861,0.12584625000000002,0.09133671,0.12595685,SPPS,AEO2026 Low Oil and Gas Supply
p49,2033,0.17058727,0.13111884,0.09535128,0.13154323,SPPS,AEO2026 Low Oil and Gas Supply
p49,2034,0.17341591,0.13292384000000002,0.09660439,0.13364734,SPPS,AEO2026 Low Oil and Gas Supply
p49,2035,0.17519511999999998,0.13428995,0.09781835,0.13501348,SPPS,AEO2026 Low Oil and Gas Supply
p49,2036,0.17881891,0.13754047,0.10079558000000001,0.13804449,SPPS,AEO2026 Low Oil and Gas Supply
p49,2037,0.18516336,0.14329219,0.10581963999999999,0.14350379,SPPS,AEO2026 Low Oil and Gas Supply
p49,2038,0.19147655,0.14818735,0.10954081,0.14853755,SPPS,AEO2026 Low Oil and Gas Supply
p49,2039,0.19971544000000002,0.15572917,0.11635859,0.15545959,SPPS,AEO2026 Low Oil and Gas Supply
p49,2040,0.20909075000000002,0.16320633,0.1220656,0.16302482999999998,SPPS,AEO2026 Low Oil and Gas Supply
p49,2041,0.21585777,0.16828095999999998,0.12588787,0.16810163,SPPS,AEO2026 Low Oil and Gas Supply
p49,2042,0.22137353999999998,0.17215578,0.12869068,0.17197026999999998,SPPS,AEO2026 Low Oil and Gas Supply
p49,2043,0.22614367999999999,0.17541938999999998,0.13102961999999999,0.1751392,SPPS,AEO2026 Low Oil and Gas Supply
p49,2044,0.23129318000000001,0.17897469000000002,0.13359958,0.17856794,SPPS,AEO2026 Low Oil and Gas Supply
p49,2045,0.23692016999999999,0.18287435999999999,0.13649542,0.1822859,SPPS,AEO2026 Low Oil and Gas Supply
p49,2046,0.24316431000000002,0.18733273,0.13980683000000002,0.18656389,SPPS,AEO2026 Low Oil and Gas Supply
p49,2047,0.24940269,0.19159149,0.14285841,0.19068886,SPPS,AEO2026 Low Oil and Gas Supply
p49,2048,0.25513247,0.19536974000000001,0.14555505999999999,0.19431158,SPPS,AEO2026 Low Oil and Gas Supply
p49,2049,0.26082188,0.19917885,0.14826115,0.19788546,SPPS,AEO2026 Low Oil and Gas Supply
p49,2050,0.26676807,0.20320318,0.1511401,0.20166101,SPPS,AEO2026 Low Oil and Gas Supply
p50,2014,0.12383342000000001,0.09621352999999999,0.06570033,0.09441553000000001,SPPS,AEO2026 Low Oil and Gas Supply
p50,2015,0.12383342000000001,0.09621352999999999,0.06570033,0.09441553000000001,SPPS,AEO2026 Low Oil and Gas Supply
p50,2016,0.12383342000000001,0.09621352999999999,0.06570033,0.09441553000000001,SPPS,AEO2026 Low Oil and Gas Supply
p50,2017,0.12383342000000001,0.09621352999999999,0.06570033,0.09441553000000001,SPPS,AEO2026 Low Oil and Gas Supply
p50,2018,0.12383342000000001,0.09621352999999999,0.06570033,0.09441553000000001,SPPS,AEO2026 Low Oil and Gas Supply
p50,2019,0.12383342000000001,0.09621352999999999,0.06570033,0.09441553000000001,SPPS,AEO2026 Low Oil and Gas Supply
p50,2020,0.12383342000000001,0.09621352999999999,0.06570033,0.09441553000000001,SPPS,AEO2026 Low Oil and Gas Supply
p50,2021,0.12383342000000001,0.09621352999999999,0.06570033,0.09441553000000001,SPPS,AEO2026 Low Oil and Gas Supply
p50,2022,0.12383342000000001,0.09621352999999999,0.06570033,0.09441553000000001,SPPS,AEO2026 Low Oil and Gas Supply
p50,2023,0.12383342000000001,0.09621352999999999,0.06570033,0.09441553000000001,SPPS,AEO2026 Low Oil and Gas Supply
p50,2024,0.12383342000000001,0.09621352999999999,0.06570033,0.09441553000000001,SPPS,AEO2026 Low Oil and Gas Supply
p50,2025,0.12383342000000001,0.09621352999999999,0.06570033,0.09441553000000001,SPPS,AEO2026 Low Oil and Gas Supply
p50,2026,0.12944774,0.09728544,0.06817641,0.09763299,SPPS,AEO2026 Low Oil and Gas Supply
p50,2027,0.13329159000000002,0.1000389,0.07039234999999999,0.10030047,SPPS,AEO2026 Low Oil and Gas Supply
p50,2028,0.14119404,0.10696764,0.07606346,0.10702980999999999,SPPS,AEO2026 Low Oil and Gas Supply
p50,2029,0.14811509,0.11230567000000001,0.07973295,0.11260830999999999,SPPS,AEO2026 Low Oil and Gas Supply
p50,2030,0.15200301,0.11512997999999999,0.08172319,0.11558449,SPPS,AEO2026 Low Oil and Gas Supply
p50,2031,0.1562915,0.11882419000000001,0.08501718,0.11917196000000001,SPPS,AEO2026 Low Oil and Gas Supply
p50,2032,0.16395861,0.12584625000000002,0.09133671,0.12595685,SPPS,AEO2026 Low Oil and Gas Supply
p50,2033,0.17058727,0.13111884,0.09535128,0.13154323,SPPS,AEO2026 Low Oil and Gas Supply
p50,2034,0.17341591,0.13292384000000002,0.09660439,0.13364734,SPPS,AEO2026 Low Oil and Gas Supply
p50,2035,0.17519511999999998,0.13428995,0.09781835,0.13501348,SPPS,AEO2026 Low Oil and Gas Supply
p50,2036,0.17881891,0.13754047,0.10079558000000001,0.13804449,SPPS,AEO2026 Low Oil and Gas Supply
p50,2037,0.18516336,0.14329219,0.10581963999999999,0.14350379,SPPS,AEO2026 Low Oil and Gas Supply
p50,2038,0.19147655,0.14818735,0.10954081,0.14853755,SPPS,AEO2026 Low Oil and Gas Supply
p50,2039,0.19971544000000002,0.15572917,0.11635859,0.15545959,SPPS,AEO2026 Low Oil and Gas Supply
p50,2040,0.20909075000000002,0.16320633,0.1220656,0.16302482999999998,SPPS,AEO2026 Low Oil and Gas Supply
p50,2041,0.21585777,0.16828095999999998,0.12588787,0.16810163,SPPS,AEO2026 Low Oil and Gas Supply
p50,2042,0.22137353999999998,0.17215578,0.12869068,0.17197026999999998,SPPS,AEO2026 Low Oil and Gas Supply
p50,2043,0.22614367999999999,0.17541938999999998,0.13102961999999999,0.1751392,SPPS,AEO2026 Low Oil and Gas Supply
p50,2044,0.23129318000000001,0.17897469000000002,0.13359958,0.17856794,SPPS,AEO2026 Low Oil and Gas Supply
p50,2045,0.23692016999999999,0.18287435999999999,0.13649542,0.1822859,SPPS,AEO2026 Low Oil and Gas Supply
p50,2046,0.24316431000000002,0.18733273,0.13980683000000002,0.18656389,SPPS,AEO2026 Low Oil and Gas Supply
p50,2047,0.24940269,0.19159149,0.14285841,0.19068886,SPPS,AEO2026 Low Oil and Gas Supply
p50,2048,0.25513247,0.19536974000000001,0.14555505999999999,0.19431158,SPPS,AEO2026 Low Oil and Gas Supply
p50,2049,0.26082188,0.19917885,0.14826115,0.19788546,SPPS,AEO2026 Low Oil and Gas Supply
p50,2050,0.26676807,0.20320318,0.1511401,0.20166101,SPPS,AEO2026 Low Oil and Gas Supply
p51,2014,0.12383342000000001,0.09621352999999999,0.06570033,0.09441553000000001,SPPS,AEO2026 Low Oil and Gas Supply
p51,2015,0.12383342000000001,0.09621352999999999,0.06570033,0.09441553000000001,SPPS,AEO2026 Low Oil and Gas Supply
p51,2016,0.12383342000000001,0.09621352999999999,0.06570033,0.09441553000000001,SPPS,AEO2026 Low Oil and Gas Supply
p51,2017,0.12383342000000001,0.09621352999999999,0.06570033,0.09441553000000001,SPPS,AEO2026 Low Oil and Gas Supply
p51,2018,0.12383342000000001,0.09621352999999999,0.06570033,0.09441553000000001,SPPS,AEO2026 Low Oil and Gas Supply
p51,2019,0.12383342000000001,0.09621352999999999,0.06570033,0.09441553000000001,SPPS,AEO2026 Low Oil and Gas Supply
p51,2020,0.12383342000000001,0.09621352999999999,0.06570033,0.09441553000000001,SPPS,AEO2026 Low Oil and Gas Supply
p51,2021,0.12383342000000001,0.09621352999999999,0.06570033,0.09441553000000001,SPPS,AEO2026 Low Oil and Gas Supply
p51,2022,0.12383342000000001,0.09621352999999999,0.06570033,0.09441553000000001,SPPS,AEO2026 Low Oil and Gas Supply
p51,2023,0.12383342000000001,0.09621352999999999,0.06570033,0.09441553000000001,SPPS,AEO2026 Low Oil and Gas Supply
p51,2024,0.12383342000000001,0.09621352999999999,0.06570033,0.09441553000000001,SPPS,AEO2026 Low Oil and Gas Supply
p51,2025,0.12383342000000001,0.09621352999999999,0.06570033,0.09441553000000001,SPPS,AEO2026 Low Oil and Gas Supply
p51,2026,0.12944774,0.09728544,0.06817641,0.09763299,SPPS,AEO2026 Low Oil and Gas Supply
p51,2027,0.13329159000000002,0.1000389,0.07039234999999999,0.10030047,SPPS,AEO2026 Low Oil and Gas Supply
p51,2028,0.14119404,0.10696764,0.07606346,0.10702980999999999,SPPS,AEO2026 Low Oil and Gas Supply
p51,2029,0.14811509,0.11230567000000001,0.07973295,0.11260830999999999,SPPS,AEO2026 Low Oil and Gas Supply
p51,2030,0.15200301,0.11512997999999999,0.08172319,0.11558449,SPPS,AEO2026 Low Oil and Gas Supply
p51,2031,0.1562915,0.11882419000000001,0.08501718,0.11917196000000001,SPPS,AEO2026 Low Oil and Gas Supply
p51,2032,0.16395861,0.12584625000000002,0.09133671,0.12595685,SPPS,AEO2026 Low Oil and Gas Supply
p51,2033,0.17058727,0.13111884,0.09535128,0.13154323,SPPS,AEO2026 Low Oil and Gas Supply
p51,2034,0.17341591,0.13292384000000002,0.09660439,0.13364734,SPPS,AEO2026 Low Oil and Gas Supply
p51,2035,0.17519511999999998,0.13428995,0.09781835,0.13501348,SPPS,AEO2026 Low Oil and Gas Supply
p51,2036,0.17881891,0.13754047,0.10079558000000001,0.13804449,SPPS,AEO2026 Low Oil and Gas Supply
p51,2037,0.18516336,0.14329219,0.10581963999999999,0.14350379,SPPS,AEO2026 Low Oil and Gas Supply
p51,2038,0.19147655,0.14818735,0.10954081,0.14853755,SPPS,AEO2026 Low Oil and Gas Supply
p51,2039,0.19971544000000002,0.15572917,0.11635859,0.15545959,SPPS,AEO2026 Low Oil and Gas Supply
p51,2040,0.20909075000000002,0.16320633,0.1220656,0.16302482999999998,SPPS,AEO2026 Low Oil and Gas Supply
p51,2041,0.21585777,0.16828095999999998,0.12588787,0.16810163,SPPS,AEO2026 Low Oil and Gas Supply
p51,2042,0.22137353999999998,0.17215578,0.12869068,0.17197026999999998,SPPS,AEO2026 Low Oil and Gas Supply
p51,2043,0.22614367999999999,0.17541938999999998,0.13102961999999999,0.1751392,SPPS,AEO2026 Low Oil and Gas Supply
p51,2044,0.23129318000000001,0.17897469000000002,0.13359958,0.17856794,SPPS,AEO2026 Low Oil and Gas Supply
p51,2045,0.23692016999999999,0.18287435999999999,0.13649542,0.1822859,SPPS,AEO2026 Low Oil and Gas Supply
p51,2046,0.24316431000000002,0.18733273,0.13980683000000002,0.18656389,SPPS,AEO2026 Low Oil and Gas Supply
p51,2047,0.24940269,0.19159149,0.14285841,0.19068886,SPPS,AEO2026 Low Oil and Gas Supply
p51,2048,0.25513247,0.19536974000000001,0.14555505999999999,0.19431158,SPPS,AEO2026 Low Oil and Gas Supply
p51,2049,0.26082188,0.19917885,0.14826115,0.19788546,SPPS,AEO2026 Low Oil and Gas Supply
p51,2050,0.26676807,0.20320318,0.1511401,0.20166101,SPPS,AEO2026 Low Oil and Gas Supply
p52,2014,0.13142934,0.10108940000000001,0.07339369999999999,0.11593995,SPPC,AEO2026 Low Oil and Gas Supply
p52,2015,0.13142934,0.10108940000000001,0.07339369999999999,0.11593995,SPPC,AEO2026 Low Oil and Gas Supply
p52,2016,0.13142934,0.10108940000000001,0.07339369999999999,0.11593995,SPPC,AEO2026 Low Oil and Gas Supply
p52,2017,0.13142934,0.10108940000000001,0.07339369999999999,0.11593995,SPPC,AEO2026 Low Oil and Gas Supply
p52,2018,0.13142934,0.10108940000000001,0.07339369999999999,0.11593995,SPPC,AEO2026 Low Oil and Gas Supply
p52,2019,0.13142934,0.10108940000000001,0.07339369999999999,0.11593995,SPPC,AEO2026 Low Oil and Gas Supply
p52,2020,0.13142934,0.10108940000000001,0.07339369999999999,0.11593995,SPPC,AEO2026 Low Oil and Gas Supply
p52,2021,0.13142934,0.10108940000000001,0.07339369999999999,0.11593995,SPPC,AEO2026 Low Oil and Gas Supply
p52,2022,0.13142934,0.10108940000000001,0.07339369999999999,0.11593995,SPPC,AEO2026 Low Oil and Gas Supply
p52,2023,0.13142934,0.10108940000000001,0.07339369999999999,0.11593995,SPPC,AEO2026 Low Oil and Gas Supply
p52,2024,0.13142934,0.10108940000000001,0.07339369999999999,0.11593995,SPPC,AEO2026 Low Oil and Gas Supply
p52,2025,0.13142934,0.10108940000000001,0.07339369999999999,0.11593995,SPPC,AEO2026 Low Oil and Gas Supply
p52,2026,0.13273527,0.10207606,0.07409919000000001,0.11689531,SPPC,AEO2026 Low Oil and Gas Supply
p52,2027,0.13411639,0.10136502,0.0727062,0.11646428,SPPC,AEO2026 Low Oil and Gas Supply
p52,2028,0.13633763,0.10309895,0.07391483,0.11786883,SPPC,AEO2026 Low Oil and Gas Supply
p52,2029,0.14215941,0.10818003,0.07787992,0.12296789000000001,SPPC,AEO2026 Low Oil and Gas Supply
p52,2030,0.1497587,0.11471747,0.08331469999999999,0.12984107,SPPC,AEO2026 Low Oil and Gas Supply
p52,2031,0.15694746,0.12072580000000001,0.08813654,0.13679494,SPPC,AEO2026 Low Oil and Gas Supply
p52,2032,0.16999693000000002,0.13182382,0.09971026,0.14708464,SPPC,AEO2026 Low Oil and Gas Supply
p52,2033,0.17970308,0.14000163000000002,0.10557719,0.15774074999999999,SPPC,AEO2026 Low Oil and Gas Supply
p52,2034,0.18413997999999998,0.14319425,0.10921892,0.16126715,SPPC,AEO2026 Low Oil and Gas Supply
p52,2035,0.18731853,0.14543373,0.11122090999999999,0.16465225,SPPC,AEO2026 Low Oil and Gas Supply
p52,2036,0.19033978000000001,0.14738566,0.11363579,0.16680389,SPPC,AEO2026 Low Oil and Gas Supply
p52,2037,0.19628971,0.15202925,0.11829526,0.17173702,SPPC,AEO2026 Low Oil and Gas Supply
p52,2038,0.20256727000000002,0.15691426,0.12270396,0.17741415,SPPC,AEO2026 Low Oil and Gas Supply
p52,2039,0.21260004,0.16514101,0.1308512,0.18518877,SPPC,AEO2026 Low Oil and Gas Supply
p52,2040,0.22280727,0.17351049,0.13763159,0.19502666000000002,SPPC,AEO2026 Low Oil and Gas Supply
p52,2041,0.22751107999999998,0.17687422000000003,0.14025779,0.19929541,SPPC,AEO2026 Low Oil and Gas Supply
p52,2042,0.23039524,0.17869343000000001,0.14174334,0.20134070999999998,SPPC,AEO2026 Low Oil and Gas Supply
p52,2043,0.23356461,0.18081102000000002,0.14335944,0.20372671,SPPC,AEO2026 Low Oil and Gas Supply
p52,2044,0.23746767,0.18355749,0.14554143,0.20674595,SPPC,AEO2026 Low Oil and Gas Supply
p52,2045,0.24278028,0.18750767,0.14887565,0.21091094999999999,SPPC,AEO2026 Low Oil and Gas Supply
p52,2046,0.24859724,0.19194456,0.15241285,0.2159136,SPPC,AEO2026 Low Oil and Gas Supply
p52,2047,0.25374067,0.19579229,0.15548646,0.22016998000000002,SPPC,AEO2026 Low Oil and Gas Supply
p52,2048,0.25850645,0.19931898,0.1582972,0.22404694,SPPC,AEO2026 Low Oil and Gas Supply
p52,2049,0.26395609,0.20344299,0.16170216,0.22845779,SPPC,AEO2026 Low Oil and Gas Supply
p52,2050,0.27109467,0.20893318,0.16639799,0.23415244999999998,SPPC,AEO2026 Low Oil and Gas Supply
p53,2014,0.13142934,0.10108940000000001,0.07339369999999999,0.11593995,SPPC,AEO2026 Low Oil and Gas Supply
p53,2015,0.13142934,0.10108940000000001,0.07339369999999999,0.11593995,SPPC,AEO2026 Low Oil and Gas Supply
p53,2016,0.13142934,0.10108940000000001,0.07339369999999999,0.11593995,SPPC,AEO2026 Low Oil and Gas Supply
p53,2017,0.13142934,0.10108940000000001,0.07339369999999999,0.11593995,SPPC,AEO2026 Low Oil and Gas Supply
p53,2018,0.13142934,0.10108940000000001,0.07339369999999999,0.11593995,SPPC,AEO2026 Low Oil and Gas Supply
p53,2019,0.13142934,0.10108940000000001,0.07339369999999999,0.11593995,SPPC,AEO2026 Low Oil and Gas Supply
p53,2020,0.13142934,0.10108940000000001,0.07339369999999999,0.11593995,SPPC,AEO2026 Low Oil and Gas Supply
p53,2021,0.13142934,0.10108940000000001,0.07339369999999999,0.11593995,SPPC,AEO2026 Low Oil and Gas Supply
p53,2022,0.13142934,0.10108940000000001,0.07339369999999999,0.11593995,SPPC,AEO2026 Low Oil and Gas Supply
p53,2023,0.13142934,0.10108940000000001,0.07339369999999999,0.11593995,SPPC,AEO2026 Low Oil and Gas Supply
p53,2024,0.13142934,0.10108940000000001,0.07339369999999999,0.11593995,SPPC,AEO2026 Low Oil and Gas Supply
p53,2025,0.13142934,0.10108940000000001,0.07339369999999999,0.11593995,SPPC,AEO2026 Low Oil and Gas Supply
p53,2026,0.13273527,0.10207606,0.07409919000000001,0.11689531,SPPC,AEO2026 Low Oil and Gas Supply
p53,2027,0.13411639,0.10136502,0.0727062,0.11646428,SPPC,AEO2026 Low Oil and Gas Supply
p53,2028,0.13633763,0.10309895,0.07391483,0.11786883,SPPC,AEO2026 Low Oil and Gas Supply
p53,2029,0.14215941,0.10818003,0.07787992,0.12296789000000001,SPPC,AEO2026 Low Oil and Gas Supply
p53,2030,0.1497587,0.11471747,0.08331469999999999,0.12984107,SPPC,AEO2026 Low Oil and Gas Supply
p53,2031,0.15694746,0.12072580000000001,0.08813654,0.13679494,SPPC,AEO2026 Low Oil and Gas Supply
p53,2032,0.16999693000000002,0.13182382,0.09971026,0.14708464,SPPC,AEO2026 Low Oil and Gas Supply
p53,2033,0.17970308,0.14000163000000002,0.10557719,0.15774074999999999,SPPC,AEO2026 Low Oil and Gas Supply
p53,2034,0.18413997999999998,0.14319425,0.10921892,0.16126715,SPPC,AEO2026 Low Oil and Gas Supply
p53,2035,0.18731853,0.14543373,0.11122090999999999,0.16465225,SPPC,AEO2026 Low Oil and Gas Supply
p53,2036,0.19033978000000001,0.14738566,0.11363579,0.16680389,SPPC,AEO2026 Low Oil and Gas Supply
p53,2037,0.19628971,0.15202925,0.11829526,0.17173702,SPPC,AEO2026 Low Oil and Gas Supply
p53,2038,0.20256727000000002,0.15691426,0.12270396,0.17741415,SPPC,AEO2026 Low Oil and Gas Supply
p53,2039,0.21260004,0.16514101,0.1308512,0.18518877,SPPC,AEO2026 Low Oil and Gas Supply
p53,2040,0.22280727,0.17351049,0.13763159,0.19502666000000002,SPPC,AEO2026 Low Oil and Gas Supply
p53,2041,0.22751107999999998,0.17687422000000003,0.14025779,0.19929541,SPPC,AEO2026 Low Oil and Gas Supply
p53,2042,0.23039524,0.17869343000000001,0.14174334,0.20134070999999998,SPPC,AEO2026 Low Oil and Gas Supply
p53,2043,0.23356461,0.18081102000000002,0.14335944,0.20372671,SPPC,AEO2026 Low Oil and Gas Supply
p53,2044,0.23746767,0.18355749,0.14554143,0.20674595,SPPC,AEO2026 Low Oil and Gas Supply
p53,2045,0.24278028,0.18750767,0.14887565,0.21091094999999999,SPPC,AEO2026 Low Oil and Gas Supply
p53,2046,0.24859724,0.19194456,0.15241285,0.2159136,SPPC,AEO2026 Low Oil and Gas Supply
p53,2047,0.25374067,0.19579229,0.15548646,0.22016998000000002,SPPC,AEO2026 Low Oil and Gas Supply
p53,2048,0.25850645,0.19931898,0.1582972,0.22404694,SPPC,AEO2026 Low Oil and Gas Supply
p53,2049,0.26395609,0.20344299,0.16170216,0.22845779,SPPC,AEO2026 Low Oil and Gas Supply
p53,2050,0.27109467,0.20893318,0.16639799,0.23415244999999998,SPPC,AEO2026 Low Oil and Gas Supply
p54,2014,0.13142934,0.10108940000000001,0.07339369999999999,0.11593995,SPPC,AEO2026 Low Oil and Gas Supply
p54,2015,0.13142934,0.10108940000000001,0.07339369999999999,0.11593995,SPPC,AEO2026 Low Oil and Gas Supply
p54,2016,0.13142934,0.10108940000000001,0.07339369999999999,0.11593995,SPPC,AEO2026 Low Oil and Gas Supply
p54,2017,0.13142934,0.10108940000000001,0.07339369999999999,0.11593995,SPPC,AEO2026 Low Oil and Gas Supply
p54,2018,0.13142934,0.10108940000000001,0.07339369999999999,0.11593995,SPPC,AEO2026 Low Oil and Gas Supply
p54,2019,0.13142934,0.10108940000000001,0.07339369999999999,0.11593995,SPPC,AEO2026 Low Oil and Gas Supply
p54,2020,0.13142934,0.10108940000000001,0.07339369999999999,0.11593995,SPPC,AEO2026 Low Oil and Gas Supply
p54,2021,0.13142934,0.10108940000000001,0.07339369999999999,0.11593995,SPPC,AEO2026 Low Oil and Gas Supply
p54,2022,0.13142934,0.10108940000000001,0.07339369999999999,0.11593995,SPPC,AEO2026 Low Oil and Gas Supply
p54,2023,0.13142934,0.10108940000000001,0.07339369999999999,0.11593995,SPPC,AEO2026 Low Oil and Gas Supply
p54,2024,0.13142934,0.10108940000000001,0.07339369999999999,0.11593995,SPPC,AEO2026 Low Oil and Gas Supply
p54,2025,0.13142934,0.10108940000000001,0.07339369999999999,0.11593995,SPPC,AEO2026 Low Oil and Gas Supply
p54,2026,0.13273527,0.10207606,0.07409919000000001,0.11689531,SPPC,AEO2026 Low Oil and Gas Supply
p54,2027,0.13411639,0.10136502,0.0727062,0.11646428,SPPC,AEO2026 Low Oil and Gas Supply
p54,2028,0.13633763,0.10309895,0.07391483,0.11786883,SPPC,AEO2026 Low Oil and Gas Supply
p54,2029,0.14215941,0.10818003,0.07787992,0.12296789000000001,SPPC,AEO2026 Low Oil and Gas Supply
p54,2030,0.1497587,0.11471747,0.08331469999999999,0.12984107,SPPC,AEO2026 Low Oil and Gas Supply
p54,2031,0.15694746,0.12072580000000001,0.08813654,0.13679494,SPPC,AEO2026 Low Oil and Gas Supply
p54,2032,0.16999693000000002,0.13182382,0.09971026,0.14708464,SPPC,AEO2026 Low Oil and Gas Supply
p54,2033,0.17970308,0.14000163000000002,0.10557719,0.15774074999999999,SPPC,AEO2026 Low Oil and Gas Supply
p54,2034,0.18413997999999998,0.14319425,0.10921892,0.16126715,SPPC,AEO2026 Low Oil and Gas Supply
p54,2035,0.18731853,0.14543373,0.11122090999999999,0.16465225,SPPC,AEO2026 Low Oil and Gas Supply
p54,2036,0.19033978000000001,0.14738566,0.11363579,0.16680389,SPPC,AEO2026 Low Oil and Gas Supply
p54,2037,0.19628971,0.15202925,0.11829526,0.17173702,SPPC,AEO2026 Low Oil and Gas Supply
p54,2038,0.20256727000000002,0.15691426,0.12270396,0.17741415,SPPC,AEO2026 Low Oil and Gas Supply
p54,2039,0.21260004,0.16514101,0.1308512,0.18518877,SPPC,AEO2026 Low Oil and Gas Supply
p54,2040,0.22280727,0.17351049,0.13763159,0.19502666000000002,SPPC,AEO2026 Low Oil and Gas Supply
p54,2041,0.22751107999999998,0.17687422000000003,0.14025779,0.19929541,SPPC,AEO2026 Low Oil and Gas Supply
p54,2042,0.23039524,0.17869343000000001,0.14174334,0.20134070999999998,SPPC,AEO2026 Low Oil and Gas Supply
p54,2043,0.23356461,0.18081102000000002,0.14335944,0.20372671,SPPC,AEO2026 Low Oil and Gas Supply
p54,2044,0.23746767,0.18355749,0.14554143,0.20674595,SPPC,AEO2026 Low Oil and Gas Supply
p54,2045,0.24278028,0.18750767,0.14887565,0.21091094999999999,SPPC,AEO2026 Low Oil and Gas Supply
p54,2046,0.24859724,0.19194456,0.15241285,0.2159136,SPPC,AEO2026 Low Oil and Gas Supply
p54,2047,0.25374067,0.19579229,0.15548646,0.22016998000000002,SPPC,AEO2026 Low Oil and Gas Supply
p54,2048,0.25850645,0.19931898,0.1582972,0.22404694,SPPC,AEO2026 Low Oil and Gas Supply
p54,2049,0.26395609,0.20344299,0.16170216,0.22845779,SPPC,AEO2026 Low Oil and Gas Supply
p54,2050,0.27109467,0.20893318,0.16639799,0.23415244999999998,SPPC,AEO2026 Low Oil and Gas Supply
p55,2014,0.13142934,0.10108940000000001,0.07339369999999999,0.11593995,SPPC,AEO2026 Low Oil and Gas Supply
p55,2015,0.13142934,0.10108940000000001,0.07339369999999999,0.11593995,SPPC,AEO2026 Low Oil and Gas Supply
p55,2016,0.13142934,0.10108940000000001,0.07339369999999999,0.11593995,SPPC,AEO2026 Low Oil and Gas Supply
p55,2017,0.13142934,0.10108940000000001,0.07339369999999999,0.11593995,SPPC,AEO2026 Low Oil and Gas Supply
p55,2018,0.13142934,0.10108940000000001,0.07339369999999999,0.11593995,SPPC,AEO2026 Low Oil and Gas Supply
p55,2019,0.13142934,0.10108940000000001,0.07339369999999999,0.11593995,SPPC,AEO2026 Low Oil and Gas Supply
p55,2020,0.13142934,0.10108940000000001,0.07339369999999999,0.11593995,SPPC,AEO2026 Low Oil and Gas Supply
p55,2021,0.13142934,0.10108940000000001,0.07339369999999999,0.11593995,SPPC,AEO2026 Low Oil and Gas Supply
p55,2022,0.13142934,0.10108940000000001,0.07339369999999999,0.11593995,SPPC,AEO2026 Low Oil and Gas Supply
p55,2023,0.13142934,0.10108940000000001,0.07339369999999999,0.11593995,SPPC,AEO2026 Low Oil and Gas Supply
p55,2024,0.13142934,0.10108940000000001,0.07339369999999999,0.11593995,SPPC,AEO2026 Low Oil and Gas Supply
p55,2025,0.13142934,0.10108940000000001,0.07339369999999999,0.11593995,SPPC,AEO2026 Low Oil and Gas Supply
p55,2026,0.13273527,0.10207606,0.07409919000000001,0.11689531,SPPC,AEO2026 Low Oil and Gas Supply
p55,2027,0.13411639,0.10136502,0.0727062,0.11646428,SPPC,AEO2026 Low Oil and Gas Supply
p55,2028,0.13633763,0.10309895,0.07391483,0.11786883,SPPC,AEO2026 Low Oil and Gas Supply
p55,2029,0.14215941,0.10818003,0.07787992,0.12296789000000001,SPPC,AEO2026 Low Oil and Gas Supply
p55,2030,0.1497587,0.11471747,0.08331469999999999,0.12984107,SPPC,AEO2026 Low Oil and Gas Supply
p55,2031,0.15694746,0.12072580000000001,0.08813654,0.13679494,SPPC,AEO2026 Low Oil and Gas Supply
p55,2032,0.16999693000000002,0.13182382,0.09971026,0.14708464,SPPC,AEO2026 Low Oil and Gas Supply
p55,2033,0.17970308,0.14000163000000002,0.10557719,0.15774074999999999,SPPC,AEO2026 Low Oil and Gas Supply
p55,2034,0.18413997999999998,0.14319425,0.10921892,0.16126715,SPPC,AEO2026 Low Oil and Gas Supply
p55,2035,0.18731853,0.14543373,0.11122090999999999,0.16465225,SPPC,AEO2026 Low Oil and Gas Supply
p55,2036,0.19033978000000001,0.14738566,0.11363579,0.16680389,SPPC,AEO2026 Low Oil and Gas Supply
p55,2037,0.19628971,0.15202925,0.11829526,0.17173702,SPPC,AEO2026 Low Oil and Gas Supply
p55,2038,0.20256727000000002,0.15691426,0.12270396,0.17741415,SPPC,AEO2026 Low Oil and Gas Supply
p55,2039,0.21260004,0.16514101,0.1308512,0.18518877,SPPC,AEO2026 Low Oil and Gas Supply
p55,2040,0.22280727,0.17351049,0.13763159,0.19502666000000002,SPPC,AEO2026 Low Oil and Gas Supply
p55,2041,0.22751107999999998,0.17687422000000003,0.14025779,0.19929541,SPPC,AEO2026 Low Oil and Gas Supply
p55,2042,0.23039524,0.17869343000000001,0.14174334,0.20134070999999998,SPPC,AEO2026 Low Oil and Gas Supply
p55,2043,0.23356461,0.18081102000000002,0.14335944,0.20372671,SPPC,AEO2026 Low Oil and Gas Supply
p55,2044,0.23746767,0.18355749,0.14554143,0.20674595,SPPC,AEO2026 Low Oil and Gas Supply
p55,2045,0.24278028,0.18750767,0.14887565,0.21091094999999999,SPPC,AEO2026 Low Oil and Gas Supply
p55,2046,0.24859724,0.19194456,0.15241285,0.2159136,SPPC,AEO2026 Low Oil and Gas Supply
p55,2047,0.25374067,0.19579229,0.15548646,0.22016998000000002,SPPC,AEO2026 Low Oil and Gas Supply
p55,2048,0.25850645,0.19931898,0.1582972,0.22404694,SPPC,AEO2026 Low Oil and Gas Supply
p55,2049,0.26395609,0.20344299,0.16170216,0.22845779,SPPC,AEO2026 Low Oil and Gas Supply
p55,2050,0.27109467,0.20893318,0.16639799,0.23415244999999998,SPPC,AEO2026 Low Oil and Gas Supply
p56,2014,0.12383342000000001,0.09621352999999999,0.06570033,0.09441553000000001,SPPS,AEO2026 Low Oil and Gas Supply
p56,2015,0.12383342000000001,0.09621352999999999,0.06570033,0.09441553000000001,SPPS,AEO2026 Low Oil and Gas Supply
p56,2016,0.12383342000000001,0.09621352999999999,0.06570033,0.09441553000000001,SPPS,AEO2026 Low Oil and Gas Supply
p56,2017,0.12383342000000001,0.09621352999999999,0.06570033,0.09441553000000001,SPPS,AEO2026 Low Oil and Gas Supply
p56,2018,0.12383342000000001,0.09621352999999999,0.06570033,0.09441553000000001,SPPS,AEO2026 Low Oil and Gas Supply
p56,2019,0.12383342000000001,0.09621352999999999,0.06570033,0.09441553000000001,SPPS,AEO2026 Low Oil and Gas Supply
p56,2020,0.12383342000000001,0.09621352999999999,0.06570033,0.09441553000000001,SPPS,AEO2026 Low Oil and Gas Supply
p56,2021,0.12383342000000001,0.09621352999999999,0.06570033,0.09441553000000001,SPPS,AEO2026 Low Oil and Gas Supply
p56,2022,0.12383342000000001,0.09621352999999999,0.06570033,0.09441553000000001,SPPS,AEO2026 Low Oil and Gas Supply
p56,2023,0.12383342000000001,0.09621352999999999,0.06570033,0.09441553000000001,SPPS,AEO2026 Low Oil and Gas Supply
p56,2024,0.12383342000000001,0.09621352999999999,0.06570033,0.09441553000000001,SPPS,AEO2026 Low Oil and Gas Supply
p56,2025,0.12383342000000001,0.09621352999999999,0.06570033,0.09441553000000001,SPPS,AEO2026 Low Oil and Gas Supply
p56,2026,0.12944774,0.09728544,0.06817641,0.09763299,SPPS,AEO2026 Low Oil and Gas Supply
p56,2027,0.13329159000000002,0.1000389,0.07039234999999999,0.10030047,SPPS,AEO2026 Low Oil and Gas Supply
p56,2028,0.14119404,0.10696764,0.07606346,0.10702980999999999,SPPS,AEO2026 Low Oil and Gas Supply
p56,2029,0.14811509,0.11230567000000001,0.07973295,0.11260830999999999,SPPS,AEO2026 Low Oil and Gas Supply
p56,2030,0.15200301,0.11512997999999999,0.08172319,0.11558449,SPPS,AEO2026 Low Oil and Gas Supply
p56,2031,0.1562915,0.11882419000000001,0.08501718,0.11917196000000001,SPPS,AEO2026 Low Oil and Gas Supply
p56,2032,0.16395861,0.12584625000000002,0.09133671,0.12595685,SPPS,AEO2026 Low Oil and Gas Supply
p56,2033,0.17058727,0.13111884,0.09535128,0.13154323,SPPS,AEO2026 Low Oil and Gas Supply
p56,2034,0.17341591,0.13292384000000002,0.09660439,0.13364734,SPPS,AEO2026 Low Oil and Gas Supply
p56,2035,0.17519511999999998,0.13428995,0.09781835,0.13501348,SPPS,AEO2026 Low Oil and Gas Supply
p56,2036,0.17881891,0.13754047,0.10079558000000001,0.13804449,SPPS,AEO2026 Low Oil and Gas Supply
p56,2037,0.18516336,0.14329219,0.10581963999999999,0.14350379,SPPS,AEO2026 Low Oil and Gas Supply
p56,2038,0.19147655,0.14818735,0.10954081,0.14853755,SPPS,AEO2026 Low Oil and Gas Supply
p56,2039,0.19971544000000002,0.15572917,0.11635859,0.15545959,SPPS,AEO2026 Low Oil and Gas Supply
p56,2040,0.20909075000000002,0.16320633,0.1220656,0.16302482999999998,SPPS,AEO2026 Low Oil and Gas Supply
p56,2041,0.21585777,0.16828095999999998,0.12588787,0.16810163,SPPS,AEO2026 Low Oil and Gas Supply
p56,2042,0.22137353999999998,0.17215578,0.12869068,0.17197026999999998,SPPS,AEO2026 Low Oil and Gas Supply
p56,2043,0.22614367999999999,0.17541938999999998,0.13102961999999999,0.1751392,SPPS,AEO2026 Low Oil and Gas Supply
p56,2044,0.23129318000000001,0.17897469000000002,0.13359958,0.17856794,SPPS,AEO2026 Low Oil and Gas Supply
p56,2045,0.23692016999999999,0.18287435999999999,0.13649542,0.1822859,SPPS,AEO2026 Low Oil and Gas Supply
p56,2046,0.24316431000000002,0.18733273,0.13980683000000002,0.18656389,SPPS,AEO2026 Low Oil and Gas Supply
p56,2047,0.24940269,0.19159149,0.14285841,0.19068886,SPPS,AEO2026 Low Oil and Gas Supply
p56,2048,0.25513247,0.19536974000000001,0.14555505999999999,0.19431158,SPPS,AEO2026 Low Oil and Gas Supply
p56,2049,0.26082188,0.19917885,0.14826115,0.19788546,SPPS,AEO2026 Low Oil and Gas Supply
p56,2050,0.26676807,0.20320318,0.1511401,0.20166101,SPPS,AEO2026 Low Oil and Gas Supply
p57,2014,0.12383342000000001,0.09621352999999999,0.06570033,0.09441553000000001,SPPS,AEO2026 Low Oil and Gas Supply
p57,2015,0.12383342000000001,0.09621352999999999,0.06570033,0.09441553000000001,SPPS,AEO2026 Low Oil and Gas Supply
p57,2016,0.12383342000000001,0.09621352999999999,0.06570033,0.09441553000000001,SPPS,AEO2026 Low Oil and Gas Supply
p57,2017,0.12383342000000001,0.09621352999999999,0.06570033,0.09441553000000001,SPPS,AEO2026 Low Oil and Gas Supply
p57,2018,0.12383342000000001,0.09621352999999999,0.06570033,0.09441553000000001,SPPS,AEO2026 Low Oil and Gas Supply
p57,2019,0.12383342000000001,0.09621352999999999,0.06570033,0.09441553000000001,SPPS,AEO2026 Low Oil and Gas Supply
p57,2020,0.12383342000000001,0.09621352999999999,0.06570033,0.09441553000000001,SPPS,AEO2026 Low Oil and Gas Supply
p57,2021,0.12383342000000001,0.09621352999999999,0.06570033,0.09441553000000001,SPPS,AEO2026 Low Oil and Gas Supply
p57,2022,0.12383342000000001,0.09621352999999999,0.06570033,0.09441553000000001,SPPS,AEO2026 Low Oil and Gas Supply
p57,2023,0.12383342000000001,0.09621352999999999,0.06570033,0.09441553000000001,SPPS,AEO2026 Low Oil and Gas Supply
p57,2024,0.12383342000000001,0.09621352999999999,0.06570033,0.09441553000000001,SPPS,AEO2026 Low Oil and Gas Supply
p57,2025,0.12383342000000001,0.09621352999999999,0.06570033,0.09441553000000001,SPPS,AEO2026 Low Oil and Gas Supply
p57,2026,0.12944774,0.09728544,0.06817641,0.09763299,SPPS,AEO2026 Low Oil and Gas Supply
p57,2027,0.13329159000000002,0.1000389,0.07039234999999999,0.10030047,SPPS,AEO2026 Low Oil and Gas Supply
p57,2028,0.14119404,0.10696764,0.07606346,0.10702980999999999,SPPS,AEO2026 Low Oil and Gas Supply
p57,2029,0.14811509,0.11230567000000001,0.07973295,0.11260830999999999,SPPS,AEO2026 Low Oil and Gas Supply
p57,2030,0.15200301,0.11512997999999999,0.08172319,0.11558449,SPPS,AEO2026 Low Oil and Gas Supply
p57,2031,0.1562915,0.11882419000000001,0.08501718,0.11917196000000001,SPPS,AEO2026 Low Oil and Gas Supply
p57,2032,0.16395861,0.12584625000000002,0.09133671,0.12595685,SPPS,AEO2026 Low Oil and Gas Supply
p57,2033,0.17058727,0.13111884,0.09535128,0.13154323,SPPS,AEO2026 Low Oil and Gas Supply
p57,2034,0.17341591,0.13292384000000002,0.09660439,0.13364734,SPPS,AEO2026 Low Oil and Gas Supply
p57,2035,0.17519511999999998,0.13428995,0.09781835,0.13501348,SPPS,AEO2026 Low Oil and Gas Supply
p57,2036,0.17881891,0.13754047,0.10079558000000001,0.13804449,SPPS,AEO2026 Low Oil and Gas Supply
p57,2037,0.18516336,0.14329219,0.10581963999999999,0.14350379,SPPS,AEO2026 Low Oil and Gas Supply
p57,2038,0.19147655,0.14818735,0.10954081,0.14853755,SPPS,AEO2026 Low Oil and Gas Supply
p57,2039,0.19971544000000002,0.15572917,0.11635859,0.15545959,SPPS,AEO2026 Low Oil and Gas Supply
p57,2040,0.20909075000000002,0.16320633,0.1220656,0.16302482999999998,SPPS,AEO2026 Low Oil and Gas Supply
p57,2041,0.21585777,0.16828095999999998,0.12588787,0.16810163,SPPS,AEO2026 Low Oil and Gas Supply
p57,2042,0.22137353999999998,0.17215578,0.12869068,0.17197026999999998,SPPS,AEO2026 Low Oil and Gas Supply
p57,2043,0.22614367999999999,0.17541938999999998,0.13102961999999999,0.1751392,SPPS,AEO2026 Low Oil and Gas Supply
p57,2044,0.23129318000000001,0.17897469000000002,0.13359958,0.17856794,SPPS,AEO2026 Low Oil and Gas Supply
p57,2045,0.23692016999999999,0.18287435999999999,0.13649542,0.1822859,SPPS,AEO2026 Low Oil and Gas Supply
p57,2046,0.24316431000000002,0.18733273,0.13980683000000002,0.18656389,SPPS,AEO2026 Low Oil and Gas Supply
p57,2047,0.24940269,0.19159149,0.14285841,0.19068886,SPPS,AEO2026 Low Oil and Gas Supply
p57,2048,0.25513247,0.19536974000000001,0.14555505999999999,0.19431158,SPPS,AEO2026 Low Oil and Gas Supply
p57,2049,0.26082188,0.19917885,0.14826115,0.19788546,SPPS,AEO2026 Low Oil and Gas Supply
p57,2050,0.26676807,0.20320318,0.1511401,0.20166101,SPPS,AEO2026 Low Oil and Gas Supply
p58,2014,0.14912897,0.11665174,0.06860242999999999,0.10780977,MISS,AEO2026 Low Oil and Gas Supply
p58,2015,0.14912897,0.11665174,0.06860242999999999,0.10780977,MISS,AEO2026 Low Oil and Gas Supply
p58,2016,0.14912897,0.11665174,0.06860242999999999,0.10780977,MISS,AEO2026 Low Oil and Gas Supply
p58,2017,0.14912897,0.11665174,0.06860242999999999,0.10780977,MISS,AEO2026 Low Oil and Gas Supply
p58,2018,0.14912897,0.11665174,0.06860242999999999,0.10780977,MISS,AEO2026 Low Oil and Gas Supply
p58,2019,0.14912897,0.11665174,0.06860242999999999,0.10780977,MISS,AEO2026 Low Oil and Gas Supply
p58,2020,0.14912897,0.11665174,0.06860242999999999,0.10780977,MISS,AEO2026 Low Oil and Gas Supply
p58,2021,0.14912897,0.11665174,0.06860242999999999,0.10780977,MISS,AEO2026 Low Oil and Gas Supply
p58,2022,0.14912897,0.11665174,0.06860242999999999,0.10780977,MISS,AEO2026 Low Oil and Gas Supply
p58,2023,0.14912897,0.11665174,0.06860242999999999,0.10780977,MISS,AEO2026 Low Oil and Gas Supply
p58,2024,0.14912897,0.11665174,0.06860242999999999,0.10780977,MISS,AEO2026 Low Oil and Gas Supply
p58,2025,0.14912897,0.11665174,0.06860242999999999,0.10780977,MISS,AEO2026 Low Oil and Gas Supply
p58,2026,0.15423235,0.11944199,0.07207706,0.11317306,MISS,AEO2026 Low Oil and Gas Supply
p58,2027,0.1563025,0.11974365000000001,0.071815,0.11397839,MISS,AEO2026 Low Oil and Gas Supply
p58,2028,0.16415043,0.12791484,0.0779209,0.12090271,MISS,AEO2026 Low Oil and Gas Supply
p58,2029,0.17549826,0.13782749,0.08432034,0.13039852,MISS,AEO2026 Low Oil and Gas Supply
p58,2030,0.18343506,0.14443817,0.08848423,0.13692115,MISS,AEO2026 Low Oil and Gas Supply
p58,2031,0.18977940000000001,0.15023008000000002,0.09254167,0.14242091,MISS,AEO2026 Low Oil and Gas Supply
p58,2032,0.1993692,0.15980834,0.09992623,0.15098069,MISS,AEO2026 Low Oil and Gas Supply
p58,2033,0.20743181,0.16624296000000002,0.10383395999999999,0.15795846,MISS,AEO2026 Low Oil and Gas Supply
p58,2034,0.21151482000000002,0.16976938,0.10633129000000001,0.16150558,MISS,AEO2026 Low Oil and Gas Supply
p58,2035,0.21533297999999998,0.17333500000000002,0.10904327999999999,0.16457052,MISS,AEO2026 Low Oil and Gas Supply
p58,2036,0.21874027000000001,0.17656275000000002,0.11161559,0.16732117,MISS,AEO2026 Low Oil and Gas Supply
p58,2037,0.22291574,0.17986809,0.11370372,0.17075218,MISS,AEO2026 Low Oil and Gas Supply
p58,2038,0.22657101000000002,0.18298567,0.11583176,0.17378632,MISS,AEO2026 Low Oil and Gas Supply
p58,2039,0.23059572,0.18627797999999998,0.11798937000000001,0.17705057,MISS,AEO2026 Low Oil and Gas Supply
p58,2040,0.23531345,0.19037979,0.1207519,0.18093890999999998,MISS,AEO2026 Low Oil and Gas Supply
p58,2041,0.24156038,0.19590527000000002,0.12451886999999999,0.18613689,MISS,AEO2026 Low Oil and Gas Supply
p58,2042,0.24833714,0.20175362,0.12830145,0.19175888,MISS,AEO2026 Low Oil and Gas Supply
p58,2043,0.25466712999999996,0.20701630000000001,0.13156786,0.19701046000000003,MISS,AEO2026 Low Oil and Gas Supply
p58,2044,0.2608778,0.21223087,0.13474122,0.20210535,MISS,AEO2026 Low Oil and Gas Supply
p58,2045,0.26738947,0.21770243,0.13822159,0.20729931000000001,MISS,AEO2026 Low Oil and Gas Supply
p58,2046,0.27175325,0.22072243,0.13957639,0.21064926,MISS,AEO2026 Low Oil and Gas Supply
p58,2047,0.2748484,0.22293383,0.14073667,0.21273968,MISS,AEO2026 Low Oil and Gas Supply
p58,2048,0.2792165,0.22653587000000003,0.14293484,0.21600023000000002,MISS,AEO2026 Low Oil and Gas Supply
p58,2049,0.28442132999999997,0.23071587000000002,0.14533279,0.22002409,MISS,AEO2026 Low Oil and Gas Supply
p58,2050,0.28863565,0.23383655999999997,0.14689392,0.22314413,MISS,AEO2026 Low Oil and Gas Supply
p59,2014,0.15529811000000002,0.12543446,0.07673362,0.13464303,SRSG,AEO2026 Low Oil and Gas Supply
p59,2015,0.15529811000000002,0.12543446,0.07673362,0.13464303,SRSG,AEO2026 Low Oil and Gas Supply
p59,2016,0.15529811000000002,0.12543446,0.07673362,0.13464303,SRSG,AEO2026 Low Oil and Gas Supply
p59,2017,0.15529811000000002,0.12543446,0.07673362,0.13464303,SRSG,AEO2026 Low Oil and Gas Supply
p59,2018,0.15529811000000002,0.12543446,0.07673362,0.13464303,SRSG,AEO2026 Low Oil and Gas Supply
p59,2019,0.15529811000000002,0.12543446,0.07673362,0.13464303,SRSG,AEO2026 Low Oil and Gas Supply
p59,2020,0.15529811000000002,0.12543446,0.07673362,0.13464303,SRSG,AEO2026 Low Oil and Gas Supply
p59,2021,0.15529811000000002,0.12543446,0.07673362,0.13464303,SRSG,AEO2026 Low Oil and Gas Supply
p59,2022,0.15529811000000002,0.12543446,0.07673362,0.13464303,SRSG,AEO2026 Low Oil and Gas Supply
p59,2023,0.15529811000000002,0.12543446,0.07673362,0.13464303,SRSG,AEO2026 Low Oil and Gas Supply
p59,2024,0.15529811000000002,0.12543446,0.07673362,0.13464303,SRSG,AEO2026 Low Oil and Gas Supply
p59,2025,0.15529811000000002,0.12543446,0.07673362,0.13464303,SRSG,AEO2026 Low Oil and Gas Supply
p59,2026,0.16213627,0.1301182,0.07835028999999999,0.1386131,SRSG,AEO2026 Low Oil and Gas Supply
p59,2027,0.16477315999999997,0.13042303,0.07752123,0.13913835,SRSG,AEO2026 Low Oil and Gas Supply
p59,2028,0.16775321999999998,0.13263463,0.0784477,0.14079538,SRSG,AEO2026 Low Oil and Gas Supply
p59,2029,0.17266315,0.13654563,0.08023702,0.14457278,SRSG,AEO2026 Low Oil and Gas Supply
p59,2030,0.17636477,0.13913756,0.08125518,0.14736205,SRSG,AEO2026 Low Oil and Gas Supply
p59,2031,0.18134616999999997,0.14316781,0.08378959,0.15120231,SRSG,AEO2026 Low Oil and Gas Supply
p59,2032,0.18680983,0.14762307,0.08661012,0.15565511,SRSG,AEO2026 Low Oil and Gas Supply
p59,2033,0.19012709,0.14963305,0.08747804,0.15814384,SRSG,AEO2026 Low Oil and Gas Supply
p59,2034,0.19232106999999998,0.15045145,0.08782088,0.15932570000000001,SRSG,AEO2026 Low Oil and Gas Supply
p59,2035,0.19542835,0.15246524,0.08939246,0.16121860999999998,SRSG,AEO2026 Low Oil and Gas Supply
p59,2036,0.20104813,0.15680383,0.09275764,0.16533772,SRSG,AEO2026 Low Oil and Gas Supply
p59,2037,0.20986588,0.16403355,0.09794014000000001,0.17242735,SRSG,AEO2026 Low Oil and Gas Supply
p59,2038,0.21669671999999998,0.16892199000000002,0.10094924000000001,0.17776186,SRSG,AEO2026 Low Oil and Gas Supply
p59,2039,0.22261057,0.17311905,0.10385552,0.18193716,SRSG,AEO2026 Low Oil and Gas Supply
p59,2040,0.22876385,0.17719498,0.10639801,0.18617523,SRSG,AEO2026 Low Oil and Gas Supply
p59,2041,0.23382774,0.18017365999999999,0.10816395999999999,0.18934578,SRSG,AEO2026 Low Oil and Gas Supply
p59,2042,0.23883562000000003,0.1831477,0.10942044,0.19253836,SRSG,AEO2026 Low Oil and Gas Supply
p59,2043,0.24380427999999998,0.18605474,0.11074367,0.19554443,SRSG,AEO2026 Low Oil and Gas Supply
p59,2044,0.24921425,0.18939739,0.11244296000000001,0.19884892,SRSG,AEO2026 Low Oil and Gas Supply
p59,2045,0.25510964999999997,0.19299524,0.11449745,0.20249445000000002,SRSG,AEO2026 Low Oil and Gas Supply
p59,2046,0.26062466,0.19622576,0.11630582,0.20578854,SRSG,AEO2026 Low Oil and Gas Supply
p59,2047,0.26661366999999997,0.19994631,0.11855115,0.20944120000000002,SRSG,AEO2026 Low Oil and Gas Supply
p59,2048,0.27260721,0.20353432000000002,0.12059601,0.21308001000000001,SRSG,AEO2026 Low Oil and Gas Supply
p59,2049,0.27830328000000004,0.20696144,0.12226954,0.21664064,SRSG,AEO2026 Low Oil and Gas Supply
p59,2050,0.28445671,0.21075058,0.12456176,0.22036572,SRSG,AEO2026 Low Oil and Gas Supply
p60,2014,0.12322222999999999,0.09072545,0.07601426,0.09695176999999999,TRE,AEO2026 Low Oil and Gas Supply
p60,2015,0.12322222999999999,0.09072545,0.07601426,0.09695176999999999,TRE,AEO2026 Low Oil and Gas Supply
p60,2016,0.12322222999999999,0.09072545,0.07601426,0.09695176999999999,TRE,AEO2026 Low Oil and Gas Supply
p60,2017,0.12322222999999999,0.09072545,0.07601426,0.09695176999999999,TRE,AEO2026 Low Oil and Gas Supply
p60,2018,0.12322222999999999,0.09072545,0.07601426,0.09695176999999999,TRE,AEO2026 Low Oil and Gas Supply
p60,2019,0.12322222999999999,0.09072545,0.07601426,0.09695176999999999,TRE,AEO2026 Low Oil and Gas Supply
p60,2020,0.12322222999999999,0.09072545,0.07601426,0.09695176999999999,TRE,AEO2026 Low Oil and Gas Supply
p60,2021,0.12322222999999999,0.09072545,0.07601426,0.09695176999999999,TRE,AEO2026 Low Oil and Gas Supply
p60,2022,0.12322222999999999,0.09072545,0.07601426,0.09695176999999999,TRE,AEO2026 Low Oil and Gas Supply
p60,2023,0.12322222999999999,0.09072545,0.07601426,0.09695176999999999,TRE,AEO2026 Low Oil and Gas Supply
p60,2024,0.12322222999999999,0.09072545,0.07601426,0.09695176999999999,TRE,AEO2026 Low Oil and Gas Supply
p60,2025,0.12322222999999999,0.09072545,0.07601426,0.09695176999999999,TRE,AEO2026 Low Oil and Gas Supply
p60,2026,0.12104931000000001,0.08618456999999999,0.07121128,0.09359843,TRE,AEO2026 Low Oil and Gas Supply
p60,2027,0.13350695,0.09745642,0.08141439,0.10488395,TRE,AEO2026 Low Oil and Gas Supply
p60,2028,0.14998686,0.11260306,0.09571046000000001,0.12035742,TRE,AEO2026 Low Oil and Gas Supply
p60,2029,0.15901085,0.12000721,0.10227718,0.12801600999999999,TRE,AEO2026 Low Oil and Gas Supply
p60,2030,0.16303335,0.12252769000000001,0.10398529,0.13089783,TRE,AEO2026 Low Oil and Gas Supply
p60,2031,0.17972296,0.13720428,0.11591188000000001,0.14541291,TRE,AEO2026 Low Oil and Gas Supply
p60,2032,0.17938803,0.13674599,0.11733389000000001,0.14600581999999998,TRE,AEO2026 Low Oil and Gas Supply
p60,2033,0.19349995,0.14944636,0.12857056,0.15927636,TRE,AEO2026 Low Oil and Gas Supply
p60,2034,0.19123192,0.14510134,0.12331070000000001,0.15489725,TRE,AEO2026 Low Oil and Gas Supply
p60,2035,0.18354443,0.13597935,0.11276618,0.14571499,TRE,AEO2026 Low Oil and Gas Supply
p60,2036,0.18061659,0.13192492,0.10753797999999999,0.14150333,TRE,AEO2026 Low Oil and Gas Supply
p60,2037,0.18374655,0.13391602,0.10858193999999999,0.1436252,TRE,AEO2026 Low Oil and Gas Supply
p60,2038,0.19685223000000002,0.14428571,0.11720924999999999,0.1549991,TRE,AEO2026 Low Oil and Gas Supply
p60,2039,0.19417524,0.1413341,0.11467422,0.1521327,TRE,AEO2026 Low Oil and Gas Supply
p60,2040,0.19975845,0.14552759999999998,0.11801096,0.15655738,TRE,AEO2026 Low Oil and Gas Supply
p60,2041,0.20722904,0.15153388,0.1230102,0.16266577000000002,TRE,AEO2026 Low Oil and Gas Supply
p60,2042,0.21560013,0.1583287,0.12873363,0.16954156999999997,TRE,AEO2026 Low Oil and Gas Supply
p60,2043,0.22235797999999998,0.16359638,0.13290346,0.17500185,TRE,AEO2026 Low Oil and Gas Supply
p60,2044,0.22757351,0.16761143,0.1359887,0.17910561000000003,TRE,AEO2026 Low Oil and Gas Supply
p60,2045,0.23426195,0.17282772000000002,0.14019196,0.18431125999999998,TRE,AEO2026 Low Oil and Gas Supply
p60,2046,0.24135131999999998,0.17834877,0.14462028999999998,0.18986401,TRE,AEO2026 Low Oil and Gas Supply
p60,2047,0.24788189,0.18329241,0.14853479,0.19488544000000002,TRE,AEO2026 Low Oil and Gas Supply
p60,2048,0.25378248,0.18760090000000001,0.15189940999999998,0.19915398,TRE,AEO2026 Low Oil and Gas Supply
p60,2049,0.25956985,0.19166073,0.15505079,0.20315605,TRE,AEO2026 Low Oil and Gas Supply
p60,2050,0.26597893,0.19620985000000002,0.15853577,0.20772537,TRE,AEO2026 Low Oil and Gas Supply
p61,2014,0.12322222999999999,0.09072545,0.07601426,0.09695176999999999,TRE,AEO2026 Low Oil and Gas Supply
p61,2015,0.12322222999999999,0.09072545,0.07601426,0.09695176999999999,TRE,AEO2026 Low Oil and Gas Supply
p61,2016,0.12322222999999999,0.09072545,0.07601426,0.09695176999999999,TRE,AEO2026 Low Oil and Gas Supply
p61,2017,0.12322222999999999,0.09072545,0.07601426,0.09695176999999999,TRE,AEO2026 Low Oil and Gas Supply
p61,2018,0.12322222999999999,0.09072545,0.07601426,0.09695176999999999,TRE,AEO2026 Low Oil and Gas Supply
p61,2019,0.12322222999999999,0.09072545,0.07601426,0.09695176999999999,TRE,AEO2026 Low Oil and Gas Supply
p61,2020,0.12322222999999999,0.09072545,0.07601426,0.09695176999999999,TRE,AEO2026 Low Oil and Gas Supply
p61,2021,0.12322222999999999,0.09072545,0.07601426,0.09695176999999999,TRE,AEO2026 Low Oil and Gas Supply
p61,2022,0.12322222999999999,0.09072545,0.07601426,0.09695176999999999,TRE,AEO2026 Low Oil and Gas Supply
p61,2023,0.12322222999999999,0.09072545,0.07601426,0.09695176999999999,TRE,AEO2026 Low Oil and Gas Supply
p61,2024,0.12322222999999999,0.09072545,0.07601426,0.09695176999999999,TRE,AEO2026 Low Oil and Gas Supply
p61,2025,0.12322222999999999,0.09072545,0.07601426,0.09695176999999999,TRE,AEO2026 Low Oil and Gas Supply
p61,2026,0.12104931000000001,0.08618456999999999,0.07121128,0.09359843,TRE,AEO2026 Low Oil and Gas Supply
p61,2027,0.13350695,0.09745642,0.08141439,0.10488395,TRE,AEO2026 Low Oil and Gas Supply
p61,2028,0.14998686,0.11260306,0.09571046000000001,0.12035742,TRE,AEO2026 Low Oil and Gas Supply
p61,2029,0.15901085,0.12000721,0.10227718,0.12801600999999999,TRE,AEO2026 Low Oil and Gas Supply
p61,2030,0.16303335,0.12252769000000001,0.10398529,0.13089783,TRE,AEO2026 Low Oil and Gas Supply
p61,2031,0.17972296,0.13720428,0.11591188000000001,0.14541291,TRE,AEO2026 Low Oil and Gas Supply
p61,2032,0.17938803,0.13674599,0.11733389000000001,0.14600581999999998,TRE,AEO2026 Low Oil and Gas Supply
p61,2033,0.19349995,0.14944636,0.12857056,0.15927636,TRE,AEO2026 Low Oil and Gas Supply
p61,2034,0.19123192,0.14510134,0.12331070000000001,0.15489725,TRE,AEO2026 Low Oil and Gas Supply
p61,2035,0.18354443,0.13597935,0.11276618,0.14571499,TRE,AEO2026 Low Oil and Gas Supply
p61,2036,0.18061659,0.13192492,0.10753797999999999,0.14150333,TRE,AEO2026 Low Oil and Gas Supply
p61,2037,0.18374655,0.13391602,0.10858193999999999,0.1436252,TRE,AEO2026 Low Oil and Gas Supply
p61,2038,0.19685223000000002,0.14428571,0.11720924999999999,0.1549991,TRE,AEO2026 Low Oil and Gas Supply
p61,2039,0.19417524,0.1413341,0.11467422,0.1521327,TRE,AEO2026 Low Oil and Gas Supply
p61,2040,0.19975845,0.14552759999999998,0.11801096,0.15655738,TRE,AEO2026 Low Oil and Gas Supply
p61,2041,0.20722904,0.15153388,0.1230102,0.16266577000000002,TRE,AEO2026 Low Oil and Gas Supply
p61,2042,0.21560013,0.1583287,0.12873363,0.16954156999999997,TRE,AEO2026 Low Oil and Gas Supply
p61,2043,0.22235797999999998,0.16359638,0.13290346,0.17500185,TRE,AEO2026 Low Oil and Gas Supply
p61,2044,0.22757351,0.16761143,0.1359887,0.17910561000000003,TRE,AEO2026 Low Oil and Gas Supply
p61,2045,0.23426195,0.17282772000000002,0.14019196,0.18431125999999998,TRE,AEO2026 Low Oil and Gas Supply
p61,2046,0.24135131999999998,0.17834877,0.14462028999999998,0.18986401,TRE,AEO2026 Low Oil and Gas Supply
p61,2047,0.24788189,0.18329241,0.14853479,0.19488544000000002,TRE,AEO2026 Low Oil and Gas Supply
p61,2048,0.25378248,0.18760090000000001,0.15189940999999998,0.19915398,TRE,AEO2026 Low Oil and Gas Supply
p61,2049,0.25956985,0.19166073,0.15505079,0.20315605,TRE,AEO2026 Low Oil and Gas Supply
p61,2050,0.26597893,0.19620985000000002,0.15853577,0.20772537,TRE,AEO2026 Low Oil and Gas Supply
p62,2014,0.12322222999999999,0.09072545,0.07601426,0.09695176999999999,TRE,AEO2026 Low Oil and Gas Supply
p62,2015,0.12322222999999999,0.09072545,0.07601426,0.09695176999999999,TRE,AEO2026 Low Oil and Gas Supply
p62,2016,0.12322222999999999,0.09072545,0.07601426,0.09695176999999999,TRE,AEO2026 Low Oil and Gas Supply
p62,2017,0.12322222999999999,0.09072545,0.07601426,0.09695176999999999,TRE,AEO2026 Low Oil and Gas Supply
p62,2018,0.12322222999999999,0.09072545,0.07601426,0.09695176999999999,TRE,AEO2026 Low Oil and Gas Supply
p62,2019,0.12322222999999999,0.09072545,0.07601426,0.09695176999999999,TRE,AEO2026 Low Oil and Gas Supply
p62,2020,0.12322222999999999,0.09072545,0.07601426,0.09695176999999999,TRE,AEO2026 Low Oil and Gas Supply
p62,2021,0.12322222999999999,0.09072545,0.07601426,0.09695176999999999,TRE,AEO2026 Low Oil and Gas Supply
p62,2022,0.12322222999999999,0.09072545,0.07601426,0.09695176999999999,TRE,AEO2026 Low Oil and Gas Supply
p62,2023,0.12322222999999999,0.09072545,0.07601426,0.09695176999999999,TRE,AEO2026 Low Oil and Gas Supply
p62,2024,0.12322222999999999,0.09072545,0.07601426,0.09695176999999999,TRE,AEO2026 Low Oil and Gas Supply
p62,2025,0.12322222999999999,0.09072545,0.07601426,0.09695176999999999,TRE,AEO2026 Low Oil and Gas Supply
p62,2026,0.12104931000000001,0.08618456999999999,0.07121128,0.09359843,TRE,AEO2026 Low Oil and Gas Supply
p62,2027,0.13350695,0.09745642,0.08141439,0.10488395,TRE,AEO2026 Low Oil and Gas Supply
p62,2028,0.14998686,0.11260306,0.09571046000000001,0.12035742,TRE,AEO2026 Low Oil and Gas Supply
p62,2029,0.15901085,0.12000721,0.10227718,0.12801600999999999,TRE,AEO2026 Low Oil and Gas Supply
p62,2030,0.16303335,0.12252769000000001,0.10398529,0.13089783,TRE,AEO2026 Low Oil and Gas Supply
p62,2031,0.17972296,0.13720428,0.11591188000000001,0.14541291,TRE,AEO2026 Low Oil and Gas Supply
p62,2032,0.17938803,0.13674599,0.11733389000000001,0.14600581999999998,TRE,AEO2026 Low Oil and Gas Supply
p62,2033,0.19349995,0.14944636,0.12857056,0.15927636,TRE,AEO2026 Low Oil and Gas Supply
p62,2034,0.19123192,0.14510134,0.12331070000000001,0.15489725,TRE,AEO2026 Low Oil and Gas Supply
p62,2035,0.18354443,0.13597935,0.11276618,0.14571499,TRE,AEO2026 Low Oil and Gas Supply
p62,2036,0.18061659,0.13192492,0.10753797999999999,0.14150333,TRE,AEO2026 Low Oil and Gas Supply
p62,2037,0.18374655,0.13391602,0.10858193999999999,0.1436252,TRE,AEO2026 Low Oil and Gas Supply
p62,2038,0.19685223000000002,0.14428571,0.11720924999999999,0.1549991,TRE,AEO2026 Low Oil and Gas Supply
p62,2039,0.19417524,0.1413341,0.11467422,0.1521327,TRE,AEO2026 Low Oil and Gas Supply
p62,2040,0.19975845,0.14552759999999998,0.11801096,0.15655738,TRE,AEO2026 Low Oil and Gas Supply
p62,2041,0.20722904,0.15153388,0.1230102,0.16266577000000002,TRE,AEO2026 Low Oil and Gas Supply
p62,2042,0.21560013,0.1583287,0.12873363,0.16954156999999997,TRE,AEO2026 Low Oil and Gas Supply
p62,2043,0.22235797999999998,0.16359638,0.13290346,0.17500185,TRE,AEO2026 Low Oil and Gas Supply
p62,2044,0.22757351,0.16761143,0.1359887,0.17910561000000003,TRE,AEO2026 Low Oil and Gas Supply
p62,2045,0.23426195,0.17282772000000002,0.14019196,0.18431125999999998,TRE,AEO2026 Low Oil and Gas Supply
p62,2046,0.24135131999999998,0.17834877,0.14462028999999998,0.18986401,TRE,AEO2026 Low Oil and Gas Supply
p62,2047,0.24788189,0.18329241,0.14853479,0.19488544000000002,TRE,AEO2026 Low Oil and Gas Supply
p62,2048,0.25378248,0.18760090000000001,0.15189940999999998,0.19915398,TRE,AEO2026 Low Oil and Gas Supply
p62,2049,0.25956985,0.19166073,0.15505079,0.20315605,TRE,AEO2026 Low Oil and Gas Supply
p62,2050,0.26597893,0.19620985000000002,0.15853577,0.20772537,TRE,AEO2026 Low Oil and Gas Supply
p63,2014,0.12322222999999999,0.09072545,0.07601426,0.09695176999999999,TRE,AEO2026 Low Oil and Gas Supply
p63,2015,0.12322222999999999,0.09072545,0.07601426,0.09695176999999999,TRE,AEO2026 Low Oil and Gas Supply
p63,2016,0.12322222999999999,0.09072545,0.07601426,0.09695176999999999,TRE,AEO2026 Low Oil and Gas Supply
p63,2017,0.12322222999999999,0.09072545,0.07601426,0.09695176999999999,TRE,AEO2026 Low Oil and Gas Supply
p63,2018,0.12322222999999999,0.09072545,0.07601426,0.09695176999999999,TRE,AEO2026 Low Oil and Gas Supply
p63,2019,0.12322222999999999,0.09072545,0.07601426,0.09695176999999999,TRE,AEO2026 Low Oil and Gas Supply
p63,2020,0.12322222999999999,0.09072545,0.07601426,0.09695176999999999,TRE,AEO2026 Low Oil and Gas Supply
p63,2021,0.12322222999999999,0.09072545,0.07601426,0.09695176999999999,TRE,AEO2026 Low Oil and Gas Supply
p63,2022,0.12322222999999999,0.09072545,0.07601426,0.09695176999999999,TRE,AEO2026 Low Oil and Gas Supply
p63,2023,0.12322222999999999,0.09072545,0.07601426,0.09695176999999999,TRE,AEO2026 Low Oil and Gas Supply
p63,2024,0.12322222999999999,0.09072545,0.07601426,0.09695176999999999,TRE,AEO2026 Low Oil and Gas Supply
p63,2025,0.12322222999999999,0.09072545,0.07601426,0.09695176999999999,TRE,AEO2026 Low Oil and Gas Supply
p63,2026,0.12104931000000001,0.08618456999999999,0.07121128,0.09359843,TRE,AEO2026 Low Oil and Gas Supply
p63,2027,0.13350695,0.09745642,0.08141439,0.10488395,TRE,AEO2026 Low Oil and Gas Supply
p63,2028,0.14998686,0.11260306,0.09571046000000001,0.12035742,TRE,AEO2026 Low Oil and Gas Supply
p63,2029,0.15901085,0.12000721,0.10227718,0.12801600999999999,TRE,AEO2026 Low Oil and Gas Supply
p63,2030,0.16303335,0.12252769000000001,0.10398529,0.13089783,TRE,AEO2026 Low Oil and Gas Supply
p63,2031,0.17972296,0.13720428,0.11591188000000001,0.14541291,TRE,AEO2026 Low Oil and Gas Supply
p63,2032,0.17938803,0.13674599,0.11733389000000001,0.14600581999999998,TRE,AEO2026 Low Oil and Gas Supply
p63,2033,0.19349995,0.14944636,0.12857056,0.15927636,TRE,AEO2026 Low Oil and Gas Supply
p63,2034,0.19123192,0.14510134,0.12331070000000001,0.15489725,TRE,AEO2026 Low Oil and Gas Supply
p63,2035,0.18354443,0.13597935,0.11276618,0.14571499,TRE,AEO2026 Low Oil and Gas Supply
p63,2036,0.18061659,0.13192492,0.10753797999999999,0.14150333,TRE,AEO2026 Low Oil and Gas Supply
p63,2037,0.18374655,0.13391602,0.10858193999999999,0.1436252,TRE,AEO2026 Low Oil and Gas Supply
p63,2038,0.19685223000000002,0.14428571,0.11720924999999999,0.1549991,TRE,AEO2026 Low Oil and Gas Supply
p63,2039,0.19417524,0.1413341,0.11467422,0.1521327,TRE,AEO2026 Low Oil and Gas Supply
p63,2040,0.19975845,0.14552759999999998,0.11801096,0.15655738,TRE,AEO2026 Low Oil and Gas Supply
p63,2041,0.20722904,0.15153388,0.1230102,0.16266577000000002,TRE,AEO2026 Low Oil and Gas Supply
p63,2042,0.21560013,0.1583287,0.12873363,0.16954156999999997,TRE,AEO2026 Low Oil and Gas Supply
p63,2043,0.22235797999999998,0.16359638,0.13290346,0.17500185,TRE,AEO2026 Low Oil and Gas Supply
p63,2044,0.22757351,0.16761143,0.1359887,0.17910561000000003,TRE,AEO2026 Low Oil and Gas Supply
p63,2045,0.23426195,0.17282772000000002,0.14019196,0.18431125999999998,TRE,AEO2026 Low Oil and Gas Supply
p63,2046,0.24135131999999998,0.17834877,0.14462028999999998,0.18986401,TRE,AEO2026 Low Oil and Gas Supply
p63,2047,0.24788189,0.18329241,0.14853479,0.19488544000000002,TRE,AEO2026 Low Oil and Gas Supply
p63,2048,0.25378248,0.18760090000000001,0.15189940999999998,0.19915398,TRE,AEO2026 Low Oil and Gas Supply
p63,2049,0.25956985,0.19166073,0.15505079,0.20315605,TRE,AEO2026 Low Oil and Gas Supply
p63,2050,0.26597893,0.19620985000000002,0.15853577,0.20772537,TRE,AEO2026 Low Oil and Gas Supply
p64,2014,0.12322222999999999,0.09072545,0.07601426,0.09695176999999999,TRE,AEO2026 Low Oil and Gas Supply
p64,2015,0.12322222999999999,0.09072545,0.07601426,0.09695176999999999,TRE,AEO2026 Low Oil and Gas Supply
p64,2016,0.12322222999999999,0.09072545,0.07601426,0.09695176999999999,TRE,AEO2026 Low Oil and Gas Supply
p64,2017,0.12322222999999999,0.09072545,0.07601426,0.09695176999999999,TRE,AEO2026 Low Oil and Gas Supply
p64,2018,0.12322222999999999,0.09072545,0.07601426,0.09695176999999999,TRE,AEO2026 Low Oil and Gas Supply
p64,2019,0.12322222999999999,0.09072545,0.07601426,0.09695176999999999,TRE,AEO2026 Low Oil and Gas Supply
p64,2020,0.12322222999999999,0.09072545,0.07601426,0.09695176999999999,TRE,AEO2026 Low Oil and Gas Supply
p64,2021,0.12322222999999999,0.09072545,0.07601426,0.09695176999999999,TRE,AEO2026 Low Oil and Gas Supply
p64,2022,0.12322222999999999,0.09072545,0.07601426,0.09695176999999999,TRE,AEO2026 Low Oil and Gas Supply
p64,2023,0.12322222999999999,0.09072545,0.07601426,0.09695176999999999,TRE,AEO2026 Low Oil and Gas Supply
p64,2024,0.12322222999999999,0.09072545,0.07601426,0.09695176999999999,TRE,AEO2026 Low Oil and Gas Supply
p64,2025,0.12322222999999999,0.09072545,0.07601426,0.09695176999999999,TRE,AEO2026 Low Oil and Gas Supply
p64,2026,0.12104931000000001,0.08618456999999999,0.07121128,0.09359843,TRE,AEO2026 Low Oil and Gas Supply
p64,2027,0.13350695,0.09745642,0.08141439,0.10488395,TRE,AEO2026 Low Oil and Gas Supply
p64,2028,0.14998686,0.11260306,0.09571046000000001,0.12035742,TRE,AEO2026 Low Oil and Gas Supply
p64,2029,0.15901085,0.12000721,0.10227718,0.12801600999999999,TRE,AEO2026 Low Oil and Gas Supply
p64,2030,0.16303335,0.12252769000000001,0.10398529,0.13089783,TRE,AEO2026 Low Oil and Gas Supply
p64,2031,0.17972296,0.13720428,0.11591188000000001,0.14541291,TRE,AEO2026 Low Oil and Gas Supply
p64,2032,0.17938803,0.13674599,0.11733389000000001,0.14600581999999998,TRE,AEO2026 Low Oil and Gas Supply
p64,2033,0.19349995,0.14944636,0.12857056,0.15927636,TRE,AEO2026 Low Oil and Gas Supply
p64,2034,0.19123192,0.14510134,0.12331070000000001,0.15489725,TRE,AEO2026 Low Oil and Gas Supply
p64,2035,0.18354443,0.13597935,0.11276618,0.14571499,TRE,AEO2026 Low Oil and Gas Supply
p64,2036,0.18061659,0.13192492,0.10753797999999999,0.14150333,TRE,AEO2026 Low Oil and Gas Supply
p64,2037,0.18374655,0.13391602,0.10858193999999999,0.1436252,TRE,AEO2026 Low Oil and Gas Supply
p64,2038,0.19685223000000002,0.14428571,0.11720924999999999,0.1549991,TRE,AEO2026 Low Oil and Gas Supply
p64,2039,0.19417524,0.1413341,0.11467422,0.1521327,TRE,AEO2026 Low Oil and Gas Supply
p64,2040,0.19975845,0.14552759999999998,0.11801096,0.15655738,TRE,AEO2026 Low Oil and Gas Supply
p64,2041,0.20722904,0.15153388,0.1230102,0.16266577000000002,TRE,AEO2026 Low Oil and Gas Supply
p64,2042,0.21560013,0.1583287,0.12873363,0.16954156999999997,TRE,AEO2026 Low Oil and Gas Supply
p64,2043,0.22235797999999998,0.16359638,0.13290346,0.17500185,TRE,AEO2026 Low Oil and Gas Supply
p64,2044,0.22757351,0.16761143,0.1359887,0.17910561000000003,TRE,AEO2026 Low Oil and Gas Supply
p64,2045,0.23426195,0.17282772000000002,0.14019196,0.18431125999999998,TRE,AEO2026 Low Oil and Gas Supply
p64,2046,0.24135131999999998,0.17834877,0.14462028999999998,0.18986401,TRE,AEO2026 Low Oil and Gas Supply
p64,2047,0.24788189,0.18329241,0.14853479,0.19488544000000002,TRE,AEO2026 Low Oil and Gas Supply
p64,2048,0.25378248,0.18760090000000001,0.15189940999999998,0.19915398,TRE,AEO2026 Low Oil and Gas Supply
p64,2049,0.25956985,0.19166073,0.15505079,0.20315605,TRE,AEO2026 Low Oil and Gas Supply
p64,2050,0.26597893,0.19620985000000002,0.15853577,0.20772537,TRE,AEO2026 Low Oil and Gas Supply
p65,2014,0.12322222999999999,0.09072545,0.07601426,0.09695176999999999,TRE,AEO2026 Low Oil and Gas Supply
p65,2015,0.12322222999999999,0.09072545,0.07601426,0.09695176999999999,TRE,AEO2026 Low Oil and Gas Supply
p65,2016,0.12322222999999999,0.09072545,0.07601426,0.09695176999999999,TRE,AEO2026 Low Oil and Gas Supply
p65,2017,0.12322222999999999,0.09072545,0.07601426,0.09695176999999999,TRE,AEO2026 Low Oil and Gas Supply
p65,2018,0.12322222999999999,0.09072545,0.07601426,0.09695176999999999,TRE,AEO2026 Low Oil and Gas Supply
p65,2019,0.12322222999999999,0.09072545,0.07601426,0.09695176999999999,TRE,AEO2026 Low Oil and Gas Supply
p65,2020,0.12322222999999999,0.09072545,0.07601426,0.09695176999999999,TRE,AEO2026 Low Oil and Gas Supply
p65,2021,0.12322222999999999,0.09072545,0.07601426,0.09695176999999999,TRE,AEO2026 Low Oil and Gas Supply
p65,2022,0.12322222999999999,0.09072545,0.07601426,0.09695176999999999,TRE,AEO2026 Low Oil and Gas Supply
p65,2023,0.12322222999999999,0.09072545,0.07601426,0.09695176999999999,TRE,AEO2026 Low Oil and Gas Supply
p65,2024,0.12322222999999999,0.09072545,0.07601426,0.09695176999999999,TRE,AEO2026 Low Oil and Gas Supply
p65,2025,0.12322222999999999,0.09072545,0.07601426,0.09695176999999999,TRE,AEO2026 Low Oil and Gas Supply
p65,2026,0.12104931000000001,0.08618456999999999,0.07121128,0.09359843,TRE,AEO2026 Low Oil and Gas Supply
p65,2027,0.13350695,0.09745642,0.08141439,0.10488395,TRE,AEO2026 Low Oil and Gas Supply
p65,2028,0.14998686,0.11260306,0.09571046000000001,0.12035742,TRE,AEO2026 Low Oil and Gas Supply
p65,2029,0.15901085,0.12000721,0.10227718,0.12801600999999999,TRE,AEO2026 Low Oil and Gas Supply
p65,2030,0.16303335,0.12252769000000001,0.10398529,0.13089783,TRE,AEO2026 Low Oil and Gas Supply
p65,2031,0.17972296,0.13720428,0.11591188000000001,0.14541291,TRE,AEO2026 Low Oil and Gas Supply
p65,2032,0.17938803,0.13674599,0.11733389000000001,0.14600581999999998,TRE,AEO2026 Low Oil and Gas Supply
p65,2033,0.19349995,0.14944636,0.12857056,0.15927636,TRE,AEO2026 Low Oil and Gas Supply
p65,2034,0.19123192,0.14510134,0.12331070000000001,0.15489725,TRE,AEO2026 Low Oil and Gas Supply
p65,2035,0.18354443,0.13597935,0.11276618,0.14571499,TRE,AEO2026 Low Oil and Gas Supply
p65,2036,0.18061659,0.13192492,0.10753797999999999,0.14150333,TRE,AEO2026 Low Oil and Gas Supply
p65,2037,0.18374655,0.13391602,0.10858193999999999,0.1436252,TRE,AEO2026 Low Oil and Gas Supply
p65,2038,0.19685223000000002,0.14428571,0.11720924999999999,0.1549991,TRE,AEO2026 Low Oil and Gas Supply
p65,2039,0.19417524,0.1413341,0.11467422,0.1521327,TRE,AEO2026 Low Oil and Gas Supply
p65,2040,0.19975845,0.14552759999999998,0.11801096,0.15655738,TRE,AEO2026 Low Oil and Gas Supply
p65,2041,0.20722904,0.15153388,0.1230102,0.16266577000000002,TRE,AEO2026 Low Oil and Gas Supply
p65,2042,0.21560013,0.1583287,0.12873363,0.16954156999999997,TRE,AEO2026 Low Oil and Gas Supply
p65,2043,0.22235797999999998,0.16359638,0.13290346,0.17500185,TRE,AEO2026 Low Oil and Gas Supply
p65,2044,0.22757351,0.16761143,0.1359887,0.17910561000000003,TRE,AEO2026 Low Oil and Gas Supply
p65,2045,0.23426195,0.17282772000000002,0.14019196,0.18431125999999998,TRE,AEO2026 Low Oil and Gas Supply
p65,2046,0.24135131999999998,0.17834877,0.14462028999999998,0.18986401,TRE,AEO2026 Low Oil and Gas Supply
p65,2047,0.24788189,0.18329241,0.14853479,0.19488544000000002,TRE,AEO2026 Low Oil and Gas Supply
p65,2048,0.25378248,0.18760090000000001,0.15189940999999998,0.19915398,TRE,AEO2026 Low Oil and Gas Supply
p65,2049,0.25956985,0.19166073,0.15505079,0.20315605,TRE,AEO2026 Low Oil and Gas Supply
p65,2050,0.26597893,0.19620985000000002,0.15853577,0.20772537,TRE,AEO2026 Low Oil and Gas Supply
p66,2014,0.12322222999999999,0.09072545,0.07601426,0.09695176999999999,TRE,AEO2026 Low Oil and Gas Supply
p66,2015,0.12322222999999999,0.09072545,0.07601426,0.09695176999999999,TRE,AEO2026 Low Oil and Gas Supply
p66,2016,0.12322222999999999,0.09072545,0.07601426,0.09695176999999999,TRE,AEO2026 Low Oil and Gas Supply
p66,2017,0.12322222999999999,0.09072545,0.07601426,0.09695176999999999,TRE,AEO2026 Low Oil and Gas Supply
p66,2018,0.12322222999999999,0.09072545,0.07601426,0.09695176999999999,TRE,AEO2026 Low Oil and Gas Supply
p66,2019,0.12322222999999999,0.09072545,0.07601426,0.09695176999999999,TRE,AEO2026 Low Oil and Gas Supply
p66,2020,0.12322222999999999,0.09072545,0.07601426,0.09695176999999999,TRE,AEO2026 Low Oil and Gas Supply
p66,2021,0.12322222999999999,0.09072545,0.07601426,0.09695176999999999,TRE,AEO2026 Low Oil and Gas Supply
p66,2022,0.12322222999999999,0.09072545,0.07601426,0.09695176999999999,TRE,AEO2026 Low Oil and Gas Supply
p66,2023,0.12322222999999999,0.09072545,0.07601426,0.09695176999999999,TRE,AEO2026 Low Oil and Gas Supply
p66,2024,0.12322222999999999,0.09072545,0.07601426,0.09695176999999999,TRE,AEO2026 Low Oil and Gas Supply
p66,2025,0.12322222999999999,0.09072545,0.07601426,0.09695176999999999,TRE,AEO2026 Low Oil and Gas Supply
p66,2026,0.12104931000000001,0.08618456999999999,0.07121128,0.09359843,TRE,AEO2026 Low Oil and Gas Supply
p66,2027,0.13350695,0.09745642,0.08141439,0.10488395,TRE,AEO2026 Low Oil and Gas Supply
p66,2028,0.14998686,0.11260306,0.09571046000000001,0.12035742,TRE,AEO2026 Low Oil and Gas Supply
p66,2029,0.15901085,0.12000721,0.10227718,0.12801600999999999,TRE,AEO2026 Low Oil and Gas Supply
p66,2030,0.16303335,0.12252769000000001,0.10398529,0.13089783,TRE,AEO2026 Low Oil and Gas Supply
p66,2031,0.17972296,0.13720428,0.11591188000000001,0.14541291,TRE,AEO2026 Low Oil and Gas Supply
p66,2032,0.17938803,0.13674599,0.11733389000000001,0.14600581999999998,TRE,AEO2026 Low Oil and Gas Supply
p66,2033,0.19349995,0.14944636,0.12857056,0.15927636,TRE,AEO2026 Low Oil and Gas Supply
p66,2034,0.19123192,0.14510134,0.12331070000000001,0.15489725,TRE,AEO2026 Low Oil and Gas Supply
p66,2035,0.18354443,0.13597935,0.11276618,0.14571499,TRE,AEO2026 Low Oil and Gas Supply
p66,2036,0.18061659,0.13192492,0.10753797999999999,0.14150333,TRE,AEO2026 Low Oil and Gas Supply
p66,2037,0.18374655,0.13391602,0.10858193999999999,0.1436252,TRE,AEO2026 Low Oil and Gas Supply
p66,2038,0.19685223000000002,0.14428571,0.11720924999999999,0.1549991,TRE,AEO2026 Low Oil and Gas Supply
p66,2039,0.19417524,0.1413341,0.11467422,0.1521327,TRE,AEO2026 Low Oil and Gas Supply
p66,2040,0.19975845,0.14552759999999998,0.11801096,0.15655738,TRE,AEO2026 Low Oil and Gas Supply
p66,2041,0.20722904,0.15153388,0.1230102,0.16266577000000002,TRE,AEO2026 Low Oil and Gas Supply
p66,2042,0.21560013,0.1583287,0.12873363,0.16954156999999997,TRE,AEO2026 Low Oil and Gas Supply
p66,2043,0.22235797999999998,0.16359638,0.13290346,0.17500185,TRE,AEO2026 Low Oil and Gas Supply
p66,2044,0.22757351,0.16761143,0.1359887,0.17910561000000003,TRE,AEO2026 Low Oil and Gas Supply
p66,2045,0.23426195,0.17282772000000002,0.14019196,0.18431125999999998,TRE,AEO2026 Low Oil and Gas Supply
p66,2046,0.24135131999999998,0.17834877,0.14462028999999998,0.18986401,TRE,AEO2026 Low Oil and Gas Supply
p66,2047,0.24788189,0.18329241,0.14853479,0.19488544000000002,TRE,AEO2026 Low Oil and Gas Supply
p66,2048,0.25378248,0.18760090000000001,0.15189940999999998,0.19915398,TRE,AEO2026 Low Oil and Gas Supply
p66,2049,0.25956985,0.19166073,0.15505079,0.20315605,TRE,AEO2026 Low Oil and Gas Supply
p66,2050,0.26597893,0.19620985000000002,0.15853577,0.20772537,TRE,AEO2026 Low Oil and Gas Supply
p67,2014,0.12322222999999999,0.09072545,0.07601426,0.09695176999999999,TRE,AEO2026 Low Oil and Gas Supply
p67,2015,0.12322222999999999,0.09072545,0.07601426,0.09695176999999999,TRE,AEO2026 Low Oil and Gas Supply
p67,2016,0.12322222999999999,0.09072545,0.07601426,0.09695176999999999,TRE,AEO2026 Low Oil and Gas Supply
p67,2017,0.12322222999999999,0.09072545,0.07601426,0.09695176999999999,TRE,AEO2026 Low Oil and Gas Supply
p67,2018,0.12322222999999999,0.09072545,0.07601426,0.09695176999999999,TRE,AEO2026 Low Oil and Gas Supply
p67,2019,0.12322222999999999,0.09072545,0.07601426,0.09695176999999999,TRE,AEO2026 Low Oil and Gas Supply
p67,2020,0.12322222999999999,0.09072545,0.07601426,0.09695176999999999,TRE,AEO2026 Low Oil and Gas Supply
p67,2021,0.12322222999999999,0.09072545,0.07601426,0.09695176999999999,TRE,AEO2026 Low Oil and Gas Supply
p67,2022,0.12322222999999999,0.09072545,0.07601426,0.09695176999999999,TRE,AEO2026 Low Oil and Gas Supply
p67,2023,0.12322222999999999,0.09072545,0.07601426,0.09695176999999999,TRE,AEO2026 Low Oil and Gas Supply
p67,2024,0.12322222999999999,0.09072545,0.07601426,0.09695176999999999,TRE,AEO2026 Low Oil and Gas Supply
p67,2025,0.12322222999999999,0.09072545,0.07601426,0.09695176999999999,TRE,AEO2026 Low Oil and Gas Supply
p67,2026,0.12104931000000001,0.08618456999999999,0.07121128,0.09359843,TRE,AEO2026 Low Oil and Gas Supply
p67,2027,0.13350695,0.09745642,0.08141439,0.10488395,TRE,AEO2026 Low Oil and Gas Supply
p67,2028,0.14998686,0.11260306,0.09571046000000001,0.12035742,TRE,AEO2026 Low Oil and Gas Supply
p67,2029,0.15901085,0.12000721,0.10227718,0.12801600999999999,TRE,AEO2026 Low Oil and Gas Supply
p67,2030,0.16303335,0.12252769000000001,0.10398529,0.13089783,TRE,AEO2026 Low Oil and Gas Supply
p67,2031,0.17972296,0.13720428,0.11591188000000001,0.14541291,TRE,AEO2026 Low Oil and Gas Supply
p67,2032,0.17938803,0.13674599,0.11733389000000001,0.14600581999999998,TRE,AEO2026 Low Oil and Gas Supply
p67,2033,0.19349995,0.14944636,0.12857056,0.15927636,TRE,AEO2026 Low Oil and Gas Supply
p67,2034,0.19123192,0.14510134,0.12331070000000001,0.15489725,TRE,AEO2026 Low Oil and Gas Supply
p67,2035,0.18354443,0.13597935,0.11276618,0.14571499,TRE,AEO2026 Low Oil and Gas Supply
p67,2036,0.18061659,0.13192492,0.10753797999999999,0.14150333,TRE,AEO2026 Low Oil and Gas Supply
p67,2037,0.18374655,0.13391602,0.10858193999999999,0.1436252,TRE,AEO2026 Low Oil and Gas Supply
p67,2038,0.19685223000000002,0.14428571,0.11720924999999999,0.1549991,TRE,AEO2026 Low Oil and Gas Supply
p67,2039,0.19417524,0.1413341,0.11467422,0.1521327,TRE,AEO2026 Low Oil and Gas Supply
p67,2040,0.19975845,0.14552759999999998,0.11801096,0.15655738,TRE,AEO2026 Low Oil and Gas Supply
p67,2041,0.20722904,0.15153388,0.1230102,0.16266577000000002,TRE,AEO2026 Low Oil and Gas Supply
p67,2042,0.21560013,0.1583287,0.12873363,0.16954156999999997,TRE,AEO2026 Low Oil and Gas Supply
p67,2043,0.22235797999999998,0.16359638,0.13290346,0.17500185,TRE,AEO2026 Low Oil and Gas Supply
p67,2044,0.22757351,0.16761143,0.1359887,0.17910561000000003,TRE,AEO2026 Low Oil and Gas Supply
p67,2045,0.23426195,0.17282772000000002,0.14019196,0.18431125999999998,TRE,AEO2026 Low Oil and Gas Supply
p67,2046,0.24135131999999998,0.17834877,0.14462028999999998,0.18986401,TRE,AEO2026 Low Oil and Gas Supply
p67,2047,0.24788189,0.18329241,0.14853479,0.19488544000000002,TRE,AEO2026 Low Oil and Gas Supply
p67,2048,0.25378248,0.18760090000000001,0.15189940999999998,0.19915398,TRE,AEO2026 Low Oil and Gas Supply
p67,2049,0.25956985,0.19166073,0.15505079,0.20315605,TRE,AEO2026 Low Oil and Gas Supply
p67,2050,0.26597893,0.19620985000000002,0.15853577,0.20772537,TRE,AEO2026 Low Oil and Gas Supply
p68,2014,0.16269005,0.12212256999999999,0.08597872000000001,0.13105806,MISW,AEO2026 Low Oil and Gas Supply
p68,2015,0.16269005,0.12212256999999999,0.08597872000000001,0.13105806,MISW,AEO2026 Low Oil and Gas Supply
p68,2016,0.16269005,0.12212256999999999,0.08597872000000001,0.13105806,MISW,AEO2026 Low Oil and Gas Supply
p68,2017,0.16269005,0.12212256999999999,0.08597872000000001,0.13105806,MISW,AEO2026 Low Oil and Gas Supply
p68,2018,0.16269005,0.12212256999999999,0.08597872000000001,0.13105806,MISW,AEO2026 Low Oil and Gas Supply
p68,2019,0.16269005,0.12212256999999999,0.08597872000000001,0.13105806,MISW,AEO2026 Low Oil and Gas Supply
p68,2020,0.16269005,0.12212256999999999,0.08597872000000001,0.13105806,MISW,AEO2026 Low Oil and Gas Supply
p68,2021,0.16269005,0.12212256999999999,0.08597872000000001,0.13105806,MISW,AEO2026 Low Oil and Gas Supply
p68,2022,0.16269005,0.12212256999999999,0.08597872000000001,0.13105806,MISW,AEO2026 Low Oil and Gas Supply
p68,2023,0.16269005,0.12212256999999999,0.08597872000000001,0.13105806,MISW,AEO2026 Low Oil and Gas Supply
p68,2024,0.16269005,0.12212256999999999,0.08597872000000001,0.13105806,MISW,AEO2026 Low Oil and Gas Supply
p68,2025,0.16269005,0.12212256999999999,0.08597872000000001,0.13105806,MISW,AEO2026 Low Oil and Gas Supply
p68,2026,0.1676997,0.12540441,0.08849662,0.13542374000000001,MISW,AEO2026 Low Oil and Gas Supply
p68,2027,0.16453786999999997,0.12235163,0.08383945000000001,0.1320848,MISW,AEO2026 Low Oil and Gas Supply
p68,2028,0.1643219,0.12153375999999999,0.08396524,0.13054109,MISW,AEO2026 Low Oil and Gas Supply
p68,2029,0.17003988,0.12628164,0.0874428,0.13508659,MISW,AEO2026 Low Oil and Gas Supply
p68,2030,0.17828196999999998,0.13261522,0.09309083,0.14145209,MISW,AEO2026 Low Oil and Gas Supply
p68,2031,0.18553194,0.13857803999999999,0.09740983,0.14786756,MISW,AEO2026 Low Oil and Gas Supply
p68,2032,0.19750715,0.14669809,0.1067628,0.15635897999999998,MISW,AEO2026 Low Oil and Gas Supply
p68,2033,0.20702497,0.15448884,0.112057,0.16537973,MISW,AEO2026 Low Oil and Gas Supply
p68,2034,0.20953222,0.15585817999999999,0.11340773,0.16729019,MISW,AEO2026 Low Oil and Gas Supply
p68,2035,0.21188972,0.15693162,0.11491535000000001,0.16874475,MISW,AEO2026 Low Oil and Gas Supply
p68,2036,0.21492640000000002,0.158543,0.11678366000000001,0.17070038,MISW,AEO2026 Low Oil and Gas Supply
p68,2037,0.21831378999999998,0.16038218,0.11894555999999999,0.17279545,MISW,AEO2026 Low Oil and Gas Supply
p68,2038,0.22194908000000002,0.16259186,0.12111720999999999,0.17525883,MISW,AEO2026 Low Oil and Gas Supply
p68,2039,0.22780411,0.16623096,0.12514686,0.17908134,MISW,AEO2026 Low Oil and Gas Supply
p68,2040,0.23182158,0.16920265,0.12689706,0.1824354,MISW,AEO2026 Low Oil and Gas Supply
p68,2041,0.23416779,0.17019431999999998,0.12796333000000001,0.18339239,MISW,AEO2026 Low Oil and Gas Supply
p68,2042,0.23783722000000002,0.17247484,0.12976163,0.18572601,MISW,AEO2026 Low Oil and Gas Supply
p68,2043,0.24177811,0.17501204,0.13167925,0.18829977,MISW,AEO2026 Low Oil and Gas Supply
p68,2044,0.24663149,0.17818661,0.134322,0.19147772,MISW,AEO2026 Low Oil and Gas Supply
p68,2045,0.25120739000000003,0.18127424,0.13637444,0.19467197,MISW,AEO2026 Low Oil and Gas Supply
p68,2046,0.25522625,0.18380785,0.13827831,0.19717120999999999,MISW,AEO2026 Low Oil and Gas Supply
p68,2047,0.25947584,0.18635508,0.14023634,0.1997032,MISW,AEO2026 Low Oil and Gas Supply
p68,2048,0.26370386,0.18903804999999999,0.14229137,0.20231859,MISW,AEO2026 Low Oil and Gas Supply
p68,2049,0.2682143,0.19201301999999998,0.14448789,0.20524891,MISW,AEO2026 Low Oil and Gas Supply
p68,2050,0.2727874,0.19507683,0.14673493,0.20827061,MISW,AEO2026 Low Oil and Gas Supply
p69,2014,0.16269005,0.12212256999999999,0.08597872000000001,0.13105806,MISW,AEO2026 Low Oil and Gas Supply
p69,2015,0.16269005,0.12212256999999999,0.08597872000000001,0.13105806,MISW,AEO2026 Low Oil and Gas Supply
p69,2016,0.16269005,0.12212256999999999,0.08597872000000001,0.13105806,MISW,AEO2026 Low Oil and Gas Supply
p69,2017,0.16269005,0.12212256999999999,0.08597872000000001,0.13105806,MISW,AEO2026 Low Oil and Gas Supply
p69,2018,0.16269005,0.12212256999999999,0.08597872000000001,0.13105806,MISW,AEO2026 Low Oil and Gas Supply
p69,2019,0.16269005,0.12212256999999999,0.08597872000000001,0.13105806,MISW,AEO2026 Low Oil and Gas Supply
p69,2020,0.16269005,0.12212256999999999,0.08597872000000001,0.13105806,MISW,AEO2026 Low Oil and Gas Supply
p69,2021,0.16269005,0.12212256999999999,0.08597872000000001,0.13105806,MISW,AEO2026 Low Oil and Gas Supply
p69,2022,0.16269005,0.12212256999999999,0.08597872000000001,0.13105806,MISW,AEO2026 Low Oil and Gas Supply
p69,2023,0.16269005,0.12212256999999999,0.08597872000000001,0.13105806,MISW,AEO2026 Low Oil and Gas Supply
p69,2024,0.16269005,0.12212256999999999,0.08597872000000001,0.13105806,MISW,AEO2026 Low Oil and Gas Supply
p69,2025,0.16269005,0.12212256999999999,0.08597872000000001,0.13105806,MISW,AEO2026 Low Oil and Gas Supply
p69,2026,0.1676997,0.12540441,0.08849662,0.13542374000000001,MISW,AEO2026 Low Oil and Gas Supply
p69,2027,0.16453786999999997,0.12235163,0.08383945000000001,0.1320848,MISW,AEO2026 Low Oil and Gas Supply
p69,2028,0.1643219,0.12153375999999999,0.08396524,0.13054109,MISW,AEO2026 Low Oil and Gas Supply
p69,2029,0.17003988,0.12628164,0.0874428,0.13508659,MISW,AEO2026 Low Oil and Gas Supply
p69,2030,0.17828196999999998,0.13261522,0.09309083,0.14145209,MISW,AEO2026 Low Oil and Gas Supply
p69,2031,0.18553194,0.13857803999999999,0.09740983,0.14786756,MISW,AEO2026 Low Oil and Gas Supply
p69,2032,0.19750715,0.14669809,0.1067628,0.15635897999999998,MISW,AEO2026 Low Oil and Gas Supply
p69,2033,0.20702497,0.15448884,0.112057,0.16537973,MISW,AEO2026 Low Oil and Gas Supply
p69,2034,0.20953222,0.15585817999999999,0.11340773,0.16729019,MISW,AEO2026 Low Oil and Gas Supply
p69,2035,0.21188972,0.15693162,0.11491535000000001,0.16874475,MISW,AEO2026 Low Oil and Gas Supply
p69,2036,0.21492640000000002,0.158543,0.11678366000000001,0.17070038,MISW,AEO2026 Low Oil and Gas Supply
p69,2037,0.21831378999999998,0.16038218,0.11894555999999999,0.17279545,MISW,AEO2026 Low Oil and Gas Supply
p69,2038,0.22194908000000002,0.16259186,0.12111720999999999,0.17525883,MISW,AEO2026 Low Oil and Gas Supply
p69,2039,0.22780411,0.16623096,0.12514686,0.17908134,MISW,AEO2026 Low Oil and Gas Supply
p69,2040,0.23182158,0.16920265,0.12689706,0.1824354,MISW,AEO2026 Low Oil and Gas Supply
p69,2041,0.23416779,0.17019431999999998,0.12796333000000001,0.18339239,MISW,AEO2026 Low Oil and Gas Supply
p69,2042,0.23783722000000002,0.17247484,0.12976163,0.18572601,MISW,AEO2026 Low Oil and Gas Supply
p69,2043,0.24177811,0.17501204,0.13167925,0.18829977,MISW,AEO2026 Low Oil and Gas Supply
p69,2044,0.24663149,0.17818661,0.134322,0.19147772,MISW,AEO2026 Low Oil and Gas Supply
p69,2045,0.25120739000000003,0.18127424,0.13637444,0.19467197,MISW,AEO2026 Low Oil and Gas Supply
p69,2046,0.25522625,0.18380785,0.13827831,0.19717120999999999,MISW,AEO2026 Low Oil and Gas Supply
p69,2047,0.25947584,0.18635508,0.14023634,0.1997032,MISW,AEO2026 Low Oil and Gas Supply
p69,2048,0.26370386,0.18903804999999999,0.14229137,0.20231859,MISW,AEO2026 Low Oil and Gas Supply
p69,2049,0.2682143,0.19201301999999998,0.14448789,0.20524891,MISW,AEO2026 Low Oil and Gas Supply
p69,2050,0.2727874,0.19507683,0.14673493,0.20827061,MISW,AEO2026 Low Oil and Gas Supply
p70,2014,0.16269005,0.12212256999999999,0.08597872000000001,0.13105806,MISW,AEO2026 Low Oil and Gas Supply
p70,2015,0.16269005,0.12212256999999999,0.08597872000000001,0.13105806,MISW,AEO2026 Low Oil and Gas Supply
p70,2016,0.16269005,0.12212256999999999,0.08597872000000001,0.13105806,MISW,AEO2026 Low Oil and Gas Supply
p70,2017,0.16269005,0.12212256999999999,0.08597872000000001,0.13105806,MISW,AEO2026 Low Oil and Gas Supply
p70,2018,0.16269005,0.12212256999999999,0.08597872000000001,0.13105806,MISW,AEO2026 Low Oil and Gas Supply
p70,2019,0.16269005,0.12212256999999999,0.08597872000000001,0.13105806,MISW,AEO2026 Low Oil and Gas Supply
p70,2020,0.16269005,0.12212256999999999,0.08597872000000001,0.13105806,MISW,AEO2026 Low Oil and Gas Supply
p70,2021,0.16269005,0.12212256999999999,0.08597872000000001,0.13105806,MISW,AEO2026 Low Oil and Gas Supply
p70,2022,0.16269005,0.12212256999999999,0.08597872000000001,0.13105806,MISW,AEO2026 Low Oil and Gas Supply
p70,2023,0.16269005,0.12212256999999999,0.08597872000000001,0.13105806,MISW,AEO2026 Low Oil and Gas Supply
p70,2024,0.16269005,0.12212256999999999,0.08597872000000001,0.13105806,MISW,AEO2026 Low Oil and Gas Supply
p70,2025,0.16269005,0.12212256999999999,0.08597872000000001,0.13105806,MISW,AEO2026 Low Oil and Gas Supply
p70,2026,0.1676997,0.12540441,0.08849662,0.13542374000000001,MISW,AEO2026 Low Oil and Gas Supply
p70,2027,0.16453786999999997,0.12235163,0.08383945000000001,0.1320848,MISW,AEO2026 Low Oil and Gas Supply
p70,2028,0.1643219,0.12153375999999999,0.08396524,0.13054109,MISW,AEO2026 Low Oil and Gas Supply
p70,2029,0.17003988,0.12628164,0.0874428,0.13508659,MISW,AEO2026 Low Oil and Gas Supply
p70,2030,0.17828196999999998,0.13261522,0.09309083,0.14145209,MISW,AEO2026 Low Oil and Gas Supply
p70,2031,0.18553194,0.13857803999999999,0.09740983,0.14786756,MISW,AEO2026 Low Oil and Gas Supply
p70,2032,0.19750715,0.14669809,0.1067628,0.15635897999999998,MISW,AEO2026 Low Oil and Gas Supply
p70,2033,0.20702497,0.15448884,0.112057,0.16537973,MISW,AEO2026 Low Oil and Gas Supply
p70,2034,0.20953222,0.15585817999999999,0.11340773,0.16729019,MISW,AEO2026 Low Oil and Gas Supply
p70,2035,0.21188972,0.15693162,0.11491535000000001,0.16874475,MISW,AEO2026 Low Oil and Gas Supply
p70,2036,0.21492640000000002,0.158543,0.11678366000000001,0.17070038,MISW,AEO2026 Low Oil and Gas Supply
p70,2037,0.21831378999999998,0.16038218,0.11894555999999999,0.17279545,MISW,AEO2026 Low Oil and Gas Supply
p70,2038,0.22194908000000002,0.16259186,0.12111720999999999,0.17525883,MISW,AEO2026 Low Oil and Gas Supply
p70,2039,0.22780411,0.16623096,0.12514686,0.17908134,MISW,AEO2026 Low Oil and Gas Supply
p70,2040,0.23182158,0.16920265,0.12689706,0.1824354,MISW,AEO2026 Low Oil and Gas Supply
p70,2041,0.23416779,0.17019431999999998,0.12796333000000001,0.18339239,MISW,AEO2026 Low Oil and Gas Supply
p70,2042,0.23783722000000002,0.17247484,0.12976163,0.18572601,MISW,AEO2026 Low Oil and Gas Supply
p70,2043,0.24177811,0.17501204,0.13167925,0.18829977,MISW,AEO2026 Low Oil and Gas Supply
p70,2044,0.24663149,0.17818661,0.134322,0.19147772,MISW,AEO2026 Low Oil and Gas Supply
p70,2045,0.25120739000000003,0.18127424,0.13637444,0.19467197,MISW,AEO2026 Low Oil and Gas Supply
p70,2046,0.25522625,0.18380785,0.13827831,0.19717120999999999,MISW,AEO2026 Low Oil and Gas Supply
p70,2047,0.25947584,0.18635508,0.14023634,0.1997032,MISW,AEO2026 Low Oil and Gas Supply
p70,2048,0.26370386,0.18903804999999999,0.14229137,0.20231859,MISW,AEO2026 Low Oil and Gas Supply
p70,2049,0.2682143,0.19201301999999998,0.14448789,0.20524891,MISW,AEO2026 Low Oil and Gas Supply
p70,2050,0.2727874,0.19507683,0.14673493,0.20827061,MISW,AEO2026 Low Oil and Gas Supply
p71,2014,0.15195830000000002,0.12024366,0.08828652,0.12678975,MISC,AEO2026 Low Oil and Gas Supply
p71,2015,0.15195830000000002,0.12024366,0.08828652,0.12678975,MISC,AEO2026 Low Oil and Gas Supply
p71,2016,0.15195830000000002,0.12024366,0.08828652,0.12678975,MISC,AEO2026 Low Oil and Gas Supply
p71,2017,0.15195830000000002,0.12024366,0.08828652,0.12678975,MISC,AEO2026 Low Oil and Gas Supply
p71,2018,0.15195830000000002,0.12024366,0.08828652,0.12678975,MISC,AEO2026 Low Oil and Gas Supply
p71,2019,0.15195830000000002,0.12024366,0.08828652,0.12678975,MISC,AEO2026 Low Oil and Gas Supply
p71,2020,0.15195830000000002,0.12024366,0.08828652,0.12678975,MISC,AEO2026 Low Oil and Gas Supply
p71,2021,0.15195830000000002,0.12024366,0.08828652,0.12678975,MISC,AEO2026 Low Oil and Gas Supply
p71,2022,0.15195830000000002,0.12024366,0.08828652,0.12678975,MISC,AEO2026 Low Oil and Gas Supply
p71,2023,0.15195830000000002,0.12024366,0.08828652,0.12678975,MISC,AEO2026 Low Oil and Gas Supply
p71,2024,0.15195830000000002,0.12024366,0.08828652,0.12678975,MISC,AEO2026 Low Oil and Gas Supply
p71,2025,0.15195830000000002,0.12024366,0.08828652,0.12678975,MISC,AEO2026 Low Oil and Gas Supply
p71,2026,0.15338411000000002,0.12044456,0.08820308,0.12796765000000002,MISC,AEO2026 Low Oil and Gas Supply
p71,2027,0.15481622,0.12248799999999999,0.08879745,0.12944160999999998,MISC,AEO2026 Low Oil and Gas Supply
p71,2028,0.16036142,0.12756021,0.09363256,0.13394830000000002,MISC,AEO2026 Low Oil and Gas Supply
p71,2029,0.169701,0.13629284,0.10052324,0.14244373,MISC,AEO2026 Low Oil and Gas Supply
p71,2030,0.17649534,0.14259069,0.10505909000000001,0.14884767,MISC,AEO2026 Low Oil and Gas Supply
p71,2031,0.18417109,0.15044996,0.11049524,0.15624016,MISC,AEO2026 Low Oil and Gas Supply
p71,2032,0.19303408,0.15711547,0.11757374999999999,0.1629215,MISC,AEO2026 Low Oil and Gas Supply
p71,2033,0.20013794000000001,0.16382856,0.1218807,0.17116646,MISC,AEO2026 Low Oil and Gas Supply
p71,2034,0.20167742,0.16497913,0.12308543,0.17236998,MISC,AEO2026 Low Oil and Gas Supply
p71,2035,0.20412970000000003,0.16704111000000002,0.12482072999999999,0.17472190999999998,MISC,AEO2026 Low Oil and Gas Supply
p71,2036,0.20714624,0.16927825999999999,0.12691449,0.17713115999999998,MISC,AEO2026 Low Oil and Gas Supply
p71,2037,0.21035094999999998,0.17187408,0.12908262,0.17991479999999999,MISC,AEO2026 Low Oil and Gas Supply
p71,2038,0.21567165,0.17664854,0.13265529,0.18420615999999998,MISC,AEO2026 Low Oil and Gas Supply
p71,2039,0.21896898,0.17741236000000002,0.13426470999999998,0.18556728,MISC,AEO2026 Low Oil and Gas Supply
p71,2040,0.22650465,0.18460058000000001,0.13919105,0.19268684,MISC,AEO2026 Low Oil and Gas Supply
p71,2041,0.23147772,0.18880095,0.1426336,0.19685752999999998,MISC,AEO2026 Low Oil and Gas Supply
p71,2042,0.23684103,0.19331354,0.14640666,0.20119526000000001,MISC,AEO2026 Low Oil and Gas Supply
p71,2043,0.24191402,0.19763639000000002,0.14976081,0.205341,MISC,AEO2026 Low Oil and Gas Supply
p71,2044,0.24758467,0.20243272999999998,0.15345383999999998,0.20994097,MISC,AEO2026 Low Oil and Gas Supply
p71,2045,0.25391504000000004,0.20792767999999998,0.15765388,0.21525261,MISC,AEO2026 Low Oil and Gas Supply
p71,2046,0.25987259,0.21310057000000002,0.16158297000000002,0.22038912,MISC,AEO2026 Low Oil and Gas Supply
p71,2047,0.26467051999999996,0.21715046000000002,0.16448256,0.22429031,MISC,AEO2026 Low Oil and Gas Supply
p71,2048,0.26857225,0.22057444,0.1667433,0.22747773999999998,MISC,AEO2026 Low Oil and Gas Supply
p71,2049,0.27166412,0.22336679,0.16843206,0.22999231,MISC,AEO2026 Low Oil and Gas Supply
p71,2050,0.27625559,0.2270459,0.17130789,0.23323339,MISC,AEO2026 Low Oil and Gas Supply
p72,2014,0.15195830000000002,0.12024366,0.08828652,0.12678975,MISC,AEO2026 Low Oil and Gas Supply
p72,2015,0.15195830000000002,0.12024366,0.08828652,0.12678975,MISC,AEO2026 Low Oil and Gas Supply
p72,2016,0.15195830000000002,0.12024366,0.08828652,0.12678975,MISC,AEO2026 Low Oil and Gas Supply
p72,2017,0.15195830000000002,0.12024366,0.08828652,0.12678975,MISC,AEO2026 Low Oil and Gas Supply
p72,2018,0.15195830000000002,0.12024366,0.08828652,0.12678975,MISC,AEO2026 Low Oil and Gas Supply
p72,2019,0.15195830000000002,0.12024366,0.08828652,0.12678975,MISC,AEO2026 Low Oil and Gas Supply
p72,2020,0.15195830000000002,0.12024366,0.08828652,0.12678975,MISC,AEO2026 Low Oil and Gas Supply
p72,2021,0.15195830000000002,0.12024366,0.08828652,0.12678975,MISC,AEO2026 Low Oil and Gas Supply
p72,2022,0.15195830000000002,0.12024366,0.08828652,0.12678975,MISC,AEO2026 Low Oil and Gas Supply
p72,2023,0.15195830000000002,0.12024366,0.08828652,0.12678975,MISC,AEO2026 Low Oil and Gas Supply
p72,2024,0.15195830000000002,0.12024366,0.08828652,0.12678975,MISC,AEO2026 Low Oil and Gas Supply
p72,2025,0.15195830000000002,0.12024366,0.08828652,0.12678975,MISC,AEO2026 Low Oil and Gas Supply
p72,2026,0.15338411000000002,0.12044456,0.08820308,0.12796765000000002,MISC,AEO2026 Low Oil and Gas Supply
p72,2027,0.15481622,0.12248799999999999,0.08879745,0.12944160999999998,MISC,AEO2026 Low Oil and Gas Supply
p72,2028,0.16036142,0.12756021,0.09363256,0.13394830000000002,MISC,AEO2026 Low Oil and Gas Supply
p72,2029,0.169701,0.13629284,0.10052324,0.14244373,MISC,AEO2026 Low Oil and Gas Supply
p72,2030,0.17649534,0.14259069,0.10505909000000001,0.14884767,MISC,AEO2026 Low Oil and Gas Supply
p72,2031,0.18417109,0.15044996,0.11049524,0.15624016,MISC,AEO2026 Low Oil and Gas Supply
p72,2032,0.19303408,0.15711547,0.11757374999999999,0.1629215,MISC,AEO2026 Low Oil and Gas Supply
p72,2033,0.20013794000000001,0.16382856,0.1218807,0.17116646,MISC,AEO2026 Low Oil and Gas Supply
p72,2034,0.20167742,0.16497913,0.12308543,0.17236998,MISC,AEO2026 Low Oil and Gas Supply
p72,2035,0.20412970000000003,0.16704111000000002,0.12482072999999999,0.17472190999999998,MISC,AEO2026 Low Oil and Gas Supply
p72,2036,0.20714624,0.16927825999999999,0.12691449,0.17713115999999998,MISC,AEO2026 Low Oil and Gas Supply
p72,2037,0.21035094999999998,0.17187408,0.12908262,0.17991479999999999,MISC,AEO2026 Low Oil and Gas Supply
p72,2038,0.21567165,0.17664854,0.13265529,0.18420615999999998,MISC,AEO2026 Low Oil and Gas Supply
p72,2039,0.21896898,0.17741236000000002,0.13426470999999998,0.18556728,MISC,AEO2026 Low Oil and Gas Supply
p72,2040,0.22650465,0.18460058000000001,0.13919105,0.19268684,MISC,AEO2026 Low Oil and Gas Supply
p72,2041,0.23147772,0.18880095,0.1426336,0.19685752999999998,MISC,AEO2026 Low Oil and Gas Supply
p72,2042,0.23684103,0.19331354,0.14640666,0.20119526000000001,MISC,AEO2026 Low Oil and Gas Supply
p72,2043,0.24191402,0.19763639000000002,0.14976081,0.205341,MISC,AEO2026 Low Oil and Gas Supply
p72,2044,0.24758467,0.20243272999999998,0.15345383999999998,0.20994097,MISC,AEO2026 Low Oil and Gas Supply
p72,2045,0.25391504000000004,0.20792767999999998,0.15765388,0.21525261,MISC,AEO2026 Low Oil and Gas Supply
p72,2046,0.25987259,0.21310057000000002,0.16158297000000002,0.22038912,MISC,AEO2026 Low Oil and Gas Supply
p72,2047,0.26467051999999996,0.21715046000000002,0.16448256,0.22429031,MISC,AEO2026 Low Oil and Gas Supply
p72,2048,0.26857225,0.22057444,0.1667433,0.22747773999999998,MISC,AEO2026 Low Oil and Gas Supply
p72,2049,0.27166412,0.22336679,0.16843206,0.22999231,MISC,AEO2026 Low Oil and Gas Supply
p72,2050,0.27625559,0.2270459,0.17130789,0.23323339,MISC,AEO2026 Low Oil and Gas Supply
p73,2014,0.15195830000000002,0.12024366,0.08828652,0.12678975,MISC,AEO2026 Low Oil and Gas Supply
p73,2015,0.15195830000000002,0.12024366,0.08828652,0.12678975,MISC,AEO2026 Low Oil and Gas Supply
p73,2016,0.15195830000000002,0.12024366,0.08828652,0.12678975,MISC,AEO2026 Low Oil and Gas Supply
p73,2017,0.15195830000000002,0.12024366,0.08828652,0.12678975,MISC,AEO2026 Low Oil and Gas Supply
p73,2018,0.15195830000000002,0.12024366,0.08828652,0.12678975,MISC,AEO2026 Low Oil and Gas Supply
p73,2019,0.15195830000000002,0.12024366,0.08828652,0.12678975,MISC,AEO2026 Low Oil and Gas Supply
p73,2020,0.15195830000000002,0.12024366,0.08828652,0.12678975,MISC,AEO2026 Low Oil and Gas Supply
p73,2021,0.15195830000000002,0.12024366,0.08828652,0.12678975,MISC,AEO2026 Low Oil and Gas Supply
p73,2022,0.15195830000000002,0.12024366,0.08828652,0.12678975,MISC,AEO2026 Low Oil and Gas Supply
p73,2023,0.15195830000000002,0.12024366,0.08828652,0.12678975,MISC,AEO2026 Low Oil and Gas Supply
p73,2024,0.15195830000000002,0.12024366,0.08828652,0.12678975,MISC,AEO2026 Low Oil and Gas Supply
p73,2025,0.15195830000000002,0.12024366,0.08828652,0.12678975,MISC,AEO2026 Low Oil and Gas Supply
p73,2026,0.15338411000000002,0.12044456,0.08820308,0.12796765000000002,MISC,AEO2026 Low Oil and Gas Supply
p73,2027,0.15481622,0.12248799999999999,0.08879745,0.12944160999999998,MISC,AEO2026 Low Oil and Gas Supply
p73,2028,0.16036142,0.12756021,0.09363256,0.13394830000000002,MISC,AEO2026 Low Oil and Gas Supply
p73,2029,0.169701,0.13629284,0.10052324,0.14244373,MISC,AEO2026 Low Oil and Gas Supply
p73,2030,0.17649534,0.14259069,0.10505909000000001,0.14884767,MISC,AEO2026 Low Oil and Gas Supply
p73,2031,0.18417109,0.15044996,0.11049524,0.15624016,MISC,AEO2026 Low Oil and Gas Supply
p73,2032,0.19303408,0.15711547,0.11757374999999999,0.1629215,MISC,AEO2026 Low Oil and Gas Supply
p73,2033,0.20013794000000001,0.16382856,0.1218807,0.17116646,MISC,AEO2026 Low Oil and Gas Supply
p73,2034,0.20167742,0.16497913,0.12308543,0.17236998,MISC,AEO2026 Low Oil and Gas Supply
p73,2035,0.20412970000000003,0.16704111000000002,0.12482072999999999,0.17472190999999998,MISC,AEO2026 Low Oil and Gas Supply
p73,2036,0.20714624,0.16927825999999999,0.12691449,0.17713115999999998,MISC,AEO2026 Low Oil and Gas Supply
p73,2037,0.21035094999999998,0.17187408,0.12908262,0.17991479999999999,MISC,AEO2026 Low Oil and Gas Supply
p73,2038,0.21567165,0.17664854,0.13265529,0.18420615999999998,MISC,AEO2026 Low Oil and Gas Supply
p73,2039,0.21896898,0.17741236000000002,0.13426470999999998,0.18556728,MISC,AEO2026 Low Oil and Gas Supply
p73,2040,0.22650465,0.18460058000000001,0.13919105,0.19268684,MISC,AEO2026 Low Oil and Gas Supply
p73,2041,0.23147772,0.18880095,0.1426336,0.19685752999999998,MISC,AEO2026 Low Oil and Gas Supply
p73,2042,0.23684103,0.19331354,0.14640666,0.20119526000000001,MISC,AEO2026 Low Oil and Gas Supply
p73,2043,0.24191402,0.19763639000000002,0.14976081,0.205341,MISC,AEO2026 Low Oil and Gas Supply
p73,2044,0.24758467,0.20243272999999998,0.15345383999999998,0.20994097,MISC,AEO2026 Low Oil and Gas Supply
p73,2045,0.25391504000000004,0.20792767999999998,0.15765388,0.21525261,MISC,AEO2026 Low Oil and Gas Supply
p73,2046,0.25987259,0.21310057000000002,0.16158297000000002,0.22038912,MISC,AEO2026 Low Oil and Gas Supply
p73,2047,0.26467051999999996,0.21715046000000002,0.16448256,0.22429031,MISC,AEO2026 Low Oil and Gas Supply
p73,2048,0.26857225,0.22057444,0.1667433,0.22747773999999998,MISC,AEO2026 Low Oil and Gas Supply
p73,2049,0.27166412,0.22336679,0.16843206,0.22999231,MISC,AEO2026 Low Oil and Gas Supply
p73,2050,0.27625559,0.2270459,0.17130789,0.23323339,MISC,AEO2026 Low Oil and Gas Supply
p74,2014,0.16269005,0.12212256999999999,0.08597872000000001,0.13105806,MISW,AEO2026 Low Oil and Gas Supply
p74,2015,0.16269005,0.12212256999999999,0.08597872000000001,0.13105806,MISW,AEO2026 Low Oil and Gas Supply
p74,2016,0.16269005,0.12212256999999999,0.08597872000000001,0.13105806,MISW,AEO2026 Low Oil and Gas Supply
p74,2017,0.16269005,0.12212256999999999,0.08597872000000001,0.13105806,MISW,AEO2026 Low Oil and Gas Supply
p74,2018,0.16269005,0.12212256999999999,0.08597872000000001,0.13105806,MISW,AEO2026 Low Oil and Gas Supply
p74,2019,0.16269005,0.12212256999999999,0.08597872000000001,0.13105806,MISW,AEO2026 Low Oil and Gas Supply
p74,2020,0.16269005,0.12212256999999999,0.08597872000000001,0.13105806,MISW,AEO2026 Low Oil and Gas Supply
p74,2021,0.16269005,0.12212256999999999,0.08597872000000001,0.13105806,MISW,AEO2026 Low Oil and Gas Supply
p74,2022,0.16269005,0.12212256999999999,0.08597872000000001,0.13105806,MISW,AEO2026 Low Oil and Gas Supply
p74,2023,0.16269005,0.12212256999999999,0.08597872000000001,0.13105806,MISW,AEO2026 Low Oil and Gas Supply
p74,2024,0.16269005,0.12212256999999999,0.08597872000000001,0.13105806,MISW,AEO2026 Low Oil and Gas Supply
p74,2025,0.16269005,0.12212256999999999,0.08597872000000001,0.13105806,MISW,AEO2026 Low Oil and Gas Supply
p74,2026,0.1676997,0.12540441,0.08849662,0.13542374000000001,MISW,AEO2026 Low Oil and Gas Supply
p74,2027,0.16453786999999997,0.12235163,0.08383945000000001,0.1320848,MISW,AEO2026 Low Oil and Gas Supply
p74,2028,0.1643219,0.12153375999999999,0.08396524,0.13054109,MISW,AEO2026 Low Oil and Gas Supply
p74,2029,0.17003988,0.12628164,0.0874428,0.13508659,MISW,AEO2026 Low Oil and Gas Supply
p74,2030,0.17828196999999998,0.13261522,0.09309083,0.14145209,MISW,AEO2026 Low Oil and Gas Supply
p74,2031,0.18553194,0.13857803999999999,0.09740983,0.14786756,MISW,AEO2026 Low Oil and Gas Supply
p74,2032,0.19750715,0.14669809,0.1067628,0.15635897999999998,MISW,AEO2026 Low Oil and Gas Supply
p74,2033,0.20702497,0.15448884,0.112057,0.16537973,MISW,AEO2026 Low Oil and Gas Supply
p74,2034,0.20953222,0.15585817999999999,0.11340773,0.16729019,MISW,AEO2026 Low Oil and Gas Supply
p74,2035,0.21188972,0.15693162,0.11491535000000001,0.16874475,MISW,AEO2026 Low Oil and Gas Supply
p74,2036,0.21492640000000002,0.158543,0.11678366000000001,0.17070038,MISW,AEO2026 Low Oil and Gas Supply
p74,2037,0.21831378999999998,0.16038218,0.11894555999999999,0.17279545,MISW,AEO2026 Low Oil and Gas Supply
p74,2038,0.22194908000000002,0.16259186,0.12111720999999999,0.17525883,MISW,AEO2026 Low Oil and Gas Supply
p74,2039,0.22780411,0.16623096,0.12514686,0.17908134,MISW,AEO2026 Low Oil and Gas Supply
p74,2040,0.23182158,0.16920265,0.12689706,0.1824354,MISW,AEO2026 Low Oil and Gas Supply
p74,2041,0.23416779,0.17019431999999998,0.12796333000000001,0.18339239,MISW,AEO2026 Low Oil and Gas Supply
p74,2042,0.23783722000000002,0.17247484,0.12976163,0.18572601,MISW,AEO2026 Low Oil and Gas Supply
p74,2043,0.24177811,0.17501204,0.13167925,0.18829977,MISW,AEO2026 Low Oil and Gas Supply
p74,2044,0.24663149,0.17818661,0.134322,0.19147772,MISW,AEO2026 Low Oil and Gas Supply
p74,2045,0.25120739000000003,0.18127424,0.13637444,0.19467197,MISW,AEO2026 Low Oil and Gas Supply
p74,2046,0.25522625,0.18380785,0.13827831,0.19717120999999999,MISW,AEO2026 Low Oil and Gas Supply
p74,2047,0.25947584,0.18635508,0.14023634,0.1997032,MISW,AEO2026 Low Oil and Gas Supply
p74,2048,0.26370386,0.18903804999999999,0.14229137,0.20231859,MISW,AEO2026 Low Oil and Gas Supply
p74,2049,0.2682143,0.19201301999999998,0.14448789,0.20524891,MISW,AEO2026 Low Oil and Gas Supply
p74,2050,0.2727874,0.19507683,0.14673493,0.20827061,MISW,AEO2026 Low Oil and Gas Supply
p75,2014,0.16269005,0.12212256999999999,0.08597872000000001,0.13105806,MISW,AEO2026 Low Oil and Gas Supply
p75,2015,0.16269005,0.12212256999999999,0.08597872000000001,0.13105806,MISW,AEO2026 Low Oil and Gas Supply
p75,2016,0.16269005,0.12212256999999999,0.08597872000000001,0.13105806,MISW,AEO2026 Low Oil and Gas Supply
p75,2017,0.16269005,0.12212256999999999,0.08597872000000001,0.13105806,MISW,AEO2026 Low Oil and Gas Supply
p75,2018,0.16269005,0.12212256999999999,0.08597872000000001,0.13105806,MISW,AEO2026 Low Oil and Gas Supply
p75,2019,0.16269005,0.12212256999999999,0.08597872000000001,0.13105806,MISW,AEO2026 Low Oil and Gas Supply
p75,2020,0.16269005,0.12212256999999999,0.08597872000000001,0.13105806,MISW,AEO2026 Low Oil and Gas Supply
p75,2021,0.16269005,0.12212256999999999,0.08597872000000001,0.13105806,MISW,AEO2026 Low Oil and Gas Supply
p75,2022,0.16269005,0.12212256999999999,0.08597872000000001,0.13105806,MISW,AEO2026 Low Oil and Gas Supply
p75,2023,0.16269005,0.12212256999999999,0.08597872000000001,0.13105806,MISW,AEO2026 Low Oil and Gas Supply
p75,2024,0.16269005,0.12212256999999999,0.08597872000000001,0.13105806,MISW,AEO2026 Low Oil and Gas Supply
p75,2025,0.16269005,0.12212256999999999,0.08597872000000001,0.13105806,MISW,AEO2026 Low Oil and Gas Supply
p75,2026,0.1676997,0.12540441,0.08849662,0.13542374000000001,MISW,AEO2026 Low Oil and Gas Supply
p75,2027,0.16453786999999997,0.12235163,0.08383945000000001,0.1320848,MISW,AEO2026 Low Oil and Gas Supply
p75,2028,0.1643219,0.12153375999999999,0.08396524,0.13054109,MISW,AEO2026 Low Oil and Gas Supply
p75,2029,0.17003988,0.12628164,0.0874428,0.13508659,MISW,AEO2026 Low Oil and Gas Supply
p75,2030,0.17828196999999998,0.13261522,0.09309083,0.14145209,MISW,AEO2026 Low Oil and Gas Supply
p75,2031,0.18553194,0.13857803999999999,0.09740983,0.14786756,MISW,AEO2026 Low Oil and Gas Supply
p75,2032,0.19750715,0.14669809,0.1067628,0.15635897999999998,MISW,AEO2026 Low Oil and Gas Supply
p75,2033,0.20702497,0.15448884,0.112057,0.16537973,MISW,AEO2026 Low Oil and Gas Supply
p75,2034,0.20953222,0.15585817999999999,0.11340773,0.16729019,MISW,AEO2026 Low Oil and Gas Supply
p75,2035,0.21188972,0.15693162,0.11491535000000001,0.16874475,MISW,AEO2026 Low Oil and Gas Supply
p75,2036,0.21492640000000002,0.158543,0.11678366000000001,0.17070038,MISW,AEO2026 Low Oil and Gas Supply
p75,2037,0.21831378999999998,0.16038218,0.11894555999999999,0.17279545,MISW,AEO2026 Low Oil and Gas Supply
p75,2038,0.22194908000000002,0.16259186,0.12111720999999999,0.17525883,MISW,AEO2026 Low Oil and Gas Supply
p75,2039,0.22780411,0.16623096,0.12514686,0.17908134,MISW,AEO2026 Low Oil and Gas Supply
p75,2040,0.23182158,0.16920265,0.12689706,0.1824354,MISW,AEO2026 Low Oil and Gas Supply
p75,2041,0.23416779,0.17019431999999998,0.12796333000000001,0.18339239,MISW,AEO2026 Low Oil and Gas Supply
p75,2042,0.23783722000000002,0.17247484,0.12976163,0.18572601,MISW,AEO2026 Low Oil and Gas Supply
p75,2043,0.24177811,0.17501204,0.13167925,0.18829977,MISW,AEO2026 Low Oil and Gas Supply
p75,2044,0.24663149,0.17818661,0.134322,0.19147772,MISW,AEO2026 Low Oil and Gas Supply
p75,2045,0.25120739000000003,0.18127424,0.13637444,0.19467197,MISW,AEO2026 Low Oil and Gas Supply
p75,2046,0.25522625,0.18380785,0.13827831,0.19717120999999999,MISW,AEO2026 Low Oil and Gas Supply
p75,2047,0.25947584,0.18635508,0.14023634,0.1997032,MISW,AEO2026 Low Oil and Gas Supply
p75,2048,0.26370386,0.18903804999999999,0.14229137,0.20231859,MISW,AEO2026 Low Oil and Gas Supply
p75,2049,0.2682143,0.19201301999999998,0.14448789,0.20524891,MISW,AEO2026 Low Oil and Gas Supply
p75,2050,0.2727874,0.19507683,0.14673493,0.20827061,MISW,AEO2026 Low Oil and Gas Supply
p76,2014,0.16269005,0.12212256999999999,0.08597872000000001,0.13105806,MISW,AEO2026 Low Oil and Gas Supply
p76,2015,0.16269005,0.12212256999999999,0.08597872000000001,0.13105806,MISW,AEO2026 Low Oil and Gas Supply
p76,2016,0.16269005,0.12212256999999999,0.08597872000000001,0.13105806,MISW,AEO2026 Low Oil and Gas Supply
p76,2017,0.16269005,0.12212256999999999,0.08597872000000001,0.13105806,MISW,AEO2026 Low Oil and Gas Supply
p76,2018,0.16269005,0.12212256999999999,0.08597872000000001,0.13105806,MISW,AEO2026 Low Oil and Gas Supply
p76,2019,0.16269005,0.12212256999999999,0.08597872000000001,0.13105806,MISW,AEO2026 Low Oil and Gas Supply
p76,2020,0.16269005,0.12212256999999999,0.08597872000000001,0.13105806,MISW,AEO2026 Low Oil and Gas Supply
p76,2021,0.16269005,0.12212256999999999,0.08597872000000001,0.13105806,MISW,AEO2026 Low Oil and Gas Supply
p76,2022,0.16269005,0.12212256999999999,0.08597872000000001,0.13105806,MISW,AEO2026 Low Oil and Gas Supply
p76,2023,0.16269005,0.12212256999999999,0.08597872000000001,0.13105806,MISW,AEO2026 Low Oil and Gas Supply
p76,2024,0.16269005,0.12212256999999999,0.08597872000000001,0.13105806,MISW,AEO2026 Low Oil and Gas Supply
p76,2025,0.16269005,0.12212256999999999,0.08597872000000001,0.13105806,MISW,AEO2026 Low Oil and Gas Supply
p76,2026,0.1676997,0.12540441,0.08849662,0.13542374000000001,MISW,AEO2026 Low Oil and Gas Supply
p76,2027,0.16453786999999997,0.12235163,0.08383945000000001,0.1320848,MISW,AEO2026 Low Oil and Gas Supply
p76,2028,0.1643219,0.12153375999999999,0.08396524,0.13054109,MISW,AEO2026 Low Oil and Gas Supply
p76,2029,0.17003988,0.12628164,0.0874428,0.13508659,MISW,AEO2026 Low Oil and Gas Supply
p76,2030,0.17828196999999998,0.13261522,0.09309083,0.14145209,MISW,AEO2026 Low Oil and Gas Supply
p76,2031,0.18553194,0.13857803999999999,0.09740983,0.14786756,MISW,AEO2026 Low Oil and Gas Supply
p76,2032,0.19750715,0.14669809,0.1067628,0.15635897999999998,MISW,AEO2026 Low Oil and Gas Supply
p76,2033,0.20702497,0.15448884,0.112057,0.16537973,MISW,AEO2026 Low Oil and Gas Supply
p76,2034,0.20953222,0.15585817999999999,0.11340773,0.16729019,MISW,AEO2026 Low Oil and Gas Supply
p76,2035,0.21188972,0.15693162,0.11491535000000001,0.16874475,MISW,AEO2026 Low Oil and Gas Supply
p76,2036,0.21492640000000002,0.158543,0.11678366000000001,0.17070038,MISW,AEO2026 Low Oil and Gas Supply
p76,2037,0.21831378999999998,0.16038218,0.11894555999999999,0.17279545,MISW,AEO2026 Low Oil and Gas Supply
p76,2038,0.22194908000000002,0.16259186,0.12111720999999999,0.17525883,MISW,AEO2026 Low Oil and Gas Supply
p76,2039,0.22780411,0.16623096,0.12514686,0.17908134,MISW,AEO2026 Low Oil and Gas Supply
p76,2040,0.23182158,0.16920265,0.12689706,0.1824354,MISW,AEO2026 Low Oil and Gas Supply
p76,2041,0.23416779,0.17019431999999998,0.12796333000000001,0.18339239,MISW,AEO2026 Low Oil and Gas Supply
p76,2042,0.23783722000000002,0.17247484,0.12976163,0.18572601,MISW,AEO2026 Low Oil and Gas Supply
p76,2043,0.24177811,0.17501204,0.13167925,0.18829977,MISW,AEO2026 Low Oil and Gas Supply
p76,2044,0.24663149,0.17818661,0.134322,0.19147772,MISW,AEO2026 Low Oil and Gas Supply
p76,2045,0.25120739000000003,0.18127424,0.13637444,0.19467197,MISW,AEO2026 Low Oil and Gas Supply
p76,2046,0.25522625,0.18380785,0.13827831,0.19717120999999999,MISW,AEO2026 Low Oil and Gas Supply
p76,2047,0.25947584,0.18635508,0.14023634,0.1997032,MISW,AEO2026 Low Oil and Gas Supply
p76,2048,0.26370386,0.18903804999999999,0.14229137,0.20231859,MISW,AEO2026 Low Oil and Gas Supply
p76,2049,0.2682143,0.19201301999999998,0.14448789,0.20524891,MISW,AEO2026 Low Oil and Gas Supply
p76,2050,0.2727874,0.19507683,0.14673493,0.20827061,MISW,AEO2026 Low Oil and Gas Supply
p77,2014,0.16269005,0.12212256999999999,0.08597872000000001,0.13105806,MISW,AEO2026 Low Oil and Gas Supply
p77,2015,0.16269005,0.12212256999999999,0.08597872000000001,0.13105806,MISW,AEO2026 Low Oil and Gas Supply
p77,2016,0.16269005,0.12212256999999999,0.08597872000000001,0.13105806,MISW,AEO2026 Low Oil and Gas Supply
p77,2017,0.16269005,0.12212256999999999,0.08597872000000001,0.13105806,MISW,AEO2026 Low Oil and Gas Supply
p77,2018,0.16269005,0.12212256999999999,0.08597872000000001,0.13105806,MISW,AEO2026 Low Oil and Gas Supply
p77,2019,0.16269005,0.12212256999999999,0.08597872000000001,0.13105806,MISW,AEO2026 Low Oil and Gas Supply
p77,2020,0.16269005,0.12212256999999999,0.08597872000000001,0.13105806,MISW,AEO2026 Low Oil and Gas Supply
p77,2021,0.16269005,0.12212256999999999,0.08597872000000001,0.13105806,MISW,AEO2026 Low Oil and Gas Supply
p77,2022,0.16269005,0.12212256999999999,0.08597872000000001,0.13105806,MISW,AEO2026 Low Oil and Gas Supply
p77,2023,0.16269005,0.12212256999999999,0.08597872000000001,0.13105806,MISW,AEO2026 Low Oil and Gas Supply
p77,2024,0.16269005,0.12212256999999999,0.08597872000000001,0.13105806,MISW,AEO2026 Low Oil and Gas Supply
p77,2025,0.16269005,0.12212256999999999,0.08597872000000001,0.13105806,MISW,AEO2026 Low Oil and Gas Supply
p77,2026,0.1676997,0.12540441,0.08849662,0.13542374000000001,MISW,AEO2026 Low Oil and Gas Supply
p77,2027,0.16453786999999997,0.12235163,0.08383945000000001,0.1320848,MISW,AEO2026 Low Oil and Gas Supply
p77,2028,0.1643219,0.12153375999999999,0.08396524,0.13054109,MISW,AEO2026 Low Oil and Gas Supply
p77,2029,0.17003988,0.12628164,0.0874428,0.13508659,MISW,AEO2026 Low Oil and Gas Supply
p77,2030,0.17828196999999998,0.13261522,0.09309083,0.14145209,MISW,AEO2026 Low Oil and Gas Supply
p77,2031,0.18553194,0.13857803999999999,0.09740983,0.14786756,MISW,AEO2026 Low Oil and Gas Supply
p77,2032,0.19750715,0.14669809,0.1067628,0.15635897999999998,MISW,AEO2026 Low Oil and Gas Supply
p77,2033,0.20702497,0.15448884,0.112057,0.16537973,MISW,AEO2026 Low Oil and Gas Supply
p77,2034,0.20953222,0.15585817999999999,0.11340773,0.16729019,MISW,AEO2026 Low Oil and Gas Supply
p77,2035,0.21188972,0.15693162,0.11491535000000001,0.16874475,MISW,AEO2026 Low Oil and Gas Supply
p77,2036,0.21492640000000002,0.158543,0.11678366000000001,0.17070038,MISW,AEO2026 Low Oil and Gas Supply
p77,2037,0.21831378999999998,0.16038218,0.11894555999999999,0.17279545,MISW,AEO2026 Low Oil and Gas Supply
p77,2038,0.22194908000000002,0.16259186,0.12111720999999999,0.17525883,MISW,AEO2026 Low Oil and Gas Supply
p77,2039,0.22780411,0.16623096,0.12514686,0.17908134,MISW,AEO2026 Low Oil and Gas Supply
p77,2040,0.23182158,0.16920265,0.12689706,0.1824354,MISW,AEO2026 Low Oil and Gas Supply
p77,2041,0.23416779,0.17019431999999998,0.12796333000000001,0.18339239,MISW,AEO2026 Low Oil and Gas Supply
p77,2042,0.23783722000000002,0.17247484,0.12976163,0.18572601,MISW,AEO2026 Low Oil and Gas Supply
p77,2043,0.24177811,0.17501204,0.13167925,0.18829977,MISW,AEO2026 Low Oil and Gas Supply
p77,2044,0.24663149,0.17818661,0.134322,0.19147772,MISW,AEO2026 Low Oil and Gas Supply
p77,2045,0.25120739000000003,0.18127424,0.13637444,0.19467197,MISW,AEO2026 Low Oil and Gas Supply
p77,2046,0.25522625,0.18380785,0.13827831,0.19717120999999999,MISW,AEO2026 Low Oil and Gas Supply
p77,2047,0.25947584,0.18635508,0.14023634,0.1997032,MISW,AEO2026 Low Oil and Gas Supply
p77,2048,0.26370386,0.18903804999999999,0.14229137,0.20231859,MISW,AEO2026 Low Oil and Gas Supply
p77,2049,0.2682143,0.19201301999999998,0.14448789,0.20524891,MISW,AEO2026 Low Oil and Gas Supply
p77,2050,0.2727874,0.19507683,0.14673493,0.20827061,MISW,AEO2026 Low Oil and Gas Supply
p78,2014,0.16269005,0.12212256999999999,0.08597872000000001,0.13105806,MISW,AEO2026 Low Oil and Gas Supply
p78,2015,0.16269005,0.12212256999999999,0.08597872000000001,0.13105806,MISW,AEO2026 Low Oil and Gas Supply
p78,2016,0.16269005,0.12212256999999999,0.08597872000000001,0.13105806,MISW,AEO2026 Low Oil and Gas Supply
p78,2017,0.16269005,0.12212256999999999,0.08597872000000001,0.13105806,MISW,AEO2026 Low Oil and Gas Supply
p78,2018,0.16269005,0.12212256999999999,0.08597872000000001,0.13105806,MISW,AEO2026 Low Oil and Gas Supply
p78,2019,0.16269005,0.12212256999999999,0.08597872000000001,0.13105806,MISW,AEO2026 Low Oil and Gas Supply
p78,2020,0.16269005,0.12212256999999999,0.08597872000000001,0.13105806,MISW,AEO2026 Low Oil and Gas Supply
p78,2021,0.16269005,0.12212256999999999,0.08597872000000001,0.13105806,MISW,AEO2026 Low Oil and Gas Supply
p78,2022,0.16269005,0.12212256999999999,0.08597872000000001,0.13105806,MISW,AEO2026 Low Oil and Gas Supply
p78,2023,0.16269005,0.12212256999999999,0.08597872000000001,0.13105806,MISW,AEO2026 Low Oil and Gas Supply
p78,2024,0.16269005,0.12212256999999999,0.08597872000000001,0.13105806,MISW,AEO2026 Low Oil and Gas Supply
p78,2025,0.16269005,0.12212256999999999,0.08597872000000001,0.13105806,MISW,AEO2026 Low Oil and Gas Supply
p78,2026,0.1676997,0.12540441,0.08849662,0.13542374000000001,MISW,AEO2026 Low Oil and Gas Supply
p78,2027,0.16453786999999997,0.12235163,0.08383945000000001,0.1320848,MISW,AEO2026 Low Oil and Gas Supply
p78,2028,0.1643219,0.12153375999999999,0.08396524,0.13054109,MISW,AEO2026 Low Oil and Gas Supply
p78,2029,0.17003988,0.12628164,0.0874428,0.13508659,MISW,AEO2026 Low Oil and Gas Supply
p78,2030,0.17828196999999998,0.13261522,0.09309083,0.14145209,MISW,AEO2026 Low Oil and Gas Supply
p78,2031,0.18553194,0.13857803999999999,0.09740983,0.14786756,MISW,AEO2026 Low Oil and Gas Supply
p78,2032,0.19750715,0.14669809,0.1067628,0.15635897999999998,MISW,AEO2026 Low Oil and Gas Supply
p78,2033,0.20702497,0.15448884,0.112057,0.16537973,MISW,AEO2026 Low Oil and Gas Supply
p78,2034,0.20953222,0.15585817999999999,0.11340773,0.16729019,MISW,AEO2026 Low Oil and Gas Supply
p78,2035,0.21188972,0.15693162,0.11491535000000001,0.16874475,MISW,AEO2026 Low Oil and Gas Supply
p78,2036,0.21492640000000002,0.158543,0.11678366000000001,0.17070038,MISW,AEO2026 Low Oil and Gas Supply
p78,2037,0.21831378999999998,0.16038218,0.11894555999999999,0.17279545,MISW,AEO2026 Low Oil and Gas Supply
p78,2038,0.22194908000000002,0.16259186,0.12111720999999999,0.17525883,MISW,AEO2026 Low Oil and Gas Supply
p78,2039,0.22780411,0.16623096,0.12514686,0.17908134,MISW,AEO2026 Low Oil and Gas Supply
p78,2040,0.23182158,0.16920265,0.12689706,0.1824354,MISW,AEO2026 Low Oil and Gas Supply
p78,2041,0.23416779,0.17019431999999998,0.12796333000000001,0.18339239,MISW,AEO2026 Low Oil and Gas Supply
p78,2042,0.23783722000000002,0.17247484,0.12976163,0.18572601,MISW,AEO2026 Low Oil and Gas Supply
p78,2043,0.24177811,0.17501204,0.13167925,0.18829977,MISW,AEO2026 Low Oil and Gas Supply
p78,2044,0.24663149,0.17818661,0.134322,0.19147772,MISW,AEO2026 Low Oil and Gas Supply
p78,2045,0.25120739000000003,0.18127424,0.13637444,0.19467197,MISW,AEO2026 Low Oil and Gas Supply
p78,2046,0.25522625,0.18380785,0.13827831,0.19717120999999999,MISW,AEO2026 Low Oil and Gas Supply
p78,2047,0.25947584,0.18635508,0.14023634,0.1997032,MISW,AEO2026 Low Oil and Gas Supply
p78,2048,0.26370386,0.18903804999999999,0.14229137,0.20231859,MISW,AEO2026 Low Oil and Gas Supply
p78,2049,0.2682143,0.19201301999999998,0.14448789,0.20524891,MISW,AEO2026 Low Oil and Gas Supply
p78,2050,0.2727874,0.19507683,0.14673493,0.20827061,MISW,AEO2026 Low Oil and Gas Supply
p79,2014,0.16269005,0.12212256999999999,0.08597872000000001,0.13105806,MISW,AEO2026 Low Oil and Gas Supply
p79,2015,0.16269005,0.12212256999999999,0.08597872000000001,0.13105806,MISW,AEO2026 Low Oil and Gas Supply
p79,2016,0.16269005,0.12212256999999999,0.08597872000000001,0.13105806,MISW,AEO2026 Low Oil and Gas Supply
p79,2017,0.16269005,0.12212256999999999,0.08597872000000001,0.13105806,MISW,AEO2026 Low Oil and Gas Supply
p79,2018,0.16269005,0.12212256999999999,0.08597872000000001,0.13105806,MISW,AEO2026 Low Oil and Gas Supply
p79,2019,0.16269005,0.12212256999999999,0.08597872000000001,0.13105806,MISW,AEO2026 Low Oil and Gas Supply
p79,2020,0.16269005,0.12212256999999999,0.08597872000000001,0.13105806,MISW,AEO2026 Low Oil and Gas Supply
p79,2021,0.16269005,0.12212256999999999,0.08597872000000001,0.13105806,MISW,AEO2026 Low Oil and Gas Supply
p79,2022,0.16269005,0.12212256999999999,0.08597872000000001,0.13105806,MISW,AEO2026 Low Oil and Gas Supply
p79,2023,0.16269005,0.12212256999999999,0.08597872000000001,0.13105806,MISW,AEO2026 Low Oil and Gas Supply
p79,2024,0.16269005,0.12212256999999999,0.08597872000000001,0.13105806,MISW,AEO2026 Low Oil and Gas Supply
p79,2025,0.16269005,0.12212256999999999,0.08597872000000001,0.13105806,MISW,AEO2026 Low Oil and Gas Supply
p79,2026,0.1676997,0.12540441,0.08849662,0.13542374000000001,MISW,AEO2026 Low Oil and Gas Supply
p79,2027,0.16453786999999997,0.12235163,0.08383945000000001,0.1320848,MISW,AEO2026 Low Oil and Gas Supply
p79,2028,0.1643219,0.12153375999999999,0.08396524,0.13054109,MISW,AEO2026 Low Oil and Gas Supply
p79,2029,0.17003988,0.12628164,0.0874428,0.13508659,MISW,AEO2026 Low Oil and Gas Supply
p79,2030,0.17828196999999998,0.13261522,0.09309083,0.14145209,MISW,AEO2026 Low Oil and Gas Supply
p79,2031,0.18553194,0.13857803999999999,0.09740983,0.14786756,MISW,AEO2026 Low Oil and Gas Supply
p79,2032,0.19750715,0.14669809,0.1067628,0.15635897999999998,MISW,AEO2026 Low Oil and Gas Supply
p79,2033,0.20702497,0.15448884,0.112057,0.16537973,MISW,AEO2026 Low Oil and Gas Supply
p79,2034,0.20953222,0.15585817999999999,0.11340773,0.16729019,MISW,AEO2026 Low Oil and Gas Supply
p79,2035,0.21188972,0.15693162,0.11491535000000001,0.16874475,MISW,AEO2026 Low Oil and Gas Supply
p79,2036,0.21492640000000002,0.158543,0.11678366000000001,0.17070038,MISW,AEO2026 Low Oil and Gas Supply
p79,2037,0.21831378999999998,0.16038218,0.11894555999999999,0.17279545,MISW,AEO2026 Low Oil and Gas Supply
p79,2038,0.22194908000000002,0.16259186,0.12111720999999999,0.17525883,MISW,AEO2026 Low Oil and Gas Supply
p79,2039,0.22780411,0.16623096,0.12514686,0.17908134,MISW,AEO2026 Low Oil and Gas Supply
p79,2040,0.23182158,0.16920265,0.12689706,0.1824354,MISW,AEO2026 Low Oil and Gas Supply
p79,2041,0.23416779,0.17019431999999998,0.12796333000000001,0.18339239,MISW,AEO2026 Low Oil and Gas Supply
p79,2042,0.23783722000000002,0.17247484,0.12976163,0.18572601,MISW,AEO2026 Low Oil and Gas Supply
p79,2043,0.24177811,0.17501204,0.13167925,0.18829977,MISW,AEO2026 Low Oil and Gas Supply
p79,2044,0.24663149,0.17818661,0.134322,0.19147772,MISW,AEO2026 Low Oil and Gas Supply
p79,2045,0.25120739000000003,0.18127424,0.13637444,0.19467197,MISW,AEO2026 Low Oil and Gas Supply
p79,2046,0.25522625,0.18380785,0.13827831,0.19717120999999999,MISW,AEO2026 Low Oil and Gas Supply
p79,2047,0.25947584,0.18635508,0.14023634,0.1997032,MISW,AEO2026 Low Oil and Gas Supply
p79,2048,0.26370386,0.18903804999999999,0.14229137,0.20231859,MISW,AEO2026 Low Oil and Gas Supply
p79,2049,0.2682143,0.19201301999999998,0.14448789,0.20524891,MISW,AEO2026 Low Oil and Gas Supply
p79,2050,0.2727874,0.19507683,0.14673493,0.20827061,MISW,AEO2026 Low Oil and Gas Supply
p80,2014,0.141847,0.11881932,0.09860274000000001,0.11418309,PJMC,AEO2026 Low Oil and Gas Supply
p80,2015,0.141847,0.11881932,0.09860274000000001,0.11418309,PJMC,AEO2026 Low Oil and Gas Supply
p80,2016,0.141847,0.11881932,0.09860274000000001,0.11418309,PJMC,AEO2026 Low Oil and Gas Supply
p80,2017,0.141847,0.11881932,0.09860274000000001,0.11418309,PJMC,AEO2026 Low Oil and Gas Supply
p80,2018,0.141847,0.11881932,0.09860274000000001,0.11418309,PJMC,AEO2026 Low Oil and Gas Supply
p80,2019,0.141847,0.11881932,0.09860274000000001,0.11418309,PJMC,AEO2026 Low Oil and Gas Supply
p80,2020,0.141847,0.11881932,0.09860274000000001,0.11418309,PJMC,AEO2026 Low Oil and Gas Supply
p80,2021,0.141847,0.11881932,0.09860274000000001,0.11418309,PJMC,AEO2026 Low Oil and Gas Supply
p80,2022,0.141847,0.11881932,0.09860274000000001,0.11418309,PJMC,AEO2026 Low Oil and Gas Supply
p80,2023,0.141847,0.11881932,0.09860274000000001,0.11418309,PJMC,AEO2026 Low Oil and Gas Supply
p80,2024,0.141847,0.11881932,0.09860274000000001,0.11418309,PJMC,AEO2026 Low Oil and Gas Supply
p80,2025,0.141847,0.11881932,0.09860274000000001,0.11418309,PJMC,AEO2026 Low Oil and Gas Supply
p80,2026,0.14436857,0.11842548000000001,0.09891894000000001,0.11524485999999999,PJMC,AEO2026 Low Oil and Gas Supply
p80,2027,0.15393179999999998,0.12918079000000002,0.10683783,0.12400273,PJMC,AEO2026 Low Oil and Gas Supply
p80,2028,0.16592419,0.14060536,0.11665406,0.13536098000000002,PJMC,AEO2026 Low Oil and Gas Supply
p80,2029,0.17890877,0.15346116,0.12791308,0.14753189,PJMC,AEO2026 Low Oil and Gas Supply
p80,2030,0.18702383,0.16149717,0.13424557,0.154319,PJMC,AEO2026 Low Oil and Gas Supply
p80,2031,0.20229229,0.17894821,0.14652927999999998,0.16824417,PJMC,AEO2026 Low Oil and Gas Supply
p80,2032,0.21156837,0.18599537000000002,0.15393745,0.17677721,PJMC,AEO2026 Low Oil and Gas Supply
p80,2033,0.22062899000000002,0.19499389999999997,0.16163467,0.18518467000000002,PJMC,AEO2026 Low Oil and Gas Supply
p80,2034,0.22135822000000002,0.19537399,0.16114088,0.18552997999999998,PJMC,AEO2026 Low Oil and Gas Supply
p80,2035,0.21937816999999998,0.19214188,0.15845387,0.18323948,PJMC,AEO2026 Low Oil and Gas Supply
p80,2036,0.22542726999999999,0.19755919,0.16253879999999998,0.18753086,PJMC,AEO2026 Low Oil and Gas Supply
p80,2037,0.22880583000000002,0.20062757,0.16406557,0.18957376,PJMC,AEO2026 Low Oil and Gas Supply
p80,2038,0.23741174999999998,0.21091219,0.16969864,0.19611077999999998,PJMC,AEO2026 Low Oil and Gas Supply
p80,2039,0.22706316,0.19748741,0.15963972999999998,0.18604702,PJMC,AEO2026 Low Oil and Gas Supply
p80,2040,0.23163450000000002,0.20198021,0.16269742999999998,0.1897543,PJMC,AEO2026 Low Oil and Gas Supply
p80,2041,0.2397711,0.20948999000000001,0.16892496,0.19634691,PJMC,AEO2026 Low Oil and Gas Supply
p80,2042,0.25103586,0.22002121,0.17825151000000003,0.20603591999999998,PJMC,AEO2026 Low Oil and Gas Supply
p80,2043,0.25953903,0.22809933000000002,0.1849954,0.21363577,PJMC,AEO2026 Low Oil and Gas Supply
p80,2044,0.26809456,0.23631440999999997,0.19143293,0.22096546,PJMC,AEO2026 Low Oil and Gas Supply
p80,2045,0.27898188,0.24660614,0.19994972,0.23029824999999998,PJMC,AEO2026 Low Oil and Gas Supply
p80,2046,0.28961067,0.25641777,0.20815128000000002,0.23916441,PJMC,AEO2026 Low Oil and Gas Supply
p80,2047,0.29752909,0.2637348,0.21365967000000002,0.24556360000000002,PJMC,AEO2026 Low Oil and Gas Supply
p80,2048,0.30506104,0.27081705,0.21879353999999998,0.25167660000000003,PJMC,AEO2026 Low Oil and Gas Supply
p80,2049,0.31260017,0.27809814,0.22389174,0.25749262,PJMC,AEO2026 Low Oil and Gas Supply
p80,2050,0.31778706,0.28256712,0.22695822,0.26144531,PJMC,AEO2026 Low Oil and Gas Supply
p81,2014,0.15195830000000002,0.12024366,0.08828652,0.12678975,MISC,AEO2026 Low Oil and Gas Supply
p81,2015,0.15195830000000002,0.12024366,0.08828652,0.12678975,MISC,AEO2026 Low Oil and Gas Supply
p81,2016,0.15195830000000002,0.12024366,0.08828652,0.12678975,MISC,AEO2026 Low Oil and Gas Supply
p81,2017,0.15195830000000002,0.12024366,0.08828652,0.12678975,MISC,AEO2026 Low Oil and Gas Supply
p81,2018,0.15195830000000002,0.12024366,0.08828652,0.12678975,MISC,AEO2026 Low Oil and Gas Supply
p81,2019,0.15195830000000002,0.12024366,0.08828652,0.12678975,MISC,AEO2026 Low Oil and Gas Supply
p81,2020,0.15195830000000002,0.12024366,0.08828652,0.12678975,MISC,AEO2026 Low Oil and Gas Supply
p81,2021,0.15195830000000002,0.12024366,0.08828652,0.12678975,MISC,AEO2026 Low Oil and Gas Supply
p81,2022,0.15195830000000002,0.12024366,0.08828652,0.12678975,MISC,AEO2026 Low Oil and Gas Supply
p81,2023,0.15195830000000002,0.12024366,0.08828652,0.12678975,MISC,AEO2026 Low Oil and Gas Supply
p81,2024,0.15195830000000002,0.12024366,0.08828652,0.12678975,MISC,AEO2026 Low Oil and Gas Supply
p81,2025,0.15195830000000002,0.12024366,0.08828652,0.12678975,MISC,AEO2026 Low Oil and Gas Supply
p81,2026,0.15338411000000002,0.12044456,0.08820308,0.12796765000000002,MISC,AEO2026 Low Oil and Gas Supply
p81,2027,0.15481622,0.12248799999999999,0.08879745,0.12944160999999998,MISC,AEO2026 Low Oil and Gas Supply
p81,2028,0.16036142,0.12756021,0.09363256,0.13394830000000002,MISC,AEO2026 Low Oil and Gas Supply
p81,2029,0.169701,0.13629284,0.10052324,0.14244373,MISC,AEO2026 Low Oil and Gas Supply
p81,2030,0.17649534,0.14259069,0.10505909000000001,0.14884767,MISC,AEO2026 Low Oil and Gas Supply
p81,2031,0.18417109,0.15044996,0.11049524,0.15624016,MISC,AEO2026 Low Oil and Gas Supply
p81,2032,0.19303408,0.15711547,0.11757374999999999,0.1629215,MISC,AEO2026 Low Oil and Gas Supply
p81,2033,0.20013794000000001,0.16382856,0.1218807,0.17116646,MISC,AEO2026 Low Oil and Gas Supply
p81,2034,0.20167742,0.16497913,0.12308543,0.17236998,MISC,AEO2026 Low Oil and Gas Supply
p81,2035,0.20412970000000003,0.16704111000000002,0.12482072999999999,0.17472190999999998,MISC,AEO2026 Low Oil and Gas Supply
p81,2036,0.20714624,0.16927825999999999,0.12691449,0.17713115999999998,MISC,AEO2026 Low Oil and Gas Supply
p81,2037,0.21035094999999998,0.17187408,0.12908262,0.17991479999999999,MISC,AEO2026 Low Oil and Gas Supply
p81,2038,0.21567165,0.17664854,0.13265529,0.18420615999999998,MISC,AEO2026 Low Oil and Gas Supply
p81,2039,0.21896898,0.17741236000000002,0.13426470999999998,0.18556728,MISC,AEO2026 Low Oil and Gas Supply
p81,2040,0.22650465,0.18460058000000001,0.13919105,0.19268684,MISC,AEO2026 Low Oil and Gas Supply
p81,2041,0.23147772,0.18880095,0.1426336,0.19685752999999998,MISC,AEO2026 Low Oil and Gas Supply
p81,2042,0.23684103,0.19331354,0.14640666,0.20119526000000001,MISC,AEO2026 Low Oil and Gas Supply
p81,2043,0.24191402,0.19763639000000002,0.14976081,0.205341,MISC,AEO2026 Low Oil and Gas Supply
p81,2044,0.24758467,0.20243272999999998,0.15345383999999998,0.20994097,MISC,AEO2026 Low Oil and Gas Supply
p81,2045,0.25391504000000004,0.20792767999999998,0.15765388,0.21525261,MISC,AEO2026 Low Oil and Gas Supply
p81,2046,0.25987259,0.21310057000000002,0.16158297000000002,0.22038912,MISC,AEO2026 Low Oil and Gas Supply
p81,2047,0.26467051999999996,0.21715046000000002,0.16448256,0.22429031,MISC,AEO2026 Low Oil and Gas Supply
p81,2048,0.26857225,0.22057444,0.1667433,0.22747773999999998,MISC,AEO2026 Low Oil and Gas Supply
p81,2049,0.27166412,0.22336679,0.16843206,0.22999231,MISC,AEO2026 Low Oil and Gas Supply
p81,2050,0.27625559,0.2270459,0.17130789,0.23323339,MISC,AEO2026 Low Oil and Gas Supply
p82,2014,0.15195830000000002,0.12024366,0.08828652,0.12678975,MISC,AEO2026 Low Oil and Gas Supply
p82,2015,0.15195830000000002,0.12024366,0.08828652,0.12678975,MISC,AEO2026 Low Oil and Gas Supply
p82,2016,0.15195830000000002,0.12024366,0.08828652,0.12678975,MISC,AEO2026 Low Oil and Gas Supply
p82,2017,0.15195830000000002,0.12024366,0.08828652,0.12678975,MISC,AEO2026 Low Oil and Gas Supply
p82,2018,0.15195830000000002,0.12024366,0.08828652,0.12678975,MISC,AEO2026 Low Oil and Gas Supply
p82,2019,0.15195830000000002,0.12024366,0.08828652,0.12678975,MISC,AEO2026 Low Oil and Gas Supply
p82,2020,0.15195830000000002,0.12024366,0.08828652,0.12678975,MISC,AEO2026 Low Oil and Gas Supply
p82,2021,0.15195830000000002,0.12024366,0.08828652,0.12678975,MISC,AEO2026 Low Oil and Gas Supply
p82,2022,0.15195830000000002,0.12024366,0.08828652,0.12678975,MISC,AEO2026 Low Oil and Gas Supply
p82,2023,0.15195830000000002,0.12024366,0.08828652,0.12678975,MISC,AEO2026 Low Oil and Gas Supply
p82,2024,0.15195830000000002,0.12024366,0.08828652,0.12678975,MISC,AEO2026 Low Oil and Gas Supply
p82,2025,0.15195830000000002,0.12024366,0.08828652,0.12678975,MISC,AEO2026 Low Oil and Gas Supply
p82,2026,0.15338411000000002,0.12044456,0.08820308,0.12796765000000002,MISC,AEO2026 Low Oil and Gas Supply
p82,2027,0.15481622,0.12248799999999999,0.08879745,0.12944160999999998,MISC,AEO2026 Low Oil and Gas Supply
p82,2028,0.16036142,0.12756021,0.09363256,0.13394830000000002,MISC,AEO2026 Low Oil and Gas Supply
p82,2029,0.169701,0.13629284,0.10052324,0.14244373,MISC,AEO2026 Low Oil and Gas Supply
p82,2030,0.17649534,0.14259069,0.10505909000000001,0.14884767,MISC,AEO2026 Low Oil and Gas Supply
p82,2031,0.18417109,0.15044996,0.11049524,0.15624016,MISC,AEO2026 Low Oil and Gas Supply
p82,2032,0.19303408,0.15711547,0.11757374999999999,0.1629215,MISC,AEO2026 Low Oil and Gas Supply
p82,2033,0.20013794000000001,0.16382856,0.1218807,0.17116646,MISC,AEO2026 Low Oil and Gas Supply
p82,2034,0.20167742,0.16497913,0.12308543,0.17236998,MISC,AEO2026 Low Oil and Gas Supply
p82,2035,0.20412970000000003,0.16704111000000002,0.12482072999999999,0.17472190999999998,MISC,AEO2026 Low Oil and Gas Supply
p82,2036,0.20714624,0.16927825999999999,0.12691449,0.17713115999999998,MISC,AEO2026 Low Oil and Gas Supply
p82,2037,0.21035094999999998,0.17187408,0.12908262,0.17991479999999999,MISC,AEO2026 Low Oil and Gas Supply
p82,2038,0.21567165,0.17664854,0.13265529,0.18420615999999998,MISC,AEO2026 Low Oil and Gas Supply
p82,2039,0.21896898,0.17741236000000002,0.13426470999999998,0.18556728,MISC,AEO2026 Low Oil and Gas Supply
p82,2040,0.22650465,0.18460058000000001,0.13919105,0.19268684,MISC,AEO2026 Low Oil and Gas Supply
p82,2041,0.23147772,0.18880095,0.1426336,0.19685752999999998,MISC,AEO2026 Low Oil and Gas Supply
p82,2042,0.23684103,0.19331354,0.14640666,0.20119526000000001,MISC,AEO2026 Low Oil and Gas Supply
p82,2043,0.24191402,0.19763639000000002,0.14976081,0.205341,MISC,AEO2026 Low Oil and Gas Supply
p82,2044,0.24758467,0.20243272999999998,0.15345383999999998,0.20994097,MISC,AEO2026 Low Oil and Gas Supply
p82,2045,0.25391504000000004,0.20792767999999998,0.15765388,0.21525261,MISC,AEO2026 Low Oil and Gas Supply
p82,2046,0.25987259,0.21310057000000002,0.16158297000000002,0.22038912,MISC,AEO2026 Low Oil and Gas Supply
p82,2047,0.26467051999999996,0.21715046000000002,0.16448256,0.22429031,MISC,AEO2026 Low Oil and Gas Supply
p82,2048,0.26857225,0.22057444,0.1667433,0.22747773999999998,MISC,AEO2026 Low Oil and Gas Supply
p82,2049,0.27166412,0.22336679,0.16843206,0.22999231,MISC,AEO2026 Low Oil and Gas Supply
p82,2050,0.27625559,0.2270459,0.17130789,0.23323339,MISC,AEO2026 Low Oil and Gas Supply
p83,2014,0.15195830000000002,0.12024366,0.08828652,0.12678975,MISC,AEO2026 Low Oil and Gas Supply
p83,2015,0.15195830000000002,0.12024366,0.08828652,0.12678975,MISC,AEO2026 Low Oil and Gas Supply
p83,2016,0.15195830000000002,0.12024366,0.08828652,0.12678975,MISC,AEO2026 Low Oil and Gas Supply
p83,2017,0.15195830000000002,0.12024366,0.08828652,0.12678975,MISC,AEO2026 Low Oil and Gas Supply
p83,2018,0.15195830000000002,0.12024366,0.08828652,0.12678975,MISC,AEO2026 Low Oil and Gas Supply
p83,2019,0.15195830000000002,0.12024366,0.08828652,0.12678975,MISC,AEO2026 Low Oil and Gas Supply
p83,2020,0.15195830000000002,0.12024366,0.08828652,0.12678975,MISC,AEO2026 Low Oil and Gas Supply
p83,2021,0.15195830000000002,0.12024366,0.08828652,0.12678975,MISC,AEO2026 Low Oil and Gas Supply
p83,2022,0.15195830000000002,0.12024366,0.08828652,0.12678975,MISC,AEO2026 Low Oil and Gas Supply
p83,2023,0.15195830000000002,0.12024366,0.08828652,0.12678975,MISC,AEO2026 Low Oil and Gas Supply
p83,2024,0.15195830000000002,0.12024366,0.08828652,0.12678975,MISC,AEO2026 Low Oil and Gas Supply
p83,2025,0.15195830000000002,0.12024366,0.08828652,0.12678975,MISC,AEO2026 Low Oil and Gas Supply
p83,2026,0.15338411000000002,0.12044456,0.08820308,0.12796765000000002,MISC,AEO2026 Low Oil and Gas Supply
p83,2027,0.15481622,0.12248799999999999,0.08879745,0.12944160999999998,MISC,AEO2026 Low Oil and Gas Supply
p83,2028,0.16036142,0.12756021,0.09363256,0.13394830000000002,MISC,AEO2026 Low Oil and Gas Supply
p83,2029,0.169701,0.13629284,0.10052324,0.14244373,MISC,AEO2026 Low Oil and Gas Supply
p83,2030,0.17649534,0.14259069,0.10505909000000001,0.14884767,MISC,AEO2026 Low Oil and Gas Supply
p83,2031,0.18417109,0.15044996,0.11049524,0.15624016,MISC,AEO2026 Low Oil and Gas Supply
p83,2032,0.19303408,0.15711547,0.11757374999999999,0.1629215,MISC,AEO2026 Low Oil and Gas Supply
p83,2033,0.20013794000000001,0.16382856,0.1218807,0.17116646,MISC,AEO2026 Low Oil and Gas Supply
p83,2034,0.20167742,0.16497913,0.12308543,0.17236998,MISC,AEO2026 Low Oil and Gas Supply
p83,2035,0.20412970000000003,0.16704111000000002,0.12482072999999999,0.17472190999999998,MISC,AEO2026 Low Oil and Gas Supply
p83,2036,0.20714624,0.16927825999999999,0.12691449,0.17713115999999998,MISC,AEO2026 Low Oil and Gas Supply
p83,2037,0.21035094999999998,0.17187408,0.12908262,0.17991479999999999,MISC,AEO2026 Low Oil and Gas Supply
p83,2038,0.21567165,0.17664854,0.13265529,0.18420615999999998,MISC,AEO2026 Low Oil and Gas Supply
p83,2039,0.21896898,0.17741236000000002,0.13426470999999998,0.18556728,MISC,AEO2026 Low Oil and Gas Supply
p83,2040,0.22650465,0.18460058000000001,0.13919105,0.19268684,MISC,AEO2026 Low Oil and Gas Supply
p83,2041,0.23147772,0.18880095,0.1426336,0.19685752999999998,MISC,AEO2026 Low Oil and Gas Supply
p83,2042,0.23684103,0.19331354,0.14640666,0.20119526000000001,MISC,AEO2026 Low Oil and Gas Supply
p83,2043,0.24191402,0.19763639000000002,0.14976081,0.205341,MISC,AEO2026 Low Oil and Gas Supply
p83,2044,0.24758467,0.20243272999999998,0.15345383999999998,0.20994097,MISC,AEO2026 Low Oil and Gas Supply
p83,2045,0.25391504000000004,0.20792767999999998,0.15765388,0.21525261,MISC,AEO2026 Low Oil and Gas Supply
p83,2046,0.25987259,0.21310057000000002,0.16158297000000002,0.22038912,MISC,AEO2026 Low Oil and Gas Supply
p83,2047,0.26467051999999996,0.21715046000000002,0.16448256,0.22429031,MISC,AEO2026 Low Oil and Gas Supply
p83,2048,0.26857225,0.22057444,0.1667433,0.22747773999999998,MISC,AEO2026 Low Oil and Gas Supply
p83,2049,0.27166412,0.22336679,0.16843206,0.22999231,MISC,AEO2026 Low Oil and Gas Supply
p83,2050,0.27625559,0.2270459,0.17130789,0.23323339,MISC,AEO2026 Low Oil and Gas Supply
p84,2014,0.15195830000000002,0.12024366,0.08828652,0.12678975,MISC,AEO2026 Low Oil and Gas Supply
p84,2015,0.15195830000000002,0.12024366,0.08828652,0.12678975,MISC,AEO2026 Low Oil and Gas Supply
p84,2016,0.15195830000000002,0.12024366,0.08828652,0.12678975,MISC,AEO2026 Low Oil and Gas Supply
p84,2017,0.15195830000000002,0.12024366,0.08828652,0.12678975,MISC,AEO2026 Low Oil and Gas Supply
p84,2018,0.15195830000000002,0.12024366,0.08828652,0.12678975,MISC,AEO2026 Low Oil and Gas Supply
p84,2019,0.15195830000000002,0.12024366,0.08828652,0.12678975,MISC,AEO2026 Low Oil and Gas Supply
p84,2020,0.15195830000000002,0.12024366,0.08828652,0.12678975,MISC,AEO2026 Low Oil and Gas Supply
p84,2021,0.15195830000000002,0.12024366,0.08828652,0.12678975,MISC,AEO2026 Low Oil and Gas Supply
p84,2022,0.15195830000000002,0.12024366,0.08828652,0.12678975,MISC,AEO2026 Low Oil and Gas Supply
p84,2023,0.15195830000000002,0.12024366,0.08828652,0.12678975,MISC,AEO2026 Low Oil and Gas Supply
p84,2024,0.15195830000000002,0.12024366,0.08828652,0.12678975,MISC,AEO2026 Low Oil and Gas Supply
p84,2025,0.15195830000000002,0.12024366,0.08828652,0.12678975,MISC,AEO2026 Low Oil and Gas Supply
p84,2026,0.15338411000000002,0.12044456,0.08820308,0.12796765000000002,MISC,AEO2026 Low Oil and Gas Supply
p84,2027,0.15481622,0.12248799999999999,0.08879745,0.12944160999999998,MISC,AEO2026 Low Oil and Gas Supply
p84,2028,0.16036142,0.12756021,0.09363256,0.13394830000000002,MISC,AEO2026 Low Oil and Gas Supply
p84,2029,0.169701,0.13629284,0.10052324,0.14244373,MISC,AEO2026 Low Oil and Gas Supply
p84,2030,0.17649534,0.14259069,0.10505909000000001,0.14884767,MISC,AEO2026 Low Oil and Gas Supply
p84,2031,0.18417109,0.15044996,0.11049524,0.15624016,MISC,AEO2026 Low Oil and Gas Supply
p84,2032,0.19303408,0.15711547,0.11757374999999999,0.1629215,MISC,AEO2026 Low Oil and Gas Supply
p84,2033,0.20013794000000001,0.16382856,0.1218807,0.17116646,MISC,AEO2026 Low Oil and Gas Supply
p84,2034,0.20167742,0.16497913,0.12308543,0.17236998,MISC,AEO2026 Low Oil and Gas Supply
p84,2035,0.20412970000000003,0.16704111000000002,0.12482072999999999,0.17472190999999998,MISC,AEO2026 Low Oil and Gas Supply
p84,2036,0.20714624,0.16927825999999999,0.12691449,0.17713115999999998,MISC,AEO2026 Low Oil and Gas Supply
p84,2037,0.21035094999999998,0.17187408,0.12908262,0.17991479999999999,MISC,AEO2026 Low Oil and Gas Supply
p84,2038,0.21567165,0.17664854,0.13265529,0.18420615999999998,MISC,AEO2026 Low Oil and Gas Supply
p84,2039,0.21896898,0.17741236000000002,0.13426470999999998,0.18556728,MISC,AEO2026 Low Oil and Gas Supply
p84,2040,0.22650465,0.18460058000000001,0.13919105,0.19268684,MISC,AEO2026 Low Oil and Gas Supply
p84,2041,0.23147772,0.18880095,0.1426336,0.19685752999999998,MISC,AEO2026 Low Oil and Gas Supply
p84,2042,0.23684103,0.19331354,0.14640666,0.20119526000000001,MISC,AEO2026 Low Oil and Gas Supply
p84,2043,0.24191402,0.19763639000000002,0.14976081,0.205341,MISC,AEO2026 Low Oil and Gas Supply
p84,2044,0.24758467,0.20243272999999998,0.15345383999999998,0.20994097,MISC,AEO2026 Low Oil and Gas Supply
p84,2045,0.25391504000000004,0.20792767999999998,0.15765388,0.21525261,MISC,AEO2026 Low Oil and Gas Supply
p84,2046,0.25987259,0.21310057000000002,0.16158297000000002,0.22038912,MISC,AEO2026 Low Oil and Gas Supply
p84,2047,0.26467051999999996,0.21715046000000002,0.16448256,0.22429031,MISC,AEO2026 Low Oil and Gas Supply
p84,2048,0.26857225,0.22057444,0.1667433,0.22747773999999998,MISC,AEO2026 Low Oil and Gas Supply
p84,2049,0.27166412,0.22336679,0.16843206,0.22999231,MISC,AEO2026 Low Oil and Gas Supply
p84,2050,0.27625559,0.2270459,0.17130789,0.23323339,MISC,AEO2026 Low Oil and Gas Supply
p85,2014,0.14912897,0.11665174,0.06860242999999999,0.10780977,MISS,AEO2026 Low Oil and Gas Supply
p85,2015,0.14912897,0.11665174,0.06860242999999999,0.10780977,MISS,AEO2026 Low Oil and Gas Supply
p85,2016,0.14912897,0.11665174,0.06860242999999999,0.10780977,MISS,AEO2026 Low Oil and Gas Supply
p85,2017,0.14912897,0.11665174,0.06860242999999999,0.10780977,MISS,AEO2026 Low Oil and Gas Supply
p85,2018,0.14912897,0.11665174,0.06860242999999999,0.10780977,MISS,AEO2026 Low Oil and Gas Supply
p85,2019,0.14912897,0.11665174,0.06860242999999999,0.10780977,MISS,AEO2026 Low Oil and Gas Supply
p85,2020,0.14912897,0.11665174,0.06860242999999999,0.10780977,MISS,AEO2026 Low Oil and Gas Supply
p85,2021,0.14912897,0.11665174,0.06860242999999999,0.10780977,MISS,AEO2026 Low Oil and Gas Supply
p85,2022,0.14912897,0.11665174,0.06860242999999999,0.10780977,MISS,AEO2026 Low Oil and Gas Supply
p85,2023,0.14912897,0.11665174,0.06860242999999999,0.10780977,MISS,AEO2026 Low Oil and Gas Supply
p85,2024,0.14912897,0.11665174,0.06860242999999999,0.10780977,MISS,AEO2026 Low Oil and Gas Supply
p85,2025,0.14912897,0.11665174,0.06860242999999999,0.10780977,MISS,AEO2026 Low Oil and Gas Supply
p85,2026,0.15423235,0.11944199,0.07207706,0.11317306,MISS,AEO2026 Low Oil and Gas Supply
p85,2027,0.1563025,0.11974365000000001,0.071815,0.11397839,MISS,AEO2026 Low Oil and Gas Supply
p85,2028,0.16415043,0.12791484,0.0779209,0.12090271,MISS,AEO2026 Low Oil and Gas Supply
p85,2029,0.17549826,0.13782749,0.08432034,0.13039852,MISS,AEO2026 Low Oil and Gas Supply
p85,2030,0.18343506,0.14443817,0.08848423,0.13692115,MISS,AEO2026 Low Oil and Gas Supply
p85,2031,0.18977940000000001,0.15023008000000002,0.09254167,0.14242091,MISS,AEO2026 Low Oil and Gas Supply
p85,2032,0.1993692,0.15980834,0.09992623,0.15098069,MISS,AEO2026 Low Oil and Gas Supply
p85,2033,0.20743181,0.16624296000000002,0.10383395999999999,0.15795846,MISS,AEO2026 Low Oil and Gas Supply
p85,2034,0.21151482000000002,0.16976938,0.10633129000000001,0.16150558,MISS,AEO2026 Low Oil and Gas Supply
p85,2035,0.21533297999999998,0.17333500000000002,0.10904327999999999,0.16457052,MISS,AEO2026 Low Oil and Gas Supply
p85,2036,0.21874027000000001,0.17656275000000002,0.11161559,0.16732117,MISS,AEO2026 Low Oil and Gas Supply
p85,2037,0.22291574,0.17986809,0.11370372,0.17075218,MISS,AEO2026 Low Oil and Gas Supply
p85,2038,0.22657101000000002,0.18298567,0.11583176,0.17378632,MISS,AEO2026 Low Oil and Gas Supply
p85,2039,0.23059572,0.18627797999999998,0.11798937000000001,0.17705057,MISS,AEO2026 Low Oil and Gas Supply
p85,2040,0.23531345,0.19037979,0.1207519,0.18093890999999998,MISS,AEO2026 Low Oil and Gas Supply
p85,2041,0.24156038,0.19590527000000002,0.12451886999999999,0.18613689,MISS,AEO2026 Low Oil and Gas Supply
p85,2042,0.24833714,0.20175362,0.12830145,0.19175888,MISS,AEO2026 Low Oil and Gas Supply
p85,2043,0.25466712999999996,0.20701630000000001,0.13156786,0.19701046000000003,MISS,AEO2026 Low Oil and Gas Supply
p85,2044,0.2608778,0.21223087,0.13474122,0.20210535,MISS,AEO2026 Low Oil and Gas Supply
p85,2045,0.26738947,0.21770243,0.13822159,0.20729931000000001,MISS,AEO2026 Low Oil and Gas Supply
p85,2046,0.27175325,0.22072243,0.13957639,0.21064926,MISS,AEO2026 Low Oil and Gas Supply
p85,2047,0.2748484,0.22293383,0.14073667,0.21273968,MISS,AEO2026 Low Oil and Gas Supply
p85,2048,0.2792165,0.22653587000000003,0.14293484,0.21600023000000002,MISS,AEO2026 Low Oil and Gas Supply
p85,2049,0.28442132999999997,0.23071587000000002,0.14533279,0.22002409,MISS,AEO2026 Low Oil and Gas Supply
p85,2050,0.28863565,0.23383655999999997,0.14689392,0.22314413,MISS,AEO2026 Low Oil and Gas Supply
p86,2014,0.14912897,0.11665174,0.06860242999999999,0.10780977,MISS,AEO2026 Low Oil and Gas Supply
p86,2015,0.14912897,0.11665174,0.06860242999999999,0.10780977,MISS,AEO2026 Low Oil and Gas Supply
p86,2016,0.14912897,0.11665174,0.06860242999999999,0.10780977,MISS,AEO2026 Low Oil and Gas Supply
p86,2017,0.14912897,0.11665174,0.06860242999999999,0.10780977,MISS,AEO2026 Low Oil and Gas Supply
p86,2018,0.14912897,0.11665174,0.06860242999999999,0.10780977,MISS,AEO2026 Low Oil and Gas Supply
p86,2019,0.14912897,0.11665174,0.06860242999999999,0.10780977,MISS,AEO2026 Low Oil and Gas Supply
p86,2020,0.14912897,0.11665174,0.06860242999999999,0.10780977,MISS,AEO2026 Low Oil and Gas Supply
p86,2021,0.14912897,0.11665174,0.06860242999999999,0.10780977,MISS,AEO2026 Low Oil and Gas Supply
p86,2022,0.14912897,0.11665174,0.06860242999999999,0.10780977,MISS,AEO2026 Low Oil and Gas Supply
p86,2023,0.14912897,0.11665174,0.06860242999999999,0.10780977,MISS,AEO2026 Low Oil and Gas Supply
p86,2024,0.14912897,0.11665174,0.06860242999999999,0.10780977,MISS,AEO2026 Low Oil and Gas Supply
p86,2025,0.14912897,0.11665174,0.06860242999999999,0.10780977,MISS,AEO2026 Low Oil and Gas Supply
p86,2026,0.15423235,0.11944199,0.07207706,0.11317306,MISS,AEO2026 Low Oil and Gas Supply
p86,2027,0.1563025,0.11974365000000001,0.071815,0.11397839,MISS,AEO2026 Low Oil and Gas Supply
p86,2028,0.16415043,0.12791484,0.0779209,0.12090271,MISS,AEO2026 Low Oil and Gas Supply
p86,2029,0.17549826,0.13782749,0.08432034,0.13039852,MISS,AEO2026 Low Oil and Gas Supply
p86,2030,0.18343506,0.14443817,0.08848423,0.13692115,MISS,AEO2026 Low Oil and Gas Supply
p86,2031,0.18977940000000001,0.15023008000000002,0.09254167,0.14242091,MISS,AEO2026 Low Oil and Gas Supply
p86,2032,0.1993692,0.15980834,0.09992623,0.15098069,MISS,AEO2026 Low Oil and Gas Supply
p86,2033,0.20743181,0.16624296000000002,0.10383395999999999,0.15795846,MISS,AEO2026 Low Oil and Gas Supply
p86,2034,0.21151482000000002,0.16976938,0.10633129000000001,0.16150558,MISS,AEO2026 Low Oil and Gas Supply
p86,2035,0.21533297999999998,0.17333500000000002,0.10904327999999999,0.16457052,MISS,AEO2026 Low Oil and Gas Supply
p86,2036,0.21874027000000001,0.17656275000000002,0.11161559,0.16732117,MISS,AEO2026 Low Oil and Gas Supply
p86,2037,0.22291574,0.17986809,0.11370372,0.17075218,MISS,AEO2026 Low Oil and Gas Supply
p86,2038,0.22657101000000002,0.18298567,0.11583176,0.17378632,MISS,AEO2026 Low Oil and Gas Supply
p86,2039,0.23059572,0.18627797999999998,0.11798937000000001,0.17705057,MISS,AEO2026 Low Oil and Gas Supply
p86,2040,0.23531345,0.19037979,0.1207519,0.18093890999999998,MISS,AEO2026 Low Oil and Gas Supply
p86,2041,0.24156038,0.19590527000000002,0.12451886999999999,0.18613689,MISS,AEO2026 Low Oil and Gas Supply
p86,2042,0.24833714,0.20175362,0.12830145,0.19175888,MISS,AEO2026 Low Oil and Gas Supply
p86,2043,0.25466712999999996,0.20701630000000001,0.13156786,0.19701046000000003,MISS,AEO2026 Low Oil and Gas Supply
p86,2044,0.2608778,0.21223087,0.13474122,0.20210535,MISS,AEO2026 Low Oil and Gas Supply
p86,2045,0.26738947,0.21770243,0.13822159,0.20729931000000001,MISS,AEO2026 Low Oil and Gas Supply
p86,2046,0.27175325,0.22072243,0.13957639,0.21064926,MISS,AEO2026 Low Oil and Gas Supply
p86,2047,0.2748484,0.22293383,0.14073667,0.21273968,MISS,AEO2026 Low Oil and Gas Supply
p86,2048,0.2792165,0.22653587000000003,0.14293484,0.21600023000000002,MISS,AEO2026 Low Oil and Gas Supply
p86,2049,0.28442132999999997,0.23071587000000002,0.14533279,0.22002409,MISS,AEO2026 Low Oil and Gas Supply
p86,2050,0.28863565,0.23383655999999997,0.14689392,0.22314413,MISS,AEO2026 Low Oil and Gas Supply
p87,2014,0.14912897,0.11665174,0.06860242999999999,0.10780977,MISS,AEO2026 Low Oil and Gas Supply
p87,2015,0.14912897,0.11665174,0.06860242999999999,0.10780977,MISS,AEO2026 Low Oil and Gas Supply
p87,2016,0.14912897,0.11665174,0.06860242999999999,0.10780977,MISS,AEO2026 Low Oil and Gas Supply
p87,2017,0.14912897,0.11665174,0.06860242999999999,0.10780977,MISS,AEO2026 Low Oil and Gas Supply
p87,2018,0.14912897,0.11665174,0.06860242999999999,0.10780977,MISS,AEO2026 Low Oil and Gas Supply
p87,2019,0.14912897,0.11665174,0.06860242999999999,0.10780977,MISS,AEO2026 Low Oil and Gas Supply
p87,2020,0.14912897,0.11665174,0.06860242999999999,0.10780977,MISS,AEO2026 Low Oil and Gas Supply
p87,2021,0.14912897,0.11665174,0.06860242999999999,0.10780977,MISS,AEO2026 Low Oil and Gas Supply
p87,2022,0.14912897,0.11665174,0.06860242999999999,0.10780977,MISS,AEO2026 Low Oil and Gas Supply
p87,2023,0.14912897,0.11665174,0.06860242999999999,0.10780977,MISS,AEO2026 Low Oil and Gas Supply
p87,2024,0.14912897,0.11665174,0.06860242999999999,0.10780977,MISS,AEO2026 Low Oil and Gas Supply
p87,2025,0.14912897,0.11665174,0.06860242999999999,0.10780977,MISS,AEO2026 Low Oil and Gas Supply
p87,2026,0.15423235,0.11944199,0.07207706,0.11317306,MISS,AEO2026 Low Oil and Gas Supply
p87,2027,0.1563025,0.11974365000000001,0.071815,0.11397839,MISS,AEO2026 Low Oil and Gas Supply
p87,2028,0.16415043,0.12791484,0.0779209,0.12090271,MISS,AEO2026 Low Oil and Gas Supply
p87,2029,0.17549826,0.13782749,0.08432034,0.13039852,MISS,AEO2026 Low Oil and Gas Supply
p87,2030,0.18343506,0.14443817,0.08848423,0.13692115,MISS,AEO2026 Low Oil and Gas Supply
p87,2031,0.18977940000000001,0.15023008000000002,0.09254167,0.14242091,MISS,AEO2026 Low Oil and Gas Supply
p87,2032,0.1993692,0.15980834,0.09992623,0.15098069,MISS,AEO2026 Low Oil and Gas Supply
p87,2033,0.20743181,0.16624296000000002,0.10383395999999999,0.15795846,MISS,AEO2026 Low Oil and Gas Supply
p87,2034,0.21151482000000002,0.16976938,0.10633129000000001,0.16150558,MISS,AEO2026 Low Oil and Gas Supply
p87,2035,0.21533297999999998,0.17333500000000002,0.10904327999999999,0.16457052,MISS,AEO2026 Low Oil and Gas Supply
p87,2036,0.21874027000000001,0.17656275000000002,0.11161559,0.16732117,MISS,AEO2026 Low Oil and Gas Supply
p87,2037,0.22291574,0.17986809,0.11370372,0.17075218,MISS,AEO2026 Low Oil and Gas Supply
p87,2038,0.22657101000000002,0.18298567,0.11583176,0.17378632,MISS,AEO2026 Low Oil and Gas Supply
p87,2039,0.23059572,0.18627797999999998,0.11798937000000001,0.17705057,MISS,AEO2026 Low Oil and Gas Supply
p87,2040,0.23531345,0.19037979,0.1207519,0.18093890999999998,MISS,AEO2026 Low Oil and Gas Supply
p87,2041,0.24156038,0.19590527000000002,0.12451886999999999,0.18613689,MISS,AEO2026 Low Oil and Gas Supply
p87,2042,0.24833714,0.20175362,0.12830145,0.19175888,MISS,AEO2026 Low Oil and Gas Supply
p87,2043,0.25466712999999996,0.20701630000000001,0.13156786,0.19701046000000003,MISS,AEO2026 Low Oil and Gas Supply
p87,2044,0.2608778,0.21223087,0.13474122,0.20210535,MISS,AEO2026 Low Oil and Gas Supply
p87,2045,0.26738947,0.21770243,0.13822159,0.20729931000000001,MISS,AEO2026 Low Oil and Gas Supply
p87,2046,0.27175325,0.22072243,0.13957639,0.21064926,MISS,AEO2026 Low Oil and Gas Supply
p87,2047,0.2748484,0.22293383,0.14073667,0.21273968,MISS,AEO2026 Low Oil and Gas Supply
p87,2048,0.2792165,0.22653587000000003,0.14293484,0.21600023000000002,MISS,AEO2026 Low Oil and Gas Supply
p87,2049,0.28442132999999997,0.23071587000000002,0.14533279,0.22002409,MISS,AEO2026 Low Oil and Gas Supply
p87,2050,0.28863565,0.23383655999999997,0.14689392,0.22314413,MISS,AEO2026 Low Oil and Gas Supply
p88,2014,0.12789306,0.11901155,0.059362979999999996,0.1059636,SRCE,AEO2026 Low Oil and Gas Supply
p88,2015,0.12789306,0.11901155,0.059362979999999996,0.1059636,SRCE,AEO2026 Low Oil and Gas Supply
p88,2016,0.12789306,0.11901155,0.059362979999999996,0.1059636,SRCE,AEO2026 Low Oil and Gas Supply
p88,2017,0.12789306,0.11901155,0.059362979999999996,0.1059636,SRCE,AEO2026 Low Oil and Gas Supply
p88,2018,0.12789306,0.11901155,0.059362979999999996,0.1059636,SRCE,AEO2026 Low Oil and Gas Supply
p88,2019,0.12789306,0.11901155,0.059362979999999996,0.1059636,SRCE,AEO2026 Low Oil and Gas Supply
p88,2020,0.12789306,0.11901155,0.059362979999999996,0.1059636,SRCE,AEO2026 Low Oil and Gas Supply
p88,2021,0.12789306,0.11901155,0.059362979999999996,0.1059636,SRCE,AEO2026 Low Oil and Gas Supply
p88,2022,0.12789306,0.11901155,0.059362979999999996,0.1059636,SRCE,AEO2026 Low Oil and Gas Supply
p88,2023,0.12789306,0.11901155,0.059362979999999996,0.1059636,SRCE,AEO2026 Low Oil and Gas Supply
p88,2024,0.12789306,0.11901155,0.059362979999999996,0.1059636,SRCE,AEO2026 Low Oil and Gas Supply
p88,2025,0.12789306,0.11901155,0.059362979999999996,0.1059636,SRCE,AEO2026 Low Oil and Gas Supply
p88,2026,0.12862595000000002,0.12180081,0.060957819999999996,0.10875645,SRCE,AEO2026 Low Oil and Gas Supply
p88,2027,0.12254314000000001,0.11211869999999999,0.054383749999999995,0.10127857999999999,SRCE,AEO2026 Low Oil and Gas Supply
p88,2028,0.1275396,0.11799794999999999,0.05793962,0.10630311,SRCE,AEO2026 Low Oil and Gas Supply
p88,2029,0.13453162000000002,0.12607682,0.06239878,0.11329266,SRCE,AEO2026 Low Oil and Gas Supply
p88,2030,0.14066433,0.13294572000000002,0.06637207,0.11940392,SRCE,AEO2026 Low Oil and Gas Supply
p88,2031,0.14586915,0.13850058,0.06954443,0.12467584000000001,SRCE,AEO2026 Low Oil and Gas Supply
p88,2032,0.14920501,0.14150252,0.07132791,0.12780841,SRCE,AEO2026 Low Oil and Gas Supply
p88,2033,0.1531078,0.14551811,0.07379369,0.13189014999999998,SRCE,AEO2026 Low Oil and Gas Supply
p88,2034,0.15570578,0.14820231,0.0757392,0.13461678,SRCE,AEO2026 Low Oil and Gas Supply
p88,2035,0.15838908999999998,0.15111263,0.07796738,0.13741766,SRCE,AEO2026 Low Oil and Gas Supply
p88,2036,0.16076872,0.15369085,0.08017882,0.13974218,SRCE,AEO2026 Low Oil and Gas Supply
p88,2037,0.16383595,0.15714653,0.08274738,0.14287151,SRCE,AEO2026 Low Oil and Gas Supply
p88,2038,0.16708328000000003,0.16069254,0.08510204999999998,0.14636483,SRCE,AEO2026 Low Oil and Gas Supply
p88,2039,0.17233336999999999,0.16677161999999998,0.08915999,0.1516288,SRCE,AEO2026 Low Oil and Gas Supply
p88,2040,0.17651067999999998,0.17129801,0.09185509,0.15593383,SRCE,AEO2026 Low Oil and Gas Supply
p88,2041,0.18197842,0.17743282000000002,0.09577341,0.16133032,SRCE,AEO2026 Low Oil and Gas Supply
p88,2042,0.18678253,0.18278677,0.0989699,0.1661231,SRCE,AEO2026 Low Oil and Gas Supply
p88,2043,0.19212551,0.18868271,0.10229677000000001,0.17147995000000002,SRCE,AEO2026 Low Oil and Gas Supply
p88,2044,0.19965254000000002,0.19716181,0.10736309000000001,0.17893979999999998,SRCE,AEO2026 Low Oil and Gas Supply
p88,2045,0.20414660999999998,0.20186779000000002,0.11032094,0.1829373,SRCE,AEO2026 Low Oil and Gas Supply
p88,2046,0.20959440000000001,0.20773808,0.11364267,0.1882873,SRCE,AEO2026 Low Oil and Gas Supply
p88,2047,0.21372019,0.21173404999999998,0.11590826,0.19179564,SRCE,AEO2026 Low Oil and Gas Supply
p88,2048,0.21881851000000002,0.21619112000000001,0.11834675,0.19568502,SRCE,AEO2026 Low Oil and Gas Supply
p88,2049,0.22479647,0.22163164,0.12139516,0.2004011,SRCE,AEO2026 Low Oil and Gas Supply
p88,2050,0.23059256,0.2267794,0.12414952,0.2049774,SRCE,AEO2026 Low Oil and Gas Supply
p89,2014,0.12789306,0.11901155,0.059362979999999996,0.1059636,SRCE,AEO2026 Low Oil and Gas Supply
p89,2015,0.12789306,0.11901155,0.059362979999999996,0.1059636,SRCE,AEO2026 Low Oil and Gas Supply
p89,2016,0.12789306,0.11901155,0.059362979999999996,0.1059636,SRCE,AEO2026 Low Oil and Gas Supply
p89,2017,0.12789306,0.11901155,0.059362979999999996,0.1059636,SRCE,AEO2026 Low Oil and Gas Supply
p89,2018,0.12789306,0.11901155,0.059362979999999996,0.1059636,SRCE,AEO2026 Low Oil and Gas Supply
p89,2019,0.12789306,0.11901155,0.059362979999999996,0.1059636,SRCE,AEO2026 Low Oil and Gas Supply
p89,2020,0.12789306,0.11901155,0.059362979999999996,0.1059636,SRCE,AEO2026 Low Oil and Gas Supply
p89,2021,0.12789306,0.11901155,0.059362979999999996,0.1059636,SRCE,AEO2026 Low Oil and Gas Supply
p89,2022,0.12789306,0.11901155,0.059362979999999996,0.1059636,SRCE,AEO2026 Low Oil and Gas Supply
p89,2023,0.12789306,0.11901155,0.059362979999999996,0.1059636,SRCE,AEO2026 Low Oil and Gas Supply
p89,2024,0.12789306,0.11901155,0.059362979999999996,0.1059636,SRCE,AEO2026 Low Oil and Gas Supply
p89,2025,0.12789306,0.11901155,0.059362979999999996,0.1059636,SRCE,AEO2026 Low Oil and Gas Supply
p89,2026,0.12862595000000002,0.12180081,0.060957819999999996,0.10875645,SRCE,AEO2026 Low Oil and Gas Supply
p89,2027,0.12254314000000001,0.11211869999999999,0.054383749999999995,0.10127857999999999,SRCE,AEO2026 Low Oil and Gas Supply
p89,2028,0.1275396,0.11799794999999999,0.05793962,0.10630311,SRCE,AEO2026 Low Oil and Gas Supply
p89,2029,0.13453162000000002,0.12607682,0.06239878,0.11329266,SRCE,AEO2026 Low Oil and Gas Supply
p89,2030,0.14066433,0.13294572000000002,0.06637207,0.11940392,SRCE,AEO2026 Low Oil and Gas Supply
p89,2031,0.14586915,0.13850058,0.06954443,0.12467584000000001,SRCE,AEO2026 Low Oil and Gas Supply
p89,2032,0.14920501,0.14150252,0.07132791,0.12780841,SRCE,AEO2026 Low Oil and Gas Supply
p89,2033,0.1531078,0.14551811,0.07379369,0.13189014999999998,SRCE,AEO2026 Low Oil and Gas Supply
p89,2034,0.15570578,0.14820231,0.0757392,0.13461678,SRCE,AEO2026 Low Oil and Gas Supply
p89,2035,0.15838908999999998,0.15111263,0.07796738,0.13741766,SRCE,AEO2026 Low Oil and Gas Supply
p89,2036,0.16076872,0.15369085,0.08017882,0.13974218,SRCE,AEO2026 Low Oil and Gas Supply
p89,2037,0.16383595,0.15714653,0.08274738,0.14287151,SRCE,AEO2026 Low Oil and Gas Supply
p89,2038,0.16708328000000003,0.16069254,0.08510204999999998,0.14636483,SRCE,AEO2026 Low Oil and Gas Supply
p89,2039,0.17233336999999999,0.16677161999999998,0.08915999,0.1516288,SRCE,AEO2026 Low Oil and Gas Supply
p89,2040,0.17651067999999998,0.17129801,0.09185509,0.15593383,SRCE,AEO2026 Low Oil and Gas Supply
p89,2041,0.18197842,0.17743282000000002,0.09577341,0.16133032,SRCE,AEO2026 Low Oil and Gas Supply
p89,2042,0.18678253,0.18278677,0.0989699,0.1661231,SRCE,AEO2026 Low Oil and Gas Supply
p89,2043,0.19212551,0.18868271,0.10229677000000001,0.17147995000000002,SRCE,AEO2026 Low Oil and Gas Supply
p89,2044,0.19965254000000002,0.19716181,0.10736309000000001,0.17893979999999998,SRCE,AEO2026 Low Oil and Gas Supply
p89,2045,0.20414660999999998,0.20186779000000002,0.11032094,0.1829373,SRCE,AEO2026 Low Oil and Gas Supply
p89,2046,0.20959440000000001,0.20773808,0.11364267,0.1882873,SRCE,AEO2026 Low Oil and Gas Supply
p89,2047,0.21372019,0.21173404999999998,0.11590826,0.19179564,SRCE,AEO2026 Low Oil and Gas Supply
p89,2048,0.21881851000000002,0.21619112000000001,0.11834675,0.19568502,SRCE,AEO2026 Low Oil and Gas Supply
p89,2049,0.22479647,0.22163164,0.12139516,0.2004011,SRCE,AEO2026 Low Oil and Gas Supply
p89,2050,0.23059256,0.2267794,0.12414952,0.2049774,SRCE,AEO2026 Low Oil and Gas Supply
p90,2014,0.15986715,0.12338755000000001,0.08024940000000001,0.12183918,SRSE,AEO2026 Low Oil and Gas Supply
p90,2015,0.15986715,0.12338755000000001,0.08024940000000001,0.12183918,SRSE,AEO2026 Low Oil and Gas Supply
p90,2016,0.15986715,0.12338755000000001,0.08024940000000001,0.12183918,SRSE,AEO2026 Low Oil and Gas Supply
p90,2017,0.15986715,0.12338755000000001,0.08024940000000001,0.12183918,SRSE,AEO2026 Low Oil and Gas Supply
p90,2018,0.15986715,0.12338755000000001,0.08024940000000001,0.12183918,SRSE,AEO2026 Low Oil and Gas Supply
p90,2019,0.15986715,0.12338755000000001,0.08024940000000001,0.12183918,SRSE,AEO2026 Low Oil and Gas Supply
p90,2020,0.15986715,0.12338755000000001,0.08024940000000001,0.12183918,SRSE,AEO2026 Low Oil and Gas Supply
p90,2021,0.15986715,0.12338755000000001,0.08024940000000001,0.12183918,SRSE,AEO2026 Low Oil and Gas Supply
p90,2022,0.15986715,0.12338755000000001,0.08024940000000001,0.12183918,SRSE,AEO2026 Low Oil and Gas Supply
p90,2023,0.15986715,0.12338755000000001,0.08024940000000001,0.12183918,SRSE,AEO2026 Low Oil and Gas Supply
p90,2024,0.15986715,0.12338755000000001,0.08024940000000001,0.12183918,SRSE,AEO2026 Low Oil and Gas Supply
p90,2025,0.15986715,0.12338755000000001,0.08024940000000001,0.12183918,SRSE,AEO2026 Low Oil and Gas Supply
p90,2026,0.16720532999999999,0.13340422,0.08745688,0.13167579999999998,SRSE,AEO2026 Low Oil and Gas Supply
p90,2027,0.16540817,0.12860666,0.08262637,0.12835715,SRSE,AEO2026 Low Oil and Gas Supply
p90,2028,0.16621867999999998,0.13050882,0.08492813,0.12929327000000002,SRSE,AEO2026 Low Oil and Gas Supply
p90,2029,0.17354877,0.13693982,0.08887921,0.13615558,SRSE,AEO2026 Low Oil and Gas Supply
p90,2030,0.17770924000000002,0.14050877,0.09116353999999999,0.14007174,SRSE,AEO2026 Low Oil and Gas Supply
p90,2031,0.18109209,0.14307239,0.09246315,0.14339151,SRSE,AEO2026 Low Oil and Gas Supply
p90,2032,0.18444187,0.14619173,0.09493013,0.14680424,SRSE,AEO2026 Low Oil and Gas Supply
p90,2033,0.18735361,0.1489541,0.09715778,0.14978543,SRSE,AEO2026 Low Oil and Gas Supply
p90,2034,0.19088495000000003,0.15246282,0.10014761999999999,0.15335194,SRSE,AEO2026 Low Oil and Gas Supply
p90,2035,0.19486720999999999,0.15636358,0.10340166,0.15735321000000002,SRSE,AEO2026 Low Oil and Gas Supply
p90,2036,0.19859606,0.16002699,0.10665003,0.16095112,SRSE,AEO2026 Low Oil and Gas Supply
p90,2037,0.20227438,0.16355906,0.10960995999999999,0.16454647,SRSE,AEO2026 Low Oil and Gas Supply
p90,2038,0.20616783000000002,0.16721191000000002,0.11261049,0.16818174,SRSE,AEO2026 Low Oil and Gas Supply
p90,2039,0.21595759999999997,0.1773698,0.1213475,0.17719712999999998,SRSE,AEO2026 Low Oil and Gas Supply
p90,2040,0.22455915,0.18499109,0.12652075,0.18566434999999998,SRSE,AEO2026 Low Oil and Gas Supply
p90,2041,0.23064980999999998,0.19068290999999998,0.13100782,0.19116474,SRSE,AEO2026 Low Oil and Gas Supply
p90,2042,0.23992734999999998,0.19965187,0.13814432999999998,0.19960722,SRSE,AEO2026 Low Oil and Gas Supply
p90,2043,0.2496736,0.20879968999999998,0.14488638,0.20878237,SRSE,AEO2026 Low Oil and Gas Supply
p90,2044,0.25709049,0.21555420000000003,0.14961781999999998,0.21576408,SRSE,AEO2026 Low Oil and Gas Supply
p90,2045,0.26417774,0.22198677,0.15444712000000002,0.22206163,SRSE,AEO2026 Low Oil and Gas Supply
p90,2046,0.27074018,0.22780488999999998,0.15856156999999999,0.22803453,SRSE,AEO2026 Low Oil and Gas Supply
p90,2047,0.27633919,0.23271805,0.16209904000000003,0.23294373000000002,SRSE,AEO2026 Low Oil and Gas Supply
p90,2048,0.28209639,0.23782562,0.16590366,0.2378746,SRSE,AEO2026 Low Oil and Gas Supply
p90,2049,0.28841061,0.24346268,0.16999949999999997,0.24343039,SRSE,AEO2026 Low Oil and Gas Supply
p90,2050,0.29455341,0.24889036,0.17387253000000003,0.24885453999999999,SRSE,AEO2026 Low Oil and Gas Supply
p91,2014,0.15986715,0.12338755000000001,0.08024940000000001,0.12183918,SRSE,AEO2026 Low Oil and Gas Supply
p91,2015,0.15986715,0.12338755000000001,0.08024940000000001,0.12183918,SRSE,AEO2026 Low Oil and Gas Supply
p91,2016,0.15986715,0.12338755000000001,0.08024940000000001,0.12183918,SRSE,AEO2026 Low Oil and Gas Supply
p91,2017,0.15986715,0.12338755000000001,0.08024940000000001,0.12183918,SRSE,AEO2026 Low Oil and Gas Supply
p91,2018,0.15986715,0.12338755000000001,0.08024940000000001,0.12183918,SRSE,AEO2026 Low Oil and Gas Supply
p91,2019,0.15986715,0.12338755000000001,0.08024940000000001,0.12183918,SRSE,AEO2026 Low Oil and Gas Supply
p91,2020,0.15986715,0.12338755000000001,0.08024940000000001,0.12183918,SRSE,AEO2026 Low Oil and Gas Supply
p91,2021,0.15986715,0.12338755000000001,0.08024940000000001,0.12183918,SRSE,AEO2026 Low Oil and Gas Supply
p91,2022,0.15986715,0.12338755000000001,0.08024940000000001,0.12183918,SRSE,AEO2026 Low Oil and Gas Supply
p91,2023,0.15986715,0.12338755000000001,0.08024940000000001,0.12183918,SRSE,AEO2026 Low Oil and Gas Supply
p91,2024,0.15986715,0.12338755000000001,0.08024940000000001,0.12183918,SRSE,AEO2026 Low Oil and Gas Supply
p91,2025,0.15986715,0.12338755000000001,0.08024940000000001,0.12183918,SRSE,AEO2026 Low Oil and Gas Supply
p91,2026,0.16720532999999999,0.13340422,0.08745688,0.13167579999999998,SRSE,AEO2026 Low Oil and Gas Supply
p91,2027,0.16540817,0.12860666,0.08262637,0.12835715,SRSE,AEO2026 Low Oil and Gas Supply
p91,2028,0.16621867999999998,0.13050882,0.08492813,0.12929327000000002,SRSE,AEO2026 Low Oil and Gas Supply
p91,2029,0.17354877,0.13693982,0.08887921,0.13615558,SRSE,AEO2026 Low Oil and Gas Supply
p91,2030,0.17770924000000002,0.14050877,0.09116353999999999,0.14007174,SRSE,AEO2026 Low Oil and Gas Supply
p91,2031,0.18109209,0.14307239,0.09246315,0.14339151,SRSE,AEO2026 Low Oil and Gas Supply
p91,2032,0.18444187,0.14619173,0.09493013,0.14680424,SRSE,AEO2026 Low Oil and Gas Supply
p91,2033,0.18735361,0.1489541,0.09715778,0.14978543,SRSE,AEO2026 Low Oil and Gas Supply
p91,2034,0.19088495000000003,0.15246282,0.10014761999999999,0.15335194,SRSE,AEO2026 Low Oil and Gas Supply
p91,2035,0.19486720999999999,0.15636358,0.10340166,0.15735321000000002,SRSE,AEO2026 Low Oil and Gas Supply
p91,2036,0.19859606,0.16002699,0.10665003,0.16095112,SRSE,AEO2026 Low Oil and Gas Supply
p91,2037,0.20227438,0.16355906,0.10960995999999999,0.16454647,SRSE,AEO2026 Low Oil and Gas Supply
p91,2038,0.20616783000000002,0.16721191000000002,0.11261049,0.16818174,SRSE,AEO2026 Low Oil and Gas Supply
p91,2039,0.21595759999999997,0.1773698,0.1213475,0.17719712999999998,SRSE,AEO2026 Low Oil and Gas Supply
p91,2040,0.22455915,0.18499109,0.12652075,0.18566434999999998,SRSE,AEO2026 Low Oil and Gas Supply
p91,2041,0.23064980999999998,0.19068290999999998,0.13100782,0.19116474,SRSE,AEO2026 Low Oil and Gas Supply
p91,2042,0.23992734999999998,0.19965187,0.13814432999999998,0.19960722,SRSE,AEO2026 Low Oil and Gas Supply
p91,2043,0.2496736,0.20879968999999998,0.14488638,0.20878237,SRSE,AEO2026 Low Oil and Gas Supply
p91,2044,0.25709049,0.21555420000000003,0.14961781999999998,0.21576408,SRSE,AEO2026 Low Oil and Gas Supply
p91,2045,0.26417774,0.22198677,0.15444712000000002,0.22206163,SRSE,AEO2026 Low Oil and Gas Supply
p91,2046,0.27074018,0.22780488999999998,0.15856156999999999,0.22803453,SRSE,AEO2026 Low Oil and Gas Supply
p91,2047,0.27633919,0.23271805,0.16209904000000003,0.23294373000000002,SRSE,AEO2026 Low Oil and Gas Supply
p91,2048,0.28209639,0.23782562,0.16590366,0.2378746,SRSE,AEO2026 Low Oil and Gas Supply
p91,2049,0.28841061,0.24346268,0.16999949999999997,0.24343039,SRSE,AEO2026 Low Oil and Gas Supply
p91,2050,0.29455341,0.24889036,0.17387253000000003,0.24885453999999999,SRSE,AEO2026 Low Oil and Gas Supply
p92,2014,0.12789306,0.11901155,0.059362979999999996,0.1059636,SRCE,AEO2026 Low Oil and Gas Supply
p92,2015,0.12789306,0.11901155,0.059362979999999996,0.1059636,SRCE,AEO2026 Low Oil and Gas Supply
p92,2016,0.12789306,0.11901155,0.059362979999999996,0.1059636,SRCE,AEO2026 Low Oil and Gas Supply
p92,2017,0.12789306,0.11901155,0.059362979999999996,0.1059636,SRCE,AEO2026 Low Oil and Gas Supply
p92,2018,0.12789306,0.11901155,0.059362979999999996,0.1059636,SRCE,AEO2026 Low Oil and Gas Supply
p92,2019,0.12789306,0.11901155,0.059362979999999996,0.1059636,SRCE,AEO2026 Low Oil and Gas Supply
p92,2020,0.12789306,0.11901155,0.059362979999999996,0.1059636,SRCE,AEO2026 Low Oil and Gas Supply
p92,2021,0.12789306,0.11901155,0.059362979999999996,0.1059636,SRCE,AEO2026 Low Oil and Gas Supply
p92,2022,0.12789306,0.11901155,0.059362979999999996,0.1059636,SRCE,AEO2026 Low Oil and Gas Supply
p92,2023,0.12789306,0.11901155,0.059362979999999996,0.1059636,SRCE,AEO2026 Low Oil and Gas Supply
p92,2024,0.12789306,0.11901155,0.059362979999999996,0.1059636,SRCE,AEO2026 Low Oil and Gas Supply
p92,2025,0.12789306,0.11901155,0.059362979999999996,0.1059636,SRCE,AEO2026 Low Oil and Gas Supply
p92,2026,0.12862595000000002,0.12180081,0.060957819999999996,0.10875645,SRCE,AEO2026 Low Oil and Gas Supply
p92,2027,0.12254314000000001,0.11211869999999999,0.054383749999999995,0.10127857999999999,SRCE,AEO2026 Low Oil and Gas Supply
p92,2028,0.1275396,0.11799794999999999,0.05793962,0.10630311,SRCE,AEO2026 Low Oil and Gas Supply
p92,2029,0.13453162000000002,0.12607682,0.06239878,0.11329266,SRCE,AEO2026 Low Oil and Gas Supply
p92,2030,0.14066433,0.13294572000000002,0.06637207,0.11940392,SRCE,AEO2026 Low Oil and Gas Supply
p92,2031,0.14586915,0.13850058,0.06954443,0.12467584000000001,SRCE,AEO2026 Low Oil and Gas Supply
p92,2032,0.14920501,0.14150252,0.07132791,0.12780841,SRCE,AEO2026 Low Oil and Gas Supply
p92,2033,0.1531078,0.14551811,0.07379369,0.13189014999999998,SRCE,AEO2026 Low Oil and Gas Supply
p92,2034,0.15570578,0.14820231,0.0757392,0.13461678,SRCE,AEO2026 Low Oil and Gas Supply
p92,2035,0.15838908999999998,0.15111263,0.07796738,0.13741766,SRCE,AEO2026 Low Oil and Gas Supply
p92,2036,0.16076872,0.15369085,0.08017882,0.13974218,SRCE,AEO2026 Low Oil and Gas Supply
p92,2037,0.16383595,0.15714653,0.08274738,0.14287151,SRCE,AEO2026 Low Oil and Gas Supply
p92,2038,0.16708328000000003,0.16069254,0.08510204999999998,0.14636483,SRCE,AEO2026 Low Oil and Gas Supply
p92,2039,0.17233336999999999,0.16677161999999998,0.08915999,0.1516288,SRCE,AEO2026 Low Oil and Gas Supply
p92,2040,0.17651067999999998,0.17129801,0.09185509,0.15593383,SRCE,AEO2026 Low Oil and Gas Supply
p92,2041,0.18197842,0.17743282000000002,0.09577341,0.16133032,SRCE,AEO2026 Low Oil and Gas Supply
p92,2042,0.18678253,0.18278677,0.0989699,0.1661231,SRCE,AEO2026 Low Oil and Gas Supply
p92,2043,0.19212551,0.18868271,0.10229677000000001,0.17147995000000002,SRCE,AEO2026 Low Oil and Gas Supply
p92,2044,0.19965254000000002,0.19716181,0.10736309000000001,0.17893979999999998,SRCE,AEO2026 Low Oil and Gas Supply
p92,2045,0.20414660999999998,0.20186779000000002,0.11032094,0.1829373,SRCE,AEO2026 Low Oil and Gas Supply
p92,2046,0.20959440000000001,0.20773808,0.11364267,0.1882873,SRCE,AEO2026 Low Oil and Gas Supply
p92,2047,0.21372019,0.21173404999999998,0.11590826,0.19179564,SRCE,AEO2026 Low Oil and Gas Supply
p92,2048,0.21881851000000002,0.21619112000000001,0.11834675,0.19568502,SRCE,AEO2026 Low Oil and Gas Supply
p92,2049,0.22479647,0.22163164,0.12139516,0.2004011,SRCE,AEO2026 Low Oil and Gas Supply
p92,2050,0.23059256,0.2267794,0.12414952,0.2049774,SRCE,AEO2026 Low Oil and Gas Supply
p93,2014,0.12789306,0.11901155,0.059362979999999996,0.1059636,SRCE,AEO2026 Low Oil and Gas Supply
p93,2015,0.12789306,0.11901155,0.059362979999999996,0.1059636,SRCE,AEO2026 Low Oil and Gas Supply
p93,2016,0.12789306,0.11901155,0.059362979999999996,0.1059636,SRCE,AEO2026 Low Oil and Gas Supply
p93,2017,0.12789306,0.11901155,0.059362979999999996,0.1059636,SRCE,AEO2026 Low Oil and Gas Supply
p93,2018,0.12789306,0.11901155,0.059362979999999996,0.1059636,SRCE,AEO2026 Low Oil and Gas Supply
p93,2019,0.12789306,0.11901155,0.059362979999999996,0.1059636,SRCE,AEO2026 Low Oil and Gas Supply
p93,2020,0.12789306,0.11901155,0.059362979999999996,0.1059636,SRCE,AEO2026 Low Oil and Gas Supply
p93,2021,0.12789306,0.11901155,0.059362979999999996,0.1059636,SRCE,AEO2026 Low Oil and Gas Supply
p93,2022,0.12789306,0.11901155,0.059362979999999996,0.1059636,SRCE,AEO2026 Low Oil and Gas Supply
p93,2023,0.12789306,0.11901155,0.059362979999999996,0.1059636,SRCE,AEO2026 Low Oil and Gas Supply
p93,2024,0.12789306,0.11901155,0.059362979999999996,0.1059636,SRCE,AEO2026 Low Oil and Gas Supply
p93,2025,0.12789306,0.11901155,0.059362979999999996,0.1059636,SRCE,AEO2026 Low Oil and Gas Supply
p93,2026,0.12862595000000002,0.12180081,0.060957819999999996,0.10875645,SRCE,AEO2026 Low Oil and Gas Supply
p93,2027,0.12254314000000001,0.11211869999999999,0.054383749999999995,0.10127857999999999,SRCE,AEO2026 Low Oil and Gas Supply
p93,2028,0.1275396,0.11799794999999999,0.05793962,0.10630311,SRCE,AEO2026 Low Oil and Gas Supply
p93,2029,0.13453162000000002,0.12607682,0.06239878,0.11329266,SRCE,AEO2026 Low Oil and Gas Supply
p93,2030,0.14066433,0.13294572000000002,0.06637207,0.11940392,SRCE,AEO2026 Low Oil and Gas Supply
p93,2031,0.14586915,0.13850058,0.06954443,0.12467584000000001,SRCE,AEO2026 Low Oil and Gas Supply
p93,2032,0.14920501,0.14150252,0.07132791,0.12780841,SRCE,AEO2026 Low Oil and Gas Supply
p93,2033,0.1531078,0.14551811,0.07379369,0.13189014999999998,SRCE,AEO2026 Low Oil and Gas Supply
p93,2034,0.15570578,0.14820231,0.0757392,0.13461678,SRCE,AEO2026 Low Oil and Gas Supply
p93,2035,0.15838908999999998,0.15111263,0.07796738,0.13741766,SRCE,AEO2026 Low Oil and Gas Supply
p93,2036,0.16076872,0.15369085,0.08017882,0.13974218,SRCE,AEO2026 Low Oil and Gas Supply
p93,2037,0.16383595,0.15714653,0.08274738,0.14287151,SRCE,AEO2026 Low Oil and Gas Supply
p93,2038,0.16708328000000003,0.16069254,0.08510204999999998,0.14636483,SRCE,AEO2026 Low Oil and Gas Supply
p93,2039,0.17233336999999999,0.16677161999999998,0.08915999,0.1516288,SRCE,AEO2026 Low Oil and Gas Supply
p93,2040,0.17651067999999998,0.17129801,0.09185509,0.15593383,SRCE,AEO2026 Low Oil and Gas Supply
p93,2041,0.18197842,0.17743282000000002,0.09577341,0.16133032,SRCE,AEO2026 Low Oil and Gas Supply
p93,2042,0.18678253,0.18278677,0.0989699,0.1661231,SRCE,AEO2026 Low Oil and Gas Supply
p93,2043,0.19212551,0.18868271,0.10229677000000001,0.17147995000000002,SRCE,AEO2026 Low Oil and Gas Supply
p93,2044,0.19965254000000002,0.19716181,0.10736309000000001,0.17893979999999998,SRCE,AEO2026 Low Oil and Gas Supply
p93,2045,0.20414660999999998,0.20186779000000002,0.11032094,0.1829373,SRCE,AEO2026 Low Oil and Gas Supply
p93,2046,0.20959440000000001,0.20773808,0.11364267,0.1882873,SRCE,AEO2026 Low Oil and Gas Supply
p93,2047,0.21372019,0.21173404999999998,0.11590826,0.19179564,SRCE,AEO2026 Low Oil and Gas Supply
p93,2048,0.21881851000000002,0.21619112000000001,0.11834675,0.19568502,SRCE,AEO2026 Low Oil and Gas Supply
p93,2049,0.22479647,0.22163164,0.12139516,0.2004011,SRCE,AEO2026 Low Oil and Gas Supply
p93,2050,0.23059256,0.2267794,0.12414952,0.2049774,SRCE,AEO2026 Low Oil and Gas Supply
p94,2014,0.15986715,0.12338755000000001,0.08024940000000001,0.12183918,SRSE,AEO2026 Low Oil and Gas Supply
p94,2015,0.15986715,0.12338755000000001,0.08024940000000001,0.12183918,SRSE,AEO2026 Low Oil and Gas Supply
p94,2016,0.15986715,0.12338755000000001,0.08024940000000001,0.12183918,SRSE,AEO2026 Low Oil and Gas Supply
p94,2017,0.15986715,0.12338755000000001,0.08024940000000001,0.12183918,SRSE,AEO2026 Low Oil and Gas Supply
p94,2018,0.15986715,0.12338755000000001,0.08024940000000001,0.12183918,SRSE,AEO2026 Low Oil and Gas Supply
p94,2019,0.15986715,0.12338755000000001,0.08024940000000001,0.12183918,SRSE,AEO2026 Low Oil and Gas Supply
p94,2020,0.15986715,0.12338755000000001,0.08024940000000001,0.12183918,SRSE,AEO2026 Low Oil and Gas Supply
p94,2021,0.15986715,0.12338755000000001,0.08024940000000001,0.12183918,SRSE,AEO2026 Low Oil and Gas Supply
p94,2022,0.15986715,0.12338755000000001,0.08024940000000001,0.12183918,SRSE,AEO2026 Low Oil and Gas Supply
p94,2023,0.15986715,0.12338755000000001,0.08024940000000001,0.12183918,SRSE,AEO2026 Low Oil and Gas Supply
p94,2024,0.15986715,0.12338755000000001,0.08024940000000001,0.12183918,SRSE,AEO2026 Low Oil and Gas Supply
p94,2025,0.15986715,0.12338755000000001,0.08024940000000001,0.12183918,SRSE,AEO2026 Low Oil and Gas Supply
p94,2026,0.16720532999999999,0.13340422,0.08745688,0.13167579999999998,SRSE,AEO2026 Low Oil and Gas Supply
p94,2027,0.16540817,0.12860666,0.08262637,0.12835715,SRSE,AEO2026 Low Oil and Gas Supply
p94,2028,0.16621867999999998,0.13050882,0.08492813,0.12929327000000002,SRSE,AEO2026 Low Oil and Gas Supply
p94,2029,0.17354877,0.13693982,0.08887921,0.13615558,SRSE,AEO2026 Low Oil and Gas Supply
p94,2030,0.17770924000000002,0.14050877,0.09116353999999999,0.14007174,SRSE,AEO2026 Low Oil and Gas Supply
p94,2031,0.18109209,0.14307239,0.09246315,0.14339151,SRSE,AEO2026 Low Oil and Gas Supply
p94,2032,0.18444187,0.14619173,0.09493013,0.14680424,SRSE,AEO2026 Low Oil and Gas Supply
p94,2033,0.18735361,0.1489541,0.09715778,0.14978543,SRSE,AEO2026 Low Oil and Gas Supply
p94,2034,0.19088495000000003,0.15246282,0.10014761999999999,0.15335194,SRSE,AEO2026 Low Oil and Gas Supply
p94,2035,0.19486720999999999,0.15636358,0.10340166,0.15735321000000002,SRSE,AEO2026 Low Oil and Gas Supply
p94,2036,0.19859606,0.16002699,0.10665003,0.16095112,SRSE,AEO2026 Low Oil and Gas Supply
p94,2037,0.20227438,0.16355906,0.10960995999999999,0.16454647,SRSE,AEO2026 Low Oil and Gas Supply
p94,2038,0.20616783000000002,0.16721191000000002,0.11261049,0.16818174,SRSE,AEO2026 Low Oil and Gas Supply
p94,2039,0.21595759999999997,0.1773698,0.1213475,0.17719712999999998,SRSE,AEO2026 Low Oil and Gas Supply
p94,2040,0.22455915,0.18499109,0.12652075,0.18566434999999998,SRSE,AEO2026 Low Oil and Gas Supply
p94,2041,0.23064980999999998,0.19068290999999998,0.13100782,0.19116474,SRSE,AEO2026 Low Oil and Gas Supply
p94,2042,0.23992734999999998,0.19965187,0.13814432999999998,0.19960722,SRSE,AEO2026 Low Oil and Gas Supply
p94,2043,0.2496736,0.20879968999999998,0.14488638,0.20878237,SRSE,AEO2026 Low Oil and Gas Supply
p94,2044,0.25709049,0.21555420000000003,0.14961781999999998,0.21576408,SRSE,AEO2026 Low Oil and Gas Supply
p94,2045,0.26417774,0.22198677,0.15444712000000002,0.22206163,SRSE,AEO2026 Low Oil and Gas Supply
p94,2046,0.27074018,0.22780488999999998,0.15856156999999999,0.22803453,SRSE,AEO2026 Low Oil and Gas Supply
p94,2047,0.27633919,0.23271805,0.16209904000000003,0.23294373000000002,SRSE,AEO2026 Low Oil and Gas Supply
p94,2048,0.28209639,0.23782562,0.16590366,0.2378746,SRSE,AEO2026 Low Oil and Gas Supply
p94,2049,0.28841061,0.24346268,0.16999949999999997,0.24343039,SRSE,AEO2026 Low Oil and Gas Supply
p94,2050,0.29455341,0.24889036,0.17387253000000003,0.24885453999999999,SRSE,AEO2026 Low Oil and Gas Supply
p95,2014,0.1519395,0.10768391,0.07441576999999999,0.11391512000000001,SRCA,AEO2026 Low Oil and Gas Supply
p95,2015,0.1519395,0.10768391,0.07441576999999999,0.11391512000000001,SRCA,AEO2026 Low Oil and Gas Supply
p95,2016,0.1519395,0.10768391,0.07441576999999999,0.11391512000000001,SRCA,AEO2026 Low Oil and Gas Supply
p95,2017,0.1519395,0.10768391,0.07441576999999999,0.11391512000000001,SRCA,AEO2026 Low Oil and Gas Supply
p95,2018,0.1519395,0.10768391,0.07441576999999999,0.11391512000000001,SRCA,AEO2026 Low Oil and Gas Supply
p95,2019,0.1519395,0.10768391,0.07441576999999999,0.11391512000000001,SRCA,AEO2026 Low Oil and Gas Supply
p95,2020,0.1519395,0.10768391,0.07441576999999999,0.11391512000000001,SRCA,AEO2026 Low Oil and Gas Supply
p95,2021,0.1519395,0.10768391,0.07441576999999999,0.11391512000000001,SRCA,AEO2026 Low Oil and Gas Supply
p95,2022,0.1519395,0.10768391,0.07441576999999999,0.11391512000000001,SRCA,AEO2026 Low Oil and Gas Supply
p95,2023,0.1519395,0.10768391,0.07441576999999999,0.11391512000000001,SRCA,AEO2026 Low Oil and Gas Supply
p95,2024,0.1519395,0.10768391,0.07441576999999999,0.11391512000000001,SRCA,AEO2026 Low Oil and Gas Supply
p95,2025,0.1519395,0.10768391,0.07441576999999999,0.11391512000000001,SRCA,AEO2026 Low Oil and Gas Supply
p95,2026,0.15729784,0.11533398,0.07950560000000001,0.12171366,SRCA,AEO2026 Low Oil and Gas Supply
p95,2027,0.15720838,0.11373638,0.07780519,0.12033265,SRCA,AEO2026 Low Oil and Gas Supply
p95,2028,0.1616836,0.11768785,0.08126075999999999,0.12400434,SRCA,AEO2026 Low Oil and Gas Supply
p95,2029,0.16871496,0.12351996,0.08548999,0.13012213,SRCA,AEO2026 Low Oil and Gas Supply
p95,2030,0.17484318,0.12839029,0.08898882999999999,0.13541862,SRCA,AEO2026 Low Oil and Gas Supply
p95,2031,0.18228725,0.13463706,0.09378014999999999,0.14211017,SRCA,AEO2026 Low Oil and Gas Supply
p95,2032,0.18862356,0.13968081,0.09726422,0.147941,SRCA,AEO2026 Low Oil and Gas Supply
p95,2033,0.19492136,0.14478635,0.10084971,0.15380964,SRCA,AEO2026 Low Oil and Gas Supply
p95,2034,0.19802765,0.14718053,0.10253277000000001,0.15666572,SRCA,AEO2026 Low Oil and Gas Supply
p95,2035,0.20093319,0.14964297000000001,0.10484455000000001,0.15918353,SRCA,AEO2026 Low Oil and Gas Supply
p95,2036,0.20494299000000002,0.15290542000000001,0.10779103,0.16261475,SRCA,AEO2026 Low Oil and Gas Supply
p95,2037,0.20915831000000001,0.1564293,0.11099126,0.16617637999999998,SRCA,AEO2026 Low Oil and Gas Supply
p95,2038,0.21459785,0.16082122999999998,0.11435479000000001,0.17098841,SRCA,AEO2026 Low Oil and Gas Supply
p95,2039,0.22874213999999998,0.17367826,0.12617715000000002,0.18302073,SRCA,AEO2026 Low Oil and Gas Supply
p95,2040,0.23915292999999999,0.18193142,0.1314146,0.19299328,SRCA,AEO2026 Low Oil and Gas Supply
p95,2041,0.24316576,0.18476597000000003,0.13347466,0.19606161,SRCA,AEO2026 Low Oil and Gas Supply
p95,2042,0.24829573,0.18856483000000002,0.13624671,0.20006917999999999,SRCA,AEO2026 Low Oil and Gas Supply
p95,2043,0.25368017,0.19254572,0.13892877,0.20442087,SRCA,AEO2026 Low Oil and Gas Supply
p95,2044,0.26275673,0.19937683,0.14453697999999998,0.21102156,SRCA,AEO2026 Low Oil and Gas Supply
p95,2045,0.27152647,0.20528048999999998,0.14858917,0.21752674,SRCA,AEO2026 Low Oil and Gas Supply
p95,2046,0.27855736,0.20965498,0.15167297,0.22213987,SRCA,AEO2026 Low Oil and Gas Supply
p95,2047,0.28520664,0.21362210999999998,0.1544511,0.22628821999999998,SRCA,AEO2026 Low Oil and Gas Supply
p95,2048,0.29191751,0.21768416999999998,0.15740186,0.23041328,SRCA,AEO2026 Low Oil and Gas Supply
p95,2049,0.29847338,0.22150177,0.15997746,0.23443304,SRCA,AEO2026 Low Oil and Gas Supply
p95,2050,0.30814322,0.22836668,0.16560766000000002,0.24100092,SRCA,AEO2026 Low Oil and Gas Supply
p96,2014,0.1519395,0.10768391,0.07441576999999999,0.11391512000000001,SRCA,AEO2026 Low Oil and Gas Supply
p96,2015,0.1519395,0.10768391,0.07441576999999999,0.11391512000000001,SRCA,AEO2026 Low Oil and Gas Supply
p96,2016,0.1519395,0.10768391,0.07441576999999999,0.11391512000000001,SRCA,AEO2026 Low Oil and Gas Supply
p96,2017,0.1519395,0.10768391,0.07441576999999999,0.11391512000000001,SRCA,AEO2026 Low Oil and Gas Supply
p96,2018,0.1519395,0.10768391,0.07441576999999999,0.11391512000000001,SRCA,AEO2026 Low Oil and Gas Supply
p96,2019,0.1519395,0.10768391,0.07441576999999999,0.11391512000000001,SRCA,AEO2026 Low Oil and Gas Supply
p96,2020,0.1519395,0.10768391,0.07441576999999999,0.11391512000000001,SRCA,AEO2026 Low Oil and Gas Supply
p96,2021,0.1519395,0.10768391,0.07441576999999999,0.11391512000000001,SRCA,AEO2026 Low Oil and Gas Supply
p96,2022,0.1519395,0.10768391,0.07441576999999999,0.11391512000000001,SRCA,AEO2026 Low Oil and Gas Supply
p96,2023,0.1519395,0.10768391,0.07441576999999999,0.11391512000000001,SRCA,AEO2026 Low Oil and Gas Supply
p96,2024,0.1519395,0.10768391,0.07441576999999999,0.11391512000000001,SRCA,AEO2026 Low Oil and Gas Supply
p96,2025,0.1519395,0.10768391,0.07441576999999999,0.11391512000000001,SRCA,AEO2026 Low Oil and Gas Supply
p96,2026,0.15729784,0.11533398,0.07950560000000001,0.12171366,SRCA,AEO2026 Low Oil and Gas Supply
p96,2027,0.15720838,0.11373638,0.07780519,0.12033265,SRCA,AEO2026 Low Oil and Gas Supply
p96,2028,0.1616836,0.11768785,0.08126075999999999,0.12400434,SRCA,AEO2026 Low Oil and Gas Supply
p96,2029,0.16871496,0.12351996,0.08548999,0.13012213,SRCA,AEO2026 Low Oil and Gas Supply
p96,2030,0.17484318,0.12839029,0.08898882999999999,0.13541862,SRCA,AEO2026 Low Oil and Gas Supply
p96,2031,0.18228725,0.13463706,0.09378014999999999,0.14211017,SRCA,AEO2026 Low Oil and Gas Supply
p96,2032,0.18862356,0.13968081,0.09726422,0.147941,SRCA,AEO2026 Low Oil and Gas Supply
p96,2033,0.19492136,0.14478635,0.10084971,0.15380964,SRCA,AEO2026 Low Oil and Gas Supply
p96,2034,0.19802765,0.14718053,0.10253277000000001,0.15666572,SRCA,AEO2026 Low Oil and Gas Supply
p96,2035,0.20093319,0.14964297000000001,0.10484455000000001,0.15918353,SRCA,AEO2026 Low Oil and Gas Supply
p96,2036,0.20494299000000002,0.15290542000000001,0.10779103,0.16261475,SRCA,AEO2026 Low Oil and Gas Supply
p96,2037,0.20915831000000001,0.1564293,0.11099126,0.16617637999999998,SRCA,AEO2026 Low Oil and Gas Supply
p96,2038,0.21459785,0.16082122999999998,0.11435479000000001,0.17098841,SRCA,AEO2026 Low Oil and Gas Supply
p96,2039,0.22874213999999998,0.17367826,0.12617715000000002,0.18302073,SRCA,AEO2026 Low Oil and Gas Supply
p96,2040,0.23915292999999999,0.18193142,0.1314146,0.19299328,SRCA,AEO2026 Low Oil and Gas Supply
p96,2041,0.24316576,0.18476597000000003,0.13347466,0.19606161,SRCA,AEO2026 Low Oil and Gas Supply
p96,2042,0.24829573,0.18856483000000002,0.13624671,0.20006917999999999,SRCA,AEO2026 Low Oil and Gas Supply
p96,2043,0.25368017,0.19254572,0.13892877,0.20442087,SRCA,AEO2026 Low Oil and Gas Supply
p96,2044,0.26275673,0.19937683,0.14453697999999998,0.21102156,SRCA,AEO2026 Low Oil and Gas Supply
p96,2045,0.27152647,0.20528048999999998,0.14858917,0.21752674,SRCA,AEO2026 Low Oil and Gas Supply
p96,2046,0.27855736,0.20965498,0.15167297,0.22213987,SRCA,AEO2026 Low Oil and Gas Supply
p96,2047,0.28520664,0.21362210999999998,0.1544511,0.22628821999999998,SRCA,AEO2026 Low Oil and Gas Supply
p96,2048,0.29191751,0.21768416999999998,0.15740186,0.23041328,SRCA,AEO2026 Low Oil and Gas Supply
p96,2049,0.29847338,0.22150177,0.15997746,0.23443304,SRCA,AEO2026 Low Oil and Gas Supply
p96,2050,0.30814322,0.22836668,0.16560766000000002,0.24100092,SRCA,AEO2026 Low Oil and Gas Supply
p97,2014,0.1519395,0.10768391,0.07441576999999999,0.11391512000000001,SRCA,AEO2026 Low Oil and Gas Supply
p97,2015,0.1519395,0.10768391,0.07441576999999999,0.11391512000000001,SRCA,AEO2026 Low Oil and Gas Supply
p97,2016,0.1519395,0.10768391,0.07441576999999999,0.11391512000000001,SRCA,AEO2026 Low Oil and Gas Supply
p97,2017,0.1519395,0.10768391,0.07441576999999999,0.11391512000000001,SRCA,AEO2026 Low Oil and Gas Supply
p97,2018,0.1519395,0.10768391,0.07441576999999999,0.11391512000000001,SRCA,AEO2026 Low Oil and Gas Supply
p97,2019,0.1519395,0.10768391,0.07441576999999999,0.11391512000000001,SRCA,AEO2026 Low Oil and Gas Supply
p97,2020,0.1519395,0.10768391,0.07441576999999999,0.11391512000000001,SRCA,AEO2026 Low Oil and Gas Supply
p97,2021,0.1519395,0.10768391,0.07441576999999999,0.11391512000000001,SRCA,AEO2026 Low Oil and Gas Supply
p97,2022,0.1519395,0.10768391,0.07441576999999999,0.11391512000000001,SRCA,AEO2026 Low Oil and Gas Supply
p97,2023,0.1519395,0.10768391,0.07441576999999999,0.11391512000000001,SRCA,AEO2026 Low Oil and Gas Supply
p97,2024,0.1519395,0.10768391,0.07441576999999999,0.11391512000000001,SRCA,AEO2026 Low Oil and Gas Supply
p97,2025,0.1519395,0.10768391,0.07441576999999999,0.11391512000000001,SRCA,AEO2026 Low Oil and Gas Supply
p97,2026,0.15729784,0.11533398,0.07950560000000001,0.12171366,SRCA,AEO2026 Low Oil and Gas Supply
p97,2027,0.15720838,0.11373638,0.07780519,0.12033265,SRCA,AEO2026 Low Oil and Gas Supply
p97,2028,0.1616836,0.11768785,0.08126075999999999,0.12400434,SRCA,AEO2026 Low Oil and Gas Supply
p97,2029,0.16871496,0.12351996,0.08548999,0.13012213,SRCA,AEO2026 Low Oil and Gas Supply
p97,2030,0.17484318,0.12839029,0.08898882999999999,0.13541862,SRCA,AEO2026 Low Oil and Gas Supply
p97,2031,0.18228725,0.13463706,0.09378014999999999,0.14211017,SRCA,AEO2026 Low Oil and Gas Supply
p97,2032,0.18862356,0.13968081,0.09726422,0.147941,SRCA,AEO2026 Low Oil and Gas Supply
p97,2033,0.19492136,0.14478635,0.10084971,0.15380964,SRCA,AEO2026 Low Oil and Gas Supply
p97,2034,0.19802765,0.14718053,0.10253277000000001,0.15666572,SRCA,AEO2026 Low Oil and Gas Supply
p97,2035,0.20093319,0.14964297000000001,0.10484455000000001,0.15918353,SRCA,AEO2026 Low Oil and Gas Supply
p97,2036,0.20494299000000002,0.15290542000000001,0.10779103,0.16261475,SRCA,AEO2026 Low Oil and Gas Supply
p97,2037,0.20915831000000001,0.1564293,0.11099126,0.16617637999999998,SRCA,AEO2026 Low Oil and Gas Supply
p97,2038,0.21459785,0.16082122999999998,0.11435479000000001,0.17098841,SRCA,AEO2026 Low Oil and Gas Supply
p97,2039,0.22874213999999998,0.17367826,0.12617715000000002,0.18302073,SRCA,AEO2026 Low Oil and Gas Supply
p97,2040,0.23915292999999999,0.18193142,0.1314146,0.19299328,SRCA,AEO2026 Low Oil and Gas Supply
p97,2041,0.24316576,0.18476597000000003,0.13347466,0.19606161,SRCA,AEO2026 Low Oil and Gas Supply
p97,2042,0.24829573,0.18856483000000002,0.13624671,0.20006917999999999,SRCA,AEO2026 Low Oil and Gas Supply
p97,2043,0.25368017,0.19254572,0.13892877,0.20442087,SRCA,AEO2026 Low Oil and Gas Supply
p97,2044,0.26275673,0.19937683,0.14453697999999998,0.21102156,SRCA,AEO2026 Low Oil and Gas Supply
p97,2045,0.27152647,0.20528048999999998,0.14858917,0.21752674,SRCA,AEO2026 Low Oil and Gas Supply
p97,2046,0.27855736,0.20965498,0.15167297,0.22213987,SRCA,AEO2026 Low Oil and Gas Supply
p97,2047,0.28520664,0.21362210999999998,0.1544511,0.22628821999999998,SRCA,AEO2026 Low Oil and Gas Supply
p97,2048,0.29191751,0.21768416999999998,0.15740186,0.23041328,SRCA,AEO2026 Low Oil and Gas Supply
p97,2049,0.29847338,0.22150177,0.15997746,0.23443304,SRCA,AEO2026 Low Oil and Gas Supply
p97,2050,0.30814322,0.22836668,0.16560766000000002,0.24100092,SRCA,AEO2026 Low Oil and Gas Supply
p98,2014,0.1519395,0.10768391,0.07441576999999999,0.11391512000000001,SRCA,AEO2026 Low Oil and Gas Supply
p98,2015,0.1519395,0.10768391,0.07441576999999999,0.11391512000000001,SRCA,AEO2026 Low Oil and Gas Supply
p98,2016,0.1519395,0.10768391,0.07441576999999999,0.11391512000000001,SRCA,AEO2026 Low Oil and Gas Supply
p98,2017,0.1519395,0.10768391,0.07441576999999999,0.11391512000000001,SRCA,AEO2026 Low Oil and Gas Supply
p98,2018,0.1519395,0.10768391,0.07441576999999999,0.11391512000000001,SRCA,AEO2026 Low Oil and Gas Supply
p98,2019,0.1519395,0.10768391,0.07441576999999999,0.11391512000000001,SRCA,AEO2026 Low Oil and Gas Supply
p98,2020,0.1519395,0.10768391,0.07441576999999999,0.11391512000000001,SRCA,AEO2026 Low Oil and Gas Supply
p98,2021,0.1519395,0.10768391,0.07441576999999999,0.11391512000000001,SRCA,AEO2026 Low Oil and Gas Supply
p98,2022,0.1519395,0.10768391,0.07441576999999999,0.11391512000000001,SRCA,AEO2026 Low Oil and Gas Supply
p98,2023,0.1519395,0.10768391,0.07441576999999999,0.11391512000000001,SRCA,AEO2026 Low Oil and Gas Supply
p98,2024,0.1519395,0.10768391,0.07441576999999999,0.11391512000000001,SRCA,AEO2026 Low Oil and Gas Supply
p98,2025,0.1519395,0.10768391,0.07441576999999999,0.11391512000000001,SRCA,AEO2026 Low Oil and Gas Supply
p98,2026,0.15729784,0.11533398,0.07950560000000001,0.12171366,SRCA,AEO2026 Low Oil and Gas Supply
p98,2027,0.15720838,0.11373638,0.07780519,0.12033265,SRCA,AEO2026 Low Oil and Gas Supply
p98,2028,0.1616836,0.11768785,0.08126075999999999,0.12400434,SRCA,AEO2026 Low Oil and Gas Supply
p98,2029,0.16871496,0.12351996,0.08548999,0.13012213,SRCA,AEO2026 Low Oil and Gas Supply
p98,2030,0.17484318,0.12839029,0.08898882999999999,0.13541862,SRCA,AEO2026 Low Oil and Gas Supply
p98,2031,0.18228725,0.13463706,0.09378014999999999,0.14211017,SRCA,AEO2026 Low Oil and Gas Supply
p98,2032,0.18862356,0.13968081,0.09726422,0.147941,SRCA,AEO2026 Low Oil and Gas Supply
p98,2033,0.19492136,0.14478635,0.10084971,0.15380964,SRCA,AEO2026 Low Oil and Gas Supply
p98,2034,0.19802765,0.14718053,0.10253277000000001,0.15666572,SRCA,AEO2026 Low Oil and Gas Supply
p98,2035,0.20093319,0.14964297000000001,0.10484455000000001,0.15918353,SRCA,AEO2026 Low Oil and Gas Supply
p98,2036,0.20494299000000002,0.15290542000000001,0.10779103,0.16261475,SRCA,AEO2026 Low Oil and Gas Supply
p98,2037,0.20915831000000001,0.1564293,0.11099126,0.16617637999999998,SRCA,AEO2026 Low Oil and Gas Supply
p98,2038,0.21459785,0.16082122999999998,0.11435479000000001,0.17098841,SRCA,AEO2026 Low Oil and Gas Supply
p98,2039,0.22874213999999998,0.17367826,0.12617715000000002,0.18302073,SRCA,AEO2026 Low Oil and Gas Supply
p98,2040,0.23915292999999999,0.18193142,0.1314146,0.19299328,SRCA,AEO2026 Low Oil and Gas Supply
p98,2041,0.24316576,0.18476597000000003,0.13347466,0.19606161,SRCA,AEO2026 Low Oil and Gas Supply
p98,2042,0.24829573,0.18856483000000002,0.13624671,0.20006917999999999,SRCA,AEO2026 Low Oil and Gas Supply
p98,2043,0.25368017,0.19254572,0.13892877,0.20442087,SRCA,AEO2026 Low Oil and Gas Supply
p98,2044,0.26275673,0.19937683,0.14453697999999998,0.21102156,SRCA,AEO2026 Low Oil and Gas Supply
p98,2045,0.27152647,0.20528048999999998,0.14858917,0.21752674,SRCA,AEO2026 Low Oil and Gas Supply
p98,2046,0.27855736,0.20965498,0.15167297,0.22213987,SRCA,AEO2026 Low Oil and Gas Supply
p98,2047,0.28520664,0.21362210999999998,0.1544511,0.22628821999999998,SRCA,AEO2026 Low Oil and Gas Supply
p98,2048,0.29191751,0.21768416999999998,0.15740186,0.23041328,SRCA,AEO2026 Low Oil and Gas Supply
p98,2049,0.29847338,0.22150177,0.15997746,0.23443304,SRCA,AEO2026 Low Oil and Gas Supply
p98,2050,0.30814322,0.22836668,0.16560766000000002,0.24100092,SRCA,AEO2026 Low Oil and Gas Supply
p99,2014,0.16061211,0.09979631,0.10442269,0.12196806,PJMD,AEO2026 Low Oil and Gas Supply
p99,2015,0.16061211,0.09979631,0.10442269,0.12196806,PJMD,AEO2026 Low Oil and Gas Supply
p99,2016,0.16061211,0.09979631,0.10442269,0.12196806,PJMD,AEO2026 Low Oil and Gas Supply
p99,2017,0.16061211,0.09979631,0.10442269,0.12196806,PJMD,AEO2026 Low Oil and Gas Supply
p99,2018,0.16061211,0.09979631,0.10442269,0.12196806,PJMD,AEO2026 Low Oil and Gas Supply
p99,2019,0.16061211,0.09979631,0.10442269,0.12196806,PJMD,AEO2026 Low Oil and Gas Supply
p99,2020,0.16061211,0.09979631,0.10442269,0.12196806,PJMD,AEO2026 Low Oil and Gas Supply
p99,2021,0.16061211,0.09979631,0.10442269,0.12196806,PJMD,AEO2026 Low Oil and Gas Supply
p99,2022,0.16061211,0.09979631,0.10442269,0.12196806,PJMD,AEO2026 Low Oil and Gas Supply
p99,2023,0.16061211,0.09979631,0.10442269,0.12196806,PJMD,AEO2026 Low Oil and Gas Supply
p99,2024,0.16061211,0.09979631,0.10442269,0.12196806,PJMD,AEO2026 Low Oil and Gas Supply
p99,2025,0.16061211,0.09979631,0.10442269,0.12196806,PJMD,AEO2026 Low Oil and Gas Supply
p99,2026,0.16735586000000002,0.10246826,0.10726304,0.12459939,PJMD,AEO2026 Low Oil and Gas Supply
p99,2027,0.17390436,0.10591719,0.11029204999999999,0.1287692,PJMD,AEO2026 Low Oil and Gas Supply
p99,2028,0.18618313,0.11398225999999999,0.11933932,0.13843287,PJMD,AEO2026 Low Oil and Gas Supply
p99,2029,0.19507518999999998,0.1196142,0.12612159,0.14509312,PJMD,AEO2026 Low Oil and Gas Supply
p99,2030,0.20233599000000002,0.1239872,0.13087344,0.15040914,PJMD,AEO2026 Low Oil and Gas Supply
p99,2031,0.208596,0.12774109,0.13496547,0.15479534,PJMD,AEO2026 Low Oil and Gas Supply
p99,2032,0.21750584,0.13335623,0.14292675,0.16116669000000003,PJMD,AEO2026 Low Oil and Gas Supply
p99,2033,0.22539022,0.13795436,0.14784515,0.16737534,PJMD,AEO2026 Low Oil and Gas Supply
p99,2034,0.23009285,0.14046429,0.15084988,0.17046234,PJMD,AEO2026 Low Oil and Gas Supply
p99,2035,0.23501921,0.14306456,0.1539924,0.17357189,PJMD,AEO2026 Low Oil and Gas Supply
p99,2036,0.24047436,0.14597457,0.1575463,0.17700500000000002,PJMD,AEO2026 Low Oil and Gas Supply
p99,2037,0.24447336,0.14770775,0.15947684,0.17926151,PJMD,AEO2026 Low Oil and Gas Supply
p99,2038,0.24815632,0.14929625,0.16137846,0.18088089,PJMD,AEO2026 Low Oil and Gas Supply
p99,2039,0.25137722,0.15027581,0.16287588,0.1822587,PJMD,AEO2026 Low Oil and Gas Supply
p99,2040,0.25645365000000003,0.15258647,0.16573931000000003,0.18486851,PJMD,AEO2026 Low Oil and Gas Supply
p99,2041,0.2646273,0.15710364,0.1713838,0.18979723,PJMD,AEO2026 Low Oil and Gas Supply
p99,2042,0.27418897999999997,0.16239267000000002,0.17745138000000002,0.19597283999999998,PJMD,AEO2026 Low Oil and Gas Supply
p99,2043,0.28290861,0.16705389,0.18296124,0.20131487,PJMD,AEO2026 Low Oil and Gas Supply
p99,2044,0.29209743,0.17203362,0.18885105,0.20697304,PJMD,AEO2026 Low Oil and Gas Supply
p99,2045,0.30281805,0.17802595,0.19593751999999998,0.21365873000000002,PJMD,AEO2026 Low Oil and Gas Supply
p99,2046,0.31339621,0.18377937,0.20247026,0.22036293,PJMD,AEO2026 Low Oil and Gas Supply
p99,2047,0.32216991,0.18817093,0.20737972,0.22548582,PJMD,AEO2026 Low Oil and Gas Supply
p99,2048,0.33038567,0.19225851,0.21197662,0.2299184,PJMD,AEO2026 Low Oil and Gas Supply
p99,2049,0.34011948,0.19746492,0.21812042,0.23567547,PJMD,AEO2026 Low Oil and Gas Supply
p99,2050,0.34964851,0.20225552,0.22348358000000001,0.24132212,PJMD,AEO2026 Low Oil and Gas Supply
p100,2014,0.15647918,0.13115763,0.10230447,0.13120012,PJMW,AEO2026 Low Oil and Gas Supply
p100,2015,0.15647918,0.13115763,0.10230447,0.13120012,PJMW,AEO2026 Low Oil and Gas Supply
p100,2016,0.15647918,0.13115763,0.10230447,0.13120012,PJMW,AEO2026 Low Oil and Gas Supply
p100,2017,0.15647918,0.13115763,0.10230447,0.13120012,PJMW,AEO2026 Low Oil and Gas Supply
p100,2018,0.15647918,0.13115763,0.10230447,0.13120012,PJMW,AEO2026 Low Oil and Gas Supply
p100,2019,0.15647918,0.13115763,0.10230447,0.13120012,PJMW,AEO2026 Low Oil and Gas Supply
p100,2020,0.15647918,0.13115763,0.10230447,0.13120012,PJMW,AEO2026 Low Oil and Gas Supply
p100,2021,0.15647918,0.13115763,0.10230447,0.13120012,PJMW,AEO2026 Low Oil and Gas Supply
p100,2022,0.15647918,0.13115763,0.10230447,0.13120012,PJMW,AEO2026 Low Oil and Gas Supply
p100,2023,0.15647918,0.13115763,0.10230447,0.13120012,PJMW,AEO2026 Low Oil and Gas Supply
p100,2024,0.15647918,0.13115763,0.10230447,0.13120012,PJMW,AEO2026 Low Oil and Gas Supply
p100,2025,0.15647918,0.13115763,0.10230447,0.13120012,PJMW,AEO2026 Low Oil and Gas Supply
p100,2026,0.16040377,0.13306721,0.10323565,0.1339458,PJMW,AEO2026 Low Oil and Gas Supply
p100,2027,0.16535315,0.13925533,0.10672219,0.1387881,PJMW,AEO2026 Low Oil and Gas Supply
p100,2028,0.17274609000000002,0.14659186,0.11384086,0.14539849999999999,PJMW,AEO2026 Low Oil and Gas Supply
p100,2029,0.18083513,0.15396188,0.12083793999999999,0.15318479999999998,PJMW,AEO2026 Low Oil and Gas Supply
p100,2030,0.19082659,0.16390347,0.12799219,0.16224936,PJMW,AEO2026 Low Oil and Gas Supply
p100,2031,0.20267797,0.17684456,0.13632464,0.17309345,PJMW,AEO2026 Low Oil and Gas Supply
p100,2032,0.20529978,0.17788113,0.13880767,0.17594465,PJMW,AEO2026 Low Oil and Gas Supply
p100,2033,0.21387882000000003,0.18570332,0.14512097000000002,0.18421761,PJMW,AEO2026 Low Oil and Gas Supply
p100,2034,0.21689645999999999,0.18776748999999998,0.14671565,0.18660931000000003,PJMW,AEO2026 Low Oil and Gas Supply
p100,2035,0.22083208,0.19063906,0.14933187,0.18888262,PJMW,AEO2026 Low Oil and Gas Supply
p100,2036,0.22609146,0.19514826,0.15306592,0.19361446000000002,PJMW,AEO2026 Low Oil and Gas Supply
p100,2037,0.22945972,0.19776899,0.15473465,0.1962772,PJMW,AEO2026 Low Oil and Gas Supply
p100,2038,0.23584164000000002,0.20414057,0.15807278,0.20060818000000002,PJMW,AEO2026 Low Oil and Gas Supply
p100,2039,0.23362957,0.19972075,0.15521232,0.19800515999999999,PJMW,AEO2026 Low Oil and Gas Supply
p100,2040,0.24005661,0.20499715999999998,0.15901975000000002,0.20314632,PJMW,AEO2026 Low Oil and Gas Supply
p100,2041,0.24926481,0.21260504000000002,0.16543728000000002,0.21193058,PJMW,AEO2026 Low Oil and Gas Supply
p100,2042,0.26063555,0.22256981,0.17388494000000002,0.22163338,PJMW,AEO2026 Low Oil and Gas Supply
p100,2043,0.27086618,0.23123735,0.18093568999999998,0.23014331999999998,PJMW,AEO2026 Low Oil and Gas Supply
p100,2044,0.28250444,0.24108959,0.18895537999999998,0.23980988,PJMW,AEO2026 Low Oil and Gas Supply
p100,2045,0.29493727,0.25203506000000003,0.19767595,0.25054592,PJMW,AEO2026 Low Oil and Gas Supply
p100,2046,0.30554950999999997,0.26126104,0.20527397,0.25952234,PJMW,AEO2026 Low Oil and Gas Supply
p100,2047,0.31405243,0.26846247,0.21077745,0.26639021,PJMW,AEO2026 Low Oil and Gas Supply
p100,2048,0.32153132999999995,0.27462078,0.21542777999999999,0.27219021,PJMW,AEO2026 Low Oil and Gas Supply
p100,2049,0.33162486999999996,0.28329796,0.22232754,0.28064266,PJMW,AEO2026 Low Oil and Gas Supply
p100,2050,0.3397282,0.29008339,0.22720839,0.28692450999999997,PJMW,AEO2026 Low Oil and Gas Supply
p101,2014,0.14894369,0.11247723999999999,0.08174314,0.09916672,FRCC,AEO2026 Low Oil and Gas Supply
p101,2015,0.14894369,0.11247723999999999,0.08174314,0.09916672,FRCC,AEO2026 Low Oil and Gas Supply
p101,2016,0.14894369,0.11247723999999999,0.08174314,0.09916672,FRCC,AEO2026 Low Oil and Gas Supply
p101,2017,0.14894369,0.11247723999999999,0.08174314,0.09916672,FRCC,AEO2026 Low Oil and Gas Supply
p101,2018,0.14894369,0.11247723999999999,0.08174314,0.09916672,FRCC,AEO2026 Low Oil and Gas Supply
p101,2019,0.14894369,0.11247723999999999,0.08174314,0.09916672,FRCC,AEO2026 Low Oil and Gas Supply
p101,2020,0.14894369,0.11247723999999999,0.08174314,0.09916672,FRCC,AEO2026 Low Oil and Gas Supply
p101,2021,0.14894369,0.11247723999999999,0.08174314,0.09916672,FRCC,AEO2026 Low Oil and Gas Supply
p101,2022,0.14894369,0.11247723999999999,0.08174314,0.09916672,FRCC,AEO2026 Low Oil and Gas Supply
p101,2023,0.14894369,0.11247723999999999,0.08174314,0.09916672,FRCC,AEO2026 Low Oil and Gas Supply
p101,2024,0.14894369,0.11247723999999999,0.08174314,0.09916672,FRCC,AEO2026 Low Oil and Gas Supply
p101,2025,0.14894369,0.11247723999999999,0.08174314,0.09916672,FRCC,AEO2026 Low Oil and Gas Supply
p101,2026,0.15338278,0.11691950000000001,0.08599448000000001,0.10533455,FRCC,AEO2026 Low Oil and Gas Supply
p101,2027,0.15734389999999998,0.11995299,0.08933945,0.10861221,FRCC,AEO2026 Low Oil and Gas Supply
p101,2028,0.16558319000000002,0.12902606,0.09754142,0.11723414,FRCC,AEO2026 Low Oil and Gas Supply
p101,2029,0.1741753,0.13580716,0.10320747000000001,0.12431684000000001,FRCC,AEO2026 Low Oil and Gas Supply
p101,2030,0.18016801999999998,0.14175326,0.10877383,0.13032111000000002,FRCC,AEO2026 Low Oil and Gas Supply
p101,2031,0.18600034999999998,0.14721209,0.11384035,0.13606298,FRCC,AEO2026 Low Oil and Gas Supply
p101,2032,0.19248885999999998,0.15502665000000002,0.12123404,0.14376199,FRCC,AEO2026 Low Oil and Gas Supply
p101,2033,0.19875732,0.15995525,0.12561384,0.14940303,FRCC,AEO2026 Low Oil and Gas Supply
p101,2034,0.20265588999999998,0.16418317999999998,0.12986831000000001,0.15407351,FRCC,AEO2026 Low Oil and Gas Supply
p101,2035,0.20716721,0.16947351000000002,0.13477268,0.15942209999999998,FRCC,AEO2026 Low Oil and Gas Supply
p101,2036,0.21215244,0.17519903,0.1398428,0.16502047,FRCC,AEO2026 Low Oil and Gas Supply
p101,2037,0.21686628,0.18034887000000002,0.14414522,0.17017387,FRCC,AEO2026 Low Oil and Gas Supply
p101,2038,0.22207428,0.18647934,0.14959511,0.17609533,FRCC,AEO2026 Low Oil and Gas Supply
p101,2039,0.23039736000000002,0.19723488,0.1592238,0.18594021000000002,FRCC,AEO2026 Low Oil and Gas Supply
p101,2040,0.24014075999999998,0.20655209,0.16727224,0.19527218000000002,FRCC,AEO2026 Low Oil and Gas Supply
p101,2041,0.25285568,0.22365524,0.18259947,0.21049101,FRCC,AEO2026 Low Oil and Gas Supply
p101,2042,0.26401796,0.23038334,0.18729931,0.21870693,FRCC,AEO2026 Low Oil and Gas Supply
p101,2043,0.26631416,0.23240576000000002,0.18902623999999998,0.22094185,FRCC,AEO2026 Low Oil and Gas Supply
p101,2044,0.26998846,0.23618406,0.19228882,0.2247315,FRCC,AEO2026 Low Oil and Gas Supply
p101,2045,0.27503363000000003,0.24118095,0.19677651999999998,0.22969753,FRCC,AEO2026 Low Oil and Gas Supply
p101,2046,0.28063084,0.24648372999999998,0.20120853,0.23504759,FRCC,AEO2026 Low Oil and Gas Supply
p101,2047,0.28634998,0.25201799,0.20583897,0.24059362,FRCC,AEO2026 Low Oil and Gas Supply
p101,2048,0.29196194,0.25724571,0.20993416,0.24587447999999998,FRCC,AEO2026 Low Oil and Gas Supply
p101,2049,0.29792665,0.26348593000000003,0.21527136,0.25186066,FRCC,AEO2026 Low Oil and Gas Supply
p101,2050,0.30514956000000004,0.27110416,0.22174913,0.25914991,FRCC,AEO2026 Low Oil and Gas Supply
p102,2014,0.14894369,0.11247723999999999,0.08174314,0.09916672,FRCC,AEO2026 Low Oil and Gas Supply
p102,2015,0.14894369,0.11247723999999999,0.08174314,0.09916672,FRCC,AEO2026 Low Oil and Gas Supply
p102,2016,0.14894369,0.11247723999999999,0.08174314,0.09916672,FRCC,AEO2026 Low Oil and Gas Supply
p102,2017,0.14894369,0.11247723999999999,0.08174314,0.09916672,FRCC,AEO2026 Low Oil and Gas Supply
p102,2018,0.14894369,0.11247723999999999,0.08174314,0.09916672,FRCC,AEO2026 Low Oil and Gas Supply
p102,2019,0.14894369,0.11247723999999999,0.08174314,0.09916672,FRCC,AEO2026 Low Oil and Gas Supply
p102,2020,0.14894369,0.11247723999999999,0.08174314,0.09916672,FRCC,AEO2026 Low Oil and Gas Supply
p102,2021,0.14894369,0.11247723999999999,0.08174314,0.09916672,FRCC,AEO2026 Low Oil and Gas Supply
p102,2022,0.14894369,0.11247723999999999,0.08174314,0.09916672,FRCC,AEO2026 Low Oil and Gas Supply
p102,2023,0.14894369,0.11247723999999999,0.08174314,0.09916672,FRCC,AEO2026 Low Oil and Gas Supply
p102,2024,0.14894369,0.11247723999999999,0.08174314,0.09916672,FRCC,AEO2026 Low Oil and Gas Supply
p102,2025,0.14894369,0.11247723999999999,0.08174314,0.09916672,FRCC,AEO2026 Low Oil and Gas Supply
p102,2026,0.15338278,0.11691950000000001,0.08599448000000001,0.10533455,FRCC,AEO2026 Low Oil and Gas Supply
p102,2027,0.15734389999999998,0.11995299,0.08933945,0.10861221,FRCC,AEO2026 Low Oil and Gas Supply
p102,2028,0.16558319000000002,0.12902606,0.09754142,0.11723414,FRCC,AEO2026 Low Oil and Gas Supply
p102,2029,0.1741753,0.13580716,0.10320747000000001,0.12431684000000001,FRCC,AEO2026 Low Oil and Gas Supply
p102,2030,0.18016801999999998,0.14175326,0.10877383,0.13032111000000002,FRCC,AEO2026 Low Oil and Gas Supply
p102,2031,0.18600034999999998,0.14721209,0.11384035,0.13606298,FRCC,AEO2026 Low Oil and Gas Supply
p102,2032,0.19248885999999998,0.15502665000000002,0.12123404,0.14376199,FRCC,AEO2026 Low Oil and Gas Supply
p102,2033,0.19875732,0.15995525,0.12561384,0.14940303,FRCC,AEO2026 Low Oil and Gas Supply
p102,2034,0.20265588999999998,0.16418317999999998,0.12986831000000001,0.15407351,FRCC,AEO2026 Low Oil and Gas Supply
p102,2035,0.20716721,0.16947351000000002,0.13477268,0.15942209999999998,FRCC,AEO2026 Low Oil and Gas Supply
p102,2036,0.21215244,0.17519903,0.1398428,0.16502047,FRCC,AEO2026 Low Oil and Gas Supply
p102,2037,0.21686628,0.18034887000000002,0.14414522,0.17017387,FRCC,AEO2026 Low Oil and Gas Supply
p102,2038,0.22207428,0.18647934,0.14959511,0.17609533,FRCC,AEO2026 Low Oil and Gas Supply
p102,2039,0.23039736000000002,0.19723488,0.1592238,0.18594021000000002,FRCC,AEO2026 Low Oil and Gas Supply
p102,2040,0.24014075999999998,0.20655209,0.16727224,0.19527218000000002,FRCC,AEO2026 Low Oil and Gas Supply
p102,2041,0.25285568,0.22365524,0.18259947,0.21049101,FRCC,AEO2026 Low Oil and Gas Supply
p102,2042,0.26401796,0.23038334,0.18729931,0.21870693,FRCC,AEO2026 Low Oil and Gas Supply
p102,2043,0.26631416,0.23240576000000002,0.18902623999999998,0.22094185,FRCC,AEO2026 Low Oil and Gas Supply
p102,2044,0.26998846,0.23618406,0.19228882,0.2247315,FRCC,AEO2026 Low Oil and Gas Supply
p102,2045,0.27503363000000003,0.24118095,0.19677651999999998,0.22969753,FRCC,AEO2026 Low Oil and Gas Supply
p102,2046,0.28063084,0.24648372999999998,0.20120853,0.23504759,FRCC,AEO2026 Low Oil and Gas Supply
p102,2047,0.28634998,0.25201799,0.20583897,0.24059362,FRCC,AEO2026 Low Oil and Gas Supply
p102,2048,0.29196194,0.25724571,0.20993416,0.24587447999999998,FRCC,AEO2026 Low Oil and Gas Supply
p102,2049,0.29792665,0.26348593000000003,0.21527136,0.25186066,FRCC,AEO2026 Low Oil and Gas Supply
p102,2050,0.30514956000000004,0.27110416,0.22174913,0.25914991,FRCC,AEO2026 Low Oil and Gas Supply
p103,2014,0.20289791000000001,0.14823050000000002,0.09095893000000001,0.15596524,MISE,AEO2026 Low Oil and Gas Supply
p103,2015,0.20289791000000001,0.14823050000000002,0.09095893000000001,0.15596524,MISE,AEO2026 Low Oil and Gas Supply
p103,2016,0.20289791000000001,0.14823050000000002,0.09095893000000001,0.15596524,MISE,AEO2026 Low Oil and Gas Supply
p103,2017,0.20289791000000001,0.14823050000000002,0.09095893000000001,0.15596524,MISE,AEO2026 Low Oil and Gas Supply
p103,2018,0.20289791000000001,0.14823050000000002,0.09095893000000001,0.15596524,MISE,AEO2026 Low Oil and Gas Supply
p103,2019,0.20289791000000001,0.14823050000000002,0.09095893000000001,0.15596524,MISE,AEO2026 Low Oil and Gas Supply
p103,2020,0.20289791000000001,0.14823050000000002,0.09095893000000001,0.15596524,MISE,AEO2026 Low Oil and Gas Supply
p103,2021,0.20289791000000001,0.14823050000000002,0.09095893000000001,0.15596524,MISE,AEO2026 Low Oil and Gas Supply
p103,2022,0.20289791000000001,0.14823050000000002,0.09095893000000001,0.15596524,MISE,AEO2026 Low Oil and Gas Supply
p103,2023,0.20289791000000001,0.14823050000000002,0.09095893000000001,0.15596524,MISE,AEO2026 Low Oil and Gas Supply
p103,2024,0.20289791000000001,0.14823050000000002,0.09095893000000001,0.15596524,MISE,AEO2026 Low Oil and Gas Supply
p103,2025,0.20289791000000001,0.14823050000000002,0.09095893000000001,0.15596524,MISE,AEO2026 Low Oil and Gas Supply
p103,2026,0.21699007,0.1554566,0.0966472,0.16556087000000003,MISE,AEO2026 Low Oil and Gas Supply
p103,2027,0.2096246,0.15211180000000002,0.09046082,0.16185898,MISE,AEO2026 Low Oil and Gas Supply
p103,2028,0.21120180000000002,0.15253926,0.09212218,0.16121524999999998,MISE,AEO2026 Low Oil and Gas Supply
p103,2029,0.22418505,0.16265165,0.09977674,0.17109522,MISE,AEO2026 Low Oil and Gas Supply
p103,2030,0.23623436,0.17302552999999998,0.10608421999999999,0.18146802999999997,MISE,AEO2026 Low Oil and Gas Supply
p103,2031,0.24455345,0.18082844,0.11085216,0.18851648000000001,MISE,AEO2026 Low Oil and Gas Supply
p103,2032,0.25248186,0.18640654,0.11548667,0.19451311000000002,MISE,AEO2026 Low Oil and Gas Supply
p103,2033,0.25861325999999996,0.1918503,0.11868282000000001,0.20019732,MISE,AEO2026 Low Oil and Gas Supply
p103,2034,0.26227098000000004,0.19408401,0.12087635000000001,0.20264945999999998,MISE,AEO2026 Low Oil and Gas Supply
p103,2035,0.26661285,0.19700113000000002,0.12346130000000001,0.2057711,MISE,AEO2026 Low Oil and Gas Supply
p103,2036,0.27071228,0.20008015,0.12583493,0.20902983,MISE,AEO2026 Low Oil and Gas Supply
p103,2037,0.27643091,0.20340672999999998,0.12941114,0.21251474,MISE,AEO2026 Low Oil and Gas Supply
p103,2038,0.28275543,0.20837496000000003,0.13278412,0.21733423,MISE,AEO2026 Low Oil and Gas Supply
p103,2039,0.29106541,0.21297035,0.13705921,0.22236156,MISE,AEO2026 Low Oil and Gas Supply
p103,2040,0.29724854,0.21838636,0.13889903,0.22789188,MISE,AEO2026 Low Oil and Gas Supply
p103,2041,0.30169901,0.22116758,0.1410208,0.2304727,MISE,AEO2026 Low Oil and Gas Supply
p103,2042,0.30715738000000004,0.22503313,0.14354166,0.23410910000000001,MISE,AEO2026 Low Oil and Gas Supply
p103,2043,0.31335815,0.22929251,0.14630714,0.23814143999999998,MISE,AEO2026 Low Oil and Gas Supply
p103,2044,0.32038921000000004,0.23437994,0.14948285,0.24302578,MISE,AEO2026 Low Oil and Gas Supply
p103,2045,0.32775531999999996,0.2396286,0.15285277,0.2479554,MISE,AEO2026 Low Oil and Gas Supply
p103,2046,0.33606461000000004,0.24527453999999999,0.15686692000000002,0.25328335,MISE,AEO2026 Low Oil and Gas Supply
p103,2047,0.3426561,0.2502969,0.15930982999999999,0.25796564,MISE,AEO2026 Low Oil and Gas Supply
p103,2048,0.34840553,0.25423103,0.16179832000000002,0.2614959,MISE,AEO2026 Low Oil and Gas Supply
p103,2049,0.35529891999999996,0.25899084,0.16512018,0.26586846999999997,MISE,AEO2026 Low Oil and Gas Supply
p103,2050,0.3634462,0.26491079,0.16902868000000001,0.27146807,MISE,AEO2026 Low Oil and Gas Supply
p104,2014,0.15647918,0.13115763,0.10230447,0.13120012,PJMW,AEO2026 Low Oil and Gas Supply
p104,2015,0.15647918,0.13115763,0.10230447,0.13120012,PJMW,AEO2026 Low Oil and Gas Supply
p104,2016,0.15647918,0.13115763,0.10230447,0.13120012,PJMW,AEO2026 Low Oil and Gas Supply
p104,2017,0.15647918,0.13115763,0.10230447,0.13120012,PJMW,AEO2026 Low Oil and Gas Supply
p104,2018,0.15647918,0.13115763,0.10230447,0.13120012,PJMW,AEO2026 Low Oil and Gas Supply
p104,2019,0.15647918,0.13115763,0.10230447,0.13120012,PJMW,AEO2026 Low Oil and Gas Supply
p104,2020,0.15647918,0.13115763,0.10230447,0.13120012,PJMW,AEO2026 Low Oil and Gas Supply
p104,2021,0.15647918,0.13115763,0.10230447,0.13120012,PJMW,AEO2026 Low Oil and Gas Supply
p104,2022,0.15647918,0.13115763,0.10230447,0.13120012,PJMW,AEO2026 Low Oil and Gas Supply
p104,2023,0.15647918,0.13115763,0.10230447,0.13120012,PJMW,AEO2026 Low Oil and Gas Supply
p104,2024,0.15647918,0.13115763,0.10230447,0.13120012,PJMW,AEO2026 Low Oil and Gas Supply
p104,2025,0.15647918,0.13115763,0.10230447,0.13120012,PJMW,AEO2026 Low Oil and Gas Supply
p104,2026,0.16040377,0.13306721,0.10323565,0.1339458,PJMW,AEO2026 Low Oil and Gas Supply
p104,2027,0.16535315,0.13925533,0.10672219,0.1387881,PJMW,AEO2026 Low Oil and Gas Supply
p104,2028,0.17274609000000002,0.14659186,0.11384086,0.14539849999999999,PJMW,AEO2026 Low Oil and Gas Supply
p104,2029,0.18083513,0.15396188,0.12083793999999999,0.15318479999999998,PJMW,AEO2026 Low Oil and Gas Supply
p104,2030,0.19082659,0.16390347,0.12799219,0.16224936,PJMW,AEO2026 Low Oil and Gas Supply
p104,2031,0.20267797,0.17684456,0.13632464,0.17309345,PJMW,AEO2026 Low Oil and Gas Supply
p104,2032,0.20529978,0.17788113,0.13880767,0.17594465,PJMW,AEO2026 Low Oil and Gas Supply
p104,2033,0.21387882000000003,0.18570332,0.14512097000000002,0.18421761,PJMW,AEO2026 Low Oil and Gas Supply
p104,2034,0.21689645999999999,0.18776748999999998,0.14671565,0.18660931000000003,PJMW,AEO2026 Low Oil and Gas Supply
p104,2035,0.22083208,0.19063906,0.14933187,0.18888262,PJMW,AEO2026 Low Oil and Gas Supply
p104,2036,0.22609146,0.19514826,0.15306592,0.19361446000000002,PJMW,AEO2026 Low Oil and Gas Supply
p104,2037,0.22945972,0.19776899,0.15473465,0.1962772,PJMW,AEO2026 Low Oil and Gas Supply
p104,2038,0.23584164000000002,0.20414057,0.15807278,0.20060818000000002,PJMW,AEO2026 Low Oil and Gas Supply
p104,2039,0.23362957,0.19972075,0.15521232,0.19800515999999999,PJMW,AEO2026 Low Oil and Gas Supply
p104,2040,0.24005661,0.20499715999999998,0.15901975000000002,0.20314632,PJMW,AEO2026 Low Oil and Gas Supply
p104,2041,0.24926481,0.21260504000000002,0.16543728000000002,0.21193058,PJMW,AEO2026 Low Oil and Gas Supply
p104,2042,0.26063555,0.22256981,0.17388494000000002,0.22163338,PJMW,AEO2026 Low Oil and Gas Supply
p104,2043,0.27086618,0.23123735,0.18093568999999998,0.23014331999999998,PJMW,AEO2026 Low Oil and Gas Supply
p104,2044,0.28250444,0.24108959,0.18895537999999998,0.23980988,PJMW,AEO2026 Low Oil and Gas Supply
p104,2045,0.29493727,0.25203506000000003,0.19767595,0.25054592,PJMW,AEO2026 Low Oil and Gas Supply
p104,2046,0.30554950999999997,0.26126104,0.20527397,0.25952234,PJMW,AEO2026 Low Oil and Gas Supply
p104,2047,0.31405243,0.26846247,0.21077745,0.26639021,PJMW,AEO2026 Low Oil and Gas Supply
p104,2048,0.32153132999999995,0.27462078,0.21542777999999999,0.27219021,PJMW,AEO2026 Low Oil and Gas Supply
p104,2049,0.33162486999999996,0.28329796,0.22232754,0.28064266,PJMW,AEO2026 Low Oil and Gas Supply
p104,2050,0.3397282,0.29008339,0.22720839,0.28692450999999997,PJMW,AEO2026 Low Oil and Gas Supply
p105,2014,0.15647918,0.13115763,0.10230447,0.13120012,PJMW,AEO2026 Low Oil and Gas Supply
p105,2015,0.15647918,0.13115763,0.10230447,0.13120012,PJMW,AEO2026 Low Oil and Gas Supply
p105,2016,0.15647918,0.13115763,0.10230447,0.13120012,PJMW,AEO2026 Low Oil and Gas Supply
p105,2017,0.15647918,0.13115763,0.10230447,0.13120012,PJMW,AEO2026 Low Oil and Gas Supply
p105,2018,0.15647918,0.13115763,0.10230447,0.13120012,PJMW,AEO2026 Low Oil and Gas Supply
p105,2019,0.15647918,0.13115763,0.10230447,0.13120012,PJMW,AEO2026 Low Oil and Gas Supply
p105,2020,0.15647918,0.13115763,0.10230447,0.13120012,PJMW,AEO2026 Low Oil and Gas Supply
p105,2021,0.15647918,0.13115763,0.10230447,0.13120012,PJMW,AEO2026 Low Oil and Gas Supply
p105,2022,0.15647918,0.13115763,0.10230447,0.13120012,PJMW,AEO2026 Low Oil and Gas Supply
p105,2023,0.15647918,0.13115763,0.10230447,0.13120012,PJMW,AEO2026 Low Oil and Gas Supply
p105,2024,0.15647918,0.13115763,0.10230447,0.13120012,PJMW,AEO2026 Low Oil and Gas Supply
p105,2025,0.15647918,0.13115763,0.10230447,0.13120012,PJMW,AEO2026 Low Oil and Gas Supply
p105,2026,0.16040377,0.13306721,0.10323565,0.1339458,PJMW,AEO2026 Low Oil and Gas Supply
p105,2027,0.16535315,0.13925533,0.10672219,0.1387881,PJMW,AEO2026 Low Oil and Gas Supply
p105,2028,0.17274609000000002,0.14659186,0.11384086,0.14539849999999999,PJMW,AEO2026 Low Oil and Gas Supply
p105,2029,0.18083513,0.15396188,0.12083793999999999,0.15318479999999998,PJMW,AEO2026 Low Oil and Gas Supply
p105,2030,0.19082659,0.16390347,0.12799219,0.16224936,PJMW,AEO2026 Low Oil and Gas Supply
p105,2031,0.20267797,0.17684456,0.13632464,0.17309345,PJMW,AEO2026 Low Oil and Gas Supply
p105,2032,0.20529978,0.17788113,0.13880767,0.17594465,PJMW,AEO2026 Low Oil and Gas Supply
p105,2033,0.21387882000000003,0.18570332,0.14512097000000002,0.18421761,PJMW,AEO2026 Low Oil and Gas Supply
p105,2034,0.21689645999999999,0.18776748999999998,0.14671565,0.18660931000000003,PJMW,AEO2026 Low Oil and Gas Supply
p105,2035,0.22083208,0.19063906,0.14933187,0.18888262,PJMW,AEO2026 Low Oil and Gas Supply
p105,2036,0.22609146,0.19514826,0.15306592,0.19361446000000002,PJMW,AEO2026 Low Oil and Gas Supply
p105,2037,0.22945972,0.19776899,0.15473465,0.1962772,PJMW,AEO2026 Low Oil and Gas Supply
p105,2038,0.23584164000000002,0.20414057,0.15807278,0.20060818000000002,PJMW,AEO2026 Low Oil and Gas Supply
p105,2039,0.23362957,0.19972075,0.15521232,0.19800515999999999,PJMW,AEO2026 Low Oil and Gas Supply
p105,2040,0.24005661,0.20499715999999998,0.15901975000000002,0.20314632,PJMW,AEO2026 Low Oil and Gas Supply
p105,2041,0.24926481,0.21260504000000002,0.16543728000000002,0.21193058,PJMW,AEO2026 Low Oil and Gas Supply
p105,2042,0.26063555,0.22256981,0.17388494000000002,0.22163338,PJMW,AEO2026 Low Oil and Gas Supply
p105,2043,0.27086618,0.23123735,0.18093568999999998,0.23014331999999998,PJMW,AEO2026 Low Oil and Gas Supply
p105,2044,0.28250444,0.24108959,0.18895537999999998,0.23980988,PJMW,AEO2026 Low Oil and Gas Supply
p105,2045,0.29493727,0.25203506000000003,0.19767595,0.25054592,PJMW,AEO2026 Low Oil and Gas Supply
p105,2046,0.30554950999999997,0.26126104,0.20527397,0.25952234,PJMW,AEO2026 Low Oil and Gas Supply
p105,2047,0.31405243,0.26846247,0.21077745,0.26639021,PJMW,AEO2026 Low Oil and Gas Supply
p105,2048,0.32153132999999995,0.27462078,0.21542777999999999,0.27219021,PJMW,AEO2026 Low Oil and Gas Supply
p105,2049,0.33162486999999996,0.28329796,0.22232754,0.28064266,PJMW,AEO2026 Low Oil and Gas Supply
p105,2050,0.3397282,0.29008339,0.22720839,0.28692450999999997,PJMW,AEO2026 Low Oil and Gas Supply
p106,2014,0.15195830000000002,0.12024366,0.08828652,0.12678975,MISC,AEO2026 Low Oil and Gas Supply
p106,2015,0.15195830000000002,0.12024366,0.08828652,0.12678975,MISC,AEO2026 Low Oil and Gas Supply
p106,2016,0.15195830000000002,0.12024366,0.08828652,0.12678975,MISC,AEO2026 Low Oil and Gas Supply
p106,2017,0.15195830000000002,0.12024366,0.08828652,0.12678975,MISC,AEO2026 Low Oil and Gas Supply
p106,2018,0.15195830000000002,0.12024366,0.08828652,0.12678975,MISC,AEO2026 Low Oil and Gas Supply
p106,2019,0.15195830000000002,0.12024366,0.08828652,0.12678975,MISC,AEO2026 Low Oil and Gas Supply
p106,2020,0.15195830000000002,0.12024366,0.08828652,0.12678975,MISC,AEO2026 Low Oil and Gas Supply
p106,2021,0.15195830000000002,0.12024366,0.08828652,0.12678975,MISC,AEO2026 Low Oil and Gas Supply
p106,2022,0.15195830000000002,0.12024366,0.08828652,0.12678975,MISC,AEO2026 Low Oil and Gas Supply
p106,2023,0.15195830000000002,0.12024366,0.08828652,0.12678975,MISC,AEO2026 Low Oil and Gas Supply
p106,2024,0.15195830000000002,0.12024366,0.08828652,0.12678975,MISC,AEO2026 Low Oil and Gas Supply
p106,2025,0.15195830000000002,0.12024366,0.08828652,0.12678975,MISC,AEO2026 Low Oil and Gas Supply
p106,2026,0.15338411000000002,0.12044456,0.08820308,0.12796765000000002,MISC,AEO2026 Low Oil and Gas Supply
p106,2027,0.15481622,0.12248799999999999,0.08879745,0.12944160999999998,MISC,AEO2026 Low Oil and Gas Supply
p106,2028,0.16036142,0.12756021,0.09363256,0.13394830000000002,MISC,AEO2026 Low Oil and Gas Supply
p106,2029,0.169701,0.13629284,0.10052324,0.14244373,MISC,AEO2026 Low Oil and Gas Supply
p106,2030,0.17649534,0.14259069,0.10505909000000001,0.14884767,MISC,AEO2026 Low Oil and Gas Supply
p106,2031,0.18417109,0.15044996,0.11049524,0.15624016,MISC,AEO2026 Low Oil and Gas Supply
p106,2032,0.19303408,0.15711547,0.11757374999999999,0.1629215,MISC,AEO2026 Low Oil and Gas Supply
p106,2033,0.20013794000000001,0.16382856,0.1218807,0.17116646,MISC,AEO2026 Low Oil and Gas Supply
p106,2034,0.20167742,0.16497913,0.12308543,0.17236998,MISC,AEO2026 Low Oil and Gas Supply
p106,2035,0.20412970000000003,0.16704111000000002,0.12482072999999999,0.17472190999999998,MISC,AEO2026 Low Oil and Gas Supply
p106,2036,0.20714624,0.16927825999999999,0.12691449,0.17713115999999998,MISC,AEO2026 Low Oil and Gas Supply
p106,2037,0.21035094999999998,0.17187408,0.12908262,0.17991479999999999,MISC,AEO2026 Low Oil and Gas Supply
p106,2038,0.21567165,0.17664854,0.13265529,0.18420615999999998,MISC,AEO2026 Low Oil and Gas Supply
p106,2039,0.21896898,0.17741236000000002,0.13426470999999998,0.18556728,MISC,AEO2026 Low Oil and Gas Supply
p106,2040,0.22650465,0.18460058000000001,0.13919105,0.19268684,MISC,AEO2026 Low Oil and Gas Supply
p106,2041,0.23147772,0.18880095,0.1426336,0.19685752999999998,MISC,AEO2026 Low Oil and Gas Supply
p106,2042,0.23684103,0.19331354,0.14640666,0.20119526000000001,MISC,AEO2026 Low Oil and Gas Supply
p106,2043,0.24191402,0.19763639000000002,0.14976081,0.205341,MISC,AEO2026 Low Oil and Gas Supply
p106,2044,0.24758467,0.20243272999999998,0.15345383999999998,0.20994097,MISC,AEO2026 Low Oil and Gas Supply
p106,2045,0.25391504000000004,0.20792767999999998,0.15765388,0.21525261,MISC,AEO2026 Low Oil and Gas Supply
p106,2046,0.25987259,0.21310057000000002,0.16158297000000002,0.22038912,MISC,AEO2026 Low Oil and Gas Supply
p106,2047,0.26467051999999996,0.21715046000000002,0.16448256,0.22429031,MISC,AEO2026 Low Oil and Gas Supply
p106,2048,0.26857225,0.22057444,0.1667433,0.22747773999999998,MISC,AEO2026 Low Oil and Gas Supply
p106,2049,0.27166412,0.22336679,0.16843206,0.22999231,MISC,AEO2026 Low Oil and Gas Supply
p106,2050,0.27625559,0.2270459,0.17130789,0.23323339,MISC,AEO2026 Low Oil and Gas Supply
p107,2014,0.15195830000000002,0.12024366,0.08828652,0.12678975,MISC,AEO2026 Low Oil and Gas Supply
p107,2015,0.15195830000000002,0.12024366,0.08828652,0.12678975,MISC,AEO2026 Low Oil and Gas Supply
p107,2016,0.15195830000000002,0.12024366,0.08828652,0.12678975,MISC,AEO2026 Low Oil and Gas Supply
p107,2017,0.15195830000000002,0.12024366,0.08828652,0.12678975,MISC,AEO2026 Low Oil and Gas Supply
p107,2018,0.15195830000000002,0.12024366,0.08828652,0.12678975,MISC,AEO2026 Low Oil and Gas Supply
p107,2019,0.15195830000000002,0.12024366,0.08828652,0.12678975,MISC,AEO2026 Low Oil and Gas Supply
p107,2020,0.15195830000000002,0.12024366,0.08828652,0.12678975,MISC,AEO2026 Low Oil and Gas Supply
p107,2021,0.15195830000000002,0.12024366,0.08828652,0.12678975,MISC,AEO2026 Low Oil and Gas Supply
p107,2022,0.15195830000000002,0.12024366,0.08828652,0.12678975,MISC,AEO2026 Low Oil and Gas Supply
p107,2023,0.15195830000000002,0.12024366,0.08828652,0.12678975,MISC,AEO2026 Low Oil and Gas Supply
p107,2024,0.15195830000000002,0.12024366,0.08828652,0.12678975,MISC,AEO2026 Low Oil and Gas Supply
p107,2025,0.15195830000000002,0.12024366,0.08828652,0.12678975,MISC,AEO2026 Low Oil and Gas Supply
p107,2026,0.15338411000000002,0.12044456,0.08820308,0.12796765000000002,MISC,AEO2026 Low Oil and Gas Supply
p107,2027,0.15481622,0.12248799999999999,0.08879745,0.12944160999999998,MISC,AEO2026 Low Oil and Gas Supply
p107,2028,0.16036142,0.12756021,0.09363256,0.13394830000000002,MISC,AEO2026 Low Oil and Gas Supply
p107,2029,0.169701,0.13629284,0.10052324,0.14244373,MISC,AEO2026 Low Oil and Gas Supply
p107,2030,0.17649534,0.14259069,0.10505909000000001,0.14884767,MISC,AEO2026 Low Oil and Gas Supply
p107,2031,0.18417109,0.15044996,0.11049524,0.15624016,MISC,AEO2026 Low Oil and Gas Supply
p107,2032,0.19303408,0.15711547,0.11757374999999999,0.1629215,MISC,AEO2026 Low Oil and Gas Supply
p107,2033,0.20013794000000001,0.16382856,0.1218807,0.17116646,MISC,AEO2026 Low Oil and Gas Supply
p107,2034,0.20167742,0.16497913,0.12308543,0.17236998,MISC,AEO2026 Low Oil and Gas Supply
p107,2035,0.20412970000000003,0.16704111000000002,0.12482072999999999,0.17472190999999998,MISC,AEO2026 Low Oil and Gas Supply
p107,2036,0.20714624,0.16927825999999999,0.12691449,0.17713115999999998,MISC,AEO2026 Low Oil and Gas Supply
p107,2037,0.21035094999999998,0.17187408,0.12908262,0.17991479999999999,MISC,AEO2026 Low Oil and Gas Supply
p107,2038,0.21567165,0.17664854,0.13265529,0.18420615999999998,MISC,AEO2026 Low Oil and Gas Supply
p107,2039,0.21896898,0.17741236000000002,0.13426470999999998,0.18556728,MISC,AEO2026 Low Oil and Gas Supply
p107,2040,0.22650465,0.18460058000000001,0.13919105,0.19268684,MISC,AEO2026 Low Oil and Gas Supply
p107,2041,0.23147772,0.18880095,0.1426336,0.19685752999999998,MISC,AEO2026 Low Oil and Gas Supply
p107,2042,0.23684103,0.19331354,0.14640666,0.20119526000000001,MISC,AEO2026 Low Oil and Gas Supply
p107,2043,0.24191402,0.19763639000000002,0.14976081,0.205341,MISC,AEO2026 Low Oil and Gas Supply
p107,2044,0.24758467,0.20243272999999998,0.15345383999999998,0.20994097,MISC,AEO2026 Low Oil and Gas Supply
p107,2045,0.25391504000000004,0.20792767999999998,0.15765388,0.21525261,MISC,AEO2026 Low Oil and Gas Supply
p107,2046,0.25987259,0.21310057000000002,0.16158297000000002,0.22038912,MISC,AEO2026 Low Oil and Gas Supply
p107,2047,0.26467051999999996,0.21715046000000002,0.16448256,0.22429031,MISC,AEO2026 Low Oil and Gas Supply
p107,2048,0.26857225,0.22057444,0.1667433,0.22747773999999998,MISC,AEO2026 Low Oil and Gas Supply
p107,2049,0.27166412,0.22336679,0.16843206,0.22999231,MISC,AEO2026 Low Oil and Gas Supply
p107,2050,0.27625559,0.2270459,0.17130789,0.23323339,MISC,AEO2026 Low Oil and Gas Supply
p108,2014,0.12789306,0.11901155,0.059362979999999996,0.1059636,SRCE,AEO2026 Low Oil and Gas Supply
p108,2015,0.12789306,0.11901155,0.059362979999999996,0.1059636,SRCE,AEO2026 Low Oil and Gas Supply
p108,2016,0.12789306,0.11901155,0.059362979999999996,0.1059636,SRCE,AEO2026 Low Oil and Gas Supply
p108,2017,0.12789306,0.11901155,0.059362979999999996,0.1059636,SRCE,AEO2026 Low Oil and Gas Supply
p108,2018,0.12789306,0.11901155,0.059362979999999996,0.1059636,SRCE,AEO2026 Low Oil and Gas Supply
p108,2019,0.12789306,0.11901155,0.059362979999999996,0.1059636,SRCE,AEO2026 Low Oil and Gas Supply
p108,2020,0.12789306,0.11901155,0.059362979999999996,0.1059636,SRCE,AEO2026 Low Oil and Gas Supply
p108,2021,0.12789306,0.11901155,0.059362979999999996,0.1059636,SRCE,AEO2026 Low Oil and Gas Supply
p108,2022,0.12789306,0.11901155,0.059362979999999996,0.1059636,SRCE,AEO2026 Low Oil and Gas Supply
p108,2023,0.12789306,0.11901155,0.059362979999999996,0.1059636,SRCE,AEO2026 Low Oil and Gas Supply
p108,2024,0.12789306,0.11901155,0.059362979999999996,0.1059636,SRCE,AEO2026 Low Oil and Gas Supply
p108,2025,0.12789306,0.11901155,0.059362979999999996,0.1059636,SRCE,AEO2026 Low Oil and Gas Supply
p108,2026,0.12862595000000002,0.12180081,0.060957819999999996,0.10875645,SRCE,AEO2026 Low Oil and Gas Supply
p108,2027,0.12254314000000001,0.11211869999999999,0.054383749999999995,0.10127857999999999,SRCE,AEO2026 Low Oil and Gas Supply
p108,2028,0.1275396,0.11799794999999999,0.05793962,0.10630311,SRCE,AEO2026 Low Oil and Gas Supply
p108,2029,0.13453162000000002,0.12607682,0.06239878,0.11329266,SRCE,AEO2026 Low Oil and Gas Supply
p108,2030,0.14066433,0.13294572000000002,0.06637207,0.11940392,SRCE,AEO2026 Low Oil and Gas Supply
p108,2031,0.14586915,0.13850058,0.06954443,0.12467584000000001,SRCE,AEO2026 Low Oil and Gas Supply
p108,2032,0.14920501,0.14150252,0.07132791,0.12780841,SRCE,AEO2026 Low Oil and Gas Supply
p108,2033,0.1531078,0.14551811,0.07379369,0.13189014999999998,SRCE,AEO2026 Low Oil and Gas Supply
p108,2034,0.15570578,0.14820231,0.0757392,0.13461678,SRCE,AEO2026 Low Oil and Gas Supply
p108,2035,0.15838908999999998,0.15111263,0.07796738,0.13741766,SRCE,AEO2026 Low Oil and Gas Supply
p108,2036,0.16076872,0.15369085,0.08017882,0.13974218,SRCE,AEO2026 Low Oil and Gas Supply
p108,2037,0.16383595,0.15714653,0.08274738,0.14287151,SRCE,AEO2026 Low Oil and Gas Supply
p108,2038,0.16708328000000003,0.16069254,0.08510204999999998,0.14636483,SRCE,AEO2026 Low Oil and Gas Supply
p108,2039,0.17233336999999999,0.16677161999999998,0.08915999,0.1516288,SRCE,AEO2026 Low Oil and Gas Supply
p108,2040,0.17651067999999998,0.17129801,0.09185509,0.15593383,SRCE,AEO2026 Low Oil and Gas Supply
p108,2041,0.18197842,0.17743282000000002,0.09577341,0.16133032,SRCE,AEO2026 Low Oil and Gas Supply
p108,2042,0.18678253,0.18278677,0.0989699,0.1661231,SRCE,AEO2026 Low Oil and Gas Supply
p108,2043,0.19212551,0.18868271,0.10229677000000001,0.17147995000000002,SRCE,AEO2026 Low Oil and Gas Supply
p108,2044,0.19965254000000002,0.19716181,0.10736309000000001,0.17893979999999998,SRCE,AEO2026 Low Oil and Gas Supply
p108,2045,0.20414660999999998,0.20186779000000002,0.11032094,0.1829373,SRCE,AEO2026 Low Oil and Gas Supply
p108,2046,0.20959440000000001,0.20773808,0.11364267,0.1882873,SRCE,AEO2026 Low Oil and Gas Supply
p108,2047,0.21372019,0.21173404999999998,0.11590826,0.19179564,SRCE,AEO2026 Low Oil and Gas Supply
p108,2048,0.21881851000000002,0.21619112000000001,0.11834675,0.19568502,SRCE,AEO2026 Low Oil and Gas Supply
p108,2049,0.22479647,0.22163164,0.12139516,0.2004011,SRCE,AEO2026 Low Oil and Gas Supply
p108,2050,0.23059256,0.2267794,0.12414952,0.2049774,SRCE,AEO2026 Low Oil and Gas Supply
p109,2014,0.12789306,0.11901155,0.059362979999999996,0.1059636,SRCE,AEO2026 Low Oil and Gas Supply
p109,2015,0.12789306,0.11901155,0.059362979999999996,0.1059636,SRCE,AEO2026 Low Oil and Gas Supply
p109,2016,0.12789306,0.11901155,0.059362979999999996,0.1059636,SRCE,AEO2026 Low Oil and Gas Supply
p109,2017,0.12789306,0.11901155,0.059362979999999996,0.1059636,SRCE,AEO2026 Low Oil and Gas Supply
p109,2018,0.12789306,0.11901155,0.059362979999999996,0.1059636,SRCE,AEO2026 Low Oil and Gas Supply
p109,2019,0.12789306,0.11901155,0.059362979999999996,0.1059636,SRCE,AEO2026 Low Oil and Gas Supply
p109,2020,0.12789306,0.11901155,0.059362979999999996,0.1059636,SRCE,AEO2026 Low Oil and Gas Supply
p109,2021,0.12789306,0.11901155,0.059362979999999996,0.1059636,SRCE,AEO2026 Low Oil and Gas Supply
p109,2022,0.12789306,0.11901155,0.059362979999999996,0.1059636,SRCE,AEO2026 Low Oil and Gas Supply
p109,2023,0.12789306,0.11901155,0.059362979999999996,0.1059636,SRCE,AEO2026 Low Oil and Gas Supply
p109,2024,0.12789306,0.11901155,0.059362979999999996,0.1059636,SRCE,AEO2026 Low Oil and Gas Supply
p109,2025,0.12789306,0.11901155,0.059362979999999996,0.1059636,SRCE,AEO2026 Low Oil and Gas Supply
p109,2026,0.12862595000000002,0.12180081,0.060957819999999996,0.10875645,SRCE,AEO2026 Low Oil and Gas Supply
p109,2027,0.12254314000000001,0.11211869999999999,0.054383749999999995,0.10127857999999999,SRCE,AEO2026 Low Oil and Gas Supply
p109,2028,0.1275396,0.11799794999999999,0.05793962,0.10630311,SRCE,AEO2026 Low Oil and Gas Supply
p109,2029,0.13453162000000002,0.12607682,0.06239878,0.11329266,SRCE,AEO2026 Low Oil and Gas Supply
p109,2030,0.14066433,0.13294572000000002,0.06637207,0.11940392,SRCE,AEO2026 Low Oil and Gas Supply
p109,2031,0.14586915,0.13850058,0.06954443,0.12467584000000001,SRCE,AEO2026 Low Oil and Gas Supply
p109,2032,0.14920501,0.14150252,0.07132791,0.12780841,SRCE,AEO2026 Low Oil and Gas Supply
p109,2033,0.1531078,0.14551811,0.07379369,0.13189014999999998,SRCE,AEO2026 Low Oil and Gas Supply
p109,2034,0.15570578,0.14820231,0.0757392,0.13461678,SRCE,AEO2026 Low Oil and Gas Supply
p109,2035,0.15838908999999998,0.15111263,0.07796738,0.13741766,SRCE,AEO2026 Low Oil and Gas Supply
p109,2036,0.16076872,0.15369085,0.08017882,0.13974218,SRCE,AEO2026 Low Oil and Gas Supply
p109,2037,0.16383595,0.15714653,0.08274738,0.14287151,SRCE,AEO2026 Low Oil and Gas Supply
p109,2038,0.16708328000000003,0.16069254,0.08510204999999998,0.14636483,SRCE,AEO2026 Low Oil and Gas Supply
p109,2039,0.17233336999999999,0.16677161999999998,0.08915999,0.1516288,SRCE,AEO2026 Low Oil and Gas Supply
p109,2040,0.17651067999999998,0.17129801,0.09185509,0.15593383,SRCE,AEO2026 Low Oil and Gas Supply
p109,2041,0.18197842,0.17743282000000002,0.09577341,0.16133032,SRCE,AEO2026 Low Oil and Gas Supply
p109,2042,0.18678253,0.18278677,0.0989699,0.1661231,SRCE,AEO2026 Low Oil and Gas Supply
p109,2043,0.19212551,0.18868271,0.10229677000000001,0.17147995000000002,SRCE,AEO2026 Low Oil and Gas Supply
p109,2044,0.19965254000000002,0.19716181,0.10736309000000001,0.17893979999999998,SRCE,AEO2026 Low Oil and Gas Supply
p109,2045,0.20414660999999998,0.20186779000000002,0.11032094,0.1829373,SRCE,AEO2026 Low Oil and Gas Supply
p109,2046,0.20959440000000001,0.20773808,0.11364267,0.1882873,SRCE,AEO2026 Low Oil and Gas Supply
p109,2047,0.21372019,0.21173404999999998,0.11590826,0.19179564,SRCE,AEO2026 Low Oil and Gas Supply
p109,2048,0.21881851000000002,0.21619112000000001,0.11834675,0.19568502,SRCE,AEO2026 Low Oil and Gas Supply
p109,2049,0.22479647,0.22163164,0.12139516,0.2004011,SRCE,AEO2026 Low Oil and Gas Supply
p109,2050,0.23059256,0.2267794,0.12414952,0.2049774,SRCE,AEO2026 Low Oil and Gas Supply
p110,2014,0.15647918,0.13115763,0.10230447,0.13120012,PJMW,AEO2026 Low Oil and Gas Supply
p110,2015,0.15647918,0.13115763,0.10230447,0.13120012,PJMW,AEO2026 Low Oil and Gas Supply
p110,2016,0.15647918,0.13115763,0.10230447,0.13120012,PJMW,AEO2026 Low Oil and Gas Supply
p110,2017,0.15647918,0.13115763,0.10230447,0.13120012,PJMW,AEO2026 Low Oil and Gas Supply
p110,2018,0.15647918,0.13115763,0.10230447,0.13120012,PJMW,AEO2026 Low Oil and Gas Supply
p110,2019,0.15647918,0.13115763,0.10230447,0.13120012,PJMW,AEO2026 Low Oil and Gas Supply
p110,2020,0.15647918,0.13115763,0.10230447,0.13120012,PJMW,AEO2026 Low Oil and Gas Supply
p110,2021,0.15647918,0.13115763,0.10230447,0.13120012,PJMW,AEO2026 Low Oil and Gas Supply
p110,2022,0.15647918,0.13115763,0.10230447,0.13120012,PJMW,AEO2026 Low Oil and Gas Supply
p110,2023,0.15647918,0.13115763,0.10230447,0.13120012,PJMW,AEO2026 Low Oil and Gas Supply
p110,2024,0.15647918,0.13115763,0.10230447,0.13120012,PJMW,AEO2026 Low Oil and Gas Supply
p110,2025,0.15647918,0.13115763,0.10230447,0.13120012,PJMW,AEO2026 Low Oil and Gas Supply
p110,2026,0.16040377,0.13306721,0.10323565,0.1339458,PJMW,AEO2026 Low Oil and Gas Supply
p110,2027,0.16535315,0.13925533,0.10672219,0.1387881,PJMW,AEO2026 Low Oil and Gas Supply
p110,2028,0.17274609000000002,0.14659186,0.11384086,0.14539849999999999,PJMW,AEO2026 Low Oil and Gas Supply
p110,2029,0.18083513,0.15396188,0.12083793999999999,0.15318479999999998,PJMW,AEO2026 Low Oil and Gas Supply
p110,2030,0.19082659,0.16390347,0.12799219,0.16224936,PJMW,AEO2026 Low Oil and Gas Supply
p110,2031,0.20267797,0.17684456,0.13632464,0.17309345,PJMW,AEO2026 Low Oil and Gas Supply
p110,2032,0.20529978,0.17788113,0.13880767,0.17594465,PJMW,AEO2026 Low Oil and Gas Supply
p110,2033,0.21387882000000003,0.18570332,0.14512097000000002,0.18421761,PJMW,AEO2026 Low Oil and Gas Supply
p110,2034,0.21689645999999999,0.18776748999999998,0.14671565,0.18660931000000003,PJMW,AEO2026 Low Oil and Gas Supply
p110,2035,0.22083208,0.19063906,0.14933187,0.18888262,PJMW,AEO2026 Low Oil and Gas Supply
p110,2036,0.22609146,0.19514826,0.15306592,0.19361446000000002,PJMW,AEO2026 Low Oil and Gas Supply
p110,2037,0.22945972,0.19776899,0.15473465,0.1962772,PJMW,AEO2026 Low Oil and Gas Supply
p110,2038,0.23584164000000002,0.20414057,0.15807278,0.20060818000000002,PJMW,AEO2026 Low Oil and Gas Supply
p110,2039,0.23362957,0.19972075,0.15521232,0.19800515999999999,PJMW,AEO2026 Low Oil and Gas Supply
p110,2040,0.24005661,0.20499715999999998,0.15901975000000002,0.20314632,PJMW,AEO2026 Low Oil and Gas Supply
p110,2041,0.24926481,0.21260504000000002,0.16543728000000002,0.21193058,PJMW,AEO2026 Low Oil and Gas Supply
p110,2042,0.26063555,0.22256981,0.17388494000000002,0.22163338,PJMW,AEO2026 Low Oil and Gas Supply
p110,2043,0.27086618,0.23123735,0.18093568999999998,0.23014331999999998,PJMW,AEO2026 Low Oil and Gas Supply
p110,2044,0.28250444,0.24108959,0.18895537999999998,0.23980988,PJMW,AEO2026 Low Oil and Gas Supply
p110,2045,0.29493727,0.25203506000000003,0.19767595,0.25054592,PJMW,AEO2026 Low Oil and Gas Supply
p110,2046,0.30554950999999997,0.26126104,0.20527397,0.25952234,PJMW,AEO2026 Low Oil and Gas Supply
p110,2047,0.31405243,0.26846247,0.21077745,0.26639021,PJMW,AEO2026 Low Oil and Gas Supply
p110,2048,0.32153132999999995,0.27462078,0.21542777999999999,0.27219021,PJMW,AEO2026 Low Oil and Gas Supply
p110,2049,0.33162486999999996,0.28329796,0.22232754,0.28064266,PJMW,AEO2026 Low Oil and Gas Supply
p110,2050,0.3397282,0.29008339,0.22720839,0.28692450999999997,PJMW,AEO2026 Low Oil and Gas Supply
p111,2014,0.15647918,0.13115763,0.10230447,0.13120012,PJMW,AEO2026 Low Oil and Gas Supply
p111,2015,0.15647918,0.13115763,0.10230447,0.13120012,PJMW,AEO2026 Low Oil and Gas Supply
p111,2016,0.15647918,0.13115763,0.10230447,0.13120012,PJMW,AEO2026 Low Oil and Gas Supply
p111,2017,0.15647918,0.13115763,0.10230447,0.13120012,PJMW,AEO2026 Low Oil and Gas Supply
p111,2018,0.15647918,0.13115763,0.10230447,0.13120012,PJMW,AEO2026 Low Oil and Gas Supply
p111,2019,0.15647918,0.13115763,0.10230447,0.13120012,PJMW,AEO2026 Low Oil and Gas Supply
p111,2020,0.15647918,0.13115763,0.10230447,0.13120012,PJMW,AEO2026 Low Oil and Gas Supply
p111,2021,0.15647918,0.13115763,0.10230447,0.13120012,PJMW,AEO2026 Low Oil and Gas Supply
p111,2022,0.15647918,0.13115763,0.10230447,0.13120012,PJMW,AEO2026 Low Oil and Gas Supply
p111,2023,0.15647918,0.13115763,0.10230447,0.13120012,PJMW,AEO2026 Low Oil and Gas Supply
p111,2024,0.15647918,0.13115763,0.10230447,0.13120012,PJMW,AEO2026 Low Oil and Gas Supply
p111,2025,0.15647918,0.13115763,0.10230447,0.13120012,PJMW,AEO2026 Low Oil and Gas Supply
p111,2026,0.16040377,0.13306721,0.10323565,0.1339458,PJMW,AEO2026 Low Oil and Gas Supply
p111,2027,0.16535315,0.13925533,0.10672219,0.1387881,PJMW,AEO2026 Low Oil and Gas Supply
p111,2028,0.17274609000000002,0.14659186,0.11384086,0.14539849999999999,PJMW,AEO2026 Low Oil and Gas Supply
p111,2029,0.18083513,0.15396188,0.12083793999999999,0.15318479999999998,PJMW,AEO2026 Low Oil and Gas Supply
p111,2030,0.19082659,0.16390347,0.12799219,0.16224936,PJMW,AEO2026 Low Oil and Gas Supply
p111,2031,0.20267797,0.17684456,0.13632464,0.17309345,PJMW,AEO2026 Low Oil and Gas Supply
p111,2032,0.20529978,0.17788113,0.13880767,0.17594465,PJMW,AEO2026 Low Oil and Gas Supply
p111,2033,0.21387882000000003,0.18570332,0.14512097000000002,0.18421761,PJMW,AEO2026 Low Oil and Gas Supply
p111,2034,0.21689645999999999,0.18776748999999998,0.14671565,0.18660931000000003,PJMW,AEO2026 Low Oil and Gas Supply
p111,2035,0.22083208,0.19063906,0.14933187,0.18888262,PJMW,AEO2026 Low Oil and Gas Supply
p111,2036,0.22609146,0.19514826,0.15306592,0.19361446000000002,PJMW,AEO2026 Low Oil and Gas Supply
p111,2037,0.22945972,0.19776899,0.15473465,0.1962772,PJMW,AEO2026 Low Oil and Gas Supply
p111,2038,0.23584164000000002,0.20414057,0.15807278,0.20060818000000002,PJMW,AEO2026 Low Oil and Gas Supply
p111,2039,0.23362957,0.19972075,0.15521232,0.19800515999999999,PJMW,AEO2026 Low Oil and Gas Supply
p111,2040,0.24005661,0.20499715999999998,0.15901975000000002,0.20314632,PJMW,AEO2026 Low Oil and Gas Supply
p111,2041,0.24926481,0.21260504000000002,0.16543728000000002,0.21193058,PJMW,AEO2026 Low Oil and Gas Supply
p111,2042,0.26063555,0.22256981,0.17388494000000002,0.22163338,PJMW,AEO2026 Low Oil and Gas Supply
p111,2043,0.27086618,0.23123735,0.18093568999999998,0.23014331999999998,PJMW,AEO2026 Low Oil and Gas Supply
p111,2044,0.28250444,0.24108959,0.18895537999999998,0.23980988,PJMW,AEO2026 Low Oil and Gas Supply
p111,2045,0.29493727,0.25203506000000003,0.19767595,0.25054592,PJMW,AEO2026 Low Oil and Gas Supply
p111,2046,0.30554950999999997,0.26126104,0.20527397,0.25952234,PJMW,AEO2026 Low Oil and Gas Supply
p111,2047,0.31405243,0.26846247,0.21077745,0.26639021,PJMW,AEO2026 Low Oil and Gas Supply
p111,2048,0.32153132999999995,0.27462078,0.21542777999999999,0.27219021,PJMW,AEO2026 Low Oil and Gas Supply
p111,2049,0.33162486999999996,0.28329796,0.22232754,0.28064266,PJMW,AEO2026 Low Oil and Gas Supply
p111,2050,0.3397282,0.29008339,0.22720839,0.28692450999999997,PJMW,AEO2026 Low Oil and Gas Supply
p112,2014,0.15647918,0.13115763,0.10230447,0.13120012,PJMW,AEO2026 Low Oil and Gas Supply
p112,2015,0.15647918,0.13115763,0.10230447,0.13120012,PJMW,AEO2026 Low Oil and Gas Supply
p112,2016,0.15647918,0.13115763,0.10230447,0.13120012,PJMW,AEO2026 Low Oil and Gas Supply
p112,2017,0.15647918,0.13115763,0.10230447,0.13120012,PJMW,AEO2026 Low Oil and Gas Supply
p112,2018,0.15647918,0.13115763,0.10230447,0.13120012,PJMW,AEO2026 Low Oil and Gas Supply
p112,2019,0.15647918,0.13115763,0.10230447,0.13120012,PJMW,AEO2026 Low Oil and Gas Supply
p112,2020,0.15647918,0.13115763,0.10230447,0.13120012,PJMW,AEO2026 Low Oil and Gas Supply
p112,2021,0.15647918,0.13115763,0.10230447,0.13120012,PJMW,AEO2026 Low Oil and Gas Supply
p112,2022,0.15647918,0.13115763,0.10230447,0.13120012,PJMW,AEO2026 Low Oil and Gas Supply
p112,2023,0.15647918,0.13115763,0.10230447,0.13120012,PJMW,AEO2026 Low Oil and Gas Supply
p112,2024,0.15647918,0.13115763,0.10230447,0.13120012,PJMW,AEO2026 Low Oil and Gas Supply
p112,2025,0.15647918,0.13115763,0.10230447,0.13120012,PJMW,AEO2026 Low Oil and Gas Supply
p112,2026,0.16040377,0.13306721,0.10323565,0.1339458,PJMW,AEO2026 Low Oil and Gas Supply
p112,2027,0.16535315,0.13925533,0.10672219,0.1387881,PJMW,AEO2026 Low Oil and Gas Supply
p112,2028,0.17274609000000002,0.14659186,0.11384086,0.14539849999999999,PJMW,AEO2026 Low Oil and Gas Supply
p112,2029,0.18083513,0.15396188,0.12083793999999999,0.15318479999999998,PJMW,AEO2026 Low Oil and Gas Supply
p112,2030,0.19082659,0.16390347,0.12799219,0.16224936,PJMW,AEO2026 Low Oil and Gas Supply
p112,2031,0.20267797,0.17684456,0.13632464,0.17309345,PJMW,AEO2026 Low Oil and Gas Supply
p112,2032,0.20529978,0.17788113,0.13880767,0.17594465,PJMW,AEO2026 Low Oil and Gas Supply
p112,2033,0.21387882000000003,0.18570332,0.14512097000000002,0.18421761,PJMW,AEO2026 Low Oil and Gas Supply
p112,2034,0.21689645999999999,0.18776748999999998,0.14671565,0.18660931000000003,PJMW,AEO2026 Low Oil and Gas Supply
p112,2035,0.22083208,0.19063906,0.14933187,0.18888262,PJMW,AEO2026 Low Oil and Gas Supply
p112,2036,0.22609146,0.19514826,0.15306592,0.19361446000000002,PJMW,AEO2026 Low Oil and Gas Supply
p112,2037,0.22945972,0.19776899,0.15473465,0.1962772,PJMW,AEO2026 Low Oil and Gas Supply
p112,2038,0.23584164000000002,0.20414057,0.15807278,0.20060818000000002,PJMW,AEO2026 Low Oil and Gas Supply
p112,2039,0.23362957,0.19972075,0.15521232,0.19800515999999999,PJMW,AEO2026 Low Oil and Gas Supply
p112,2040,0.24005661,0.20499715999999998,0.15901975000000002,0.20314632,PJMW,AEO2026 Low Oil and Gas Supply
p112,2041,0.24926481,0.21260504000000002,0.16543728000000002,0.21193058,PJMW,AEO2026 Low Oil and Gas Supply
p112,2042,0.26063555,0.22256981,0.17388494000000002,0.22163338,PJMW,AEO2026 Low Oil and Gas Supply
p112,2043,0.27086618,0.23123735,0.18093568999999998,0.23014331999999998,PJMW,AEO2026 Low Oil and Gas Supply
p112,2044,0.28250444,0.24108959,0.18895537999999998,0.23980988,PJMW,AEO2026 Low Oil and Gas Supply
p112,2045,0.29493727,0.25203506000000003,0.19767595,0.25054592,PJMW,AEO2026 Low Oil and Gas Supply
p112,2046,0.30554950999999997,0.26126104,0.20527397,0.25952234,PJMW,AEO2026 Low Oil and Gas Supply
p112,2047,0.31405243,0.26846247,0.21077745,0.26639021,PJMW,AEO2026 Low Oil and Gas Supply
p112,2048,0.32153132999999995,0.27462078,0.21542777999999999,0.27219021,PJMW,AEO2026 Low Oil and Gas Supply
p112,2049,0.33162486999999996,0.28329796,0.22232754,0.28064266,PJMW,AEO2026 Low Oil and Gas Supply
p112,2050,0.3397282,0.29008339,0.22720839,0.28692450999999997,PJMW,AEO2026 Low Oil and Gas Supply
p113,2014,0.15647918,0.13115763,0.10230447,0.13120012,PJMW,AEO2026 Low Oil and Gas Supply
p113,2015,0.15647918,0.13115763,0.10230447,0.13120012,PJMW,AEO2026 Low Oil and Gas Supply
p113,2016,0.15647918,0.13115763,0.10230447,0.13120012,PJMW,AEO2026 Low Oil and Gas Supply
p113,2017,0.15647918,0.13115763,0.10230447,0.13120012,PJMW,AEO2026 Low Oil and Gas Supply
p113,2018,0.15647918,0.13115763,0.10230447,0.13120012,PJMW,AEO2026 Low Oil and Gas Supply
p113,2019,0.15647918,0.13115763,0.10230447,0.13120012,PJMW,AEO2026 Low Oil and Gas Supply
p113,2020,0.15647918,0.13115763,0.10230447,0.13120012,PJMW,AEO2026 Low Oil and Gas Supply
p113,2021,0.15647918,0.13115763,0.10230447,0.13120012,PJMW,AEO2026 Low Oil and Gas Supply
p113,2022,0.15647918,0.13115763,0.10230447,0.13120012,PJMW,AEO2026 Low Oil and Gas Supply
p113,2023,0.15647918,0.13115763,0.10230447,0.13120012,PJMW,AEO2026 Low Oil and Gas Supply
p113,2024,0.15647918,0.13115763,0.10230447,0.13120012,PJMW,AEO2026 Low Oil and Gas Supply
p113,2025,0.15647918,0.13115763,0.10230447,0.13120012,PJMW,AEO2026 Low Oil and Gas Supply
p113,2026,0.16040377,0.13306721,0.10323565,0.1339458,PJMW,AEO2026 Low Oil and Gas Supply
p113,2027,0.16535315,0.13925533,0.10672219,0.1387881,PJMW,AEO2026 Low Oil and Gas Supply
p113,2028,0.17274609000000002,0.14659186,0.11384086,0.14539849999999999,PJMW,AEO2026 Low Oil and Gas Supply
p113,2029,0.18083513,0.15396188,0.12083793999999999,0.15318479999999998,PJMW,AEO2026 Low Oil and Gas Supply
p113,2030,0.19082659,0.16390347,0.12799219,0.16224936,PJMW,AEO2026 Low Oil and Gas Supply
p113,2031,0.20267797,0.17684456,0.13632464,0.17309345,PJMW,AEO2026 Low Oil and Gas Supply
p113,2032,0.20529978,0.17788113,0.13880767,0.17594465,PJMW,AEO2026 Low Oil and Gas Supply
p113,2033,0.21387882000000003,0.18570332,0.14512097000000002,0.18421761,PJMW,AEO2026 Low Oil and Gas Supply
p113,2034,0.21689645999999999,0.18776748999999998,0.14671565,0.18660931000000003,PJMW,AEO2026 Low Oil and Gas Supply
p113,2035,0.22083208,0.19063906,0.14933187,0.18888262,PJMW,AEO2026 Low Oil and Gas Supply
p113,2036,0.22609146,0.19514826,0.15306592,0.19361446000000002,PJMW,AEO2026 Low Oil and Gas Supply
p113,2037,0.22945972,0.19776899,0.15473465,0.1962772,PJMW,AEO2026 Low Oil and Gas Supply
p113,2038,0.23584164000000002,0.20414057,0.15807278,0.20060818000000002,PJMW,AEO2026 Low Oil and Gas Supply
p113,2039,0.23362957,0.19972075,0.15521232,0.19800515999999999,PJMW,AEO2026 Low Oil and Gas Supply
p113,2040,0.24005661,0.20499715999999998,0.15901975000000002,0.20314632,PJMW,AEO2026 Low Oil and Gas Supply
p113,2041,0.24926481,0.21260504000000002,0.16543728000000002,0.21193058,PJMW,AEO2026 Low Oil and Gas Supply
p113,2042,0.26063555,0.22256981,0.17388494000000002,0.22163338,PJMW,AEO2026 Low Oil and Gas Supply
p113,2043,0.27086618,0.23123735,0.18093568999999998,0.23014331999999998,PJMW,AEO2026 Low Oil and Gas Supply
p113,2044,0.28250444,0.24108959,0.18895537999999998,0.23980988,PJMW,AEO2026 Low Oil and Gas Supply
p113,2045,0.29493727,0.25203506000000003,0.19767595,0.25054592,PJMW,AEO2026 Low Oil and Gas Supply
p113,2046,0.30554950999999997,0.26126104,0.20527397,0.25952234,PJMW,AEO2026 Low Oil and Gas Supply
p113,2047,0.31405243,0.26846247,0.21077745,0.26639021,PJMW,AEO2026 Low Oil and Gas Supply
p113,2048,0.32153132999999995,0.27462078,0.21542777999999999,0.27219021,PJMW,AEO2026 Low Oil and Gas Supply
p113,2049,0.33162486999999996,0.28329796,0.22232754,0.28064266,PJMW,AEO2026 Low Oil and Gas Supply
p113,2050,0.3397282,0.29008339,0.22720839,0.28692450999999997,PJMW,AEO2026 Low Oil and Gas Supply
p114,2014,0.15647918,0.13115763,0.10230447,0.13120012,PJMW,AEO2026 Low Oil and Gas Supply
p114,2015,0.15647918,0.13115763,0.10230447,0.13120012,PJMW,AEO2026 Low Oil and Gas Supply
p114,2016,0.15647918,0.13115763,0.10230447,0.13120012,PJMW,AEO2026 Low Oil and Gas Supply
p114,2017,0.15647918,0.13115763,0.10230447,0.13120012,PJMW,AEO2026 Low Oil and Gas Supply
p114,2018,0.15647918,0.13115763,0.10230447,0.13120012,PJMW,AEO2026 Low Oil and Gas Supply
p114,2019,0.15647918,0.13115763,0.10230447,0.13120012,PJMW,AEO2026 Low Oil and Gas Supply
p114,2020,0.15647918,0.13115763,0.10230447,0.13120012,PJMW,AEO2026 Low Oil and Gas Supply
p114,2021,0.15647918,0.13115763,0.10230447,0.13120012,PJMW,AEO2026 Low Oil and Gas Supply
p114,2022,0.15647918,0.13115763,0.10230447,0.13120012,PJMW,AEO2026 Low Oil and Gas Supply
p114,2023,0.15647918,0.13115763,0.10230447,0.13120012,PJMW,AEO2026 Low Oil and Gas Supply
p114,2024,0.15647918,0.13115763,0.10230447,0.13120012,PJMW,AEO2026 Low Oil and Gas Supply
p114,2025,0.15647918,0.13115763,0.10230447,0.13120012,PJMW,AEO2026 Low Oil and Gas Supply
p114,2026,0.16040377,0.13306721,0.10323565,0.1339458,PJMW,AEO2026 Low Oil and Gas Supply
p114,2027,0.16535315,0.13925533,0.10672219,0.1387881,PJMW,AEO2026 Low Oil and Gas Supply
p114,2028,0.17274609000000002,0.14659186,0.11384086,0.14539849999999999,PJMW,AEO2026 Low Oil and Gas Supply
p114,2029,0.18083513,0.15396188,0.12083793999999999,0.15318479999999998,PJMW,AEO2026 Low Oil and Gas Supply
p114,2030,0.19082659,0.16390347,0.12799219,0.16224936,PJMW,AEO2026 Low Oil and Gas Supply
p114,2031,0.20267797,0.17684456,0.13632464,0.17309345,PJMW,AEO2026 Low Oil and Gas Supply
p114,2032,0.20529978,0.17788113,0.13880767,0.17594465,PJMW,AEO2026 Low Oil and Gas Supply
p114,2033,0.21387882000000003,0.18570332,0.14512097000000002,0.18421761,PJMW,AEO2026 Low Oil and Gas Supply
p114,2034,0.21689645999999999,0.18776748999999998,0.14671565,0.18660931000000003,PJMW,AEO2026 Low Oil and Gas Supply
p114,2035,0.22083208,0.19063906,0.14933187,0.18888262,PJMW,AEO2026 Low Oil and Gas Supply
p114,2036,0.22609146,0.19514826,0.15306592,0.19361446000000002,PJMW,AEO2026 Low Oil and Gas Supply
p114,2037,0.22945972,0.19776899,0.15473465,0.1962772,PJMW,AEO2026 Low Oil and Gas Supply
p114,2038,0.23584164000000002,0.20414057,0.15807278,0.20060818000000002,PJMW,AEO2026 Low Oil and Gas Supply
p114,2039,0.23362957,0.19972075,0.15521232,0.19800515999999999,PJMW,AEO2026 Low Oil and Gas Supply
p114,2040,0.24005661,0.20499715999999998,0.15901975000000002,0.20314632,PJMW,AEO2026 Low Oil and Gas Supply
p114,2041,0.24926481,0.21260504000000002,0.16543728000000002,0.21193058,PJMW,AEO2026 Low Oil and Gas Supply
p114,2042,0.26063555,0.22256981,0.17388494000000002,0.22163338,PJMW,AEO2026 Low Oil and Gas Supply
p114,2043,0.27086618,0.23123735,0.18093568999999998,0.23014331999999998,PJMW,AEO2026 Low Oil and Gas Supply
p114,2044,0.28250444,0.24108959,0.18895537999999998,0.23980988,PJMW,AEO2026 Low Oil and Gas Supply
p114,2045,0.29493727,0.25203506000000003,0.19767595,0.25054592,PJMW,AEO2026 Low Oil and Gas Supply
p114,2046,0.30554950999999997,0.26126104,0.20527397,0.25952234,PJMW,AEO2026 Low Oil and Gas Supply
p114,2047,0.31405243,0.26846247,0.21077745,0.26639021,PJMW,AEO2026 Low Oil and Gas Supply
p114,2048,0.32153132999999995,0.27462078,0.21542777999999999,0.27219021,PJMW,AEO2026 Low Oil and Gas Supply
p114,2049,0.33162486999999996,0.28329796,0.22232754,0.28064266,PJMW,AEO2026 Low Oil and Gas Supply
p114,2050,0.3397282,0.29008339,0.22720839,0.28692450999999997,PJMW,AEO2026 Low Oil and Gas Supply
p115,2014,0.15647918,0.13115763,0.10230447,0.13120012,PJMW,AEO2026 Low Oil and Gas Supply
p115,2015,0.15647918,0.13115763,0.10230447,0.13120012,PJMW,AEO2026 Low Oil and Gas Supply
p115,2016,0.15647918,0.13115763,0.10230447,0.13120012,PJMW,AEO2026 Low Oil and Gas Supply
p115,2017,0.15647918,0.13115763,0.10230447,0.13120012,PJMW,AEO2026 Low Oil and Gas Supply
p115,2018,0.15647918,0.13115763,0.10230447,0.13120012,PJMW,AEO2026 Low Oil and Gas Supply
p115,2019,0.15647918,0.13115763,0.10230447,0.13120012,PJMW,AEO2026 Low Oil and Gas Supply
p115,2020,0.15647918,0.13115763,0.10230447,0.13120012,PJMW,AEO2026 Low Oil and Gas Supply
p115,2021,0.15647918,0.13115763,0.10230447,0.13120012,PJMW,AEO2026 Low Oil and Gas Supply
p115,2022,0.15647918,0.13115763,0.10230447,0.13120012,PJMW,AEO2026 Low Oil and Gas Supply
p115,2023,0.15647918,0.13115763,0.10230447,0.13120012,PJMW,AEO2026 Low Oil and Gas Supply
p115,2024,0.15647918,0.13115763,0.10230447,0.13120012,PJMW,AEO2026 Low Oil and Gas Supply
p115,2025,0.15647918,0.13115763,0.10230447,0.13120012,PJMW,AEO2026 Low Oil and Gas Supply
p115,2026,0.16040377,0.13306721,0.10323565,0.1339458,PJMW,AEO2026 Low Oil and Gas Supply
p115,2027,0.16535315,0.13925533,0.10672219,0.1387881,PJMW,AEO2026 Low Oil and Gas Supply
p115,2028,0.17274609000000002,0.14659186,0.11384086,0.14539849999999999,PJMW,AEO2026 Low Oil and Gas Supply
p115,2029,0.18083513,0.15396188,0.12083793999999999,0.15318479999999998,PJMW,AEO2026 Low Oil and Gas Supply
p115,2030,0.19082659,0.16390347,0.12799219,0.16224936,PJMW,AEO2026 Low Oil and Gas Supply
p115,2031,0.20267797,0.17684456,0.13632464,0.17309345,PJMW,AEO2026 Low Oil and Gas Supply
p115,2032,0.20529978,0.17788113,0.13880767,0.17594465,PJMW,AEO2026 Low Oil and Gas Supply
p115,2033,0.21387882000000003,0.18570332,0.14512097000000002,0.18421761,PJMW,AEO2026 Low Oil and Gas Supply
p115,2034,0.21689645999999999,0.18776748999999998,0.14671565,0.18660931000000003,PJMW,AEO2026 Low Oil and Gas Supply
p115,2035,0.22083208,0.19063906,0.14933187,0.18888262,PJMW,AEO2026 Low Oil and Gas Supply
p115,2036,0.22609146,0.19514826,0.15306592,0.19361446000000002,PJMW,AEO2026 Low Oil and Gas Supply
p115,2037,0.22945972,0.19776899,0.15473465,0.1962772,PJMW,AEO2026 Low Oil and Gas Supply
p115,2038,0.23584164000000002,0.20414057,0.15807278,0.20060818000000002,PJMW,AEO2026 Low Oil and Gas Supply
p115,2039,0.23362957,0.19972075,0.15521232,0.19800515999999999,PJMW,AEO2026 Low Oil and Gas Supply
p115,2040,0.24005661,0.20499715999999998,0.15901975000000002,0.20314632,PJMW,AEO2026 Low Oil and Gas Supply
p115,2041,0.24926481,0.21260504000000002,0.16543728000000002,0.21193058,PJMW,AEO2026 Low Oil and Gas Supply
p115,2042,0.26063555,0.22256981,0.17388494000000002,0.22163338,PJMW,AEO2026 Low Oil and Gas Supply
p115,2043,0.27086618,0.23123735,0.18093568999999998,0.23014331999999998,PJMW,AEO2026 Low Oil and Gas Supply
p115,2044,0.28250444,0.24108959,0.18895537999999998,0.23980988,PJMW,AEO2026 Low Oil and Gas Supply
p115,2045,0.29493727,0.25203506000000003,0.19767595,0.25054592,PJMW,AEO2026 Low Oil and Gas Supply
p115,2046,0.30554950999999997,0.26126104,0.20527397,0.25952234,PJMW,AEO2026 Low Oil and Gas Supply
p115,2047,0.31405243,0.26846247,0.21077745,0.26639021,PJMW,AEO2026 Low Oil and Gas Supply
p115,2048,0.32153132999999995,0.27462078,0.21542777999999999,0.27219021,PJMW,AEO2026 Low Oil and Gas Supply
p115,2049,0.33162486999999996,0.28329796,0.22232754,0.28064266,PJMW,AEO2026 Low Oil and Gas Supply
p115,2050,0.3397282,0.29008339,0.22720839,0.28692450999999997,PJMW,AEO2026 Low Oil and Gas Supply
p116,2014,0.15647918,0.13115763,0.10230447,0.13120012,PJMW,AEO2026 Low Oil and Gas Supply
p116,2015,0.15647918,0.13115763,0.10230447,0.13120012,PJMW,AEO2026 Low Oil and Gas Supply
p116,2016,0.15647918,0.13115763,0.10230447,0.13120012,PJMW,AEO2026 Low Oil and Gas Supply
p116,2017,0.15647918,0.13115763,0.10230447,0.13120012,PJMW,AEO2026 Low Oil and Gas Supply
p116,2018,0.15647918,0.13115763,0.10230447,0.13120012,PJMW,AEO2026 Low Oil and Gas Supply
p116,2019,0.15647918,0.13115763,0.10230447,0.13120012,PJMW,AEO2026 Low Oil and Gas Supply
p116,2020,0.15647918,0.13115763,0.10230447,0.13120012,PJMW,AEO2026 Low Oil and Gas Supply
p116,2021,0.15647918,0.13115763,0.10230447,0.13120012,PJMW,AEO2026 Low Oil and Gas Supply
p116,2022,0.15647918,0.13115763,0.10230447,0.13120012,PJMW,AEO2026 Low Oil and Gas Supply
p116,2023,0.15647918,0.13115763,0.10230447,0.13120012,PJMW,AEO2026 Low Oil and Gas Supply
p116,2024,0.15647918,0.13115763,0.10230447,0.13120012,PJMW,AEO2026 Low Oil and Gas Supply
p116,2025,0.15647918,0.13115763,0.10230447,0.13120012,PJMW,AEO2026 Low Oil and Gas Supply
p116,2026,0.16040377,0.13306721,0.10323565,0.1339458,PJMW,AEO2026 Low Oil and Gas Supply
p116,2027,0.16535315,0.13925533,0.10672219,0.1387881,PJMW,AEO2026 Low Oil and Gas Supply
p116,2028,0.17274609000000002,0.14659186,0.11384086,0.14539849999999999,PJMW,AEO2026 Low Oil and Gas Supply
p116,2029,0.18083513,0.15396188,0.12083793999999999,0.15318479999999998,PJMW,AEO2026 Low Oil and Gas Supply
p116,2030,0.19082659,0.16390347,0.12799219,0.16224936,PJMW,AEO2026 Low Oil and Gas Supply
p116,2031,0.20267797,0.17684456,0.13632464,0.17309345,PJMW,AEO2026 Low Oil and Gas Supply
p116,2032,0.20529978,0.17788113,0.13880767,0.17594465,PJMW,AEO2026 Low Oil and Gas Supply
p116,2033,0.21387882000000003,0.18570332,0.14512097000000002,0.18421761,PJMW,AEO2026 Low Oil and Gas Supply
p116,2034,0.21689645999999999,0.18776748999999998,0.14671565,0.18660931000000003,PJMW,AEO2026 Low Oil and Gas Supply
p116,2035,0.22083208,0.19063906,0.14933187,0.18888262,PJMW,AEO2026 Low Oil and Gas Supply
p116,2036,0.22609146,0.19514826,0.15306592,0.19361446000000002,PJMW,AEO2026 Low Oil and Gas Supply
p116,2037,0.22945972,0.19776899,0.15473465,0.1962772,PJMW,AEO2026 Low Oil and Gas Supply
p116,2038,0.23584164000000002,0.20414057,0.15807278,0.20060818000000002,PJMW,AEO2026 Low Oil and Gas Supply
p116,2039,0.23362957,0.19972075,0.15521232,0.19800515999999999,PJMW,AEO2026 Low Oil and Gas Supply
p116,2040,0.24005661,0.20499715999999998,0.15901975000000002,0.20314632,PJMW,AEO2026 Low Oil and Gas Supply
p116,2041,0.24926481,0.21260504000000002,0.16543728000000002,0.21193058,PJMW,AEO2026 Low Oil and Gas Supply
p116,2042,0.26063555,0.22256981,0.17388494000000002,0.22163338,PJMW,AEO2026 Low Oil and Gas Supply
p116,2043,0.27086618,0.23123735,0.18093568999999998,0.23014331999999998,PJMW,AEO2026 Low Oil and Gas Supply
p116,2044,0.28250444,0.24108959,0.18895537999999998,0.23980988,PJMW,AEO2026 Low Oil and Gas Supply
p116,2045,0.29493727,0.25203506000000003,0.19767595,0.25054592,PJMW,AEO2026 Low Oil and Gas Supply
p116,2046,0.30554950999999997,0.26126104,0.20527397,0.25952234,PJMW,AEO2026 Low Oil and Gas Supply
p116,2047,0.31405243,0.26846247,0.21077745,0.26639021,PJMW,AEO2026 Low Oil and Gas Supply
p116,2048,0.32153132999999995,0.27462078,0.21542777999999999,0.27219021,PJMW,AEO2026 Low Oil and Gas Supply
p116,2049,0.33162486999999996,0.28329796,0.22232754,0.28064266,PJMW,AEO2026 Low Oil and Gas Supply
p116,2050,0.3397282,0.29008339,0.22720839,0.28692450999999997,PJMW,AEO2026 Low Oil and Gas Supply
p117,2014,0.15647918,0.13115763,0.10230447,0.13120012,PJMW,AEO2026 Low Oil and Gas Supply
p117,2015,0.15647918,0.13115763,0.10230447,0.13120012,PJMW,AEO2026 Low Oil and Gas Supply
p117,2016,0.15647918,0.13115763,0.10230447,0.13120012,PJMW,AEO2026 Low Oil and Gas Supply
p117,2017,0.15647918,0.13115763,0.10230447,0.13120012,PJMW,AEO2026 Low Oil and Gas Supply
p117,2018,0.15647918,0.13115763,0.10230447,0.13120012,PJMW,AEO2026 Low Oil and Gas Supply
p117,2019,0.15647918,0.13115763,0.10230447,0.13120012,PJMW,AEO2026 Low Oil and Gas Supply
p117,2020,0.15647918,0.13115763,0.10230447,0.13120012,PJMW,AEO2026 Low Oil and Gas Supply
p117,2021,0.15647918,0.13115763,0.10230447,0.13120012,PJMW,AEO2026 Low Oil and Gas Supply
p117,2022,0.15647918,0.13115763,0.10230447,0.13120012,PJMW,AEO2026 Low Oil and Gas Supply
p117,2023,0.15647918,0.13115763,0.10230447,0.13120012,PJMW,AEO2026 Low Oil and Gas Supply
p117,2024,0.15647918,0.13115763,0.10230447,0.13120012,PJMW,AEO2026 Low Oil and Gas Supply
p117,2025,0.15647918,0.13115763,0.10230447,0.13120012,PJMW,AEO2026 Low Oil and Gas Supply
p117,2026,0.16040377,0.13306721,0.10323565,0.1339458,PJMW,AEO2026 Low Oil and Gas Supply
p117,2027,0.16535315,0.13925533,0.10672219,0.1387881,PJMW,AEO2026 Low Oil and Gas Supply
p117,2028,0.17274609000000002,0.14659186,0.11384086,0.14539849999999999,PJMW,AEO2026 Low Oil and Gas Supply
p117,2029,0.18083513,0.15396188,0.12083793999999999,0.15318479999999998,PJMW,AEO2026 Low Oil and Gas Supply
p117,2030,0.19082659,0.16390347,0.12799219,0.16224936,PJMW,AEO2026 Low Oil and Gas Supply
p117,2031,0.20267797,0.17684456,0.13632464,0.17309345,PJMW,AEO2026 Low Oil and Gas Supply
p117,2032,0.20529978,0.17788113,0.13880767,0.17594465,PJMW,AEO2026 Low Oil and Gas Supply
p117,2033,0.21387882000000003,0.18570332,0.14512097000000002,0.18421761,PJMW,AEO2026 Low Oil and Gas Supply
p117,2034,0.21689645999999999,0.18776748999999998,0.14671565,0.18660931000000003,PJMW,AEO2026 Low Oil and Gas Supply
p117,2035,0.22083208,0.19063906,0.14933187,0.18888262,PJMW,AEO2026 Low Oil and Gas Supply
p117,2036,0.22609146,0.19514826,0.15306592,0.19361446000000002,PJMW,AEO2026 Low Oil and Gas Supply
p117,2037,0.22945972,0.19776899,0.15473465,0.1962772,PJMW,AEO2026 Low Oil and Gas Supply
p117,2038,0.23584164000000002,0.20414057,0.15807278,0.20060818000000002,PJMW,AEO2026 Low Oil and Gas Supply
p117,2039,0.23362957,0.19972075,0.15521232,0.19800515999999999,PJMW,AEO2026 Low Oil and Gas Supply
p117,2040,0.24005661,0.20499715999999998,0.15901975000000002,0.20314632,PJMW,AEO2026 Low Oil and Gas Supply
p117,2041,0.24926481,0.21260504000000002,0.16543728000000002,0.21193058,PJMW,AEO2026 Low Oil and Gas Supply
p117,2042,0.26063555,0.22256981,0.17388494000000002,0.22163338,PJMW,AEO2026 Low Oil and Gas Supply
p117,2043,0.27086618,0.23123735,0.18093568999999998,0.23014331999999998,PJMW,AEO2026 Low Oil and Gas Supply
p117,2044,0.28250444,0.24108959,0.18895537999999998,0.23980988,PJMW,AEO2026 Low Oil and Gas Supply
p117,2045,0.29493727,0.25203506000000003,0.19767595,0.25054592,PJMW,AEO2026 Low Oil and Gas Supply
p117,2046,0.30554950999999997,0.26126104,0.20527397,0.25952234,PJMW,AEO2026 Low Oil and Gas Supply
p117,2047,0.31405243,0.26846247,0.21077745,0.26639021,PJMW,AEO2026 Low Oil and Gas Supply
p117,2048,0.32153132999999995,0.27462078,0.21542777999999999,0.27219021,PJMW,AEO2026 Low Oil and Gas Supply
p117,2049,0.33162486999999996,0.28329796,0.22232754,0.28064266,PJMW,AEO2026 Low Oil and Gas Supply
p117,2050,0.3397282,0.29008339,0.22720839,0.28692450999999997,PJMW,AEO2026 Low Oil and Gas Supply
p118,2014,0.15647918,0.13115763,0.10230447,0.13120012,PJMW,AEO2026 Low Oil and Gas Supply
p118,2015,0.15647918,0.13115763,0.10230447,0.13120012,PJMW,AEO2026 Low Oil and Gas Supply
p118,2016,0.15647918,0.13115763,0.10230447,0.13120012,PJMW,AEO2026 Low Oil and Gas Supply
p118,2017,0.15647918,0.13115763,0.10230447,0.13120012,PJMW,AEO2026 Low Oil and Gas Supply
p118,2018,0.15647918,0.13115763,0.10230447,0.13120012,PJMW,AEO2026 Low Oil and Gas Supply
p118,2019,0.15647918,0.13115763,0.10230447,0.13120012,PJMW,AEO2026 Low Oil and Gas Supply
p118,2020,0.15647918,0.13115763,0.10230447,0.13120012,PJMW,AEO2026 Low Oil and Gas Supply
p118,2021,0.15647918,0.13115763,0.10230447,0.13120012,PJMW,AEO2026 Low Oil and Gas Supply
p118,2022,0.15647918,0.13115763,0.10230447,0.13120012,PJMW,AEO2026 Low Oil and Gas Supply
p118,2023,0.15647918,0.13115763,0.10230447,0.13120012,PJMW,AEO2026 Low Oil and Gas Supply
p118,2024,0.15647918,0.13115763,0.10230447,0.13120012,PJMW,AEO2026 Low Oil and Gas Supply
p118,2025,0.15647918,0.13115763,0.10230447,0.13120012,PJMW,AEO2026 Low Oil and Gas Supply
p118,2026,0.16040377,0.13306721,0.10323565,0.1339458,PJMW,AEO2026 Low Oil and Gas Supply
p118,2027,0.16535315,0.13925533,0.10672219,0.1387881,PJMW,AEO2026 Low Oil and Gas Supply
p118,2028,0.17274609000000002,0.14659186,0.11384086,0.14539849999999999,PJMW,AEO2026 Low Oil and Gas Supply
p118,2029,0.18083513,0.15396188,0.12083793999999999,0.15318479999999998,PJMW,AEO2026 Low Oil and Gas Supply
p118,2030,0.19082659,0.16390347,0.12799219,0.16224936,PJMW,AEO2026 Low Oil and Gas Supply
p118,2031,0.20267797,0.17684456,0.13632464,0.17309345,PJMW,AEO2026 Low Oil and Gas Supply
p118,2032,0.20529978,0.17788113,0.13880767,0.17594465,PJMW,AEO2026 Low Oil and Gas Supply
p118,2033,0.21387882000000003,0.18570332,0.14512097000000002,0.18421761,PJMW,AEO2026 Low Oil and Gas Supply
p118,2034,0.21689645999999999,0.18776748999999998,0.14671565,0.18660931000000003,PJMW,AEO2026 Low Oil and Gas Supply
p118,2035,0.22083208,0.19063906,0.14933187,0.18888262,PJMW,AEO2026 Low Oil and Gas Supply
p118,2036,0.22609146,0.19514826,0.15306592,0.19361446000000002,PJMW,AEO2026 Low Oil and Gas Supply
p118,2037,0.22945972,0.19776899,0.15473465,0.1962772,PJMW,AEO2026 Low Oil and Gas Supply
p118,2038,0.23584164000000002,0.20414057,0.15807278,0.20060818000000002,PJMW,AEO2026 Low Oil and Gas Supply
p118,2039,0.23362957,0.19972075,0.15521232,0.19800515999999999,PJMW,AEO2026 Low Oil and Gas Supply
p118,2040,0.24005661,0.20499715999999998,0.15901975000000002,0.20314632,PJMW,AEO2026 Low Oil and Gas Supply
p118,2041,0.24926481,0.21260504000000002,0.16543728000000002,0.21193058,PJMW,AEO2026 Low Oil and Gas Supply
p118,2042,0.26063555,0.22256981,0.17388494000000002,0.22163338,PJMW,AEO2026 Low Oil and Gas Supply
p118,2043,0.27086618,0.23123735,0.18093568999999998,0.23014331999999998,PJMW,AEO2026 Low Oil and Gas Supply
p118,2044,0.28250444,0.24108959,0.18895537999999998,0.23980988,PJMW,AEO2026 Low Oil and Gas Supply
p118,2045,0.29493727,0.25203506000000003,0.19767595,0.25054592,PJMW,AEO2026 Low Oil and Gas Supply
p118,2046,0.30554950999999997,0.26126104,0.20527397,0.25952234,PJMW,AEO2026 Low Oil and Gas Supply
p118,2047,0.31405243,0.26846247,0.21077745,0.26639021,PJMW,AEO2026 Low Oil and Gas Supply
p118,2048,0.32153132999999995,0.27462078,0.21542777999999999,0.27219021,PJMW,AEO2026 Low Oil and Gas Supply
p118,2049,0.33162486999999996,0.28329796,0.22232754,0.28064266,PJMW,AEO2026 Low Oil and Gas Supply
p118,2050,0.3397282,0.29008339,0.22720839,0.28692450999999997,PJMW,AEO2026 Low Oil and Gas Supply
p119,2014,0.17942501,0.14900945,0.12094147,0.1410101,PJME,AEO2026 Low Oil and Gas Supply
p119,2015,0.17942501,0.14900945,0.12094147,0.1410101,PJME,AEO2026 Low Oil and Gas Supply
p119,2016,0.17942501,0.14900945,0.12094147,0.1410101,PJME,AEO2026 Low Oil and Gas Supply
p119,2017,0.17942501,0.14900945,0.12094147,0.1410101,PJME,AEO2026 Low Oil and Gas Supply
p119,2018,0.17942501,0.14900945,0.12094147,0.1410101,PJME,AEO2026 Low Oil and Gas Supply
p119,2019,0.17942501,0.14900945,0.12094147,0.1410101,PJME,AEO2026 Low Oil and Gas Supply
p119,2020,0.17942501,0.14900945,0.12094147,0.1410101,PJME,AEO2026 Low Oil and Gas Supply
p119,2021,0.17942501,0.14900945,0.12094147,0.1410101,PJME,AEO2026 Low Oil and Gas Supply
p119,2022,0.17942501,0.14900945,0.12094147,0.1410101,PJME,AEO2026 Low Oil and Gas Supply
p119,2023,0.17942501,0.14900945,0.12094147,0.1410101,PJME,AEO2026 Low Oil and Gas Supply
p119,2024,0.17942501,0.14900945,0.12094147,0.1410101,PJME,AEO2026 Low Oil and Gas Supply
p119,2025,0.17942501,0.14900945,0.12094147,0.1410101,PJME,AEO2026 Low Oil and Gas Supply
p119,2026,0.17850864000000002,0.14819004,0.11809475000000001,0.13892684,PJME,AEO2026 Low Oil and Gas Supply
p119,2027,0.18928070000000002,0.15772378,0.12465623,0.1461609,PJME,AEO2026 Low Oil and Gas Supply
p119,2028,0.20429317000000002,0.17201275,0.13624836,0.15913325,PJME,AEO2026 Low Oil and Gas Supply
p119,2029,0.21637814,0.18287319,0.14668837,0.17042190999999998,PJME,AEO2026 Low Oil and Gas Supply
p119,2030,0.22468758,0.19064541,0.15302355,0.17797256,PJME,AEO2026 Low Oil and Gas Supply
p119,2031,0.24192606000000003,0.20890664999999997,0.16500729,0.19171623000000002,PJME,AEO2026 Low Oil and Gas Supply
p119,2032,0.24805204,0.21414406,0.17104677,0.19852224,PJME,AEO2026 Low Oil and Gas Supply
p119,2033,0.25757551,0.22271036,0.17888801999999998,0.20694532,PJME,AEO2026 Low Oil and Gas Supply
p119,2034,0.26138926,0.22592162999999998,0.18135725,0.2104035,PJME,AEO2026 Low Oil and Gas Supply
p119,2035,0.2680164,0.23172996999999998,0.18632946,0.2162649,PJME,AEO2026 Low Oil and Gas Supply
p119,2036,0.27632452,0.23919579,0.19266966,0.22350957999999999,PJME,AEO2026 Low Oil and Gas Supply
p119,2037,0.28351959,0.24486750000000002,0.19683544,0.22862465,PJME,AEO2026 Low Oil and Gas Supply
p119,2038,0.29741133000000003,0.25828552,0.20440968,0.23776684,PJME,AEO2026 Low Oil and Gas Supply
p119,2039,0.29079691,0.24894483999999997,0.19810194,0.23269628999999997,PJME,AEO2026 Low Oil and Gas Supply
p119,2040,0.29746609,0.25406221,0.20179318999999998,0.23778536,PJME,AEO2026 Low Oil and Gas Supply
p119,2041,0.30930230999999997,0.26392185,0.2103134,0.24619033999999998,PJME,AEO2026 Low Oil and Gas Supply
p119,2042,0.32410198,0.27679241,0.22120993,0.25831871,PJME,AEO2026 Low Oil and Gas Supply
p119,2043,0.33592758000000006,0.28636398,0.229023,0.26701038,PJME,AEO2026 Low Oil and Gas Supply
p119,2044,0.3484605,0.29680922,0.23760498,0.27675688,PJME,AEO2026 Low Oil and Gas Supply
p119,2045,0.36224339,0.3082692,0.24699553000000002,0.28700323,PJME,AEO2026 Low Oil and Gas Supply
p119,2046,0.37588303,0.31978582,0.2563394,0.29791262,PJME,AEO2026 Low Oil and Gas Supply
p119,2047,0.38796997,0.32956116,0.26399326,0.30689333,PJME,AEO2026 Low Oil and Gas Supply
p119,2048,0.39900803,0.33865882999999997,0.27059673,0.31586416,PJME,AEO2026 Low Oil and Gas Supply
p119,2049,0.41156086000000003,0.34881702,0.2787855,0.32525108,PJME,AEO2026 Low Oil and Gas Supply
p119,2050,0.42359501,0.35824261,0.28573503,0.33298275,PJME,AEO2026 Low Oil and Gas Supply
p120,2014,0.15647918,0.13115763,0.10230447,0.13120012,PJMW,AEO2026 Low Oil and Gas Supply
p120,2015,0.15647918,0.13115763,0.10230447,0.13120012,PJMW,AEO2026 Low Oil and Gas Supply
p120,2016,0.15647918,0.13115763,0.10230447,0.13120012,PJMW,AEO2026 Low Oil and Gas Supply
p120,2017,0.15647918,0.13115763,0.10230447,0.13120012,PJMW,AEO2026 Low Oil and Gas Supply
p120,2018,0.15647918,0.13115763,0.10230447,0.13120012,PJMW,AEO2026 Low Oil and Gas Supply
p120,2019,0.15647918,0.13115763,0.10230447,0.13120012,PJMW,AEO2026 Low Oil and Gas Supply
p120,2020,0.15647918,0.13115763,0.10230447,0.13120012,PJMW,AEO2026 Low Oil and Gas Supply
p120,2021,0.15647918,0.13115763,0.10230447,0.13120012,PJMW,AEO2026 Low Oil and Gas Supply
p120,2022,0.15647918,0.13115763,0.10230447,0.13120012,PJMW,AEO2026 Low Oil and Gas Supply
p120,2023,0.15647918,0.13115763,0.10230447,0.13120012,PJMW,AEO2026 Low Oil and Gas Supply
p120,2024,0.15647918,0.13115763,0.10230447,0.13120012,PJMW,AEO2026 Low Oil and Gas Supply
p120,2025,0.15647918,0.13115763,0.10230447,0.13120012,PJMW,AEO2026 Low Oil and Gas Supply
p120,2026,0.16040377,0.13306721,0.10323565,0.1339458,PJMW,AEO2026 Low Oil and Gas Supply
p120,2027,0.16535315,0.13925533,0.10672219,0.1387881,PJMW,AEO2026 Low Oil and Gas Supply
p120,2028,0.17274609000000002,0.14659186,0.11384086,0.14539849999999999,PJMW,AEO2026 Low Oil and Gas Supply
p120,2029,0.18083513,0.15396188,0.12083793999999999,0.15318479999999998,PJMW,AEO2026 Low Oil and Gas Supply
p120,2030,0.19082659,0.16390347,0.12799219,0.16224936,PJMW,AEO2026 Low Oil and Gas Supply
p120,2031,0.20267797,0.17684456,0.13632464,0.17309345,PJMW,AEO2026 Low Oil and Gas Supply
p120,2032,0.20529978,0.17788113,0.13880767,0.17594465,PJMW,AEO2026 Low Oil and Gas Supply
p120,2033,0.21387882000000003,0.18570332,0.14512097000000002,0.18421761,PJMW,AEO2026 Low Oil and Gas Supply
p120,2034,0.21689645999999999,0.18776748999999998,0.14671565,0.18660931000000003,PJMW,AEO2026 Low Oil and Gas Supply
p120,2035,0.22083208,0.19063906,0.14933187,0.18888262,PJMW,AEO2026 Low Oil and Gas Supply
p120,2036,0.22609146,0.19514826,0.15306592,0.19361446000000002,PJMW,AEO2026 Low Oil and Gas Supply
p120,2037,0.22945972,0.19776899,0.15473465,0.1962772,PJMW,AEO2026 Low Oil and Gas Supply
p120,2038,0.23584164000000002,0.20414057,0.15807278,0.20060818000000002,PJMW,AEO2026 Low Oil and Gas Supply
p120,2039,0.23362957,0.19972075,0.15521232,0.19800515999999999,PJMW,AEO2026 Low Oil and Gas Supply
p120,2040,0.24005661,0.20499715999999998,0.15901975000000002,0.20314632,PJMW,AEO2026 Low Oil and Gas Supply
p120,2041,0.24926481,0.21260504000000002,0.16543728000000002,0.21193058,PJMW,AEO2026 Low Oil and Gas Supply
p120,2042,0.26063555,0.22256981,0.17388494000000002,0.22163338,PJMW,AEO2026 Low Oil and Gas Supply
p120,2043,0.27086618,0.23123735,0.18093568999999998,0.23014331999999998,PJMW,AEO2026 Low Oil and Gas Supply
p120,2044,0.28250444,0.24108959,0.18895537999999998,0.23980988,PJMW,AEO2026 Low Oil and Gas Supply
p120,2045,0.29493727,0.25203506000000003,0.19767595,0.25054592,PJMW,AEO2026 Low Oil and Gas Supply
p120,2046,0.30554950999999997,0.26126104,0.20527397,0.25952234,PJMW,AEO2026 Low Oil and Gas Supply
p120,2047,0.31405243,0.26846247,0.21077745,0.26639021,PJMW,AEO2026 Low Oil and Gas Supply
p120,2048,0.32153132999999995,0.27462078,0.21542777999999999,0.27219021,PJMW,AEO2026 Low Oil and Gas Supply
p120,2049,0.33162486999999996,0.28329796,0.22232754,0.28064266,PJMW,AEO2026 Low Oil and Gas Supply
p120,2050,0.3397282,0.29008339,0.22720839,0.28692450999999997,PJMW,AEO2026 Low Oil and Gas Supply
p121,2014,0.15647918,0.13115763,0.10230447,0.13120012,PJMW,AEO2026 Low Oil and Gas Supply
p121,2015,0.15647918,0.13115763,0.10230447,0.13120012,PJMW,AEO2026 Low Oil and Gas Supply
p121,2016,0.15647918,0.13115763,0.10230447,0.13120012,PJMW,AEO2026 Low Oil and Gas Supply
p121,2017,0.15647918,0.13115763,0.10230447,0.13120012,PJMW,AEO2026 Low Oil and Gas Supply
p121,2018,0.15647918,0.13115763,0.10230447,0.13120012,PJMW,AEO2026 Low Oil and Gas Supply
p121,2019,0.15647918,0.13115763,0.10230447,0.13120012,PJMW,AEO2026 Low Oil and Gas Supply
p121,2020,0.15647918,0.13115763,0.10230447,0.13120012,PJMW,AEO2026 Low Oil and Gas Supply
p121,2021,0.15647918,0.13115763,0.10230447,0.13120012,PJMW,AEO2026 Low Oil and Gas Supply
p121,2022,0.15647918,0.13115763,0.10230447,0.13120012,PJMW,AEO2026 Low Oil and Gas Supply
p121,2023,0.15647918,0.13115763,0.10230447,0.13120012,PJMW,AEO2026 Low Oil and Gas Supply
p121,2024,0.15647918,0.13115763,0.10230447,0.13120012,PJMW,AEO2026 Low Oil and Gas Supply
p121,2025,0.15647918,0.13115763,0.10230447,0.13120012,PJMW,AEO2026 Low Oil and Gas Supply
p121,2026,0.16040377,0.13306721,0.10323565,0.1339458,PJMW,AEO2026 Low Oil and Gas Supply
p121,2027,0.16535315,0.13925533,0.10672219,0.1387881,PJMW,AEO2026 Low Oil and Gas Supply
p121,2028,0.17274609000000002,0.14659186,0.11384086,0.14539849999999999,PJMW,AEO2026 Low Oil and Gas Supply
p121,2029,0.18083513,0.15396188,0.12083793999999999,0.15318479999999998,PJMW,AEO2026 Low Oil and Gas Supply
p121,2030,0.19082659,0.16390347,0.12799219,0.16224936,PJMW,AEO2026 Low Oil and Gas Supply
p121,2031,0.20267797,0.17684456,0.13632464,0.17309345,PJMW,AEO2026 Low Oil and Gas Supply
p121,2032,0.20529978,0.17788113,0.13880767,0.17594465,PJMW,AEO2026 Low Oil and Gas Supply
p121,2033,0.21387882000000003,0.18570332,0.14512097000000002,0.18421761,PJMW,AEO2026 Low Oil and Gas Supply
p121,2034,0.21689645999999999,0.18776748999999998,0.14671565,0.18660931000000003,PJMW,AEO2026 Low Oil and Gas Supply
p121,2035,0.22083208,0.19063906,0.14933187,0.18888262,PJMW,AEO2026 Low Oil and Gas Supply
p121,2036,0.22609146,0.19514826,0.15306592,0.19361446000000002,PJMW,AEO2026 Low Oil and Gas Supply
p121,2037,0.22945972,0.19776899,0.15473465,0.1962772,PJMW,AEO2026 Low Oil and Gas Supply
p121,2038,0.23584164000000002,0.20414057,0.15807278,0.20060818000000002,PJMW,AEO2026 Low Oil and Gas Supply
p121,2039,0.23362957,0.19972075,0.15521232,0.19800515999999999,PJMW,AEO2026 Low Oil and Gas Supply
p121,2040,0.24005661,0.20499715999999998,0.15901975000000002,0.20314632,PJMW,AEO2026 Low Oil and Gas Supply
p121,2041,0.24926481,0.21260504000000002,0.16543728000000002,0.21193058,PJMW,AEO2026 Low Oil and Gas Supply
p121,2042,0.26063555,0.22256981,0.17388494000000002,0.22163338,PJMW,AEO2026 Low Oil and Gas Supply
p121,2043,0.27086618,0.23123735,0.18093568999999998,0.23014331999999998,PJMW,AEO2026 Low Oil and Gas Supply
p121,2044,0.28250444,0.24108959,0.18895537999999998,0.23980988,PJMW,AEO2026 Low Oil and Gas Supply
p121,2045,0.29493727,0.25203506000000003,0.19767595,0.25054592,PJMW,AEO2026 Low Oil and Gas Supply
p121,2046,0.30554950999999997,0.26126104,0.20527397,0.25952234,PJMW,AEO2026 Low Oil and Gas Supply
p121,2047,0.31405243,0.26846247,0.21077745,0.26639021,PJMW,AEO2026 Low Oil and Gas Supply
p121,2048,0.32153132999999995,0.27462078,0.21542777999999999,0.27219021,PJMW,AEO2026 Low Oil and Gas Supply
p121,2049,0.33162486999999996,0.28329796,0.22232754,0.28064266,PJMW,AEO2026 Low Oil and Gas Supply
p121,2050,0.3397282,0.29008339,0.22720839,0.28692450999999997,PJMW,AEO2026 Low Oil and Gas Supply
p122,2014,0.15647918,0.13115763,0.10230447,0.13120012,PJMW,AEO2026 Low Oil and Gas Supply
p122,2015,0.15647918,0.13115763,0.10230447,0.13120012,PJMW,AEO2026 Low Oil and Gas Supply
p122,2016,0.15647918,0.13115763,0.10230447,0.13120012,PJMW,AEO2026 Low Oil and Gas Supply
p122,2017,0.15647918,0.13115763,0.10230447,0.13120012,PJMW,AEO2026 Low Oil and Gas Supply
p122,2018,0.15647918,0.13115763,0.10230447,0.13120012,PJMW,AEO2026 Low Oil and Gas Supply
p122,2019,0.15647918,0.13115763,0.10230447,0.13120012,PJMW,AEO2026 Low Oil and Gas Supply
p122,2020,0.15647918,0.13115763,0.10230447,0.13120012,PJMW,AEO2026 Low Oil and Gas Supply
p122,2021,0.15647918,0.13115763,0.10230447,0.13120012,PJMW,AEO2026 Low Oil and Gas Supply
p122,2022,0.15647918,0.13115763,0.10230447,0.13120012,PJMW,AEO2026 Low Oil and Gas Supply
p122,2023,0.15647918,0.13115763,0.10230447,0.13120012,PJMW,AEO2026 Low Oil and Gas Supply
p122,2024,0.15647918,0.13115763,0.10230447,0.13120012,PJMW,AEO2026 Low Oil and Gas Supply
p122,2025,0.15647918,0.13115763,0.10230447,0.13120012,PJMW,AEO2026 Low Oil and Gas Supply
p122,2026,0.16040377,0.13306721,0.10323565,0.1339458,PJMW,AEO2026 Low Oil and Gas Supply
p122,2027,0.16535315,0.13925533,0.10672219,0.1387881,PJMW,AEO2026 Low Oil and Gas Supply
p122,2028,0.17274609000000002,0.14659186,0.11384086,0.14539849999999999,PJMW,AEO2026 Low Oil and Gas Supply
p122,2029,0.18083513,0.15396188,0.12083793999999999,0.15318479999999998,PJMW,AEO2026 Low Oil and Gas Supply
p122,2030,0.19082659,0.16390347,0.12799219,0.16224936,PJMW,AEO2026 Low Oil and Gas Supply
p122,2031,0.20267797,0.17684456,0.13632464,0.17309345,PJMW,AEO2026 Low Oil and Gas Supply
p122,2032,0.20529978,0.17788113,0.13880767,0.17594465,PJMW,AEO2026 Low Oil and Gas Supply
p122,2033,0.21387882000000003,0.18570332,0.14512097000000002,0.18421761,PJMW,AEO2026 Low Oil and Gas Supply
p122,2034,0.21689645999999999,0.18776748999999998,0.14671565,0.18660931000000003,PJMW,AEO2026 Low Oil and Gas Supply
p122,2035,0.22083208,0.19063906,0.14933187,0.18888262,PJMW,AEO2026 Low Oil and Gas Supply
p122,2036,0.22609146,0.19514826,0.15306592,0.19361446000000002,PJMW,AEO2026 Low Oil and Gas Supply
p122,2037,0.22945972,0.19776899,0.15473465,0.1962772,PJMW,AEO2026 Low Oil and Gas Supply
p122,2038,0.23584164000000002,0.20414057,0.15807278,0.20060818000000002,PJMW,AEO2026 Low Oil and Gas Supply
p122,2039,0.23362957,0.19972075,0.15521232,0.19800515999999999,PJMW,AEO2026 Low Oil and Gas Supply
p122,2040,0.24005661,0.20499715999999998,0.15901975000000002,0.20314632,PJMW,AEO2026 Low Oil and Gas Supply
p122,2041,0.24926481,0.21260504000000002,0.16543728000000002,0.21193058,PJMW,AEO2026 Low Oil and Gas Supply
p122,2042,0.26063555,0.22256981,0.17388494000000002,0.22163338,PJMW,AEO2026 Low Oil and Gas Supply
p122,2043,0.27086618,0.23123735,0.18093568999999998,0.23014331999999998,PJMW,AEO2026 Low Oil and Gas Supply
p122,2044,0.28250444,0.24108959,0.18895537999999998,0.23980988,PJMW,AEO2026 Low Oil and Gas Supply
p122,2045,0.29493727,0.25203506000000003,0.19767595,0.25054592,PJMW,AEO2026 Low Oil and Gas Supply
p122,2046,0.30554950999999997,0.26126104,0.20527397,0.25952234,PJMW,AEO2026 Low Oil and Gas Supply
p122,2047,0.31405243,0.26846247,0.21077745,0.26639021,PJMW,AEO2026 Low Oil and Gas Supply
p122,2048,0.32153132999999995,0.27462078,0.21542777999999999,0.27219021,PJMW,AEO2026 Low Oil and Gas Supply
p122,2049,0.33162486999999996,0.28329796,0.22232754,0.28064266,PJMW,AEO2026 Low Oil and Gas Supply
p122,2050,0.3397282,0.29008339,0.22720839,0.28692450999999997,PJMW,AEO2026 Low Oil and Gas Supply
p123,2014,0.17942501,0.14900945,0.12094147,0.1410101,PJME,AEO2026 Low Oil and Gas Supply
p123,2015,0.17942501,0.14900945,0.12094147,0.1410101,PJME,AEO2026 Low Oil and Gas Supply
p123,2016,0.17942501,0.14900945,0.12094147,0.1410101,PJME,AEO2026 Low Oil and Gas Supply
p123,2017,0.17942501,0.14900945,0.12094147,0.1410101,PJME,AEO2026 Low Oil and Gas Supply
p123,2018,0.17942501,0.14900945,0.12094147,0.1410101,PJME,AEO2026 Low Oil and Gas Supply
p123,2019,0.17942501,0.14900945,0.12094147,0.1410101,PJME,AEO2026 Low Oil and Gas Supply
p123,2020,0.17942501,0.14900945,0.12094147,0.1410101,PJME,AEO2026 Low Oil and Gas Supply
p123,2021,0.17942501,0.14900945,0.12094147,0.1410101,PJME,AEO2026 Low Oil and Gas Supply
p123,2022,0.17942501,0.14900945,0.12094147,0.1410101,PJME,AEO2026 Low Oil and Gas Supply
p123,2023,0.17942501,0.14900945,0.12094147,0.1410101,PJME,AEO2026 Low Oil and Gas Supply
p123,2024,0.17942501,0.14900945,0.12094147,0.1410101,PJME,AEO2026 Low Oil and Gas Supply
p123,2025,0.17942501,0.14900945,0.12094147,0.1410101,PJME,AEO2026 Low Oil and Gas Supply
p123,2026,0.17850864000000002,0.14819004,0.11809475000000001,0.13892684,PJME,AEO2026 Low Oil and Gas Supply
p123,2027,0.18928070000000002,0.15772378,0.12465623,0.1461609,PJME,AEO2026 Low Oil and Gas Supply
p123,2028,0.20429317000000002,0.17201275,0.13624836,0.15913325,PJME,AEO2026 Low Oil and Gas Supply
p123,2029,0.21637814,0.18287319,0.14668837,0.17042190999999998,PJME,AEO2026 Low Oil and Gas Supply
p123,2030,0.22468758,0.19064541,0.15302355,0.17797256,PJME,AEO2026 Low Oil and Gas Supply
p123,2031,0.24192606000000003,0.20890664999999997,0.16500729,0.19171623000000002,PJME,AEO2026 Low Oil and Gas Supply
p123,2032,0.24805204,0.21414406,0.17104677,0.19852224,PJME,AEO2026 Low Oil and Gas Supply
p123,2033,0.25757551,0.22271036,0.17888801999999998,0.20694532,PJME,AEO2026 Low Oil and Gas Supply
p123,2034,0.26138926,0.22592162999999998,0.18135725,0.2104035,PJME,AEO2026 Low Oil and Gas Supply
p123,2035,0.2680164,0.23172996999999998,0.18632946,0.2162649,PJME,AEO2026 Low Oil and Gas Supply
p123,2036,0.27632452,0.23919579,0.19266966,0.22350957999999999,PJME,AEO2026 Low Oil and Gas Supply
p123,2037,0.28351959,0.24486750000000002,0.19683544,0.22862465,PJME,AEO2026 Low Oil and Gas Supply
p123,2038,0.29741133000000003,0.25828552,0.20440968,0.23776684,PJME,AEO2026 Low Oil and Gas Supply
p123,2039,0.29079691,0.24894483999999997,0.19810194,0.23269628999999997,PJME,AEO2026 Low Oil and Gas Supply
p123,2040,0.29746609,0.25406221,0.20179318999999998,0.23778536,PJME,AEO2026 Low Oil and Gas Supply
p123,2041,0.30930230999999997,0.26392185,0.2103134,0.24619033999999998,PJME,AEO2026 Low Oil and Gas Supply
p123,2042,0.32410198,0.27679241,0.22120993,0.25831871,PJME,AEO2026 Low Oil and Gas Supply
p123,2043,0.33592758000000006,0.28636398,0.229023,0.26701038,PJME,AEO2026 Low Oil and Gas Supply
p123,2044,0.3484605,0.29680922,0.23760498,0.27675688,PJME,AEO2026 Low Oil and Gas Supply
p123,2045,0.36224339,0.3082692,0.24699553000000002,0.28700323,PJME,AEO2026 Low Oil and Gas Supply
p123,2046,0.37588303,0.31978582,0.2563394,0.29791262,PJME,AEO2026 Low Oil and Gas Supply
p123,2047,0.38796997,0.32956116,0.26399326,0.30689333,PJME,AEO2026 Low Oil and Gas Supply
p123,2048,0.39900803,0.33865882999999997,0.27059673,0.31586416,PJME,AEO2026 Low Oil and Gas Supply
p123,2049,0.41156086000000003,0.34881702,0.2787855,0.32525108,PJME,AEO2026 Low Oil and Gas Supply
p123,2050,0.42359501,0.35824261,0.28573503,0.33298275,PJME,AEO2026 Low Oil and Gas Supply
p124,2014,0.17942501,0.14900945,0.12094147,0.1410101,PJME,AEO2026 Low Oil and Gas Supply
p124,2015,0.17942501,0.14900945,0.12094147,0.1410101,PJME,AEO2026 Low Oil and Gas Supply
p124,2016,0.17942501,0.14900945,0.12094147,0.1410101,PJME,AEO2026 Low Oil and Gas Supply
p124,2017,0.17942501,0.14900945,0.12094147,0.1410101,PJME,AEO2026 Low Oil and Gas Supply
p124,2018,0.17942501,0.14900945,0.12094147,0.1410101,PJME,AEO2026 Low Oil and Gas Supply
p124,2019,0.17942501,0.14900945,0.12094147,0.1410101,PJME,AEO2026 Low Oil and Gas Supply
p124,2020,0.17942501,0.14900945,0.12094147,0.1410101,PJME,AEO2026 Low Oil and Gas Supply
p124,2021,0.17942501,0.14900945,0.12094147,0.1410101,PJME,AEO2026 Low Oil and Gas Supply
p124,2022,0.17942501,0.14900945,0.12094147,0.1410101,PJME,AEO2026 Low Oil and Gas Supply
p124,2023,0.17942501,0.14900945,0.12094147,0.1410101,PJME,AEO2026 Low Oil and Gas Supply
p124,2024,0.17942501,0.14900945,0.12094147,0.1410101,PJME,AEO2026 Low Oil and Gas Supply
p124,2025,0.17942501,0.14900945,0.12094147,0.1410101,PJME,AEO2026 Low Oil and Gas Supply
p124,2026,0.17850864000000002,0.14819004,0.11809475000000001,0.13892684,PJME,AEO2026 Low Oil and Gas Supply
p124,2027,0.18928070000000002,0.15772378,0.12465623,0.1461609,PJME,AEO2026 Low Oil and Gas Supply
p124,2028,0.20429317000000002,0.17201275,0.13624836,0.15913325,PJME,AEO2026 Low Oil and Gas Supply
p124,2029,0.21637814,0.18287319,0.14668837,0.17042190999999998,PJME,AEO2026 Low Oil and Gas Supply
p124,2030,0.22468758,0.19064541,0.15302355,0.17797256,PJME,AEO2026 Low Oil and Gas Supply
p124,2031,0.24192606000000003,0.20890664999999997,0.16500729,0.19171623000000002,PJME,AEO2026 Low Oil and Gas Supply
p124,2032,0.24805204,0.21414406,0.17104677,0.19852224,PJME,AEO2026 Low Oil and Gas Supply
p124,2033,0.25757551,0.22271036,0.17888801999999998,0.20694532,PJME,AEO2026 Low Oil and Gas Supply
p124,2034,0.26138926,0.22592162999999998,0.18135725,0.2104035,PJME,AEO2026 Low Oil and Gas Supply
p124,2035,0.2680164,0.23172996999999998,0.18632946,0.2162649,PJME,AEO2026 Low Oil and Gas Supply
p124,2036,0.27632452,0.23919579,0.19266966,0.22350957999999999,PJME,AEO2026 Low Oil and Gas Supply
p124,2037,0.28351959,0.24486750000000002,0.19683544,0.22862465,PJME,AEO2026 Low Oil and Gas Supply
p124,2038,0.29741133000000003,0.25828552,0.20440968,0.23776684,PJME,AEO2026 Low Oil and Gas Supply
p124,2039,0.29079691,0.24894483999999997,0.19810194,0.23269628999999997,PJME,AEO2026 Low Oil and Gas Supply
p124,2040,0.29746609,0.25406221,0.20179318999999998,0.23778536,PJME,AEO2026 Low Oil and Gas Supply
p124,2041,0.30930230999999997,0.26392185,0.2103134,0.24619033999999998,PJME,AEO2026 Low Oil and Gas Supply
p124,2042,0.32410198,0.27679241,0.22120993,0.25831871,PJME,AEO2026 Low Oil and Gas Supply
p124,2043,0.33592758000000006,0.28636398,0.229023,0.26701038,PJME,AEO2026 Low Oil and Gas Supply
p124,2044,0.3484605,0.29680922,0.23760498,0.27675688,PJME,AEO2026 Low Oil and Gas Supply
p124,2045,0.36224339,0.3082692,0.24699553000000002,0.28700323,PJME,AEO2026 Low Oil and Gas Supply
p124,2046,0.37588303,0.31978582,0.2563394,0.29791262,PJME,AEO2026 Low Oil and Gas Supply
p124,2047,0.38796997,0.32956116,0.26399326,0.30689333,PJME,AEO2026 Low Oil and Gas Supply
p124,2048,0.39900803,0.33865882999999997,0.27059673,0.31586416,PJME,AEO2026 Low Oil and Gas Supply
p124,2049,0.41156086000000003,0.34881702,0.2787855,0.32525108,PJME,AEO2026 Low Oil and Gas Supply
p124,2050,0.42359501,0.35824261,0.28573503,0.33298275,PJME,AEO2026 Low Oil and Gas Supply
p125,2014,0.17942501,0.14900945,0.12094147,0.1410101,PJME,AEO2026 Low Oil and Gas Supply
p125,2015,0.17942501,0.14900945,0.12094147,0.1410101,PJME,AEO2026 Low Oil and Gas Supply
p125,2016,0.17942501,0.14900945,0.12094147,0.1410101,PJME,AEO2026 Low Oil and Gas Supply
p125,2017,0.17942501,0.14900945,0.12094147,0.1410101,PJME,AEO2026 Low Oil and Gas Supply
p125,2018,0.17942501,0.14900945,0.12094147,0.1410101,PJME,AEO2026 Low Oil and Gas Supply
p125,2019,0.17942501,0.14900945,0.12094147,0.1410101,PJME,AEO2026 Low Oil and Gas Supply
p125,2020,0.17942501,0.14900945,0.12094147,0.1410101,PJME,AEO2026 Low Oil and Gas Supply
p125,2021,0.17942501,0.14900945,0.12094147,0.1410101,PJME,AEO2026 Low Oil and Gas Supply
p125,2022,0.17942501,0.14900945,0.12094147,0.1410101,PJME,AEO2026 Low Oil and Gas Supply
p125,2023,0.17942501,0.14900945,0.12094147,0.1410101,PJME,AEO2026 Low Oil and Gas Supply
p125,2024,0.17942501,0.14900945,0.12094147,0.1410101,PJME,AEO2026 Low Oil and Gas Supply
p125,2025,0.17942501,0.14900945,0.12094147,0.1410101,PJME,AEO2026 Low Oil and Gas Supply
p125,2026,0.17850864000000002,0.14819004,0.11809475000000001,0.13892684,PJME,AEO2026 Low Oil and Gas Supply
p125,2027,0.18928070000000002,0.15772378,0.12465623,0.1461609,PJME,AEO2026 Low Oil and Gas Supply
p125,2028,0.20429317000000002,0.17201275,0.13624836,0.15913325,PJME,AEO2026 Low Oil and Gas Supply
p125,2029,0.21637814,0.18287319,0.14668837,0.17042190999999998,PJME,AEO2026 Low Oil and Gas Supply
p125,2030,0.22468758,0.19064541,0.15302355,0.17797256,PJME,AEO2026 Low Oil and Gas Supply
p125,2031,0.24192606000000003,0.20890664999999997,0.16500729,0.19171623000000002,PJME,AEO2026 Low Oil and Gas Supply
p125,2032,0.24805204,0.21414406,0.17104677,0.19852224,PJME,AEO2026 Low Oil and Gas Supply
p125,2033,0.25757551,0.22271036,0.17888801999999998,0.20694532,PJME,AEO2026 Low Oil and Gas Supply
p125,2034,0.26138926,0.22592162999999998,0.18135725,0.2104035,PJME,AEO2026 Low Oil and Gas Supply
p125,2035,0.2680164,0.23172996999999998,0.18632946,0.2162649,PJME,AEO2026 Low Oil and Gas Supply
p125,2036,0.27632452,0.23919579,0.19266966,0.22350957999999999,PJME,AEO2026 Low Oil and Gas Supply
p125,2037,0.28351959,0.24486750000000002,0.19683544,0.22862465,PJME,AEO2026 Low Oil and Gas Supply
p125,2038,0.29741133000000003,0.25828552,0.20440968,0.23776684,PJME,AEO2026 Low Oil and Gas Supply
p125,2039,0.29079691,0.24894483999999997,0.19810194,0.23269628999999997,PJME,AEO2026 Low Oil and Gas Supply
p125,2040,0.29746609,0.25406221,0.20179318999999998,0.23778536,PJME,AEO2026 Low Oil and Gas Supply
p125,2041,0.30930230999999997,0.26392185,0.2103134,0.24619033999999998,PJME,AEO2026 Low Oil and Gas Supply
p125,2042,0.32410198,0.27679241,0.22120993,0.25831871,PJME,AEO2026 Low Oil and Gas Supply
p125,2043,0.33592758000000006,0.28636398,0.229023,0.26701038,PJME,AEO2026 Low Oil and Gas Supply
p125,2044,0.3484605,0.29680922,0.23760498,0.27675688,PJME,AEO2026 Low Oil and Gas Supply
p125,2045,0.36224339,0.3082692,0.24699553000000002,0.28700323,PJME,AEO2026 Low Oil and Gas Supply
p125,2046,0.37588303,0.31978582,0.2563394,0.29791262,PJME,AEO2026 Low Oil and Gas Supply
p125,2047,0.38796997,0.32956116,0.26399326,0.30689333,PJME,AEO2026 Low Oil and Gas Supply
p125,2048,0.39900803,0.33865882999999997,0.27059673,0.31586416,PJME,AEO2026 Low Oil and Gas Supply
p125,2049,0.41156086000000003,0.34881702,0.2787855,0.32525108,PJME,AEO2026 Low Oil and Gas Supply
p125,2050,0.42359501,0.35824261,0.28573503,0.33298275,PJME,AEO2026 Low Oil and Gas Supply
p126,2014,0.17942501,0.14900945,0.12094147,0.1410101,PJME,AEO2026 Low Oil and Gas Supply
p126,2015,0.17942501,0.14900945,0.12094147,0.1410101,PJME,AEO2026 Low Oil and Gas Supply
p126,2016,0.17942501,0.14900945,0.12094147,0.1410101,PJME,AEO2026 Low Oil and Gas Supply
p126,2017,0.17942501,0.14900945,0.12094147,0.1410101,PJME,AEO2026 Low Oil and Gas Supply
p126,2018,0.17942501,0.14900945,0.12094147,0.1410101,PJME,AEO2026 Low Oil and Gas Supply
p126,2019,0.17942501,0.14900945,0.12094147,0.1410101,PJME,AEO2026 Low Oil and Gas Supply
p126,2020,0.17942501,0.14900945,0.12094147,0.1410101,PJME,AEO2026 Low Oil and Gas Supply
p126,2021,0.17942501,0.14900945,0.12094147,0.1410101,PJME,AEO2026 Low Oil and Gas Supply
p126,2022,0.17942501,0.14900945,0.12094147,0.1410101,PJME,AEO2026 Low Oil and Gas Supply
p126,2023,0.17942501,0.14900945,0.12094147,0.1410101,PJME,AEO2026 Low Oil and Gas Supply
p126,2024,0.17942501,0.14900945,0.12094147,0.1410101,PJME,AEO2026 Low Oil and Gas Supply
p126,2025,0.17942501,0.14900945,0.12094147,0.1410101,PJME,AEO2026 Low Oil and Gas Supply
p126,2026,0.17850864000000002,0.14819004,0.11809475000000001,0.13892684,PJME,AEO2026 Low Oil and Gas Supply
p126,2027,0.18928070000000002,0.15772378,0.12465623,0.1461609,PJME,AEO2026 Low Oil and Gas Supply
p126,2028,0.20429317000000002,0.17201275,0.13624836,0.15913325,PJME,AEO2026 Low Oil and Gas Supply
p126,2029,0.21637814,0.18287319,0.14668837,0.17042190999999998,PJME,AEO2026 Low Oil and Gas Supply
p126,2030,0.22468758,0.19064541,0.15302355,0.17797256,PJME,AEO2026 Low Oil and Gas Supply
p126,2031,0.24192606000000003,0.20890664999999997,0.16500729,0.19171623000000002,PJME,AEO2026 Low Oil and Gas Supply
p126,2032,0.24805204,0.21414406,0.17104677,0.19852224,PJME,AEO2026 Low Oil and Gas Supply
p126,2033,0.25757551,0.22271036,0.17888801999999998,0.20694532,PJME,AEO2026 Low Oil and Gas Supply
p126,2034,0.26138926,0.22592162999999998,0.18135725,0.2104035,PJME,AEO2026 Low Oil and Gas Supply
p126,2035,0.2680164,0.23172996999999998,0.18632946,0.2162649,PJME,AEO2026 Low Oil and Gas Supply
p126,2036,0.27632452,0.23919579,0.19266966,0.22350957999999999,PJME,AEO2026 Low Oil and Gas Supply
p126,2037,0.28351959,0.24486750000000002,0.19683544,0.22862465,PJME,AEO2026 Low Oil and Gas Supply
p126,2038,0.29741133000000003,0.25828552,0.20440968,0.23776684,PJME,AEO2026 Low Oil and Gas Supply
p126,2039,0.29079691,0.24894483999999997,0.19810194,0.23269628999999997,PJME,AEO2026 Low Oil and Gas Supply
p126,2040,0.29746609,0.25406221,0.20179318999999998,0.23778536,PJME,AEO2026 Low Oil and Gas Supply
p126,2041,0.30930230999999997,0.26392185,0.2103134,0.24619033999999998,PJME,AEO2026 Low Oil and Gas Supply
p126,2042,0.32410198,0.27679241,0.22120993,0.25831871,PJME,AEO2026 Low Oil and Gas Supply
p126,2043,0.33592758000000006,0.28636398,0.229023,0.26701038,PJME,AEO2026 Low Oil and Gas Supply
p126,2044,0.3484605,0.29680922,0.23760498,0.27675688,PJME,AEO2026 Low Oil and Gas Supply
p126,2045,0.36224339,0.3082692,0.24699553000000002,0.28700323,PJME,AEO2026 Low Oil and Gas Supply
p126,2046,0.37588303,0.31978582,0.2563394,0.29791262,PJME,AEO2026 Low Oil and Gas Supply
p126,2047,0.38796997,0.32956116,0.26399326,0.30689333,PJME,AEO2026 Low Oil and Gas Supply
p126,2048,0.39900803,0.33865882999999997,0.27059673,0.31586416,PJME,AEO2026 Low Oil and Gas Supply
p126,2049,0.41156086000000003,0.34881702,0.2787855,0.32525108,PJME,AEO2026 Low Oil and Gas Supply
p126,2050,0.42359501,0.35824261,0.28573503,0.33298275,PJME,AEO2026 Low Oil and Gas Supply
p127,2014,0.20549552999999998,0.16404982,0.13521136,0.15560941,NYUP,AEO2026 Low Oil and Gas Supply
p127,2015,0.20549552999999998,0.16404982,0.13521136,0.15560941,NYUP,AEO2026 Low Oil and Gas Supply
p127,2016,0.20549552999999998,0.16404982,0.13521136,0.15560941,NYUP,AEO2026 Low Oil and Gas Supply
p127,2017,0.20549552999999998,0.16404982,0.13521136,0.15560941,NYUP,AEO2026 Low Oil and Gas Supply
p127,2018,0.20549552999999998,0.16404982,0.13521136,0.15560941,NYUP,AEO2026 Low Oil and Gas Supply
p127,2019,0.20549552999999998,0.16404982,0.13521136,0.15560941,NYUP,AEO2026 Low Oil and Gas Supply
p127,2020,0.20549552999999998,0.16404982,0.13521136,0.15560941,NYUP,AEO2026 Low Oil and Gas Supply
p127,2021,0.20549552999999998,0.16404982,0.13521136,0.15560941,NYUP,AEO2026 Low Oil and Gas Supply
p127,2022,0.20549552999999998,0.16404982,0.13521136,0.15560941,NYUP,AEO2026 Low Oil and Gas Supply
p127,2023,0.20549552999999998,0.16404982,0.13521136,0.15560941,NYUP,AEO2026 Low Oil and Gas Supply
p127,2024,0.20549552999999998,0.16404982,0.13521136,0.15560941,NYUP,AEO2026 Low Oil and Gas Supply
p127,2025,0.20549552999999998,0.16404982,0.13521136,0.15560941,NYUP,AEO2026 Low Oil and Gas Supply
p127,2026,0.2167691,0.17613969999999998,0.14470258,0.16606179999999998,NYUP,AEO2026 Low Oil and Gas Supply
p127,2027,0.21870802,0.17730347,0.14294763,0.16466974,NYUP,AEO2026 Low Oil and Gas Supply
p127,2028,0.22294588,0.18053947,0.14426614000000001,0.1672847,NYUP,AEO2026 Low Oil and Gas Supply
p127,2029,0.23658197,0.19370871999999997,0.15557773,0.17992634,NYUP,AEO2026 Low Oil and Gas Supply
p127,2030,0.2419754,0.19852768,0.15895448,0.18422339999999998,NYUP,AEO2026 Low Oil and Gas Supply
p127,2031,0.24608107,0.20342089000000002,0.16115338999999998,0.18739695,NYUP,AEO2026 Low Oil and Gas Supply
p127,2032,0.25719481,0.21444893,0.17075941,0.19892026999999998,NYUP,AEO2026 Low Oil and Gas Supply
p127,2033,0.26665653,0.22355133,0.17865639000000003,0.20763067,NYUP,AEO2026 Low Oil and Gas Supply
p127,2034,0.2711211,0.22756001999999997,0.18152691,0.21139791,NYUP,AEO2026 Low Oil and Gas Supply
p127,2035,0.27734911,0.23307652,0.18605848000000003,0.21682465,NYUP,AEO2026 Low Oil and Gas Supply
p127,2036,0.28550602,0.24059004,0.19216322000000002,0.22373940999999997,NYUP,AEO2026 Low Oil and Gas Supply
p127,2037,0.29525478,0.24957809,0.1980908,0.23031763000000002,NYUP,AEO2026 Low Oil and Gas Supply
p127,2038,0.30813303000000003,0.26227821,0.20526276,0.23624578,NYUP,AEO2026 Low Oil and Gas Supply
p127,2039,0.31177023,0.2638146,0.2060709,0.2381731,NYUP,AEO2026 Low Oil and Gas Supply
p127,2040,0.32037903,0.27108551,0.2112446,0.24414701,NYUP,AEO2026 Low Oil and Gas Supply
p127,2041,0.33398876,0.28320166,0.22106586,0.25500038,NYUP,AEO2026 Low Oil and Gas Supply
p127,2042,0.35096264,0.29921373,0.23364882,0.26983406,NYUP,AEO2026 Low Oil and Gas Supply
p127,2043,0.36325111,0.31010139,0.24197811000000002,0.28078836,NYUP,AEO2026 Low Oil and Gas Supply
p127,2044,0.3753854,0.32218979,0.25063868,0.29077091,NYUP,AEO2026 Low Oil and Gas Supply
p127,2045,0.39043606,0.33533245,0.26119646,0.30257511000000004,NYUP,AEO2026 Low Oil and Gas Supply
p127,2046,0.40549255,0.34899258000000005,0.27177687,0.31463875,NYUP,AEO2026 Low Oil and Gas Supply
p127,2047,0.41856022000000004,0.36018154,0.27998017999999997,0.32383389,NYUP,AEO2026 Low Oil and Gas Supply
p127,2048,0.43042088,0.37046593,0.28714075,0.3323325,NYUP,AEO2026 Low Oil and Gas Supply
p127,2049,0.44270020000000004,0.38091380999999996,0.29500978,0.34148258,NYUP,AEO2026 Low Oil and Gas Supply
p127,2050,0.45092827,0.38746150999999995,0.2986981,0.34637226,NYUP,AEO2026 Low Oil and Gas Supply
p128,2014,0.31411947,0.2350313,0.25754721,0.22616758,NYCW,AEO2026 Low Oil and Gas Supply
p128,2015,0.31411947,0.2350313,0.25754721,0.22616758,NYCW,AEO2026 Low Oil and Gas Supply
p128,2016,0.31411947,0.2350313,0.25754721,0.22616758,NYCW,AEO2026 Low Oil and Gas Supply
p128,2017,0.31411947,0.2350313,0.25754721,0.22616758,NYCW,AEO2026 Low Oil and Gas Supply
p128,2018,0.31411947,0.2350313,0.25754721,0.22616758,NYCW,AEO2026 Low Oil and Gas Supply
p128,2019,0.31411947,0.2350313,0.25754721,0.22616758,NYCW,AEO2026 Low Oil and Gas Supply
p128,2020,0.31411947,0.2350313,0.25754721,0.22616758,NYCW,AEO2026 Low Oil and Gas Supply
p128,2021,0.31411947,0.2350313,0.25754721,0.22616758,NYCW,AEO2026 Low Oil and Gas Supply
p128,2022,0.31411947,0.2350313,0.25754721,0.22616758,NYCW,AEO2026 Low Oil and Gas Supply
p128,2023,0.31411947,0.2350313,0.25754721,0.22616758,NYCW,AEO2026 Low Oil and Gas Supply
p128,2024,0.31411947,0.2350313,0.25754721,0.22616758,NYCW,AEO2026 Low Oil and Gas Supply
p128,2025,0.31411947,0.2350313,0.25754721,0.22616758,NYCW,AEO2026 Low Oil and Gas Supply
p128,2026,0.33332676,0.25265991,0.27819927,0.24060976,NYCW,AEO2026 Low Oil and Gas Supply
p128,2027,0.34429648999999996,0.26118705999999997,0.28528202,0.24444088,NYCW,AEO2026 Low Oil and Gas Supply
p128,2028,0.35627781,0.26996960000000003,0.29736197000000003,0.25210115,NYCW,AEO2026 Low Oil and Gas Supply
p128,2029,0.37431572,0.28609756000000003,0.31699818,0.26728479,NYCW,AEO2026 Low Oil and Gas Supply
p128,2030,0.38405838000000003,0.29433748000000004,0.32841259,0.27449715,NYCW,AEO2026 Low Oil and Gas Supply
p128,2031,0.39451649000000005,0.30494272,0.33975517000000005,0.28115547,NYCW,AEO2026 Low Oil and Gas Supply
p128,2032,0.40552963,0.3136171,0.35470001,0.29116428,NYCW,AEO2026 Low Oil and Gas Supply
p128,2033,0.42298771,0.33138424,0.37470665,0.30597946,NYCW,AEO2026 Low Oil and Gas Supply
p128,2034,0.43475441,0.3422839,0.38835163,0.31459526,NYCW,AEO2026 Low Oil and Gas Supply
p128,2035,0.44037384,0.34492558,0.39711460000000004,0.3189204,NYCW,AEO2026 Low Oil and Gas Supply
p128,2036,0.45600861000000004,0.35939579,0.41345627,0.33063126,NYCW,AEO2026 Low Oil and Gas Supply
p128,2037,0.46612392,0.36668446000000005,0.4239888,0.33710838000000004,NYCW,AEO2026 Low Oil and Gas Supply
p128,2038,0.48159115,0.38166637000000003,0.4379985,0.34628498,NYCW,AEO2026 Low Oil and Gas Supply
p128,2039,0.48465812999999996,0.37886634999999996,0.44330597,0.34706505,NYCW,AEO2026 Low Oil and Gas Supply
p128,2040,0.49685684,0.38737621,0.4564164,0.35438156,NYCW,AEO2026 Low Oil and Gas Supply
p128,2041,0.51630116,0.40296886,0.47664898,0.36831379,NYCW,AEO2026 Low Oil and Gas Supply
p128,2042,0.53868046,0.42136082,0.50023342,0.38480942,NYCW,AEO2026 Low Oil and Gas Supply
p128,2043,0.55821358,0.43633586999999996,0.52109978,0.39823279999999994,NYCW,AEO2026 Low Oil and Gas Supply
p128,2044,0.57812069,0.45171356,0.5420694,0.41156693,NYCW,AEO2026 Low Oil and Gas Supply
p128,2045,0.60018291,0.46864868000000004,0.56436672,0.42622261,NYCW,AEO2026 Low Oil and Gas Supply
p128,2046,0.62314415,0.48700485,0.58793926,0.44208988,NYCW,AEO2026 Low Oil and Gas Supply
p128,2047,0.6425779699999999,0.50142475,0.60729164,0.4546529,NYCW,AEO2026 Low Oil and Gas Supply
p128,2048,0.6623434399999999,0.51686058,0.62701275,0.46721882000000003,NYCW,AEO2026 Low Oil and Gas Supply
p128,2049,0.6765219899999999,0.5249324,0.64295898,0.47616256999999995,NYCW,AEO2026 Low Oil and Gas Supply
p128,2050,0.69412003,0.5385743000000001,0.66004379,0.48602791,NYCW,AEO2026 Low Oil and Gas Supply
p129,2014,0.27836468,0.23740101,0.19512485999999998,0.22684946,ISNE,AEO2026 Low Oil and Gas Supply
p129,2015,0.27836468,0.23740101,0.19512485999999998,0.22684946,ISNE,AEO2026 Low Oil and Gas Supply
p129,2016,0.27836468,0.23740101,0.19512485999999998,0.22684946,ISNE,AEO2026 Low Oil and Gas Supply
p129,2017,0.27836468,0.23740101,0.19512485999999998,0.22684946,ISNE,AEO2026 Low Oil and Gas Supply
p129,2018,0.27836468,0.23740101,0.19512485999999998,0.22684946,ISNE,AEO2026 Low Oil and Gas Supply
p129,2019,0.27836468,0.23740101,0.19512485999999998,0.22684946,ISNE,AEO2026 Low Oil and Gas Supply
p129,2020,0.27836468,0.23740101,0.19512485999999998,0.22684946,ISNE,AEO2026 Low Oil and Gas Supply
p129,2021,0.27836468,0.23740101,0.19512485999999998,0.22684946,ISNE,AEO2026 Low Oil and Gas Supply
p129,2022,0.27836468,0.23740101,0.19512485999999998,0.22684946,ISNE,AEO2026 Low Oil and Gas Supply
p129,2023,0.27836468,0.23740101,0.19512485999999998,0.22684946,ISNE,AEO2026 Low Oil and Gas Supply
p129,2024,0.27836468,0.23740101,0.19512485999999998,0.22684946,ISNE,AEO2026 Low Oil and Gas Supply
p129,2025,0.27836468,0.23740101,0.19512485999999998,0.22684946,ISNE,AEO2026 Low Oil and Gas Supply
p129,2026,0.28655237,0.2502758,0.20239485,0.23481451,ISNE,AEO2026 Low Oil and Gas Supply
p129,2027,0.28802114,0.25053232000000003,0.19794478999999998,0.2302187,ISNE,AEO2026 Low Oil and Gas Supply
p129,2028,0.28968401,0.25277441,0.19706790999999999,0.23035737999999997,ISNE,AEO2026 Low Oil and Gas Supply
p129,2029,0.30383382999999997,0.26859563999999997,0.20907328,0.24344666,ISNE,AEO2026 Low Oil and Gas Supply
p129,2030,0.31081291,0.27588097,0.21341543000000002,0.24919285,ISNE,AEO2026 Low Oil and Gas Supply
p129,2031,0.31500042,0.28101934,0.21567242,0.2526577,ISNE,AEO2026 Low Oil and Gas Supply
p129,2032,0.32831837,0.29766203,0.22723880999999999,0.26497957,ISNE,AEO2026 Low Oil and Gas Supply
p129,2033,0.33716373,0.30772177,0.23467394,0.27347561,ISNE,AEO2026 Low Oil and Gas Supply
p129,2034,0.34249722,0.31393763,0.23842358,0.27826252,ISNE,AEO2026 Low Oil and Gas Supply
p129,2035,0.34929401,0.32167709,0.24362068,0.28446665,ISNE,AEO2026 Low Oil and Gas Supply
p129,2036,0.35701701999999996,0.32997962999999997,0.24943863,0.29139761,ISNE,AEO2026 Low Oil and Gas Supply
p129,2037,0.36499434999999997,0.3384959,0.25484665,0.29790964,ISNE,AEO2026 Low Oil and Gas Supply
p129,2038,0.37625473,0.35544415,0.26179869,0.30552828000000004,ISNE,AEO2026 Low Oil and Gas Supply
p129,2039,0.38135605,0.36129925,0.26368057,0.30866884,ISNE,AEO2026 Low Oil and Gas Supply
p129,2040,0.38971573,0.36995911,0.26873283000000003,0.31508127,ISNE,AEO2026 Low Oil and Gas Supply
p129,2041,0.4016153,0.38243301,0.27683652999999997,0.32459221,ISNE,AEO2026 Low Oil and Gas Supply
p129,2042,0.41540615000000003,0.39644863,0.28662529,0.33590054,ISNE,AEO2026 Low Oil and Gas Supply
p129,2043,0.42879738,0.41017612,0.29561041,0.34666386000000005,ISNE,AEO2026 Low Oil and Gas Supply
p129,2044,0.44093227,0.42130413,0.30264261000000003,0.35504219,ISNE,AEO2026 Low Oil and Gas Supply
p129,2045,0.453162,0.43198647,0.30943041,0.36313957,ISNE,AEO2026 Low Oil and Gas Supply
p129,2046,0.46762348000000004,0.44565273,0.31832705,0.37329642999999996,ISNE,AEO2026 Low Oil and Gas Supply
p129,2047,0.48179985000000003,0.45918327,0.32658465999999997,0.38292358,ISNE,AEO2026 Low Oil and Gas Supply
p129,2048,0.49574436,0.47300331,0.33430553,0.39204025000000003,ISNE,AEO2026 Low Oil and Gas Supply
p129,2049,0.50981392,0.48580437000000004,0.34269669,0.40190376,ISNE,AEO2026 Low Oil and Gas Supply
p129,2050,0.5220295,0.49731441,0.34856491,0.40918788999999994,ISNE,AEO2026 Low Oil and Gas Supply
p130,2014,0.27836468,0.23740101,0.19512485999999998,0.22684946,ISNE,AEO2026 Low Oil and Gas Supply
p130,2015,0.27836468,0.23740101,0.19512485999999998,0.22684946,ISNE,AEO2026 Low Oil and Gas Supply
p130,2016,0.27836468,0.23740101,0.19512485999999998,0.22684946,ISNE,AEO2026 Low Oil and Gas Supply
p130,2017,0.27836468,0.23740101,0.19512485999999998,0.22684946,ISNE,AEO2026 Low Oil and Gas Supply
p130,2018,0.27836468,0.23740101,0.19512485999999998,0.22684946,ISNE,AEO2026 Low Oil and Gas Supply
p130,2019,0.27836468,0.23740101,0.19512485999999998,0.22684946,ISNE,AEO2026 Low Oil and Gas Supply
p130,2020,0.27836468,0.23740101,0.19512485999999998,0.22684946,ISNE,AEO2026 Low Oil and Gas Supply
p130,2021,0.27836468,0.23740101,0.19512485999999998,0.22684946,ISNE,AEO2026 Low Oil and Gas Supply
p130,2022,0.27836468,0.23740101,0.19512485999999998,0.22684946,ISNE,AEO2026 Low Oil and Gas Supply
p130,2023,0.27836468,0.23740101,0.19512485999999998,0.22684946,ISNE,AEO2026 Low Oil and Gas Supply
p130,2024,0.27836468,0.23740101,0.19512485999999998,0.22684946,ISNE,AEO2026 Low Oil and Gas Supply
p130,2025,0.27836468,0.23740101,0.19512485999999998,0.22684946,ISNE,AEO2026 Low Oil and Gas Supply
p130,2026,0.28655237,0.2502758,0.20239485,0.23481451,ISNE,AEO2026 Low Oil and Gas Supply
p130,2027,0.28802114,0.25053232000000003,0.19794478999999998,0.2302187,ISNE,AEO2026 Low Oil and Gas Supply
p130,2028,0.28968401,0.25277441,0.19706790999999999,0.23035737999999997,ISNE,AEO2026 Low Oil and Gas Supply
p130,2029,0.30383382999999997,0.26859563999999997,0.20907328,0.24344666,ISNE,AEO2026 Low Oil and Gas Supply
p130,2030,0.31081291,0.27588097,0.21341543000000002,0.24919285,ISNE,AEO2026 Low Oil and Gas Supply
p130,2031,0.31500042,0.28101934,0.21567242,0.2526577,ISNE,AEO2026 Low Oil and Gas Supply
p130,2032,0.32831837,0.29766203,0.22723880999999999,0.26497957,ISNE,AEO2026 Low Oil and Gas Supply
p130,2033,0.33716373,0.30772177,0.23467394,0.27347561,ISNE,AEO2026 Low Oil and Gas Supply
p130,2034,0.34249722,0.31393763,0.23842358,0.27826252,ISNE,AEO2026 Low Oil and Gas Supply
p130,2035,0.34929401,0.32167709,0.24362068,0.28446665,ISNE,AEO2026 Low Oil and Gas Supply
p130,2036,0.35701701999999996,0.32997962999999997,0.24943863,0.29139761,ISNE,AEO2026 Low Oil and Gas Supply
p130,2037,0.36499434999999997,0.3384959,0.25484665,0.29790964,ISNE,AEO2026 Low Oil and Gas Supply
p130,2038,0.37625473,0.35544415,0.26179869,0.30552828000000004,ISNE,AEO2026 Low Oil and Gas Supply
p130,2039,0.38135605,0.36129925,0.26368057,0.30866884,ISNE,AEO2026 Low Oil and Gas Supply
p130,2040,0.38971573,0.36995911,0.26873283000000003,0.31508127,ISNE,AEO2026 Low Oil and Gas Supply
p130,2041,0.4016153,0.38243301,0.27683652999999997,0.32459221,ISNE,AEO2026 Low Oil and Gas Supply
p130,2042,0.41540615000000003,0.39644863,0.28662529,0.33590054,ISNE,AEO2026 Low Oil and Gas Supply
p130,2043,0.42879738,0.41017612,0.29561041,0.34666386000000005,ISNE,AEO2026 Low Oil and Gas Supply
p130,2044,0.44093227,0.42130413,0.30264261000000003,0.35504219,ISNE,AEO2026 Low Oil and Gas Supply
p130,2045,0.453162,0.43198647,0.30943041,0.36313957,ISNE,AEO2026 Low Oil and Gas Supply
p130,2046,0.46762348000000004,0.44565273,0.31832705,0.37329642999999996,ISNE,AEO2026 Low Oil and Gas Supply
p130,2047,0.48179985000000003,0.45918327,0.32658465999999997,0.38292358,ISNE,AEO2026 Low Oil and Gas Supply
p130,2048,0.49574436,0.47300331,0.33430553,0.39204025000000003,ISNE,AEO2026 Low Oil and Gas Supply
p130,2049,0.50981392,0.48580437000000004,0.34269669,0.40190376,ISNE,AEO2026 Low Oil and Gas Supply
p130,2050,0.5220295,0.49731441,0.34856491,0.40918788999999994,ISNE,AEO2026 Low Oil and Gas Supply
p131,2014,0.27836468,0.23740101,0.19512485999999998,0.22684946,ISNE,AEO2026 Low Oil and Gas Supply
p131,2015,0.27836468,0.23740101,0.19512485999999998,0.22684946,ISNE,AEO2026 Low Oil and Gas Supply
p131,2016,0.27836468,0.23740101,0.19512485999999998,0.22684946,ISNE,AEO2026 Low Oil and Gas Supply
p131,2017,0.27836468,0.23740101,0.19512485999999998,0.22684946,ISNE,AEO2026 Low Oil and Gas Supply
p131,2018,0.27836468,0.23740101,0.19512485999999998,0.22684946,ISNE,AEO2026 Low Oil and Gas Supply
p131,2019,0.27836468,0.23740101,0.19512485999999998,0.22684946,ISNE,AEO2026 Low Oil and Gas Supply
p131,2020,0.27836468,0.23740101,0.19512485999999998,0.22684946,ISNE,AEO2026 Low Oil and Gas Supply
p131,2021,0.27836468,0.23740101,0.19512485999999998,0.22684946,ISNE,AEO2026 Low Oil and Gas Supply
p131,2022,0.27836468,0.23740101,0.19512485999999998,0.22684946,ISNE,AEO2026 Low Oil and Gas Supply
p131,2023,0.27836468,0.23740101,0.19512485999999998,0.22684946,ISNE,AEO2026 Low Oil and Gas Supply
p131,2024,0.27836468,0.23740101,0.19512485999999998,0.22684946,ISNE,AEO2026 Low Oil and Gas Supply
p131,2025,0.27836468,0.23740101,0.19512485999999998,0.22684946,ISNE,AEO2026 Low Oil and Gas Supply
p131,2026,0.28655237,0.2502758,0.20239485,0.23481451,ISNE,AEO2026 Low Oil and Gas Supply
p131,2027,0.28802114,0.25053232000000003,0.19794478999999998,0.2302187,ISNE,AEO2026 Low Oil and Gas Supply
p131,2028,0.28968401,0.25277441,0.19706790999999999,0.23035737999999997,ISNE,AEO2026 Low Oil and Gas Supply
p131,2029,0.30383382999999997,0.26859563999999997,0.20907328,0.24344666,ISNE,AEO2026 Low Oil and Gas Supply
p131,2030,0.31081291,0.27588097,0.21341543000000002,0.24919285,ISNE,AEO2026 Low Oil and Gas Supply
p131,2031,0.31500042,0.28101934,0.21567242,0.2526577,ISNE,AEO2026 Low Oil and Gas Supply
p131,2032,0.32831837,0.29766203,0.22723880999999999,0.26497957,ISNE,AEO2026 Low Oil and Gas Supply
p131,2033,0.33716373,0.30772177,0.23467394,0.27347561,ISNE,AEO2026 Low Oil and Gas Supply
p131,2034,0.34249722,0.31393763,0.23842358,0.27826252,ISNE,AEO2026 Low Oil and Gas Supply
p131,2035,0.34929401,0.32167709,0.24362068,0.28446665,ISNE,AEO2026 Low Oil and Gas Supply
p131,2036,0.35701701999999996,0.32997962999999997,0.24943863,0.29139761,ISNE,AEO2026 Low Oil and Gas Supply
p131,2037,0.36499434999999997,0.3384959,0.25484665,0.29790964,ISNE,AEO2026 Low Oil and Gas Supply
p131,2038,0.37625473,0.35544415,0.26179869,0.30552828000000004,ISNE,AEO2026 Low Oil and Gas Supply
p131,2039,0.38135605,0.36129925,0.26368057,0.30866884,ISNE,AEO2026 Low Oil and Gas Supply
p131,2040,0.38971573,0.36995911,0.26873283000000003,0.31508127,ISNE,AEO2026 Low Oil and Gas Supply
p131,2041,0.4016153,0.38243301,0.27683652999999997,0.32459221,ISNE,AEO2026 Low Oil and Gas Supply
p131,2042,0.41540615000000003,0.39644863,0.28662529,0.33590054,ISNE,AEO2026 Low Oil and Gas Supply
p131,2043,0.42879738,0.41017612,0.29561041,0.34666386000000005,ISNE,AEO2026 Low Oil and Gas Supply
p131,2044,0.44093227,0.42130413,0.30264261000000003,0.35504219,ISNE,AEO2026 Low Oil and Gas Supply
p131,2045,0.453162,0.43198647,0.30943041,0.36313957,ISNE,AEO2026 Low Oil and Gas Supply
p131,2046,0.46762348000000004,0.44565273,0.31832705,0.37329642999999996,ISNE,AEO2026 Low Oil and Gas Supply
p131,2047,0.48179985000000003,0.45918327,0.32658465999999997,0.38292358,ISNE,AEO2026 Low Oil and Gas Supply
p131,2048,0.49574436,0.47300331,0.33430553,0.39204025000000003,ISNE,AEO2026 Low Oil and Gas Supply
p131,2049,0.50981392,0.48580437000000004,0.34269669,0.40190376,ISNE,AEO2026 Low Oil and Gas Supply
p131,2050,0.5220295,0.49731441,0.34856491,0.40918788999999994,ISNE,AEO2026 Low Oil and Gas Supply
p132,2014,0.27836468,0.23740101,0.19512485999999998,0.22684946,ISNE,AEO2026 Low Oil and Gas Supply
p132,2015,0.27836468,0.23740101,0.19512485999999998,0.22684946,ISNE,AEO2026 Low Oil and Gas Supply
p132,2016,0.27836468,0.23740101,0.19512485999999998,0.22684946,ISNE,AEO2026 Low Oil and Gas Supply
p132,2017,0.27836468,0.23740101,0.19512485999999998,0.22684946,ISNE,AEO2026 Low Oil and Gas Supply
p132,2018,0.27836468,0.23740101,0.19512485999999998,0.22684946,ISNE,AEO2026 Low Oil and Gas Supply
p132,2019,0.27836468,0.23740101,0.19512485999999998,0.22684946,ISNE,AEO2026 Low Oil and Gas Supply
p132,2020,0.27836468,0.23740101,0.19512485999999998,0.22684946,ISNE,AEO2026 Low Oil and Gas Supply
p132,2021,0.27836468,0.23740101,0.19512485999999998,0.22684946,ISNE,AEO2026 Low Oil and Gas Supply
p132,2022,0.27836468,0.23740101,0.19512485999999998,0.22684946,ISNE,AEO2026 Low Oil and Gas Supply
p132,2023,0.27836468,0.23740101,0.19512485999999998,0.22684946,ISNE,AEO2026 Low Oil and Gas Supply
p132,2024,0.27836468,0.23740101,0.19512485999999998,0.22684946,ISNE,AEO2026 Low Oil and Gas Supply
p132,2025,0.27836468,0.23740101,0.19512485999999998,0.22684946,ISNE,AEO2026 Low Oil and Gas Supply
p132,2026,0.28655237,0.2502758,0.20239485,0.23481451,ISNE,AEO2026 Low Oil and Gas Supply
p132,2027,0.28802114,0.25053232000000003,0.19794478999999998,0.2302187,ISNE,AEO2026 Low Oil and Gas Supply
p132,2028,0.28968401,0.25277441,0.19706790999999999,0.23035737999999997,ISNE,AEO2026 Low Oil and Gas Supply
p132,2029,0.30383382999999997,0.26859563999999997,0.20907328,0.24344666,ISNE,AEO2026 Low Oil and Gas Supply
p132,2030,0.31081291,0.27588097,0.21341543000000002,0.24919285,ISNE,AEO2026 Low Oil and Gas Supply
p132,2031,0.31500042,0.28101934,0.21567242,0.2526577,ISNE,AEO2026 Low Oil and Gas Supply
p132,2032,0.32831837,0.29766203,0.22723880999999999,0.26497957,ISNE,AEO2026 Low Oil and Gas Supply
p132,2033,0.33716373,0.30772177,0.23467394,0.27347561,ISNE,AEO2026 Low Oil and Gas Supply
p132,2034,0.34249722,0.31393763,0.23842358,0.27826252,ISNE,AEO2026 Low Oil and Gas Supply
p132,2035,0.34929401,0.32167709,0.24362068,0.28446665,ISNE,AEO2026 Low Oil and Gas Supply
p132,2036,0.35701701999999996,0.32997962999999997,0.24943863,0.29139761,ISNE,AEO2026 Low Oil and Gas Supply
p132,2037,0.36499434999999997,0.3384959,0.25484665,0.29790964,ISNE,AEO2026 Low Oil and Gas Supply
p132,2038,0.37625473,0.35544415,0.26179869,0.30552828000000004,ISNE,AEO2026 Low Oil and Gas Supply
p132,2039,0.38135605,0.36129925,0.26368057,0.30866884,ISNE,AEO2026 Low Oil and Gas Supply
p132,2040,0.38971573,0.36995911,0.26873283000000003,0.31508127,ISNE,AEO2026 Low Oil and Gas Supply
p132,2041,0.4016153,0.38243301,0.27683652999999997,0.32459221,ISNE,AEO2026 Low Oil and Gas Supply
p132,2042,0.41540615000000003,0.39644863,0.28662529,0.33590054,ISNE,AEO2026 Low Oil and Gas Supply
p132,2043,0.42879738,0.41017612,0.29561041,0.34666386000000005,ISNE,AEO2026 Low Oil and Gas Supply
p132,2044,0.44093227,0.42130413,0.30264261000000003,0.35504219,ISNE,AEO2026 Low Oil and Gas Supply
p132,2045,0.453162,0.43198647,0.30943041,0.36313957,ISNE,AEO2026 Low Oil and Gas Supply
p132,2046,0.46762348000000004,0.44565273,0.31832705,0.37329642999999996,ISNE,AEO2026 Low Oil and Gas Supply
p132,2047,0.48179985000000003,0.45918327,0.32658465999999997,0.38292358,ISNE,AEO2026 Low Oil and Gas Supply
p132,2048,0.49574436,0.47300331,0.33430553,0.39204025000000003,ISNE,AEO2026 Low Oil and Gas Supply
p132,2049,0.50981392,0.48580437000000004,0.34269669,0.40190376,ISNE,AEO2026 Low Oil and Gas Supply
p132,2050,0.5220295,0.49731441,0.34856491,0.40918788999999994,ISNE,AEO2026 Low Oil and Gas Supply
p133,2014,0.27836468,0.23740101,0.19512485999999998,0.22684946,ISNE,AEO2026 Low Oil and Gas Supply
p133,2015,0.27836468,0.23740101,0.19512485999999998,0.22684946,ISNE,AEO2026 Low Oil and Gas Supply
p133,2016,0.27836468,0.23740101,0.19512485999999998,0.22684946,ISNE,AEO2026 Low Oil and Gas Supply
p133,2017,0.27836468,0.23740101,0.19512485999999998,0.22684946,ISNE,AEO2026 Low Oil and Gas Supply
p133,2018,0.27836468,0.23740101,0.19512485999999998,0.22684946,ISNE,AEO2026 Low Oil and Gas Supply
p133,2019,0.27836468,0.23740101,0.19512485999999998,0.22684946,ISNE,AEO2026 Low Oil and Gas Supply
p133,2020,0.27836468,0.23740101,0.19512485999999998,0.22684946,ISNE,AEO2026 Low Oil and Gas Supply
p133,2021,0.27836468,0.23740101,0.19512485999999998,0.22684946,ISNE,AEO2026 Low Oil and Gas Supply
p133,2022,0.27836468,0.23740101,0.19512485999999998,0.22684946,ISNE,AEO2026 Low Oil and Gas Supply
p133,2023,0.27836468,0.23740101,0.19512485999999998,0.22684946,ISNE,AEO2026 Low Oil and Gas Supply
p133,2024,0.27836468,0.23740101,0.19512485999999998,0.22684946,ISNE,AEO2026 Low Oil and Gas Supply
p133,2025,0.27836468,0.23740101,0.19512485999999998,0.22684946,ISNE,AEO2026 Low Oil and Gas Supply
p133,2026,0.28655237,0.2502758,0.20239485,0.23481451,ISNE,AEO2026 Low Oil and Gas Supply
p133,2027,0.28802114,0.25053232000000003,0.19794478999999998,0.2302187,ISNE,AEO2026 Low Oil and Gas Supply
p133,2028,0.28968401,0.25277441,0.19706790999999999,0.23035737999999997,ISNE,AEO2026 Low Oil and Gas Supply
p133,2029,0.30383382999999997,0.26859563999999997,0.20907328,0.24344666,ISNE,AEO2026 Low Oil and Gas Supply
p133,2030,0.31081291,0.27588097,0.21341543000000002,0.24919285,ISNE,AEO2026 Low Oil and Gas Supply
p133,2031,0.31500042,0.28101934,0.21567242,0.2526577,ISNE,AEO2026 Low Oil and Gas Supply
p133,2032,0.32831837,0.29766203,0.22723880999999999,0.26497957,ISNE,AEO2026 Low Oil and Gas Supply
p133,2033,0.33716373,0.30772177,0.23467394,0.27347561,ISNE,AEO2026 Low Oil and Gas Supply
p133,2034,0.34249722,0.31393763,0.23842358,0.27826252,ISNE,AEO2026 Low Oil and Gas Supply
p133,2035,0.34929401,0.32167709,0.24362068,0.28446665,ISNE,AEO2026 Low Oil and Gas Supply
p133,2036,0.35701701999999996,0.32997962999999997,0.24943863,0.29139761,ISNE,AEO2026 Low Oil and Gas Supply
p133,2037,0.36499434999999997,0.3384959,0.25484665,0.29790964,ISNE,AEO2026 Low Oil and Gas Supply
p133,2038,0.37625473,0.35544415,0.26179869,0.30552828000000004,ISNE,AEO2026 Low Oil and Gas Supply
p133,2039,0.38135605,0.36129925,0.26368057,0.30866884,ISNE,AEO2026 Low Oil and Gas Supply
p133,2040,0.38971573,0.36995911,0.26873283000000003,0.31508127,ISNE,AEO2026 Low Oil and Gas Supply
p133,2041,0.4016153,0.38243301,0.27683652999999997,0.32459221,ISNE,AEO2026 Low Oil and Gas Supply
p133,2042,0.41540615000000003,0.39644863,0.28662529,0.33590054,ISNE,AEO2026 Low Oil and Gas Supply
p133,2043,0.42879738,0.41017612,0.29561041,0.34666386000000005,ISNE,AEO2026 Low Oil and Gas Supply
p133,2044,0.44093227,0.42130413,0.30264261000000003,0.35504219,ISNE,AEO2026 Low Oil and Gas Supply
p133,2045,0.453162,0.43198647,0.30943041,0.36313957,ISNE,AEO2026 Low Oil and Gas Supply
p133,2046,0.46762348000000004,0.44565273,0.31832705,0.37329642999999996,ISNE,AEO2026 Low Oil and Gas Supply
p133,2047,0.48179985000000003,0.45918327,0.32658465999999997,0.38292358,ISNE,AEO2026 Low Oil and Gas Supply
p133,2048,0.49574436,0.47300331,0.33430553,0.39204025000000003,ISNE,AEO2026 Low Oil and Gas Supply
p133,2049,0.50981392,0.48580437000000004,0.34269669,0.40190376,ISNE,AEO2026 Low Oil and Gas Supply
p133,2050,0.5220295,0.49731441,0.34856491,0.40918788999999994,ISNE,AEO2026 Low Oil and Gas Supply
p134,2014,0.27836468,0.23740101,0.19512485999999998,0.22684946,ISNE,AEO2026 Low Oil and Gas Supply
p134,2015,0.27836468,0.23740101,0.19512485999999998,0.22684946,ISNE,AEO2026 Low Oil and Gas Supply
p134,2016,0.27836468,0.23740101,0.19512485999999998,0.22684946,ISNE,AEO2026 Low Oil and Gas Supply
p134,2017,0.27836468,0.23740101,0.19512485999999998,0.22684946,ISNE,AEO2026 Low Oil and Gas Supply
p134,2018,0.27836468,0.23740101,0.19512485999999998,0.22684946,ISNE,AEO2026 Low Oil and Gas Supply
p134,2019,0.27836468,0.23740101,0.19512485999999998,0.22684946,ISNE,AEO2026 Low Oil and Gas Supply
p134,2020,0.27836468,0.23740101,0.19512485999999998,0.22684946,ISNE,AEO2026 Low Oil and Gas Supply
p134,2021,0.27836468,0.23740101,0.19512485999999998,0.22684946,ISNE,AEO2026 Low Oil and Gas Supply
p134,2022,0.27836468,0.23740101,0.19512485999999998,0.22684946,ISNE,AEO2026 Low Oil and Gas Supply
p134,2023,0.27836468,0.23740101,0.19512485999999998,0.22684946,ISNE,AEO2026 Low Oil and Gas Supply
p134,2024,0.27836468,0.23740101,0.19512485999999998,0.22684946,ISNE,AEO2026 Low Oil and Gas Supply
p134,2025,0.27836468,0.23740101,0.19512485999999998,0.22684946,ISNE,AEO2026 Low Oil and Gas Supply
p134,2026,0.28655237,0.2502758,0.20239485,0.23481451,ISNE,AEO2026 Low Oil and Gas Supply
p134,2027,0.28802114,0.25053232000000003,0.19794478999999998,0.2302187,ISNE,AEO2026 Low Oil and Gas Supply
p134,2028,0.28968401,0.25277441,0.19706790999999999,0.23035737999999997,ISNE,AEO2026 Low Oil and Gas Supply
p134,2029,0.30383382999999997,0.26859563999999997,0.20907328,0.24344666,ISNE,AEO2026 Low Oil and Gas Supply
p134,2030,0.31081291,0.27588097,0.21341543000000002,0.24919285,ISNE,AEO2026 Low Oil and Gas Supply
p134,2031,0.31500042,0.28101934,0.21567242,0.2526577,ISNE,AEO2026 Low Oil and Gas Supply
p134,2032,0.32831837,0.29766203,0.22723880999999999,0.26497957,ISNE,AEO2026 Low Oil and Gas Supply
p134,2033,0.33716373,0.30772177,0.23467394,0.27347561,ISNE,AEO2026 Low Oil and Gas Supply
p134,2034,0.34249722,0.31393763,0.23842358,0.27826252,ISNE,AEO2026 Low Oil and Gas Supply
p134,2035,0.34929401,0.32167709,0.24362068,0.28446665,ISNE,AEO2026 Low Oil and Gas Supply
p134,2036,0.35701701999999996,0.32997962999999997,0.24943863,0.29139761,ISNE,AEO2026 Low Oil and Gas Supply
p134,2037,0.36499434999999997,0.3384959,0.25484665,0.29790964,ISNE,AEO2026 Low Oil and Gas Supply
p134,2038,0.37625473,0.35544415,0.26179869,0.30552828000000004,ISNE,AEO2026 Low Oil and Gas Supply
p134,2039,0.38135605,0.36129925,0.26368057,0.30866884,ISNE,AEO2026 Low Oil and Gas Supply
p134,2040,0.38971573,0.36995911,0.26873283000000003,0.31508127,ISNE,AEO2026 Low Oil and Gas Supply
p134,2041,0.4016153,0.38243301,0.27683652999999997,0.32459221,ISNE,AEO2026 Low Oil and Gas Supply
p134,2042,0.41540615000000003,0.39644863,0.28662529,0.33590054,ISNE,AEO2026 Low Oil and Gas Supply
p134,2043,0.42879738,0.41017612,0.29561041,0.34666386000000005,ISNE,AEO2026 Low Oil and Gas Supply
p134,2044,0.44093227,0.42130413,0.30264261000000003,0.35504219,ISNE,AEO2026 Low Oil and Gas Supply
p134,2045,0.453162,0.43198647,0.30943041,0.36313957,ISNE,AEO2026 Low Oil and Gas Supply
p134,2046,0.46762348000000004,0.44565273,0.31832705,0.37329642999999996,ISNE,AEO2026 Low Oil and Gas Supply
p134,2047,0.48179985000000003,0.45918327,0.32658465999999997,0.38292358,ISNE,AEO2026 Low Oil and Gas Supply
p134,2048,0.49574436,0.47300331,0.33430553,0.39204025000000003,ISNE,AEO2026 Low Oil and Gas Supply
p134,2049,0.50981392,0.48580437000000004,0.34269669,0.40190376,ISNE,AEO2026 Low Oil and Gas Supply
p134,2050,0.5220295,0.49731441,0.34856491,0.40918788999999994,ISNE,AEO2026 Low Oil and Gas Supply
